ticker,entry_date,spread_type,short_strike,long_strike,model_credit,vendor_mid,mdl_over_mid,ba_pct,bps,split_win,bad_quote,pnl_per_contract,_outcome
FCX,2021-01-04,bull_put,27.5,27.0,0.2739,0.265,1.0335849056603772,0.1301775147928994,15.798220262883868,True,False,27.389999999999997,WIN
JNJ,2021-01-04,bull_put,157.5,155.0,1.2337,1.235,0.9989473684210526,0.0779220779220778,9.062980953365344,False,False,123.37,WIN
SBUX,2021-01-04,bull_put,104.0,103.0,0.5415,0.51,1.061764705882353,0.10242587601078164,5.4241338563523325,False,False,54.15,WIN
BDX,2021-01-04,bull_put,252.5,250.0,1.3029,2.15,0.606,0.6666666666666666,4.924229463882345,False,True,130.29,WIN
INTC,2021-01-04,bull_put,50.0,49.5,0.2664,0.26,1.0246153846153847,0.05405405405405398,3.378331577142427,False,False,26.640000000000004,WIN
AAPL,2021-01-04,bull_put,130.0,129.0,0.4863,0.285,1.7063157894736845,0.30927835051546393,2.716806855572135,True,True,48.63,WIN
BMY,2021-01-05,bull_put,62.0,61.0,0.5006,0.52,0.9626923076923077,0.05504587155963307,2.177918705540123,False,False,50.06,WIN
AAPL,2021-01-05,bull_put,132.0,131.0,0.5407,0.53,1.0201886792452828,0.016194331983805682,2.129562661339559,True,False,54.06999999999999,WIN
KO,2021-01-05,bull_put,52.5,52.0,0.2769,0.255,1.0858823529411763,0.060606060606060656,2.091223845020655,False,False,-22.31,LOSS
MCD,2021-01-05,bull_put,212.5,210.0,1.1532,1.155,0.9984415584415585,0.054507337526205596,1.6580305193548914,False,False,115.32,WIN
IBM,2021-01-05,bull_put,127.0,126.0,0.5521,0.53,1.0416981132075471,0.03260869565217394,1.4475453534420093,False,False,55.21,WIN
HD,2021-01-05,bull_put,267.5,265.0,1.2434,1.495,0.831705685618729,0.2535211267605634,0.5822799090065187,False,False,124.34,WIN
ISRG,2021-01-06,bull_put,795.0,792.5,1.2999,1.0,1.2999,0.14857142857142866,-0.0010209667215064955,False,True,129.99,WIN
CSX,2021-01-06,bull_put,92.0,91.5,0.2531,0.28,0.9039285714285713,0.24528301886792442,0.008351523717676912,False,False,25.31,WIN
SO,2021-01-06,bull_put,61.5,61.0,0.2404,0.195,1.2328205128205127,0.42016806722689076,0.254902667340315,False,False,24.04,WIN
JPM,2021-01-06,bull_put,132.0,131.0,0.4654,0.465,1.0008602150537633,0.03846153846153849,1.1422644387858878,False,False,46.54,WIN
IBM,2021-01-06,bull_put,130.0,129.0,0.5366,0.56,0.9582142857142856,0.08000000000000007,3.2746160451278787,False,False,-46.339999999999996,LOSS
IWM,2021-01-06,bull_put,205.0,204.0,0.496,0.44,1.1272727272727272,0.017391304347826025,1.0023118453259863,False,False,49.6,WIN
MDT,2021-01-07,bull_put,119.0,118.0,0.5733,0.395,1.4513924050632911,0.17142857142857143,106.06048058812108,False,True,57.330000000000005,WIN
AAPL,2021-01-07,bull_put,131.0,130.0,0.456,0.475,0.9600000000000001,0.03603603603603587,28.802431127879768,True,False,45.6,WIN
AVGO,2021-01-07,bull_put,445.0,442.5,1.2371,1.225,1.009877551020408,0.10810810810810807,3.052936516099356,False,False,123.71000000000001,WIN
GM,2021-01-07,bull_put,43.5,43.0,0.2309,0.235,0.9825531914893617,0.08888888888888885,2.6536086002927046,False,False,-20.909999999999773,PARTIAL
NFLX,2021-01-07,bull_put,510.0,507.5,1.3148,1.315,0.9998479087452472,0.10285714285714269,2.2704507975525563,False,False,131.48,WIN
NVDA,2021-01-07,bull_put,535.0,532.5,1.2879,1.3,0.9906923076923076,0.0682926829268292,2.213839071660563,False,False,-121.21,LOSS
LOW,2021-01-11,bull_put,167.5,165.0,1.1862,1.185,1.001012658227848,0.035363457760314285,2.6132774745939593,False,False,118.61999999999999,WIN
IBM,2021-01-11,bull_put,129.0,128.0,0.5235,0.465,1.1258064516129032,0.05750798722044734,1.2788495046277848,False,False,-8.650000000001368,PARTIAL
ZTS,2021-01-11,bull_put,170.0,167.5,1.2234,1.15,1.063826086956522,0.25,3.7324237764826957,False,False,-127.66,LOSS
JNJ,2021-01-11,bull_put,160.0,157.5,1.2028,-0.295,-4.0772881355932205,0.40740740740740744,35.85243618493227,False,True,120.28000000000002,WIN
TXN,2021-01-11,bull_put,172.5,170.0,1.3033,1.23,1.0595934959349593,0.21714285714285725,15.050362482275101,False,False,-119.67000000000002,LOSS
PFE,2021-01-11,bull_put,38.0,37.5,0.279,0.28,0.9964285714285714,0.09375000000000008,9.591195548347697,False,False,-22.1,LOSS
CME,2021-01-12,bull_put,202.5,200.0,1.3124,1.25,1.04992,0.23076923076923084,14.911324734699903,False,False,-118.76,LOSS
HD,2021-01-12,bull_put,277.5,275.0,1.2257,1.18,1.038728813559322,0.0495867768595041,10.830062280689269,False,False,-68.4300000000025,PARTIAL
GM,2021-01-12,bull_put,48.0,47.5,0.2858,0.245,1.166530612244898,0.03703703703703707,4.9174681436967695,False,False,28.58,WIN
INTC,2021-01-12,bull_put,53.5,53.0,0.2524,0.26,0.9707692307692308,0.04494382022471914,4.161147874780054,False,False,25.240000000000002,WIN
LOW,2021-01-12,bull_put,170.0,167.5,1.1817,1.2,0.98475,0.04444444444444429,4.151124637456304,False,False,118.17,WIN
AAPL,2021-01-12,bull_put,129.0,128.0,0.467,0.48,0.9729166666666668,0.03157894736842096,3.1126720923940088,True,False,-53.300000000000004,LOSS
MS,2021-01-13,bull_put,76.0,75.0,0.5103,0.51,1.0005882352941176,0.04739336492890999,0.6776857244651656,False,False,-24.970000000000514,PARTIAL
MDT,2021-01-13,bull_put,119.0,118.0,0.4744,0.48,0.9883333333333334,0.0990099009900991,2.5800636733102835,False,False,-52.559999999999995,LOSS
MA,2021-01-13,bull_put,347.5,345.0,1.215,1.13,1.0752212389380533,0.09856915739268668,12.90221514124501,False,False,-128.5,LOSS
HD,2021-01-13,bull_put,275.0,272.5,1.1346,1.145,0.9909170305676857,0.0756302521008404,14.019929175948223,False,False,113.46000000000001,WIN
GM,2021-01-13,bull_put,49.0,48.0,0.5003,0.525,0.9529523809523809,0.041666666666666706,188.39668063048813,False,False,50.029999999999994,WIN
INTC,2021-01-13,bull_put,57.5,57.0,0.3243,0.295,1.099322033898305,0.035398230088495415,50.44199101840826,False,False,32.43,WIN
GM,2021-01-14,bull_put,52.0,51.0,0.5398,0.56,0.9639285714285712,0.04975124378109458,37.200091372666655,False,False,-46.02,LOSS
PM,2021-01-14,bull_put,81.5,81.0,0.279,0.275,1.0145454545454546,0.6176470588235295,4.526725590788082,False,True,-22.1,LOSS
MS,2021-01-14,bull_put,77.0,76.0,0.5188,0.535,0.9697196261682243,0.049586776859504175,1.182004521374773,False,False,-48.120000000000005,LOSS
GS,2021-01-14,bull_put,310.0,307.5,1.4947,1.425,1.0489122807017544,0.0652173913043478,0.5779375366805913,False,False,-100.53,LOSS
QQQ,2021-01-14,bull_put,315.0,314.0,0.4783,0.455,1.051208791208791,0.03191489361702119,0.31629922531279975,False,False,-52.17,LOSS
DE,2021-01-14,bull_put,305.0,302.5,1.4131,1.05,1.3458095238095238,0.42902208201892744,-0.05759650246103882,False,True,-108.69,LOSS
AAPL,2021-01-19,bull_put,128.0,127.0,0.4603,0.49,0.9393877551020408,0.04472843450479237,9.419662328614779,True,False,46.03,WIN
MCD,2021-01-19,bull_put,210.0,207.5,1.1333,1.12,1.0118749999999999,0.051546391752577365,10.702189794883711,False,False,113.33,WIN
GILD,2021-01-19,bull_put,67.5,67.0,0.3032,0.3,1.0106666666666668,0.040000000000000036,9.65290073934918,False,False,-19.68,LOSS
GM,2021-01-19,bull_put,55.0,54.0,0.4981,0.515,0.9671844660194174,0.04316546762589916,48.35087189049873,False,False,49.81,WIN
TXN,2021-01-19,bull_put,175.0,172.5,1.1346,1.14,0.995263157894737,0.10430839002267572,21.94266485317767,False,False,-105.53999999999976,PARTIAL
ADP,2021-01-19,bull_put,162.5,160.0,1.2678,1.0,1.2678,0.14084507042253522,77.48007215208423,False,True,37.38999999999949,PARTIAL
GM,2021-01-20,bull_put,56.0,55.0,0.4653,0.48,0.969375,0.06521739130434777,24.46973752400399,False,False,-13.470000000000143,PARTIAL
MSFT,2021-01-20,bull_put,225.0,222.5,1.1369,1.15,0.988608695652174,0.10526315789473685,2.7998189568404683,False,False,113.69,WIN
PYPL,2021-01-20,bull_put,245.0,242.5,1.1701,1.195,0.9791631799163178,0.058823529411764615,1.3372018281148808,False,False,117.00999999999999,WIN
SBUX,2021-01-20,bull_put,106.0,105.0,0.5272,0.515,1.0236893203883495,0.07079646017699102,0.8441287229630685,False,False,-47.28,LOSS
BAC,2021-01-20,bull_put,32.5,32.0,0.2397,0.24,0.99875,0.07792207792207799,0.8199642699358654,False,False,-26.029999999999998,LOSS
IWM,2021-01-20,bull_put,215.0,214.0,0.4947,0.44,1.1243181818181818,0.027522935779816543,0.3691949999130087,False,False,24.735,PARTIAL
AXP,2021-01-21,bull_put,128.0,127.0,0.5191,0.53,0.9794339622641509,0.049586776859504175,-1.071230016355703,False,False,-48.089999999999996,LOSS
NOW,2021-01-21,bull_put,545.0,542.5,1.1484,1.125,1.0208000000000002,0.14634146341463428,-0.17606046830832303,False,False,-135.16,LOSS
IWM,2021-01-21,bull_put,213.0,212.5,0.2608,0.235,1.1097872340425532,0.013986013986014,0.06674002001299578,False,False,26.08,WIN
NVDA,2021-01-21,bull_put,557.5,555.0,1.4453,1.55,0.9324516129032258,0.0800000000000001,0.1732645901021583,False,False,-105.47,LOSS
QQQ,2021-01-21,bull_put,327.0,326.0,0.4943,0.49,1.0087755102040816,0.012903225806451623,4.150711163635002,False,False,-50.57000000000001,LOSS
AAPL,2021-01-21,bull_put,137.0,136.0,0.4597,0.485,0.9478350515463918,0.0677966101694916,26.552090936742577,True,False,45.97,WIN
ADI,2021-01-25,bull_put,155.0,152.5,1.4766,0.9,1.6406666666666665,0.09836065573770501,35.264334849500266,False,True,-102.34,LOSS
LOW,2021-01-25,bull_put,175.0,172.5,1.2147,1.16,1.047155172413793,0.05204460966542739,19.95937604739076,False,False,-128.53,LOSS
F,2021-01-25,bull_put,11.5,11.0,0.2755,0.28,0.9839285714285714,0.019417475728155355,6.034740305984025,False,False,-22.45,LOSS
KO,2021-01-25,bull_put,49.0,48.5,0.2419,0.245,0.9873469387755103,0.07017543859649109,2.1415313592355014,False,False,-25.81,LOSS
QCOM,2021-01-25,bull_put,165.0,162.5,1.195,1.155,1.0346320346320346,0.06779661016949143,1.407889676819894,False,False,-130.5,LOSS
IBM,2021-01-25,bull_put,119.0,118.0,0.5018,0.505,0.9936633663366337,0.06172839506172831,1.123840152783512,False,False,50.18,WIN
DE,2021-01-26,bull_put,297.5,295.0,1.3138,1.49,0.8817449664429531,0.1257142857142859,2.408389192504353,False,False,-118.61999999999999,LOSS
PEP,2021-01-26,bull_put,142.0,141.0,0.4515,0.43,1.05,0.11063829787234034,3.68146431922138,False,False,-54.85,LOSS
IBM,2021-01-26,bull_put,123.0,122.0,0.5178,0.445,1.1635955056179776,0.3170731707317073,0.9547446052915527,False,False,-48.22,LOSS
BDX,2021-01-26,bull_put,260.0,257.5,1.3522,2.3,0.5879130434782609,0.5747126436781609,7.399014171084858,False,True,135.22,WIN
KO,2021-01-26,bull_put,49.5,49.0,0.2434,0.24,1.0141666666666667,0.12612612612612606,9.559943072187801,False,False,-25.66,LOSS
UPS,2021-01-26,bull_put,162.5,160.0,1.2324,1.24,0.9938709677419354,0.05957446808510645,6.5775127994616795,False,False,-126.76,LOSS
CSCO,2021-01-27,bull_put,46.0,45.5,0.2701,0.27,1.0003703703703704,0.1353383458646616,9.225538317651353,False,False,-22.99,LOSS
MMM,2021-01-27,bull_put,187.5,185.0,1.1637,1.06,1.0978301886792452,0.10338680926916222,5.0862667044768965,False,False,-133.63,LOSS
BDX,2021-01-27,bull_put,252.5,250.0,1.2621,1.7,0.7424117647058823,0.21052631578947376,0.10116662970207112,False,False,126.21,WIN
IBM,2021-01-27,bull_put,123.0,122.0,0.5254,0.46,1.1421739130434783,0.9411764705882354,0.036484490236651325,False,True,-47.46,LOSS
SPY,2021-01-27,bull_put,376.0,375.0,0.5375,0.46,1.1684782608695652,0.018386108273748876,-0.013983757364379604,False,False,-46.25,LOSS
BLK,2021-01-27,bull_put,702.5,700.0,1.3567,0.9,1.5074444444444444,0.16,-0.02180212744744844,False,True,5.834999999999546,PARTIAL
NOW,2021-01-28,bull_put,557.5,555.0,1.3966,1.8,0.7758888888888889,0.3733333333333334,2.0395946054469207,False,False,-110.33999999999999,LOSS
ZTS,2021-01-28,bull_put,157.5,155.0,1.2316,-1.475,-0.8349830508474576,1.5789473684210527,20.880981660536023,False,True,-126.84,LOSS
PM,2021-01-28,bull_put,81.5,81.0,0.2557,0.27,0.9470370370370369,0.5977011494252873,0.42150972331598185,False,True,-24.43,LOSS
MSFT,2021-01-28,bull_put,240.0,237.5,1.2087,1.255,0.9631075697211157,0.23655913978494633,30.262230092510062,False,False,-129.13,LOSS
ABT,2021-01-28,bull_put,121.0,120.0,0.5581,-0.055,-10.147272727272728,1.634703196347032,49.19115599071959,False,True,55.81,WIN
FCX,2021-01-28,bull_put,28.0,27.5,0.2495,0.27,0.924074074074074,0.09009009009008997,22.878649967485945,True,False,-25.05,LOSS
MO,2021-02-01,bull_put,41.0,40.5,0.2465,0.235,1.048936170212766,0.13333333333333325,2.4177204259371807,False,False,24.65,WIN
V,2021-02-01,bull_put,200.0,197.5,1.2565,1.09,1.1527522935779815,0.1812596006144393,2.5317555409738928,False,False,125.64999999999999,WIN
GM,2021-02-01,bull_put,52.0,51.0,0.5321,0.555,0.9587387387387387,0.09900990099009908,1.9749863166725317,False,False,53.21,WIN
ADP,2021-02-01,bull_put,167.5,165.0,1.2616,1.425,0.8853333333333333,0.27522935779816515,10.403551131918173,False,False,52.08000000000006,PARTIAL
FCX,2021-02-01,bull_put,28.5,28.0,0.2567,0.27,0.9507407407407407,0.09195402298850583,13.842150029483747,True,False,25.669999999999998,WIN
IBM,2021-02-01,bull_put,121.0,120.0,0.4942,0.47,1.0514893617021277,0.12688821752265858,4.91895608284803,False,False,49.419999999999995,WIN
JNJ,2021-02-02,bull_put,162.5,160.0,1.29,1.32,0.9772727272727273,0.07729468599033813,21.044714583313326,False,False,129.0,WIN
ACN,2021-02-02,bull_put,250.0,247.5,1.1889,1.525,0.7796065573770493,0.14285714285714282,7.535216415540757,False,False,118.89,WIN
LOW,2021-02-02,bull_put,167.5,165.0,1.1482,1.075,1.0680930232558141,0.10574712643678161,6.579649323784733,False,False,114.82000000000001,WIN
USB,2021-02-02,bull_put,44.5,44.0,0.2444,0.255,0.9584313725490197,0.1904761904761905,4.800568531845588,False,False,24.44,WIN
SCHW,2021-02-02,bull_put,55.0,54.5,0.2957,0.1,2.957,0.23300970873786395,2.0373950263729035,False,True,29.57,WIN
EOG,2021-02-02,bull_put,51.5,51.0,0.2443,0.265,0.9218867924528301,0.21487603305785125,0.3811164508069402,True,False,24.43,WIN
ISRG,2021-02-03,bull_put,747.5,745.0,1.2878,3.15,0.40882539682539687,0.5333333333333334,0.03821179231086794,False,True,128.78,WIN
NVDA,2021-02-03,bull_put,542.5,540.0,1.2698,1.45,0.8757241379310345,0.07518796992481203,0.014368777174032137,False,False,126.98,WIN
NFLX,2021-02-03,bull_put,542.5,540.0,1.3732,1.475,0.9309830508474576,0.15916955017301032,0.06606022982935755,False,False,137.32,WIN
FCX,2021-02-03,bull_put,29.5,29.0,0.2634,0.275,0.9578181818181818,0.10526315789473677,7.440714428779053,True,False,26.340000000000003,WIN
VRTX,2021-02-03,bull_put,212.5,210.0,1.3238,1.825,0.7253698630136987,0.47272727272727266,8.470304502334162,False,False,132.38,WIN
EOG,2021-02-03,bull_put,56.0,55.5,0.2464,0.345,0.7142028985507247,0.3842364532019705,0.09915588430053106,True,False,24.64,WIN
SO,2021-02-04,bull_put,60.5,60.0,0.2733,0.16,1.708125,0.18750000000000003,109.87777332455742,False,True,27.33,WIN
VRTX,2021-02-04,bull_put,215.0,212.5,1.4416,1.775,0.812169014084507,1.089655172413793,65.58788991452657,False,True,144.16,WIN
ORCL,2021-02-04,bull_put,63.5,63.0,0.2563,0.23,1.1143478260869564,0.37037037037037024,42.542451469782776,False,False,25.629999999999995,WIN
QQQ,2021-02-04,bull_put,331.0,330.0,0.4901,0.455,1.077142857142857,0.0061162079510703425,1.8469824023365893,False,False,49.01,WIN
FCX,2021-02-04,bull_put,30.0,29.5,0.2385,0.245,0.9734693877551021,0.13636363636363638,1.1378190554629848,True,False,23.849999999999998,WIN
NVDA,2021-02-04,bull_put,547.5,545.0,1.3138,1.335,0.984119850187266,0.2682926829268294,0.6458519553962726,False,False,-118.61999999999999,LOSS
BDX,2021-02-08,bull_put,257.5,255.0,1.2408,1.275,0.9731764705882353,0.9850746268656716,21.419949171470478,False,True,3.039999999999654,PARTIAL
INTC,2021-02-08,bull_put,59.5,59.0,0.2723,0.275,0.990181818181818,0.08888888888888885,7.092735395789567,False,False,27.229999999999997,WIN
SBUX,2021-02-08,bull_put,107.0,106.0,0.5776,0.565,1.0223008849557522,0.14012738853503184,8.56158290274528,False,False,-42.24,LOSS
PNC,2021-02-08,bull_put,160.0,157.5,1.4257,1.175,1.2133617021276595,0.12499999999999993,105.84469633539149,False,False,142.57,WIN
HON,2021-02-08,bull_put,205.0,202.5,1.3583,1.17,1.160940170940171,0.16470588235294115,26.816344214508444,False,False,-7.170000000000676,PARTIAL
LOW,2021-02-08,bull_put,180.0,177.5,1.1859,1.17,1.0135897435897436,0.15711252653927818,38.73156264575481,False,False,-131.41,LOSS
MSFT,2021-02-09,bull_put,245.0,242.5,1.2336,1.3,0.9489230769230769,0.11808118081180823,1.0657083467747022,False,False,61.180000000000454,PARTIAL
QCOM,2021-02-09,bull_put,147.0,146.0,0.5737,0.64,0.89640625,0.18181818181818177,0.22019965633514751,False,False,57.37,WIN
VRTX,2021-02-09,bull_put,215.0,212.5,1.3279,1.8,0.7377222222222223,0.7222222222222223,1.6810893114359415,False,True,15.394999999999492,PARTIAL
F,2021-02-09,bull_put,12.0,11.5,0.2314,0.22,1.0518181818181818,0.10169491525423717,19.855056398281,False,False,-26.86,LOSS
BDX,2021-02-09,bull_put,255.0,252.5,1.1677,1.2,0.9730833333333333,0.21428571428571433,7.5046540034402245,False,False,116.77,WIN
PG,2021-02-09,bull_put,129.0,128.0,0.469,0.44,1.065909090909091,0.07329842931937167,4.141732961456817,False,False,-53.1,LOSS
FCX,2021-02-10,bull_put,31.5,31.0,0.25,0.275,0.9090909090909091,0.20408163265306123,9.48474038761853,True,False,-1.9999999999999574,PARTIAL
PM,2021-02-10,bull_put,86.0,85.5,0.2408,-0.085,-2.832941176470588,0.4844720496894411,7.999455957688503,False,True,24.08,WIN
CRM,2021-02-10,bull_put,237.5,235.0,1.2885,1.365,0.9439560439560439,0.19718309859154917,17.90117844224294,True,False,128.85,WIN
AAPL,2021-02-10,bull_put,136.0,135.0,0.5152,0.515,1.0003883495145631,0.04285714285714274,20.576099297342363,True,False,-11.479999999999546,PARTIAL
INTC,2021-02-10,bull_put,59.0,58.5,0.2416,0.24,1.0066666666666668,0.17886178861788615,37.0192636924844,False,False,24.16,WIN
MRK,2021-02-10,bull_put,75.0,74.0,0.4507,0.42,1.073095238095238,0.5511811023622047,74.10028438677217,False,True,22.535,PARTIAL
BLK,2021-02-11,bull_put,722.5,720.0,1.2097,0.9,1.344111111111111,0.6835443037974682,1.2618241936748318,False,True,120.97,WIN
IWM,2021-02-11,bull_put,227.0,226.0,0.4779,0.395,1.209873417721519,0.08695652173913038,0.45683312657512704,False,False,47.79,WIN
NOW,2021-02-11,bull_put,595.0,592.5,1.3249,1.3,1.019153846153846,0.318181818181818,1.6323187878706495,False,False,-117.51,LOSS
QQQ,2021-02-11,bull_put,335.0,334.0,0.4796,0.405,1.1841975308641974,0.04713804713804719,6.674444303198298,False,False,47.96,WIN
SPY,2021-02-11,bull_put,391.0,390.0,0.4663,0.42,1.1102380952380952,0.0142857142857143,3.180503471995942,False,False,46.63,WIN
AVGO,2021-02-11,bull_put,480.0,477.5,1.2954,0.8,1.61925,0.5066666666666667,1.8014890648555004,False,True,129.54000000000002,WIN
BAC,2021-02-16,bull_put,34.5,34.0,0.2538,0.255,0.9952941176470589,0.08000000000000007,37.37862761035882,False,False,25.380000000000003,WIN
SCHW,2021-02-16,bull_put,61.5,60.5,0.5595,0.675,0.8288888888888888,0.23529411764705885,24.713143599521995,False,False,55.95,WIN
AAPL,2021-02-16,bull_put,134.0,133.0,0.5425,0.525,1.0333333333333332,0.034285714285714315,14.212850990339152,True,False,-45.75,LOSS
FCX,2021-02-16,bull_put,33.0,32.5,0.2356,0.24,0.9816666666666667,0.0680272108843538,9.187459671483028,True,False,23.56,WIN
EOG,2021-02-16,bull_put,63.5,62.5,0.5132,0.505,1.0162376237623763,0.09771986970684046,8.701913633885754,True,False,-47.6800000000002,PARTIAL
MA,2021-02-16,bull_put,342.5,340.0,1.3189,1.31,1.0067938931297709,0.10256410256410244,4.641398071642972,False,False,-118.11,LOSS
BDX,2021-02-17,bull_put,257.5,255.0,1.2276,0.775,1.584,0.8421052631578947,55.8820927667455,False,True,-127.24,LOSS
FCX,2021-02-17,bull_put,34.5,34.0,0.2812,0.26,1.0815384615384616,0.17283950617283952,2.615878389182062,True,False,28.12,WIN
CVX,2021-02-17,bull_put,96.0,95.5,0.2352,0.24,0.98,0.10526315789473682,0.34471655844765425,False,False,1.7599999999998575,PARTIAL
SPY,2021-02-17,bull_put,393.0,392.0,0.5057,0.465,1.0875268817204302,0.01010101010101011,0.1618946875873304,False,False,-49.43,LOSS
QQQ,2021-02-17,bull_put,335.0,334.0,0.5471,0.51,1.0727450980392157,0.03402646502835533,-0.0028453256621153297,False,False,-45.29,LOSS
IWM,2021-02-17,bull_put,225.0,224.0,0.5345,0.5,1.069,0.016260162601626032,-0.06262691767236972,False,False,53.449999999999996,WIN
NFLX,2021-02-18,bull_put,550.0,547.5,1.3216,2.27,0.5822026431718063,0.23655913978494633,-0.6191566983757371,False,False,-117.83999999999999,LOSS
AVGO,2021-02-18,bull_put,485.0,482.5,1.2903,1.325,0.973811320754717,0.43037974683544294,-0.26208494941582083,False,False,129.03,WIN
EOG,2021-02-18,bull_put,61.0,60.5,0.277,0.37,0.7486486486486488,0.3092783505154641,-0.48961351721639745,True,False,27.700000000000003,WIN
DE,2021-02-18,bull_put,302.5,300.0,1.3648,0.725,1.8824827586206898,0.4246575342465753,-0.09973368192865766,False,True,136.48,WIN
ITW,2021-02-18,bull_put,200.0,197.5,1.4133,0.65,2.1743076923076923,0.30508474576271183,90.41344134273349,False,True,141.33,WIN
QQQ,2021-02-18,bull_put,333.0,332.0,0.4789,0.445,1.0761797752808988,0.036144578313253045,-0.2596708487324217,False,False,-52.11,LOSS
FCX,2021-02-22,bull_put,38.5,38.0,0.2818,0.285,0.9887719298245615,0.08835341365461855,0.4889731605129349,True,False,-21.82,LOSS
AAPL,2021-02-22,bull_put,127.0,126.0,0.5205,0.565,0.9212389380530973,0.04255319148936175,0.9345878050437659,True,False,-47.949999999999996,LOSS
CAT,2021-02-22,bull_put,220.0,217.5,1.3549,1.42,0.9541549295774648,0.07228915662650598,1.065657942655063,False,False,-114.51,LOSS
BDX,2021-02-22,bull_put,247.5,245.0,1.2379,1.25,0.99032,0.17054263565891467,5.764390450808909,False,False,-126.21,LOSS
USB,2021-02-22,bull_put,51.0,50.5,0.2699,0.335,0.8056716417910447,0.31292517006802717,4.450523945019269,False,False,-23.01,LOSS
SCHW,2021-02-22,bull_put,63.5,63.0,0.2894,0.21,1.378095238095238,0.4253393665158372,1.565649276353928,False,True,-21.060000000000002,LOSS
SBUX,2021-02-23,bull_put,102.0,101.0,0.501,0.51,0.9823529411764705,0.08239700374531826,13.252307130576577,False,False,50.1,WIN
CVX,2021-02-23,bull_put,100.0,99.0,0.4863,0.47,1.03468085106383,0.11683848797250854,0.9206490449371211,False,False,24.315,PARTIAL
SCHW,2021-02-23,bull_put,63.0,62.5,0.271,0.185,1.464864864864865,0.6220095693779906,0.7049378413391035,False,True,-22.900000000000002,LOSS
AAPL,2021-02-23,bull_put,127.0,126.0,0.5463,0.53,1.030754716981132,0.042372881355932236,0.6709363560615338,True,False,-45.37,LOSS
MA,2021-02-23,bull_put,352.5,350.0,1.3401,2.05,0.6537073170731709,0.3372549019607844,0.23997743017593856,False,False,134.01000000000002,WIN
GS,2021-02-23,bull_put,320.0,317.5,1.2127,1.33,0.9118045112781954,0.10909090909090903,0.20115007593017412,False,False,34.6350000000009,PARTIAL
TSLA,2021-02-24,bull_put,747.5,745.0,1.3105,1.55,0.8454838709677419,0.046242774566474035,-0.0009087115482640266,True,False,-118.95,LOSS
BLK,2021-02-24,bull_put,715.0,712.5,1.3726,1.25,1.09808,0.20000000000000004,0.018962464287208474,False,False,-112.74,LOSS
ISRG,2021-02-24,bull_put,762.5,760.0,1.3436,1.15,1.1683478260869564,0.4154589371980677,0.020028828984142898,False,False,-115.64000000000001,LOSS
PYPL,2021-02-24,bull_put,267.5,265.0,1.277,1.355,0.9424354243542435,0.06976744186046506,0.5536836276563305,False,False,-122.30000000000001,LOSS
AAPL,2021-02-24,bull_put,126.0,125.0,0.5176,0.495,1.0456565656565655,0.146031746031746,4.030275643615569,True,False,-48.24,LOSS
MA,2021-02-24,bull_put,370.0,367.5,1.3673,1.7,0.8042941176470588,0.1551724137931035,0.08906704455980616,False,False,-113.27000000000001,LOSS
MS,2021-02-25,bull_put,79.0,78.0,0.5106,0.525,0.9725714285714286,0.16216216216216212,2.073553886121541,False,False,-48.94,LOSS
BLK,2021-02-25,bull_put,697.5,695.0,1.3453,1.35,0.9965185185185184,0.1599999999999999,0.009797142123836143,False,False,-115.47,LOSS
ISRG,2021-02-25,bull_put,745.0,742.5,1.3658,2.15,0.6352558139534884,0.47342995169082125,-0.02718381214605693,False,False,-113.42000000000002,LOSS
NVDA,2021-02-25,bull_put,535.0,532.5,1.2824,0.825,1.5544242424242425,0.22222222222222232,-0.05900478201251813,False,True,128.24,WIN
QQQ,2021-02-25,bull_put,314.0,313.0,0.4624,0.405,1.1417283950617283,0.04227642276422775,-0.06447553655730162,False,False,46.239999999999995,WIN
NOW,2021-02-25,bull_put,530.0,527.5,1.1693,1.1,1.063,0.3606557377049181,-0.06832726106283615,False,False,116.93,WIN
AAPL,2021-03-01,bull_put,128.0,127.0,0.4658,0.465,1.0017204301075269,0.07999999999999995,6.589350745675561,True,False,-53.42,LOSS
XOM,2021-03-01,bull_put,57.0,56.0,0.5247,0.525,0.9994285714285714,0.056338028169014134,9.105240399706508,False,False,52.470000000000006,WIN
V,2021-03-01,bull_put,217.5,215.0,1.2131,1.16,1.0457758620689657,0.1366906474820145,14.457128119968774,False,False,-87.69000000000034,PARTIAL
BMY,2021-03-01,bull_put,62.0,61.0,0.4839,0.465,1.0406451612903225,0.12195121951219509,23.650326157932707,False,False,-51.61,LOSS
BDX,2021-03-01,bull_put,247.5,245.0,1.3029,0.95,1.3714736842105264,0.26865671641791045,27.596215213545513,False,True,12.64499999999943,PARTIAL
ADI,2021-03-01,bull_put,160.0,157.5,1.3548,1.35,1.0035555555555555,0.37837837837837834,16.884343953243995,False,False,-114.52,LOSS
AAPL,2021-03-02,bull_put,126.0,125.0,0.5152,0.485,1.0622680412371135,0.035264483627204066,4.099350142966737,True,False,-48.480000000000004,LOSS
MRK,2021-03-02,bull_put,73.0,72.5,0.2348,0.23,1.0208695652173914,0.2857142857142857,1.4285389391266716,False,False,23.48,WIN
PYPL,2021-03-02,bull_put,270.0,267.5,1.1889,1.175,1.0118297872340425,0.05181347150259067,0.18451623963631555,False,False,-131.10999999999999,LOSS
GS,2021-03-02,bull_put,332.5,330.0,1.2723,1.275,0.9978823529411766,0.09944751381215473,0.1445763485092951,False,False,-122.77,LOSS
USB,2021-03-02,bull_put,51.0,50.5,0.2644,0.265,0.9977358490566038,0.2962962962962964,0.06248069511305722,False,False,26.44,WIN
AXP,2021-03-02,bull_put,140.0,139.0,0.5422,0.56,0.9682142857142857,0.07291666666666662,0.011831896268820339,False,False,54.22,WIN
AAPL,2021-03-03,bull_put,123.0,122.0,0.5187,0.505,1.0271287128712872,0.03406326034063253,0.11245208353648885,True,False,-48.13,LOSS
ZTS,2021-03-03,bull_put,150.0,149.0,0.5883,1.275,0.4614117647058824,0.9401709401709403,0.11407149807330377,False,True,-41.17,LOSS
IBM,2021-03-03,bull_put,123.0,122.0,0.5074,0.435,1.1664367816091954,0.2255639097744361,0.298703390062925,False,False,16.869999999999912,PARTIAL
BDX,2021-03-03,bull_put,242.5,240.0,1.1326,0.8,1.41575,0.2857142857142858,1.687601023602749,False,True,113.26,WIN
ADP,2021-03-03,bull_put,175.0,172.5,1.2863,0.975,1.3192820512820513,0.34666666666666673,39.64641157308294,False,True,128.63,WIN
MRK,2021-03-03,bull_put,73.5,73.0,0.2463,0.205,1.2014634146341463,0.3589743589743589,0.45408180003584325,False,False,-12.370000000000456,PARTIAL
NVDA,2021-03-04,bull_put,497.5,495.0,1.3538,1.075,1.2593488372093022,0.24242424242424243,-0.025468498535877217,False,True,135.38,WIN
XOM,2021-03-04,bull_put,59.0,58.0,0.4577,0.44,1.0402272727272728,0.12499999999999997,5.901677437324244,False,False,45.769999999999996,WIN
CSX,2021-03-04,bull_put,88.5,88.0,0.256,0.215,1.1906976744186046,1.0044444444444443,0.025929828790776713,False,True,25.6,WIN
SPY,2021-03-04,bull_put,377.5,377.0,0.2424,0.245,0.9893877551020408,0.02376910016977923,-0.0067756207755481175,False,False,24.240000000000002,WIN
QQQ,2021-03-04,bull_put,305.0,304.0,0.4644,0.45,1.032,0.03246753246753249,-0.016063673965685303,False,False,46.44,WIN
PM,2021-03-04,bull_put,85.0,84.5,0.2658,0.055,4.832727272727272,0.9629629629629629,-0.08403922127923927,False,True,26.58,WIN
COST,2021-03-08,bull_put,312.5,310.0,1.2689,1.305,0.9723371647509579,0.23463687150837986,1.2160160358679495,False,False,126.88999999999999,WIN
VRTX,2021-03-08,bull_put,215.0,212.5,1.3369,0.975,1.3711794871794871,1.827751196172249,0.8971985975359262,False,True,33.345000000000624,PARTIAL
DIS,2021-03-08,bull_put,202.5,200.0,1.1741,1.145,1.025414847161572,0.10000000000000009,1.3562713808476425,False,False,-132.59,LOSS
PNC,2021-03-08,bull_put,180.0,177.5,1.2085,1.05,1.1509523809523807,0.29508196721311475,6.678607898938665,False,False,120.85,WIN
EOG,2021-03-08,bull_put,76.0,74.0,1.1261,1.09,1.033119266055046,0.2377622377622378,5.599336786892358,True,False,6.305000000000005,PARTIAL
SO,2021-03-08,bull_put,60.0,59.5,0.2733,0.23,1.1882608695652173,0.2641509433962265,4.197754996060936,False,False,5.66500000000017,PARTIAL
MSFT,2021-03-09,bull_put,235.0,232.5,1.2093,0.985,1.2277157360406092,0.1854304635761588,19.374225554184022,False,False,120.93,WIN
AAPL,2021-03-09,bull_put,122.0,121.0,0.5208,0.515,1.0112621359223302,0.018867924528301903,7.863427077337297,True,False,-44.91999999999988,PARTIAL
INTC,2021-03-09,bull_put,63.0,62.5,0.2574,0.255,1.0094117647058825,0.1320754716981131,4.761587545797101,False,False,7.86999999999993,PARTIAL
PYPL,2021-03-09,bull_put,242.5,240.0,1.1442,1.325,0.8635471698113208,0.16981132075471705,4.263198006457554,False,False,114.42000000000002,WIN
CRM,2021-03-09,bull_put,212.5,210.0,1.2423,0.945,1.3146031746031746,0.10852713178294578,2.613167445347884,True,True,47.61500000000039,PARTIAL
AVGO,2021-03-09,bull_put,445.0,442.5,1.2577,1.3,0.9674615384615385,0.2647058823529411,2.4402922252893506,False,False,125.77000000000001,WIN
CSCO,2021-03-10,bull_put,48.5,48.0,0.2438,0.235,1.0374468085106383,0.06185567010309284,57.48432103198157,False,False,24.38,WIN
F,2021-03-10,bull_put,13.0,12.5,0.2448,0.17,1.44,0.04444444444444448,33.192668745554926,False,True,24.48,WIN
USB,2021-03-10,bull_put,54.0,53.0,0.4925,0.385,1.2792207792207793,0.09677419354838718,26.86941022338344,False,True,49.25,WIN
INTC,2021-03-10,bull_put,62.5,62.0,0.2472,0.24,1.03,0.11764705882352937,5.370742506758677,False,False,24.72,WIN
COST,2021-03-10,bull_put,325.0,322.5,1.2068,0.84,1.4366666666666668,0.40963855421686746,1.0847124346123245,False,True,120.68,WIN
MDT,2021-03-10,bull_put,119.0,118.0,0.4602,0.91,0.5057142857142857,0.6967741935483871,0.11530331031010461,False,True,13.510000000000113,PARTIAL
NVDA,2021-03-11,bull_put,522.5,520.0,1.4231,1.375,1.0349818181818182,0.15767634854771787,3.618149472197983,False,False,-107.69,LOSS
PYPL,2021-03-11,bull_put,255.0,252.5,1.2796,1.275,1.003607843137255,0.09375000000000008,5.340629256457643,False,False,-122.03999999999999,LOSS
SPY,2021-03-11,bull_put,394.0,393.0,0.4992,0.485,1.029278350515464,0.012048192771084348,5.454544444884316,False,False,49.919999999999995,WIN
CSX,2021-03-11,bull_put,94.0,93.5,0.2702,0.25,1.0808,0.5263157894736842,9.803422534211188,False,True,6.009999999999716,PARTIAL
AVGO,2021-03-11,bull_put,455.0,452.5,1.3115,1.175,1.1161702127659574,0.9655172413793103,23.059025933649522,False,True,-118.85,LOSS
INTC,2021-03-11,bull_put,63.5,63.0,0.239,0.225,1.0622222222222222,0.111111111111111,8.061726264498821,False,False,-26.1,LOSS
GE,2021-03-15,bull_put,13.5,13.0,0.234,0.23,1.0173913043478262,0.02739726027397263,34.68872054060404,False,False,-4.599999999999935,PARTIAL
LOW,2021-03-15,bull_put,175.0,172.5,1.2063,1.115,1.0818834080717488,0.12345679012345691,16.596582573692526,False,False,120.63,WIN
PNC,2021-03-15,bull_put,180.0,177.5,1.4339,1.275,1.1246274509803922,0.25000000000000006,12.18230997394526,False,False,-106.61,LOSS
COST,2021-03-15,bull_put,332.5,330.0,1.5006,1.595,0.9408150470219435,0.4,8.848543562007476,False,False,-99.94,LOSS
HD,2021-03-15,bull_put,280.0,277.5,1.2672,1.33,0.9527819548872181,0.027397260273972626,4.4440752431089745,False,False,126.72000000000001,WIN
AAPL,2021-03-15,bull_put,125.0,124.0,0.5434,0.54,1.0062962962962962,0.029227557411273603,3.242057353853819,True,False,-45.660000000000004,LOSS
INTC,2021-03-16,bull_put,65.0,64.5,0.2434,0.26,0.9361538461538461,0.05347593582887693,0.1803045197097309,False,False,-25.66,LOSS
PFE,2021-03-16,bull_put,36.0,35.5,0.2336,0.24,0.9733333333333334,0.054054054054054106,0.15606377134218546,False,False,-23.639999999999887,PARTIAL
MA,2021-03-16,bull_put,385.0,382.5,1.4118,1.4,1.0084285714285715,0.12612612612612614,0.40849570795172463,False,False,-108.82000000000001,LOSS
SBUX,2021-03-16,bull_put,112.0,111.0,0.5343,0.54,0.9894444444444443,0.12328767123287668,3.6298990866629186,False,False,-46.57,LOSS
AAPL,2021-03-16,bull_put,126.0,125.0,0.4767,0.485,0.9828865979381444,0.041791044776119446,9.616015245711496,True,False,-52.33,LOSS
PYPL,2021-03-16,bull_put,250.0,247.5,1.17,1.63,0.7177914110429447,0.19354838709677408,0.8545869008075915,False,False,-133.0,LOSS
MCD,2021-03-17,bull_put,225.0,222.5,1.1299,1.075,1.0510697674418603,0.1859154929577464,176.04808415281462,False,False,-137.01000000000002,LOSS
LOW,2021-03-17,bull_put,175.0,172.5,1.1679,0.985,1.1856852791878172,0.14457831325301204,18.4713659353571,False,False,116.78999999999999,WIN
SCHW,2021-03-17,bull_put,66.0,65.5,0.2689,0.26,1.034230769230769,0.3597122302158274,1.257383385279414,False,False,26.889999999999997,WIN
PEP,2021-03-17,bull_put,134.0,133.0,0.4744,0.455,1.0426373626373626,0.17085427135678394,0.6508425444683699,False,False,47.44,WIN
GM,2021-03-17,bull_put,60.5,60.0,0.289,0.275,1.0509090909090908,0.07407407407407414,0.3770886548176879,False,False,-21.099999999999998,LOSS
INTC,2021-03-17,bull_put,66.0,65.5,0.2518,0.255,0.987450980392157,0.13836477987421383,0.2689572487678399,False,False,-24.82,LOSS
NVDA,2021-03-18,bull_put,510.0,507.5,1.1725,1.075,1.0906976744186048,0.11406844106463879,-0.12981990438506366,False,False,117.25000000000001,WIN
INTC,2021-03-18,bull_put,64.0,63.5,0.25,0.24,1.0416666666666667,0.13698630136986298,-0.18711663147389088,False,False,0.4999999999999005,PARTIAL
IWM,2021-03-18,bull_put,226.0,225.0,0.4645,0.405,1.1469135802469135,0.08866995073891633,-0.13371266968127493,False,False,46.45,WIN
NOW,2021-03-18,bull_put,467.5,465.0,1.2361,1.25,0.98888,0.11382113821138214,-0.11699969359866859,False,False,123.61,WIN
DE,2021-03-18,bull_put,382.5,380.0,1.4501,1.525,0.9508852459016394,0.26086956521739135,0.0018312961142245556,False,False,-104.99000000000001,LOSS
QQQ,2021-03-18,bull_put,313.0,312.0,0.4935,0.45,1.0966666666666667,0.0727272727272728,-0.12733541965609663,False,False,49.35,WIN
IBM,2021-03-22,bull_put,131.0,130.0,0.5181,0.51,1.0158823529411765,0.06349206349206354,0.8577579352515553,False,False,51.81,WIN
BDX,2021-03-22,bull_put,242.5,240.0,1.2673,1.4,0.9052142857142859,0.6229508196721312,25.549871319747353,False,True,126.73,WIN
AAPL,2021-03-22,bull_put,124.0,123.0,0.5,0.495,1.0101010101010102,0.05157593123209173,8.10391191877026,True,False,-50.0,LOSS
CSX,2021-03-22,bull_put,94.0,93.5,0.2398,0.235,1.0204255319148938,0.37606837606837606,2.1208188563362884,False,False,23.98,WIN
ADI,2021-03-22,bull_put,155.0,152.5,1.1275,1.15,0.9804347826086957,0.33707865168539325,1.3200870423370024,False,False,112.75,WIN
INTC,2021-03-22,bull_put,66.0,65.5,0.2662,0.255,1.043921568627451,0.046511627906976785,0.8435907354957217,False,False,-23.380000000000003,LOSS
PYPL,2021-03-23,bull_put,245.0,242.5,1.3358,1.065,1.2542723004694838,0.12716763005780346,1.0602007990960507,False,True,-116.41999999999999,LOSS
NFLX,2021-03-23,bull_put,537.5,535.0,1.3986,1.15,1.2161739130434783,0.1282051282051283,0.186039527486967,False,False,-110.13999999999999,LOSS
PEP,2021-03-23,bull_put,140.0,139.0,0.5688,0.48,1.185,0.11382113821138222,2.7799913793709363,False,False,56.879999999999995,WIN
AAPL,2021-03-23,bull_put,123.0,122.0,0.4745,0.445,1.0662921348314607,0.04560260586319222,3.6985374984107913,True,False,-52.55,LOSS
BMY,2021-03-23,bull_put,63.0,62.0,0.4983,0.41,1.2153658536585368,0.18439716312056736,13.220417075015588,False,False,49.830000000000005,WIN
VRTX,2021-03-23,bull_put,215.0,212.5,1.3664,2.4,0.5693333333333334,1.3086419753086422,3.0200745087927436,False,True,50.31999999999932,PARTIAL
INTC,2021-03-24,bull_put,62.5,62.0,0.275,0.28,0.9821428571428571,0.0869565217391305,30.342654020546767,False,False,27.500000000000004,WIN
TXN,2021-03-24,bull_put,180.0,177.5,1.1821,1.13,1.0461061946902654,0.17249417249417254,10.799200909669223,False,False,118.21,WIN
VRTX,2021-03-24,bull_put,212.5,210.0,1.2856,1.775,0.7242816901408452,0.8059701492537313,7.230570964587559,False,True,128.56,WIN
QQQ,2021-03-24,bull_put,313.0,312.5,0.2726,0.265,1.028679245283019,0.039694656488549585,0.009556190465837349,False,False,27.26,WIN
EOG,2021-03-24,bull_put,73.0,72.5,0.2693,0.275,0.9792727272727272,0.28975265017667856,0.002759847805623386,True,False,26.93,WIN
NOW,2021-03-24,bull_put,475.0,472.5,1.3412,1.4,0.9580000000000001,0.13157894736842105,0.0024068695708910335,False,False,134.12,WIN
NFLX,2021-03-25,bull_put,505.0,502.5,1.3268,1.625,0.8164923076923076,0.2241379310344827,-0.15519600447093465,False,False,132.68,WIN
QQQ,2021-03-25,bull_put,312.0,311.0,0.4743,0.43,1.1030232558139534,0.054590570719602924,-0.14351538295043662,False,False,47.43,WIN
BLK,2021-03-25,bull_put,730.0,727.5,1.351,1.45,0.9317241379310345,0.21818181818181806,-0.06558803379869349,False,False,135.1,WIN
GOOGL,2021-03-25,bull_put,2037.5,2035.0,1.3026,1.3,1.002,0.37638376383763844,-0.010100971473427754,False,False,-119.74000000000001,LOSS
PEP,2021-03-25,bull_put,140.0,139.0,0.4837,0.415,1.165542168674699,0.22818791946308714,10.613654480715113,False,False,48.370000000000005,WIN
TSLA,2021-03-25,bull_put,645.0,642.5,1.3796,1.325,1.0412075471698112,0.02959830866807608,-0.022507694784659294,True,False,-112.04,LOSS
LOW,2021-04-05,bull_put,195.0,192.5,1.3057,1.315,0.9929277566539925,0.07156308851224102,20.172766242733623,False,False,130.57000000000002,WIN
CAT,2021-04-05,bull_put,235.0,232.5,1.2759,1.23,1.0373170731707317,0.11940298507462685,5.477152886388173,False,False,-122.41,LOSS
INTC,2021-04-05,bull_put,67.0,66.5,0.2738,0.27,1.014074074074074,0.056074766355140235,2.4047577524590946,False,False,27.38,WIN
TJX,2021-04-05,bull_put,68.0,67.5,0.2533,0.22,1.1513636363636364,0.1286549707602339,1.3405225038244875,True,False,25.330000000000002,WIN
PNC,2021-04-05,bull_put,180.0,177.5,1.1557,1.2,0.9630833333333333,0.21782178217821777,1.235028315561203,False,False,115.57,WIN
FCX,2021-04-05,bull_put,35.5,35.0,0.2537,0.24,1.0570833333333334,0.08092485549132955,1.0988687517548665,True,False,-24.63,LOSS
AXP,2021-04-06,bull_put,147.0,146.0,0.5638,0.505,1.1164356435643563,0.05247813411078722,0.3007913441522534,False,False,56.379999999999995,WIN
GILD,2021-04-06,bull_put,66.5,66.0,0.2937,0.055,5.34,1.0833333333333335,0.3995823657884496,False,True,-20.630000000000003,LOSS
INTC,2021-04-06,bull_put,66.0,65.5,0.2838,0.275,1.0319999999999998,0.06666666666666672,0.41829918363302027,False,False,28.38,WIN
LOW,2021-04-06,bull_put,195.0,192.5,1.2205,1.12,1.0897321428571427,0.09156626506024093,6.429354652184272,False,False,122.05,WIN
HD,2021-04-06,bull_put,315.0,312.5,1.3408,1.26,1.064126984126984,0.07874015748031496,6.853722785350058,False,False,134.08,WIN
MRK,2021-04-06,bull_put,76.0,75.5,0.2497,0.24,1.0404166666666668,0.17600000000000016,0.9993505446132696,False,False,24.97,WIN
INTC,2021-04-07,bull_put,66.5,66.0,0.2533,0.255,0.9933333333333334,0.09090909090909083,18.99804862884946,False,False,25.330000000000002,WIN
V,2021-04-07,bull_put,220.0,217.5,1.1811,1.1,1.0737272727272726,0.10227272727272736,6.650489584931311,False,False,118.11,WIN
ADI,2021-04-07,bull_put,160.0,157.5,1.1835,1.125,1.052,0.5128205128205129,6.467783313903245,False,True,118.35,WIN
PM,2021-04-07,bull_put,88.5,88.0,0.2494,0.255,0.9780392156862745,0.2479338842975207,3.5756137201948097,False,False,24.94,WIN
REGN,2021-04-07,bull_put,482.5,480.0,1.3805,0.8,1.725625,0.2666666666666666,1.2614017536012763,False,True,-111.94999999999999,LOSS
NOW,2021-04-07,bull_put,512.5,510.0,1.3152,1.3,1.0116923076923077,0.18518518518518517,0.030976688849155883,False,False,131.51999999999998,WIN
REGN,2021-04-08,bull_put,477.5,475.0,1.1811,0.725,1.6291034482758622,1.4747474747474747,-0.22115093964980045,False,True,-114.88999999999841,PARTIAL
IWM,2021-04-08,bull_put,223.0,222.5,0.2381,0.225,1.0582222222222222,0.03333333333333337,-0.03919259596186411,False,False,-17.189999999999657,PARTIAL
TSLA,2021-04-08,bull_put,687.5,685.0,1.4073,1.5,0.9382,0.07874015748031496,0.05201822124347469,True,False,-109.27,LOSS
NFLX,2021-04-08,bull_put,555.0,552.5,1.1849,1.125,1.0532444444444444,0.11111111111111109,0.09822841257348584,False,False,118.49000000000001,WIN
ISRG,2021-04-08,bull_put,772.5,770.0,1.5465,1.75,0.8837142857142857,0.8979591836734692,6.641307619668191,False,True,154.65,WIN
NVDA,2021-04-08,bull_put,575.0,572.5,1.3989,1.5,0.9326,0.1280788177339902,0.8700207354042159,False,False,139.89000000000001,WIN
MO,2021-04-12,bull_put,52.0,51.5,0.2553,0.245,1.0420408163265307,0.16513761467889904,26.766770909094724,False,False,25.53,WIN
AAPL,2021-04-12,bull_put,132.0,131.25,0.4048,0.4,1.012,0.046511627906976785,2.0694243998148703,True,False,40.48,WIN
CAT,2021-04-12,bull_put,232.5,230.0,1.3796,1.24,1.1125806451612903,0.07407407407407407,1.4574305868475583,False,False,137.95999999999998,WIN
INTC,2021-04-12,bull_put,66.0,65.5,0.2811,0.27,1.041111111111111,0.12307692307692303,0.3607601074162621,False,False,-21.89,LOSS
REGN,2021-04-12,bull_put,475.0,472.5,1.3144,1.3,1.011076923076923,0.2727272727272727,0.11827563512335224,False,False,131.44,WIN
IBM,2021-04-12,bull_put,135.0,134.0,0.4945,0.63,0.7849206349206349,0.32835820895522383,0.04540430118189392,False,False,-50.55,LOSS
PYPL,2021-04-13,bull_put,277.5,275.0,1.382,1.375,1.005090909090909,0.05405405405405406,1.7554927346683242,False,False,-111.80000000000001,LOSS
CAT,2021-04-13,bull_put,230.0,227.5,1.1294,1.12,1.008392857142857,0.0873015873015872,1.1399017618352343,False,False,112.94,WIN
INTC,2021-04-13,bull_put,65.5,65.0,0.2502,0.25,1.0008,0.08000000000000007,0.7109158575068746,False,False,-24.98,LOSS
MA,2021-04-13,bull_put,380.0,377.5,1.4055,1.55,0.9067741935483871,0.1920903954802259,1.8875549333109134,False,False,140.55,WIN
AAPL,2021-04-13,bull_put,135.0,134.0,0.5175,0.525,0.9857142857142855,0.012048192771084348,17.01136825353896,True,False,-32.25000000000035,PARTIAL
VRTX,2021-04-13,bull_put,217.5,215.0,1.4285,2.725,0.5242201834862386,1.0707070707070707,6.179718971560487,False,True,142.85000000000002,WIN
SO,2021-04-14,bull_put,64.0,63.5,0.2736,0.225,1.216,0.5714285714285715,96.41308386237179,False,True,27.36,WIN
INTC,2021-04-14,bull_put,64.5,64.0,0.2534,0.26,0.9746153846153847,0.08917197452229295,6.290840449783425,False,False,25.34,WIN
IBM,2021-04-14,bull_put,133.0,132.0,0.4824,0.47,1.0263829787234042,0.15706806282722513,3.8432945728120584,False,False,48.24,WIN
NFLX,2021-04-14,bull_put,542.5,540.0,1.4386,1.4,1.0275714285714288,0.1967213114754099,0.6719674675688846,False,False,143.86,WIN
AAPL,2021-04-14,bull_put,132.5,132.0,0.2535,0.27,0.9388888888888889,0.05755395683453226,0.3699906847787192,True,False,25.35,WIN
REGN,2021-04-14,bull_put,482.5,480.0,1.3078,1.075,1.216558139534884,0.31372549019607854,0.003968184756717915,False,False,130.78,WIN
FCX,2021-04-15,bull_put,38.0,37.5,0.2371,0.215,1.1027906976744186,0.18181818181818188,1.285501293528395,False,False,23.71,WIN
PM,2021-04-15,bull_put,92.0,91.5,0.2334,0.285,0.8189473684210526,0.8514851485148515,1.7919981174253161,False,True,23.34,WIN
PYPL,2021-04-15,bull_put,275.0,272.5,1.164,1.235,0.9425101214574897,0.06315789473684226,2.2444836138714086,False,False,-133.6,LOSS
MA,2021-04-15,bull_put,387.5,385.0,1.2277,1.335,0.9196254681647941,0.14847161572052395,5.720489473807556,False,False,-10.229999999998407,PARTIAL
QQQ,2021-04-15,bull_put,342.0,341.0,0.481,0.46,1.0456521739130433,0.01980198019801982,8.383415166825113,False,False,48.1,WIN
QCOM,2021-04-15,bull_put,138.0,137.0,0.4703,0.47,1.0006382978723405,0.19653179190751438,3.484948116632349,False,False,47.03,WIN
MCD,2021-04-19,bull_put,232.5,230.0,1.1739,1.125,1.0434666666666665,0.08436724565756831,19.091409846958992,False,False,117.39,WIN
MRK,2021-04-19,bull_put,78.0,77.5,0.2882,0.285,1.0112280701754388,0.21621621621621612,12.414917563709428,False,False,8.409999999999773,PARTIAL
AAPL,2021-04-19,bull_put,135.0,134.0,0.4637,0.48,0.9660416666666667,0.03278688524590167,2.923585165450963,True,False,-21.63000000000068,PARTIAL
HD,2021-04-19,bull_put,327.5,325.0,1.2556,1.06,1.1845283018867925,0.1142857142857144,2.706042597856565,False,False,-124.44,LOSS
COST,2021-04-19,bull_put,370.0,367.5,1.2275,1.11,1.1058558558558558,0.11538461538461534,2.4376328076131473,False,False,122.75,WIN
SBUX,2021-04-19,bull_put,118.0,117.0,0.5153,0.475,1.0848421052631578,0.02264150943396228,2.076540840193584,False,False,3.7650000000001125,PARTIAL
MA,2021-04-20,bull_put,377.5,375.0,1.2808,0.87,1.4721839080459769,0.2929936305732484,0.24053546630432268,False,True,128.07999999999998,WIN
WMT,2021-04-20,bull_put,141.0,140.0,0.4967,0.485,1.0241237113402062,0.06113537117903916,0.07515985820733724,False,False,-50.33,LOSS
VRTX,2021-04-20,bull_put,222.5,220.0,1.504,4.6,0.3269565217391305,0.9850746268656716,0.5258131880112674,False,True,-99.6,LOSS
HD,2021-04-20,bull_put,325.0,322.5,1.2092,1.02,1.1854901960784314,0.11764705882352937,1.1070972718623948,False,False,4.9599999999993205,PARTIAL
BDX,2021-04-20,bull_put,257.5,255.0,1.2171,1.5,0.8114,0.6259541984732824,8.76297044947308,False,True,-43.29000000000056,PARTIAL
AAPL,2021-04-20,bull_put,134.0,133.0,0.5486,0.54,1.015925925925926,0.04580152671755718,9.679066418620923,True,False,54.86,WIN
AAPL,2021-04-21,bull_put,134.0,133.0,0.4832,0.495,0.9761616161616162,0.04016064257028116,7.748781764109078,True,False,48.32,WIN
SPY,2021-04-21,bull_put,417.0,416.0,0.5879,0.575,1.0224347826086957,0.01716738197424894,2.0550837603280616,False,False,16.395000000000454,PARTIAL
ABT,2021-04-21,bull_put,123.0,122.0,0.4711,0.435,1.0829885057471265,0.20627802690582958,0.6491375927530012,False,False,47.11,WIN
QQQ,2021-04-21,bull_put,340.0,339.0,0.5272,0.505,1.043960396039604,0.03463203463203466,0.2401031493390825,False,False,-5.279999999998408,PARTIAL
AMGN,2021-04-21,bull_put,260.0,257.5,1.2703,1.345,0.9444609665427509,0.33716475095785436,0.1996088298111424,False,False,-122.97,LOSS
IWM,2021-04-21,bull_put,223.0,222.5,0.2789,0.275,1.014181818181818,0.0549682875264272,0.005182455420711055,False,False,27.889999999999997,WIN
NVDA,2021-04-22,bull_put,595.0,592.5,1.1941,1.175,1.016255319148936,0.10447761194029855,-0.015146206685742227,False,False,119.41,WIN
GOOGL,2021-04-22,bull_put,2257.5,2255.0,1.3225,1.35,0.9796296296296295,0.2564102564102564,-0.004138403372972492,False,False,132.25,WIN
NFLX,2021-04-22,bull_put,510.0,507.5,1.2151,1.13,1.0753097345132745,0.12080536912751683,0.25411906940689283,False,False,-128.48999999999998,LOSS
SPY,2021-04-22,bull_put,412.5,412.0,0.2603,0.24,1.0845833333333332,0.0189274447949527,0.25788782591278675,False,False,26.029999999999998,WIN
QQQ,2021-04-22,bull_put,336.0,335.0,0.547,0.495,1.105050505050505,0.06635071090047398,3.1434900622213675,False,False,54.7,WIN
BDX,2021-04-22,bull_put,257.5,255.0,1.3379,0.925,1.4463783783783783,0.23076923076923084,160.12979448398266,False,True,-31.21000000000056,PARTIAL
LOW,2021-04-26,bull_put,200.0,197.5,1.17,1.21,0.9669421487603306,0.17118997912317332,7.820486663329566,False,False,-133.0,LOSS
IBM,2021-04-26,bull_put,142.0,141.0,0.5112,0.595,0.8591596638655462,0.17624521072796934,3.4974886851128604,False,False,19.55999999999977,PARTIAL
INTC,2021-04-26,bull_put,59.0,58.5,0.2624,0.26,1.0092307692307694,0.06666666666666672,3.149095803804466,False,False,-23.76,LOSS
TJX,2021-04-26,bull_put,69.5,69.0,0.2573,0.37,0.6954054054054053,0.4680851063829787,2.1325035259652516,False,False,25.729999999999997,WIN
UNH,2021-04-26,bull_put,397.5,395.0,1.3788,1.42,0.9709859154929578,0.15028901734104053,1.743425926023507,False,False,137.88,WIN
FCX,2021-04-26,bull_put,39.5,39.0,0.2828,0.27,1.0474074074074073,0.10714285714285703,0.19689506406184165,False,False,-21.72,LOSS
AVGO,2021-04-27,bull_put,467.5,465.0,1.1978,1.3,0.9213846153846154,0.26415094339622647,0.039762864532047824,False,False,-130.22,LOSS
QQQ,2021-04-27,bull_put,341.0,340.0,0.5111,0.495,1.0325252525252526,0.0628930817610062,0.07902074930727049,False,False,-48.89,LOSS
NFLX,2021-04-27,bull_put,507.5,505.0,1.2938,1.075,1.2035348837209303,0.07594936708860761,0.025724342669663346,False,False,129.38,WIN
SCHW,2021-04-27,bull_put,70.0,69.5,0.28,0.275,1.0181818181818183,0.3061224489795918,0.853543271623464,False,False,28.000000000000004,WIN
LOW,2021-04-27,bull_put,200.0,197.5,1.2046,1.135,1.0613215859030836,0.1826484018264841,32.14226327763172,False,False,-129.54000000000002,LOSS
GS,2021-04-27,bull_put,347.5,345.0,1.2476,1.145,1.0896069868995633,0.1282051282051283,0.5308493458849556,False,False,124.76,WIN
PYPL,2021-04-28,bull_put,272.5,270.0,1.266,1.325,0.9554716981132075,0.10526315789473686,0.18455823797135734,False,False,-123.4,LOSS
ISRG,2021-04-28,bull_put,870.0,867.5,1.2727,0.65,1.9579999999999997,0.7259259259259259,0.08247392800353133,False,True,-122.73,LOSS
TSLA,2021-04-28,bull_put,697.5,695.0,1.305,1.4,0.9321428571428572,0.05737704918032796,-0.009725858541429088,True,False,130.5,WIN
SPY,2021-04-28,bull_put,418.0,417.5,0.2429,0.215,1.129767441860465,0.012500000000000011,-0.01168795727489914,False,False,-25.71,LOSS
NVDA,2021-04-28,bull_put,612.5,610.0,1.2881,1.3,0.9908461538461538,0.13523131672597866,-0.028892685462376402,False,False,-121.19,LOSS
QQQ,2021-04-28,bull_put,340.0,339.0,0.492,0.495,0.9939393939393939,0.22510822510822515,-0.04063354998425566,False,False,-50.8,LOSS
QQQ,2021-04-29,bull_put,341.0,340.0,0.4899,0.435,1.1262068965517242,0.0846905537459284,2.9154762774111327,False,False,-51.01,LOSS
CRM,2021-04-29,bull_put,235.0,232.5,1.1937,0.95,1.2565263157894737,0.09722222222222215,13.401354780648012,True,True,-130.63,LOSS
SBUX,2021-04-29,bull_put,115.0,114.0,0.5008,0.44,1.1381818181818182,0.1614906832298137,14.076134753240432,False,False,-0.9200000000005093,PARTIAL
AVGO,2021-04-29,bull_put,467.5,465.0,1.2758,1.425,0.895298245614035,0.2222222222222223,27.71951769182336,False,False,-122.42,LOSS
INTC,2021-04-29,bull_put,58.5,58.0,0.2489,0.26,0.9573076923076923,0.1473684210526316,35.474156789014074,False,False,-25.11,LOSS
TJX,2021-04-29,bull_put,71.5,71.0,0.3548,0.2,1.774,0.2272727272727272,507.8514050164077,False,True,-14.52,LOSS
MO,2021-05-03,bull_put,48.5,48.0,0.2252,0.215,1.0474418604651163,0.08510638297872336,16.506959106879805,False,False,22.52,WIN
ABT,2021-05-03,bull_put,120.0,119.0,0.5275,0.475,1.1105263157894736,0.09606986899563308,8.825848240436578,False,False,-47.25,LOSS
COST,2021-05-03,bull_put,380.0,377.5,1.2236,1.055,1.1598104265402844,0.11722912966252223,7.052630987171574,False,False,122.36,WIN
ADI,2021-05-03,bull_put,152.5,150.0,1.252,1.225,1.0220408163265304,0.1075268817204301,5.5066211097110305,False,False,125.2,WIN
TXN,2021-05-03,bull_put,180.0,177.5,1.2171,1.23,0.9895121951219513,0.08870967741935473,3.65892411012644,False,False,121.71000000000001,WIN
MA,2021-05-03,bull_put,380.0,377.5,1.2276,1.025,1.197658536585366,0.13333333333333333,1.9063136662944438,False,False,-127.24,LOSS
TJX,2021-05-04,bull_put,71.0,70.5,0.2784,0.245,1.1363265306122448,1.0787878787878789,0.42382162786012395,False,True,27.839999999999996,WIN
VRTX,2021-05-04,bull_put,217.5,215.0,1.5987,0.975,1.6396923076923078,1.3513513513513513,0.7673117924110413,False,True,-89.1300000000009,PARTIAL
PM,2021-05-04,bull_put,95.0,94.5,0.2352,0.26,0.9046153846153846,0.21951219512195128,0.1544722021930696,False,False,23.52,WIN
ABT,2021-05-04,bull_put,118.0,117.0,0.5323,0.41,1.2982926829268293,0.13545816733067742,2.707006195725912,False,True,53.23,WIN
PG,2021-05-04,bull_put,135.0,134.0,0.5162,0.42,1.2290476190476192,0.13084112149532703,7.398141669018826,False,False,51.62,WIN
V,2021-05-04,bull_put,232.5,230.0,1.1268,0.855,1.3178947368421052,0.16822429906542052,2.6003959455068344,False,True,37.34000000000023,PARTIAL
TXN,2021-05-05,bull_put,182.5,180.0,1.1479,1.085,1.0579723502304148,0.11822660098522168,32.92052069554679,False,False,114.78999999999999,WIN
HD,2021-05-05,bull_put,332.5,330.0,1.1569,1.07,1.081214953271028,0.14141414141414146,12.551967132951487,False,False,115.69,WIN
QCOM,2021-05-05,bull_put,135.0,134.0,0.4848,0.695,0.6975539568345325,0.3209876543209875,1.8638470364812074,False,False,48.480000000000004,WIN
MRK,2021-05-05,bull_put,78.0,77.5,0.2713,0.195,1.3912820512820512,0.3865546218487395,1.6515214155059206,False,True,27.13,WIN
NOW,2021-05-05,bull_put,482.5,480.0,1.34,1.35,0.9925925925925926,0.14705882352941177,0.48675046777624414,False,False,134.0,WIN
NVDA,2021-05-05,bull_put,580.0,577.5,1.2361,1.1,1.1237272727272727,0.09210526315789476,0.31580625029298853,False,False,123.61,WIN
GS,2021-05-06,bull_put,367.5,365.0,1.3619,1.355,1.0050922509225093,0.1605839416058395,0.5990764654435433,False,False,136.19,WIN
NOW,2021-05-06,bull_put,487.5,485.0,1.4714,2.35,0.626127659574468,0.6666666666666666,0.7827154920137425,False,True,-102.86,LOSS
TSLA,2021-05-06,bull_put,667.5,665.0,1.3796,1.375,1.0033454545454545,0.05825242718446598,0.010126652740241054,True,False,137.95999999999998,WIN
AVGO,2021-05-06,bull_put,450.0,447.5,1.4803,0.425,3.4830588235294115,0.5,14.057941188390844,False,True,148.03,WIN
TXN,2021-05-06,bull_put,185.0,182.5,1.1876,0.81,1.4661728395061728,0.20289855072463772,39.55887664666685,False,True,118.76,WIN
NVDA,2021-05-06,bull_put,582.5,580.0,1.3799,1.45,0.951655172413793,0.3035714285714286,0.8261868534885233,False,False,137.98999999999998,WIN
PNC,2021-05-10,bull_put,200.0,197.5,1.1517,1.275,0.9032941176470588,0.08955223880597009,6.450953477126115,False,False,26.58499999999977,PARTIAL
MO,2021-05-10,bull_put,51.0,50.5,0.2589,0.26,0.9957692307692309,0.0588235294117646,7.682002038008365,False,False,-24.11,LOSS
CSCO,2021-05-10,bull_put,53.5,53.0,0.259,0.255,1.0156862745098039,0.043795620437956075,2.559556872418777,False,False,-24.099999999999998,LOSS
BDX,2021-05-10,bull_put,247.5,245.0,1.2637,1.175,1.0754893617021277,0.18181818181818182,28.01074093966465,False,False,-123.63,LOSS
FCX,2021-05-10,bull_put,43.0,41.5,0.6888,0.66,1.0436363636363635,0.07407407407407415,52.077017295962015,False,False,-2.1200000000000885,PARTIAL
LOW,2021-05-10,bull_put,212.5,210.0,1.2205,1.27,0.961023622047244,0.09650582362728787,11.595606313953917,False,False,-127.95,LOSS
BDX,2021-05-11,bull_put,242.5,240.0,1.3463,1.325,1.0160754716981133,0.13333333333333344,48.58792938659727,False,False,61.31499999999978,PARTIAL
VRTX,2021-05-11,bull_put,215.0,212.5,1.5129,2.725,0.5551926605504587,1.0456852791878173,1.6183150692892756,False,True,151.29,WIN
PNC,2021-05-11,bull_put,195.0,192.5,1.2395,1.15,1.077826086956522,0.08695652173913043,1.17032716912372,False,False,123.95,WIN
PEP,2021-05-11,bull_put,146.0,145.0,0.4703,0.44,1.0688636363636363,0.07531380753138082,-0.002656576192359956,False,False,47.03,WIN
ITW,2021-05-11,bull_put,237.5,235.0,1.2499,1.05,1.1903809523809523,0.15384615384615383,-0.008437406835817467,False,False,124.99,WIN
GOOGL,2021-05-11,bull_put,2277.5,2275.0,1.2967,1.35,0.9605185185185184,0.23655913978494617,-0.009124529623720254,False,False,129.67,WIN
QQQ,2021-05-12,bull_put,318.0,317.5,0.2569,0.24,1.0704166666666668,0.020253164556962043,-0.008478701101022878,False,False,25.69,WIN
GOOGL,2021-05-12,bull_put,2212.5,2210.0,1.4101,1.3,1.0846923076923076,0.16234887737478407,-0.007111224123070844,False,False,141.01,WIN
VRTX,2021-05-12,bull_put,215.0,212.5,1.4626,1.675,0.8731940298507462,1.4042553191489362,0.03721532073537344,False,True,146.26,WIN
USB,2021-05-12,bull_put,60.0,59.5,0.2646,0.215,1.2306976744186047,0.0765027322404371,0.11731762221995083,False,False,26.46,WIN
GS,2021-05-12,bull_put,355.0,352.5,1.1486,1.2,0.9571666666666667,0.11640211640211637,0.12271818141703729,False,False,114.86000000000001,WIN
BDX,2021-05-12,bull_put,242.5,240.0,1.1613,1.15,1.0098260869565219,0.2,0.9386005732744324,False,False,52.06499999999977,PARTIAL
QQQ,2021-05-13,bull_put,320.0,319.0,0.5298,0.51,1.0388235294117647,0.030303030303030328,2.5478053854880844,False,False,52.980000000000004,WIN
SPY,2021-05-13,bull_put,411.0,410.0,0.5133,0.48,1.069375,0.018181818181818195,0.9910169452217327,False,False,51.33,WIN
NVDA,2021-05-13,bull_put,547.5,545.0,1.1818,1.275,0.9269019607843137,0.15767634854771787,0.30795857909052465,False,False,118.17999999999999,WIN
GOOGL,2021-05-13,bull_put,2232.5,2230.0,1.3014,1.15,1.1316521739130434,0.4489795918367347,0.05368455766688601,False,False,130.14,WIN
IWM,2021-05-13,bull_put,216.0,215.0,0.4585,0.425,1.0788235294117647,0.028169014084507067,0.038508192263574575,False,False,45.85,WIN
NFLX,2021-05-13,bull_put,487.5,485.0,1.1397,1.095,1.0408219178082192,0.16216216216216217,-0.0239662887133048,False,False,113.97,WIN
FCX,2021-05-17,bull_put,44.5,44.0,0.2748,0.275,0.9992727272727272,0.04724409448818902,0.14067317421429998,False,False,-22.52,LOSS
INTC,2021-05-17,bull_put,55.5,55.0,0.2293,0.235,0.9757446808510639,0.03821656050955417,0.419756332963954,False,False,22.93,WIN
AAPL,2021-05-17,bull_put,127.0,126.0,0.4917,0.475,1.0351578947368423,0.027855153203342645,3.5096846065663674,True,False,-50.83,LOSS
VZ,2021-05-17,bull_put,58.0,57.5,0.2257,0.2,1.1285,0.06593406593406588,4.129487330769084,False,False,-27.43,LOSS
MO,2021-05-17,bull_put,50.5,50.0,0.2706,0.255,1.0611764705882354,0.06451612903225812,5.605299169495565,False,False,-22.939999999999998,LOSS
BDX,2021-05-17,bull_put,242.5,240.0,1.2375,1.3,0.9519230769230769,0.12903225806451613,5.91275312057973,False,False,123.75,WIN
INTC,2021-05-18,bull_put,55.0,54.5,0.2336,0.23,1.0156521739130435,0.0729927007299269,7.466786842471832,False,False,23.36,WIN
VRTX,2021-05-18,bull_put,215.0,212.5,1.1691,1.2,0.9742500000000001,0.3820224719101123,1.9736473565546433,False,False,-40.089999999999314,PARTIAL
GILD,2021-05-18,bull_put,69.0,68.5,0.2479,0.215,1.1530232558139535,0.1515151515151515,0.5232715150261441,False,False,-0.20999999999999908,PARTIAL
MA,2021-05-18,bull_put,365.0,362.5,1.2477,1.25,0.99816,0.10416666666666667,0.28715938795897133,False,False,124.77000000000001,WIN
QQQ,2021-05-18,bull_put,323.0,322.0,0.4791,0.44,1.0888636363636364,0.011869436201780426,0.0056747765136219664,False,False,47.910000000000004,WIN
FCX,2021-05-18,bull_put,44.0,43.5,0.2678,0.285,0.9396491228070175,0.0555555555555556,0.004222315994912974,False,False,-23.22,LOSS
SPY,2021-05-19,bull_put,412.0,411.0,0.5212,0.475,1.097263157894737,0.006802721088435379,-0.13432435769567402,False,False,52.12,WIN
NFLX,2021-05-19,bull_put,490.0,487.5,1.3345,1.5,0.8896666666666667,0.10909090909090903,-0.08981930198345064,False,False,133.45,WIN
QQQ,2021-05-19,bull_put,323.0,322.0,0.4998,0.46,1.0865217391304347,0.04684684684684681,-0.08489074190171206,False,False,49.980000000000004,WIN
DE,2021-05-19,bull_put,362.5,360.0,1.4817,1.35,1.0975555555555554,0.2569269521410578,-0.07710665197478928,False,False,-101.83,LOSS
CRM,2021-05-19,bull_put,222.5,220.0,1.2238,1.335,0.9167041198501873,0.20665499124343253,0.18712886719298785,True,False,122.38,WIN
VRTX,2021-05-19,bull_put,215.0,212.5,1.3763,2.575,0.5344854368932038,1.1549295774647887,1.785727757845566,False,True,-19.369999999999308,PARTIAL
VRTX,2021-05-20,bull_put,217.5,215.0,1.349,-0.75,-1.7986666666666666,1.9,100.34149811659033,False,True,-115.10000000000001,LOSS
SPY,2021-05-20,bull_put,416.0,415.0,0.5472,0.53,1.0324528301886793,0.010638297872340318,2.34302181780858,False,False,-45.28,LOSS
IWM,2021-05-20,bull_put,220.0,219.0,0.5384,0.505,1.0661386138613862,0.04034582132564846,0.3123952570866589,False,False,25.41999999999994,PARTIAL
NOW,2021-05-20,bull_put,472.5,470.0,1.1924,1.025,1.1633170731707316,0.15789473684210517,-0.021727258714457104,False,False,-130.76000000000002,LOSS
DE,2021-05-20,bull_put,357.5,355.0,1.3412,0.825,1.6256969696969696,0.2671009771986969,-0.0828881549261798,False,True,134.12,WIN
PYPL,2021-05-20,bull_put,252.5,250.0,1.14,1.025,1.1121951219512196,0.15929203539823006,-0.2210195185207987,False,False,-67.00000000000024,PARTIAL
SBUX,2021-05-24,bull_put,113.0,112.0,0.47,0.46,1.0217391304347825,0.160337552742616,0.6092237548866728,False,False,47.0,WIN
VRTX,2021-05-24,bull_put,212.5,210.0,1.2874,1.975,0.6518481012658228,0.27848101265822783,4.091406196870567,False,False,-121.25999999999999,LOSS
BDX,2021-05-24,bull_put,245.0,242.5,1.2481,1.65,0.7564242424242424,0.5038167938931296,8.926842750544466,False,True,-125.19,LOSS
KO,2021-05-24,bull_put,55.0,54.5,0.2463,0.22,1.1195454545454544,0.11764705882352937,10.010991988988701,False,False,24.63,WIN
TXN,2021-05-24,bull_put,190.0,187.5,1.265,1.13,1.1194690265486726,0.1883767535070141,21.71854813529189,False,False,54.24999999999965,PARTIAL
V,2021-05-24,bull_put,230.0,227.5,1.1382,0.95,1.198105263157895,0.06175771971496432,35.70042232427865,False,False,-136.17999999999998,LOSS
HD,2021-05-25,bull_put,317.5,315.0,1.1704,1.165,1.0046351931330473,0.09908256880733947,14.790122004416833,False,False,117.04,WIN
ABT,2021-05-25,bull_put,119.0,118.0,0.4872,0.345,1.4121739130434785,1.0,0.9247888685884498,False,True,-51.28,LOSS
PYPL,2021-05-25,bull_put,260.0,257.5,1.2372,1.265,0.9780237154150199,0.08219178082191776,0.5579045371614572,False,False,123.72000000000001,WIN
F,2021-05-25,bull_put,13.0,12.5,0.2442,0.255,0.9576470588235294,0.05263157894736847,0.4028242574528479,False,False,24.42,WIN
QQQ,2021-05-25,bull_put,334.0,333.0,0.5173,0.505,1.0243564356435644,0.010471204188481607,0.35347584818509414,False,False,22.36500000000034,PARTIAL
NOW,2021-05-25,bull_put,482.5,480.0,1.3323,1.25,1.0658400000000001,0.17054263565891467,0.15548996920064428,False,False,-116.77,LOSS
BLK,2021-05-26,bull_put,877.5,875.0,1.2508,0.95,1.3166315789473684,0.38095238095238104,0.3361628505503833,False,True,39.53999999999817,PARTIAL
NOW,2021-05-26,bull_put,487.5,485.0,1.4445,0.9,1.6049999999999998,0.15094339622641503,1.0233241494499798,False,True,-105.55000000000001,LOSS
PYPL,2021-05-26,bull_put,262.5,260.0,1.164,1.11,1.0486486486486486,0.13084112149532715,0.2752488848118847,False,False,-131.6000000000018,PARTIAL
VRTX,2021-05-26,bull_put,207.5,205.0,1.2531,1.5,0.8354,1.8058252427184467,30.99548025645236,False,True,125.31000000000002,WIN
F,2021-05-26,bull_put,14.0,13.5,0.2579,0.22,1.1722727272727274,0.0338983050847458,328.09482104525176,False,False,25.790000000000003,WIN
GILD,2021-05-26,bull_put,66.5,66.0,0.2696,0.175,1.5405714285714287,0.6067415730337078,1.1857826009117511,False,True,-12.040000000000056,PARTIAL
F,2021-05-27,bull_put,15.0,14.5,0.2453,0.23,1.0665217391304347,0.03278688524590167,718.8964302128617,False,False,-22.470000000000066,PARTIAL
NSC,2021-05-27,bull_put,280.0,277.5,1.1762,0.9,1.3068888888888888,0.6835443037974682,32.396303389466624,False,True,117.61999999999999,WIN
GM,2021-05-27,bull_put,60.0,59.5,0.2453,0.255,0.9619607843137254,0.3018867924528301,7.0610614397535345,False,False,-25.47,LOSS
GOOGL,2021-05-27,bull_put,2365.0,2362.5,1.3396,1.0,1.3396,0.8,0.1401288886377912,False,True,-116.04,LOSS
ISRG,2021-05-27,bull_put,835.0,832.5,1.2239,0.25,4.8956,0.9411764705882353,0.02813097275426269,False,True,122.39,WIN
NVDA,2021-05-27,bull_put,620.0,617.5,1.1845,1.05,1.128095238095238,0.19780219780219788,-0.044282554316604064,False,False,118.45000000000002,WIN
CVX,2021-06-01,bull_put,107.0,106.0,0.4973,0.515,0.965631067961165,0.11453744493392061,1.3045498624162495,False,False,49.730000000000004,WIN
MRK,2021-06-01,bull_put,75.5,75.0,0.2611,0.45,0.5802222222222222,0.6666666666666666,1.9890716689135974,False,True,-23.89,LOSS
EOG,2021-06-01,bull_put,85.0,84.0,0.5407,0.63,0.8582539682539682,0.21359223300970878,5.819640507904178,False,False,54.06999999999999,WIN
AMGN,2021-06-01,bull_put,235.0,232.5,1.2739,1.32,0.9650757575757576,0.20309810671256462,6.173366050562379,False,False,127.39,WIN
INTC,2021-06-01,bull_put,57.0,56.5,0.2294,0.225,1.0195555555555555,0.15652173913043474,15.334685607111659,False,False,22.939999999999998,WIN
V,2021-06-01,bull_put,227.5,225.0,1.128,1.19,0.9478991596638655,0.15720524017467263,16.26472665345096,False,False,112.79999999999998,WIN
PM,2021-06-02,bull_put,97.0,96.5,0.2412,0.2,1.206,0.3119266055045871,4.1994615615258155,False,False,24.12,WIN
VRTX,2021-06-02,bull_put,212.5,210.0,1.5715,-0.85,-1.8488235294117645,1.409090909090909,1.213497306748147,False,True,-92.85,LOSS
IWM,2021-06-02,bull_put,229.0,228.0,0.5334,0.485,1.0997938144329897,0.04154302670623149,0.7700315416154034,False,False,-46.660000000000004,LOSS
SPY,2021-06-02,bull_put,421.0,420.0,0.5102,0.48,1.0629166666666667,0.005633802816901414,0.4802380337435984,False,False,51.019999999999996,WIN
REGN,2021-06-02,bull_put,507.5,505.0,1.4455,1.0,1.4455,0.6341463414634145,0.3854625742343895,False,True,144.55,WIN
QQQ,2021-06-02,bull_put,334.0,333.0,0.4885,0.47,1.0393617021276595,0.02094240837696337,0.32402281926060034,False,False,48.85,WIN
QQQ,2021-06-03,bull_put,331.0,330.0,0.557,0.525,1.060952380952381,0.06896551724137917,-0.060745323867514765,False,False,55.7,WIN
GOOGL,2021-06-03,bull_put,2350.0,2347.5,1.2452,1.45,0.8587586206896552,0.20264317180616748,-0.019452345597208858,False,False,124.52000000000001,WIN
NFLX,2021-06-03,bull_put,490.0,487.5,1.1619,1.44,0.806875,0.12499999999999997,-0.6756504876929859,False,False,116.19,WIN
VRTX,2021-06-03,bull_put,212.5,210.0,1.3688,0.825,1.6591515151515153,1.9200000000000004,3.299926433710437,False,True,-113.12,LOSS
CL,2021-06-03,bull_put,84.0,83.5,0.2267,0.15,1.5113333333333334,0.6666666666666666,39.91092329469901,False,True,9.834999999999944,PARTIAL
TSLA,2021-06-03,bull_put,577.5,575.0,1.3584,1.45,0.9368275862068967,0.03883495145631071,-0.015387935485608392,True,False,135.84,WIN
V,2021-06-07,bull_put,232.5,230.0,1.1876,1.19,0.997983193277311,0.10526315789473695,45.115276300460394,False,False,118.76,WIN
F,2021-06-07,bull_put,16.0,15.5,0.2443,0.245,0.9971428571428571,0.046511627906976785,12.802371440626652,False,False,-25.569999999999997,LOSS
PEP,2021-06-07,bull_put,148.0,147.0,0.529,0.47,1.1255319148936171,0.20095693779904303,9.633575328188575,False,False,10.949999999999887,PARTIAL
PM,2021-06-07,bull_put,99.0,98.5,0.291,0.385,0.7558441558441558,0.4554455445544554,0.895690680930836,False,False,6.5500000000001695,PARTIAL
UNH,2021-06-07,bull_put,402.5,400.0,1.365,1.225,1.114285714285714,0.19354838709677408,0.5096413141623881,False,False,-113.5,LOSS
NOW,2021-06-07,bull_put,462.5,460.0,1.3779,1.55,0.8889677419354838,0.1666666666666667,0.4172557122739977,False,False,137.79,WIN
REGN,2021-06-08,bull_put,507.5,505.0,1.2909,1.575,0.8196190476190476,0.6037735849056604,0.08249376819404661,False,True,129.09,WIN
NOW,2021-06-08,bull_put,462.5,460.0,1.2152,1.1,1.1047272727272728,0.12612612612612614,0.09606882393574737,False,False,121.52000000000001,WIN
NFLX,2021-06-08,bull_put,495.0,492.5,1.4039,1.4,1.0027857142857144,0.09606986899563316,0.08013213115471413,False,False,-109.61000000000001,LOSS
VRTX,2021-06-08,bull_put,212.5,210.0,1.4356,1.4,1.0254285714285716,0.8717948717948718,1.150947304063025,False,True,-106.44,LOSS
AAPL,2021-06-08,bull_put,127.0,126.0,0.4545,0.44,1.0329545454545455,0.026431718061673836,19.613441223078706,True,False,45.45,WIN
PM,2021-06-08,bull_put,96.5,96.0,0.2462,0.28,0.8792857142857142,0.3,0.9897110326487967,False,False,24.62,WIN
QQQ,2021-06-09,bull_put,337.5,337.0,0.2483,0.245,1.013469387755102,0.016806722689075647,0.0034157262769749187,False,False,24.83,WIN
QCOM,2021-06-09,bull_put,133.0,132.0,0.4603,0.38,1.2113157894736841,0.08294930875576025,0.15659351085695766,False,False,46.03,WIN
GOOGL,2021-06-09,bull_put,2412.5,2410.0,1.2567,1.3,0.9666923076923076,0.082018927444795,-0.004742158325800607,False,False,125.66999999999999,WIN
PYPL,2021-06-09,bull_put,265.0,262.5,1.2791,1.2,1.0659166666666666,0.0678513731825525,7.214724440212114,False,False,127.91,WIN
VRTX,2021-06-09,bull_put,215.0,212.5,1.4718,0.05,29.436,1.5483870967741935,17.076404477850584,False,True,-102.82,LOSS
NFLX,2021-06-09,bull_put,487.5,485.0,1.2893,1.35,0.9550370370370369,0.12903225806451624,0.26166297006624784,False,False,128.92999999999998,WIN
VRTX,2021-06-10,bull_put,217.5,215.0,1.2169,0.075,16.225333333333335,1.894736842105263,19.240284232317546,False,True,-128.31,LOSS
GS,2021-06-10,bull_put,375.0,372.5,1.2865,1.155,1.1138528138528139,0.19312602291325706,17.68250203491924,False,False,128.65,WIN
NOW,2021-06-10,bull_put,490.0,487.5,1.2483,1.45,0.8608965517241379,0.2400000000000001,11.894706977151369,False,False,124.83,WIN
MS,2021-06-10,bull_put,92.0,91.0,0.4507,0.43,1.048139534883721,0.19548872180451127,11.472549795084337,False,False,45.07,WIN
QQQ,2021-06-10,bull_put,341.0,340.0,0.4852,0.465,1.0434408602150538,0.022813688212927778,0.6927512420245099,False,False,48.52,WIN
TSLA,2021-06-10,bull_put,612.5,610.0,1.3483,1.25,1.07864,0.0805369127516778,0.14150370229785686,True,False,-115.16999999999999,LOSS
ABT,2021-06-14,bull_put,111.0,110.0,0.5241,0.505,1.0378217821782179,0.059071729957805956,0.8547865766978695,False,False,-14.59000000000017,PARTIAL
RTX,2021-06-14,bull_put,89.0,88.5,0.267,0.23,1.1608695652173913,0.2245989304812835,0.20100449619583075,False,False,-23.3,LOSS
MS,2021-06-14,bull_put,91.0,90.0,0.4928,0.46,1.0713043478260869,0.02690582959641238,1.080945391721368,False,False,-50.72,LOSS
SBUX,2021-06-14,bull_put,113.0,112.0,0.5275,0.525,1.0047619047619047,0.10084033613445388,3.148546072766096,False,False,-47.25,LOSS
AAPL,2021-06-14,bull_put,131.0,130.0,0.4963,0.5,0.9926,0.013986013986014,21.18060954964027,True,False,-4.3699999999992025,PARTIAL
INTC,2021-06-14,bull_put,58.5,58.0,0.2926,0.285,1.0266666666666668,0.0628930817610062,22.983826566941637,False,False,-20.74,LOSS
BDX,2021-06-15,bull_put,242.5,240.0,1.2233,1.0,1.2233,0.40963855421686746,33.281175561084,False,False,-73.67000000000078,PARTIAL
VRTX,2021-06-15,bull_put,190.0,187.5,1.1866,1.225,0.9686530612244898,0.08888888888888896,13.931255049632098,False,False,-96.34000000000056,PARTIAL
AAPL,2021-06-15,bull_put,130.0,129.0,0.4599,0.45,1.022,0.06008583690987129,6.46956397965176,True,False,45.989999999999995,WIN
PG,2021-06-15,bull_put,135.0,134.0,0.4583,0.42,1.0911904761904763,0.06382978723404249,6.0762428914646955,False,False,-54.169999999999995,LOSS
MRK,2021-06-15,bull_put,76.0,75.0,0.4543,0.44,1.0325,0.13138686131386856,4.800523932222217,False,False,45.43,WIN
CL,2021-06-15,bull_put,83.5,83.0,0.2504,0.25,1.0016,0.1666666666666666,2.420927217170045,False,False,-24.959999999999997,LOSS
NVDA,2021-06-16,bull_put,715.0,712.5,1.3761,1.175,1.1711489361702128,0.11560693641618497,0.0033166139375569413,False,False,137.61,WIN
CSX,2021-06-16,bull_put,97.5,97.0,0.275,0.25,1.1,0.3225806451612903,0.10827176257386004,False,False,-22.5,LOSS
REGN,2021-06-16,bull_put,525.0,522.5,1.3037,1.3,1.002846153846154,0.1481481481481481,0.1974639324438013,False,False,130.37,WIN
TJX,2021-06-16,bull_put,65.5,65.0,0.2629,0.26,1.0111538461538463,0.23255813953488375,3.0651652603243713,False,False,-23.71,LOSS
INTC,2021-06-16,bull_put,57.5,57.0,0.2477,0.27,0.9174074074074073,0.04724409448818902,10.8524068001842,False,False,-25.230000000000004,LOSS
GM,2021-06-16,bull_put,62.0,61.5,0.2521,0.265,0.9513207547169811,0.09999999999999995,0.5653842980316001,False,False,-24.79,LOSS
CL,2021-06-17,bull_put,82.5,82.0,0.2297,0.2,1.1484999999999999,0.7692307692307692,31.955762220152163,False,True,-27.029999999999998,LOSS
BAC,2021-06-17,bull_put,40.0,39.5,0.2322,0.22,1.0554545454545454,0.1025641025641025,1.0975388499095005,False,False,-26.779999999999998,LOSS
GS,2021-06-17,bull_put,362.5,360.0,1.1736,1.075,1.0917209302325581,0.16296296296296292,-0.17975708244839067,False,False,-132.64000000000001,LOSS
QQQ,2021-06-17,bull_put,346.0,345.0,0.4691,0.43,1.0909302325581396,0.02684563758389264,-0.21718484357063536,False,False,-53.09,LOSS
AVGO,2021-06-17,bull_put,472.5,470.0,1.2183,1.325,0.9194716981132075,0.2047244094488189,-0.2795564345044146,False,False,-128.17000000000002,LOSS
WMT,2021-06-17,bull_put,138.0,137.0,0.4641,0.445,1.0429213483146067,0.15873015873015886,-0.5147561137365618,False,False,-53.59,LOSS
V,2021-06-21,bull_put,235.0,232.5,1.1306,1.04,1.0871153846153847,0.09438202247191009,7.274979876601544,False,False,113.06,WIN
PNC,2021-06-21,bull_put,185.0,182.5,1.1937,1.05,1.1368571428571428,0.1111111111111112,6.905743700427675,False,False,119.37,WIN
ADI,2021-06-21,bull_put,165.0,162.5,1.2179,1.25,0.97432,0.2173913043478261,7.284833326646013,False,False,121.78999999999999,WIN
MO,2021-06-21,bull_put,47.5,47.0,0.2281,0.23,0.9917391304347826,0.08000000000000007,11.535379893543514,False,False,22.81,WIN
AAPL,2021-06-21,bull_put,133.0,132.0,0.5265,0.51,1.0323529411764705,0.0323624595469256,17.768067864557125,True,False,52.65,WIN
LOW,2021-06-21,bull_put,190.0,187.5,1.2914,1.225,1.054204081632653,0.15195071868583165,58.30215644957204,False,False,129.14000000000001,WIN
INTC,2021-06-22,bull_put,56.0,55.5,0.2275,0.225,1.011111111111111,0.10714285714285703,3.9791276568690606,False,False,6.8749999999998295,PARTIAL
COST,2021-06-22,bull_put,392.5,390.0,1.1439,1.16,0.9861206896551724,0.1950286806883366,1.229812718001226,False,False,114.38999999999999,WIN
AVGO,2021-06-22,bull_put,465.0,462.5,1.217,1.2,1.0141666666666669,0.19780219780219788,0.3490923249023868,False,False,-128.29999999999998,LOSS
SPY,2021-06-22,bull_put,424.0,423.0,0.5255,0.5,1.051,0.02375296912114006,0.1936571721445569,False,False,52.55,WIN
MA,2021-06-22,bull_put,380.0,377.5,1.333,1.305,1.021455938697318,0.07317073170731704,0.13331021830362605,False,False,47.15000000000068,PARTIAL
PYPL,2021-06-22,bull_put,287.5,285.0,1.199,1.2,0.9991666666666668,0.1007194244604317,0.1183444203946861,False,False,119.9,WIN
SPY,2021-06-23,bull_put,423.0,422.5,0.2334,0.215,1.0855813953488371,0.014598540145985252,-0.053939151937273146,False,False,23.34,WIN
QQQ,2021-06-23,bull_put,348.0,347.5,0.2375,0.21,1.130952380952381,0.0060790273556231055,-0.004404571466419101,False,False,23.75,WIN
TSLA,2021-06-23,bull_put,660.0,657.5,1.3817,1.275,1.083686274509804,0.018099547511312312,0.056025883830826746,True,False,138.17,WIN
NFLX,2021-06-23,bull_put,515.0,512.5,1.4504,1.5,0.9669333333333333,0.11453744493392078,1.1698501592628239,False,False,145.04,WIN
FCX,2021-06-23,bull_put,37.5,37.0,0.2631,0.28,0.939642857142857,0.08695652173913036,1.3025443315364376,False,False,0.1550000000000995,PARTIAL
INTC,2021-06-23,bull_put,55.5,55.0,0.2451,0.24,1.02125,0.09708737864077678,17.702410790183354,False,False,24.51,WIN
CAT,2021-06-24,bull_put,220.0,217.5,1.1484,1.035,1.1095652173913044,0.3236994219653178,31.296438442855365,False,False,-135.16,LOSS
MSFT,2021-06-24,bull_put,267.5,265.0,1.1623,1.135,1.0240528634361235,0.20645161290322586,17.322747064523785,False,False,-131.7700000000018,PARTIAL
QQQ,2021-06-24,bull_put,350.0,349.0,0.459,0.43,1.0674418604651164,0.022813688212927778,4.333707150567491,False,False,-8.100000000002044,PARTIAL
PNC,2021-06-24,bull_put,190.0,187.5,1.135,1.175,0.9659574468085106,0.27848101265822783,4.07695850868449,False,False,113.5,WIN
PEP,2021-06-24,bull_put,146.0,145.0,0.4655,0.395,1.178481012658228,0.14876033057851235,3.6726740777903726,False,False,46.550000000000004,WIN
BAC,2021-06-24,bull_put,41.0,40.5,0.2344,0.22,1.0654545454545454,0.06451612903225801,2.9389188732459623,False,False,23.44,WIN
PYPL,2021-06-28,bull_put,295.0,292.5,1.3248,1.26,1.0514285714285714,0.04819277108433739,3.1187796949333237,False,False,-117.52,LOSS
V,2021-06-28,bull_put,235.0,232.5,1.1753,1.155,1.0175757575757576,0.08163265306122437,4.328325084415142,False,False,117.53,WIN
IBM,2021-06-28,bull_put,146.0,145.0,0.5528,0.54,1.0237037037037036,0.09900990099009908,2.7416991652364553,False,False,-44.72,LOSS
SO,2021-06-28,bull_put,61.5,61.0,0.2492,0.175,1.4240000000000002,0.3529411764705883,22.58837944581063,False,True,24.92,WIN
BDX,2021-06-28,bull_put,245.0,242.5,1.4128,1.375,1.0274909090909092,0.2857142857142857,74.74148772450398,False,False,141.28,WIN
AAPL,2021-06-28,bull_put,135.0,134.0,0.4576,0.455,1.0057142857142858,0.025316455696202552,19.681014319606675,True,False,45.76,WIN
MS,2021-06-29,bull_put,91.0,90.0,0.4829,0.485,0.9956701030927835,0.08071748878923754,112.75826960044536,False,False,48.29,WIN
INTC,2021-06-29,bull_put,57.0,56.5,0.2673,0.26,1.0280769230769229,0.09375000000000008,19.62178061213783,False,False,1.3649999999998996,PARTIAL
COST,2021-06-29,bull_put,400.0,397.5,1.2684,1.29,0.9832558139534884,0.1305841924398625,1.2919529258978446,False,False,10.419999999999884,PARTIAL
TJX,2021-06-29,bull_put,67.0,66.5,0.2599,0.245,1.0608163265306123,0.10370370370370363,0.6166773615762252,False,False,25.990000000000002,WIN
NOW,2021-06-29,bull_put,560.0,557.5,1.2398,1.15,1.0780869565217392,0.17054263565891467,0.1154501566382859,False,False,-126.02,LOSS
REGN,2021-06-29,bull_put,547.5,545.0,1.3261,2.275,0.582901098901099,0.8034188034188033,0.06565857984785173,False,True,132.61,WIN
ISRG,2021-06-30,bull_put,922.5,920.0,1.4168,2.4,0.5903333333333334,0.5531914893617021,0.12058704175317424,False,True,141.68,WIN
NFLX,2021-06-30,bull_put,530.0,527.5,1.3066,1.6,0.8166249999999999,0.06965174129353244,0.5062172712029183,False,False,130.66,WIN
PYPL,2021-06-30,bull_put,292.5,290.0,1.2217,1.19,1.026638655462185,0.1504587155963303,2.127419475032912,False,False,-103.82999999999909,PARTIAL
HD,2021-06-30,bull_put,320.0,317.5,1.2553,1.21,1.0374380165289256,0.07627118644067803,5.771017005930225,False,False,125.53,WIN
VRTX,2021-06-30,bull_put,202.5,200.0,1.1508,0.775,1.4849032258064516,1.0555555555555556,14.414252419578832,False,True,-80.9200000000008,PARTIAL
CSX,2021-06-30,bull_put,32.17,32.0,0.0995,0.2,0.4975,0.8235294117647058,251.51053390652393,True,True,9.950000000000001,WIN
CSX,2021-07-01,bull_put,32.33,32.17,0.0722,0.075,0.9626666666666667,0.8571428571428572,243.07237089088096,True,True,7.22,WIN
NSC,2021-07-01,bull_put,270.0,267.5,1.2371,1.25,0.9896800000000001,0.6000000000000001,55.65223823770841,False,True,123.71000000000001,WIN
AMGN,2021-07-01,bull_put,247.5,245.0,1.1295,1.105,1.0221719457013574,0.5342465753424658,9.156449996851446,False,True,112.94999999999999,WIN
XOM,2021-07-01,bull_put,63.5,63.0,0.2525,0.26,0.9711538461538461,0.13592233009708748,4.137097059439906,False,False,-7.7499999999998295,PARTIAL
SPY,2021-07-01,bull_put,431.0,430.0,0.5083,0.455,1.117142857142857,0.032520325203252064,2.8042787342163127,False,False,50.83,WIN
EOG,2021-07-01,bull_put,86.5,86.0,0.2806,0.325,0.8633846153846154,0.7999999999999999,0.7855728354453895,False,True,-21.94,LOSS
NOW,2021-07-06,bull_put,560.0,557.5,1.2338,1.3,0.949076923076923,0.090909090909091,0.060446907695760166,False,False,123.38,WIN
NVDA,2021-07-06,bull_put,830.0,827.5,1.2997,1.65,0.7876969696969698,0.08130081300813008,0.0732195684092778,False,False,-120.02999999999999,LOSS
SPY,2021-07-06,bull_put,433.0,432.5,0.2376,0.23,1.0330434782608695,0.005571030640668529,0.025985802250442194,False,False,23.76,WIN
QQQ,2021-07-06,bull_put,361.0,360.0,0.5261,0.48,1.0960416666666668,0.011385199240986644,0.6014277355470056,False,False,52.61,WIN
HD,2021-07-06,bull_put,320.0,317.5,1.1301,1.15,0.9826956521739132,0.14173228346456707,4.134733561534119,False,False,113.01,WIN
COST,2021-07-06,bull_put,400.0,397.5,1.2236,1.15,1.064,0.086092715231788,0.4218204562797515,False,False,122.36,WIN
AAPL,2021-07-07,bull_put,145.0,144.0,0.5307,0.515,1.0304854368932037,0.030534351145038195,49.01587566792394,True,False,53.06999999999999,WIN
MDT,2021-07-07,bull_put,128.0,127.0,0.5264,0.53,0.9932075471698112,0.5668449197860961,31.58895636384633,False,True,52.64,WIN
QQQ,2021-07-07,bull_put,362.0,361.0,0.5697,0.51,1.1170588235294117,0.03651115618661252,2.4721676901621326,False,False,-42.03000000000091,PARTIAL
FCX,2021-07-07,bull_put,36.5,36.0,0.2694,0.27,0.9977777777777777,0.1068702290076335,2.3024884554581413,False,False,13.469999999999999,PARTIAL
PYPL,2021-07-07,bull_put,297.5,295.0,1.1321,1.24,0.912983870967742,0.09893992932862199,2.0170194301144253,False,False,113.21000000000001,WIN
SPY,2021-07-07,bull_put,435.0,434.0,0.5084,0.485,1.0482474226804124,0.012121212121212133,1.1562206849972898,False,False,50.839999999999996,WIN
NVDA,2021-07-08,bull_put,797.5,795.0,1.2669,1.375,0.9213818181818181,0.13071895424836602,-0.0757310086798691,False,False,126.69,WIN
TSLA,2021-07-08,bull_put,655.0,652.5,1.2693,1.25,1.0154400000000001,0.08571428571428566,-0.06543849763859297,True,False,126.93,WIN
REGN,2021-07-08,bull_put,575.0,572.5,1.206,1.05,1.1485714285714286,0.4615384615384615,-0.14888942932338634,False,False,120.6,WIN
AMGN,2021-07-08,bull_put,245.0,242.5,1.1536,1.05,1.0986666666666667,0.3170731707317073,27.75453233943491,False,False,115.36,WIN
CL,2021-07-08,bull_put,82.5,82.0,0.2608,0.225,1.159111111111111,0.4000000000000001,97.55689149672651,False,False,9.54000000000034,PARTIAL
NFLX,2021-07-08,bull_put,532.5,530.0,1.3756,1.195,1.1511297071129707,0.35294117647058826,-0.012140564966276865,False,False,137.56,WIN
PYPL,2021-07-12,bull_put,305.0,302.5,1.3501,1.36,0.9927205882352941,0.06741573033707862,1.9994730179252618,False,False,-114.99,LOSS
MA,2021-07-12,bull_put,377.5,375.0,1.3302,1.325,1.003924528301887,0.08695652173913045,2.5080578378659633,False,False,133.02,WIN
NFLX,2021-07-12,bull_put,540.0,537.5,1.4108,1.375,1.0260363636363636,0.0494699646643109,0.5370746119237788,False,False,-108.91999999999999,LOSS
AAPL,2021-07-12,bull_put,145.0,144.0,0.4931,0.5,0.9862,0.042813455657492255,15.114060676330576,True,False,49.309999999999995,WIN
INTC,2021-07-12,bull_put,57.0,56.5,0.2676,0.25,1.0704,0.056338028169014134,20.548974941914302,False,False,-23.24,LOSS
CL,2021-07-12,bull_put,83.0,82.5,0.2358,0.225,1.048,0.36363636363636365,3.5008105304313246,False,False,23.580000000000002,WIN
AAPL,2021-07-13,bull_put,146.0,145.0,0.4629,0.455,1.0173626373626372,0.03636363636363624,5.374526707247769,True,False,46.29,WIN
MO,2021-07-13,bull_put,47.0,46.5,0.2331,0.23,1.0134782608695652,0.1860465116279069,2.653096846398838,False,False,23.31,WIN
INTC,2021-07-13,bull_put,57.0,56.5,0.2255,0.225,1.0022222222222221,0.14035087719298237,2.4067490492696884,False,False,-27.450000000000003,LOSS
PYPL,2021-07-13,bull_put,302.5,300.0,1.2544,1.18,1.0630508474576272,0.06896551724137931,0.8861091556062501,False,False,-124.56,LOSS
MA,2021-07-13,bull_put,385.0,382.5,1.233,1.215,1.0148148148148148,0.11320754716981137,0.144691673446751,False,False,123.30000000000001,WIN
RTX,2021-07-13,bull_put,85.5,85.0,0.2487,0.23,1.0813043478260869,0.18181818181818182,0.06390855571290584,False,False,-25.130000000000003,LOSS
AVGO,2021-07-14,bull_put,482.5,480.0,1.1522,1.2,0.9601666666666666,0.13333333333333333,-0.01541108097684184,False,False,-134.78,LOSS
SPY,2021-07-14,bull_put,437.0,436.0,0.4773,0.445,1.0725842696629213,0.011904761904761916,-0.00887247990187632,False,False,-52.27,LOSS
QQQ,2021-07-14,bull_put,364.0,363.0,0.5014,0.45,1.114222222222222,0.023094688221708924,0.4024558282210934,False,False,-49.86,LOSS
GS,2021-07-14,bull_put,375.0,372.5,1.1723,1.21,0.9688429752066116,0.09790209790209792,0.7345176643701168,False,False,-132.77,LOSS
NFLX,2021-07-14,bull_put,550.0,547.5,1.35,1.3,1.0384615384615385,0.09523809523809523,0.8573336870370132,False,False,-114.99999999999999,LOSS
SO,2021-07-14,bull_put,62.0,61.5,0.2527,0.2,1.2634999999999998,0.2857142857142858,14.523502909071723,False,True,25.27,WIN
NFLX,2021-07-15,bull_put,545.0,542.5,1.4104,1.25,1.12832,0.22485207100591723,3.2125571586976838,False,False,-108.96,LOSS
QQQ,2021-07-15,bull_put,361.0,360.0,0.5119,0.495,1.0341414141414143,0.04519774011299439,1.924329940930213,False,False,-48.809999999999995,LOSS
GILD,2021-07-15,bull_put,68.5,68.0,0.2617,0.225,1.163111111111111,0.15789473684210525,-0.27600563017991553,False,False,26.169999999999998,WIN
IWM,2021-07-15,bull_put,218.0,217.0,0.4875,0.49,0.9948979591836735,0.019672131147541003,-0.4378523888032664,False,False,-51.24999999999999,LOSS
SPY,2021-07-15,bull_put,435.0,434.0,0.4536,0.44,1.030909090909091,0.007067137809187285,-0.6735971758217674,False,False,-54.64,LOSS
PM,2021-07-15,bull_put,99.5,99.0,0.2342,0.195,1.201025641025641,0.12048192771084333,-3.7148811235393198,False,False,-26.58,LOSS
COST,2021-07-19,bull_put,415.0,412.5,1.2094,0.98,1.2340816326530613,0.2051282051282051,0.04802377510876081,False,False,120.94,WIN
NOW,2021-07-19,bull_put,557.5,555.0,1.424,1.2,1.1866666666666668,0.3115577889447236,0.18158038664283585,False,False,142.4,WIN
AAPL,2021-07-19,bull_put,143.0,142.0,0.4883,0.475,1.028,0.02288329519450793,0.4056809755706335,True,False,48.83,WIN
SO,2021-07-19,bull_put,63.0,62.5,0.2801,0.175,1.6005714285714288,0.23999999999999985,0.5716794847220702,False,True,28.01,WIN
BDX,2021-07-19,bull_put,247.5,245.0,1.1259,1.125,1.0008,0.38016528925619825,6.964636512017942,False,False,112.58999999999999,WIN
VRTX,2021-07-19,bull_put,200.0,197.5,1.3015,0.2,6.5075,0.8368794326241136,12.504403591848115,False,True,130.15,WIN
AAPL,2021-07-20,bull_put,147.0,146.0,0.5343,0.525,1.0177142857142856,0.02105263157894739,10.958583079787976,True,False,53.43,WIN
QQQ,2021-07-20,bull_put,360.0,359.0,0.5721,0.545,1.049724770642202,0.03257328990228016,0.944404494645025,False,False,57.21000000000001,WIN
TSLA,2021-07-20,bull_put,665.0,662.5,1.4082,1.425,0.9882105263157893,0.043392504930966386,0.06370856734727001,True,False,-109.18,LOSS
SPY,2021-07-20,bull_put,432.0,431.0,0.493,0.445,1.1078651685393257,0.007117437722419936,0.010475975396402057,False,False,49.3,WIN
RTX,2021-07-20,bull_put,85.0,84.5,0.2407,0.26,0.9257692307692307,0.1639344262295082,0.004539247008500513,False,False,24.07,WIN
NVDA,2021-07-20,bull_put,187.5,186.88,0.3376,0.4,0.844,0.10000000000000009,-0.0025996038295005436,True,False,33.76,WIN
GS,2021-07-21,bull_put,375.0,372.5,1.2851,1.315,0.9772623574144487,0.08108108108108115,1.3987873347514628,False,False,16.755000000000564,PARTIAL
NOW,2021-07-21,bull_put,570.0,567.5,1.5989,1.25,1.27912,0.1904761904761905,1.7685713988527691,False,True,159.89,WIN
NVDA,2021-07-21,bull_put,195.0,194.38,0.3382,0.3,1.1273333333333333,0.08547008547008547,5.101069367615164,True,False,33.82,WIN
AAPL,2021-07-21,bull_put,146.0,145.0,0.5207,0.52,1.0013461538461539,0.04946996466431099,9.250588642890767,True,False,52.07000000000001,WIN
VRTX,2021-07-21,bull_put,197.5,195.0,1.319,1.425,0.9256140350877192,1.064935064935065,14.82542675775374,False,True,131.9,WIN
ADI,2021-07-21,bull_put,165.0,162.5,1.1572,1.725,0.6708405797101449,1.826086956521739,55.001371673504366,False,True,-29.279999999998864,PARTIAL
BDX,2021-07-22,bull_put,250.0,247.5,1.1402,1.025,1.1123902439024391,0.5964912280701755,48.50463925566638,False,True,114.02000000000001,WIN
AAPL,2021-07-22,bull_put,147.0,146.0,0.4508,0.425,1.0607058823529412,0.047619047619047665,28.459879476634452,True,False,45.08,WIN
TJX,2021-07-22,bull_put,67.5,67.0,0.2843,0.425,0.6689411764705883,0.8292682926829269,14.606096824238316,False,True,28.43,WIN
CL,2021-07-22,bull_put,82.0,81.5,0.2534,0.2,1.267,0.46153846153846156,13.819554185431286,False,True,25.34,WIN
NVDA,2021-07-22,bull_put,196.88,196.25,0.3569,0.365,0.9778082191780822,0.18884120171673816,10.772261005728865,True,False,-27.310000000000002,LOSS
AVGO,2021-07-22,bull_put,477.5,475.0,1.3632,1.25,1.09056,0.18803418803418814,5.562100877265525,False,False,136.32,WIN
IBM,2021-07-26,bull_put,143.0,142.0,0.4564,0.45,1.0142222222222221,0.07594936708860765,0.12954928427854584,False,False,-54.36,LOSS
AVGO,2021-07-26,bull_put,485.0,482.5,1.439,2.05,0.7019512195121952,0.17647058823529413,0.41138296411877556,False,False,143.9,WIN
FCX,2021-07-26,bull_put,37.0,36.5,0.27,0.27,1.0,0.06593406593406588,0.5788708043925573,False,False,27.0,WIN
TJX,2021-07-26,bull_put,69.0,68.5,0.2795,0.215,1.3,0.19354838709677424,1.426494000879463,False,True,4.475000000000115,PARTIAL
INTC,2021-07-26,bull_put,54.5,54.0,0.2427,0.25,0.9708,0.12080536912751688,1.5771136686639051,False,False,-25.729999999999997,LOSS
BDX,2021-07-26,bull_put,250.0,247.5,1.1267,1.0,1.1267,0.1702127659574468,2.5645375079119415,False,False,112.67,WIN
AVGO,2021-07-27,bull_put,477.5,475.0,1.4498,1.15,1.2606956521739132,0.2903225806451613,0.47741870622120786,False,True,144.98,WIN
QQQ,2021-07-27,bull_put,365.0,364.0,0.5217,0.52,1.0032692307692308,0.07152317880794702,0.21519223597082487,False,False,4.584999999999662,PARTIAL
TSLA,2021-07-27,bull_put,650.0,647.5,1.3705,1.325,1.0343396226415096,0.04794520547945201,0.011282504524534808,True,False,137.05,WIN
SPY,2021-07-27,bull_put,440.0,439.0,0.5406,0.51,1.0599999999999998,0.006289308176100635,0.007384337119135196,False,False,-45.94,LOSS
NVDA,2021-07-27,bull_put,193.13,192.5,0.3449,0.325,1.0612307692307692,0.04137931034482768,-0.010616456966479657,True,False,34.489999999999995,WIN
PM,2021-07-27,bull_put,100.0,99.5,0.2409,0.22,1.095,0.1986754966887416,-0.020583978684625612,False,False,24.09,WIN
TJX,2021-07-28,bull_put,68.0,67.5,0.2423,0.23,1.0534782608695652,0.3018867924528301,0.05875600891129335,False,False,24.23,WIN
TSLA,2021-07-28,bull_put,650.0,647.5,1.3993,1.325,1.0560754716981133,0.049861495844875266,0.22674281770467053,True,False,139.93,WIN
SPY,2021-07-28,bull_put,439.0,438.0,0.4578,0.43,1.0646511627906976,0.010582010582010592,0.024655589591120772,False,False,-3.220000000000911,PARTIAL
QQQ,2021-07-28,bull_put,366.0,365.0,0.4742,0.485,0.9777319587628867,0.048780487804877995,0.6999198463512472,False,False,-52.580000000000005,LOSS
NVDA,2021-07-28,bull_put,195.63,195.0,0.3273,0.325,1.007076923076923,0.030534351145038195,1.022699433132136,True,False,-30.270000000000003,LOSS
MDT,2021-07-28,bull_put,131.0,130.0,0.5002,0.53,0.9437735849056603,0.11538461538461549,0.3991585869362474,False,False,50.019999999999996,WIN
AAPL,2021-07-29,bull_put,146.0,145.0,0.477,0.46,1.0369565217391303,0.073170731707317,18.189139268132973,True,False,16.85000000000068,PARTIAL
BLK,2021-07-29,bull_put,870.0,867.5,1.2362,1.3,0.9509230769230769,0.4367816091954023,4.291600366028393,False,False,-126.38000000000001,LOSS
QQQ,2021-07-29,bull_put,367.0,366.0,0.5518,0.655,0.8424427480916029,0.08656036446469245,3.97239241051783,False,False,-44.82,LOSS
SPY,2021-07-29,bull_put,441.0,440.0,0.4613,0.46,1.0028260869565218,0.02264150943396228,0.22971087896739134,False,False,-53.87,LOSS
TSLA,2021-07-29,bull_put,680.0,677.5,1.3554,1.3,1.0426153846153845,0.05714285714285705,0.07410114603846346,True,False,135.54,WIN
IWM,2021-07-29,bull_put,223.0,222.5,0.2426,0.21,1.1552380952380954,0.017241379310344845,-0.027453847374971016,False,False,-25.740000000000002,LOSS
MA,2021-08-02,bull_put,377.5,375.0,1.3335,1.05,1.2699999999999998,0.06334841628959285,0.7688056603689335,False,True,-116.65,LOSS
SBUX,2021-08-02,bull_put,121.0,120.0,0.5322,0.485,1.097319587628866,0.13138686131386856,0.9557992339840521,False,False,-46.78,LOSS
PYPL,2021-08-02,bull_put,272.5,270.0,1.2778,1.33,0.9607518796992481,0.10404624277456653,1.1821689566876556,False,False,127.78,WIN
NVDA,2021-08-02,bull_put,198.75,198.13,0.3525,0.35,1.0071428571428571,0.03680981595092033,1.9894720135123145,True,False,35.25,WIN
IBM,2021-08-02,bull_put,142.0,141.0,0.5007,0.43,1.1644186046511629,0.046511627906976785,2.9397252090128214,False,False,50.07,WIN
CSX,2021-08-02,bull_put,32.17,32.0,0.0827,0.075,1.1026666666666667,0.46153846153846156,9.527868639828922,True,False,8.27,WIN
CSX,2021-08-03,bull_put,32.5,32.33,0.1009,0.075,1.3453333333333335,0.5454545454545453,51.972860953183236,True,True,-6.909999999999999,LOSS
PFE,2021-08-03,bull_put,46.0,45.5,0.3158,0.295,1.0705084745762714,0.15172413793103445,11.922580112922757,False,False,-18.42,LOSS
PYPL,2021-08-03,bull_put,275.0,272.5,1.2501,1.015,1.231625615763547,0.2324159021406727,4.79459821633012,False,False,125.01,WIN
SPY,2021-08-03,bull_put,442.0,441.0,0.5241,0.48,1.0918750000000002,0.017699115044247607,0.9393951003425254,False,False,52.410000000000004,WIN
LOW,2021-08-03,bull_put,195.0,192.5,1.1308,1.125,1.0051555555555556,0.28155339805825247,0.8428747270501682,False,False,-136.92,LOSS
PNC,2021-08-03,bull_put,187.5,185.0,1.1819,1.425,0.8294035087719298,0.13861386138613863,0.6847303996460908,False,False,118.19,WIN
BLK,2021-08-04,bull_put,885.0,882.5,1.3335,1.3,1.0257692307692308,0.17142857142857132,-0.0939258224963962,False,False,133.35,WIN
QQQ,2021-08-04,bull_put,368.0,367.5,0.2413,0.215,1.1223255813953488,0.021505376344085923,-0.016099338713334223,False,False,24.13,WIN
AVGO,2021-08-04,bull_put,490.0,487.5,1.3001,1.1,1.1819090909090908,0.08888888888888896,-0.15898281710833545,False,False,-119.99,LOSS
NVDA,2021-08-04,bull_put,203.75,203.13,0.3443,0.335,1.0277611940298508,0.030769230769230875,2.7356804239286094,True,False,12.71499999999983,PARTIAL
CSX,2021-08-04,bull_put,32.0,31.83,0.1094,0.1,1.0939999999999999,0.3999999999999999,63.490264232571455,True,False,10.94,WIN
NOW,2021-08-04,bull_put,595.0,592.5,1.2585,1.05,1.1985714285714284,0.23008849557522118,0.022891705214682048,False,False,-124.15,LOSS
AMGN,2021-08-05,bull_put,235.0,232.5,1.3631,1.91,0.7136649214659686,0.5321100917431193,96.76270464600182,False,True,-113.69,LOSS
CL,2021-08-05,bull_put,79.0,78.5,0.2642,0.2,1.321,0.46153846153846156,44.12443983539925,False,True,-10.580000000000457,PARTIAL
NVDA,2021-08-05,bull_put,206.88,206.25,0.3245,0.33,0.9833333333333333,0.1348314606741573,18.898536509347796,True,False,-30.55,LOSS
SPY,2021-08-05,bull_put,442.0,441.0,0.4695,0.44,1.0670454545454544,0.007662835249042151,2.7463790110822535,False,False,46.949999999999996,WIN
BLK,2021-08-05,bull_put,890.0,887.5,1.2078,1.85,0.6528648648648648,0.33707865168539325,1.6776451184545709,False,False,120.78,WIN
NOW,2021-08-05,bull_put,597.5,595.0,1.348,1.35,0.9985185185185185,0.23809523809523808,0.7592824674171175,False,False,-115.19999999999999,LOSS
NVDA,2021-08-09,bull_put,203.75,203.13,0.3314,0.32,1.0356249999999998,0.03174603174603177,0.6786237200179565,True,False,-28.860000000000003,LOSS
MRK,2021-08-09,bull_put,75.5,75.0,0.2464,0.25,0.9856,0.11570247933884308,1.1409005696486205,False,False,24.64,WIN
NFLX,2021-08-09,bull_put,522.5,520.0,1.3814,1.575,0.8770793650793651,0.13545816733067736,0.2169003819752695,False,False,-111.86,LOSS
PFE,2021-08-09,bull_put,46.0,45.5,0.2526,0.245,1.0310204081632652,0.07692307692307698,23.254822825640584,False,False,25.259999999999998,WIN
CSX,2021-08-09,bull_put,32.5,32.0,0.2593,-0.05,-5.185999999999999,0.33333333333333326,510.88970590029953,True,True,25.929999999999996,WIN
PYPL,2021-08-09,bull_put,280.0,277.5,1.3237,1.31,1.0104580152671756,0.05128205128205133,2.6534495891066836,False,False,-117.63,LOSS
HD,2021-08-10,bull_put,332.5,330.0,1.1813,1.175,1.0053617021276595,0.12099644128113873,2.0030817629244586,False,False,0.06499999999965977,PARTIAL
CAT,2021-08-10,bull_put,215.0,212.5,1.2089,1.205,1.0032365145228217,0.07874015748031503,2.7104675535483356,False,False,120.89000000000001,WIN
QQQ,2021-08-10,bull_put,367.5,366.0,0.7316,0.665,1.1001503759398497,0.01307189542483671,1.4449297980597589,False,False,73.16,WIN
PYPL,2021-08-10,bull_put,275.0,272.5,1.1727,1.095,1.070958904109589,0.05309734513274333,6.572771347505796,False,False,54.135000000001256,PARTIAL
AAPL,2021-08-10,bull_put,146.0,145.0,0.4711,0.47,1.002340425531915,0.04184100418410046,27.878251807007974,True,False,47.11,WIN
PFE,2021-08-10,bull_put,48.5,48.0,0.2939,0.29,1.013448275862069,0.08805031446540876,3.2938160579358584,False,False,13.694999999999844,PARTIAL
RTX,2021-08-11,bull_put,89.0,88.5,0.417,0.315,1.3238095238095238,0.3602484472049689,127.64743538916,False,True,-8.3,LOSS
PG,2021-08-11,bull_put,143.0,142.0,0.5043,0.39,1.293076923076923,0.1538461538461538,30.241835372996746,False,True,50.43,WIN
PYPL,2021-08-11,bull_put,277.5,275.0,1.1984,1.155,1.0375757575757574,0.05988023952095805,15.318939275262144,False,False,-130.16,LOSS
CAT,2021-08-11,bull_put,222.5,220.0,1.2111,1.195,1.0134728033472804,0.06666666666666674,11.192135261781408,False,False,-128.89,LOSS
COST,2021-08-11,bull_put,445.0,442.5,1.1491,1.08,1.0639814814814814,0.13226452905811625,10.127553212447207,False,False,114.91,WIN
FCX,2021-08-11,bull_put,39.0,38.5,0.2676,0.27,0.991111111111111,0.09230769230769238,3.689053048437633,False,False,-23.24,LOSS
ISRG,2021-08-12,bull_put,1002.5,1000.0,1.3217,1.625,0.8133538461538462,0.6956521739130436,0.018259778799992785,False,True,132.17000000000002,WIN
GOOGL,2021-08-12,bull_put,2747.5,2745.0,1.4018,2.55,0.5497254901960784,0.12389380530973454,0.001152154544196141,False,False,140.18,WIN
TSLA,2021-08-12,bull_put,725.0,722.5,1.3924,1.45,0.9602758620689656,0.0756013745704467,0.13771208210070962,True,False,-110.75999999999999,LOSS
GILD,2021-08-12,bull_put,71.0,70.5,0.2353,0.14,1.6807142857142856,0.7142857142857143,2.6748086013585275,False,True,23.53,WIN
NOW,2021-08-12,bull_put,582.5,580.0,1.3721,1.15,1.1931304347826088,0.3614457831325302,2.4864542419755895,False,False,137.21,WIN
NVDA,2021-08-12,bull_put,199.38,198.75,0.3098,0.125,2.4784,0.38596491228070184,18.54831924679961,True,True,30.98,WIN
BDX,2021-08-16,bull_put,250.0,247.5,1.1486,1.05,1.093904761904762,0.22727272727272735,50.214360734420836,False,False,22.43000000000057,PARTIAL
MO,2021-08-16,bull_put,48.5,48.0,0.2254,0.2,1.1269999999999998,0.05128205128205133,7.951629179976127,False,False,9.769999999999943,PARTIAL
CL,2021-08-16,bull_put,80.0,79.5,0.2586,0.25,1.0344,0.23999999999999985,4.501508267738613,False,False,-24.14,LOSS
IBM,2021-08-16,bull_put,144.0,143.0,0.4922,0.465,1.058494623655914,0.04329004329004334,3.1388133069416186,False,False,-50.78,LOSS
PYPL,2021-08-16,bull_put,280.0,277.5,1.3069,1.28,1.021015625,0.03973509933774832,0.14763467958884008,False,False,-119.31,LOSS
AVGO,2021-08-16,bull_put,490.0,487.5,1.324,1.2,1.1033333333333335,0.12173913043478249,0.05723266590187787,False,False,-117.6,LOSS
MA,2021-08-17,bull_put,365.0,362.5,1.2984,1.3,0.9987692307692307,0.10404624277456653,-0.07868163632340831,False,False,-120.16,LOSS
DE,2021-08-17,bull_put,380.0,377.5,1.3847,1.425,0.971719298245614,0.06185567010309275,-0.049977635682456285,False,False,-111.53,LOSS
QQQ,2021-08-17,bull_put,366.0,365.0,0.4861,0.435,1.117471264367816,0.016806722689075647,-0.012646939730539753,False,False,48.61,WIN
PM,2021-08-17,bull_put,103.0,102.0,0.5452,0.52,1.0484615384615386,0.187192118226601,0.4088608254004832,False,False,-45.48,LOSS
MRK,2021-08-17,bull_put,79.0,78.5,0.2433,0.195,1.2476923076923077,0.27027027027027034,1.1589236089299935,False,False,-7.669999999999319,PARTIAL
ABT,2021-08-17,bull_put,126.0,125.0,0.4638,0.41,1.131219512195122,0.08955223880597024,0.37886027908458303,False,False,46.379999999999995,WIN
AAPL,2021-08-18,bull_put,147.0,146.0,0.4933,0.51,0.9672549019607843,0.05917159763313615,3.3348623965897644,True,False,49.33,WIN
MRK,2021-08-18,bull_put,78.0,77.5,0.2466,0.235,1.0493617021276598,0.09836065573770501,0.3773352127436999,False,False,24.66,WIN
QQQ,2021-08-18,bull_put,363.0,362.0,0.506,0.465,1.0881720430107527,0.03448275862068968,-0.014725677742768423,False,False,50.6,WIN
SPY,2021-08-18,bull_put,440.0,439.0,0.4723,0.42,1.1245238095238095,0.0064308681672025775,-0.07080459652546557,False,False,47.23,WIN
DE,2021-08-18,bull_put,375.0,372.5,1.3493,1.15,1.173304347826087,0.055248618784530384,-0.07878719390381485,False,False,-115.07000000000001,LOSS
IWM,2021-08-18,bull_put,215.0,214.0,0.5006,0.47,1.0651063829787235,0.0235294117647058,-0.09203489422800802,False,False,50.06,WIN
FCX,2021-08-19,bull_put,32.5,32.0,0.2301,0.215,1.0702325581395349,0.13333333333333333,-2.483673536272299,False,False,23.01,WIN
USB,2021-08-19,bull_put,55.5,55.0,0.2259,0.235,0.9612765957446808,0.18947368421052638,-2.9156058411931465,False,False,22.59,WIN
AVGO,2021-08-19,bull_put,475.0,472.5,1.1767,1.4,0.8405000000000001,0.08219178082191776,-0.7536776913556943,False,False,117.67,WIN
DE,2021-08-19,bull_put,362.5,360.0,1.4134,0.5,2.8268,0.35064935064935077,-0.15727701815106038,False,True,-108.66,LOSS
NVDA,2021-08-19,bull_put,198.75,197.5,0.6471,0.705,0.917872340425532,0.12290502793296092,3.5846582669012594,True,False,64.71000000000001,WIN
GS,2021-08-19,bull_put,395.0,392.5,1.1852,1.64,0.7226829268292684,0.20689655172413793,-1.7806704338720067,False,False,118.52000000000001,WIN
ADP,2021-08-23,bull_put,212.5,210.0,1.2061,1.025,1.1766829268292684,0.10526315789473682,28.57929155901249,False,False,-129.39000000000001,LOSS
AAPL,2021-08-23,bull_put,150.0,149.0,0.4504,0.44,1.0236363636363637,0.013888888888888902,7.703157596674275,True,False,-54.96,LOSS
PFE,2021-08-23,bull_put,50.5,50.0,0.3109,0.335,0.9280597014925372,0.0377358490566038,7.148949335680683,False,False,-18.91,LOSS
NVDA,2021-08-23,bull_put,220.0,217.5,1.1462,1.145,1.001048034934498,0.02564102564102566,5.629224890009204,True,False,114.62,WIN
INTC,2021-08-23,bull_put,53.5,53.0,0.2462,0.255,0.9654901960784313,0.09090909090909083,4.93475271331122,False,False,24.62,WIN
V,2021-08-23,bull_put,235.0,232.5,1.1387,1.15,0.9901739130434783,0.05932203389830513,4.020934700272146,False,False,-117.13000000000022,PARTIAL
NVDA,2021-08-24,bull_put,220.0,217.5,1.3727,1.395,0.9840143369175627,0.03550295857988153,5.580644113117219,True,False,137.27,WIN
AAPL,2021-08-24,bull_put,150.0,149.0,0.4561,0.455,1.0024175824175825,0.03174603174603177,10.051356841345768,True,False,-54.39000000000001,LOSS
FCX,2021-08-24,bull_put,35.5,35.0,0.2602,0.255,1.020392156862745,0.06993006993006999,2.3759025851896993,False,False,26.02,WIN
NSC,2021-08-24,bull_put,260.0,257.5,1.202,0.225,5.3422222222222215,0.44628099173553715,0.8542369360264992,False,True,120.19999999999999,WIN
MRK,2021-08-24,bull_put,78.0,77.5,0.2589,0.255,1.015294117647059,0.09090909090909083,0.405579416968962,False,False,-24.11,LOSS
COST,2021-08-24,bull_put,452.5,450.0,1.1398,1.11,1.0268468468468468,0.11023622047244098,0.15553421736159342,False,False,-102.02000000000251,PARTIAL
MDT,2021-08-25,bull_put,135.0,134.0,0.4905,0.575,0.8530434782608696,0.672566371681416,0.16429942055422292,False,True,-50.949999999999996,LOSS
PNC,2021-08-25,bull_put,192.5,190.0,1.1872,0.5,2.3744,0.5352112676056338,27.70008842788926,False,True,118.72,WIN
GS,2021-08-25,bull_put,415.0,412.5,1.3101,1.315,0.9962737642585552,0.08383233532934124,0.11794803438749132,False,False,131.01,WIN
VRTX,2021-08-25,bull_put,202.5,200.0,1.4931,2.375,0.6286736842105264,1.0387596899224807,217.14342167476426,False,True,-100.69,LOSS
INTC,2021-08-25,bull_put,54.0,53.5,0.2486,0.22,1.13,0.13333333333333333,46.64499681539766,False,False,6.930000000000028,PARTIAL
QQQ,2021-08-25,bull_put,375.0,374.0,0.4542,0.415,1.0944578313253013,0.018126888217522678,0.07334184018001273,False,False,45.42,WIN
RTX,2021-08-26,bull_put,85.0,84.5,0.233,0.24,0.9708333333333334,0.25925925925925924,-2.4925861551740516,False,False,23.3,WIN
SPY,2021-08-26,bull_put,447.0,446.0,0.4617,0.42,1.0992857142857144,0.006230529595015582,-0.5566073625299209,False,False,46.17,WIN
CVX,2021-08-26,bull_put,97.5,97.0,0.2432,0.215,1.1311627906976744,0.1374045801526717,-1.3862062156035977,False,False,24.32,WIN
QQQ,2021-08-26,bull_put,373.0,372.0,0.4557,0.445,1.0240449438202246,0.0058997050147492685,-0.2861720157291675,False,False,45.57,WIN
TSLA,2021-08-26,bull_put,702.5,700.0,1.1864,1.15,1.0316521739130435,0.036036036036036063,-0.03327412666962592,True,False,118.63999999999999,WIN
ORCL,2021-08-26,bull_put,89.0,88.5,0.2542,0.235,1.0817021276595744,0.23423423423423426,-0.5487427807680493,False,False,25.419999999999998,WIN
PYPL,2021-08-30,bull_put,290.0,287.5,1.3673,1.395,0.9801433691756272,0.06289308176100618,10.966970322227537,False,False,24.86499999999977,PARTIAL
COST,2021-08-30,bull_put,457.5,455.0,1.2388,1.245,0.995020080321285,0.10666666666666676,1.1484833842350588,False,False,123.88,WIN
SPY,2021-08-30,bull_put,453.0,452.0,0.5103,0.46,1.1093478260869565,0.004889975550122145,1.1091605858964162,False,False,51.03,WIN
FCX,2021-08-30,bull_put,37.0,36.5,0.2569,0.255,1.007450980392157,0.049999999999999906,0.7251762493595342,False,False,-24.310000000000002,LOSS
QQQ,2021-08-30,bull_put,381.0,380.0,0.4699,0.465,1.0105376344086021,0.017857142857142672,0.0025796324580498802,False,False,46.989999999999995,WIN
IWM,2021-08-30,bull_put,226.0,225.0,0.5037,0.47,1.0717021276595746,0.013015184381778658,-0.0024072842454350278,False,False,50.370000000000005,WIN
DE,2021-08-31,bull_put,380.0,377.5,1.3774,1.285,1.0719066147859924,0.17341040462427745,0.0035803753150546436,False,False,137.74,WIN
ISRG,2021-08-31,bull_put,1057.5,1055.0,1.3495,0.9,1.4994444444444444,0.6355140186915889,0.014375954753414747,False,True,134.95,WIN
REGN,2021-08-31,bull_put,675.0,672.5,1.3403,0.55,2.436909090909091,0.31999999999999995,0.02651872967913788,False,True,134.03,WIN
BDX,2021-08-31,bull_put,252.5,250.0,1.1563,1.1,1.0511818181818182,0.15053763440860218,4.419207680961835,False,False,115.63000000000001,WIN
PYPL,2021-08-31,bull_put,290.0,287.5,1.3222,1.4,0.9444285714285715,0.07407407407407407,13.755403488085847,False,False,22.609999999999776,PARTIAL
MRK,2021-08-31,bull_put,76.5,76.0,0.2385,0.325,0.7338461538461538,0.13559322033898297,0.5958565329932628,False,False,23.849999999999998,WIN
COST,2021-09-01,bull_put,457.5,455.0,1.2772,1.19,1.0732773109243696,0.15277777777777776,11.6388675371468,False,False,127.71999999999998,WIN
ADP,2021-09-01,bull_put,207.5,205.0,1.2488,0.9,1.3875555555555554,0.11320754716981125,5.218624485718366,False,True,56.43999999999977,PARTIAL
PYPL,2021-09-01,bull_put,287.5,285.0,1.1541,1.175,0.9822127659574467,0.09565217391304356,0.5402027183880428,False,False,115.41,WIN
IWM,2021-09-01,bull_put,228.0,227.5,0.2556,0.26,0.9830769230769231,0.03726708074534151,-0.01256884888049263,False,False,10.780000000000397,PARTIAL
ABBV,2021-09-01,bull_put,113.0,112.0,0.5367,0.535,1.0031775700934578,0.26190476190476186,-0.017415531732859865,False,False,-46.33,LOSS
REGN,2021-09-01,bull_put,682.5,680.0,1.2113,1.65,0.7341212121212122,0.4307692307692309,-0.07124539370718232,False,False,-128.87,LOSS
CVX,2021-09-02,bull_put,98.0,97.5,0.2557,0.245,1.043673469387755,0.1984732824427481,0.6520747806951662,False,False,-24.43,LOSS
ORCL,2021-09-02,bull_put,90.0,89.5,0.2454,0.25,0.9816,0.14814814814814806,1.066437656441282,False,False,12.27,PARTIAL
QQQ,2021-09-02,bull_put,381.0,380.0,0.5025,0.445,1.1292134831460672,0.04530744336569584,2.828986871222312,False,False,50.24999999999999,WIN
PFE,2021-09-02,bull_put,47.0,46.5,0.2348,0.26,0.9030769230769231,0.1408450704225352,51.834376071100365,False,False,3.7400000000001707,PARTIAL
EMR,2021-09-02,bull_put,106.0,105.0,0.5365,0.4,1.3412499999999998,0.5,89.42860713696977,False,True,-8.350000000000456,PARTIAL
CAT,2021-09-02,bull_put,212.5,210.0,1.1396,1.12,1.0174999999999998,0.25766871165644184,6.873816578059918,False,False,-99.03999999999955,PARTIAL
NVDA,2021-09-07,bull_put,227.5,225.0,1.1824,1.2,0.9853333333333333,0.04800000000000011,9.777136681893795,True,False,-131.76000000000002,LOSS
PYPL,2021-09-07,bull_put,295.0,292.5,1.3576,1.345,1.009368029739777,0.0555555555555556,9.197338169014547,False,False,-114.24000000000001,LOSS
HD,2021-09-07,bull_put,330.0,327.5,1.1682,1.165,1.0027467811158797,0.12857142857142853,2.1041508664117137,False,False,116.82,WIN
PFE,2021-09-07,bull_put,47.0,46.5,0.2663,0.285,0.9343859649122808,0.10344827586206885,1.3672072081129898,False,False,-23.369999999999997,LOSS
NOW,2021-09-07,bull_put,662.5,660.0,1.1966,0.95,1.2595789473684211,0.11594202898550722,0.007690852115077523,False,True,-130.33999999999997,LOSS
QQQ,2021-09-07,bull_put,382.5,382.0,0.2447,0.22,1.1122727272727273,0.01980198019801982,0.0003663935583015731,False,False,-25.53,LOSS
REGN,2021-09-08,bull_put,670.0,667.5,1.3034,0.525,2.4826666666666664,0.7547169811320755,0.02760591704848953,False,True,-119.66000000000001,LOSS
NOW,2021-09-08,bull_put,655.0,652.5,1.247,1.15,1.0843478260869568,0.16666666666666666,0.03464019745408548,False,False,-125.29999999999998,LOSS
EOG,2021-09-08,bull_put,67.5,67.0,0.2721,0.22,1.2368181818181818,0.14207650273224043,0.09024737595586171,False,False,-8.789999999999942,PARTIAL
HD,2021-09-08,bull_put,332.5,330.0,1.2657,1.115,1.1351569506726458,0.07317073170731696,16.781662982908703,False,False,35.784999999999435,PARTIAL
VRTX,2021-09-08,bull_put,192.5,190.0,1.3566,3.0,0.4522,1.0326797385620914,36.29179012459391,False,True,-114.34,LOSS
TJX,2021-09-08,bull_put,70.0,69.0,0.4588,0.36,1.2744444444444445,0.11965811965811958,6.315203879946035,False,True,-54.120000000000005,LOSS
MRK,2021-09-09,bull_put,74.0,73.5,0.2449,0.245,0.9995918367346939,0.14285714285714285,11.174776823870694,False,False,-25.509999999999998,LOSS
QQQ,2021-09-09,bull_put,380.0,379.0,0.5444,0.51,1.0674509803921568,0.019543973941368094,7.202850101546701,False,False,-45.56,LOSS
EOG,2021-09-09,bull_put,67.5,67.0,0.2383,0.365,0.6528767123287672,0.6758620689655173,-0.913892775385001,False,True,-12.169999999999941,PARTIAL
FCX,2021-09-09,bull_put,35.0,34.5,0.2292,0.23,0.9965217391304347,0.15,-3.1840054135995146,False,False,22.919999999999998,WIN
MA,2021-09-09,bull_put,352.5,350.0,1.1337,1.19,0.9526890756302521,0.3180827886710241,-5.582821338362582,False,False,-136.63,LOSS
QCOM,2021-09-13,bull_put,144.0,143.0,0.4966,0.445,1.1159550561797753,0.06703910614525145,0.1859874163422826,False,False,-50.339999999999996,LOSS
BDX,2021-09-13,bull_put,260.0,257.5,1.2293,1.25,0.9834400000000001,0.17543859649122806,4.22614478808786,False,False,122.93,WIN
TXN,2021-09-13,bull_put,195.0,192.5,1.1607,1.075,1.0797209302325583,0.08917197452229297,2.3195987217307374,False,False,116.07000000000001,WIN
ABBV,2021-09-13,bull_put,108.0,107.0,0.502,0.455,1.1032967032967034,0.10116731517509736,2.0643668815027882,False,False,11.600000000000199,PARTIAL
NVDA,2021-09-13,bull_put,222.5,221.25,0.6257,0.625,1.00112,0.052631578947368356,0.8106430964863176,True,False,-62.43,LOSS
FCX,2021-09-13,bull_put,35.5,35.0,0.2506,0.255,0.9827450980392156,0.049382716049382616,0.08149519649465341,False,False,-24.94,LOSS
QQQ,2021-09-14,bull_put,376.0,375.0,0.4605,0.405,1.137037037037037,0.014814814814814828,-0.02803062091422691,False,False,-53.949999999999996,LOSS
AAPL,2021-09-14,bull_put,149.0,148.0,0.5328,0.52,1.0246153846153847,0.10526315789473682,0.030580066175138785,True,False,-46.72,LOSS
IWM,2021-09-14,bull_put,221.0,220.0,0.5042,0.49,1.0289795918367346,0.014652014652014666,-0.0640024265940455,False,False,50.42,WIN
NVDA,2021-09-14,bull_put,223.75,222.5,0.6413,0.59,1.086949152542373,0.07518796992481203,0.8659917156216341,True,False,-60.870000000000005,LOSS
FCX,2021-09-14,bull_put,35.0,34.5,0.2572,0.245,1.0497959183673469,0.05555555555555561,0.07548759176195331,False,False,-24.279999999999998,LOSS
CVX,2021-09-14,bull_put,96.5,96.0,0.2452,0.24,1.0216666666666667,0.04524886877828038,-0.0650401675578176,False,False,24.52,WIN
CVX,2021-09-15,bull_put,98.5,98.0,0.2417,0.245,0.986530612244898,0.07142857142857136,-0.14439592896570064,False,False,-25.83,LOSS
USB,2021-09-15,bull_put,58.0,57.5,0.2401,0.245,0.9800000000000001,0.18487394957983191,0.2555126640481625,False,False,-25.990000000000002,LOSS
QQQ,2021-09-15,bull_put,379.0,378.0,0.5366,0.44,1.2195454545454545,0.04807692307692312,-0.02632913921528907,False,False,-46.339999999999996,LOSS
ADI,2021-09-15,bull_put,175.0,172.5,1.1711,1.125,1.0409777777777778,0.1866666666666666,1.4377317483556387,False,False,-132.89,LOSS
FCX,2021-09-15,bull_put,37.0,36.5,0.2631,0.27,0.9744444444444443,0.07407407407407397,3.059989196559545,False,False,-23.69,LOSS
NVDA,2021-09-15,bull_put,223.75,222.5,0.5828,0.59,0.9877966101694916,0.08219178082191768,1.3727015997359047,True,False,-66.72,LOSS
QQQ,2021-09-16,bull_put,379.0,378.0,0.5219,0.49,1.0651020408163265,0.036144578313253045,-0.19338142899519759,False,False,-47.81,LOSS
GS,2021-09-16,bull_put,397.5,395.0,1.1402,1.13,1.0090265486725665,0.16406249999999997,-1.329148571381845,False,False,-135.98,LOSS
ORCL,2021-09-16,bull_put,87.5,87.0,0.228,0.23,0.9913043478260869,0.17857142857142852,-2.1793001811594825,False,False,-27.200000000000003,LOSS
SCHW,2021-09-16,bull_put,71.0,70.5,0.2356,0.24,0.9816666666666667,0.33009708737864074,-3.1547756663752033,False,False,-26.44,LOSS
GILD,2021-09-16,bull_put,71.5,71.0,0.2305,0.235,0.9808510638297874,0.21176470588235288,-4.131738506338604,False,False,23.05,WIN
FCX,2021-09-16,bull_put,34.5,34.0,0.2462,0.24,1.0258333333333334,0.06060606060606066,-5.9379381250367675,False,False,-25.380000000000003,LOSS
NVDA,2021-09-20,bull_put,212.5,210.0,1.2043,1.15,1.0472173913043479,0.14583333333333334,-0.2065758555086436,True,False,120.42999999999999,WIN
CRM,2021-09-20,bull_put,260.0,257.5,1.2549,1.15,1.091217391304348,0.10526315789473678,-0.136179272642874,False,False,125.49,WIN
QCOM,2021-09-20,bull_put,133.0,132.0,0.4881,0.39,1.2515384615384615,0.16708860759493674,-0.1353546460696132,False,True,48.809999999999995,WIN
NOW,2021-09-20,bull_put,652.5,650.0,1.4083,1.45,0.9712413793103449,0.21138211382113817,-0.006444061658020265,False,False,140.83,WIN
BDX,2021-09-20,bull_put,260.0,257.5,1.234,1.275,0.967843137254902,0.43243243243243246,0.43618621696789733,False,False,-126.6,LOSS
SPY,2021-09-20,bull_put,436.0,435.0,0.5068,0.445,1.138876404494382,0.005665722379603279,-0.055552460145275914,False,False,50.68,WIN
SPY,2021-09-21,bull_put,435.0,434.0,0.5196,0.465,1.1174193548387095,0.004587155963302859,0.013479959347727758,False,False,51.959999999999994,WIN
QQQ,2021-09-21,bull_put,367.5,367.0,0.27,0.255,1.0588235294117647,0.011947431302269967,0.00029114638365633467,False,False,27.0,WIN
NOW,2021-09-21,bull_put,657.5,655.0,1.2521,1.25,1.00168,0.1420765027322405,-0.009498078992321904,False,False,125.21,WIN
CRM,2021-09-21,bull_put,260.0,257.5,1.2619,1.275,0.9897254901960785,0.12371134020618568,-0.10228354368570908,False,False,126.19,WIN
UNH,2021-09-21,bull_put,415.0,412.5,1.3077,1.275,1.0256470588235296,0.07407407407407397,-0.20494426657097625,False,False,-119.22999999999999,LOSS
EOG,2021-09-21,bull_put,73.0,72.0,0.5328,0.44,1.210909090909091,0.12844036697247704,-0.3857582851388342,False,False,53.28000000000001,WIN
SPY,2021-09-22,bull_put,439.0,438.0,0.4955,0.475,1.043157894736842,0.010471204188481607,-0.0520992621305163,False,False,49.55,WIN
NOW,2021-09-22,bull_put,665.0,662.5,1.1819,1.3,0.9091538461538461,0.1897810218978102,-0.03557894063043598,False,False,118.19,WIN
MA,2021-09-22,bull_put,345.0,342.5,1.2583,1.21,1.0399173553719008,0.11940298507462685,-0.6999534854419049,False,False,125.83,WIN
GS,2021-09-22,bull_put,387.5,385.0,1.2871,1.3,0.990076923076923,0.1215469613259668,0.28814619317887386,False,False,128.70999999999998,WIN
CAT,2021-09-22,bull_put,192.5,190.0,1.1928,1.11,1.0745945945945945,0.12295081967213108,2.9237976566989943,False,False,119.28,WIN
AVGO,2021-09-22,bull_put,502.5,500.0,1.2508,1.3,0.962153846153846,0.37500000000000006,-0.01175879166286037,False,False,125.07999999999998,WIN
PYPL,2021-09-23,bull_put,280.0,277.5,1.1806,1.17,1.0090598290598292,0.12871287128712872,14.452020017320699,False,False,-70.93999999999863,PARTIAL
DE,2021-09-23,bull_put,352.5,350.0,1.2434,1.08,1.1512962962962963,0.272189349112426,10.119636094951064,False,False,-125.66,LOSS
SPY,2021-09-23,bull_put,444.0,443.0,0.5352,0.505,1.0598019801980199,0.023121387283237014,0.18151897388594113,False,False,22.260000000001252,PARTIAL
MA,2021-09-23,bull_put,355.0,352.5,1.1262,1.08,1.0427777777777778,0.20353982300884976,-2.3208584332146693,False,False,112.62,WIN
AXP,2021-09-27,bull_put,177.5,175.0,1.1315,1.06,1.0674528301886792,0.09009009009008997,2.6902526656816397,False,False,-136.85,LOSS
NVDA,2021-09-27,bull_put,217.5,215.0,1.2093,1.195,1.0119665271966527,0.04255319148936167,1.420457854124842,True,False,-129.07,LOSS
GS,2021-09-27,bull_put,402.5,400.0,1.3941,1.4,0.9957857142857143,0.09865470852017935,1.2019164359272563,False,False,-110.59,LOSS
HD,2021-09-27,bull_put,342.5,340.0,1.1767,1.17,1.0057264957264958,0.13740458015267182,0.04513389479433705,False,False,-132.32999999999998,LOSS
SPY,2021-09-27,bull_put,443.0,442.5,0.2441,0.215,1.1353488372093024,0.0075187969924812095,-0.005781380972107061,False,False,-25.590000000000003,LOSS
NOW,2021-09-27,bull_put,652.5,650.0,1.3607,1.25,1.08856,0.1420765027322405,-0.006707576786580059,False,False,-113.92999999999999,LOSS
AVGO,2021-09-28,bull_put,492.5,490.0,1.1834,1.15,1.0290434782608697,0.12903225806451613,-0.110590165846542,False,False,-131.66,LOSS
SPY,2021-09-28,bull_put,435.0,434.0,0.4681,0.42,1.1145238095238097,0.005025125628140707,-0.055316687139959415,False,False,-29.18999999999909,PARTIAL
QQQ,2021-09-28,bull_put,361.0,360.0,0.4698,0.405,1.16,0.01660735468564657,-0.050500711271520275,False,False,-35.01999999999932,PARTIAL
VRTX,2021-09-28,bull_put,182.5,180.0,1.3791,2.775,0.496972972972973,0.968553459119497,24.966419531443055,False,True,-77.09000000000057,PARTIAL
CVX,2021-09-28,bull_put,104.0,103.0,0.5163,0.525,0.9834285714285713,0.08637873754152832,0.029547893088959207,False,False,51.629999999999995,WIN
HD,2021-09-28,bull_put,335.0,332.5,1.1612,1.155,1.0053679653679652,0.08108108108108115,-0.023503201020732913,False,False,-133.88,LOSS
VRTX,2021-09-29,bull_put,182.5,180.0,1.1902,0.4,2.9755,0.9913043478260868,149.09328054699026,False,True,-95.98000000000057,PARTIAL
BDX,2021-09-29,bull_put,252.5,250.0,1.1653,0.975,1.1951794871794872,0.30769230769230776,34.08499210644844,False,False,-133.47,LOSS
COST,2021-09-29,bull_put,452.5,450.0,1.1597,1.095,1.0590867579908676,0.14084507042253522,2.4352453213692087,False,False,-134.03,LOSS
AVGO,2021-09-29,bull_put,490.0,487.5,1.2029,1.05,1.1456190476190475,0.19354838709677408,0.18851502771878142,False,False,-129.70999999999998,LOSS
QCOM,2021-09-29,bull_put,130.0,129.0,0.4821,0.475,1.0149473684210526,0.16927899686520378,-0.3222639406279505,False,False,-51.790000000000006,LOSS
PYPL,2021-09-29,bull_put,260.0,257.5,1.1302,1.11,1.0181981981981982,0.06349206349206354,-0.37517032452541615,False,False,113.02000000000001,WIN
MDT,2021-09-30,bull_put,126.0,125.0,0.4979,0.785,0.6342675159235669,0.7448275862068966,-0.6610626342834305,False,True,49.79,WIN
INTC,2021-09-30,bull_put,53.5,53.0,0.23,0.22,1.0454545454545454,0.11235955056179774,-0.21291466179309806,False,False,23.0,WIN
AAPL,2021-09-30,bull_put,142.0,141.0,0.4761,0.52,0.9155769230769231,0.1240310077519381,-0.5059617382275884,False,False,47.61,WIN
QQQ,2021-09-30,bull_put,359.0,358.0,0.5132,0.495,1.0367676767676768,0.016597510373443997,-0.028102960633697303,False,False,51.32,WIN
SPY,2021-09-30,bull_put,430.0,429.0,0.478,0.43,1.111627906976744,0.009132420091324207,-0.08970636587554502,False,False,47.8,WIN
NSC,2021-09-30,bull_put,240.0,237.5,1.2165,1.3,0.9357692307692307,0.7619047619047619,11.807577766706615,False,True,121.64999999999999,WIN
FCX,2021-10-04,bull_put,33.0,32.0,0.4555,0.45,1.0122222222222221,0.06382978723404249,4.071732457895014,False,False,45.550000000000004,WIN
WMT,2021-10-04,bull_put,136.0,135.0,0.4749,0.45,1.0553333333333332,0.07407407407407414,0.6816664236219072,False,False,47.49,WIN
NVDA,2021-10-04,bull_put,200.0,197.5,1.3891,1.375,1.0102545454545455,0.05607476635514016,0.6469312787482903,True,False,138.91,WIN
COST,2021-10-04,bull_put,442.5,440.0,1.3762,1.425,0.9657543859649124,0.16470588235294129,0.40322403348774594,False,False,137.62,WIN
NOW,2021-10-04,bull_put,622.5,620.0,1.4238,1.4,1.0170000000000001,0.10276679841897239,0.05696477149299765,False,False,-107.62,LOSS
CRM,2021-10-04,bull_put,272.5,270.0,1.2644,1.075,1.1761860465116278,0.09836065573770497,0.004788317482748659,False,False,62.22000000000091,PARTIAL
KO,2021-10-05,bear_call,53.0,53.5,0.2288,0.235,0.9736170212765958,0.19512195121951223,20.375793781428584,False,False,-27.12,LOSS
GILD,2021-10-05,bear_call,67.0,68.0,0.5146,0.51,1.009019607843137,0.11518324607329841,40.412794784498594,False,False,-48.54,LOSS
CSCO,2021-10-05,bear_call,54.5,55.0,0.2451,0.26,0.9426923076923077,0.07272727272727258,28.834556577682314,False,False,-25.490000000000002,LOSS
HON,2021-10-05,bear_call,215.0,217.5,1.2332,1.135,1.0865198237885463,0.0857142857142858,91.17303368482568,False,False,-126.67999999999999,LOSS
CME,2021-10-05,bear_call,197.5,200.0,1.2138,1.275,0.9520000000000001,0.1075268817204301,127.64187446265315,False,False,-128.62,LOSS
ITW,2021-10-05,bear_call,212.5,215.0,1.1583,1.0,1.1583,0.32835820895522394,74.0500249891994,False,False,-134.17,LOSS
NOW,2021-10-06,bull_put,632.5,630.0,1.372,1.6,0.8575,0.22222222222222224,-0.02378871376106196,False,False,-112.79999999999998,LOSS
EOG,2021-10-06,bull_put,87.0,86.5,0.2768,0.245,1.129795918367347,0.20270270270270258,-0.08110916865697956,False,False,27.68,WIN
AVGO,2021-10-06,bull_put,490.0,487.5,1.2548,1.175,1.067914893617021,0.16867469879518074,-0.11102469393203315,False,False,125.47999999999999,WIN
QQQ,2021-10-06,bull_put,361.0,360.0,0.5146,0.475,1.0833684210526315,0.012820512820512832,-0.13058317500797495,False,False,51.459999999999994,WIN
SPY,2021-10-06,bull_put,436.0,435.0,0.5305,0.48,1.1052083333333333,0.0030627871362940984,-0.13495752316165743,False,False,53.05,WIN
ISRG,2021-10-06,bull_put,336.67,335.0,0.9618,1.125,0.8549333333333333,0.6534653465346535,-0.2086573862010073,True,True,-70.82000000000001,LOSS
ISRG,2021-10-07,bull_put,340.0,338.33,0.997,0.5,1.994,0.6046511627906977,165.95827383604902,True,True,-67.30000000000001,LOSS
MDT,2021-10-07,bull_put,127.0,126.0,0.4798,0.405,1.1846913580246914,1.6643356643356642,78.70593456527774,False,True,-52.019999999999996,LOSS
DE,2021-10-07,bull_put,345.0,342.5,1.1744,1.285,0.9139299610894943,0.15498154981549814,0.06824189049940081,False,False,-65.5599999999984,PARTIAL
CVX,2021-10-07,bull_put,106.0,105.0,0.4506,0.46,0.9795652173913043,0.15384615384615383,-2.375211742575685,False,False,45.06,WIN
QQQ,2021-10-11,bull_put,360.0,359.0,0.5413,0.475,1.139578947368421,0.011750881316098664,-0.02220172672511651,False,False,54.13,WIN
WMT,2021-10-11,bull_put,140.0,139.0,0.4845,0.47,1.0308510638297872,0.03200000000000003,-0.04650248785237454,False,False,48.449999999999996,WIN
SPY,2021-10-11,bull_put,436.0,435.0,0.5253,0.445,1.1804494382022472,0.0023724792408065924,-0.01275600699120885,False,False,52.53,WIN
LOW,2021-10-11,bull_put,210.0,207.5,1.1822,1.11,1.0650450450450448,0.05533596837944668,1.557315884109322,False,False,118.22,WIN
HD,2021-10-11,bull_put,337.5,335.0,1.1415,1.06,1.07688679245283,0.06153846153846159,1.4141571740265777,False,False,114.14999999999999,WIN
AVGO,2021-10-11,bull_put,495.0,492.5,1.3399,1.45,0.9240689655172415,0.11940298507462685,-0.011054045448400445,False,False,133.99,WIN
ISRG,2021-10-12,bull_put,326.67,325.0,0.8835,-0.5,-1.767,0.7628865979381444,24.47192787201214,True,True,88.35,WIN
NVDA,2021-10-12,bull_put,207.5,205.0,1.1625,1.085,1.0714285714285716,0.03125000000000003,13.400548636314946,True,False,116.25000000000001,WIN
CRM,2021-10-12,bull_put,280.0,277.5,1.221,1.145,1.0663755458515285,0.08,7.2578424504062165,False,False,122.10000000000001,WIN
PFE,2021-10-12,bull_put,42.0,41.5,0.2509,0.215,1.1669767441860466,0.090909090909091,4.257950283276058,False,False,-24.91,LOSS
QQQ,2021-10-12,bull_put,358.0,357.0,0.5323,0.53,1.0043396226415093,0.012360939431396963,0.09363734766445125,False,False,53.23,WIN
AVGO,2021-10-12,bull_put,487.5,485.0,1.2698,1.2,1.0581666666666667,0.6373626373626373,0.07041685567022421,False,True,126.98,WIN
AVGO,2021-10-13,bear_call,485.0,487.5,1.1593,1.275,0.9092549019607844,0.11111111111111109,3.5764660256344447,False,False,-134.07,LOSS
INTC,2021-10-13,bull_put,52.5,52.0,0.2347,0.23,1.0204347826086955,0.040000000000000036,4.418568634583197,False,False,23.47,WIN
PYPL,2021-10-13,bull_put,257.5,255.0,1.2496,1.18,1.0589830508474578,0.14788732394366194,7.420752828265689,False,False,124.96000000000001,WIN
VRTX,2021-10-13,bull_put,182.5,180.0,1.351,0.925,1.4605405405405405,1.7037037037037035,26.60355122048297,False,True,31.05000000000051,PARTIAL
GE,2021-10-13,bear_call,102.0,103.0,0.4844,0.505,0.9592079207920792,0.06167400881057255,1116.5353011872762,True,False,-51.559999999999995,LOSS
ISRG,2021-10-13,bull_put,326.67,325.0,0.7752,0.425,1.824,0.6415094339622641,11.67143057355057,True,True,77.52,WIN
VRTX,2021-10-14,bull_put,182.5,180.0,1.3584,1.4,0.9702857142857144,1.2463768115942029,375.63715642287815,False,True,31.420000000000513,PARTIAL
ISRG,2021-10-14,bull_put,331.67,330.0,0.783,0.975,0.8030769230769231,0.7789473684210526,269.01736434542624,True,True,30.649999999999206,PARTIAL
QCOM,2021-10-14,bull_put,129.0,128.0,0.5662,0.425,1.3322352941176472,0.07329842931937167,63.215246263190444,False,True,56.620000000000005,WIN
NOW,2021-10-14,bull_put,655.0,652.5,1.355,1.35,1.0037037037037035,0.2,5.520359377614018,False,False,135.5,WIN
QQQ,2021-10-14,bull_put,367.0,366.0,0.4554,0.47,0.9689361702127661,0.05673758865248216,5.447273379265353,False,False,45.540000000000006,WIN
SPY,2021-10-14,bull_put,443.0,442.5,0.2589,0.24,1.07875,0.006688963210702346,0.5735685845004099,False,False,25.89,WIN
MRK,2021-10-18,bull_put,77.5,77.0,0.2521,0.265,0.9513207547169811,0.07486631016042775,-0.11432722116037615,False,False,25.21,WIN
EOG,2021-10-18,bull_put,90.0,89.0,0.5469,0.52,1.0517307692307694,0.14772727272727276,-0.13857364002115996,False,False,54.690000000000005,WIN
XOM,2021-10-18,bull_put,63.0,62.5,0.2771,0.27,1.0262962962962963,0.04494382022471914,-0.045865363100313306,False,False,27.71,WIN
QQQ,2021-10-18,bull_put,373.0,372.5,0.2252,0.235,0.9582978723404256,0.027290448343080035,-0.013165150011080451,False,False,22.52,WIN
SPY,2021-10-18,bull_put,448.0,447.5,0.2584,0.24,1.0766666666666669,0.007812500000000009,-0.011410331441957137,False,False,25.840000000000003,WIN
VRTX,2021-10-18,bull_put,182.5,180.0,1.4068,1.925,0.7308051948051948,0.3013698630136986,8.975793875815713,False,False,140.68,WIN
PNC,2021-10-19,bull_put,207.5,205.0,1.5322,1.025,1.4948292682926831,0.22784810126582286,257.0119797779947,False,True,153.22,WIN
WMT,2021-10-19,bull_put,145.0,144.0,0.473,0.45,1.051111111111111,0.09615384615384624,110.10491034460222,False,False,47.3,WIN
AMGN,2021-10-19,bull_put,207.5,205.0,1.1559,0.78,1.4819230769230767,0.4277456647398844,19.36801222234692,False,True,115.58999999999999,WIN
COST,2021-10-19,bull_put,467.5,465.0,1.2283,1.145,1.0727510917030567,0.10169491525423738,7.664942889719158,False,False,122.83,WIN
PYPL,2021-10-19,bull_put,272.5,270.0,1.2045,1.275,0.9447058823529412,0.1501706484641638,2.719288390402434,False,False,-129.55,LOSS
QCOM,2021-10-19,bull_put,133.0,132.0,0.5208,0.61,0.8537704918032788,0.2377622377622378,1.9051559406812733,False,False,-47.92,LOSS
IWM,2021-10-20,bull_put,227.5,227.0,0.2478,0.245,1.0114285714285713,0.03200000000000003,-0.017121864270877925,False,False,7.889999999999829,PARTIAL
SPY,2021-10-20,bull_put,453.0,452.5,0.2719,0.25,1.0876,0.021978021978021997,0.0010856190600124545,False,False,27.189999999999998,WIN
QQQ,2021-10-20,bull_put,376.0,375.0,0.5694,0.56,1.0167857142857142,0.06507592190889368,0.5973652762164711,False,False,-43.059999999999995,LOSS
ORCL,2021-10-20,bull_put,97.0,96.0,0.4949,0.445,1.112134831460674,0.14012738853503184,16.45904451249546,False,False,49.49,WIN
ISRG,2021-10-20,bull_put,341.67,340.0,0.943,1.45,0.6503448275862069,0.4175824175824176,21.857786684371863,True,False,39.64999999999829,PARTIAL
PYPL,2021-10-20,bull_put,260.0,257.5,1.3428,1.4,0.9591428571428572,0.19512195121951217,1.7172504013694025,False,False,-115.72,LOSS
ISRG,2021-10-21,bull_put,340.0,338.33,0.7687,0.3,2.5623333333333336,0.6823529411764707,116.16337197880597,True,True,76.87,WIN
VRTX,2021-10-21,bull_put,187.5,185.0,1.1388,0.275,4.1410909090909085,1.2136752136752138,33.04816949616298,False,True,-136.12,LOSS
PYPL,2021-10-21,bull_put,245.0,242.5,1.4253,1.315,1.0838783269961978,0.13333333333333333,0.3539941382097132,False,False,-107.47,LOSS
QQQ,2021-10-21,bull_put,377.5,377.0,0.2488,0.25,0.9952,0.022813688212927778,-0.012817494750291107,False,False,-25.119999999999997,LOSS
IWM,2021-10-21,bull_put,228.0,227.5,0.2326,0.21,1.1076190476190477,0.04081632653061228,-0.2795054312498187,False,False,-26.740000000000002,LOSS
BMY,2021-10-21,bull_put,58.0,57.5,0.2389,0.255,0.9368627450980392,0.1686746987951807,-0.5597801915259005,False,False,-16.109999999999857,PARTIAL
MDT,2021-10-25,bull_put,124.0,123.0,0.5383,0.455,1.1830769230769231,0.5662650602409639,2.979304127612255,False,True,-46.17,LOSS
HD,2021-10-25,bull_put,372.5,370.0,1.2266,1.205,1.0179253112033193,0.0869565217391305,2.915421823894288,False,False,23.33000000000045,PARTIAL
CRM,2021-10-25,bull_put,295.0,292.5,1.2949,1.285,1.007704280155642,0.16901408450704228,5.690188021145799,False,False,129.48999999999998,WIN
NVDA,2021-10-25,bull_put,232.5,230.0,1.1848,1.17,1.0126495726495728,0.05405405405405398,12.476562941258013,True,False,118.48,WIN
PYPL,2021-10-25,bull_put,247.5,245.0,1.1273,1.18,0.9553389830508475,0.09090909090909079,13.544304767792028,False,False,-137.27,LOSS
INTC,2021-10-25,bull_put,49.5,49.0,0.2332,0.22,1.06,0.07272727272727258,13.934453380785568,False,False,-26.68,LOSS
PYPL,2021-10-26,bull_put,245.0,242.5,1.3772,1.35,1.020148148148148,0.059880239520958084,7.308704426316697,False,False,-112.28,LOSS
WMT,2021-10-26,bull_put,149.0,148.0,0.4737,0.445,1.064494382022472,0.10328638497652592,4.221407414662546,False,False,47.370000000000005,WIN
QQQ,2021-10-26,bull_put,380.0,379.0,0.5436,0.56,0.9707142857142855,0.022617124394184118,0.6130132421864242,False,False,54.36,WIN
SPY,2021-10-26,bull_put,457.0,456.0,0.4962,0.47,1.0557446808510638,0.004395604395604302,0.055636564175081255,False,False,49.62,WIN
GS,2021-10-26,bull_put,420.0,417.5,1.3842,1.45,0.9546206896551725,0.04975124378109452,0.04394936276509587,False,False,-111.57999999999998,LOSS
ORCL,2021-10-26,bull_put,97.5,97.0,0.281,0.27,1.0407407407407407,0.15533980582524284,0.03089674860509298,False,False,-21.9,LOSS
GS,2021-10-27,bull_put,412.5,410.0,1.2668,1.28,0.9896874999999999,0.09150326797385623,-0.21789048491538476,False,False,126.67999999999999,WIN
QQQ,2021-10-27,bull_put,381.0,380.0,0.5145,0.48,1.071875,0.01673640167364018,-0.018848962239621132,False,False,51.449999999999996,WIN
VRTX,2021-10-27,bull_put,182.5,180.0,1.4254,2.325,0.6130752688172042,1.1407407407407406,0.6834669383553443,False,True,142.54,WIN
WMT,2021-10-27,bull_put,148.0,147.0,0.5012,0.5,1.0024,0.0990099009900991,0.8107237517648569,False,False,50.12,WIN
NVDA,2021-10-27,bull_put,245.0,242.5,1.1608,1.1,1.0552727272727271,0.06349206349206354,2.5862952164629442,True,False,116.08000000000001,WIN
ABT,2021-10-27,bull_put,128.0,127.0,0.4661,0.445,1.0474157303370786,0.19148936170212771,22.982739178072205,False,False,46.61,WIN
F,2021-10-28,bull_put,17.0,16.5,0.2358,0.22,1.0718181818181818,0.035087719298245446,608.5837994234383,False,False,23.580000000000002,WIN
PYPL,2021-10-28,bull_put,237.5,235.0,1.1642,1.17,0.995042735042735,0.12860310421286034,22.104934658290308,False,False,-133.58,LOSS
QQQ,2021-10-28,bull_put,385.0,384.0,0.6359,0.62,1.0256451612903226,0.056925996204933556,10.602061312116021,False,False,63.59,WIN
BDX,2021-10-28,bull_put,240.0,237.5,1.3795,2.3,0.5997826086956523,0.7967479674796747,5.636251243875634,False,True,48.475000000000165,PARTIAL
ISRG,2021-10-28,bull_put,356.67,355.0,0.9972,0.775,1.2867096774193547,0.8776978417266186,2.26249927743335,True,True,99.72,WIN
DE,2021-10-28,bull_put,350.0,347.5,1.1806,1.09,1.083119266055046,0.7286356821589205,1.920641368477261,False,True,-131.94,LOSS
SBUX,2021-11-01,bull_put,110.0,109.0,0.4515,0.42,1.0750000000000002,0.07079646017699102,1.9516673343056032,False,False,45.15,WIN
WMT,2021-11-01,bull_put,150.0,149.0,0.466,0.47,0.9914893617021278,0.08333333333333341,2.685447250694703,False,False,46.6,WIN
LOW,2021-11-01,bull_put,232.5,230.0,1.1889,1.16,1.0249137931034484,0.09195402298850565,1.8083650047202309,False,False,118.89,WIN
NVDA,2021-11-01,bull_put,260.0,257.5,1.3105,1.4,0.9360714285714287,0.030150753768844116,3.6902031562300412,True,False,131.05,WIN
HD,2021-11-01,bull_put,367.5,365.0,1.2548,1.165,1.0770815450643776,0.11920529801324509,4.407332494094411,False,False,125.47999999999999,WIN
COST,2021-11-01,bull_put,492.5,490.0,1.2108,1.225,0.9884081632653061,0.09195402298850563,2.827360857682894,False,False,121.08000000000001,WIN
ABBV,2021-11-02,bull_put,117.0,116.0,0.5292,0.46,1.1504347826086956,0.1659388646288209,10.561299699877098,False,False,52.92,WIN
NVDA,2021-11-02,bull_put,265.0,262.5,1.2306,1.235,0.9964372469635626,0.03550295857988153,4.363342197979985,True,False,123.05999999999999,WIN
PYPL,2021-11-02,bull_put,230.0,227.5,1.2151,1.23,0.9878861788617886,0.04511278195488719,3.9865832076234526,False,False,-128.48999999999998,LOSS
WMT,2021-11-02,bull_put,150.0,149.0,0.4633,0.485,0.9552577319587628,0.1382488479262672,3.603605028193322,False,False,46.33,WIN
COST,2021-11-02,bull_put,497.5,495.0,1.1993,1.27,0.9443307086614173,0.2138364779874215,3.3407341774739687,False,False,119.93,WIN
ABT,2021-11-02,bull_put,128.0,127.0,0.4677,0.495,0.9448484848484848,0.1967213114754098,2.931466510410075,False,False,-53.23,LOSS
QQQ,2021-11-03,bull_put,394.0,393.0,0.5154,0.5,1.0308,0.008695652173913052,0.031809409649325236,False,False,51.54,WIN
NOW,2021-11-03,bull_put,690.0,687.5,1.3986,1.3,1.075846153846154,0.136986301369863,0.4527794142957125,False,False,139.86,WIN
GS,2021-11-03,bull_put,420.0,417.5,1.4343,1.4,1.0245,0.1359223300970874,0.538870483906447,False,False,-106.57000000000001,LOSS
ABBV,2021-11-03,bull_put,118.0,117.0,0.4908,0.485,1.011958762886598,0.30051813471502603,8.40893939740281,False,False,-32.91999999999932,PARTIAL
NVDA,2021-11-03,bull_put,267.5,265.0,1.3081,1.345,0.9725650557620819,0.06451612903225806,20.07994646080338,True,False,130.81,WIN
VRTX,2021-11-03,bull_put,190.0,187.5,1.3608,1.275,1.067294117647059,0.6446280991735538,202.04432605316677,False,True,136.08,WIN
F,2021-11-04,bull_put,19.5,19.0,0.2341,0.24,0.9754166666666667,0.02985074626865674,242.44622175559658,False,False,1.2049999999999574,PARTIAL
VRTX,2021-11-04,bull_put,195.0,192.5,1.2386,-0.25,-4.9544,0.6190476190476191,86.57257325346382,False,True,-91.14000000000058,PARTIAL
TJX,2021-11-04,bull_put,70.0,69.0,0.4759,0.45,1.0575555555555556,0.30399999999999994,32.32433697651125,False,False,47.589999999999996,WIN
GM,2021-11-04,bull_put,59.0,58.0,0.5029,0.485,1.0369072164948454,0.11764705882352937,12.09388286941919,False,False,1.145000000000157,PARTIAL
ISRG,2021-11-04,bull_put,365.0,363.33,0.9322,0.975,0.9561025641025641,0.632258064516129,4.70938596032789,True,True,44.10999999999943,PARTIAL
QQQ,2021-11-04,bull_put,399.0,398.0,0.5571,0.535,1.0413084112149533,0.02051282051282053,3.4411944770786334,False,False,7.855000000001139,PARTIAL
VRTX,2021-11-08,bull_put,192.5,190.0,1.164,0.925,1.2583783783783782,0.3396226415094339,3.6054031462770433,False,True,-133.6,LOSS
QCOM,2021-11-08,bull_put,167.5,165.0,1.5043,1.54,0.9768181818181818,0.07092198581560284,4.204094422608471,False,False,-99.57000000000001,LOSS
HD,2021-11-08,bull_put,370.0,367.5,1.2743,1.27,1.0033858267716536,0.10000000000000009,3.4255064653840726,False,False,127.42999999999999,WIN
MMM,2021-11-08,bull_put,182.5,180.0,1.2298,1.23,0.9998373983739838,0.11320754716981142,29.34740541881012,False,False,122.98,WIN
CAT,2021-11-08,bull_put,215.0,212.5,1.2649,1.35,0.9369629629629629,0.20000000000000004,104.56824848656038,False,False,-123.51,LOSS
FCX,2021-11-08,bull_put,40.0,39.0,0.5405,0.535,1.0102803738317756,0.06722689075630259,13.937374270242191,False,False,54.05,WIN
WMT,2021-11-09,bull_put,150.0,149.0,0.5295,0.43,1.2313953488372094,0.09009009009008997,35.722130662983865,False,False,-47.05,LOSS
PG,2021-11-09,bull_put,146.0,145.0,0.5914,0.53,1.1158490566037735,0.14400000000000013,23.663352392939863,False,False,59.14,WIN
ADP,2021-11-09,bull_put,230.0,227.5,1.2309,1.625,0.7574769230769232,0.5486725663716815,20.880617323430897,False,True,123.09,WIN
CAT,2021-11-09,bull_put,210.0,207.5,1.2158,1.255,0.9687649402390439,0.15730337078651682,8.033865250586745,False,False,24.29000000000051,PARTIAL
QCOM,2021-11-09,bull_put,167.5,165.0,1.2354,1.365,0.9050549450549451,0.07117437722419935,6.459234229879426,False,False,-126.46,LOSS
COST,2021-11-09,bull_put,510.0,507.5,1.3465,0.95,1.4173684210526316,0.08333333333333341,3.288379404967099,False,True,134.65,WIN
IWM,2021-11-10,bull_put,238.0,237.5,0.2686,0.255,1.0533333333333332,0.019230769230769246,-0.013358964869544469,False,False,26.86,WIN
NOW,2021-11-10,bull_put,672.5,670.0,1.2915,1.15,1.1230434782608698,0.2758620689655173,0.0010455002293328702,False,False,129.15,WIN
QQQ,2021-11-10,bull_put,390.0,389.0,0.5113,0.48,1.0652083333333333,0.025408348457350214,-0.014553031499790507,False,False,51.129999999999995,WIN
MA,2021-11-10,bull_put,360.0,357.5,1.4111,1.68,0.8399404761904762,0.2583732057416269,1.0939308750969077,False,False,141.11,WIN
COST,2021-11-10,bull_put,507.5,505.0,1.4012,1.415,0.9902473498233215,0.3956043956043957,1.684173054675474,False,False,140.12,WIN
BDX,2021-11-10,bull_put,247.5,245.0,1.3927,1.45,0.9604827586206898,0.19607843137254904,0.39306335687584826,False,False,-110.72999999999999,LOSS
BA,2021-11-11,bull_put,220.0,217.5,1.1566,1.15,1.0057391304347827,0.0956937799043062,-0.7725719355103562,False,False,115.66000000000001,WIN
NOW,2021-11-11,bull_put,680.0,677.5,1.1709,1.05,1.1151428571428572,0.2173913043478261,1.3800543445331395,False,False,117.09,WIN
DE,2021-11-11,bull_put,357.5,355.0,1.2916,0.325,3.9741538461538464,0.2596964586846543,-0.8140865303882534,False,True,129.16,WIN
NVDA,2021-11-11,bull_put,305.0,302.5,1.25,1.2,1.0416666666666667,0.025316455696202552,27.41520281816873,True,False,7.499999999998863,PARTIAL
QCOM,2021-11-11,bull_put,165.0,162.5,1.1335,1.51,0.750662251655629,0.5750636132315522,177.9154425032755,False,True,53.67499999999988,PARTIAL
COST,2021-11-11,bull_put,512.5,510.0,1.148,1.065,1.0779342723004695,0.2936507936507937,6.321559019295556,False,False,114.8,WIN
PG,2021-11-15,bull_put,148.0,147.0,0.5476,0.54,1.014074074074074,0.11673151750972771,26.338800947465153,False,False,-45.24,LOSS
TXN,2021-11-15,bull_put,190.0,187.5,1.1487,1.055,1.0888151658767773,0.0877598152424942,9.482027065243837,False,False,114.87,WIN
BDX,2021-11-15,bull_put,245.0,242.5,1.3234,1.55,0.8538064516129031,0.4615384615384616,6.734432209368252,False,False,132.34,WIN
VRTX,2021-11-15,bull_put,187.5,185.0,1.2965,0.95,1.3647368421052632,0.3362831858407079,4.777817316569138,False,True,-120.35,LOSS
ISRG,2021-11-15,bull_put,355.0,353.33,0.9441,0.15,6.2940000000000005,0.3846153846153846,3.845084792754647,True,True,-72.59,LOSS
CRM,2021-11-15,bull_put,307.5,305.0,1.3873,1.3,1.0671538461538461,0.08484848484848476,3.7805649385513185,False,False,-111.27,LOSS
QQQ,2021-11-16,bull_put,398.0,397.0,0.4907,0.485,1.0117525773195877,0.01134215500945189,0.00034468651554295926,False,False,49.07,WIN
GM,2021-11-16,bull_put,63.0,62.5,0.2748,0.285,0.9642105263157895,0.06451612903225812,0.09888148622009636,False,False,-22.52,LOSS
EOG,2021-11-16,bull_put,92.5,92.0,0.273,0.27,1.011111111111111,0.3225806451612903,-0.04688600069552517,False,False,-22.7,LOSS
MA,2021-11-16,bull_put,370.0,367.5,1.1541,1.11,1.0397297297297297,0.10000000000000009,0.055089761361115874,False,False,-134.59,LOSS
BDX,2021-11-16,bull_put,245.0,242.5,1.164,1.175,0.9906382978723404,0.2800000000000001,2.656923225660434,False,False,116.39999999999999,WIN
NOW,2021-11-16,bull_put,695.0,692.5,1.3584,1.55,0.8763870967741936,0.1920903954802259,0.20814920639612255,False,False,-114.16,LOSS
ADI,2021-11-17,bull_put,187.5,185.0,1.2051,0.975,1.236,0.19999999999999987,113.67544979676119,False,False,120.51,WIN
GM,2021-11-17,bull_put,65.0,64.0,0.5152,0.515,1.0003883495145631,0.08294930875576025,11.953702003998222,False,False,-48.480000000000004,LOSS
PFE,2021-11-17,bull_put,51.0,50.5,0.262,0.265,0.9886792452830189,0.0677966101694916,11.894281215054374,False,False,3.0999999999998584,PARTIAL
BA,2021-11-17,bull_put,227.5,225.0,1.2259,1.255,0.9768127490039842,0.06678383128295254,8.789008305906014,False,False,-127.41,LOSS
ISRG,2021-11-17,bull_put,363.33,361.67,0.8925,1.625,0.5492307692307692,0.6019417475728155,1.9089150547484997,True,True,-76.75,LOSS
QQQ,2021-11-17,bull_put,398.0,397.0,0.495,0.46,1.076086956521739,0.027649769585253482,0.7034895961686534,False,False,49.5,WIN
ISRG,2021-11-18,bull_put,360.0,358.33,0.8128,1.225,0.6635102040816325,0.8108108108108107,5.488128906311729,True,True,-85.72,LOSS
PFE,2021-11-18,bull_put,51.5,51.0,0.2351,0.23,1.0221739130434782,0.22222222222222227,27.211837162638545,False,False,-26.490000000000002,LOSS
PM,2021-11-18,bull_put,92.0,91.0,0.58,0.635,0.9133858267716535,1.1497584541062802,29.188493328411738,False,True,-42.0,LOSS
BDX,2021-11-18,bull_put,250.0,247.5,1.1326,0.825,1.372848484848485,0.6506024096385542,37.22108999404946,False,True,-25.73999999999863,PARTIAL
NVDA,2021-11-18,bull_put,317.5,315.0,1.2503,1.325,0.943622641509434,0.07650273224043708,71.19560779456192,True,False,125.03,WIN
ABT,2021-11-18,bull_put,128.0,127.0,0.4938,0.465,1.0619354838709678,0.3184713375796178,103.21465996925409,False,False,-50.62,LOSS
BAC,2021-11-22,bull_put,46.5,46.0,0.2498,0.245,1.019591836734694,0.05128205128205133,21.580274186422123,False,False,-25.019999999999996,LOSS
WMT,2021-11-22,bull_put,145.0,144.0,0.4744,0.45,1.0542222222222222,0.11353711790393003,6.506753234190946,False,False,18.720000000000283,PARTIAL
NVDA,2021-11-22,bull_put,322.5,320.0,1.4222,1.525,0.9325901639344262,0.06818181818181814,1.1553523566136334,True,False,-107.78000000000002,LOSS
MS,2021-11-22,bull_put,100.0,99.0,0.5227,0.54,0.967962962962963,0.06451612903225797,0.9045221780890935,False,False,-47.73,LOSS
SPY,2021-11-22,bull_put,468.0,467.0,0.4758,0.43,1.1065116279069767,0.007874015748031503,0.4336880301749892,False,False,-52.42,LOSS
SBUX,2021-11-22,bull_put,112.0,111.0,0.5111,0.515,0.9924271844660194,0.06557377049180334,0.26716064939486406,False,False,-48.89,LOSS
NSC,2021-11-23,bull_put,280.0,277.5,1.1809,-0.325,-3.6335384615384614,0.6399999999999999,0.25366171652098085,False,True,-131.91,LOSS
GS,2021-11-23,bull_put,407.5,405.0,1.2297,1.39,0.8846762589928058,0.11764705882352941,0.31082585196830276,False,False,-127.03,LOSS
AVGO,2021-11-23,bull_put,557.5,555.0,1.3871,1.45,0.9566206896551724,0.35294117647058815,0.4236330676983599,False,False,-111.29,LOSS
PNC,2021-11-23,bull_put,210.0,207.5,1.1959,1.125,1.063022222222222,0.13636363636363646,0.49062311687745974,False,False,-130.41,LOSS
MA,2021-11-23,bull_put,330.0,327.5,1.2843,1.41,0.9108510638297873,0.1595092024539878,1.8551473584223988,False,False,-121.57,LOSS
SBUX,2021-11-23,bull_put,114.0,113.0,0.4883,0.505,0.9669306930693069,0.13333333333333344,2.6025462944849806,False,False,-51.17,LOSS
KO,2021-11-24,bull_put,55.5,55.0,0.2306,0.13,1.7738461538461539,0.27027027027027023,4.7594843024706055,False,True,-26.939999999999998,LOSS
AVGO,2021-11-24,bull_put,560.0,557.5,1.338,1.4,0.9557142857142858,0.8758169934640523,1.1514540100646147,False,True,-116.19999999999999,LOSS
NVDA,2021-11-24,bull_put,327.5,325.0,1.1836,1.02,1.160392156862745,0.14492753623188406,0.5949607520469299,True,False,-131.64000000000001,LOSS
VRTX,2021-11-24,bull_put,187.5,185.0,1.2695,0.975,1.3020512820512822,1.0545454545454547,0.5793628360966803,False,True,-123.05,LOSS
MRK,2021-11-24,bull_put,82.5,82.0,0.2375,0.205,1.1585365853658536,0.24460431654676262,-0.7396040582958179,False,False,-26.25,LOSS
IWM,2021-11-24,bull_put,232.0,231.0,0.464,0.455,1.0197802197802197,0.03200000000000003,-1.4380917634651265,False,False,-53.6,LOSS
ACN,2021-11-29,bull_put,367.5,365.0,1.2277,1.2,1.0230833333333333,0.19354838709677408,2.2330644198139322,False,False,-127.23,LOSS
MDT,2021-11-29,bull_put,111.0,110.0,0.5244,0.515,1.018252427184466,0.30952380952380953,4.249670756032982,False,False,-47.56,LOSS
V,2021-11-29,bull_put,197.5,195.0,1.1816,1.18,1.0013559322033898,0.09523809523809519,16.015000532785777,False,False,0.07999999999965812,PARTIAL
IBM,2021-11-29,bull_put,119.0,118.0,0.4705,0.49,0.960204081632653,0.09454545454545447,19.010247590535734,False,False,15.525000000000169,PARTIAL
SO,2021-11-29,bull_put,63.0,62.5,0.2749,0.225,1.2217777777777776,0.36363636363636365,26.520349213915384,False,False,5.244999999999914,PARTIAL
TXN,2021-11-29,bull_put,195.0,192.5,1.1705,1.125,1.0404444444444445,0.11494252873563213,28.96931085968913,False,False,-44.95000000000044,PARTIAL
BDX,2021-11-30,bull_put,237.5,235.0,1.2436,1.575,0.7895873015873016,0.7462686567164178,21.466050147288485,False,True,124.36,WIN
VRTX,2021-11-30,bull_put,187.5,185.0,1.2098,0.15,8.065333333333333,1.5643564356435644,0.2387759198805206,False,True,120.98,WIN
DE,2021-11-30,bull_put,347.5,345.0,1.3446,1.6,0.840375,0.26027397260273977,-0.05390350120587214,False,False,134.46,WIN
GM,2021-11-30,bull_put,58.0,57.5,0.2356,0.235,1.0025531914893617,0.10138248847926257,-0.13228652541843944,False,False,23.56,WIN
PFE,2021-11-30,bull_put,54.0,53.5,0.2648,0.275,0.9629090909090907,0.06222222222222208,-0.19164754408907814,False,False,26.479999999999997,WIN
EOG,2021-11-30,bull_put,88.0,87.0,0.5334,0.59,0.9040677966101696,0.23628691983122363,-0.26684640660228826,False,False,-46.660000000000004,LOSS
QQQ,2021-12-01,bull_put,389.0,388.0,0.5678,0.515,1.1025242718446602,0.02661596958174899,0.09576267495501604,False,False,-43.22,LOSS
CVX,2021-12-01,bull_put,113.0,112.0,0.5274,0.535,0.9857943925233644,0.12154696132596683,0.3843810391777024,False,False,52.739999999999995,WIN
IWM,2021-12-01,bull_put,214.0,213.0,0.4769,0.45,1.0597777777777777,0.04221635883905017,0.06807467462206072,False,False,47.69,WIN
MS,2021-12-01,bull_put,96.0,95.0,0.5101,0.565,0.9028318584070797,0.1519756838905775,1.0790483682285104,False,False,51.01,WIN
MRK,2021-12-01,bull_put,75.0,74.0,0.4961,0.465,1.0668817204301075,0.09954751131221708,2.7020000383256324,False,False,-50.39,LOSS
ACN,2021-12-01,bull_put,362.5,360.0,1.2088,0.15,8.058666666666667,0.3404255319148936,0.47481290875217197,False,True,6.440000000000801,PARTIAL
NSC,2021-12-02,bull_put,280.0,277.5,1.3788,0.925,1.4905945945945946,0.6666666666666666,30.354357168332047,False,True,137.88,WIN
SPY,2021-12-02,bull_put,458.0,457.5,0.2576,0.22,1.170909090909091,0.014652014652014666,-0.005759087622508535,False,False,-24.240000000000002,LOSS
DE,2021-12-02,bull_put,352.5,350.0,1.3574,0.605,2.2436363636363637,0.3846153846153847,-0.03205863995701241,False,True,-114.26,LOSS
QQQ,2021-12-02,bull_put,391.0,390.0,0.4947,0.45,1.0993333333333333,0.024604569420035097,-0.13181985747222105,False,False,-50.529999999999994,LOSS
IWM,2021-12-02,bull_put,220.0,219.0,0.4707,0.45,1.046,0.07068607068607083,-0.16057655675621882,False,False,-52.93,LOSS
NVDA,2021-12-02,bull_put,322.5,320.0,1.1932,1.35,0.8838518518518518,0.10526315789473684,-0.18213982235611542,True,False,-130.68,LOSS
ABBV,2021-12-06,bull_put,122.0,121.0,0.5101,0.585,0.871965811965812,0.19283746556473835,1.013093462973511,False,False,51.01,WIN
CVX,2021-12-06,bull_put,117.0,116.0,0.5128,0.51,1.0054901960784315,0.05774278215223091,1.0828873559823726,False,False,51.28,WIN
HD,2021-12-06,bull_put,417.5,415.0,1.2369,1.175,1.05268085106383,0.0920502092050209,1.1538340118231962,False,False,-86.31000000000226,PARTIAL
MDT,2021-12-06,bull_put,111.0,110.0,0.5126,0.445,1.1519101123595503,0.34636871508379896,2.000408884994108,False,False,51.25999999999999,WIN
AXP,2021-12-06,bull_put,162.5,160.0,1.2397,1.295,0.9572972972972974,0.06802721088435375,5.53088974481722,False,False,123.97,WIN
AMGN,2021-12-06,bull_put,210.0,207.5,1.2878,1.25,1.03024,0.09375000000000008,23.053138413180896,False,False,128.78,WIN
AAPL,2021-12-07,bull_put,172.5,170.0,1.2714,1.215,1.0464197530864197,0.07971014492753631,67.35631889414367,False,False,127.14000000000001,WIN
TXN,2021-12-07,bull_put,200.0,197.5,1.2665,1.12,1.1308035714285714,0.26386233269598464,30.215200072374763,False,False,-123.35000000000001,LOSS
ADI,2021-12-07,bull_put,187.5,185.0,1.319,1.775,0.7430985915492958,0.6857142857142858,27.331338073801874,False,True,-118.10000000000001,LOSS
ABT,2021-12-07,bull_put,133.0,132.0,0.5496,0.32,1.7174999999999998,0.23287671232876703,22.85802842227368,False,True,54.96,WIN
ACN,2021-12-07,bull_put,372.5,370.0,1.2326,0.775,1.5904516129032256,0.3703703703703704,18.160434850172678,False,True,123.25999999999999,WIN
ABBV,2021-12-07,bull_put,122.0,121.0,0.5055,0.495,1.021212121212121,0.1478599221789883,10.366641004923133,False,False,50.55,WIN
QQQ,2021-12-08,bull_put,400.0,399.0,0.4871,0.48,1.0147916666666668,0.011257035647279643,0.19739059150384408,False,False,-51.29,LOSS
CRM,2021-12-08,bull_put,267.5,265.0,1.1925,1.115,1.069506726457399,0.10375670840787121,0.23780667520679016,False,False,-27.75000000000274,PARTIAL
NVDA,2021-12-08,bull_put,320.0,317.5,1.274,1.3,0.98,0.06896551724137938,0.0013053011557673006,True,False,-122.6,LOSS
PFE,2021-12-08,bull_put,51.5,51.0,0.2368,0.23,1.0295652173913044,0.07751937984496131,15.039152771723595,False,False,23.68,WIN
SO,2021-12-08,bull_put,65.0,64.0,0.4682,0.325,1.4406153846153846,0.4444444444444446,31.506869110283173,False,True,46.82,WIN
INTC,2021-12-08,bull_put,52.0,51.5,0.2479,0.255,0.972156862745098,0.08849557522123883,2.1851440038050307,False,False,-25.21,LOSS
QQQ,2021-12-09,bull_put,394.0,393.0,0.4799,0.425,1.1291764705882352,0.028865979381443235,0.013118169547988981,False,False,47.99,WIN
NVDA,2021-12-09,bull_put,307.5,305.0,1.4403,1.25,1.15224,0.08294930875576038,-0.06508857832831648,True,False,-105.97000000000001,LOSS
SPY,2021-12-09,bull_put,467.0,466.0,0.4947,0.47,1.0525531914893618,0.009950248756218916,-0.3058295979078326,False,False,49.47,WIN
IWM,2021-12-09,bull_put,221.0,220.0,0.4791,0.485,0.9878350515463918,0.04057971014492757,-0.5845636600948867,False,False,-52.09,LOSS
GS,2021-12-09,bull_put,397.5,395.0,1.1358,1.255,0.9050199203187251,0.23529411764705876,-1.1753408383649402,False,False,-136.42000000000002,LOSS
HD,2021-12-09,bull_put,412.5,410.0,1.1356,1.05,1.0815238095238093,0.27572815533980577,-2.7014876109663937,False,False,113.55999999999999,WIN
WMT,2021-12-13,bull_put,144.0,143.0,0.5114,0.495,1.0331313131313131,0.10932475884244369,0.06509043455004417,False,False,-48.86,LOSS
NVDA,2021-12-13,bull_put,285.0,282.5,1.368,1.275,1.0729411764705883,0.08333333333333341,0.18599821979457604,True,False,-113.19999999999999,LOSS
CRM,2021-12-13,bull_put,267.5,265.0,1.2572,1.335,0.9417228464419477,0.1257142857142859,0.041241159220721586,False,False,-124.27999999999999,LOSS
QCOM,2021-12-13,bull_put,185.0,182.5,1.3309,1.24,1.0733064516129032,0.12658227848101264,2.2110856350562385,False,False,-116.91,LOSS
KO,2021-12-13,bull_put,58.0,57.5,0.2417,0.24,1.0070833333333333,0.08695652173913032,102.82384216203121,False,False,-2.8300000000003127,PARTIAL
PFE,2021-12-13,bull_put,55.5,55.0,0.2679,0.27,0.9922222222222222,0.06837606837606844,0.19954024556991,False,False,26.790000000000003,WIN
COST,2021-12-14,bull_put,547.5,545.0,1.2796,1.15,1.112695652173913,0.351931330472103,-0.018408353976505684,False,False,127.96000000000001,WIN
NVDA,2021-12-14,bull_put,285.0,282.5,1.2436,1.25,0.99488,0.059016393442622855,-0.006042285429992108,True,False,-125.64,LOSS
QQQ,2021-12-14,bull_put,390.0,389.0,0.506,0.47,1.0765957446808512,0.006430868167202435,-0.04714346258440438,False,False,-49.4,LOSS
IBM,2021-12-14,bull_put,124.0,123.0,0.4545,0.41,1.1085365853658538,0.288135593220339,0.2139160348739228,False,False,45.45,WIN
ABT,2021-12-14,bull_put,133.0,132.0,0.461,0.355,1.2985915492957747,0.22047244094488191,3.1029779245869276,False,True,46.1,WIN
GS,2021-12-14,bull_put,390.0,387.5,1.281,1.175,1.0902127659574468,0.11864406779661019,0.01723270513696669,False,False,-121.9,LOSS
ADI,2021-12-15,bull_put,180.0,177.5,1.1258,0.9,1.2508888888888887,0.5499999999999999,49.01083139637854,False,True,-137.42000000000002,LOSS
BDX,2021-12-15,bull_put,250.0,247.5,1.1415,1.45,0.7872413793103448,0.3762376237623763,38.00832269519306,False,False,114.14999999999999,WIN
AMGN,2021-12-15,bull_put,220.0,217.5,1.1706,1.07,1.094018691588785,0.20551378446115295,19.98200530711565,False,False,117.06,WIN
ABT,2021-12-15,bull_put,136.0,135.0,0.5514,0.81,0.6807407407407406,0.8525469168900803,17.886663198483763,False,True,55.14,WIN
WMT,2021-12-15,bull_put,146.0,145.0,0.4611,0.435,1.06,0.2075471698113207,9.277619765751918,False,False,-53.89000000000001,LOSS
QCOM,2021-12-15,bull_put,190.0,187.5,1.1942,1.035,1.153816425120773,0.2702702702702702,5.716198863871594,False,False,-130.58,LOSS
IWM,2021-12-16,bull_put,214.0,213.0,0.5048,0.47,1.0740425531914894,0.02040816326530614,-0.1242447401839037,False,False,50.480000000000004,WIN
QQQ,2021-12-16,bull_put,387.5,387.0,0.2451,0.22,1.1140909090909092,0.02105263157894739,-0.004118328143658012,False,False,-25.490000000000002,LOSS
GILD,2021-12-16,bull_put,72.5,72.0,0.2455,0.225,1.0911111111111111,0.17777777777777784,-0.09302955721802825,False,False,-4.4500000000006255,PARTIAL
SCHW,2021-12-16,bull_put,84.0,83.5,0.2416,0.17,1.4211764705882353,0.33093525179856126,10.309221267491159,False,True,-25.840000000000003,LOSS
NVDA,2021-12-16,bull_put,285.0,282.5,1.2404,1.225,1.0125714285714285,0.07860262008733628,1.953375960751111,True,False,-125.96000000000001,LOSS
MO,2021-12-16,bull_put,47.5,47.0,0.2347,0.21,1.1176190476190475,0.15384615384615383,56.08757148027687,False,False,23.47,WIN
ABT,2021-12-27,bull_put,142.0,141.0,0.5044,0.465,1.0847311827956987,0.09929078014184389,5.771436565354525,False,False,-49.559999999999995,LOSS
WMT,2021-12-27,bull_put,141.0,140.0,0.4614,0.475,0.9713684210526315,0.10526315789473673,2.92985955974747,False,False,46.14,WIN
MDT,2021-12-27,bull_put,105.0,104.0,0.4952,0.775,0.6389677419354838,1.6666666666666663,2.2415005744203915,False,True,-50.480000000000004,LOSS
NVDA,2021-12-27,bull_put,310.0,307.5,1.2563,1.25,1.00504,0.03149606299212601,0.7620778736586951,True,False,-124.37,LOSS
MRK,2021-12-27,bull_put,77.0,76.0,0.4979,0.5,0.9958,0.06315789473684205,0.6865077731412494,False,False,6.895000000000029,PARTIAL
ABBV,2021-12-27,bull_put,135.0,134.0,0.528,0.605,0.8727272727272728,0.16993464052287585,0.5636191887874958,False,False,52.800000000000004,WIN
CVX,2021-12-28,bull_put,119.0,118.0,0.4952,0.465,1.0649462365591398,0.08780487804878058,0.2094223120396459,False,False,-50.480000000000004,LOSS
ABT,2021-12-28,bull_put,141.0,140.0,0.5213,0.465,1.1210752688172043,0.15637860082304522,2.112714493137333,False,False,13.065000000000454,PARTIAL
ABBV,2021-12-28,bull_put,135.0,134.0,0.5263,0.49,1.0740816326530611,0.20242914979757085,1.597442266015714,False,False,52.629999999999995,WIN
WMT,2021-12-28,bull_put,143.0,142.0,0.4554,0.46,0.99,0.13065326633165827,2.453379323738373,False,False,45.540000000000006,WIN
MDT,2021-12-28,bull_put,105.0,104.0,0.5036,0.525,0.9592380952380953,0.45378151260504196,14.605217771691695,False,False,-49.64,LOSS
NVDA,2021-12-28,bull_put,305.0,302.5,1.3159,1.325,0.9931320754716982,0.07058823529411754,2.313463109397073,True,False,-118.41,LOSS
NVDA,2021-12-29,bull_put,302.5,300.0,1.4073,1.375,1.023490909090909,0.036036036036036063,1.525415323253312,True,False,-109.27,LOSS
QQQ,2021-12-29,bull_put,402.0,401.0,0.4614,0.43,1.0730232558139534,0.0101522842639594,-0.020136358136352908,False,False,-53.86,LOSS
SPY,2021-12-29,bull_put,478.0,477.0,0.4539,0.43,1.0555813953488373,0.0065146579804560316,-0.31038402329170256,False,False,-54.61,LOSS
GM,2021-12-29,bull_put,57.5,57.0,0.2548,0.25,1.0192,0.09230769230769238,-0.7902563504086773,False,False,25.480000000000004,WIN
GS,2021-12-29,bull_put,387.5,385.0,1.1718,1.025,1.143219512195122,0.2627737226277373,-1.2652354851430094,False,False,-132.82,LOSS
MA,2021-12-29,bull_put,362.5,360.0,1.1276,1.185,0.9515611814345991,0.11438474870017319,-2.074267650132389,False,False,-137.24,LOSS
QQQ,2021-12-30,bull_put,401.0,400.0,0.4771,0.445,1.0721348314606742,0.03409090909090912,-0.25853196179054766,False,False,-52.290000000000006,LOSS
EMR,2021-12-30,bull_put,93.0,92.5,0.3308,0.275,1.2029090909090907,0.6153846153846153,25.712506013728003,False,True,15.039999999999942,PARTIAL
NVDA,2021-12-30,bull_put,297.5,295.0,1.3564,1.33,1.0198496240601505,0.1388888888888889,0.10922456829749316,True,False,-114.36,LOSS
GE,2021-12-30,bull_put,95.0,94.0,0.4688,0.44,1.0654545454545454,0.1705426356589147,-56.376588451384514,True,False,-6.120000000000115,PARTIAL
WMT,2022-01-03,bull_put,145.0,144.0,0.468,0.48,0.9750000000000001,0.08196721311475418,0.954439210129812,False,False,17.89999999999932,PARTIAL
UNH,2022-01-03,bull_put,505.0,502.5,1.4462,1.375,1.0517818181818182,0.185022026431718,0.06256575949387745,False,False,-105.38000000000001,LOSS
DIS,2022-01-03,bull_put,157.5,155.0,1.1353,1.14,0.9958771929824562,0.0460358056265985,0.17728633151220402,False,False,113.53,WIN
INTC,2022-01-03,bull_put,53.5,53.0,0.2683,0.25,1.0732,0.08219178082191789,2.578123807297669,False,False,10.414999999999885,PARTIAL
NVDA,2022-01-03,bull_put,305.0,302.5,1.457,1.425,1.0224561403508772,0.035714285714285796,0.6341065150936719,True,False,-104.3,LOSS
V,2022-01-03,bull_put,222.5,220.0,1.1731,1.12,1.0474107142857143,0.16000000000000014,0.4174618905304035,False,False,-132.69,LOSS
GM,2022-01-04,bull_put,66.0,65.0,0.4987,0.52,0.9590384615384615,0.03636363636363624,1.8685078312069665,False,False,-50.129999999999995,LOSS
GILD,2022-01-04,bull_put,72.5,72.0,0.2805,0.285,0.9842105263157896,0.297872340425532,1.8603057831500631,False,False,-21.95,LOSS
PYPL,2022-01-04,bull_put,192.5,190.0,1.2512,1.235,1.0131174089068826,0.07518796992481203,1.5340277350720797,False,False,-124.88,LOSS
NVDA,2022-01-04,bull_put,295.0,292.5,1.3269,1.325,1.001433962264151,0.04477611940298505,1.076836549684167,True,False,-117.31,LOSS
F,2022-01-04,bull_put,24.5,24.0,0.2511,0.26,0.9657692307692307,0.014184397163120581,0.34223259766902275,False,False,9.555000000000064,PARTIAL
CRM,2022-01-04,bull_put,250.0,247.5,1.2803,1.225,1.0451428571428572,0.08108108108108115,0.24324696464190043,False,False,-121.97,LOSS
AVGO,2022-01-05,bull_put,645.0,642.5,1.29,1.7,0.7588235294117648,0.3724137931034482,-0.009218832169614007,False,False,-121.0,LOSS
QQQ,2022-01-05,bull_put,385.0,384.0,0.4739,0.43,1.102093023255814,0.011461318051575813,-0.007529496632193654,False,False,-52.61,LOSS
MS,2022-01-05,bull_put,102.0,101.0,0.4889,0.43,1.1369767441860466,0.14468085106382972,0.22158363756640687,False,False,48.89,WIN
NVDA,2022-01-05,bull_put,277.5,275.0,1.2652,1.275,0.9923137254901963,0.0495867768595041,0.7411112138053243,True,False,-123.47999999999999,LOSS
INTC,2022-01-05,bull_put,54.0,53.5,0.2486,0.235,1.057872340425532,0.06896551724137917,24.310734249408444,False,False,-25.14,LOSS
GM,2022-01-05,bull_put,63.0,62.0,0.4928,0.49,1.0057142857142858,0.07999999999999988,2.4948927307183943,False,False,-23.719999999999686,PARTIAL
NVDA,2022-01-06,bull_put,282.5,280.0,1.14,1.1,1.0363636363636362,0.08219178082191776,0.060118948765690905,True,False,-136.0,LOSS
AVGO,2022-01-06,bull_put,637.5,635.0,1.1548,1.475,0.7829152542372881,0.3655913978494624,-0.04249460011584416,False,False,-134.51999999999998,LOSS
QQQ,2022-01-06,bull_put,385.0,384.0,0.4847,0.465,1.0423655913978493,0.012371134020618476,-0.12525584629172642,False,False,-51.53,LOSS
IWM,2022-01-06,bull_put,219.0,218.0,0.4534,0.44,1.0304545454545455,0.013888888888888902,-0.4638018551770138,False,False,-54.66,LOSS
PFE,2022-01-06,bull_put,55.0,54.5,0.2408,0.245,0.9828571428571429,0.07407407407407414,-0.8118640966754238,False,False,24.08,WIN
MSFT,2022-01-06,bull_put,315.0,312.5,1.1874,1.155,1.028051948051948,0.10526315789473686,-1.3692265144375009,False,False,11.370000000001024,PARTIAL
ITW,2022-01-10,bull_put,245.0,242.5,1.2522,1.1,1.1383636363636362,0.24793388429752067,3.977723792112667,False,False,4.61000000000017,PARTIAL
PEP,2022-01-10,bull_put,175.0,172.5,1.1441,1.085,1.0544700460829493,0.13043478260869565,3.871189997996606,False,False,114.41,WIN
VZ,2022-01-10,bull_put,54.0,53.5,0.2389,0.23,1.038695652173913,0.08000000000000007,3.9877906652309796,False,False,-26.11,LOSS
HON,2022-01-10,bull_put,215.0,212.5,1.3798,1.14,1.2103508771929825,0.08547008547008547,5.687263828375025,False,False,137.98,WIN
CL,2022-01-10,bull_put,84.0,83.0,0.5694,0.475,1.1987368421052633,0.18181818181818185,142.9519223756247,False,False,0.970000000000143,PARTIAL
WMT,2022-01-10,bull_put,145.0,144.0,0.5167,0.44,1.1743181818181818,0.0789473684210527,5.578778305718026,False,False,51.67,WIN
ITW,2022-01-11,bull_put,245.0,242.5,1.1691,1.0,1.1691,0.2222222222222222,26.836344309687114,False,False,0.45500000000017193,PARTIAL
NVDA,2022-01-11,bull_put,280.0,277.5,1.3246,1.275,1.0389019607843137,0.048780487804878016,1.2841673946618946,True,False,-117.54,LOSS
PYPL,2022-01-11,bull_put,192.5,190.0,1.1979,1.18,1.0151694915254237,0.07518796992481203,0.8486069802340734,False,False,-130.21,LOSS
MRK,2022-01-11,bull_put,82.0,81.0,0.471,0.445,1.0584269662921348,0.1189189189189189,0.7372794600022015,False,False,-14.900000000000457,PARTIAL
GILD,2022-01-11,bull_put,72.5,72.0,0.2417,0.235,1.0285106382978724,0.15625,0.4141855275087547,False,False,-25.83,LOSS
SCHW,2022-01-11,bull_put,94.0,93.0,0.4695,0.445,1.0550561797752809,0.1953488372093023,0.31532328838513046,False,False,46.949999999999996,WIN
CL,2022-01-12,bull_put,83.0,82.5,0.2348,0.2,1.174,0.26086956521739135,2.304737822887371,False,False,23.48,WIN
VRTX,2022-01-12,bull_put,227.5,225.0,1.3712,0.975,1.4063589743589744,0.7107438016528924,2.3679320099024226,False,True,137.12,WIN
NVDA,2022-01-12,bull_put,282.5,280.0,1.3943,1.4,0.9959285714285716,0.054545454545454675,2.482684348118927,True,False,-110.57,LOSS
IBM,2022-01-12,bull_put,134.0,133.0,0.4761,0.44,1.0820454545454545,0.11353711790393003,2.710033391687289,False,False,47.61,WIN
INTC,2022-01-12,bull_put,56.0,55.5,0.2633,0.255,1.032549019607843,0.06349206349206354,8.79600784585208,False,False,-3.669999999999718,PARTIAL
BDX,2022-01-12,bull_put,262.5,260.0,1.2184,-0.125,-9.7472,1.3066666666666669,27.240188789235773,False,True,121.83999999999999,WIN
VRTX,2022-01-13,bull_put,227.5,225.0,1.2514,0.7,1.787714285714286,1.0608695652173914,14.911263726307356,False,True,125.14,WIN
IBM,2022-01-13,bull_put,135.0,134.0,0.4558,0.305,1.4944262295081967,0.18000000000000005,7.1034403969499795,False,True,-33.419999999999206,PARTIAL
CVX,2022-01-13,bull_put,127.0,126.0,0.4541,0.47,0.9661702127659575,0.19999999999999993,6.204494868683699,False,False,45.410000000000004,WIN
NVDA,2022-01-13,bull_put,267.5,265.0,1.2903,1.425,0.9054736842105263,0.11640211640211637,0.14052889438630123,True,False,129.03,WIN
MS,2022-01-13,bull_put,103.0,102.0,0.4762,0.47,1.0131914893617022,0.2304147465437788,0.0029891104820990427,False,False,-52.38,LOSS
QQQ,2022-01-13,bull_put,378.0,377.5,0.2403,0.235,1.0225531914893617,0.019342359767891615,1.6785822511083727e-05,False,False,24.03,WIN
AMGN,2022-01-18,bull_put,235.0,232.5,1.2897,1.015,1.2706403940886701,0.38341968911917107,0.6343648639716005,False,True,-121.02999999999999,LOSS
CVX,2022-01-18,bull_put,130.0,129.0,0.5117,0.5,1.0234,0.1169230769230769,0.6935372902661034,False,False,-48.83,LOSS
MDT,2022-01-18,bull_put,108.0,107.0,0.5043,0.35,1.4408571428571428,0.036900369003689905,0.5749794941792397,False,True,-49.57,LOSS
MRK,2022-01-18,bull_put,82.0,81.0,0.5124,0.53,0.9667924528301886,0.12121212121212122,2.9696175839850185,False,False,-48.76,LOSS
ITW,2022-01-18,bull_put,245.0,242.5,1.248,1.025,1.2175609756097563,0.20689655172413793,19.446242216222988,False,False,-125.2,LOSS
ABBV,2022-01-18,bull_put,137.0,136.0,0.464,0.445,1.0426966292134832,0.10526315789473677,0.9171858364476912,False,False,-53.6,LOSS
INTC,2022-01-19,bull_put,54.0,53.5,0.2658,0.26,1.0223076923076921,0.038709677419354875,0.6068344029157726,False,False,-23.419999999999998,LOSS
NVDA,2022-01-19,bull_put,252.5,251.25,0.651,0.675,0.9644444444444444,0.04566210045662101,0.07012400986154628,True,False,-59.9,LOSS
QQQ,2022-01-19,bull_put,368.0,367.0,0.5173,0.505,1.0243564356435644,0.004926108374384349,-0.0125846783668383,False,False,-48.27,LOSS
SPY,2022-01-19,bull_put,453.0,452.0,0.5006,0.475,1.0538947368421054,0.005449591280653956,-0.023989322254003225,False,False,-49.94,LOSS
MSFT,2022-01-19,bull_put,305.0,302.5,1.2731,1.205,1.0565145228215767,0.06818181818181814,-0.07471105007957868,False,False,-122.69000000000001,LOSS
DE,2022-01-19,bull_put,377.5,375.0,1.1992,1.595,0.7518495297805643,0.2645502645502646,-0.0962236710056397,False,False,-130.07999999999998,LOSS
MA,2022-01-20,bear_call,362.5,365.0,1.3177,1.33,0.9907518796992482,0.23880597014925367,1.3990942098406292,False,False,131.77,WIN
CVX,2022-01-20,bull_put,129.0,128.0,0.5281,0.47,1.123617021276596,0.25116279069767444,2.8616274034370064,False,False,-47.19,LOSS
MSFT,2022-01-20,bull_put,302.5,300.0,1.1741,1.165,1.0078111587982832,0.16300940438871472,0.308960081503969,False,False,-132.59,LOSS
EMR,2022-01-20,bull_put,94.0,93.0,0.4879,0.475,1.027157894736842,0.3225806451612903,61.995705398047676,False,False,-31.209999999999717,PARTIAL
RTX,2022-01-20,bear_call,88.0,89.0,0.49,0.505,0.9702970297029703,0.2085889570552148,91.5856269981105,False,False,49.0,WIN
WMT,2022-01-20,bear_call,141.0,142.0,0.4818,0.55,0.8759999999999999,0.2110552763819096,17.10455019405834,False,False,48.18,WIN
ISRG,2022-01-24,bull_put,275.0,272.5,1.344,1.5,0.896,0.28205128205128205,1.0996517522207179,True,False,-115.6,LOSS
ADI,2022-01-24,bull_put,162.5,160.0,1.3044,1.4,0.9317142857142858,0.7368421052631579,1.304825919888994,False,True,-119.56,LOSS
GILD,2022-01-24,bull_put,69.0,68.0,0.4672,0.46,1.0156521739130435,0.13438735177865624,0.6626795312679894,False,False,16.35999999999997,PARTIAL
SO,2022-01-24,bull_put,67.5,67.0,0.2557,0.175,1.461142857142857,0.47058823529411764,1.913875823594831,False,True,25.569999999999997,WIN
HON,2022-01-24,bull_put,205.0,202.5,1.1715,1.13,1.0367256637168143,0.2158273381294964,2.6538711206396184,False,False,-132.85,LOSS
ITW,2022-01-24,bear_call,237.5,240.0,1.2101,1.375,0.8800727272727272,0.32432432432432423,1.8640936139112236,False,False,121.00999999999999,WIN
MRK,2022-01-25,bear_call,79.0,80.0,0.5305,0.525,1.0104761904761903,0.09282700421940936,7.127146011898726,False,False,-46.949999999999996,LOSS
TJX,2022-01-25,bull_put,69.0,68.0,0.4991,0.49,1.0185714285714285,0.28178694158075596,1.0811531538636363,False,False,49.91,WIN
SO,2022-01-25,bull_put,67.5,67.0,0.2584,0.25,1.0336,0.33333333333333337,0.052853936528572794,False,False,25.840000000000003,WIN
SPY,2022-01-25,bear_call,433.0,434.0,0.5277,0.535,0.9863551401869157,0.009600000000000079,-0.010530936375742388,False,False,-47.23,LOSS
SPY,2022-01-25,bull_put,437.0,436.0,0.5618,0.48,1.1704166666666667,0.019207683073229308,-0.012042218962843373,False,False,56.18,WIN
QQQ,2022-01-25,bull_put,348.0,346.0,1.1888,1.095,1.0856621004566211,0.011207335710646912,-0.012767126475234846,False,False,118.88000000000001,WIN
QQQ,2022-01-26,bull_put,346.0,345.0,0.5551,0.51,1.0884313725490196,0.04743687834736044,0.04190665941754129,False,False,55.510000000000005,WIN
GM,2022-01-26,bull_put,53.0,52.0,0.5195,0.505,1.0287128712871287,0.13427561837455826,0.12218977413053142,False,False,-48.05,LOSS
CRM,2022-01-26,bull_put,212.5,210.0,1.2485,1.3,0.9603846153846153,0.23529411764705888,0.3814395184386938,False,False,124.85,WIN
MSFT,2022-01-26,bull_put,297.5,295.0,1.1321,0.925,1.223891891891892,0.15873015873015875,0.9803979818900879,False,False,113.21000000000001,WIN
PG,2022-01-26,bear_call,157.5,160.0,1.1489,1.13,1.0167256637168143,0.28059701492537314,117.8606227445072,False,False,-135.10999999999999,LOSS
PYPL,2022-01-26,bull_put,157.5,155.0,1.1272,0.985,1.1443654822335025,0.06896551724137931,3.6831764103870444,False,False,112.72,WIN
TJX,2022-01-27,bull_put,70.0,69.0,0.454,0.45,1.008888888888889,0.3276836158192091,3.5605453695642093,False,False,45.4,WIN
EMR,2022-01-27,bull_put,91.0,90.0,0.4605,0.575,0.8008695652173914,0.4489795918367347,2.531228451676491,False,False,8.524999999999688,PARTIAL
EOG,2022-01-27,bull_put,110.0,109.0,0.5051,0.46,1.0980434782608695,0.4227129337539432,0.16799831032410503,False,False,10.255000000000141,PARTIAL
QQQ,2022-01-27,bull_put,342.0,341.0,0.489,0.475,1.0294736842105263,0.021333333333333353,-0.002327547477121003,False,False,48.9,WIN
SPY,2022-01-27,bull_put,432.0,431.0,0.4591,0.46,0.9980434782608696,0.008810572687224611,-0.030657726431880826,False,False,45.910000000000004,WIN
IWM,2022-01-27,bull_put,192.0,191.0,0.465,0.445,1.0449438202247192,0.014814814814814939,-0.10112473553803188,False,False,46.5,WIN
ADP,2022-01-31,bull_put,207.5,205.0,1.228,1.2,1.0233333333333334,0.4516129032258065,2.0454928459681136,False,False,-2.200000000000002,PARTIAL
ISRG,2022-01-31,bull_put,285.0,282.5,1.2147,0.65,1.8687692307692305,0.2608695652173913,3.679515243616152,True,True,121.46999999999998,WIN
BAC,2022-01-31,bear_call,46.0,46.5,0.2515,0.25,1.006,0.0588235294117646,5.027006753019471,False,False,-24.85,LOSS
VZ,2022-01-31,bear_call,53.0,53.5,0.2647,0.27,0.9803703703703702,0.07142857142857129,42.08375144448588,False,False,-4.5300000000002285,PARTIAL
TXN,2022-01-31,bull_put,180.0,177.5,1.2057,1.09,1.1061467889908256,0.13660245183887904,13.16969185691273,False,False,-129.43,LOSS
MMM,2022-01-31,bear_call,165.0,167.5,1.313,1.33,0.9872180451127819,0.13008130081300825,12.745158776070966,False,False,131.29999999999998,WIN
PM,2022-02-01,bear_call,103.0,104.0,0.473,0.56,0.844642857142857,0.4676616915422886,2.650149553950591,False,False,-11.700000000000344,PARTIAL
LOW,2022-02-01,bear_call,237.5,240.0,1.2747,1.295,0.9843243243243244,0.10191082802547767,2.439958113241117,False,False,127.47,WIN
TXN,2022-02-01,bull_put,182.5,180.0,1.3047,1.075,1.213674418604651,0.0994475138121547,5.721233496847709,False,False,-119.53,LOSS
VZ,2022-02-01,bear_call,53.0,53.5,0.2504,0.255,0.9819607843137255,0.0833333333333333,33.23175228435106,False,False,-5.9600000000002264,PARTIAL
AMGN,2022-02-01,bear_call,227.5,230.0,1.3274,1.155,1.1492640692640692,0.6079295154185022,12.565230692235302,False,True,132.73999999999998,WIN
MDT,2022-02-01,bull_put,104.0,103.0,0.5009,0.505,0.9918811881188119,0.4202898550724637,6.338594592317882,False,False,-49.91,LOSS
PNC,2022-02-02,bear_call,210.0,212.5,1.33,1.2,1.1083333333333334,0.17777777777777792,32.497719080289485,False,False,49.000000000000284,PARTIAL
ADI,2022-02-02,bull_put,170.0,167.5,1.2696,0.575,2.208,0.918918918918919,12.749254764106748,False,True,-123.03999999999999,LOSS
GM,2022-02-02,bull_put,54.0,53.0,0.5045,0.505,0.9990099009900989,0.07929515418502191,1.5171496482280398,False,False,-49.55,LOSS
NVDA,2022-02-02,bull_put,255.0,252.5,1.361,1.35,1.008148148148148,0.05622489959839366,1.2525505081735562,True,False,-113.9,LOSS
MA,2022-02-02,bear_call,395.0,397.5,1.3646,1.35,1.0108148148148148,0.1306532663316582,1.0156445435469004,False,False,136.46,WIN
CSCO,2022-02-02,bear_call,56.0,56.5,0.2269,0.225,1.0084444444444445,0.1010101010101011,0.71138927758291,False,False,22.689999999999998,WIN
PYPL,2022-02-03,bull_put,125.0,124.0,0.5097,0.465,1.0961290322580646,0.09885931558935354,-0.023041831628989384,False,False,50.970000000000006,WIN
IWM,2022-02-03,bull_put,198.0,197.5,0.2318,0.21,1.1038095238095238,0.07166123778501635,-0.039025937263569184,False,False,23.18,WIN
NVDA,2022-02-03,bull_put,240.0,237.5,1.1406,1.025,1.1127804878048781,0.08791208791208799,0.24567123231909235,True,False,114.06,WIN
RTX,2022-02-03,bull_put,93.0,92.0,0.4862,0.41,1.1858536585365855,0.13888888888888887,76.85274032155908,False,False,48.620000000000005,WIN
EMR,2022-02-03,bull_put,97.0,96.0,0.5558,0.5,1.1116,0.29999999999999993,43.833569641075655,False,False,-44.42,LOSS
ISRG,2022-02-03,bull_put,287.5,285.0,1.3038,0.825,1.5803636363636366,0.5333333333333334,1.1470372087413259,True,True,-46.61999999999817,PARTIAL
SO,2022-02-07,bear_call,67.5,68.0,0.2651,0.275,0.964,0.20689655172413793,9.16211456265236,False,False,26.51,WIN
CSCO,2022-02-07,bear_call,55.0,55.5,0.2473,0.265,0.9332075471698112,0.05555555555555561,3.869454555451097,False,False,24.73,WIN
ISRG,2022-02-07,bull_put,287.5,285.0,1.3617,1.0,1.3617,0.29457364341085274,3.3275992551249582,True,True,-113.83000000000001,LOSS
MRK,2022-02-07,bear_call,77.5,78.0,0.2856,0.31,0.9212903225806452,0.18018018018018017,2.5414604289154985,False,False,28.560000000000002,WIN
JPM,2022-02-07,bear_call,152.5,155.0,1.148,1.19,0.9647058823529412,0.10473815461346632,0.7617187053398617,False,False,-27.19999999999876,PARTIAL
BDX,2022-02-07,bear_call,267.5,270.0,1.48,1.475,1.0033898305084745,0.8148148148148149,0.6034037318382148,False,True,-100.00000000000182,PARTIAL
PYPL,2022-02-08,bull_put,121.0,120.0,0.5184,0.55,0.9425454545454545,0.08365019011406852,0.33367614528248785,False,False,-48.16,LOSS
MA,2022-02-08,bear_call,372.5,375.0,1.3855,1.4,0.9896428571428572,0.11538461538461531,1.8198073161273132,False,False,138.54999999999998,WIN
UNH,2022-02-08,bear_call,492.5,495.0,1.3698,1.35,1.0146666666666666,0.28846153846153844,2.1576588208712963,False,False,136.98,WIN
ISRG,2022-02-08,bull_put,285.0,282.5,1.265,1.55,0.8161290322580644,0.3018867924528301,8.451392780754947,True,False,-57.499999999997506,PARTIAL
GE,2022-02-08,bear_call,99.0,100.0,0.5001,0.525,0.9525714285714285,0.10526315789473677,746.1298106798295,True,False,50.01,WIN
ACN,2022-02-08,bear_call,345.0,347.5,1.2085,1.65,0.7324242424242424,0.46511627906976744,2.470611054067926,False,False,120.85,WIN
GE,2022-02-09,bear_call,99.0,100.0,0.4771,0.495,0.9638383838383839,0.11009174311926596,1201.1113002377356,True,False,47.71,WIN
ITW,2022-02-09,bull_put,227.5,225.0,1.1527,1.075,1.072279069767442,0.28571428571428564,36.51895417654532,False,False,-134.73,LOSS
ISRG,2022-02-09,bull_put,292.5,290.0,1.1467,1.525,0.7519344262295082,0.5128205128205129,14.164207468920354,True,True,-135.32999999999998,LOSS
CRM,2022-02-09,bull_put,222.5,220.0,1.1534,0.995,1.1591959798994975,0.15942028985507245,10.813498687725076,False,False,-134.66,LOSS
WMT,2022-02-09,bull_put,138.0,137.0,0.461,0.46,1.0021739130434784,0.08780487804878058,7.352804652547142,False,False,-53.900000000000006,LOSS
TXN,2022-02-09,bull_put,177.5,175.0,1.1268,1.015,1.1101477832512316,0.14634146341463428,7.108383501013833,False,False,-137.32,LOSS
SPY,2022-02-10,bull_put,450.0,449.0,0.5189,0.485,1.069896907216495,0.006756756756756763,-0.040758385089130315,False,False,-48.11,LOSS
PYPL,2022-02-10,bull_put,120.0,119.0,0.5566,0.585,0.9514529914529914,0.1042183622828785,-0.06404988675955764,False,False,-44.34,LOSS
QQQ,2022-02-10,bull_put,359.0,358.0,0.4719,0.44,1.0725,0.013937282229965169,-0.029687698296651174,False,False,-52.81,LOSS
BDX,2022-02-10,bull_put,272.5,270.0,1.1695,0.95,1.2310526315789474,0.7906976744186046,14.511880716877007,False,True,-133.05,LOSS
ADI,2022-02-10,bull_put,162.5,160.0,1.2177,1.25,0.97416,0.5679012345679013,8.581261152964736,False,True,-128.23,LOSS
COST,2022-02-10,bull_put,520.0,517.5,1.28,1.235,1.0364372469635628,0.14634146341463428,-0.01260521323974437,False,False,-122.0,LOSS
MCD,2022-02-14,bear_call,252.5,255.0,1.3156,1.28,1.0278125,0.15334420880913532,26.26666462123641,False,False,131.56,WIN
CL,2022-02-14,bear_call,79.0,80.0,0.4752,0.525,0.9051428571428571,0.15384615384615385,14.515321689615394,False,False,-7.479999999999714,PARTIAL
VZ,2022-02-14,bear_call,53.0,53.5,0.2702,0.275,0.9825454545454545,0.12765957446808504,9.437705626221124,False,False,-22.98,LOSS
MRK,2022-02-14,bear_call,76.0,77.0,0.5226,0.535,0.9768224299065419,0.10000000000000009,5.781881110186414,False,False,7.62999999999977,PARTIAL
ISRG,2022-02-14,bull_put,282.5,280.0,1.2304,1.1,1.1185454545454545,0.30508474576271183,3.6007085521347526,True,False,-48.960000000002736,PARTIAL
EMR,2022-02-14,bear_call,94.0,95.0,0.4577,0.5,0.9154,0.1481481481481481,2.681245766319085,False,False,45.769999999999996,WIN
GM,2022-02-15,bull_put,50.0,49.0,0.4587,0.44,1.0425,0.06315789473684205,2.892309616884388,False,False,-54.13,LOSS
BAC,2022-02-15,bear_call,47.5,48.0,0.2714,0.285,0.952280701754386,0.0680272108843538,3.5333803249678555,False,False,27.139999999999997,WIN
USB,2022-02-15,bull_put,59.0,58.0,0.4516,0.445,1.0148314606741573,0.25000000000000006,4.0967243339186,False,False,-54.84,LOSS
ADP,2022-02-15,bull_put,205.0,202.5,1.2465,0.75,1.662,0.14432989690721654,28.890073164801063,False,True,-125.35000000000001,LOSS
BDX,2022-02-15,bear_call,270.0,272.5,1.5613,1.275,1.2245490196078432,0.24,29.965312053246524,False,False,156.13,WIN
BMY,2022-02-15,bear_call,67.5,68.0,0.2974,0.265,1.1222641509433962,0.5074626865671642,23.724887864202284,False,True,12.370000000000141,PARTIAL
GE,2022-02-16,bear_call,101.0,102.0,0.5039,0.525,0.9598095238095238,0.06557377049180334,1122.487368219969,True,False,50.39,WIN
ITW,2022-02-16,bear_call,220.0,222.5,1.1863,1.325,0.8953207547169811,0.5714285714285715,92.82948928430206,False,True,118.63,WIN
ADP,2022-02-16,bull_put,205.0,202.5,1.1953,0.925,1.2922162162162163,0.8571428571428571,48.598548427994366,False,True,-130.47,LOSS
MCD,2022-02-16,bear_call,252.5,255.0,1.1322,1.125,1.0064000000000002,0.27692307692307705,15.473420144039508,False,False,113.22000000000001,WIN
ISRG,2022-02-16,bull_put,292.5,290.0,1.1866,0.675,1.757925925925926,0.5174825174825175,11.684386141836356,True,True,-131.34,LOSS
BAC,2022-02-16,bear_call,47.5,48.0,0.2559,0.255,1.003529411764706,0.09009009009008997,8.977235674208602,False,False,25.590000000000003,WIN
CVX,2022-02-17,bull_put,134.0,133.0,0.4886,0.46,1.0621739130434782,0.14545454545454536,1.0020502919691499,False,False,-9.140000000001253,PARTIAL
COST,2022-02-17,bear_call,515.0,517.5,1.2119,1.015,1.1939901477832513,0.2097902097902098,2.9136582732248164,False,False,121.19,WIN
HD,2022-02-17,bear_call,347.5,350.0,1.2161,1.11,1.0955855855855854,0.1691176470588235,4.815009877600468,False,False,121.61,WIN
RTX,2022-02-17,bear_call,94.0,95.0,0.4662,0.47,0.9919148936170213,0.282051282051282,18.50120919172774,False,False,46.62,WIN
KO,2022-02-17,bear_call,62.0,62.5,0.2276,0.23,0.9895652173913043,0.24657534246575336,27.945654465340755,False,False,-27.24,LOSS
CME,2022-02-17,bull_put,240.0,237.5,1.3352,1.35,0.9890370370370369,0.5806451612903226,10.918464234355874,False,True,-116.48,LOSS
AMGN,2022-02-22,bear_call,220.0,222.5,1.4997,1.445,1.0378546712802768,0.13036565977742454,31.041345551632457,False,False,-100.03,LOSS
PEP,2022-02-22,bear_call,167.5,170.0,1.1876,1.3,0.9135384615384615,0.16949152542372897,18.384710262193543,False,False,15.380000000000226,PARTIAL
BDX,2022-02-22,bull_put,265.0,262.5,1.3635,1.3,1.0488461538461538,0.5846153846153848,16.197657965950423,False,True,136.35,WIN
ISRG,2022-02-22,bull_put,285.0,282.5,1.1562,1.2,0.9634999999999999,0.3396226415094339,3.579627802899804,True,False,115.61999999999999,WIN
CSCO,2022-02-22,bear_call,56.0,56.5,0.2747,0.275,0.9989090909090909,0.08284023668639048,1.3124785697986407,False,False,11.735000000000042,PARTIAL
CVX,2022-02-22,bull_put,133.0,132.0,0.5231,0.455,1.1496703296703297,0.1767441860465116,1.2547147811683417,False,False,52.31,WIN
ITW,2022-02-23,bear_call,212.5,215.0,1.3898,1.325,1.0489056603773586,0.2962962962962964,10.845169782956175,False,False,-111.02000000000001,LOSS
BDX,2022-02-23,bear_call,267.5,270.0,1.4081,1.35,1.043037037037037,0.3125,12.771816835542387,False,False,-109.19000000000001,LOSS
AMGN,2022-02-23,bear_call,220.0,222.5,1.2693,1.375,0.9231272727272728,0.14653465346534658,23.087276373277362,False,False,-123.07,LOSS
EMR,2022-02-23,bull_put,91.0,90.0,0.456,0.425,1.0729411764705883,0.18181818181818177,24.656276579194156,False,False,45.6,WIN
USB,2022-02-23,bull_put,57.0,56.0,0.4854,0.445,1.0907865168539326,0.2988505747126437,85.75640779688027,False,False,48.54,WIN
MCD,2022-02-23,bear_call,247.5,250.0,1.1393,1.19,0.9573949579831933,0.14718614718614711,45.39614981591259,False,False,-81.06999999999887,PARTIAL
CVX,2022-02-24,bull_put,135.0,134.0,0.4796,0.435,1.102528735632184,0.16541353383458643,7.5009573634163855,False,False,47.96,WIN
ABT,2022-02-24,bull_put,119.0,118.0,0.4584,0.475,0.9650526315789474,0.4628820960698689,6.947319775736498,False,False,45.839999999999996,WIN
WMT,2022-02-24,bear_call,134.0,135.0,0.5407,0.54,1.0012962962962961,0.16450216450216446,6.553857220151137,False,False,-45.93,LOSS
MMM,2022-02-24,bull_put,144.0,143.0,0.4675,0.605,0.7727272727272728,0.5239852398523985,3.905438749177431,False,True,46.75,WIN
ISRG,2022-02-24,bull_put,290.0,287.5,1.2835,1.475,0.8701694915254238,0.4415584415584416,2.7243672197460413,True,False,128.35000000000002,WIN
TJX,2022-02-24,bull_put,65.0,64.0,0.4505,0.45,1.001111111111111,0.4804469273743017,2.2149402496244126,False,False,45.050000000000004,WIN
SO,2022-02-28,bull_put,65.0,64.0,0.4634,0.375,1.2357333333333334,0.4516129032258065,14.327697173347525,False,False,46.339999999999996,WIN
GILD,2022-02-28,bear_call,60.0,61.0,0.4996,0.52,0.9607692307692307,0.08530805687203798,7.303787406180357,False,False,-50.03999999999999,LOSS
VZ,2022-02-28,bear_call,53.5,54.0,0.2541,0.255,0.9964705882352941,0.13953488372093018,16.57203247410622,False,False,-24.59,LOSS
AAPL,2022-02-28,bear_call,165.0,167.5,1.1303,1.26,0.8970634920634921,0.08388520971302427,24.56934349329446,False,False,113.03,WIN
T,2022-02-28,bear_call,23.5,24.0,0.2507,0.25,1.0028,0.07058823529411772,80.55506960906834,False,False,-11.930000000000101,PARTIAL
KO,2022-02-28,bear_call,62.0,63.0,0.4576,0.485,0.9435051546391753,0.08588957055214719,84.49932539253953,False,False,-11.240000000000027,PARTIAL
MRK,2022-03-01,bear_call,76.0,77.0,0.5163,0.5,1.0326,0.18867924528301883,19.337181777136937,False,False,-48.370000000000005,LOSS
PG,2022-03-01,bear_call,152.5,155.0,1.1699,1.06,1.1036792452830189,0.277056277056277,10.05504415416679,False,False,-133.01000000000002,LOSS
TJX,2022-03-01,bull_put,64.0,63.0,0.4595,0.405,1.134567901234568,0.19762845849802374,4.93237575060472,False,False,-54.05,LOSS
MDT,2022-03-01,bull_put,104.0,103.0,0.4982,0.495,1.0064646464646465,0.36858006042296065,4.4245395410729325,False,False,49.82,WIN
ADI,2022-03-01,bull_put,157.5,155.0,1.2017,0.275,4.369818181818181,0.43478260869565216,2.4696174949410348,False,True,27.584999999999717,PARTIAL
ISRG,2022-03-01,bull_put,295.0,292.5,1.5009,1.9,0.7899473684210526,0.6428571428571428,1.970339118316934,True,True,150.09,WIN
CVX,2022-03-02,bull_put,155.0,152.5,1.1834,1.16,1.0201724137931034,0.02935010482180287,2.7288220626942468,False,False,118.34,WIN
ADP,2022-03-02,bear_call,205.0,207.5,1.4801,0.825,1.7940606060606061,0.3396226415094339,6.2901616208948665,False,True,-101.99000000000001,LOSS
CSCO,2022-03-02,bear_call,56.0,56.5,0.2587,0.26,0.9949999999999999,0.15873015873015886,12.160538615686445,False,False,-24.13,LOSS
AMGN,2022-03-02,bear_call,227.5,230.0,1.2929,1.48,0.873581081081081,0.19029126213592223,26.64422028860485,False,False,-120.71000000000001,LOSS
VZ,2022-03-02,bear_call,54.0,54.5,0.2415,0.245,0.9857142857142857,0.13333333333333344,31.02905563560026,False,False,-25.85,LOSS
MCD,2022-03-02,bear_call,240.0,242.5,1.269,1.35,0.9399999999999998,0.11394891944990179,12.54183920203293,False,False,126.89999999999999,WIN
GILD,2022-03-03,bull_put,62.0,61.0,0.468,0.445,1.051685393258427,0.16541353383458643,131.58091027376543,False,False,16.399999999999974,PARTIAL
ISRG,2022-03-03,bull_put,300.0,297.5,1.1667,0.275,4.242545454545454,1.4823529411764707,45.45656088838092,True,True,116.67,WIN
VZ,2022-03-03,bear_call,54.5,55.0,0.2405,0.24,1.0020833333333334,0.16470588235294117,27.620734115569515,False,False,-25.95,LOSS
HD,2022-03-03,bull_put,325.0,322.5,1.1388,1.09,1.0447706422018348,0.27188081936685293,10.188913254418214,False,False,19.939999999999547,PARTIAL
PNC,2022-03-03,bull_put,192.5,190.0,1.2215,1.175,1.0395744680851065,0.22222222222222215,9.87261363454565,False,False,-127.85,LOSS
WMT,2022-03-03,bear_call,139.0,140.0,0.4635,0.48,0.9656250000000001,0.1948717948717949,3.2249463223332864,False,False,-53.65,LOSS
CVX,2022-03-07,bull_put,162.5,160.0,1.225,1.18,1.038135593220339,0.06896551724137931,3.849765300713675,False,False,122.50000000000001,WIN
AMGN,2022-03-07,bear_call,232.5,235.0,1.4478,1.46,0.9916438356164383,0.14857142857142866,2.8109463153364245,False,False,144.78,WIN
VZ,2022-03-07,bear_call,54.5,55.0,0.269,0.295,0.9118644067796611,0.1986754966887416,15.620799968809928,False,False,26.900000000000002,WIN
GILD,2022-03-07,bear_call,60.0,61.0,0.4679,0.485,0.9647422680412371,0.10000000000000009,23.34497748943169,False,False,46.79,WIN
PG,2022-03-07,bear_call,152.5,155.0,1.149,1.19,0.965546218487395,0.131004366812227,44.8732296154708,False,False,114.9,WIN
PEP,2022-03-07,bear_call,162.5,165.0,1.13,1.125,1.0044444444444443,0.20444444444444443,104.09886680056549,False,False,112.99999999999999,WIN
MCD,2022-03-08,bear_call,222.5,225.0,1.1832,0.925,1.2791351351351352,0.33449477351916374,19.128760350695526,False,True,-131.68,LOSS
AMGN,2022-03-08,bear_call,230.0,232.5,1.3022,1.435,0.9074564459930313,0.1739130434782609,4.528517726732619,False,False,130.22,WIN
SO,2022-03-08,bear_call,67.5,68.0,0.2922,0.2,1.461,0.35897435897435886,2.274209190767456,False,True,-20.78,LOSS
EMR,2022-03-08,bull_put,94.0,93.0,0.4523,0.475,0.9522105263157895,0.18750000000000003,0.8842662334915609,False,False,-54.769999999999996,LOSS
VZ,2022-03-08,bear_call,53.0,53.5,0.2617,0.275,0.9516363636363635,0.09790209790209782,0.8416671873568651,False,False,11.085000000000042,PARTIAL
RTX,2022-03-08,bull_put,95.0,94.0,0.4641,0.44,1.0547727272727272,0.18181818181818185,0.42398201485209513,False,False,46.410000000000004,WIN
EMR,2022-03-09,bull_put,95.0,94.0,0.5108,0.525,0.972952380952381,0.17543859649122806,3.697227941095898,False,False,-48.92,LOSS
SBUX,2022-03-09,bull_put,88.0,87.0,0.4731,0.47,1.0065957446808511,0.09885931558935354,8.11463007137292,False,False,-52.690000000000005,LOSS
SO,2022-03-09,bear_call,67.0,67.5,0.2522,0.25,1.0088,0.3448275862068966,8.36139569265412,False,False,-24.779999999999998,LOSS
ISRG,2022-03-09,bull_put,280.0,277.5,1.2409,1.4,0.8863571428571428,0.6363636363636362,21.79671839623782,True,True,-125.91000000000001,LOSS
PM,2022-03-09,bull_put,94.0,93.0,0.4735,0.34,1.3926470588235293,0.2222222222222222,23.403852497053215,False,True,-52.65,LOSS
VZ,2022-03-09,bear_call,53.0,53.5,0.2356,0.24,0.9816666666666667,0.1010101010101011,33.541845965697306,False,False,9.780000000000042,PARTIAL
ABBV,2022-03-10,bear_call,149.0,150.0,0.4786,0.475,1.0075789473684211,0.2958579881656805,15.080001181025477,False,False,20.929999999999886,PARTIAL
MRK,2022-03-10,bull_put,78.0,77.5,0.2274,0.11,2.0672727272727274,0.8444444444444443,0.5149663384270782,False,True,22.74,WIN
XOM,2022-03-10,bull_put,86.0,85.0,0.5593,0.525,1.0653333333333332,0.14173228346456707,0.3334714005431143,False,False,-44.07,LOSS
QQQ,2022-03-10,bull_put,332.0,331.0,0.5392,0.495,1.0892929292929294,0.016207455429497513,0.14983860069569482,False,False,-46.08,LOSS
EOG,2022-03-10,bull_put,120.0,119.0,0.4635,0.25,1.854,0.734006734006734,0.08267796506188299,False,True,-53.65,LOSS
IWM,2022-03-10,bull_put,200.0,199.0,0.4522,0.43,1.0516279069767442,0.012578616352201269,0.024539515184801443,False,False,-54.779999999999994,LOSS
BDX,2022-03-14,bull_put,257.5,255.0,1.1876,1.125,1.0556444444444444,0.7210884353741497,0.6169719379787703,False,True,118.76,WIN
ISRG,2022-03-14,bull_put,267.5,265.0,1.4032,1.2,1.1693333333333333,0.3076923076923077,1.0599088699250625,True,False,140.32,WIN
ABT,2022-03-14,bull_put,116.0,115.0,0.4838,0.48,1.0079166666666668,0.11389521640091117,0.4631169919069489,False,False,48.38,WIN
ITW,2022-03-14,bull_put,207.5,205.0,1.2908,0.8,1.6135,0.22784810126582286,1.9353464121582955,False,True,129.07999999999998,WIN
PEP,2022-03-14,bear_call,155.0,157.5,1.2756,1.255,1.0164143426294823,0.11132437619961613,6.103555665388051,False,False,-122.44,LOSS
INTC,2022-03-14,bull_put,44.5,44.0,0.2279,0.195,1.1687179487179487,0.09302325581395357,1.0608966190076594,False,False,22.79,WIN
KO,2022-03-15,bull_put,60.0,59.0,0.4569,0.45,1.0153333333333332,0.1627906976744186,10.144785033614893,False,False,45.69,WIN
MRK,2022-03-15,bull_put,79.0,78.0,0.4876,0.45,1.0835555555555554,0.1835748792270531,2.588378561692153,False,False,48.76,WIN
ITW,2022-03-15,bull_put,210.0,207.5,1.2809,1.1,1.1644545454545452,0.2285714285714285,2.527421850166374,False,False,128.09,WIN
HON,2022-03-15,bear_call,187.5,190.0,1.1538,1.21,0.9535537190082645,0.13163481953290854,2.3150704999353815,False,False,-134.62,LOSS
CL,2022-03-15,bear_call,75.0,76.0,0.5606,0.525,1.0678095238095238,0.26086956521739135,2.0194815703890856,False,False,56.06,WIN
CRM,2022-03-15,bull_put,197.5,195.0,1.1919,1.1,1.0835454545454544,0.10404624277456653,1.7158630302093656,False,False,119.19,WIN
ISRG,2022-03-16,bull_put,280.0,277.5,1.4155,1.75,0.8088571428571428,0.3768115942028985,6.91077812363893,True,False,141.55,WIN
EMR,2022-03-16,bull_put,94.0,93.0,0.4725,0.45,1.0499999999999998,0.2222222222222222,11.612742853345637,False,False,47.25,WIN
V,2022-03-16,bull_put,212.5,210.0,1.2024,1.0,1.2024,0.12857142857142853,12.060457909731229,False,False,120.24,WIN
AMGN,2022-03-16,bull_put,232.5,230.0,1.2951,0.87,1.4886206896551724,0.47787610619469023,13.610264197464907,False,True,129.51,WIN
VRTX,2022-03-16,bull_put,250.0,247.5,1.6111,1.4,1.1507857142857143,0.34666666666666673,15.570182436014965,False,False,34.555000000000625,PARTIAL
SBUX,2022-03-16,bull_put,88.0,87.0,0.5042,0.625,0.80672,0.1488673139158576,15.987865290418508,False,False,50.42,WIN
MDT,2022-03-17,bull_put,110.0,109.0,0.4732,0.4,1.183,0.42038216560509556,34.884192718654184,False,False,47.32,WIN
CME,2022-03-17,bull_put,247.5,245.0,1.4174,1.2,1.1811666666666667,0.7407407407407407,30.146010509360593,False,True,141.74,WIN
RTX,2022-03-17,bull_put,98.0,97.0,0.4713,0.385,1.2241558441558442,0.7006369426751593,20.26790435119963,False,True,-0.8700000000003982,PARTIAL
HD,2022-03-17,bull_put,337.5,335.0,1.3017,1.285,1.0129961089494164,0.21453287197231838,17.97298758943055,False,False,130.17000000000002,WIN
GS,2022-03-17,bear_call,342.5,345.0,1.2131,1.155,1.0503030303030303,0.25806451612903214,5.86442569733108,False,False,-128.69,LOSS
SBUX,2022-03-17,bull_put,88.0,87.0,0.462,0.46,1.0043478260869565,0.12429378531073444,5.220035876569729,False,False,46.2,WIN
CME,2022-03-21,bear_call,250.0,252.5,1.1769,1.325,0.8882264150943397,0.2677165354330709,7.980794905569877,False,False,117.69000000000001,WIN
AAPL,2022-03-21,bear_call,165.0,167.5,1.1434,1.22,0.9372131147540984,0.01330376940133029,11.590864590859008,False,False,-135.66,LOSS
BAC,2022-03-21,bear_call,42.5,43.0,0.287,0.265,1.083018867924528,0.07499999999999993,2.426974152687018,False,False,-21.3,LOSS
UPS,2022-03-21,bear_call,217.5,220.0,1.1656,1.38,0.8446376811594203,0.07407407407407407,15.251963763048346,False,False,116.56,WIN
CSX,2022-03-21,bull_put,37.0,36.0,0.4542,0.325,1.3975384615384614,0.28571428571428564,378.20913059675075,True,True,18.710000000000086,PARTIAL
ISRG,2022-03-21,bull_put,285.0,282.5,1.3912,0.9,1.5457777777777777,0.4646464646464647,13.865071512371262,True,True,139.12,WIN
UPS,2022-03-22,bear_call,217.5,220.0,1.2889,1.26,1.0229365079365078,0.15555555555555553,58.06192578425169,False,False,128.89,WIN
CME,2022-03-22,bear_call,247.5,250.0,1.1923,1.1,1.0839090909090907,0.2857142857142856,18.239056597623254,False,False,48.61500000000005,PARTIAL
ISRG,2022-03-22,bull_put,287.5,285.0,1.248,1.225,1.0187755102040816,0.44705882352941184,18.21557381491508,True,False,30.900000000000226,PARTIAL
ORCL,2022-03-22,bull_put,82.0,81.0,0.4894,0.515,0.9502912621359223,0.2801932367149758,14.748966495560271,False,False,10.9700000000002,PARTIAL
ADP,2022-03-22,bear_call,215.0,217.5,1.1559,1.25,0.92472,0.22784810126582286,13.579996413258788,False,False,-134.41,LOSS
CSCO,2022-03-22,bear_call,56.0,56.5,0.2517,0.25,1.0068,0.175438596491228,4.681817344358015,False,False,25.169999999999998,WIN
AVGO,2022-03-23,bear_call,597.5,600.0,1.4671,1.4,1.0479285714285715,0.08450704225352121,0.37470364350928664,False,False,-103.28999999999999,LOSS
DIS,2022-03-23,bull_put,138.0,137.0,0.4819,0.445,1.0829213483146067,0.09059233449477344,0.4354129282635133,False,False,48.19,WIN
ORCL,2022-03-23,bear_call,80.0,81.0,0.4694,0.52,0.9026923076923077,0.17821782178217827,0.22912209118837823,False,False,-53.059999999999995,LOSS
NVDA,2022-03-23,bull_put,257.5,255.0,1.278,1.275,1.0023529411764707,0.05769230769230767,1.0573822785134481,True,False,127.8,WIN
INTC,2022-03-23,bull_put,48.5,48.0,0.2399,0.25,0.9596,0.06896551724137917,3.6641329087757075,False,False,23.990000000000002,WIN
IBM,2022-03-23,bear_call,128.0,129.0,0.4842,0.51,0.9494117647058824,0.16309012875536474,0.5740183197173384,False,False,-51.580000000000005,LOSS
VRTX,2022-03-24,bull_put,252.5,250.0,1.2534,1.225,1.0231836734693878,0.4561403508771929,17.281129836742213,False,False,125.34,WIN
GS,2022-03-24,bear_call,335.0,337.5,1.4099,1.355,1.0405166051660517,0.08547008547008547,21.27197856569585,False,False,-108.01000000000091,PARTIAL
EMR,2022-03-24,bear_call,97.5,98.0,0.285,0.275,1.0363636363636362,0.3448275862068966,3.538229572762658,False,False,-21.5,LOSS
ADP,2022-03-24,bull_put,217.5,215.0,1.1563,1.075,1.0756279069767443,0.5396825396825398,106.74082171808104,False,True,115.63000000000001,WIN
ISRG,2022-03-24,bull_put,282.5,280.0,1.4302,1.0,1.4302,0.8070175438596491,107.47827887420803,True,True,143.01999999999998,WIN
NSC,2022-03-24,bull_put,280.0,277.5,1.1317,0.6,1.8861666666666665,0.5789473684210527,25.44032041321462,False,True,113.16999999999999,WIN
T,2022-03-28,bull_put,24.0,23.5,0.2314,0.19,1.2178947368421051,0.13793103448275854,114.24577805980954,False,False,10.570000000000022,PARTIAL
MSFT,2022-03-28,bull_put,312.5,310.0,1.339,1.375,0.9738181818181818,0.07909604519774004,0.8865039525517592,False,False,-116.10000000000001,LOSS
NVDA,2022-03-28,bull_put,285.0,282.5,1.4384,1.45,0.992,0.06567164179104486,0.7774897148849605,True,False,-106.16000000000001,LOSS
MMM,2022-03-28,bull_put,150.0,149.0,0.5004,0.47,1.0646808510638297,0.17313432835820897,0.6697479929741758,False,False,9.519999999999884,PARTIAL
HD,2022-03-28,bull_put,315.0,312.5,1.1459,1.09,1.0512844036697246,0.07594936708860756,0.47315667430568736,False,False,-135.41,LOSS
PYPL,2022-03-28,bull_put,117.0,116.0,0.524,0.515,1.01747572815534,0.06428571428571435,0.3134641885602779,False,False,9.700000000000086,PARTIAL
JPM,2022-03-29,bull_put,142.0,141.0,0.5267,0.5,1.0534,0.1176470588235294,1.2408485539384952,False,False,-47.33,LOSS
NVDA,2022-03-29,bull_put,287.5,285.0,1.3157,1.45,0.9073793103448277,0.13114754098360654,2.1466739855327885,True,False,-118.42999999999999,LOSS
PYPL,2022-03-29,bull_put,122.0,121.0,0.5296,0.545,0.9717431192660549,0.08979591836734702,0.6236551261781006,False,False,-47.04,LOSS
CRM,2022-03-29,bull_put,222.5,220.0,1.2202,1.25,0.9761599999999999,0.07299270072992702,4.402555762131984,False,False,-127.98,LOSS
PM,2022-03-29,bull_put,94.0,93.0,0.4625,0.47,0.9840425531914895,0.2708333333333335,7.326539149859904,False,False,46.25,WIN
DIS,2022-03-29,bull_put,143.0,142.0,0.5267,0.52,1.0128846153846152,0.1142857142857144,3.993235285986708,False,False,-47.33,LOSS
PG,2022-03-30,bull_put,155.0,152.5,1.1309,0.95,1.190421052631579,0.24615384615384622,52.70759478591345,False,False,113.09,WIN
ADI,2022-03-30,bull_put,167.5,165.0,1.2405,0.9,1.3783333333333332,0.5499999999999999,3.853603870619982,False,True,-89.94999999999864,PARTIAL
WMT,2022-03-30,bull_put,150.0,149.0,0.4628,0.405,1.142716049382716,0.13333333333333333,3.709628248834427,False,False,46.28,WIN
HD,2022-03-30,bull_put,310.0,307.5,1.3036,1.25,1.04288,0.1294964028776979,2.6393380910474185,False,False,-119.63999999999999,LOSS
NFLX,2022-03-30,bull_put,382.5,380.0,1.3207,1.3,1.015923076923077,0.10138248847926262,1.2520087141301492,False,False,-117.93,LOSS
PYPL,2022-03-30,bull_put,119.0,118.0,0.5003,0.49,1.0210204081632652,0.06483790523690768,1.1317200657420734,False,False,-49.97,LOSS
VRTX,2022-03-31,bull_put,262.5,260.0,1.25,1.025,1.2195121951219514,0.8679245283018868,-0.31580495382315826,False,True,125.0,WIN
IWM,2022-03-31,bull_put,206.0,205.0,0.5447,0.505,1.0786138613861385,0.04129793510324488,-0.19542287501747369,False,False,54.47,WIN
NOW,2022-03-31,bull_put,560.0,557.5,1.2883,1.55,0.8311612903225806,0.3006535947712419,-0.038854096347679355,False,False,-121.17,LOSS
SPY,2022-03-31,bull_put,452.0,451.0,0.4569,0.445,1.0267415730337077,0.026525198938991947,-0.03275436796742102,False,False,45.69,WIN
QQQ,2022-03-31,bull_put,363.0,362.5,0.2613,0.255,1.0247058823529411,0.024793388429752088,0.011575791662549103,False,False,-23.87,LOSS
NVDA,2022-03-31,bull_put,275.0,272.5,1.3608,1.215,1.1199999999999999,0.06896551724137928,0.16993620818450791,True,False,-113.92,LOSS
CRM,2022-04-04,bull_put,220.0,217.5,1.2325,1.255,0.9820717131474104,0.07299270072992702,3.839461047583896,False,False,-126.75,LOSS
ADI,2022-04-04,bull_put,165.0,162.5,1.2762,0.95,1.3433684210526315,0.34862385321100925,3.7151368146978916,False,True,-122.38,LOSS
ITW,2022-04-04,bull_put,210.0,207.5,1.2125,1.225,0.9897959183673468,0.1782178217821783,1.6586301936598917,False,False,-128.75,LOSS
INTC,2022-04-04,bull_put,49.5,49.0,0.2547,0.24,1.06125,0.08571428571428563,0.9396437787189742,False,False,-24.529999999999998,LOSS
HD,2022-04-04,bull_put,307.5,305.0,1.3306,1.365,0.9747985347985348,0.11363636363636363,0.8653587701211282,False,False,133.06,WIN
BA,2022-04-04,bull_put,192.5,190.0,1.2532,1.245,1.006586345381526,0.05333333333333338,0.6139582808481066,False,False,-124.67999999999999,LOSS
PM,2022-04-05,bull_put,96.0,95.0,0.4649,0.4,1.1622499999999998,0.24390243902439016,0.29959552401618483,False,False,46.489999999999995,WIN
PYPL,2022-04-05,bull_put,118.0,117.0,0.4852,0.48,1.0108333333333335,0.06250000000000006,0.46416802934828977,False,False,-51.480000000000004,LOSS
DIS,2022-04-05,bull_put,136.0,135.0,0.4879,0.485,1.005979381443299,0.10397553516819567,0.8819046723394632,False,False,-51.21,LOSS
EMR,2022-04-05,bull_put,97.0,96.0,0.5037,0.45,1.1193333333333333,0.2127659574468085,1.728022472120876,False,False,-49.63,LOSS
ITW,2022-04-05,bull_put,207.5,205.0,1.1972,1.275,0.9389803921568628,0.297029702970297,7.944782618823391,False,False,-130.28,LOSS
ISRG,2022-04-05,bull_put,297.5,295.0,1.4036,0.975,1.4395897435897436,0.19512195121951217,26.196852186592448,True,True,-109.64,LOSS
RTX,2022-04-06,bear_call,98.0,99.0,0.5146,0.515,0.9992233009708736,0.11981566820276489,15.023655040825863,False,False,-48.54,LOSS
ISRG,2022-04-06,bull_put,290.0,287.5,1.1817,1.25,0.94536,0.21052631578947376,10.478734515279625,True,False,52.08500000000068,PARTIAL
CME,2022-04-06,bear_call,242.5,245.0,1.1621,1.35,0.8608148148148147,0.31999999999999995,6.886230698659652,False,False,58.105,PARTIAL
ACN,2022-04-06,bear_call,340.0,342.5,1.2407,0.975,1.2725128205128204,0.33333333333333337,4.5847188290622976,False,True,124.07,WIN
GS,2022-04-06,bear_call,315.0,317.5,1.3081,1.33,0.9835338345864661,0.10256410256410244,1.2350515494839496,False,False,-119.19,LOSS
IBM,2022-04-06,bear_call,129.0,130.0,0.4906,0.57,0.860701754385965,0.2459016393442623,0.5378372488615114,False,False,49.059999999999995,WIN
ABT,2022-04-07,bear_call,123.0,124.0,0.4957,0.51,0.9719607843137255,0.36170212765957455,0.1642402182150806,False,False,12.284999999999998,PARTIAL
AVGO,2022-04-07,bear_call,602.5,605.0,1.2124,0.525,2.309333333333333,0.13953488372093015,0.17518997552058546,False,True,121.24,WIN
SPY,2022-04-07,bull_put,449.0,448.0,0.4717,0.45,1.0482222222222222,0.005305039787798413,0.2907077455373936,False,False,-52.83,LOSS
JPM,2022-04-07,bear_call,131.0,132.0,0.46,0.435,1.0574712643678161,0.17391304347826092,7.552588720688204,False,False,-54.0,LOSS
PM,2022-04-07,bull_put,100.0,99.0,0.4535,0.325,1.3953846153846154,1.2592592592592593,11.480087300065042,False,True,45.35,WIN
MDT,2022-04-07,bear_call,112.0,113.0,0.5244,0.535,0.9801869158878503,0.3529411764705883,75.14758356994254,False,False,2.7200000000000557,PARTIAL
GE,2022-04-18,bear_call,90.0,91.0,0.4895,0.505,0.9693069306930693,0.1569965870307167,522.4796163977127,True,False,48.949999999999996,WIN
MCD,2022-04-18,bear_call,250.0,252.5,1.2615,1.34,0.9414179104477612,0.1544117647058825,16.954380599643102,False,False,54.57500000000063,PARTIAL
PNC,2022-04-18,bear_call,175.0,177.5,1.2658,1.375,0.9205818181818182,0.16216216216216223,14.590798568208534,False,False,126.58,WIN
TXN,2022-04-18,bull_put,177.5,175.0,1.2328,1.1,1.1207272727272726,0.11347517730496447,10.319538594044053,False,False,-126.72000000000001,LOSS
BMY,2022-04-18,bull_put,77.0,76.0,0.4662,0.455,1.0246153846153845,0.14457831325301204,9.059815789175783,False,False,-53.38,LOSS
ITW,2022-04-18,bull_put,197.5,195.0,1.1582,0.975,1.187897435897436,0.16000000000000014,3.6793512817033887,False,False,115.82,WIN
V,2022-04-19,bear_call,215.0,217.5,1.2575,1.27,0.9901574803149606,0.136279926335175,11.327559342071387,False,False,125.75,WIN
UPS,2022-04-19,bear_call,190.0,192.5,1.1563,1.21,0.955619834710744,0.11464968152866241,31.16466094716965,False,False,115.63000000000001,WIN
BDX,2022-04-19,bull_put,265.0,262.5,1.4511,0.35,4.146000000000001,0.9928057553956835,6.442438421024682,False,True,-104.89,LOSS
MCD,2022-04-19,bear_call,255.0,257.5,1.1591,1.18,0.9822881355932204,0.11084337349397588,52.30462762623167,False,False,115.91,WIN
SO,2022-04-19,bear_call,76.0,77.0,0.4748,0.5,0.9496,0.20689655172413793,66.35380969757914,False,False,47.48,WIN
EMR,2022-04-19,bull_put,96.0,95.0,0.5166,0.425,1.2155294117647057,0.2564102564102565,44.847066883221665,False,False,-48.339999999999996,LOSS
GE,2022-04-20,bear_call,91.0,92.0,0.4845,0.495,0.9787878787878788,0.13574660633484156,1576.511378979166,True,False,48.449999999999996,WIN
ITW,2022-04-20,bull_put,207.5,205.0,1.2673,1.075,1.1788837209302327,0.27848101265822783,110.7997002692326,False,False,-123.27,LOSS
MCD,2022-04-20,bear_call,255.0,257.5,1.2128,1.3,0.932923076923077,0.1243523316062175,12.681492132265591,False,False,121.28000000000002,WIN
SBUX,2022-04-20,bear_call,80.0,81.0,0.4629,0.43,1.0765116279069766,0.15384615384615385,6.275620645485807,False,False,46.29,WIN
MA,2022-04-20,bear_call,365.0,367.5,1.2774,1.235,1.034331983805668,0.18181818181818185,3.0101097507415098,False,False,127.74000000000001,WIN
EMR,2022-04-20,bull_put,97.5,97.0,0.2882,0.275,1.048,0.4615384615384615,1.5434024344999528,False,False,-21.18,LOSS
DIS,2022-04-21,bull_put,122.0,121.0,0.4688,0.475,0.9869473684210527,0.15503875968992245,1.2389047203775032,False,False,-53.12,LOSS
NVDA,2022-04-21,bull_put,202.5,200.0,1.1445,1.15,0.9952173913043479,0.13157894736842105,1.3532954897599927,True,False,-135.54999999999998,LOSS
UNH,2022-04-21,bear_call,537.5,540.0,1.1286,1.315,0.8582509505703423,0.3125,1.9909570111378458,False,False,112.86,WIN
JPM,2022-04-21,bull_put,131.0,130.0,0.543,0.635,0.8551181102362205,0.4738955823293173,15.238450645575854,False,False,-45.7,LOSS
MDT,2022-04-21,bear_call,113.0,114.0,0.4741,0.55,0.862,0.6896551724137931,43.434533807885664,False,True,47.410000000000004,WIN
BDX,2022-04-21,bull_put,265.0,262.5,1.1954,-0.05,-23.907999999999998,1.9183673469387759,102.99689232265479,False,True,-130.46,LOSS
CSX,2022-04-25,bull_put,35.0,34.0,0.4827,0.425,1.135764705882353,0.19354838709677424,347.7820794138182,True,False,-17.729999999999656,PARTIAL
VZ,2022-04-25,bear_call,50.0,50.5,0.2699,0.26,1.038076923076923,0.07092198581560273,9.958383953261334,False,False,26.99,WIN
JNJ,2022-04-25,bear_call,185.0,187.5,1.2399,1.36,0.9116911764705882,0.1338742393509128,7.59758691412568,False,False,123.99,WIN
CRM,2022-04-25,bull_put,175.0,172.5,1.1944,1.12,1.0664285714285713,0.08484848484848476,2.7943781278867377,False,False,119.44,WIN
ITW,2022-04-25,bull_put,205.0,202.5,1.1865,0.775,1.530967741935484,0.3680000000000001,1.1683891773007828,False,True,-131.35,LOSS
BDX,2022-04-25,bear_call,257.5,260.0,1.2673,0.925,1.370054054054054,0.926829268292683,0.7927130547232369,False,True,126.73,WIN
SPY,2022-04-26,bull_put,418.0,417.0,0.5537,0.535,1.0349532710280374,0.016713091922005586,-0.006427048340327138,False,False,-44.629999999999995,LOSS
QQQ,2022-04-26,bull_put,320.0,319.0,0.6309,0.64,0.98578125,0.05508474576271182,-0.002815631795243534,False,False,-36.91,LOSS
SPY,2022-04-26,bear_call,415.0,416.0,0.5128,0.505,1.0154455445544555,0.00539083557951487,-0.011938224670454209,False,False,51.28,WIN
SBUX,2022-04-26,bull_put,76.0,75.0,0.4577,0.455,1.0059340659340659,0.13718411552346566,0.2641908939295061,False,False,-54.230000000000004,LOSS
NFLX,2022-04-26,bull_put,200.0,197.5,1.2623,1.175,1.0742978723404255,0.03125000000000003,0.6891849789943104,True,False,-123.77,LOSS
NVDA,2022-04-26,bull_put,190.0,187.5,1.3024,1.25,1.04192,0.027397260273972626,0.2086013047565681,True,False,-119.76,LOSS
IBM,2022-04-27,bear_call,135.0,136.0,0.4738,0.51,0.9290196078431372,0.20588235294117652,3.611961905983052,False,False,47.38,WIN
ISRG,2022-04-27,bull_put,237.5,235.0,1.2467,1.25,0.9973599999999999,0.18181818181818182,2.122585271688844,True,False,124.66999999999999,WIN
V,2022-04-27,bull_put,215.0,212.5,1.1405,1.11,1.0274774774774775,0.10526315789473686,1.317484020177572,False,False,-72.95000000000044,PARTIAL
HD,2022-04-27,bull_put,302.5,300.0,1.145,1.15,0.9956521739130436,0.15384615384615383,0.9947286704447798,False,False,-95.50000000000227,PARTIAL
ABT,2022-04-27,bull_put,117.0,116.0,0.4607,0.405,1.1375308641975308,0.20788530465949823,0.8859315629080471,False,False,-53.93,LOSS
NFLX,2022-04-27,bull_put,190.0,187.5,1.269,1.25,1.0151999999999999,0.04608294930875576,0.5392142750509349,True,False,126.89999999999999,WIN
EMR,2022-04-28,bull_put,92.5,92.0,0.2542,0.3,0.8473333333333333,0.30303030303030304,2.9665292114393575,False,False,-24.58,LOSS
SBUX,2022-04-28,bull_put,77.0,76.0,0.475,0.465,1.021505376344086,0.14857142857142844,3.971497477394974,False,False,-52.5,LOSS
UNH,2022-04-28,bull_put,525.0,522.5,1.1474,0.9,1.2748888888888887,0.37908496732026137,0.8199010904868342,False,True,-135.26,LOSS
ISRG,2022-04-28,bull_put,245.0,242.5,1.3338,1.275,1.0461176470588236,0.24657534246575327,15.06070961997835,True,False,-116.61999999999999,LOSS
ADP,2022-04-28,bull_put,230.0,227.5,1.1829,1.2,0.9857500000000001,0.49999999999999994,86.90880439631543,False,False,-131.70999999999998,LOSS
NFLX,2022-04-28,bull_put,200.0,197.5,1.1512,1.17,0.983931623931624,0.08823529411764701,12.301981334495265,True,False,-134.88,LOSS
ISRG,2022-05-02,bull_put,242.5,240.0,1.2721,1.35,0.9422962962962962,0.11940298507462685,2.5952769617817997,True,False,-122.78999999999999,LOSS
SO,2022-05-02,bear_call,73.0,74.0,0.4596,0.5,0.9192,0.19047619047619047,6.765876573929321,False,False,-54.04,LOSS
GILD,2022-05-02,bear_call,60.0,61.0,0.483,0.475,1.016842105263158,0.10526315789473682,2.4996119767535308,False,False,-51.7,LOSS
BMY,2022-05-02,bear_call,75.0,76.0,0.4519,0.455,0.9931868131868132,0.15384615384615385,14.970735746649957,False,False,-54.81,LOSS
PEP,2022-05-02,bear_call,167.5,170.0,1.1307,1.21,0.9344628099173554,0.11513859275053306,21.818320862140506,False,False,-136.93,LOSS
JNJ,2022-05-02,bear_call,177.5,180.0,1.3182,1.39,0.9483453237410073,0.08823529411764698,14.529793863924196,False,False,131.82,WIN
MCD,2022-05-03,bear_call,245.0,247.5,1.3148,1.365,0.9632234432234432,0.15384615384615385,19.798468098350547,False,False,-118.52000000000001,LOSS
JNJ,2022-05-03,bear_call,177.5,180.0,1.2064,1.23,0.9808130081300812,0.13461538461538472,19.05806178368614,False,False,120.63999999999999,WIN
CL,2022-05-03,bear_call,74.0,75.0,0.5448,0.525,1.0377142857142856,0.2222222222222222,7.98586344641444,False,False,-45.519999999999996,LOSS
MDT,2022-05-03,bear_call,103.0,104.0,0.5054,0.26,1.9438461538461536,0.48327137546468396,4.778339612911735,False,True,2.7699999999998557,PARTIAL
ISRG,2022-05-03,bull_put,240.0,237.5,1.3046,1.2,1.0871666666666666,0.2654867256637168,4.351652607559796,True,False,-119.54,LOSS
ADP,2022-05-03,bull_put,222.5,220.0,1.2657,0.95,1.3323157894736843,0.12121212121212119,3.8113156038988136,False,True,-123.42999999999999,LOSS
ADP,2022-05-04,bull_put,230.0,227.5,1.2079,1.05,1.1503809523809523,0.25454545454545463,8.17854906620558,False,False,-129.21,LOSS
ISRG,2022-05-04,bull_put,247.5,245.0,1.1937,0.725,1.6464827586206896,0.47741935483870956,10.473277049286912,True,True,-130.63,LOSS
ORCL,2022-05-04,bear_call,75.0,76.0,0.4515,0.465,0.9709677419354839,0.10650887573964493,5.737795995318679,False,False,45.15,WIN
MMM,2022-05-04,bull_put,155.0,152.5,1.1676,0.98,1.1914285714285715,0.15950920245398775,82.66708701855046,False,False,-133.24,LOSS
SCHW,2022-05-04,bull_put,72.0,71.0,0.6023,0.46,1.3093478260869564,0.21862348178137653,13.357594757978609,False,True,-39.77,LOSS
BMY,2022-05-04,bear_call,76.0,77.0,0.507,0.42,1.2071428571428573,0.13698630136986298,170.82373531376854,False,False,-16.30000000000017,PARTIAL
PM,2022-05-05,bull_put,100.0,99.0,0.4514,0.3,1.5046666666666668,0.5333333333333332,67.6118821220956,False,True,-54.86,LOSS
AMGN,2022-05-05,bull_put,235.0,232.5,1.2085,0.985,1.2269035532994923,0.22982885085574561,32.96689499353072,False,False,120.85,WIN
VZ,2022-05-05,bull_put,48.0,47.5,0.2332,0.235,0.9923404255319149,0.26666666666666666,24.404331703552486,False,False,23.32,WIN
ISRG,2022-05-05,bull_put,235.0,232.5,1.2999,1.3,0.9999230769230769,0.3896103896103895,18.691119311939342,True,False,-120.00999999999999,LOSS
TJX,2022-05-05,bull_put,62.0,61.0,0.4529,0.39,1.1612820512820512,0.41916167664670656,11.071299943699652,False,False,-54.71,LOSS
MMM,2022-05-05,bull_put,150.0,149.0,0.5486,0.49,1.1195918367346938,0.35135135135135137,2.914134117156522,False,False,3.9300000000000557,PARTIAL
VZ,2022-05-09,bear_call,48.5,49.0,0.2498,0.265,0.9426415094339622,0.13513513513513525,5.0694516583454385,False,False,24.98,WIN
CSX,2022-05-09,bull_put,34.0,33.0,0.4688,0.4,1.172,0.18181818181818185,146.1868716530773,True,False,-10.12000000000003,PARTIAL
MCD,2022-05-09,bear_call,247.5,250.0,1.1969,1.22,0.9810655737704919,0.1333333333333334,20.243455779657303,False,False,119.69000000000001,WIN
BMY,2022-05-09,bear_call,76.0,77.0,0.4697,0.485,0.9684536082474228,0.12962962962962954,7.531767276399261,False,False,46.97,WIN
ISRG,2022-05-09,bull_put,212.5,210.0,1.4903,1.5,0.9935333333333333,0.14857142857142866,0.9828133541246419,True,False,149.03,WIN
AMGN,2022-05-09,bull_put,240.0,237.5,1.2287,0.995,1.2348743718592965,0.24516129032258058,0.9552021470458024,False,False,122.86999999999999,WIN
PEP,2022-05-10,bull_put,172.5,170.0,1.1498,1.115,1.0312107623318385,0.14084507042253522,3.3714794368224568,False,False,114.97999999999999,WIN
ISRG,2022-05-10,bull_put,212.5,210.0,1.2035,1.25,0.9628,0.11023622047244098,3.381297500553339,True,False,120.35,WIN
PNC,2022-05-10,bull_put,162.5,160.0,1.2089,1.075,1.1245581395348838,0.15384615384615385,5.822556256018463,False,False,-129.10999999999999,LOSS
CSX,2022-05-10,bull_put,33.0,32.5,0.2515,0.175,1.4371428571428573,0.37037037037037035,24.707980728583614,True,True,25.15,WIN
MCD,2022-05-10,bear_call,245.0,247.5,1.2557,1.275,0.9848627450980393,0.10852713178294578,9.44937277704235,False,False,60.7850000000004,PARTIAL
BMY,2022-05-10,bear_call,76.0,77.0,0.4621,0.585,0.7899145299145299,0.3225806451612903,7.720941001657252,False,False,46.21,WIN
MDT,2022-05-11,bull_put,101.0,100.0,0.4877,0.49,0.9953061224489796,0.23321554770318026,3.3039212936135787,False,False,48.77,WIN
ISRG,2022-05-11,bull_put,212.5,210.0,1.315,1.15,1.1434782608695653,0.31775700934579443,9.484164330310431,True,False,131.5,WIN
NFLX,2022-05-11,bull_put,167.5,165.0,1.2703,1.25,1.01624,0.05769230769230767,2.788685343358295,True,False,127.03,WIN
KO,2022-05-11,bear_call,64.0,65.0,0.4648,0.49,0.9485714285714286,0.06535947712418307,43.02582995673386,False,False,-53.52,LOSS
PEP,2022-05-11,bear_call,170.0,172.5,1.1992,1.11,1.0803603603603602,0.12853470437017986,159.43671292584835,False,False,-130.07999999999998,LOSS
MO,2022-05-11,bull_put,52.0,51.5,0.2968,0.25,1.1872,0.1643835616438356,10.342172758810088,False,False,29.68,WIN
NFLX,2022-05-12,bull_put,175.0,172.5,1.2057,1.155,1.0438961038961039,0.06711409395973154,6.224749731170027,True,False,120.57,WIN
HD,2022-05-12,bull_put,290.0,287.5,1.1702,1.165,1.0044635193133047,0.23376623376623376,6.649803464358117,False,False,117.02,WIN
MS,2022-05-12,bull_put,79.0,78.0,0.5009,0.5,1.0018,0.25641025641025644,8.786125370029646,False,False,50.09,WIN
MRK,2022-05-12,bull_put,91.0,90.0,0.452,0.445,1.0157303370786517,0.36363636363636365,94.70788355656687,False,False,-13.80000000000034,PARTIAL
PNC,2022-05-12,bull_put,160.0,157.5,1.1761,1.3,0.9046923076923076,0.47191011235955055,56.42245542411927,False,False,-132.39000000000001,LOSS
ISRG,2022-05-12,bull_put,212.5,210.0,1.3385,1.625,0.8236923076923077,0.5405405405405405,56.090766974487885,True,True,133.85,WIN
SO,2022-05-16,bear_call,74.0,75.0,0.4519,0.5,0.9038,0.17142857142857132,7.946340399683675,False,False,45.190000000000005,WIN
MCD,2022-05-16,bear_call,242.5,245.0,1.4082,1.43,0.9847552447552447,0.06896551724137931,6.4181945949776,False,False,140.82,WIN
EMR,2022-05-16,bull_put,85.0,84.0,0.5551,0.475,1.1686315789473685,0.12903225806451613,5.903239410495728,False,False,-44.49,LOSS
MO,2022-05-16,bull_put,54.0,53.5,0.2497,0.225,1.1097777777777778,0.16216216216216217,4.5856013908091136,False,False,-25.03,LOSS
ISRG,2022-05-16,bull_put,222.5,220.0,1.3969,1.3,1.0745384615384614,0.1068702290076336,3.410412410612773,True,False,-110.31,LOSS
PFE,2022-05-16,bear_call,50.5,51.0,0.2467,0.255,0.9674509803921568,0.074074074074074,2.293733049984966,False,False,-25.330000000000002,LOSS
HON,2022-05-17,bull_put,200.0,197.5,1.1867,1.075,1.1039069767441863,0.12499999999999993,5.051877954597975,False,False,-131.32999999999998,LOSS
ACN,2022-05-17,bull_put,292.5,290.0,1.2609,1.35,0.9339999999999998,0.2222222222222222,5.52559220066719,False,False,-123.91000000000001,LOSS
ISRG,2022-05-17,bull_put,227.5,225.0,1.3223,1.225,1.0794285714285714,0.21359223300970884,12.145805986146009,True,False,-117.77,LOSS
MO,2022-05-17,bull_put,54.5,54.0,0.2539,0.24,1.0579166666666668,0.17600000000000016,21.652895184912257,False,False,-24.610000000000003,LOSS
CSX,2022-05-17,bull_put,34.0,33.0,0.4821,0.35,1.3774285714285714,0.28571428571428564,595.9399835751279,True,True,-51.790000000000006,LOSS
ITW,2022-05-17,bull_put,212.5,210.0,1.1435,1.0,1.1435,0.26262626262626265,21.603598803929994,False,False,-135.65,LOSS
CSX,2022-05-18,bull_put,32.5,32.0,0.2712,0.225,1.2053333333333334,0.20000000000000007,104.82035294309101,True,False,-22.88,LOSS
CL,2022-05-18,bull_put,76.0,75.0,0.4798,0.4,1.1995,0.10526315789473682,19.966068242303685,False,False,-39.02000000000045,PARTIAL
ISRG,2022-05-18,bull_put,217.5,215.0,1.3972,0.9,1.5524444444444443,0.2553191489361703,9.536747415964749,True,True,139.72,WIN
VRTX,2022-05-18,bull_put,252.5,250.0,1.1326,-0.375,-3.0202666666666667,1.777777777777778,1.7541893720516544,False,True,113.26,WIN
MRK,2022-05-18,bear_call,92.0,92.5,0.2383,0.2,1.1915,0.23529411764705876,1.2773151696298601,False,False,-26.169999999999998,LOSS
ABT,2022-05-18,bull_put,113.0,112.0,0.4589,0.43,1.0672093023255813,0.2237762237762238,1.2656847120931993,False,False,45.89,WIN
NFLX,2022-05-19,bull_put,185.0,182.5,1.2672,1.275,0.9938823529411767,0.08571428571428566,0.4039726339358537,True,False,126.72000000000001,WIN
SPY,2022-05-19,bull_put,390.0,389.0,0.5199,0.51,1.0194117647058825,0.006097560975609761,0.11440420224424853,False,False,7.494999999999774,PARTIAL
QQQ,2022-05-19,bull_put,290.0,289.0,0.4752,0.485,0.9797938144329897,0.0142857142857143,0.026714123411324592,False,False,-52.480000000000004,LOSS
NVDA,2022-05-19,bull_put,172.5,170.0,1.2448,1.23,1.0120325203252032,0.05405405405405398,1.1568188464715787,True,False,-125.52000000000001,LOSS
BDX,2022-05-19,bull_put,252.5,250.0,1.4319,1.6,0.8949374999999999,0.7155963302752294,6.363903585301044,False,True,61.59500000000057,PARTIAL
MRK,2022-05-19,bear_call,92.0,92.5,0.2331,0.25,0.9324,0.16296296296296292,6.083912304936263,False,False,-26.69,LOSS
ISRG,2022-05-23,bull_put,222.5,220.0,1.2932,1.05,1.2316190476190474,0.297029702970297,10.545315144464787,True,False,129.32,WIN
WM,2022-05-23,bear_call,155.0,157.5,1.1423,1.425,0.8016140350877193,0.16513761467889915,4.711369408513399,False,False,-135.76999999999998,LOSS
CSCO,2022-05-23,bull_put,43.5,43.0,0.2259,0.205,1.1019512195121952,0.0588235294117646,4.019080396335274,False,False,22.59,WIN
MO,2022-05-23,bull_put,52.5,52.0,0.2595,0.24,1.08125,0.07594936708860751,3.118616224163017,False,False,25.95,WIN
AMGN,2022-05-23,bull_put,250.0,247.5,1.2126,1.695,0.7153982300884955,0.1671826625386997,2.6816486050644133,False,False,121.25999999999999,WIN
ACN,2022-05-23,bull_put,285.0,282.5,1.2805,1.15,1.1134782608695653,0.13861386138613863,2.6639629210737894,False,False,128.05,WIN
VZ,2022-05-24,bear_call,50.5,51.0,0.2553,0.25,1.0212,0.13559322033898297,1.8291191233733688,False,False,-24.47,LOSS
CME,2022-05-24,bull_put,192.5,190.0,1.1897,1.025,1.1606829268292684,0.30508474576271183,1.8854723076122573,False,False,118.97,WIN
CSCO,2022-05-24,bull_put,44.0,43.5,0.2427,0.25,0.9708,0.11267605633802812,1.8941106550896647,False,False,24.27,WIN
PM,2022-05-24,bull_put,107.0,106.0,0.5009,0.4,1.2522499999999999,0.3157894736842105,1.9718431126280473,False,True,23.544999999999945,PARTIAL
ITW,2022-05-24,bear_call,202.5,205.0,1.2566,1.15,1.092695652173913,0.2758620689655172,4.509303585694761,False,False,-124.34,LOSS
ISRG,2022-05-24,bull_put,220.0,217.5,1.2547,0.95,1.3207368421052632,0.2736842105263159,5.736428171188366,True,True,125.47,WIN
ADP,2022-05-25,bull_put,215.0,212.5,1.2853,1.075,1.1956279069767444,0.20952380952380945,25.23109966707309,False,False,128.53,WIN
IBM,2022-05-25,bear_call,134.0,135.0,0.5164,0.51,1.012549019607843,0.10600706713780912,3.549576064580455,False,False,-48.36,LOSS
UNH,2022-05-25,bear_call,497.5,500.0,1.3166,1.27,1.0366929133858267,0.20320855614973263,3.3860589472967395,False,False,-118.34,LOSS
BMY,2022-05-25,bear_call,77.0,77.5,0.2487,0.26,0.9565384615384616,0.1515151515151515,2.286629422150683,False,False,24.87,WIN
TJX,2022-05-25,bull_put,62.0,61.0,0.6303,0.62,1.0166129032258064,0.30208333333333337,1.3415439467932333,False,False,63.029999999999994,WIN
PG,2022-05-25,bear_call,145.0,146.0,0.4908,0.5,0.9816,0.1292775665399239,1.25873025440144,False,False,-50.92,LOSS
MMM,2022-05-26,bear_call,147.0,148.0,0.478,0.56,0.8535714285714284,0.6422018348623854,9.83463753863297,False,True,-52.2,LOSS
ACN,2022-05-26,bull_put,292.5,290.0,1.2134,1.175,1.0326808510638297,0.4313725490196079,19.248659756122887,False,False,121.34,WIN
MSFT,2022-05-26,bear_call,265.0,267.5,1.2372,1.2,1.0310000000000001,0.0982142857142858,6.869227374184074,False,False,-126.27999999999999,LOSS
HON,2022-05-26,bear_call,192.5,195.0,1.1484,1.1,1.044,0.1694915254237288,36.599530449970345,False,False,-135.16,LOSS
SO,2022-05-26,bear_call,75.0,76.0,0.5199,0.475,1.0945263157894738,0.26086956521739135,74.15526189426829,False,False,-48.010000000000005,LOSS
USB,2022-05-26,bear_call,52.0,52.5,0.2575,0.225,1.1444444444444444,0.3529411764705883,26.007655503749675,False,False,-24.25,LOSS
SO,2022-05-31,bull_put,76.0,75.0,0.6192,0.375,1.6512,0.2666666666666666,99.03632982863662,False,True,-12.07999999999949,PARTIAL
BDX,2022-05-31,bear_call,255.0,257.5,1.4702,1.325,1.1095849056603773,0.24,27.9848992938121,False,False,147.01999999999998,WIN
ADP,2022-05-31,bear_call,222.5,225.0,1.3005,1.175,1.1068085106382979,0.16822429906542047,15.376629099176562,False,False,130.05,WIN
CME,2022-05-31,bear_call,197.5,200.0,1.4435,1.4,1.0310714285714286,0.2295081967213114,15.27412330591704,False,False,-105.65,LOSS
PNC,2022-05-31,bear_call,175.0,177.5,1.1442,1.225,0.9340408163265306,0.127659574468085,13.453908451340277,False,False,114.42000000000002,WIN
BMY,2022-05-31,bear_call,75.0,76.0,0.5009,0.54,0.9275925925925925,0.23350253807106605,12.611617592499089,False,False,16.544999999999916,PARTIAL
CRM,2022-06-01,bull_put,177.5,175.0,1.2783,1.275,1.0025882352941178,0.04379562043795618,8.580288948983416,False,False,127.83,WIN
BDX,2022-06-01,bull_put,252.5,250.0,1.3084,1.075,1.2171162790697676,0.24299065420560745,11.171597949204866,False,False,57.42000000000017,PARTIAL
CSCO,2022-06-01,bull_put,45.5,45.0,0.2456,0.235,1.0451063829787235,0.14035087719298237,3.704213487679731,False,False,-0.4399999999999987,PARTIAL
CL,2022-06-01,bear_call,78.0,79.0,0.4594,0.475,0.9671578947368421,0.2666666666666666,29.457767678723645,False,False,-47.060000000000684,PARTIAL
MRK,2022-06-01,bear_call,91.0,92.0,0.4549,0.45,1.010888888888889,0.1265822784810126,36.91812790045973,False,False,45.49,WIN
PM,2022-06-01,bull_put,106.0,105.0,0.4556,0.375,1.2149333333333334,0.21052631578947376,14.255992023043923,False,False,-2.4400000000003974,PARTIAL
TXN,2022-06-02,bull_put,177.5,175.0,1.1334,1.005,1.1277611940298509,0.27605633802816903,23.919168696576463,False,False,-136.66,LOSS
AMGN,2022-06-02,bear_call,247.5,250.0,1.1667,0.96,1.2153125,0.33918128654970764,34.04168682519049,False,False,10.835000000000573,PARTIAL
PG,2022-06-02,bear_call,147.0,148.0,0.4928,0.475,1.0374736842105263,0.19780219780219788,17.68344289022778,False,False,49.28,WIN
NSC,2022-06-02,bull_put,247.5,245.0,1.2145,0.3,4.048333333333333,0.3703703703703704,64.89706636233254,False,True,-128.55,LOSS
RTX,2022-06-02,bear_call,96.0,97.0,0.4863,0.425,1.144235294117647,0.3065693430656935,98.24603370280661,False,False,7.815000000000086,PARTIAL
SCHW,2022-06-02,bull_put,72.0,71.0,0.5108,0.37,1.3805405405405407,0.25850340136054417,64.5739155388659,False,True,-48.92,LOSS
SO,2022-06-06,bear_call,75.0,76.0,0.4915,0.5,0.983,0.2857142857142857,34.186773058149356,False,False,49.15,WIN
MCD,2022-06-06,bear_call,247.5,250.0,1.2441,1.28,0.971953125,0.08966861598440544,30.218027868827463,False,False,124.41,WIN
PNC,2022-06-06,bear_call,172.5,175.0,1.2119,1.1,1.1017272727272727,0.09900990099009901,12.261877501109808,False,False,121.19,WIN
USB,2022-06-06,bear_call,52.0,52.5,0.2848,0.3,0.9493333333333334,0.12499999999999997,5.336700867943749,False,False,28.48,WIN
ISRG,2022-06-06,bull_put,217.5,215.0,1.1666,1.15,1.014434782608696,0.15384615384615383,3.901220307545436,True,False,-133.34,LOSS
BAC,2022-06-06,bear_call,36.0,36.5,0.2443,0.24,1.0179166666666666,0.03333333333333337,2.0669572578937077,False,False,24.43,WIN
CL,2022-06-07,bull_put,79.0,78.0,0.4597,0.4,1.1492499999999999,0.23529411764705876,3.4487123808450915,False,False,-54.03,LOSS
WMT,2022-06-07,bear_call,123.0,124.0,0.4787,0.48,0.9972916666666667,0.0905349794238684,5.583547940891221,False,False,47.870000000000005,WIN
ISRG,2022-06-07,bull_put,222.5,220.0,1.1296,1.575,0.7172063492063492,0.49462365591397844,4.450423110522159,True,False,-137.04000000000002,LOSS
UPS,2022-06-07,bear_call,185.0,187.5,1.1257,1.2,0.9380833333333333,0.11555555555555547,14.490791213829551,False,False,112.57,WIN
PNC,2022-06-07,bear_call,172.5,175.0,1.1566,1.25,0.9252800000000001,0.1304347826086958,12.280942507865094,False,False,115.66000000000001,WIN
VZ,2022-06-07,bear_call,51.5,52.0,0.2814,0.26,1.0823076923076922,0.13333333333333333,83.88943241897772,False,False,28.139999999999997,WIN
CSCO,2022-06-08,bull_put,45.0,44.5,0.2407,0.205,1.1741463414634148,0.15,81.97687546131424,False,False,-25.929999999999996,LOSS
ORCL,2022-06-08,bear_call,71.0,72.0,0.5207,0.465,1.1197849462365592,0.13043478260869565,72.72336961509956,False,False,52.07000000000001,WIN
PEP,2022-06-08,bear_call,165.0,167.5,1.1383,1.06,1.0738679245283018,0.16286644951140067,24.13559235079765,False,False,113.83000000000001,WIN
MCD,2022-06-08,bear_call,245.0,247.5,1.1616,1.25,0.92928,0.14018691588785048,17.957829303478224,False,False,116.16,WIN
ISRG,2022-06-08,bull_put,220.0,217.5,1.2253,1.075,1.1398139534883722,0.3376623376623376,11.023065047586396,True,False,-127.47,LOSS
V,2022-06-08,bear_call,212.5,215.0,1.2725,1.285,0.9902723735408561,0.11900191938579639,9.41547327992027,False,False,127.25,WIN
ABBV,2022-06-09,bear_call,145.0,146.0,0.5247,0.52,1.0090384615384616,0.17142857142857137,-0.03586088166057095,False,False,52.470000000000006,WIN
AAPL,2022-06-09,bull_put,143.0,142.0,0.4779,0.455,1.0503296703296703,0.030211480362537794,-0.015860196557503713,False,False,-52.21,LOSS
SPY,2022-06-09,bull_put,402.0,401.0,0.4802,0.5,0.9604,0.006369426751592363,-0.0016071672004979573,False,False,-51.980000000000004,LOSS
QQQ,2022-06-09,bull_put,300.0,299.0,0.5041,0.505,0.9982178217821782,0.012422360248447215,0.025711176990240215,False,False,-49.59,LOSS
UNH,2022-06-09,bull_put,490.0,487.5,1.1268,1.09,1.0337614678899083,0.16352201257861634,0.12481333118845298,False,False,-137.32,LOSS
NVDA,2022-06-09,bull_put,182.5,180.0,1.3951,1.35,1.0334074074074073,0.04761904761904767,0.1797599719175094,True,False,-110.49,LOSS
JNJ,2022-06-13,bear_call,170.0,172.5,1.1983,1.285,0.9325291828793775,0.10964083175803403,17.006790883908693,False,False,119.83,WIN
VZ,2022-06-13,bear_call,49.5,50.0,0.2442,0.26,0.9392307692307692,0.06896551724137938,7.374562691576546,False,False,24.42,WIN
BMY,2022-06-13,bear_call,73.0,74.0,0.5302,0.57,0.9301754385964913,0.16541353383458643,2.9484707740457012,False,False,-23.979999999999603,PARTIAL
ISRG,2022-06-13,bull_put,197.5,195.0,1.3175,1.3,1.0134615384615384,0.1388888888888889,1.1838524605477196,True,False,-118.25000000000001,LOSS
BDX,2022-06-13,bull_put,242.5,240.0,1.2269,1.0,1.2269,0.28571428571428564,0.21461547927202657,False,False,-127.30999999999999,LOSS
SO,2022-06-13,bull_put,69.0,68.0,0.45,0.425,1.0588235294117647,0.12244897959183683,0.03987231374835213,False,False,-55.00000000000001,LOSS
AMGN,2022-06-14,bear_call,235.0,237.5,1.203,1.22,0.9860655737704919,0.2756410256410256,1.1305888155949912,False,False,120.30000000000001,WIN
NVDA,2022-06-14,bull_put,160.0,157.5,1.2704,1.225,1.0370612244897959,0.03448275862068968,1.6343960923771226,True,False,3.520000000000567,PARTIAL
ORCL,2022-06-14,bull_put,71.0,70.0,0.4566,0.475,0.9612631578947369,0.06896551724137924,3.0139620663293423,False,False,-54.339999999999996,LOSS
CL,2022-06-14,bear_call,74.0,75.0,0.466,0.5,0.932,0.23255813953488372,7.004894146236556,False,False,21.299999999999688,PARTIAL
CSCO,2022-06-14,bull_put,43.0,42.5,0.2323,0.205,1.1331707317073172,0.07518796992481193,8.83301866720336,False,False,23.23,WIN
JNJ,2022-06-14,bear_call,167.5,170.0,1.1996,1.26,0.9520634920634921,0.13392857142857154,18.577980546814835,False,False,-76.0400000000008,PARTIAL
GILD,2022-06-15,bear_call,58.0,59.0,0.5147,0.45,1.1437777777777778,0.3116883116883117,25.794819664805342,False,False,-1.530000000000109,PARTIAL
VZ,2022-06-15,bear_call,49.0,49.5,0.2497,0.275,0.9079999999999999,0.12612612612612606,12.912500000574862,False,False,10.984999999999943,PARTIAL
ISRG,2022-06-15,bull_put,197.5,195.0,1.228,1.75,0.7017142857142857,0.34615384615384615,8.238306492549189,True,False,-127.2,LOSS
CSCO,2022-06-15,bull_put,44.0,43.5,0.2292,0.22,1.0418181818181818,0.07142857142857129,5.7805961805861905,False,False,-27.08,LOSS
SO,2022-06-15,bull_put,67.0,66.0,0.4831,0.45,1.0735555555555554,0.15384615384615385,4.962737815001299,False,False,-51.690000000000005,LOSS
LOW,2022-06-15,bull_put,180.0,177.5,1.1881,1.11,1.0703603603603602,0.16129032258064516,3.3252196301590065,False,False,-131.19,LOSS
IBM,2022-06-16,bull_put,136.0,135.0,0.4812,0.455,1.0575824175824176,0.25196850393700776,2.7121408782758665,False,False,-49.87999999999897,PARTIAL
PNC,2022-06-16,bull_put,152.5,150.0,1.252,1.175,1.0655319148936169,0.23157894736842097,6.583097616220777,False,False,125.2,WIN
ISRG,2022-06-16,bull_put,192.5,190.0,1.3918,1.175,1.1845106382978723,0.23376623376623376,8.443682337841901,True,False,48.59000000000062,PARTIAL
CSX,2022-06-16,bull_put,29.17,29.0,0.1113,0.1,1.113,0.4000000000000001,9.334381529462725,True,False,-5.87,LOSS
VZ,2022-06-16,bull_put,49.0,48.5,0.2626,0.22,1.1936363636363636,0.21176470588235288,73.95691127654932,False,False,26.26,WIN
BDX,2022-06-16,bull_put,235.0,232.5,1.2394,0.75,1.6525333333333334,0.6206896551724139,92.6475690652969,False,True,123.94000000000001,WIN
JNJ,2022-06-21,bear_call,172.5,175.0,1.1283,1.16,0.9726724137931035,0.15041782729805014,15.591154484417396,False,False,-137.17,LOSS
MO,2022-06-21,bull_put,46.0,45.5,0.2469,0.22,1.1222727272727273,0.09836065573770501,5.403042771739843,False,False,-25.31,LOSS
WM,2022-06-21,bear_call,144.0,145.0,0.4714,0.425,1.1091764705882352,0.35714285714285715,5.26430653923984,False,False,-52.86,LOSS
VZ,2022-06-21,bear_call,50.5,51.0,0.2511,0.25,1.0044,0.14545454545454536,3.1461475041618265,False,False,-20.890000000000086,PARTIAL
NVDA,2022-06-21,bull_put,167.5,165.0,1.2711,1.225,1.0376326530612243,0.03960396039603963,3.130974035984635,True,False,127.10999999999999,WIN
PG,2022-06-21,bull_put,137.0,136.0,0.4972,0.53,0.9381132075471698,0.13031161473087818,2.9070676549076335,False,False,49.72,WIN
ISRG,2022-06-22,bull_put,202.5,200.0,1.2462,1.775,0.7020845070422536,0.37362637362637363,12.422118630147304,True,False,124.62,WIN
PM,2022-06-22,bear_call,99.0,100.0,0.5095,0.5,1.019,0.14634146341463428,19.764298231419154,False,False,-49.05,LOSS
IBM,2022-06-22,bear_call,137.0,138.0,0.4901,0.535,0.9160747663551401,0.2528735632183909,7.7921713543319395,False,False,-50.99,LOSS
RTX,2022-06-22,bear_call,92.0,93.0,0.5972,0.52,1.1484615384615384,0.15899581589958153,34.04908477588279,False,False,-40.28,LOSS
MCD,2022-06-22,bear_call,242.5,245.0,1.234,1.235,0.9991902834008096,0.18574514038876877,36.740242977742064,False,False,-126.6,LOSS
SO,2022-06-22,bear_call,67.5,68.0,0.2935,0.25,1.174,0.22222222222222224,25.468874696319894,False,False,-20.65,LOSS
WM,2022-06-23,bear_call,147.0,148.0,0.5631,0.2,2.8155,1.875,103.14749690707339,False,True,-43.69,LOSS
NSC,2022-06-23,bull_put,222.5,220.0,1.1728,0.925,1.267891891891892,0.47826086956521746,26.56371216537513,False,True,117.28,WIN
MRK,2022-06-23,bear_call,92.0,92.5,0.2331,0.245,0.9514285714285714,0.19999999999999996,10.864309893701444,False,False,-26.69,LOSS
MMM,2022-06-23,bear_call,130.0,131.0,0.4807,0.47,1.0227659574468086,0.17435897435897438,8.041853892676656,False,False,-51.93,LOSS
ABBV,2022-06-23,bull_put,150.0,149.0,0.5165,0.48,1.0760416666666666,0.21138211382113822,6.135798231765087,False,False,51.65,WIN
NFLX,2022-06-23,bull_put,182.5,180.0,1.1348,1.14,0.9954385964912282,0.08403361344537814,6.1246817964331814,True,False,113.48,WIN
V,2022-06-27,bear_call,202.5,205.0,1.2777,1.345,0.9499628252788105,0.09929078014184399,2.5164458645242953,False,False,127.77000000000001,WIN
NVDA,2022-06-27,bull_put,170.0,167.5,1.2854,1.2,1.0711666666666668,0.029556650246305487,3.1909452676588255,True,False,-121.46,LOSS
MO,2022-06-27,bull_put,43.5,43.0,0.2446,0.265,0.9230188679245283,0.12080536912751688,3.9358455600517344,False,False,-25.540000000000003,LOSS
CSCO,2022-06-27,bull_put,44.0,43.5,0.2393,0.24,0.9970833333333334,0.10852713178294583,5.1560810614487895,False,False,-26.07,LOSS
ISRG,2022-06-27,bull_put,210.0,207.5,1.3265,1.4,0.9475000000000001,0.20560747663551412,6.093831777215767,True,False,-117.35,LOSS
CSX,2022-06-27,bull_put,29.5,29.0,0.2269,0.225,1.0084444444444445,0.20000000000000007,68.41527954889276,True,False,3.3449999999999926,PARTIAL
MO,2022-06-28,bull_put,43.5,43.0,0.2511,0.225,1.1159999999999999,0.09230769230769238,16.538657335026844,False,False,-24.89,LOSS
EMR,2022-06-28,bull_put,82.0,81.0,0.5037,0.45,1.1193333333333333,0.16000000000000014,12.347667921386149,False,False,-49.63,LOSS
PEP,2022-06-28,bull_put,165.0,162.5,1.161,1.09,1.0651376146788991,0.12048192771084347,11.50705236383427,False,False,116.10000000000001,WIN
ISRG,2022-06-28,bull_put,202.5,200.0,1.1611,1.1,1.0555454545454546,0.1234567901234568,9.107591774495626,True,False,116.11,WIN
AMGN,2022-06-28,bear_call,242.5,245.0,1.3001,0.98,1.3266326530612245,0.4259634888438135,6.727970431632834,False,True,-119.99,LOSS
CME,2022-06-28,bear_call,205.0,207.5,1.2797,1.25,1.02376,0.14634146341463405,2.7963461546054798,False,False,127.97,WIN
RTX,2022-06-29,bear_call,93.0,94.0,0.4688,0.52,0.9015384615384615,0.1382488479262672,0.43863010444676154,False,False,-53.12,LOSS
HD,2022-06-29,bull_put,275.0,272.5,1.1837,1.125,1.0521777777777777,0.14765100671140935,0.689065700063506,False,False,118.37,WIN
VRTX,2022-06-29,bull_put,282.5,280.0,1.6113,2.35,0.685659574468085,0.8275862068965516,0.3393097634460155,False,True,161.13,WIN
CME,2022-06-29,bear_call,205.0,207.5,1.2437,1.275,0.9754509803921569,0.1454545454545456,2.692611374468938,False,False,124.37,WIN
ABBV,2022-06-29,bull_put,155.0,152.5,1.1529,1.115,1.0339910313901346,0.08923884514435691,40.38851026626064,False,False,-4.7099999999988595,PARTIAL
NFLX,2022-06-29,bull_put,180.0,177.5,1.266,1.27,0.9968503937007874,0.04651162790697678,1.131493467471996,True,False,60.79999999999943,PARTIAL
MCD,2022-06-30,bull_put,247.5,245.0,1.1405,1.07,1.0658878504672897,0.3894736842105263,31.95910942773722,False,False,114.05000000000001,WIN
HD,2022-06-30,bull_put,275.0,272.5,1.1959,1.065,1.1229107981220658,0.40740740740740744,18.199400593593072,False,False,119.59,WIN
AMGN,2022-06-30,bear_call,242.5,245.0,1.1337,1.125,1.0077333333333334,0.6153846153846154,15.715723490242336,False,True,-136.63,LOSS
ISRG,2022-06-30,bull_put,202.5,200.0,1.4054,1.05,1.3384761904761904,0.2777777777777777,13.528428378240628,True,True,140.54,WIN
NVDA,2022-06-30,bull_put,152.5,150.0,1.2789,1.165,1.0977682403433475,0.13286713286713284,11.898322909509425,True,False,-122.11000000000001,LOSS
MSFT,2022-06-30,bull_put,257.5,255.0,1.2268,1.015,1.2086699507389163,0.27253668763102723,11.044132771582849,False,False,122.67999999999999,WIN
KO,2022-07-05,bear_call,63.0,64.0,0.4544,0.48,0.9466666666666668,0.10526315789473693,1.7806737747652992,False,False,15.719999999999972,PARTIAL
IBM,2022-07-05,bear_call,137.0,138.0,0.5447,0.57,0.9556140350877194,0.12087912087912088,2.257886478033128,False,False,-45.53,LOSS
ORCL,2022-07-05,bear_call,72.0,72.5,0.233,0.235,0.9914893617021278,0.10909090909090906,1.0900952583364425,False,False,23.3,WIN
MO,2022-07-05,bull_put,42.0,41.5,0.2598,0.24,1.0825,0.15873015873015886,8.490365818369193,False,False,-22.01999999999969,PARTIAL
JNJ,2022-07-05,bear_call,177.5,180.0,1.128,1.175,0.9599999999999999,0.10928961748633877,11.58867028698308,False,False,17.399999999999938,PARTIAL
ISRG,2022-07-05,bull_put,207.5,205.0,1.1263,1.075,1.0477209302325583,0.1866666666666666,5.467589316881444,True,False,112.63000000000001,WIN
NVDA,2022-07-06,bull_put,152.5,150.0,1.2282,1.18,1.0408474576271187,0.04316546762589926,1.9202792553610113,True,False,122.82,WIN
IBM,2022-07-06,bear_call,138.0,139.0,0.4638,0.47,0.9868085106382979,0.10970464135021088,2.1556749523063936,False,False,-53.620000000000005,LOSS
PG,2022-07-06,bear_call,146.0,147.0,0.4625,0.47,0.9840425531914895,0.09282700421940936,1.1619054717161306,False,False,46.25,WIN
PFE,2022-07-06,bear_call,52.5,53.0,0.2506,0.265,0.9456603773584905,0.05970149253731333,4.133512053162246,False,False,-24.94,LOSS
ACN,2022-07-06,bull_put,277.5,275.0,1.318,1.275,1.0337254901960786,0.13333333333333333,4.3401114041694315,False,False,131.8,WIN
NFLX,2022-07-06,bull_put,185.0,182.5,1.1968,1.14,1.0498245614035089,0.039215686274509776,3.6812530443553717,True,False,119.68,WIN
AMZN,2022-07-07,bull_put,117.0,116.0,0.5152,0.51,1.0101960784313726,0.06271777003484326,13.473832342088253,True,False,-48.480000000000004,LOSS
DHR,2022-07-07,bear_call,262.5,265.0,1.176,1.1,1.0690909090909089,0.4888888888888888,8.125431094371493,False,False,-8.399999999999096,PARTIAL
NSC,2022-07-07,bull_put,230.0,227.5,1.2453,1.325,0.9398490566037737,0.7368421052631577,6.673842113347677,False,True,-125.47,LOSS
DE,2022-07-07,bull_put,305.0,302.5,1.2024,1.32,0.9109090909090908,0.15530903328050705,4.524099968240961,False,False,42.119999999999315,PARTIAL
WMT,2022-07-07,bear_call,125.0,126.0,0.4927,0.485,1.0158762886597938,0.03278688524590167,4.363909042116895,False,False,4.634999999999717,PARTIAL
CVX,2022-07-07,bull_put,144.0,143.0,0.5017,0.475,1.0562105263157895,0.11683848797250854,3.3035287685381585,False,False,-49.830000000000005,LOSS
V,2022-07-11,bear_call,205.0,207.5,1.1548,1.165,0.9912446351931331,0.06896551724137938,5.04679239546906,False,False,-134.51999999999998,LOSS
NVDA,2022-07-11,bull_put,152.5,150.0,1.264,1.175,1.0757446808510638,0.03314917127071811,3.071290782110103,True,False,126.4,WIN
ISRG,2022-07-11,bull_put,207.5,205.0,1.3186,1.25,1.05488,0.10989010989010989,11.91385405329509,True,False,131.86,WIN
MCD,2022-07-11,bear_call,252.5,255.0,1.2384,1.26,0.9828571428571428,0.09621993127147759,13.59016993613128,False,False,-126.16000000000001,LOSS
CSX,2022-07-11,bull_put,29.0,28.5,0.2718,0.2,1.3589999999999998,0.20000000000000007,14.430154236695405,True,True,6.5899999999999705,PARTIAL
JNJ,2022-07-11,bear_call,177.5,180.0,1.1766,1.225,0.9604897959183674,0.08653846153846151,22.797691819526605,False,False,22.330000000000517,PARTIAL
MO,2022-07-12,bull_put,42.5,42.0,0.2434,0.225,1.0817777777777777,0.09836065573770501,31.547541658782148,False,False,-25.66,LOSS
VZ,2022-07-12,bull_put,51.0,50.5,0.2385,0.145,1.6448275862068966,0.6976744186046511,4.493368938103356,False,True,23.849999999999998,WIN
JNJ,2022-07-12,bear_call,175.0,177.5,1.1498,1.185,0.9702953586497889,0.11528822055137844,4.471326841209763,False,False,-135.02,LOSS
NVDA,2022-07-12,bull_put,152.5,150.0,1.2928,1.2,1.0773333333333333,0.03243243243243251,3.401390179171522,True,False,129.28,WIN
NFLX,2022-07-12,bull_put,175.0,172.5,1.1449,1.15,0.9955652173913044,0.011560693641618458,2.5171353766332194,True,False,114.49000000000001,WIN
AMZN,2022-07-12,bull_put,110.0,109.0,0.5016,0.44,1.1400000000000001,0.03937007874015734,1.709461660624419,True,False,50.160000000000004,WIN
AMZN,2022-07-13,bull_put,111.0,110.0,0.4881,0.475,1.0275789473684211,0.02469135802469127,1.6808195363353837,True,False,48.809999999999995,WIN
IBM,2022-07-13,bear_call,137.0,138.0,0.4568,0.555,0.823063063063063,0.18604651162790697,1.947905925405214,False,False,-54.32,LOSS
NFLX,2022-07-13,bull_put,177.5,175.0,1.1824,1.16,1.0193103448275862,0.06622516556291391,2.264102435809334,True,False,118.24,WIN
ORCL,2022-07-13,bear_call,70.0,70.5,0.2336,0.25,0.9344,0.14492753623188404,6.938215113705047,False,False,-26.640000000000004,LOSS
CME,2022-07-13,bear_call,202.5,205.0,1.32,1.3,1.0153846153846153,0.11320754716981125,29.847665167768916,False,False,132.0,WIN
CSCO,2022-07-13,bear_call,42.5,43.0,0.248,0.27,0.9185185185185184,0.15384615384615397,6.494573419237708,False,False,-25.2,LOSS
NVDA,2022-07-14,bull_put,155.0,152.5,1.3999,1.195,1.1714644351464434,0.06998158379373848,34.77270734709522,True,False,139.98999999999998,WIN
AMZN,2022-07-14,bull_put,111.0,110.0,0.4675,0.47,0.9946808510638299,0.0377358490566038,14.409205743013501,True,False,46.75,WIN
MSFT,2022-07-14,bull_put,255.0,252.5,1.2242,1.15,1.064521739130435,0.10224948875255624,6.995249219012369,False,False,122.42,WIN
PYPL,2022-07-14,bull_put,70.0,69.0,0.5239,0.495,1.0583838383838384,0.053097345132743216,3.7196882007424876,False,False,52.39,WIN
ACN,2022-07-14,bull_put,270.0,267.5,1.3177,1.25,1.05416,0.1694915254237288,1.841094013278531,False,False,131.77,WIN
AVGO,2022-07-14,bull_put,485.0,482.5,1.1684,1.525,0.7661639344262297,0.19047619047619047,0.38403809458873844,False,False,116.84,WIN
NVDA,2022-07-18,bull_put,162.5,160.0,1.2832,1.225,1.0475102040816324,0.030150753768844116,3.4957775854685433,True,False,128.32,WIN
WM,2022-07-18,bear_call,149.0,150.0,0.4925,0.5,0.985,0.16216216216216217,2.3249882229747914,False,False,-50.74999999999999,LOSS
ACN,2022-07-18,bull_put,270.0,267.5,1.254,1.225,1.023673469387755,0.1149425287356322,4.492733861079528,False,False,125.4,WIN
HON,2022-07-18,bear_call,170.0,172.5,1.2809,1.35,0.9488148148148147,0.1111111111111112,8.298509626795811,False,False,-121.91000000000001,LOSS
MO,2022-07-18,bull_put,42.5,42.0,0.2317,0.225,1.0297777777777777,0.06451612903225812,12.138770048495395,False,False,23.169999999999998,WIN
UPS,2022-07-18,bear_call,180.0,182.5,1.1501,1.18,0.9746610169491525,0.10821643286573146,16.254812703770675,False,False,-134.99,LOSS
PNC,2022-07-19,bear_call,160.0,162.5,1.1438,1.1,1.0398181818181818,0.24390243902439016,9.253140705700169,False,False,-61.619999999999095,PARTIAL
AAPL,2022-07-19,bear_call,150.0,152.5,1.2889,1.31,0.9838931297709923,0.038379530916844484,7.665468235274369,False,False,-121.11000000000001,LOSS
TJX,2022-07-19,bull_put,63.0,62.0,0.4932,0.42,1.1742857142857144,0.3736263736263737,2.5446701422995823,False,False,49.32,WIN
AMZN,2022-07-19,bull_put,119.0,118.0,0.4898,0.48,1.0204166666666667,0.03463203463203466,2.3277349972151944,True,False,48.980000000000004,WIN
SBUX,2022-07-19,bear_call,82.0,83.0,0.5449,0.555,0.9818018018018018,0.07874015748031503,2.134284177059186,False,False,-45.51,LOSS
NVDA,2022-07-19,bull_put,172.5,170.0,1.3802,1.325,1.0416603773584907,0.028708133971291766,1.5909438174933739,True,False,138.02,WIN
GS,2022-07-20,bear_call,320.0,322.5,1.3797,1.435,0.9614634146341463,0.14814814814814806,3.8686864430261094,False,False,-112.03,LOSS
MDT,2022-07-20,bear_call,89.0,90.0,0.4792,0.385,1.2446753246753246,0.26666666666666666,4.47772884348192,False,False,-52.080000000000005,LOSS
ACN,2022-07-20,bull_put,282.5,280.0,1.2032,1.05,1.145904761904762,0.17543859649122806,4.769846501168563,False,False,120.32000000000001,WIN
SBUX,2022-07-20,bear_call,83.0,84.0,0.4717,0.49,0.9626530612244898,0.10055865921787706,6.726381875349028,False,False,-11.83000000000034,PARTIAL
V,2022-07-20,bear_call,212.5,215.0,1.2657,1.305,0.9698850574712644,0.12345679012345691,9.923059479256542,False,False,3.285000000000571,PARTIAL
WMT,2022-07-20,bull_put,131.0,130.0,0.4824,0.5,0.9648,0.15111111111111106,11.775521336273245,False,False,48.24,WIN
PNC,2022-07-21,bull_put,162.5,160.0,1.2703,1.35,0.9409629629629629,0.736842105263158,60.43424844112232,False,True,26.514999999999546,PARTIAL
ABT,2022-07-21,bull_put,111.0,110.0,0.4771,0.41,1.163658536585366,0.26829268292682934,47.65347418949156,False,False,-52.290000000000006,LOSS
ABBV,2022-07-21,bull_put,148.0,147.0,0.4623,0.465,0.9941935483870967,0.35897435897435886,21.729299192762788,False,False,46.23,WIN
ADP,2022-07-21,bear_call,217.5,220.0,1.1685,1.1,1.0622727272727273,0.2758620689655172,11.620367907384743,False,False,-133.14999999999998,LOSS
BDX,2022-07-21,bear_call,240.0,242.5,1.3193,-0.575,-2.2944347826086955,1.8441558441558443,10.192880111634546,False,True,-81.06999999999955,PARTIAL
JPM,2022-07-21,bear_call,115.0,116.0,0.4716,0.5,0.9432,0.022988505747126457,5.423778466640155,False,False,47.160000000000004,WIN
AMGN,2022-07-25,bull_put,250.0,247.5,1.2655,1.06,1.193867924528302,0.14285714285714285,0.5805670262576544,False,False,-123.44999999999999,LOSS
NFLX,2022-07-25,bull_put,220.0,217.5,1.2604,1.225,1.0288979591836733,0.024896265560165887,0.7830675605060483,True,False,126.03999999999999,WIN
FCX,2022-07-25,bull_put,28.5,28.0,0.2497,0.235,1.0625531914893618,0.061349693251533666,0.3891946490875326,False,False,24.97,WIN
IBM,2022-07-25,bear_call,128.0,129.0,0.5407,0.545,0.9921100917431191,0.07058823529411772,1.3183988788817427,False,False,-45.93,LOSS
ACN,2022-07-25,bull_put,290.0,287.5,1.1898,1.075,1.1067906976744186,0.09523809523809532,2.450920767749515,False,False,118.97999999999999,WIN
GS,2022-07-25,bear_call,322.5,325.0,1.4063,1.45,0.9698620689655173,0.06392694063926951,1.0404801474359864,False,False,-109.36999999999999,LOSS
ISRG,2022-07-26,bull_put,217.5,215.0,1.1571,0.95,1.218,0.21686746987951794,4.346969613168226,True,False,115.71000000000001,WIN
BDX,2022-07-26,bull_put,245.0,242.5,1.1654,1.05,1.109904761904762,0.18181818181818182,1.1092822387058205,False,False,23.770000000000113,PARTIAL
WMT,2022-07-26,bear_call,122.0,123.0,0.4567,0.47,0.9717021276595745,0.09122807017543852,0.9908528132445719,False,False,-54.33,LOSS
IBM,2022-07-26,bear_call,128.0,129.0,0.4563,0.505,0.9035643564356435,0.08178438661710027,0.9636127600420663,False,False,-54.37,LOSS
NFLX,2022-07-26,bull_put,215.0,212.5,1.2227,1.175,1.040595744680851,0.027649769585253524,0.3590975662655614,True,False,122.27,WIN
PM,2022-07-26,bear_call,96.0,97.0,0.5422,0.475,1.1414736842105264,0.31999999999999995,0.23164417120652903,False,False,-45.78,LOSS
JPM,2022-07-27,bear_call,115.0,116.0,0.4989,0.5,0.9978,0.023904382470119546,2.1724112882068325,False,False,6.945000000000029,PARTIAL
RTX,2022-07-27,bear_call,90.0,91.0,0.4879,0.445,1.0964044943820224,0.2150537634408603,5.154784657705168,False,False,-51.21,LOSS
IBM,2022-07-27,bear_call,129.0,130.0,0.4682,0.505,0.9271287128712872,0.1128205128205128,6.106085450998711,False,False,-53.18000000000001,LOSS
GOOGL,2022-07-27,bull_put,113.5,113.25,0.1333,0.1,1.333,0.12903225806451613,7.282911917648179,True,True,13.33,WIN
PNC,2022-07-27,bear_call,162.5,165.0,1.1824,0.9,1.3137777777777777,0.0555555555555556,21.33036704303488,False,True,-131.76000000000002,LOSS
ITW,2022-07-27,bear_call,197.5,200.0,1.2182,1.4,0.8701428571428571,0.5,35.28332037072643,False,False,-128.18,LOSS
CSCO,2022-07-28,bear_call,45.5,46.0,0.2257,0.215,1.0497674418604652,0.08219178082191789,2.4960717786054105,False,False,22.57,WIN
PYPL,2022-07-28,bull_put,86.0,85.0,0.4642,0.465,0.998279569892473,0.06451612903225812,0.17105770586821686,False,False,46.42,WIN
SPY,2022-07-28,bear_call,405.0,406.0,0.6111,0.67,0.9120895522388058,0.01834862385321089,0.051373529904120085,False,False,-38.89,LOSS
GOOGL,2022-07-28,bull_put,114.5,114.25,0.134,0.125,1.072,0.16216216216216217,-0.03947935847398082,True,False,13.4,WIN
QQQ,2022-07-28,bull_put,311.0,310.0,0.4565,0.39,1.1705128205128206,0.024330900243309136,-0.07516438318578837,False,False,45.65,WIN
SPY,2022-07-28,bull_put,407.0,406.0,0.4747,0.41,1.1578048780487806,0.016528925619834725,-0.08920386268101702,False,False,47.47,WIN
NFLX,2022-08-01,bull_put,227.5,225.0,1.3086,1.25,1.04688,0.0373831775700935,2.010033034380507,True,False,29.430000000000057,PARTIAL
ABT,2022-08-01,bull_put,110.0,109.0,0.4853,0.5,0.9706,0.16666666666666666,2.0576699910980865,False,False,-26.47,PARTIAL
AMZN,2022-08-01,bull_put,136.0,135.0,0.4858,0.475,1.0227368421052632,0.007812500000000009,1.7076181652371252,True,False,48.58,WIN
ISRG,2022-08-01,bull_put,230.0,227.5,1.2647,1.1,1.1497272727272725,0.18604651162790706,7.629339785567208,True,False,126.47,WIN
F,2022-08-01,bull_put,15.5,15.0,0.2414,0.235,1.0272340425531916,0.047619047619047665,31.23197513428587,False,False,2.070000000000036,PARTIAL
BA,2022-08-01,bull_put,170.0,167.5,1.1964,1.115,1.0730044843049327,0.06711409395973154,6.750402137882299,False,False,-130.36,LOSS
ISRG,2022-08-02,bull_put,240.0,237.5,1.1866,1.6,0.741625,0.32967032967032966,4.7709721858075715,True,False,118.66000000000001,WIN
ABT,2022-08-02,bull_put,109.0,108.0,0.4761,0.485,0.9816494845360826,0.25641025641025644,3.0437888106657613,False,False,47.61,WIN
AMZN,2022-08-02,bull_put,135.0,134.0,0.5016,0.51,0.983529411764706,0.020533880903490686,1.4491880302513684,True,False,50.160000000000004,WIN
CVX,2022-08-02,bull_put,160.0,157.5,1.1692,1.22,0.9583606557377049,0.1731123388581953,0.937708894785882,False,False,-133.07999999999998,LOSS
PM,2022-08-02,bull_put,99.0,98.0,0.4554,0.425,1.071529411764706,0.24390243902439016,0.8992512818918491,False,False,-54.459999999999994,LOSS
NFLX,2022-08-02,bull_put,222.5,220.0,1.2274,1.25,0.98192,0.04347826086956526,0.4079769192984959,True,False,122.74000000000001,WIN
IBM,2022-08-03,bear_call,132.0,133.0,0.5083,0.535,0.9500934579439251,0.12727272727272718,7.8582376739270545,False,False,1.4150000000005103,PARTIAL
MA,2022-08-03,bear_call,352.5,355.0,1.473,1.33,1.1075187969924811,0.11464968152866246,8.357618487115882,False,False,-102.69999999999999,LOSS
GOOGL,2022-08-03,bull_put,118.5,118.0,0.2554,0.26,0.9823076923076923,0.0377358490566038,5.70135588391231,True,False,-24.46,LOSS
GILD,2022-08-03,bear_call,62.0,62.5,0.328,0.26,1.2615384615384615,0.11023622047244104,27.398895851253386,False,True,32.800000000000004,WIN
TJX,2022-08-03,bear_call,63.0,64.0,0.4977,0.44,1.1311363636363636,0.1971830985915493,29.380238225455958,False,False,49.769999999999996,WIN
SO,2022-08-03,bear_call,77.0,77.5,0.2762,0.325,0.8498461538461538,0.4,18.12274643663979,False,False,0.310000000000199,PARTIAL
SPY,2022-08-04,bull_put,415.0,414.0,0.487,0.485,1.0041237113402062,0.009478672985781998,-0.12316660699480439,False,False,-51.300000000000004,LOSS
QQQ,2022-08-04,bull_put,325.0,324.0,0.4672,0.475,0.9835789473684211,0.01342281879194622,-0.06548763406995098,False,False,-53.28000000000001,LOSS
GOOGL,2022-08-04,bull_put,118.5,118.0,0.2559,0.255,1.003529411764706,0.0307692307692308,-0.27291087316349977,True,False,-24.41,LOSS
AMZN,2022-08-04,bull_put,143.0,142.0,0.492,0.505,0.9742574257425742,0.04620462046204624,8.629750335513723,True,False,-50.8,LOSS
BAC,2022-08-04,bull_put,33.5,33.0,0.2379,0.19,1.2521052631578948,0.06896551724137917,30.594001109238633,False,True,23.79,WIN
CSX,2022-08-04,bull_put,33.0,32.5,0.2292,0.175,1.3097142857142858,0.5454545454545453,3.8931449645508933,False,True,22.919999999999998,WIN
BA,2022-08-08,bull_put,167.5,165.0,1.2872,1.28,1.005625,0.06289308176100618,5.4777201379751554,False,False,128.72,WIN
GOOGL,2022-08-08,bull_put,118.0,117.5,0.2658,0.26,1.0223076923076921,0.026109660574412556,4.539286543066377,True,False,26.58,WIN
ADI,2022-08-08,bull_put,177.5,175.0,1.4056,1.05,1.3386666666666667,0.15873015873015872,3.8040029161868554,False,True,140.56,WIN
INTC,2022-08-08,bull_put,35.5,35.0,0.2363,0.225,1.0502222222222222,0.05217391304347812,3.7308067913316463,False,False,23.630000000000003,WIN
ISRG,2022-08-08,bull_put,240.0,237.5,1.1526,1.175,0.980936170212766,0.13953488372093015,3.0909913575250947,True,False,-47.73999999999954,PARTIAL
ACN,2022-08-08,bull_put,312.5,310.0,1.3047,1.25,1.04376,0.1075268817204301,1.325134790195759,False,False,130.47,WIN
USB,2022-08-09,bull_put,47.5,47.0,0.2517,0.25,1.0068,0.22222222222222224,0.7432682369152297,False,False,25.169999999999998,WIN
AMZN,2022-08-09,bull_put,139.0,138.0,0.5437,0.535,1.0162616822429906,0.02142857142857145,1.0915110198012714,True,False,54.37,WIN
PM,2022-08-09,bull_put,97.5,97.0,0.2376,0.2,1.188,0.16216216216216217,0.5406995820445113,False,False,23.76,WIN
ISRG,2022-08-09,bull_put,235.0,232.5,1.2741,1.25,1.01928,0.15053763440860218,3.4164850121478993,True,False,127.41,WIN
ITW,2022-08-09,bull_put,210.0,207.5,1.2927,0.15,8.618,0.4545454545454546,16.4337489895952,False,True,129.26999999999998,WIN
MRK,2022-08-09,bull_put,90.0,89.0,0.5169,0.435,1.1882758620689655,0.15962441314553985,2.7628494787326474,False,False,51.690000000000005,WIN
GOOGL,2022-08-10,bull_put,120.0,119.5,0.2516,0.25,1.0064,0.07594936708860765,48.396141774860105,True,False,25.16,WIN
LOW,2022-08-10,bull_put,202.5,200.0,1.2001,1.18,1.0170338983050848,0.13390928725701945,28.44210508035048,False,False,120.00999999999999,WIN
HD,2022-08-10,bull_put,312.5,310.0,1.2419,1.165,1.0660085836909872,0.10169491525423738,19.35881684506469,False,False,124.19,WIN
MMM,2022-08-10,bull_put,150.0,149.0,0.5464,0.545,1.0025688073394494,0.12363636363636359,6.984622858078061,False,False,54.64,WIN
DHR,2022-08-10,bull_put,292.5,290.0,1.3819,1.2,1.1515833333333334,0.2666666666666666,5.8134962060473745,False,False,138.19,WIN
AMZN,2022-08-10,bull_put,143.0,142.0,0.468,0.455,1.0285714285714287,0.053731343283582145,4.99679632203909,True,False,46.800000000000004,WIN
VRTX,2022-08-11,bull_put,292.5,290.0,1.1581,-0.5,-2.3162,1.6595744680851063,2.85578594048621,False,True,115.80999999999999,WIN
DE,2022-08-11,bull_put,362.5,360.0,1.1787,1.11,1.0618918918918918,0.21052631578947373,6.195635239164114,False,False,117.87,WIN
AMZN,2022-08-11,bull_put,141.0,140.0,0.4596,0.445,1.032808988764045,0.05447470817120627,6.724582855204943,True,False,45.96,WIN
DIS,2022-08-11,bull_put,118.0,117.0,0.4843,0.465,1.041505376344086,0.04255319148936175,12.364862308473006,False,False,48.43,WIN
MMM,2022-08-11,bull_put,150.0,149.0,0.4854,0.5,0.9708,0.25380710659898487,22.84341115884224,False,False,48.54,WIN
GOOGL,2022-08-11,bull_put,119.0,118.5,0.2388,0.215,1.1106976744186048,0.10650887573964493,60.89535855302564,True,False,23.880000000000003,WIN
MO,2022-08-15,bull_put,45.5,45.0,0.2284,0.205,1.1141463414634147,0.08510638297872336,21.67210382362575,False,False,9.919999999999943,PARTIAL
AMZN,2022-08-15,bull_put,144.0,142.5,0.7377,0.72,1.0245833333333334,0.039999999999999855,6.853656962936736,True,False,-76.23,LOSS
ISRG,2022-08-15,bull_put,240.0,237.5,1.2143,1.1,1.1039090909090907,0.14634146341463428,5.062012189929087,True,False,-128.57,LOSS
NFLX,2022-08-15,bull_put,250.0,247.5,1.2516,1.225,1.0217142857142856,0.0377358490566038,1.6694652642669778,True,False,-124.83999999999999,LOSS
PG,2022-08-15,bull_put,149.0,148.0,0.4712,0.47,1.0025531914893617,0.09523809523809516,0.7863529012025866,False,False,47.12,WIN
INTC,2022-08-15,bull_put,36.5,36.0,0.2339,0.225,1.0395555555555556,0.03846153846153849,0.645158908528548,False,False,-26.61,LOSS
NFLX,2022-08-16,bull_put,247.5,245.0,1.3039,1.3,1.0030000000000001,0.040816326530612276,0.8548969527974815,True,False,-119.61,LOSS
GOOGL,2022-08-16,bull_put,122.0,121.5,0.2406,0.24,1.0025000000000002,0.030769230769230795,1.2133027658616777,True,False,-25.94,LOSS
IWM,2022-08-16,bull_put,202.0,201.0,0.5815,0.53,1.0971698113207546,0.013483146067415842,1.6964207614727465,False,False,-41.85,LOSS
AMZN,2022-08-16,bull_put,145.0,144.0,0.4638,0.47,0.9868085106382979,0.03598971722365042,2.1338378460255276,True,False,-53.620000000000005,LOSS
CL,2022-08-16,bull_put,82.5,82.0,0.2917,0.25,1.1668,0.20689655172413793,2.4416518065106585,False,False,29.17,WIN
ISRG,2022-08-16,bull_put,235.0,232.5,1.1309,1.175,0.9624680851063829,0.0869565217391305,3.676629681795119,True,False,-136.91,LOSS
CL,2022-08-17,bull_put,82.5,82.0,0.3086,0.225,1.3715555555555554,0.46153846153846156,13.148499323577864,False,True,30.86,WIN
INTC,2022-08-17,bull_put,36.0,35.5,0.2434,0.23,1.0582608695652174,0.11235955056179774,3.7563476257843433,False,False,-25.66,LOSS
GOOGL,2022-08-17,bull_put,120.0,119.5,0.2556,0.255,1.0023529411764704,0.10358565737051803,1.4951315715055449,True,False,-24.44,LOSS
ABBV,2022-08-17,bull_put,142.0,141.0,0.4863,0.455,1.0687912087912088,0.16000000000000014,0.5090515577944162,False,False,16.814999999999717,PARTIAL
XOM,2022-08-17,bull_put,92.5,92.0,0.2455,0.235,1.04468085106383,0.0733944954128439,0.11973029644592095,False,False,24.55,WIN
NFLX,2022-08-17,bull_put,242.5,240.0,1.2264,1.255,0.9772111553784861,0.07594936708860756,0.08967045039383614,True,False,-11.360000000000348,PARTIAL
TSLA,2022-08-18,bull_put,912.5,910.0,1.402,1.475,0.9505084745762711,0.043478260869565216,0.06418869330690323,False,False,-109.80000000000001,LOSS
AVGO,2022-08-18,bull_put,560.0,557.5,1.3307,1.225,1.0862857142857143,0.13953488372093015,0.47111179742801607,False,False,-116.93,LOSS
VRTX,2022-08-18,bull_put,295.0,292.5,1.1753,1.15,1.022,1.565217391304348,7.164997986344141,False,True,117.53,WIN
GOOGL,2022-08-18,bull_put,120.5,120.0,0.2639,0.25,1.0556,0.05524861878453043,11.720815359575099,True,False,-23.61,LOSS
CL,2022-08-18,bull_put,83.0,82.5,0.2537,0.3,0.8456666666666667,1.5789473684210527,52.74260695244842,False,True,25.369999999999997,WIN
PG,2022-08-18,bull_put,150.0,149.0,0.4873,0.355,1.3726760563380282,0.4273504273504273,62.29582901189988,False,True,10.864999999999489,PARTIAL
ISRG,2022-08-22,bull_put,220.0,217.5,1.2784,1.1,1.162181818181818,0.11764705882352941,8.02875870236917,True,False,-122.16,LOSS
CSCO,2022-08-22,bull_put,48.0,47.5,0.255,0.25,1.02,0.10852713178294583,1.57640347596519,False,False,-24.5,LOSS
ACN,2022-08-22,bull_put,312.5,310.0,1.401,1.2,1.1675,0.14141414141414146,1.1070823926423208,False,False,-109.89999999999999,LOSS
BA,2022-08-22,bull_put,160.0,157.5,1.1791,1.12,1.0527678571428571,0.0571428571428572,1.040784835836712,False,False,117.91,WIN
ADP,2022-08-22,bull_put,257.5,255.0,1.3188,1.3,1.0144615384615383,0.35714285714285715,0.9787733271919651,False,False,-118.12,LOSS
AMZN,2022-08-22,bull_put,134.0,133.0,0.5086,0.49,1.0379591836734696,0.04964539007092202,0.8818583571023548,True,False,-49.14,LOSS
GOOGL,2022-08-23,bull_put,114.25,114.0,0.1264,0.115,1.0991304347826087,0.024242424242424267,0.1057383106640695,True,False,-12.36,LOSS
IWM,2022-08-23,bull_put,192.0,191.0,0.5558,0.52,1.0688461538461538,0.006920415224913502,0.1391216192371238,False,False,-44.42,LOSS
NFLX,2022-08-23,bull_put,227.5,225.0,1.3672,1.4,0.9765714285714286,0.03252032520325206,0.08004570032616565,True,False,-113.28,LOSS
AMZN,2022-08-23,bull_put,134.0,133.0,0.4839,0.485,0.9977319587628867,0.05084745762711869,1.51210610818033,True,False,-51.61,LOSS
GILD,2022-08-23,bull_put,64.0,63.0,0.4763,0.405,1.1760493827160494,0.17391304347826086,19.319579266223894,False,False,-52.370000000000005,LOSS
F,2022-08-23,bull_put,15.5,15.0,0.226,0.22,1.0272727272727273,0.02739726027397263,1.286740378883652,False,False,6.800000000000008,PARTIAL
NFLX,2022-08-24,bull_put,230.0,227.5,1.168,1.115,1.0475336322869955,0.052631578947368356,1.9627241219429494,True,False,-133.20000000000002,LOSS
AMZN,2022-08-24,bull_put,134.0,133.0,0.4535,0.425,1.0670588235294118,0.03814713896457769,0.9812906280272123,True,False,-54.65,LOSS
XOM,2022-08-24,bull_put,99.0,98.0,0.4858,0.485,1.0016494845360826,0.07092198581560273,0.8901660341694101,False,False,-51.42,LOSS
CAT,2022-08-24,bull_put,195.0,192.5,1.1344,1.11,1.021981981981982,0.08067940552017001,0.6832101510492421,False,False,-136.56,LOSS
GOOGL,2022-08-24,bull_put,114.0,113.75,0.1289,0.13,0.9915384615384614,0.036900369003689905,0.2049368528879625,True,False,-12.11,LOSS
DE,2022-08-24,bull_put,382.5,380.0,1.1799,1.255,0.9401593625498008,0.07999999999999992,0.06073557386006942,False,False,-132.01,LOSS
DE,2022-08-25,bull_put,390.0,387.5,1.4036,1.2,1.1696666666666666,0.3624161073825505,1.9899584021612233,False,False,-109.64,LOSS
VRTX,2022-08-25,bull_put,292.5,290.0,1.2945,0.675,1.9177777777777776,1.8787878787878785,3.850884783660009,False,True,-120.55,LOSS
MSFT,2022-08-25,bull_put,280.0,277.5,1.2339,1.085,1.1372350230414747,0.1621621621621622,4.002293696258824,False,False,-126.61,LOSS
COST,2022-08-25,bull_put,552.5,550.0,1.4106,1.275,1.1063529411764708,0.15757575757575767,4.049511155264866,False,False,-108.94,LOSS
AMZN,2022-08-25,bull_put,138.0,137.0,0.5165,0.515,1.0029126213592232,0.073170731707317,5.969070629273693,True,False,-48.35,LOSS
MO,2022-08-25,bull_put,46.5,46.0,0.2459,0.205,1.1995121951219514,0.2857142857142856,397.7445783996262,False,False,-25.41,LOSS
JNJ,2022-08-29,bear_call,162.5,165.0,1.1488,1.18,0.9735593220338984,0.08219178082191776,80.51382721416122,False,False,45.43999999999955,PARTIAL
CL,2022-08-29,bull_put,80.0,79.0,0.6255,0.4,1.5637499999999998,0.22222222222222215,73.71513116288841,False,True,-37.45,LOSS
ORCL,2022-08-29,bear_call,74.0,75.0,0.4792,0.5,0.9584,0.18905472636815923,17.065141061402674,False,False,-20.08000000000068,PARTIAL
MO,2022-08-29,bull_put,46.0,45.5,0.2487,0.225,1.1053333333333333,0.07017543859649109,13.347534218524881,False,False,-25.130000000000003,LOSS
PFE,2022-08-29,bear_call,46.0,46.5,0.267,0.275,0.9709090909090908,0.08805031446540876,11.975340355359291,False,False,26.700000000000003,WIN
CME,2022-08-29,bear_call,195.0,197.5,1.2013,1.175,1.0223829787234042,0.16513761467889915,11.677203855073323,False,False,120.13000000000001,WIN
BDX,2022-08-30,bear_call,252.5,255.0,1.2576,1.25,1.00608,0.20183486238532103,4.148901913741071,False,False,45.87999999999983,PARTIAL
SO,2022-08-30,bear_call,77.5,78.0,0.2441,0.225,1.084888888888889,0.20689655172413793,4.654329774634876,False,False,-12.590000000000453,PARTIAL
EMR,2022-08-30,bear_call,83.0,84.0,0.516,0.425,1.2141176470588235,0.18181818181818177,4.073797584075544,False,False,51.6,WIN
HON,2022-08-30,bear_call,190.0,192.5,1.2138,1.3,0.9336923076923076,0.12244897959183683,9.84278645220534,False,False,121.38,WIN
WM,2022-08-30,bear_call,170.0,172.5,1.179,1.325,0.889811320754717,0.18181818181818185,50.64743885204448,False,False,117.9,WIN
IBM,2022-08-30,bear_call,129.0,130.0,0.5482,0.57,0.9617543859649124,0.08360128617363351,4.8480444874907995,False,False,54.82,WIN
MRK,2022-08-31,bear_call,85.0,86.0,0.5096,0.49,1.04,0.15384615384615388,27.552249838720503,False,False,-49.04,LOSS
CL,2022-08-31,bear_call,78.0,79.0,0.4529,0.45,1.0064444444444445,0.20689655172413793,24.287275401114634,False,False,14.144999999999916,PARTIAL
GOOGL,2022-08-31,bull_put,109.0,108.0,0.5241,0.51,1.0276470588235294,0.047337278106508916,9.759560556797133,True,False,-47.589999999999996,LOSS
ADP,2022-08-31,bull_put,245.0,242.5,1.1348,0.825,1.3755151515151516,0.17391304347826084,8.920209807473933,False,True,-136.52,LOSS
VRTX,2022-08-31,bear_call,280.0,282.5,1.4835,0.075,19.78,1.0909090909090908,3.264282381216094,False,True,22.174999999998978,PARTIAL
NSC,2022-08-31,bear_call,242.5,245.0,1.2809,1.275,1.004627450980392,0.18181818181818182,3.1826377933579324,False,False,128.09,WIN
NSC,2022-09-01,bull_put,242.5,240.0,1.4613,1.5,0.9742000000000001,0.56,12.572845864181684,False,True,-103.86999999999999,LOSS
PG,2022-09-01,bull_put,140.0,139.0,0.4869,0.495,0.9836363636363636,0.4466019417475728,19.294349456752514,False,False,-51.31,LOSS
AMZN,2022-09-01,bull_put,128.0,127.0,0.4527,0.45,1.006,0.09859154929577459,3.7788046426823936,True,False,-3.7299999999994893,PARTIAL
CME,2022-09-01,bull_put,200.0,197.5,1.1492,0.95,1.209684210526316,0.5882352941176471,29.460643273948186,False,True,-135.08,LOSS
CL,2022-09-01,bull_put,80.0,79.0,0.8566,1.2,0.7138333333333334,1.379310344827586,1498.4115921142989,False,True,-14.34,LOSS
MS,2022-09-01,bear_call,86.0,87.0,0.4578,0.445,1.0287640449438202,0.09790209790209782,22.18069474082862,False,False,2.889999999999715,PARTIAL
MRK,2022-09-06,bear_call,86.0,87.0,0.5308,0.515,1.0306796116504855,0.12962962962962954,6.474962761484353,False,False,-46.92,LOSS
GOOGL,2022-09-06,bull_put,107.0,106.0,0.4701,0.44,1.0684090909090909,0.04416403785488963,8.986077687526828,True,False,47.010000000000005,WIN
HON,2022-09-06,bear_call,185.0,187.5,1.1816,1.275,0.9267450980392158,0.10309278350515465,5.434214222743571,False,False,-131.84,LOSS
JNJ,2022-09-06,bear_call,162.5,165.0,1.1529,1.22,0.9450000000000001,0.12698412698412687,20.224258773308655,False,False,-134.71,LOSS
UPS,2022-09-06,bear_call,195.0,197.5,1.362,1.305,1.0436781609195405,0.045217391304347786,36.92675488198302,False,False,-113.79999999999998,LOSS
GILD,2022-09-06,bear_call,63.0,64.0,0.4967,0.44,1.1288636363636364,0.20320855614973268,11.306777713128069,False,False,-50.33,LOSS
PFE,2022-09-07,bear_call,46.0,46.5,0.2354,0.235,1.0017021276595746,0.0674157303370787,23.776549439698428,False,False,-26.46,LOSS
GOOGL,2022-09-07,bull_put,110.0,109.0,0.5085,0.455,1.1175824175824174,0.007117437722419936,20.441552598987272,True,False,50.849999999999994,WIN
LOW,2022-09-07,bull_put,202.5,200.0,1.2063,1.125,1.0722666666666667,0.07524752475247522,7.29915941481468,False,False,120.63,WIN
GS,2022-09-07,bear_call,330.0,332.5,1.2838,1.35,0.9509629629629629,0.12121212121212119,6.870644812669143,False,False,-121.61999999999999,LOSS
ISRG,2022-09-07,bull_put,212.5,210.0,1.2007,1.15,1.0440869565217392,0.15384615384615385,5.177656880331006,True,False,120.07000000000001,WIN
V,2022-09-07,bear_call,200.0,202.5,1.1519,1.145,1.0060262008733623,0.10632911392405062,4.481958621898514,False,False,-134.81,LOSS
GS,2022-09-08,bear_call,335.0,337.5,1.1504,1.12,1.0271428571428571,0.18691588785046728,11.449101064431977,False,False,-134.95999999999998,LOSS
ABBV,2022-09-08,bull_put,141.0,140.0,0.5194,0.465,1.116989247311828,0.34615384615384615,15.815033673457856,False,False,51.94,WIN
NVDA,2022-09-08,bull_put,141.0,140.0,0.6262,0.535,1.170467289719626,0.03160270880361167,1.7612533434023867,False,False,62.62,WIN
KO,2022-09-08,bear_call,62.0,62.5,0.2313,0.23,1.0056521739130435,0.17647058823529413,18.36219737825099,False,False,-8.870000000000028,PARTIAL
VRTX,2022-09-08,bull_put,290.0,287.5,1.3833,0.0,inf,1.9587628865979383,15.822914010077273,False,True,138.32999999999998,WIN
CL,2022-09-08,bull_put,78.0,77.5,0.3227,0.4,0.80675,0.8571428571428572,113.31205952628235,False,True,32.269999999999996,WIN
GE,2022-09-12,bull_put,76.0,75.0,0.5218,0.505,1.0332673267326733,0.06727828746177363,3.0868985390114463,False,False,-47.82,LOSS
BA,2022-09-12,bull_put,160.0,157.5,1.2092,1.21,0.9993388429752067,0.0555555555555556,2.6873200617549786,False,False,-129.07999999999998,LOSS
BMY,2022-09-12,bull_put,72.5,72.0,0.2368,0.185,1.28,0.2146892655367231,1.5894937776114255,False,True,-26.32,LOSS
ABT,2022-09-12,bull_put,110.0,109.0,0.5161,0.48,1.0752083333333333,0.15189873417721517,0.9077672685775511,False,False,-48.39,LOSS
FCX,2022-09-12,bull_put,32.5,32.0,0.2671,0.255,1.0474509803921568,0.05825242718446607,0.5755063786066554,False,False,-23.29,LOSS
NFLX,2022-09-12,bull_put,237.5,235.0,1.2055,1.175,1.0259574468085106,0.04329004329004329,0.37615962991531254,True,False,120.55,WIN
AMZN,2022-09-13,bull_put,127.5,127.0,0.2522,0.26,0.9699999999999999,0.07293666026871416,0.043523524635400684,True,False,-24.779999999999998,LOSS
VZ,2022-09-13,bull_put,42.0,41.5,0.243,0.235,1.0340425531914894,0.13333333333333344,5.955715093686978,False,False,-25.7,LOSS
ISRG,2022-09-13,bull_put,212.5,210.0,1.207,1.625,0.7427692307692308,0.3999999999999999,1.3494745669797754,True,False,-129.29999999999998,LOSS
NSC,2022-09-13,bull_put,245.0,242.5,1.3149,1.375,0.9562909090909091,0.15384615384615385,1.0414581641144154,False,False,-118.51,LOSS
GOOGL,2022-09-13,bull_put,105.0,104.75,0.1346,-0.095,-1.416842105263158,0.4169184290030211,0.04094578869718079,True,True,-11.540000000000001,LOSS
NFLX,2022-09-13,bull_put,220.0,217.5,1.2724,1.25,1.01792,0.06222222222222216,-0.006224081161102934,True,False,127.24,WIN
AMZN,2022-09-14,bull_put,129.0,128.0,0.4756,0.33,1.4412121212121212,0.06549118387909315,0.8430232107158363,True,True,-52.44,LOSS
NFLX,2022-09-14,bull_put,225.0,222.5,1.1986,1.205,0.9946887966804979,0.03508771929824549,1.251631922185334,True,False,119.86000000000001,WIN
HD,2022-09-14,bull_put,277.5,275.0,1.2066,1.155,1.0446753246753246,0.0869565217391305,1.263410370642424,False,False,-32.33999999999728,PARTIAL
UPS,2022-09-14,bear_call,190.0,192.5,1.2636,1.19,1.0618487394957985,0.21757322175732222,17.339501649522298,False,False,126.36,WIN
ISRG,2022-09-14,bull_put,212.5,210.0,1.2574,1.2,1.0478333333333334,0.14492753623188406,6.205716996374375,True,False,-124.25999999999999,LOSS
MDT,2022-09-14,bull_put,91.0,90.0,0.4788,0.63,0.76,0.43404255319148927,2.2587315443740743,False,False,-27.12,PARTIAL
MMM,2022-09-15,bull_put,117.0,116.0,0.504,0.52,0.9692307692307692,0.12903225806451624,0.945856971066544,False,False,5.699999999999972,PARTIAL
AMZN,2022-09-15,bull_put,127.0,126.0,0.5169,0.52,0.9940384615384615,0.049382716049382616,2.7480170462174396,True,False,-48.309999999999995,LOSS
TSLA,2022-09-15,bull_put,305.0,303.33,0.8793,0.825,1.0658181818181818,0.05128205128205133,0.6000623864159046,True,False,-77.06999999999773,PARTIAL
NSC,2022-09-15,bull_put,240.0,237.5,1.2634,1.65,0.7656969696969698,0.6456692913385828,22.7623001677414,False,True,-123.66,LOSS
ADP,2022-09-15,bear_call,230.0,232.5,1.2671,1.1,1.1519090909090908,0.41025641025641024,49.85731610687044,False,False,-123.29,LOSS
PG,2022-09-15,bear_call,137.0,138.0,0.5358,0.535,1.0014953271028038,0.205607476635514,7.375021709483258,False,False,-46.42,LOSS
ADP,2022-09-19,bull_put,237.5,235.0,1.4079,0.85,1.6563529411764706,0.29411764705882354,2.110550954437114,False,True,-109.21000000000001,LOSS
GOOGL,2022-09-19,bull_put,104.0,103.0,0.5181,0.485,1.0682474226804124,0.03218390804597694,4.037103145960077,True,False,-48.19,LOSS
CME,2022-09-19,bear_call,190.0,192.5,1.2474,1.325,0.941433962264151,0.1639344262295082,6.360227659385277,False,False,124.74000000000001,WIN
HON,2022-09-19,bear_call,177.5,180.0,1.3472,1.425,0.9454035087719298,0.09523809523809519,11.918090963921053,False,False,134.72,WIN
BMY,2022-09-19,bear_call,70.0,71.0,0.4518,0.48,0.94125,0.0833333333333333,7.180817224490126,False,False,-25.819999999999375,PARTIAL
SO,2022-09-19,bear_call,78.0,79.0,0.4653,0.5,0.9306,0.21052631578947376,7.134310023400164,False,False,46.53,WIN
MCD,2022-09-20,bear_call,255.0,257.5,1.2199,1.24,0.9837903225806451,0.06360424028268541,25.713365864978027,False,False,121.99,WIN
AMGN,2022-09-20,bear_call,227.5,230.0,1.1827,1.205,0.98149377593361,0.07801418439716318,11.883589496542687,False,False,118.27000000000001,WIN
SO,2022-09-20,bear_call,77.0,77.5,0.2647,0.25,1.0588,0.16216216216216217,2.616124945054199,False,False,26.47,WIN
GOOGL,2022-09-20,bull_put,102.0,101.0,0.5297,0.51,1.038627450980392,0.049217002237136404,2.4231820696455593,True,False,-47.03,LOSS
IBM,2022-09-20,bear_call,126.0,127.0,0.4925,0.49,1.0051020408163265,0.07843137254901968,1.1475937506265956,False,False,49.25,WIN
WMT,2022-09-20,bear_call,133.0,134.0,0.5345,0.545,0.9807339449541284,0.04347826086956514,0.656783948467085,False,False,53.449999999999996,WIN
MSFT,2022-09-21,bull_put,240.0,237.5,1.1796,1.87,0.6308021390374331,0.05479452054794526,0.032891803926981954,False,False,-90.04000000000126,PARTIAL
ADP,2022-09-21,bull_put,232.5,230.0,1.3951,1.45,0.9621379310344828,0.2535211267605634,0.8941165245960763,False,False,-82.48999999999988,PARTIAL
UNH,2022-09-21,bear_call,510.0,512.5,1.4791,1.25,1.18328,0.2788844621513944,0.8997115798262284,False,False,-102.08999999999999,LOSS
GOOGL,2022-09-21,bull_put,100.0,99.0,0.5266,0.545,0.9662385321100916,0.03878116343490308,7.204093794110425,True,False,-47.339999999999996,LOSS
MCD,2022-09-21,bear_call,250.0,252.5,1.3019,1.45,0.8978620689655173,0.17543859649122806,8.958269315561735,False,False,130.19,WIN
AMZN,2022-09-21,bull_put,119.0,118.0,0.4966,0.495,1.0032323232323233,0.059770114942528894,1.2892404980206158,True,False,-50.339999999999996,LOSS
KO,2022-09-22,bear_call,59.0,60.0,0.4801,0.445,1.0788764044943822,0.30769230769230765,106.18496495220174,False,False,48.010000000000005,WIN
BMY,2022-09-22,bear_call,71.0,72.0,0.4549,0.47,0.967872340425532,0.3407407407407407,26.89205295657535,False,False,45.49,WIN
PG,2022-09-22,bear_call,136.0,137.0,0.4823,0.575,0.8387826086956522,0.41176470588235287,9.239724722935529,False,False,48.230000000000004,WIN
AMZN,2022-09-22,bull_put,118.0,117.0,0.5235,0.515,1.016504854368932,0.04560260586319222,4.170248979109635,True,False,-47.65,LOSS
WMT,2022-09-22,bear_call,133.0,134.0,0.5241,0.51,1.0276470588235294,0.07142857142857129,1.371104951532209,False,False,52.410000000000004,WIN
UNH,2022-09-22,bear_call,517.5,520.0,1.146,0.945,1.2126984126984126,0.5185185185185185,1.1173078361430615,False,True,114.6,WIN
BMY,2022-09-26,bear_call,70.0,71.0,0.4852,0.49,0.9902040816326532,0.14814814814814806,22.66444945226855,False,False,-51.480000000000004,LOSS
MCD,2022-09-26,bear_call,242.5,245.0,1.3726,1.4,0.9804285714285715,0.06451612903225806,5.927345373941502,False,False,137.26,WIN
GOOGL,2022-09-26,bull_put,99.0,98.0,0.518,0.47,1.1021276595744682,0.05764966740576492,3.9001769309711176,True,False,-48.199999999999996,LOSS
SO,2022-09-26,bear_call,73.0,74.0,0.5219,0.45,1.1597777777777778,0.13333333333333325,47.20670312755335,False,False,52.190000000000005,WIN
JNJ,2022-09-26,bear_call,165.0,167.5,1.2672,1.25,1.01376,0.07280513918629547,81.60760673544877,False,False,126.72000000000001,WIN
WM,2022-09-26,bear_call,165.0,167.5,1.2838,1.1,1.167090909090909,0.20689655172413793,61.818243654838376,False,False,128.38,WIN
KO,2022-09-27,bear_call,56.0,57.0,0.5009,0.51,0.9821568627450981,0.07909604519774019,23.84470142311071,False,False,24.044999999999845,PARTIAL
MO,2022-09-27,bull_put,41.0,40.5,0.235,0.225,1.0444444444444443,0.06349206349206354,19.210489683521185,False,False,-26.5,LOSS
GOOGL,2022-09-27,bull_put,98.0,97.0,0.4881,0.485,1.0063917525773196,0.04232804232804224,5.2747026796041485,True,False,-51.190000000000005,LOSS
MSFT,2022-09-27,bull_put,237.5,235.0,1.3361,1.125,1.1876444444444445,0.04761904761904767,3.6685152817528586,False,False,-116.38999999999999,LOSS
ISRG,2022-09-27,bull_put,187.5,185.0,1.1709,1.05,1.1151428571428572,0.10256410256410244,2.263120919698507,True,False,55.54499999999989,PARTIAL
AMGN,2022-09-27,bear_call,225.0,227.5,1.2896,1.315,0.9806844106463879,0.1068702290076336,1.5858420461922413,False,False,44.47999999999972,PARTIAL
AMZN,2022-09-28,bull_put,119.0,118.0,0.5195,0.565,0.9194690265486726,0.09563409563409561,0.2837032865595718,True,False,-48.05,LOSS
MSFT,2022-09-28,bull_put,242.5,240.0,1.2982,1.175,1.1048510638297873,0.027777777777777804,0.5685653831253029,False,False,-120.17999999999999,LOSS
BMY,2022-09-28,bear_call,72.0,72.5,0.2354,0.245,0.9608163265306122,0.11764705882352937,1.2409381729788451,False,False,23.54,WIN
AMGN,2022-09-28,bear_call,230.0,232.5,1.3102,1.29,1.015658914728682,0.10769230769230778,8.734765989003535,False,False,131.02,WIN
HON,2022-09-28,bull_put,175.0,172.5,1.2169,1.05,1.158952380952381,0.06451612903225802,3.0344567964458378,False,False,-128.31,LOSS
MDT,2022-09-28,bull_put,83.0,82.0,0.476,0.435,1.0942528735632184,0.19999999999999996,1.6915014567602473,False,False,-52.400000000000006,LOSS
AXP,2022-09-29,bull_put,138.0,137.0,0.4623,0.405,1.1414814814814813,0.16835016835016833,-0.03056397031842232,False,False,-53.769999999999996,LOSS
SPY,2022-09-29,bull_put,364.0,363.0,0.5079,0.485,1.0472164948453608,0.008298755186721938,-0.04052250677022972,False,False,-49.21,LOSS
TSLA,2022-09-29,bull_put,270.0,267.5,1.2474,1.25,0.99792,0.05882352941176468,0.13212678380674225,True,False,-125.25999999999999,LOSS
GOOGL,2022-09-29,bull_put,98.0,97.0,0.5054,0.495,1.021010101010101,0.0799999999999999,9.268085440841439,True,False,-49.46,LOSS
XOM,2022-09-29,bull_put,89.0,88.0,0.4668,0.415,1.1248192771084338,0.050761421319797,5.769358023472434,False,False,-53.32,LOSS
ABBV,2022-09-29,bull_put,143.0,142.0,0.4596,0.48,0.9575,0.31249999999999994,3.273230373048601,False,False,-54.04,LOSS
JNJ,2022-10-03,bear_call,162.5,165.0,1.1855,1.24,0.9560483870967742,0.054320987654321036,36.97375102156794,False,False,118.55,WIN
PFE,2022-10-03,bear_call,44.0,44.5,0.2721,0.24,1.13375,0.06451612903225812,25.927454020935798,False,False,27.21,WIN
VRTX,2022-10-03,bear_call,297.5,300.0,1.2764,0.975,1.3091282051282052,0.5806451612903226,12.975591700464868,False,True,127.64,WIN
GOOGL,2022-10-03,bull_put,99.0,98.0,0.4682,0.44,1.0640909090909092,0.0394366197183099,8.345106283767173,True,False,7.410000000000341,PARTIAL
CVX,2022-10-03,bull_put,152.5,150.0,1.1323,1.09,1.0388073394495412,0.07357859531772581,6.113711588202746,False,False,113.23,WIN
IBM,2022-10-03,bear_call,121.0,122.0,0.5807,0.56,1.0369642857142856,0.07242339832869088,5.285360425187041,False,False,58.07,WIN
MSFT,2022-10-04,bull_put,250.0,247.5,1.241,1.075,1.1544186046511629,0.04255319148936167,2.364032149541559,False,False,-125.89999999999999,LOSS
GE,2022-10-04,bull_put,68.0,67.0,0.4773,0.455,1.0490109890109889,0.049586776859504175,2.361070851900429,False,False,-52.27,LOSS
MCD,2022-10-04,bear_call,237.5,240.0,1.2421,1.325,0.937433962264151,0.06405693950177925,6.841928007458421,False,False,124.21,WIN
JNJ,2022-10-04,bear_call,165.0,167.5,1.146,1.215,0.9432098765432098,0.090909090909091,20.255559102114752,False,False,114.6,WIN
SO,2022-10-04,bull_put,71.0,70.0,0.4801,0.425,1.1296470588235294,0.22222222222222215,14.698279692032857,False,False,-51.99,LOSS
ISRG,2022-10-04,bull_put,202.5,200.0,1.2579,1.125,1.1181333333333334,0.1142857142857144,12.039628000982123,True,False,-124.21,LOSS
PFE,2022-10-05,bear_call,44.0,44.5,0.2394,0.25,0.9576,0.041666666666666706,24.34794712747415,False,False,23.94,WIN
ISRG,2022-10-05,bull_put,202.5,200.0,1.2173,1.1,1.1066363636363636,0.17599999999999993,11.760499672165654,True,False,-128.26999999999998,LOSS
GOOGL,2022-10-05,bull_put,102.0,101.0,0.4975,0.48,1.0364583333333333,0.092526690391459,8.247003236531166,True,False,-50.24999999999999,LOSS
HON,2022-10-05,bear_call,177.5,180.0,1.1462,1.075,1.066232558139535,0.22222222222222215,5.324990286421797,False,False,114.62,WIN
TMO,2022-10-05,bear_call,545.0,547.5,1.3083,0.75,1.7444,0.15126050420168072,1.3234429394232232,False,True,130.83,WIN
RTX,2022-10-05,bear_call,85.0,86.0,0.4528,0.49,0.9240816326530612,0.10309278350515462,1.2339856811231902,False,False,45.28,WIN
NVDA,2022-10-06,bull_put,132.0,131.0,0.5153,0.49,1.0516326530612246,0.016877637130801704,0.025718172766280394,False,False,-48.47,LOSS
AMZN,2022-10-06,bull_put,121.0,120.0,0.4993,0.495,1.0086868686868686,0.04105571847507335,0.7997766115862747,True,False,-50.07,LOSS
TSLA,2022-10-06,bull_put,240.0,237.5,1.2999,1.3,0.9999230769230769,0.03208556149732628,1.1197867460157154,True,False,-120.00999999999999,LOSS
TXN,2022-10-06,bull_put,167.5,165.0,1.1592,1.11,1.0443243243243243,0.08192771084337357,6.424312972410197,False,False,-134.08,LOSS
GOOGL,2022-10-06,bull_put,102.0,101.0,0.4945,0.485,1.0195876288659793,0.030075187969924838,9.814734995958366,True,False,-50.55,LOSS
CAT,2022-10-06,bull_put,180.0,177.5,1.2663,1.125,1.1256,0.1810154525386314,4.082227395129072,False,False,-118.36999999999887,PARTIAL
JNJ,2022-10-10,bear_call,160.0,162.5,1.1401,1.17,0.9744444444444444,0.1042183622828785,47.66507413661665,False,False,-135.99,LOSS
BMY,2022-10-10,bear_call,68.0,69.0,0.5398,0.54,0.9996296296296294,0.09917355371900835,11.201091701217948,False,False,-46.02,LOSS
WM,2022-10-10,bear_call,155.0,157.5,1.176,1.25,0.9408,0.12244897959183683,10.230438187963385,False,False,117.6,WIN
GOOGL,2022-10-10,bull_put,99.0,98.0,0.5423,0.52,1.0428846153846154,0.0527383367139959,2.8029690278650583,True,False,-45.769999999999996,LOSS
CL,2022-10-10,bear_call,68.0,69.0,0.5224,0.525,0.995047619047619,0.12244897959183683,2.7879922630993335,False,False,-47.760000000000005,LOSS
INTC,2022-10-10,bull_put,25.5,25.0,0.2595,0.245,1.0591836734693878,0.025000000000000022,0.8946939212484267,False,False,25.95,WIN
LOW,2022-10-11,bull_put,197.5,195.0,1.1967,1.205,0.9931120331950207,0.06369426751592357,0.04447362227072334,False,False,-130.32999999999998,LOSS
SO,2022-10-11,bull_put,64.0,63.0,0.4565,0.475,0.9610526315789475,0.18181818181818177,0.23102625452051337,False,False,-3.3500000000001973,PARTIAL
AMZN,2022-10-11,bull_put,113.0,112.0,0.4999,0.495,1.0098989898989899,0.03098106712564554,0.3181639347281205,True,False,-50.01,LOSS
GOOGL,2022-10-11,bull_put,98.0,97.0,0.5103,0.49,1.0414285714285714,0.03524229074889871,1.1469590727399936,True,False,-48.97,LOSS
MO,2022-10-11,bull_put,44.5,44.0,0.2308,0.24,0.9616666666666667,0.1068702290076335,24.508214828678973,False,False,23.080000000000002,WIN
SYK,2022-10-11,bull_put,212.5,210.0,1.287,1.175,1.09531914893617,0.14634146341463428,0.4395493547652342,False,False,-121.30000000000001,LOSS
MO,2022-10-12,bull_put,45.0,44.5,0.2401,0.25,0.9604,0.1120000000000001,6.745720951382244,False,False,24.01,WIN
PM,2022-10-12,bull_put,86.0,85.0,0.4769,0.45,1.0597777777777777,0.13333333333333325,5.536150874713265,False,False,-26.30999999999949,PARTIAL
GOOGL,2022-10-12,bull_put,98.0,97.0,0.4863,0.48,1.013125,0.01990049751243772,2.500975823051945,True,False,-51.370000000000005,LOSS
INTC,2022-10-12,bull_put,25.5,25.0,0.2389,0.24,0.9954166666666667,0.015267175572519097,2.3654104553486133,False,False,23.89,WIN
CSCO,2022-10-12,bull_put,39.5,39.0,0.2462,0.245,1.0048979591836735,0.06896551724137938,1.9032554222409226,False,False,24.62,WIN
LOW,2022-10-12,bull_put,195.0,192.5,1.1942,1.195,0.9993305439330543,0.052631578947368356,1.5630329689954108,False,False,-130.58,LOSS
QCOM,2022-10-13,bull_put,113.0,112.0,0.4603,0.445,1.03438202247191,0.04620462046204624,0.011935849527657626,False,False,-53.97,LOSS
BDX,2022-10-13,bull_put,227.5,225.0,1.2208,0.475,2.570105263157895,0.8571428571428571,0.05425305636161282,False,True,-127.91999999999999,LOSS
AMZN,2022-10-13,bull_put,113.0,112.0,0.4902,0.435,1.126896551724138,0.08974358974358967,0.8055126893015497,True,False,-50.980000000000004,LOSS
PG,2022-10-13,bear_call,126.0,127.0,0.4821,0.475,1.0149473684210526,0.187192118226601,2.1772196580601313,False,False,48.209999999999994,WIN
AMGN,2022-10-13,bull_put,252.5,250.0,1.1828,1.015,1.1653201970443352,0.2653061224489797,9.82964587967621,False,False,1.1400000000001742,PARTIAL
TSLA,2022-10-13,bull_put,222.5,220.0,1.1495,1.15,0.9995652173913044,0.05128205128205133,0.9342905333713634,True,False,-135.05,LOSS
F,2022-10-17,bull_put,12.0,11.5,0.2351,0.21,1.1195238095238096,0.02739726027397263,28.595874226838507,False,False,23.51,WIN
BMY,2022-10-17,bear_call,71.0,72.0,0.5061,0.495,1.0224242424242425,0.07547169811320761,6.99387769134938,False,False,-49.39,LOSS
GOOGL,2022-10-17,bull_put,101.0,100.0,0.523,0.525,0.9961904761904762,0.01673640167364018,3.9337520685311786,True,False,52.300000000000004,WIN
USB,2022-10-17,bull_put,43.0,42.5,0.2766,0.225,1.2293333333333334,0.23529411764705876,3.4418290832825416,False,False,-22.34,LOSS
PFE,2022-10-17,bear_call,43.5,44.0,0.244,0.245,0.9959183673469387,0.0729927007299269,2.7583623923450515,False,False,-25.6,LOSS
MCD,2022-10-17,bear_call,245.0,247.5,1.3692,1.375,0.9957818181818182,0.052631578947368356,2.1040986080320616,False,False,-113.08,LOSS
TXN,2022-10-18,bull_put,152.5,150.0,1.2196,1.22,0.999672131147541,0.12173913043478249,4.744198510659339,False,False,121.96000000000001,WIN
CSCO,2022-10-18,bull_put,42.0,41.5,0.2349,0.225,1.044,0.08264462809917363,4.159756862636129,False,False,23.49,WIN
GOOGL,2022-10-18,bull_put,101.0,100.0,0.4649,0.45,1.033111111111111,0.03814713896457769,5.142661778409446,True,False,46.489999999999995,WIN
ITW,2022-10-18,bull_put,195.0,192.5,1.3291,1.125,1.1814222222222222,0.14634146341463405,5.3227381054414025,False,False,132.91,WIN
CME,2022-10-18,bull_put,175.0,172.5,1.1317,1.05,1.0778095238095238,0.1782178217821783,5.8415197321059695,False,False,-136.83,LOSS
MO,2022-10-18,bull_put,45.0,44.5,0.2389,0.23,1.038695652173913,0.14035087719298237,20.080932241685616,False,False,-26.11,LOSS
ITW,2022-10-19,bull_put,192.5,190.0,1.1286,0.75,1.5048000000000001,0.31111111111111117,11.548396700865151,False,True,112.86,WIN
MCD,2022-10-19,bear_call,250.0,252.5,1.1766,1.155,1.0187012987012987,0.11416490486257928,4.472130057402948,False,False,-132.34,LOSS
MRK,2022-10-19,bear_call,93.0,94.0,0.4744,0.485,0.9781443298969072,0.09944751381215466,3.4067673533244034,False,False,-52.559999999999995,LOSS
GOOGL,2022-10-19,bull_put,100.0,99.0,0.4694,0.47,0.9987234042553191,0.04878048780487795,3.378181075846126,True,False,46.94,WIN
PNC,2022-10-19,bull_put,152.5,150.0,1.1921,1.075,1.1089302325581396,0.13636363636363646,2.0672228517102416,False,False,119.21,WIN
NFLX,2022-10-19,bull_put,275.0,272.5,1.447,1.3,1.113076923076923,0.05128205128205123,1.4704429170751967,True,False,144.70000000000002,WIN
TSLA,2022-10-20,bull_put,207.5,206.67,0.3972,0.4,0.993,0.05405405405405398,0.0031208397794270214,True,False,39.72,WIN
UNH,2022-10-20,bear_call,520.0,522.5,1.2418,1.21,1.0262809917355373,0.23188405797101455,0.008430808095081191,False,False,-125.82,LOSS
NVDA,2022-10-20,bull_put,123.0,122.0,0.555,0.545,1.0183486238532111,0.025974025974026,0.051285397130344385,False,False,55.50000000000001,WIN
SPY,2022-10-20,bear_call,365.0,366.0,0.5376,0.53,1.0143396226415093,0.007194244604316552,0.4720014439437883,False,False,-46.239999999999995,LOSS
AMZN,2022-10-20,bull_put,116.0,115.0,0.5203,0.53,0.9816981132075471,0.06896551724137924,0.4932461896352579,True,False,52.03,WIN
IBM,2022-10-20,bull_put,129.0,128.0,0.5246,0.505,1.0388118811881186,0.1971830985915493,3.5259606138402275,False,False,52.459999999999994,WIN
IBM,2022-10-24,bear_call,132.0,133.0,0.5661,0.555,1.02,0.08376963350785335,1.3273705614185434,False,False,-43.39,LOSS
PG,2022-10-24,bull_put,130.0,129.0,0.4983,0.47,1.060212765957447,0.09287925696594422,1.0380564566625403,False,False,49.830000000000005,WIN
UNH,2022-10-24,bear_call,540.0,542.5,1.4558,1.375,1.0587636363636364,0.09210526315789476,1.0118552807631171,False,False,-104.42,LOSS
ABT,2022-10-24,bull_put,99.0,98.0,0.5013,0.475,1.0553684210526315,0.16352201257861637,0.26340984251387933,False,False,50.129999999999995,WIN
BDX,2022-10-24,bear_call,225.0,227.5,1.1574,1.275,0.907764705882353,0.18181818181818185,0.17163896267967352,False,False,-134.26,LOSS
WMT,2022-10-24,bull_put,140.0,139.0,0.4934,0.51,0.9674509803921568,0.07526881720430102,0.1663055214197751,False,False,49.34,WIN
CSX,2022-10-25,bull_put,29.0,28.5,0.2401,0.25,0.9604,0.20000000000000007,0.17409294767587183,False,False,24.01,WIN
DHR,2022-10-25,bear_call,250.0,252.5,1.3432,1.425,0.9425964912280701,0.09523809523809532,0.19224943705116637,False,False,-45.680000000001144,PARTIAL
UNH,2022-10-25,bear_call,537.5,540.0,1.4141,1.25,1.1312799999999998,0.08275862068965513,0.11405598866610717,False,False,-108.59,LOSS
GS,2022-10-25,bear_call,332.5,335.0,1.2104,1.2,1.0086666666666666,0.08695652173913045,1.552556270198725,False,False,-128.96,LOSS
EMR,2022-10-25,bear_call,84.0,85.0,0.552,0.55,1.0036363636363637,0.11320754716981125,1.5846661860115832,False,False,-44.800000000000004,LOSS
MDT,2022-10-25,bear_call,84.0,85.0,0.5324,0.54,0.9859259259259259,0.06250000000000006,1.4759241790485729,False,False,-46.760000000000005,LOSS
SYK,2022-10-26,bear_call,227.5,230.0,1.2521,1.35,0.9274814814814815,0.10169491525423738,9.671664880233882,False,False,-47.789999999998976,PARTIAL
MMM,2022-10-26,bull_put,123.0,122.0,0.4621,0.45,1.026888888888889,0.10958904109589052,0.671098481299902,False,False,46.21,WIN
ABT,2022-10-26,bull_put,99.0,98.0,0.5104,0.445,1.1469662921348314,0.06060606060606047,0.6115308899341055,False,False,51.04,WIN
BAC,2022-10-26,bear_call,35.5,36.0,0.2357,0.255,0.9243137254901961,0.06315789473684205,0.2848089110494141,False,False,-26.43,LOSS
DE,2022-10-26,bull_put,392.5,390.0,1.2116,1.075,1.1270697674418606,0.09803921568627452,0.13937406870979968,False,False,121.16,WIN
GS,2022-10-26,bear_call,335.0,337.5,1.1993,1.23,0.9750406504065041,0.08571428571428566,0.11790302148492089,False,False,-130.07,LOSS
SPY,2022-10-27,bull_put,381.0,380.0,0.6442,0.81,0.7953086419753086,0.03597122302158276,0.3150848102176644,False,False,64.42,WIN
IWM,2022-10-27,bull_put,180.0,179.0,0.6012,0.58,1.036551724137931,0.014117647058823646,1.0049761039259306,False,False,60.12,WIN
UNH,2022-10-27,bull_put,542.5,540.0,1.2057,1.035,1.164927536231884,0.2590361445783132,1.800598838610629,False,False,120.57,WIN
TSLA,2022-10-27,bull_put,227.5,225.0,1.3967,1.375,1.0157818181818181,0.041237113402061897,2.0055395486742555,True,False,139.67000000000002,WIN
DE,2022-10-27,bull_put,395.0,392.5,1.2009,0.615,1.9526829268292685,0.11267605633802814,2.3931130185587137,False,True,120.09,WIN
WMT,2022-10-27,bull_put,141.0,140.0,0.4619,0.415,1.113012048192771,0.15053763440860218,3.7044636271214277,False,False,46.19,WIN
MO,2022-10-31,bull_put,46.5,46.0,0.2423,0.23,1.0534782608695652,0.06557377049180334,11.948102255316362,False,False,-25.77,LOSS
VZ,2022-10-31,bull_put,37.5,37.0,0.2287,0.215,1.063720930232558,0.05504587155963307,11.689690675982954,False,False,-3.1299999999998023,PARTIAL
GOOGL,2022-10-31,bull_put,95.0,94.0,0.5278,0.485,1.0882474226804124,0.020725388601036288,11.361730455959366,True,False,-47.22,LOSS
AMZN,2022-10-31,bull_put,103.0,102.0,0.5137,0.505,1.0172277227722772,0.05363984674329506,1.922204276384688,True,False,-48.63,LOSS
ADP,2022-10-31,bull_put,242.5,240.0,1.2439,1.125,1.105688888888889,0.0869565217391305,0.2991748665419427,False,False,-125.61,LOSS
MA,2022-10-31,bull_put,330.0,327.5,1.268,1.25,1.0144,0.0695652173913044,0.09682090461788888,False,False,-123.2,LOSS
HON,2022-11-01,bear_call,202.5,205.0,1.2261,1.25,0.98088,0.07142857142857134,6.767134591973232,False,False,-127.39,LOSS
GOOGL,2022-11-01,bull_put,91.0,90.0,0.5016,0.495,1.0133333333333334,0.01617250673854449,7.6865621652377545,True,False,-49.84,LOSS
MCD,2022-11-01,bear_call,272.5,275.0,1.171,1.195,0.9799163179916318,0.05653710247349828,6.07130825645091,False,False,-94.90000000000045,PARTIAL
CME,2022-11-01,bear_call,172.5,175.0,1.3919,1.325,1.0504905660377357,0.20560747663551412,31.30785401516135,False,False,139.19,WIN
T,2022-11-01,bull_put,18.5,18.0,0.2302,0.19,1.2115789473684209,0.10909090909090897,74.46426417271081,False,False,2.5100000000000136,PARTIAL
JNJ,2022-11-01,bear_call,172.5,175.0,1.1424,1.17,0.9764102564102566,0.05617977528089892,28.847807566474383,False,False,114.24000000000001,WIN
BDX,2022-11-02,bear_call,227.5,230.0,1.3056,0.1,13.056000000000001,0.6105263157894738,16.593815617995045,False,True,130.56,WIN
MRK,2022-11-02,bear_call,99.0,100.0,0.5422,0.49,1.106530612244898,0.1443298969072165,11.867555867727685,False,False,17.109999999999857,PARTIAL
AMZN,2022-11-02,bull_put,93.0,92.0,0.5571,0.55,1.012909090909091,0.04255319148936184,3.184727875219282,True,False,-44.29,LOSS
CAT,2022-11-02,bull_put,215.0,212.5,1.1681,1.13,1.033716814159292,0.11438474870017319,2.6269713526362746,False,False,116.80999999999999,WIN
MMM,2022-11-02,bull_put,123.0,122.0,0.4585,0.425,1.0788235294117647,0.220532319391635,0.8076409361039131,False,False,45.85,WIN
PM,2022-11-02,bear_call,89.0,90.0,0.5217,0.475,1.0983157894736844,0.20000000000000007,0.768805570170159,False,False,-45.830000000000396,PARTIAL
BA,2022-11-03,bull_put,157.5,155.0,1.1592,1.14,1.016842105263158,0.07674943566591419,13.786566270311301,False,False,115.92,WIN
GOOGL,2022-11-03,bull_put,84.0,83.0,0.5028,0.515,0.9763106796116505,0.04800000000000004,15.031342381956147,True,False,50.28,WIN
ABT,2022-11-03,bear_call,96.0,97.0,0.5045,0.495,1.0191919191919192,0.3068783068783069,8.17424496559324,False,False,-49.55,LOSS
HON,2022-11-03,bull_put,205.0,202.5,1.2842,1.025,1.252878048780488,0.21052631578947376,105.56972867143028,False,True,128.42,WIN
PM,2022-11-03,bear_call,88.0,89.0,0.563,0.475,1.1852631578947368,0.30303030303030304,125.11404440507995,False,False,-43.7,LOSS
VRTX,2022-11-03,bull_put,312.5,310.0,1.4755,-0.075,-19.673333333333336,1.9587628865979383,17.94192755856885,False,True,-102.45,LOSS
SYK,2022-11-07,bull_put,215.0,212.5,1.3547,1.325,1.0224150943396226,0.1499999999999999,2.6311905435018685,False,False,135.47,WIN
MCD,2022-11-07,bear_call,275.0,277.5,1.3236,1.37,0.9661313868613138,0.052631578947368356,3.3720898471133625,False,False,132.36,WIN
BMY,2022-11-07,bear_call,79.0,80.0,0.4533,0.47,0.964468085106383,0.0710659898477158,2.262609749992905,False,False,45.33,WIN
GOOGL,2022-11-07,bull_put,89.0,88.0,0.4969,0.48,1.0352083333333333,0.01574803149606301,8.14387768800771,True,False,49.69,WIN
CSX,2022-11-07,bull_put,30.0,29.5,0.2371,0.2,1.1855,0.22222222222222215,23.089143399512178,False,False,23.71,WIN
GILD,2022-11-07,bear_call,81.0,82.0,0.4901,0.5,0.9802,0.05533596837944668,7.041416651307969,False,False,-32.98999999999932,PARTIAL
GOOGL,2022-11-08,bull_put,89.0,88.0,0.4553,0.45,1.0117777777777777,0.04307692307692298,7.427680797023192,True,False,45.53,WIN
MCD,2022-11-08,bear_call,277.5,280.0,1.2572,1.245,1.0097991967871487,0.04724409448818895,4.758269335460715,False,False,125.72000000000001,WIN
AMZN,2022-11-08,bull_put,91.0,90.0,0.5445,0.525,1.0371428571428571,0.03921568627450984,1.302928985337246,True,False,54.449999999999996,WIN
MRK,2022-11-08,bear_call,101.0,102.0,0.5536,0.515,1.0749514563106795,0.10294117647058817,1.2988784789955818,False,False,55.36,WIN
UNH,2022-11-08,bear_call,552.5,555.0,1.3165,1.275,1.0325490196078433,0.12030075187969921,0.4827337252826394,False,False,131.65,WIN
WMT,2022-11-08,bear_call,142.0,143.0,0.5586,0.555,1.0064864864864864,0.03473945409429273,0.07942898690295763,False,False,-2.140000000001252,PARTIAL
ABBV,2022-11-09,bull_put,148.0,147.0,0.497,0.47,1.0574468085106383,0.13256484149855907,1.2861541211099563,False,False,49.7,WIN
LOW,2022-11-09,bull_put,187.5,185.0,1.1973,1.17,1.0233333333333334,0.07407407407407407,4.069423925251999,False,False,119.73,WIN
AMZN,2022-11-09,bull_put,87.0,86.0,0.5392,0.54,0.9985185185185185,0.01716738197424894,1.1020706283374955,True,False,53.92,WIN
VZ,2022-11-09,bear_call,37.5,38.0,0.2327,0.235,0.9902127659574468,0.08888888888888885,7.771141358225493,False,False,-26.729999999999997,LOSS
GOOGL,2022-11-09,bull_put,88.0,87.0,0.5207,0.52,1.0013461538461539,0.02247191011235957,5.969795659520743,True,False,52.07000000000001,WIN
WM,2022-11-09,bear_call,157.5,160.0,1.1499,1.15,0.9999130434782609,0.17721518987341764,27.50190038903759,False,False,24.495000000000168,PARTIAL
SYK,2022-11-10,bull_put,220.0,217.5,1.351,0.875,1.544,0.6206896551724139,31.703031747123806,False,True,135.1,WIN
AMZN,2022-11-10,bull_put,97.0,96.0,0.4918,0.49,1.0036734693877551,0.11683848797250854,18.465476555990875,True,False,49.18,WIN
RTX,2022-11-10,bull_put,98.0,97.0,0.4505,0.4,1.12625,0.23188405797101455,18.173184410153937,False,False,-54.949999999999996,LOSS
ACN,2022-11-10,bull_put,287.5,285.0,1.1806,1.025,1.1518048780487806,0.31999999999999995,13.91265966290911,False,False,118.06,WIN
DIS,2022-11-10,bull_put,91.0,90.0,0.5465,0.5,1.093,0.11453744493392061,7.99166588720094,False,False,54.65,WIN
XOM,2022-11-10,bull_put,111.0,110.0,0.5137,0.475,1.0814736842105264,0.11764705882352952,6.746808081851671,False,False,51.370000000000005,WIN
VZ,2022-11-14,bull_put,38.5,38.0,0.226,0.215,1.0511627906976744,0.0833333333333333,1.1865285275985697,False,False,22.6,WIN
PYPL,2022-11-14,bull_put,90.0,89.0,0.5102,0.495,1.0307070707070707,0.03973509933774828,0.2887697566705606,False,False,-48.980000000000004,LOSS
MRK,2022-11-14,bull_put,101.0,100.0,0.5175,0.565,0.915929203539823,0.17301038062283736,0.5337795658534117,False,False,51.74999999999999,WIN
BA,2022-11-14,bull_put,175.0,172.5,1.2744,1.195,1.0664435146443514,0.03636363636363645,1.4025647318209138,False,False,8.219999999999317,PARTIAL
CSX,2022-11-14,bull_put,32.0,31.5,0.2457,0.225,1.092,0.20000000000000007,4.02528088460495,False,False,-25.430000000000003,LOSS
GOOGL,2022-11-14,bull_put,96.0,95.0,0.4838,0.49,0.9873469387755103,0.09063444108761323,8.879609537869976,True,False,48.38,WIN
PNC,2022-11-15,bull_put,165.0,162.5,1.2324,1.2,1.027,0.15686274509803919,21.819514757458354,False,False,-126.76,LOSS
CME,2022-11-15,bull_put,175.0,172.5,1.3167,1.05,1.254,0.3300970873786408,20.397619643417137,False,True,-118.33,LOSS
CSX,2022-11-15,bull_put,31.5,31.0,0.2455,0.275,0.8927272727272726,0.47619047619047616,14.585529804183667,False,False,-25.45,LOSS
GOOGL,2022-11-15,bull_put,99.0,98.0,0.4869,0.48,1.014375,0.023952095808383256,9.187312683480565,True,False,-51.31,LOSS
VZ,2022-11-15,bull_put,38.0,37.5,0.2568,0.25,1.0272,0.12173913043478253,4.915006603893231,False,False,25.679999999999996,WIN
MS,2022-11-15,bull_put,91.0,90.0,0.5034,0.425,1.184470588235294,0.158273381294964,3.0602939590641727,False,False,-49.66,LOSS
TSLA,2022-11-16,bull_put,187.5,186.67,0.4098,0.4,1.0245,0.04597701149425292,-0.0029042422188912767,True,False,-42.02,LOSS
ISRG,2022-11-16,bull_put,265.0,262.5,1.3492,1.05,1.2849523809523808,0.19047619047619047,0.09316905065346101,False,True,-115.08,LOSS
UNH,2022-11-16,bull_put,512.5,510.0,1.2059,1.1,1.096272727272727,0.1318681318681318,-0.00024526420085756217,False,False,120.59,WIN
WMT,2022-11-16,bull_put,149.0,148.0,0.5039,0.475,1.060842105263158,0.051660516605165935,4.054094469520155,False,False,50.39,WIN
PM,2022-11-16,bull_put,95.0,94.0,0.4646,0.4,1.1615,0.20689655172413793,12.560633922727494,False,False,46.46,WIN
AMZN,2022-11-16,bull_put,97.5,97.0,0.2586,0.27,0.9577777777777777,0.05681818181818187,0.10482919670024562,True,False,-24.14,LOSS
HD,2022-11-17,bull_put,312.5,310.0,1.2901,1.22,1.0574590163934428,0.10344827586206891,9.905972376735734,False,False,129.01,WIN
EOG,2022-11-17,bull_put,145.0,144.0,0.543,0.525,1.0342857142857143,0.26865671641791045,0.6492489874574696,False,False,-45.7,LOSS
AMZN,2022-11-17,bull_put,95.0,94.5,0.2438,0.235,1.0374468085106383,0.07079646017699102,0.2960713585375809,True,False,-25.619999999999997,LOSS
REGN,2022-11-17,bull_put,740.0,737.5,1.2538,0.0,inf,0.4776119402985076,0.012278911871973969,False,True,-124.62,LOSS
GM,2022-11-17,bull_put,39.0,38.5,0.2767,0.35,0.7905714285714286,0.19512195121951223,-0.06607137158106241,False,False,27.67,WIN
NVDA,2022-11-17,bull_put,157.5,155.0,1.1727,1.1,1.066090909090909,0.027290448343080035,-0.17014518050102898,False,False,-132.73,LOSS
NSC,2022-11-21,bull_put,250.0,247.5,1.1661,1.05,1.1105714285714285,0.14432989690721654,0.6153996944719488,False,False,116.60999999999999,WIN
DIS,2022-11-21,bull_put,98.0,97.0,0.5077,0.485,1.0468041237113404,0.019543973941368094,2.898164389852398,False,False,50.77,WIN
MRK,2022-11-21,bull_put,106.0,105.0,0.4679,0.435,1.075632183908046,0.06185567010309284,1.080617349155435,False,False,46.79,WIN
GOOGL,2022-11-21,bull_put,96.0,95.0,0.4703,0.47,1.0006382978723405,0.015748031496063006,19.937814485349527,True,False,47.03,WIN
MO,2022-11-21,bull_put,45.0,44.5,0.2435,0.195,1.2487179487179487,0.12987012987012983,82.25866968229826,False,False,-1.6499999999998016,PARTIAL
AMZN,2022-11-21,bull_put,93.0,92.0,0.5066,0.49,1.0338775510204083,0.034285714285714315,5.02854844834681,True,False,50.660000000000004,WIN
PG,2022-11-22,bull_put,146.0,145.0,0.4784,0.46,1.04,0.16666666666666666,2.5710792861597063,False,False,47.839999999999996,WIN
SPY,2022-11-22,bull_put,401.0,400.0,0.559,0.54,1.0351851851851852,0.0076923076923077005,0.2009907939214858,False,False,55.900000000000006,WIN
CRM,2022-11-22,bull_put,150.0,149.0,0.5379,0.475,1.132421052631579,0.13861386138613874,0.08844545933333553,False,False,53.790000000000006,WIN
EOG,2022-11-22,bull_put,145.0,144.0,0.5093,0.475,1.0722105263157895,0.15384615384615385,0.042312064167196524,False,False,-49.07,LOSS
QQQ,2022-11-22,bull_put,287.0,286.0,0.5699,0.54,1.0553703703703703,0.011741682974559612,0.03632700102031364,False,False,24.495000000000793,PARTIAL
REGN,2022-11-22,bull_put,750.0,747.5,1.1965,1.55,0.7719354838709677,0.5573770491803278,-0.028328284918287733,False,True,-130.35000000000002,LOSS
REGN,2022-11-23,bull_put,737.5,735.0,1.4624,0.525,2.7855238095238093,1.168831168831169,2.7639567139018117,False,True,9.620000000000905,PARTIAL
NFLX,2022-11-23,bull_put,292.5,290.0,1.2732,1.245,1.0226506024096385,0.1731123388581953,1.8893702061470479,True,False,-122.67999999999999,LOSS
SPY,2022-11-23,bull_put,403.0,402.0,0.5118,0.49,1.0444897959183674,0.014184397163120581,0.796201319591521,False,False,-15.820000000001588,PARTIAL
XOM,2022-11-23,bull_put,114.0,113.0,0.4867,0.455,1.0696703296703296,0.11640211640211638,0.6423265801666884,False,False,-30.330000000000624,PARTIAL
EMR,2022-11-28,bull_put,95.0,94.0,0.5504,0.55,1.0007272727272727,0.19718309859154923,0.32034316144460423,False,False,55.04,WIN
MRK,2022-11-28,bull_put,109.0,108.0,0.5075,0.49,1.0357142857142856,0.07407407407407397,0.18319426742861547,False,False,50.74999999999999,WIN
GE,2022-11-28,bull_put,86.0,85.0,0.4828,0.465,1.0382795698924732,0.05839416058394149,0.5299760888795874,False,False,48.28,WIN
ABT,2022-11-28,bull_put,106.0,105.0,0.504,0.495,1.0181818181818183,0.09790209790209782,1.3948939581941804,False,False,50.4,WIN
AMZN,2022-11-28,bull_put,95.0,94.0,0.5393,0.53,1.0175471698113208,0.02012072434607639,2.017838089697133,True,False,-33.070000000000455,PARTIAL
PYPL,2022-11-28,bull_put,81.0,80.0,0.5837,0.55,1.0612727272727271,0.02247191011235947,0.8392701494366449,False,False,-41.63,LOSS
MO,2022-11-29,bull_put,46.0,45.5,0.2402,0.21,1.1438095238095238,0.07228915662650595,66.1360549141225,False,False,24.02,WIN
NSC,2022-11-29,bull_put,255.0,252.5,1.4037,1.025,1.3694634146341464,0.3225806451612903,17.604828277309803,False,True,23.684999999999658,PARTIAL
VZ,2022-11-29,bull_put,38.5,38.0,0.2273,0.215,1.0572093023255815,0.09756097560975605,4.344931226562661,False,False,-9.270000000000028,PARTIAL
GOOGL,2022-11-29,bull_put,96.0,95.0,0.4927,0.52,0.9475,0.028985507246376836,3.368073777090248,True,False,49.27,WIN
AMZN,2022-11-29,bull_put,93.0,92.0,0.5151,0.495,1.0406060606060605,0.024813895781637736,2.3323799072805858,True,False,51.51,WIN
RTX,2022-11-29,bull_put,98.0,97.0,0.5107,0.48,1.0639583333333336,0.06113537117903916,2.1373246283394787,False,False,51.07000000000001,WIN
XOM,2022-11-30,bull_put,112.0,111.0,0.5094,0.495,1.029090909090909,0.0799999999999999,0.7131247462890288,False,False,-49.059999999999995,LOSS
DHR,2022-11-30,bull_put,275.0,272.5,1.3595,1.4,0.9710714285714286,0.35897435897435886,0.9380094705320945,False,False,29.475000000000907,PARTIAL
AMZN,2022-11-30,bull_put,97.0,96.0,0.5205,0.475,1.0957894736842104,0.04530744336569584,7.201168515358814,True,False,-47.949999999999996,LOSS
EMR,2022-11-30,bull_put,96.0,95.0,0.502,0.425,1.1811764705882353,0.4444444444444446,18.886605403942813,False,False,50.2,WIN
V,2022-11-30,bull_put,217.5,215.0,1.3254,0.585,2.2656410256410258,0.8307692307692308,56.071967854936545,False,True,132.54,WIN
CL,2022-11-30,bull_put,77.5,77.0,0.3345,0.275,1.2163636363636363,0.6086956521739131,211.06255257057379,False,True,33.45,WIN
EMR,2022-12-01,bull_put,96.0,95.0,0.5693,0.45,1.265111111111111,0.25000000000000006,109.76817064030159,False,True,56.93,WIN
AMZN,2022-12-01,bull_put,96.0,95.0,0.5085,0.505,1.006930693069307,0.046511627906976785,10.45591431243644,True,False,-49.15,LOSS
IWM,2022-12-01,bull_put,187.0,186.0,0.4776,0.465,1.0270967741935484,0.013793103448275874,1.113872662585389,False,False,47.760000000000005,WIN
INTC,2022-12-01,bull_put,30.0,29.5,0.2327,0.225,1.0342222222222222,0.08450704225352106,0.20128776492523526,False,False,-26.729999999999997,LOSS
QQQ,2022-12-01,bull_put,294.0,293.0,0.5122,0.5,1.0244,0.012121212121212222,0.005989497434106897,False,False,-48.78,LOSS
SPY,2022-12-01,bull_put,408.0,407.0,0.5331,0.505,1.0556435643564357,0.007326007326007331,-0.014147214537563506,False,False,-46.69,LOSS
CSX,2022-12-05,bull_put,31.5,31.0,0.2308,0.225,1.0257777777777777,0.22222222222222215,2.8515014337203497,False,False,7.540000000000085,PARTIAL
ABT,2022-12-05,bull_put,106.0,105.0,0.5148,0.51,1.0094117647058825,0.11940298507462682,3.9183107785593885,False,False,51.480000000000004,WIN
NVDA,2022-12-05,bull_put,167.5,165.0,1.347,1.245,1.0819277108433734,0.03592814371257494,1.0317350377315067,False,False,134.7,WIN
PM,2022-12-05,bull_put,104.0,103.0,0.5082,0.475,1.0698947368421052,0.18181818181818177,8.768215912725807,False,False,-49.18,LOSS
GOOGL,2022-12-05,bull_put,100.0,99.0,0.4906,0.48,1.0220833333333332,0.025000000000000022,9.458741801281114,True,False,-50.94,LOSS
AMZN,2022-12-05,bull_put,92.0,91.0,0.5646,0.535,1.0553271028037383,0.02926829268292686,6.2534269716929165,True,False,-43.54,LOSS
PM,2022-12-06,bull_put,102.0,101.0,0.4805,0.425,1.1305882352941177,0.10000000000000009,9.09158990866757,False,False,48.05,WIN
AMZN,2022-12-06,bull_put,89.0,88.0,0.5334,0.525,1.016,0.02710027100271005,4.486442555625906,True,False,53.339999999999996,WIN
BA,2022-12-06,bull_put,180.0,177.5,1.3195,1.27,1.0389763779527559,0.03821656050955412,1.8058749530086367,False,False,42.974999999999596,PARTIAL
DE,2022-12-06,bull_put,440.0,437.5,1.2758,1.175,1.0857872340425532,0.07843137254901951,0.28128183731879114,False,False,-122.42,LOSS
CL,2022-12-06,bull_put,77.5,77.0,0.2567,0.25,1.0268,0.2666666666666666,0.17749309968197732,False,False,25.669999999999998,WIN
REGN,2022-12-06,bull_put,750.0,747.5,1.467,1.05,1.3971428571428572,0.1111111111111111,0.1654796510930896,False,True,146.70000000000002,WIN
CAT,2022-12-07,bull_put,230.0,227.5,1.1923,1.115,1.0693273542600896,0.10526315789473686,0.3820764160519099,False,False,-130.77,LOSS
DE,2022-12-07,bull_put,442.5,440.0,1.335,1.095,1.2191780821917808,0.28235294117647053,1.3447978104643314,False,False,-116.5,LOSS
NFLX,2022-12-07,bull_put,310.0,307.5,1.3361,1.375,0.971709090909091,0.0373831775700935,0.2389847369533715,True,False,133.61,WIN
NSC,2022-12-07,bull_put,242.5,240.0,1.2507,1.3,0.9620769230769229,0.38709677419354843,10.00478664903369,False,False,125.07,WIN
MO,2022-12-07,bull_put,46.5,46.0,0.2531,0.225,1.1248888888888888,0.1265822784810126,122.34040521837282,False,False,25.31,WIN
AMZN,2022-12-07,bull_put,89.0,88.0,0.5187,0.515,1.0071844660194176,0.05161290322580649,5.93802902901808,True,False,51.870000000000005,WIN
HD,2022-12-08,bull_put,325.0,322.5,1.203,1.125,1.0693333333333335,0.10727969348658994,2.9429879535519485,False,False,-129.7,LOSS
TSLA,2022-12-08,bull_put,175.0,172.5,1.2859,1.275,1.0085490196078433,0.05882352941176476,4.674248306405856,True,False,128.59,WIN
ISRG,2022-12-08,bull_put,272.5,270.0,1.1404,1.025,1.1125853658536586,0.20689655172413793,1.3974389347000833,False,False,-75.95999999999772,PARTIAL
GE,2022-12-08,bull_put,84.0,83.0,0.4691,0.48,0.9772916666666668,0.2010582010582011,7.979886194048178,False,False,-53.09,LOSS
MA,2022-12-08,bull_put,352.5,350.0,1.401,1.245,1.125301204819277,0.14411247803163435,16.820529633204607,False,False,-109.89999999999999,LOSS
BA,2022-12-08,bull_put,180.0,177.5,1.1898,1.16,1.0256896551724137,0.06603773584905666,6.825936317616932,False,False,36.4899999999996,PARTIAL
PNC,2022-12-12,bull_put,157.5,155.0,1.2163,1.1,1.1057272727272727,0.09230769230769226,3.5819167445941757,False,False,-128.37,LOSS
GOOGL,2022-12-12,bull_put,94.0,93.0,0.5261,0.5,1.0522,0.035928143712574794,2.765942504008649,True,False,-47.39,LOSS
PM,2022-12-12,bull_put,103.0,102.0,0.4752,0.45,1.056,0.07407407407407397,1.9773661503008337,False,False,-52.480000000000004,LOSS
CSX,2022-12-12,bull_put,32.5,32.0,0.2561,0.225,1.1382222222222222,0.15384615384615383,1.7286288521644593,False,False,-24.39,LOSS
MDT,2022-12-12,bull_put,80.0,79.0,0.4639,0.415,1.1178313253012049,0.13333333333333325,1.6779116724310013,False,False,-53.61,LOSS
TJX,2022-12-12,bull_put,79.0,78.0,0.4793,0.44,1.0893181818181819,0.06844106463878333,1.3108852936179687,False,False,-52.07000000000001,LOSS
AMZN,2022-12-13,bull_put,93.0,92.0,0.5062,0.485,1.0437113402061855,0.03373493975903606,2.798834185284233,True,False,-49.38,LOSS
LOW,2022-12-13,bull_put,212.5,210.0,1.2458,1.175,1.0602553191489361,0.06535947712418301,1.359886361452604,False,False,-125.42,LOSS
ORCL,2022-12-13,bull_put,81.0,80.0,0.5054,0.485,1.0420618556701031,0.09790209790209782,2.9793742072442053,False,False,-49.46,LOSS
WM,2022-12-13,bull_put,167.5,165.0,1.1914,1.3,0.9164615384615384,0.5287356321839081,9.97460557736106,False,True,-130.85999999999999,LOSS
PNC,2022-12-13,bull_put,155.0,152.5,1.1978,1.1,1.0889090909090908,0.20560747663551412,7.883438474956086,False,False,-130.22,LOSS
GOOGL,2022-12-13,bull_put,96.0,95.0,0.4864,0.475,1.024,0.06162464985994403,7.212393189535029,True,False,-51.35999999999999,LOSS
AMZN,2022-12-14,bull_put,92.0,91.0,0.4761,0.485,0.9816494845360826,0.1045751633986929,2.2551025202810817,True,False,-52.39,LOSS
ITW,2022-12-14,bull_put,225.0,222.5,1.1754,1.175,1.0003404255319148,0.29213483146067415,1.6140812618989968,False,False,-132.46,LOSS
MS,2022-12-14,bull_put,91.0,90.0,0.5054,0.495,1.021010101010101,0.05622489959839362,1.214617768664936,False,False,-49.46,LOSS
XOM,2022-12-14,bull_put,107.0,106.0,0.5031,0.48,1.048125,0.15503875968992245,0.8544786276946011,False,False,-49.69,LOSS
UNH,2022-12-14,bull_put,540.0,537.5,1.3848,1.275,1.0861176470588236,0.18719211822660103,0.41242395521395525,False,False,-111.52,LOSS
VRTX,2022-12-14,bull_put,312.5,310.0,1.1667,-0.175,-6.666857142857143,1.9587628865979383,0.18637269336746062,False,True,-133.32999999999998,LOSS
USB,2022-12-15,bull_put,43.0,42.5,0.2386,0.225,1.0604444444444445,0.4000000000000001,19.223393883883986,False,False,-26.14,LOSS
AMZN,2022-12-15,bull_put,89.0,88.0,0.5023,0.5,1.0046,0.12903225806451624,4.963763364961692,True,False,-49.769999999999996,LOSS
MDT,2022-12-15,bull_put,78.0,77.5,0.2605,0.255,1.0215686274509803,0.21538461538461542,0.032739130627662684,False,False,-23.95,LOSS
REGN,2022-12-15,bull_put,732.5,730.0,1.2445,1.1,1.1313636363636361,0.24390243902439024,0.009596302747385231,False,False,-125.55000000000001,LOSS
EOG,2022-12-15,bull_put,127.0,126.5,0.2473,0.225,1.0991111111111111,0.18181818181818182,-0.0603339829992735,False,False,-25.27,LOSS
MMM,2022-12-15,bull_put,123.0,122.0,0.5417,0.52,1.0417307692307691,0.15625,-0.06293498946966185,False,False,-45.83,LOSS
RTX,2022-12-19,bull_put,98.0,97.0,0.4816,0.46,1.0469565217391303,0.05504587155963307,2.4014857189557173,False,False,48.16,WIN
SCHW,2022-12-19,bear_call,78.0,79.0,0.4825,0.515,0.9368932038834951,0.08620689655172402,3.253696775631475,False,False,-51.74999999999999,LOSS
MCD,2022-12-19,bear_call,265.0,267.5,1.2218,1.275,0.9582745098039216,0.0879999999999999,10.563019579640759,False,False,-127.82,LOSS
BAC,2022-12-19,bear_call,32.0,32.5,0.266,0.22,1.2090909090909092,0.047619047619047665,37.15148593873918,False,False,-20.399999999999885,PARTIAL
PNC,2022-12-19,bear_call,150.0,152.5,1.2369,1.075,1.1506046511627908,0.1499999999999999,39.123503566864045,False,False,-126.30999999999999,LOSS
GOOGL,2022-12-19,bull_put,89.0,88.0,0.5039,0.49,1.0283673469387755,0.03921568627450984,14.015396679624402,True,False,50.39,WIN
AMZN,2022-12-20,bull_put,86.0,85.0,0.5488,0.535,1.0257943925233644,0.028985507246376836,8.247172487659327,True,False,-20.120000000000005,PARTIAL
AXP,2022-12-20,bear_call,145.0,146.0,0.5634,0.535,1.0530841121495327,0.08121827411167509,1.8051018810542883,False,False,-43.66,LOSS
EOG,2022-12-20,bull_put,127.5,126.5,0.571,0.55,1.038181818181818,0.11235955056179775,0.9704762298927828,False,False,57.099999999999994,WIN
VRTX,2022-12-20,bear_call,292.5,295.0,1.1788,0.9,1.309777777777778,0.3529411764705883,0.8470095800142552,False,True,117.88000000000001,WIN
CME,2022-12-20,bull_put,170.0,167.5,1.131,1.0,1.131,0.1666666666666667,0.7087938204278803,False,False,113.1,WIN
QQQ,2022-12-20,bear_call,269.0,270.0,0.5392,0.56,0.9628571428571427,0.012232415902140683,0.40628433768078415,False,False,53.92,WIN
EOG,2022-12-21,bull_put,130.5,129.5,0.5274,0.525,1.0045714285714284,0.18750000000000003,1.8239529019720064,False,False,52.739999999999995,WIN
UPS,2022-12-21,bull_put,177.5,175.0,1.1505,1.05,1.0957142857142856,0.06857142857142863,1.755324586226356,False,False,33.02499999999955,PARTIAL
MMM,2022-12-21,bull_put,124.0,123.0,0.508,0.485,1.0474226804123712,0.10526315789473673,2.035261819382495,False,False,-49.2,LOSS
GOOGL,2022-12-21,bull_put,90.0,89.0,0.4815,0.475,1.0136842105263157,0.01980198019801982,32.772485637745156,True,False,-28.849999999999604,PARTIAL
NSC,2022-12-21,bull_put,247.5,245.0,1.2005,0.875,1.3719999999999999,0.7567567567567568,36.175217302949086,False,True,60.02499999999999,PARTIAL
ACN,2022-12-21,bear_call,267.5,270.0,1.4905,1.275,1.1690196078431372,0.09523809523809519,20.900191631747596,False,False,149.04999999999998,WIN
PNC,2022-12-22,bull_put,155.0,152.5,1.2771,1.05,1.2162857142857142,0.5,76.1830104296896,False,False,127.71,WIN
MMM,2022-12-22,bull_put,122.0,121.0,0.5432,0.495,1.0973737373737373,0.23300970873786395,17.408049011375795,False,False,-45.68,LOSS
DE,2022-12-22,bull_put,437.5,435.0,1.3845,1.25,1.1076000000000001,0.24460431654676265,7.291764126453363,False,False,40.72500000000034,PARTIAL
ADP,2022-12-22,bull_put,240.0,237.5,1.2344,0.8,1.543,0.6329113924050632,4.169071381802705,False,True,123.44,WIN
AXP,2022-12-22,bear_call,145.0,146.0,0.4748,0.53,0.8958490566037736,0.3598326359832636,3.180583901529512,False,False,-52.52,LOSS
MSFT,2022-12-22,bear_call,237.5,240.0,1.152,1.15,1.0017391304347827,0.12807881773399024,3.0326492317101668,False,False,-7.7999999999989855,PARTIAL
SO,2022-12-27,bear_call,72.0,72.5,0.2907,0.25,1.1628,0.22222222222222224,3.617189480933205,False,False,29.07,WIN
BA,2022-12-27,bull_put,190.0,187.5,1.1356,1.095,1.0370776255707763,0.05818181818181823,1.4468856253149094,False,False,113.55999999999999,WIN
EMR,2022-12-27,bull_put,97.0,96.0,0.4734,0.4,1.1835,0.17142857142857132,1.7261075677107642,False,False,-46.659999999999776,PARTIAL
ISRG,2022-12-27,bear_call,262.5,265.0,1.3976,1.45,0.9638620689655173,0.13333333333333333,5.981178628945279,False,False,-110.24000000000001,LOSS
GOOGL,2022-12-27,bull_put,88.0,87.0,0.5155,0.505,1.0207920792079208,0.021818181818181678,20.17879459255461,True,False,51.55,WIN
PM,2022-12-27,bull_put,103.0,102.0,0.4505,0.425,1.06,0.18181818181818185,5.445032761525989,False,False,-54.949999999999996,LOSS
HD,2022-12-28,bear_call,315.0,317.5,1.2303,1.255,0.9803187250996016,0.07792207792207799,0.9672074154095436,False,False,18.514999999999315,PARTIAL
BDX,2022-12-28,bear_call,252.5,255.0,1.2838,1.15,1.1163478260869566,0.21686746987951794,9.412477304856482,False,False,-51.620000000001134,PARTIAL
SCHW,2022-12-28,bear_call,82.0,82.5,0.295,0.29,1.0172413793103448,0.1348314606741573,6.436770328225247,False,False,-20.5,LOSS
UNH,2022-12-28,bear_call,527.5,530.0,1.2969,1.3,0.9976153846153846,0.10909090909090903,1.1688096524861478,False,False,-120.31,LOSS
BLK,2022-12-28,bear_call,697.5,700.0,1.4968,1.3,1.1513846153846152,0.23809523809523808,1.07848927529661,False,False,-100.32000000000001,LOSS
IWM,2022-12-28,bear_call,170.0,171.0,0.5401,0.565,0.9559292035398231,0.022857142857142878,0.8458471963980579,False,False,-45.989999999999995,LOSS
CRM,2022-12-29,bull_put,133.0,132.0,0.5135,0.49,1.0479591836734694,0.07874015748031503,1.0079874671161608,False,False,5.175000000000169,PARTIAL
NVDA,2022-12-29,bull_put,147.0,146.0,0.5743,0.54,1.0635185185185185,0.02298850574712656,0.9118697689303732,False,False,-28.57000000000136,PARTIAL
QQQ,2022-12-29,bear_call,266.0,267.0,0.5238,0.545,0.9611009174311926,0.016085790884718395,1.2508761085840505,False,False,12.190000000001366,PARTIAL
VRTX,2022-12-29,bull_put,290.0,287.5,1.2046,0.825,1.4601212121212122,1.4029850746268657,5.690588425802337,False,True,-1.5400000000027392,PARTIAL
ADP,2022-12-29,bear_call,240.0,242.5,1.2908,0.75,1.7210666666666665,0.7692307692307692,78.2786947107499,False,True,129.07999999999998,WIN
MDT,2022-12-29,bull_put,78.0,77.5,0.2402,0.31,0.7748387096774193,0.44247787610619466,1.3734399974627882,False,False,-3.980000000000114,PARTIAL
BDX,2023-01-03,bull_put,257.5,255.0,1.358,1.25,1.0864,0.21138211382113817,11.311012490737852,False,False,135.8,WIN
PFE,2023-01-03,bear_call,51.0,51.5,0.2691,0.26,1.035,0.07751937984496131,7.653521117427916,False,False,26.91,WIN
AMGN,2023-01-03,bull_put,262.5,260.0,1.2492,1.055,1.1840758293838864,0.11494252873563213,2.507452253421458,False,False,124.92000000000002,WIN
ORCL,2023-01-03,bull_put,84.0,83.0,0.4692,0.43,1.0911627906976744,0.07179487179487186,1.9873690869579168,False,False,46.92,WIN
WMT,2023-01-03,bear_call,143.0,144.0,0.5399,0.555,0.9727927927927927,0.026315789473684233,1.8311035816024441,False,False,-46.01,LOSS
IBM,2023-01-03,bear_call,141.0,142.0,0.5273,0.52,1.0140384615384614,0.042296072507552775,1.1566877021970106,False,False,-47.27,LOSS
ACN,2023-01-04,bull_put,270.0,267.5,1.2707,1.175,1.0814468085106381,0.12499999999999997,3.9579091342711235,False,False,24.034999999998973,PARTIAL
ADP,2023-01-04,bull_put,240.0,237.5,1.3118,1.2,1.0931666666666668,0.14285714285714282,6.2871408855597615,False,False,131.18,WIN
AMGN,2023-01-04,bull_put,265.0,262.5,1.2184,1.05,1.1603809523809523,0.20551378446115295,6.945124459443392,False,False,121.83999999999999,WIN
LOW,2023-01-04,bull_put,202.5,200.0,1.2971,1.18,1.0992372881355932,0.10018552875695733,17.31809933723438,False,False,-23.29000000000012,PARTIAL
VRTX,2023-01-04,bull_put,287.5,285.0,1.3575,1.275,1.0647058823529412,0.6218487394957984,27.19871741959187,False,True,135.75,WIN
MDT,2023-01-04,bear_call,81.0,82.0,0.4782,0.385,1.2420779220779221,0.17449664429530198,9.889720323625108,False,False,47.82,WIN
DE,2023-01-05,bull_put,415.0,412.5,1.1859,1.0,1.1859,0.23227752639517343,7.875941876209047,False,False,118.58999999999999,WIN
WMT,2023-01-05,bear_call,143.0,144.0,0.4674,0.5,0.9348,0.12903225806451613,1.001664819126818,False,False,-53.26,LOSS
TSLA,2023-01-05,bull_put,111.0,110.0,0.5071,0.555,0.9136936936936936,0.054687499999999875,0.6702921895465617,True,False,50.71,WIN
EOG,2023-01-05,bull_put,124.5,123.5,0.4641,0.425,1.092,0.25,0.5158601778196146,False,False,46.410000000000004,WIN
TJX,2023-01-05,bull_put,81.0,80.0,0.4657,0.44,1.0584090909090909,0.24657534246575336,0.20723633804687044,False,False,46.57,WIN
REGN,2023-01-05,bear_call,722.5,725.0,1.314,1.4,0.9385714285714287,0.24137931034482765,0.12380868508619611,False,False,-118.6,LOSS
COST,2023-01-09,bull_put,480.0,477.5,1.2665,1.2,1.0554166666666667,0.04580152671755722,0.08528112270015344,False,False,126.64999999999999,WIN
BA,2023-01-09,bull_put,210.0,207.5,1.2258,1.275,0.9614117647058824,0.03314917127071811,0.13922215790668183,False,False,122.58,WIN
XOM,2023-01-09,bull_put,109.0,108.0,0.4865,0.46,1.0576086956521737,0.05128205128205133,0.3828719488107276,False,False,48.65,WIN
RTX,2023-01-09,bull_put,100.0,99.0,0.4912,0.425,1.155764705882353,0.07352941176470579,4.515464232210968,False,False,-50.88,LOSS
GOOGL,2023-01-09,bull_put,89.0,88.0,0.5579,0.515,1.0833009708737862,0.01431980906921232,7.171209477772914,True,False,55.78999999999999,WIN
AMZN,2023-01-09,bull_put,88.0,87.0,0.5163,0.475,1.0869473684210527,0.008695652173913052,1.8856729737319573,True,False,51.629999999999995,WIN
GOOGL,2023-01-10,bull_put,89.0,88.0,0.5047,0.495,1.0195959595959596,0.01690140845070424,5.269767842672389,True,False,50.470000000000006,WIN
AMGN,2023-01-10,bull_put,275.0,272.5,1.2923,1.11,1.1642342342342342,0.06993006993006999,2.3243992842664616,False,False,-120.77,LOSS
BMY,2023-01-10,bull_put,72.0,71.0,0.4526,0.425,1.0649411764705883,0.09032258064516137,1.5690984258539578,False,False,45.26,WIN
CSX,2023-01-10,bull_put,32.5,32.0,0.225,0.2,1.125,0.22222222222222215,1.2049305371205141,False,False,7.250000000000085,PARTIAL
AMZN,2023-01-10,bull_put,91.0,90.0,0.5562,0.53,1.0494339622641509,0.03607214428857709,1.0958658679986606,True,False,55.620000000000005,WIN
GM,2023-01-10,bull_put,37.5,37.0,0.2715,0.27,1.0055555555555555,0.07142857142857136,0.5800506287797179,False,False,-22.85,LOSS
AXP,2023-01-11,bull_put,155.0,152.5,1.2477,1.12,1.1140178571428572,0.1250000000000001,1.1105529122572493,False,False,124.77000000000001,WIN
DE,2023-01-11,bull_put,435.0,432.5,1.325,1.175,1.127659574468085,0.07106598984771567,1.43992941016846,False,False,132.5,WIN
NSC,2023-01-11,bull_put,257.5,255.0,1.2894,1.275,1.011294117647059,0.23529411764705876,1.7157452167202534,False,False,-108.06000000000044,PARTIAL
LOW,2023-01-11,bull_put,210.0,207.5,1.3326,1.23,1.0834146341463415,0.06711409395973154,1.848370090324235,False,False,133.26,WIN
WM,2023-01-11,bull_put,157.5,155.0,1.1311,1.325,0.8536603773584905,0.631578947368421,28.87854565406687,False,True,-136.89,LOSS
GOOGL,2023-01-11,bull_put,92.0,91.0,0.5133,0.505,1.0164356435643565,0.10764872521246467,8.620166085906485,True,False,51.33,WIN
NSC,2023-01-12,bull_put,255.0,252.5,1.352,0.475,2.8463157894736844,0.9473684210526315,60.74852523773482,False,True,135.20000000000002,WIN
ADP,2023-01-12,bull_put,245.0,242.5,1.2247,0.5,2.4494,0.47887323943661975,13.104658205298296,False,True,122.46999999999998,WIN
GM,2023-01-12,bull_put,38.5,38.0,0.2343,0.25,0.9372,0.27906976744186046,3.6393016830279876,False,False,-26.57,LOSS
DE,2023-01-12,bull_put,437.5,435.0,1.2691,1.115,1.1382062780269058,0.24793388429752067,2.0130920263513277,False,False,126.91,WIN
TSLA,2023-01-12,bull_put,124.0,123.0,0.4796,0.455,1.0540659340659342,0.05741626794258379,1.01105653761457,True,False,-52.04,LOSS
QQQ,2023-01-12,bull_put,280.0,279.0,0.5711,0.53,1.0775471698113208,0.009756097560975618,0.12240296698383447,False,False,57.11000000000001,WIN
NSC,2023-01-17,bull_put,257.5,255.0,1.1295,-0.2,-5.647499999999999,0.8148148148148147,0.8031074138150731,False,True,-137.05,LOSS
BA,2023-01-17,bull_put,212.5,210.0,1.1954,1.18,1.0130508474576272,0.08264462809917356,0.7925601967387081,False,False,-130.46,LOSS
DE,2023-01-17,bull_put,440.0,437.5,1.2693,1.325,0.9579622641509435,0.11764705882352935,0.33220832611199463,False,False,-123.07,LOSS
BMY,2023-01-17,bull_put,72.5,72.0,0.248,0.235,1.0553191489361702,0.2719999999999999,2.032311816514163,False,False,24.8,WIN
GOOGL,2023-01-17,bull_put,92.0,91.0,0.5303,0.62,0.8553225806451613,0.05479452054794526,15.844903861733501,True,False,53.03,WIN
AMZN,2023-01-17,bull_put,97.0,96.0,0.5555,0.555,1.000900900900901,0.03456790123456793,3.2102466974909425,True,False,55.55,WIN
ORCL,2023-01-18,bull_put,87.0,86.0,0.4592,0.41,1.12,0.11920529801324514,7.2967828481961075,False,False,45.92,WIN
AMZN,2023-01-18,bull_put,96.0,95.0,0.5173,0.53,0.9760377358490565,0.10738255033557056,6.410814358974548,True,False,51.73,WIN
HD,2023-01-18,bull_put,325.0,322.5,1.2973,1.135,1.1429955947136563,0.14400000000000004,0.28687219802232305,False,False,-120.27000000000001,LOSS
QCOM,2023-01-18,bull_put,123.0,122.0,0.5435,0.515,1.0553398058252426,0.057441253263707505,0.2286493879091004,False,False,22.175000000000285,PARTIAL
HON,2023-01-18,bull_put,205.0,202.5,1.1569,1.05,1.1018095238095238,0.12658227848101264,0.18252166679190213,False,False,-134.31,LOSS
MA,2023-01-18,bull_put,370.0,367.5,1.2508,1.06,1.18,0.1381578947368421,0.13974972133737287,False,False,125.07999999999998,WIN
REGN,2023-01-19,bull_put,717.5,715.0,1.2568,1.2,1.0473333333333332,0.3366336633663366,-0.015609590412856962,False,False,125.67999999999999,WIN
ISRG,2023-01-19,bull_put,253.33,252.5,0.4572,0.375,1.2192,0.19780219780219788,0.011349082893900398,False,False,45.72,WIN
TSLA,2023-01-19,bull_put,128.0,127.0,0.5386,0.55,0.9792727272727272,0.06263048016701477,0.990729133335978,True,False,53.86,WIN
GM,2023-01-19,bull_put,36.0,35.5,0.2786,0.255,1.0925490196078431,0.1473684210526316,12.528825242408143,False,False,-22.14,LOSS
ABBV,2023-01-19,bull_put,149.0,148.0,0.4864,0.45,1.0808888888888888,0.4248704663212435,16.092333681050533,False,False,48.64,WIN
AMZN,2023-01-19,bull_put,94.0,93.0,0.4622,0.535,0.8639252336448597,0.11659192825112098,2.087871790541331,True,False,46.22,WIN
MO,2023-01-23,bull_put,45.0,44.5,0.2388,0.225,1.0613333333333335,0.1075268817204301,20.12449850556392,False,False,-26.119999999999997,LOSS
GOOGL,2023-01-23,bull_put,100.0,99.0,0.4686,0.45,1.0413333333333334,0.06622516556291397,7.098348279603907,True,False,-16.139999999999542,PARTIAL
AMZN,2023-01-23,bull_put,98.0,97.0,0.5045,0.52,0.9701923076923076,0.04999999999999993,3.041488689499846,True,False,50.449999999999996,WIN
EOG,2023-01-23,bull_put,134.5,133.5,0.5189,0.45,1.1531111111111112,0.10000000000000009,0.8263049010451892,False,False,51.89,WIN
JPM,2023-01-23,bull_put,138.0,137.0,0.5034,0.49,1.02734693877551,0.049079754601226905,0.7602330605961812,False,False,50.339999999999996,WIN
HD,2023-01-23,bull_put,317.5,315.0,1.3565,1.25,1.0852,0.05405405405405406,0.7269164919496275,False,False,27.32499999999989,PARTIAL
DE,2023-01-24,bull_put,417.5,415.0,1.2052,1.1,1.0956363636363635,0.10404624277456653,0.6521834580210126,False,False,120.52000000000001,WIN
IWM,2023-01-24,bull_put,187.5,187.0,0.2809,0.255,1.1015686274509804,0.02094240837696337,0.2645178459321233,False,False,28.09,WIN
NVDA,2023-01-24,bull_put,195.0,192.5,1.4646,1.35,1.0848888888888888,0.0373831775700935,1.3804001126677967,False,False,146.45999999999998,WIN
AMZN,2023-01-24,bull_put,97.0,96.0,0.5039,0.535,0.9418691588785046,0.0245700245700247,1.4481327980096332,True,False,50.39,WIN
VRTX,2023-01-24,bull_put,315.0,312.5,1.4702,1.175,1.2512340425531914,0.20289855072463758,1.9468170615092755,False,True,147.01999999999998,WIN
GOOGL,2023-01-24,bull_put,98.0,97.0,0.4962,0.47,1.0557446808510638,0.04081632653061228,12.308241199241923,True,False,49.62,WIN
SO,2023-01-25,bull_put,67.5,67.0,0.2925,0.275,1.0636363636363635,0.23999999999999985,21.627099173387446,False,False,29.25,WIN
VZ,2023-01-25,bull_put,40.5,40.0,0.2261,0.215,1.0516279069767442,0.04878048780487795,13.372573670658928,False,False,22.61,WIN
AMZN,2023-01-25,bull_put,98.0,97.0,0.5572,0.725,0.768551724137931,0.9333333333333333,4.4134730966110345,True,True,55.720000000000006,WIN
MRK,2023-01-25,bull_put,109.0,108.0,0.4849,0.42,1.1545238095238095,0.08791208791208788,4.374752949475491,False,False,-51.51,LOSS
HON,2023-01-25,bull_put,207.5,205.0,1.1901,1.05,1.1334285714285712,0.10810810810810807,2.5975097026112643,False,False,119.00999999999999,WIN
TJX,2023-01-25,bull_put,83.0,82.5,0.2743,0.28,0.979642857142857,0.22222222222222213,0.9284255758648885,False,False,-22.57,LOSS
EOG,2023-01-26,bull_put,136.5,135.5,0.4995,0.475,1.0515789473684212,0.2040816326530612,0.14702826519597628,False,False,-50.05,LOSS
HD,2023-01-26,bull_put,315.0,312.5,1.2359,1.185,1.0429535864978903,0.11394891944990179,1.911899783462532,False,False,123.59,WIN
XOM,2023-01-26,bull_put,118.0,117.0,0.4532,0.46,0.9852173913043477,0.11518324607329841,2.5454573338901803,False,False,-54.67999999999999,LOSS
DE,2023-01-26,bull_put,422.5,420.0,1.2221,1.015,1.2040394088669952,0.2259696458684654,2.873279561576779,False,False,-127.79,LOSS
NSC,2023-01-26,bull_put,242.5,240.0,1.2954,1.975,0.6558987341772152,0.8985507246376812,3.7930542704379864,False,True,-120.46,LOSS
MDT,2023-01-26,bull_put,82.0,81.0,0.5078,0.2,2.539,0.9090909090909091,173.79252554784304,False,True,50.78,WIN
CSX,2023-01-30,bull_put,30.0,29.5,0.2383,0.225,1.0591111111111111,0.10526315789473682,19.808664187742796,False,False,23.830000000000002,WIN
RTX,2023-01-30,bull_put,99.0,98.0,0.4814,0.435,1.1066666666666667,0.07692307692307698,2.5316080668322516,False,False,-51.85999999999999,LOSS
ABT,2023-01-30,bull_put,110.0,109.0,0.4607,0.425,1.084,0.044776119402985114,0.8472707636180178,False,False,46.07,WIN
BA,2023-01-30,bull_put,210.0,207.5,1.1354,1.065,1.0661032863849766,0.07092198581560284,0.66279631345556,False,False,-136.46,LOSS
ORCL,2023-01-30,bull_put,88.0,87.0,0.5171,0.5,1.0342,0.04778156996587035,0.4510639018827766,False,False,51.71,WIN
PYPL,2023-01-30,bull_put,80.0,79.0,0.4896,0.485,1.0094845360824742,0.025974025974026,0.3239999361813004,False,False,48.96,WIN
ORCL,2023-01-31,bull_put,89.0,88.0,0.5008,0.47,1.065531914893617,0.07407407407407415,1.6761885441143123,False,False,50.080000000000005,WIN
SO,2023-01-31,bull_put,68.0,67.5,0.2984,0.25,1.1936,0.25000000000000006,5.213832808355158,False,False,-20.16,LOSS
DE,2023-01-31,bull_put,425.0,422.5,1.389,1.25,1.1112,0.08849557522123894,1.4018566111149058,False,False,-111.1,LOSS
MS,2023-01-31,bull_put,98.0,97.0,0.5529,0.535,1.0334579439252334,0.13245033112582794,9.715614191490815,False,False,55.28999999999999,WIN
CME,2023-01-31,bull_put,177.5,175.0,1.178,1.15,1.0243478260869565,0.1149425287356322,14.40242562471353,False,False,11.400000000000565,PARTIAL
MDT,2023-01-31,bull_put,84.0,83.0,0.4947,0.475,1.0414736842105263,0.09708737864077678,7.286477335982021,False,False,49.47,WIN
IWM,2023-02-01,bull_put,195.0,194.0,0.5298,0.485,1.0923711340206186,0.029999999999999916,0.8315285459998822,False,False,52.980000000000004,WIN
DE,2023-02-01,bull_put,427.5,425.0,1.1546,1.085,1.064147465437788,0.1599999999999999,0.7820218885798401,False,False,-134.54,LOSS
JPM,2023-02-01,bull_put,140.0,139.0,0.4982,0.45,1.107111111111111,0.12830188679245277,0.6025548083876938,False,False,49.82,WIN
HD,2023-02-01,bull_put,330.0,327.5,1.3751,1.205,1.141161825726141,0.05847953216374269,0.3808982297229347,False,False,137.51,WIN
TSLA,2023-02-01,bull_put,182.5,180.0,1.2883,1.275,1.0104313725490197,0.050761421319796954,0.20460425450217612,True,False,128.83,WIN
GM,2023-02-01,bull_put,39.5,39.0,0.2369,0.24,0.9870833333333333,0.06250000000000006,0.067083781522502,False,False,23.69,WIN
HD,2023-02-02,bull_put,340.0,337.5,1.1449,1.1,1.0408181818181819,0.10344827586206891,4.954392461226215,False,False,-135.51,LOSS
VRTX,2023-02-02,bull_put,305.0,302.5,1.412,1.425,0.990877192982456,0.9844559585492227,7.427465164182524,False,True,-108.80000000000001,LOSS
ADI,2023-02-02,bull_put,180.0,177.5,1.1932,1.05,1.1363809523809523,0.12658227848101264,8.225103102351177,False,False,0.6599999999996609,PARTIAL
ACN,2023-02-02,bull_put,295.0,292.5,1.3388,1.125,1.1900444444444445,0.29508196721311475,10.178685194722515,False,False,-116.12,LOSS
AMGN,2023-02-02,bull_put,247.5,245.0,1.2624,1.355,0.931660516605166,0.47537473233404715,19.88123074227476,False,False,-106.76000000000126,PARTIAL
ISRG,2023-02-02,bull_put,262.5,260.0,1.5847,1.25,1.26776,0.32835820895522394,24.360215877410784,False,True,-91.53,LOSS
GOOGL,2023-02-06,bull_put,104.0,103.0,0.5869,0.57,1.0296491228070177,0.025974025974026,6.6213076422943695,True,False,-41.31,LOSS
NSC,2023-02-06,bull_put,247.5,245.0,1.2484,1.15,1.0855652173913044,0.18750000000000003,4.802359891625571,False,False,-125.16000000000001,LOSS
AMZN,2023-02-06,bull_put,103.0,102.0,0.5502,0.535,1.028411214953271,0.029473684210526437,3.1533564822535247,True,False,-44.98,LOSS
ABT,2023-02-06,bull_put,111.0,110.0,0.4677,0.395,1.1840506329113925,0.06572769953051649,2.9464860250672533,False,False,-53.23,LOSS
GE,2023-02-06,bull_put,83.0,82.0,0.5236,0.48,1.0908333333333333,0.0588235294117646,2.7015382122369984,False,False,-47.64,LOSS
PG,2023-02-06,bull_put,142.0,141.0,0.5005,0.49,1.0214285714285714,0.09318996415770602,1.8634794471480536,False,False,-49.95,LOSS
IWM,2023-02-07,bull_put,196.0,195.0,0.5264,0.5,1.0528,0.009523809523809533,1.2174134209903442,False,False,-47.36,LOSS
MMM,2023-02-07,bull_put,117.0,116.0,0.4628,0.375,1.2341333333333333,0.11453744493392061,2.5273280692478863,False,False,-53.72,LOSS
TSLA,2023-02-07,bull_put,200.0,197.5,1.4775,1.525,0.9688524590163935,0.020338983050847505,0.7006084630914413,True,False,-102.25,LOSS
AMZN,2023-02-07,bull_put,103.0,102.0,0.5564,0.55,1.0116363636363637,0.07619047619047625,4.562924691921917,True,False,-44.36,LOSS
GOOGL,2023-02-07,bull_put,108.0,107.0,0.5053,0.515,0.9811650485436892,0.050991501416430635,7.787066569993228,True,False,-49.47,LOSS
SO,2023-02-07,bull_put,68.0,67.5,0.2543,0.225,1.1302222222222222,0.3076923076923076,3.920281098245191,False,False,-24.57,LOSS
ITW,2023-02-08,bull_put,237.5,235.0,1.2331,1.1,1.121,0.2173913043478261,9.808331632802261,False,False,-74.68999999999897,PARTIAL
NSC,2023-02-08,bull_put,247.5,245.0,1.2103,1.075,1.1258604651162791,0.30927835051546393,4.207463566874444,False,False,-128.97,LOSS
AMZN,2023-02-08,bull_put,101.0,100.0,0.5594,0.57,0.9814035087719299,0.0467532467532468,3.6835463827822257,True,False,-44.06,LOSS
GOOGL,2023-02-08,bull_put,100.0,99.0,0.5228,0.51,1.0250980392156863,0.02754820936639121,2.0478945768977885,True,False,-47.72,LOSS
QCOM,2023-02-08,bull_put,133.0,132.0,0.5456,0.54,1.0103703703703704,0.05102040816326524,0.6639997795251804,False,False,-45.440000000000005,LOSS
TSLA,2023-02-08,bull_put,202.5,200.0,1.2777,1.275,1.0021176470588236,0.03921568627450984,0.20115580229363092,True,False,-122.22999999999999,LOSS
REGN,2023-02-09,bull_put,747.5,745.0,1.3956,2.05,0.6807804878048781,0.3125,0.1508869947486273,False,False,139.56,WIN
UNH,2023-02-09,bull_put,487.5,485.0,1.3533,0.925,1.463027027027027,0.3602484472049689,1.2284479726538553,False,True,135.32999999999998,WIN
NVDA,2023-02-09,bull_put,225.0,222.5,1.288,1.32,0.9757575757575757,0.07999999999999995,-0.04007666714571277,False,False,-121.2,LOSS
DIS,2023-02-09,bull_put,111.0,110.0,0.5495,0.53,1.0367924528301886,0.10526315789473677,2.3440640207761847,False,False,-45.050000000000004,LOSS
NSC,2023-02-09,bull_put,240.0,237.5,1.2634,0.35,3.6097142857142863,1.3432835820895523,18.135942716657052,False,True,126.34,WIN
QCOM,2023-02-09,bull_put,131.0,130.0,0.5255,0.47,1.1180851063829786,0.11494252873563213,1.5779441362862894,False,False,-47.449999999999996,LOSS
AMZN,2023-02-13,bull_put,100.0,99.0,0.4859,0.5,0.9718,0.04373757455268385,0.9564942027725732,True,False,-51.41,LOSS
AXP,2023-02-13,bull_put,182.5,180.0,1.2893,1.18,1.0926271186440677,0.0689655172413793,1.1070830504989246,False,False,-121.07000000000001,LOSS
ITW,2023-02-13,bull_put,240.0,237.5,1.2179,1.05,1.1599047619047618,0.25641025641025644,0.7274681048352512,False,False,121.78999999999999,WIN
GOOGL,2023-02-13,bull_put,95.0,94.0,0.4948,0.495,0.9995959595959596,0.05741626794258379,4.758027590175624,True,False,-15.520000000000566,PARTIAL
MO,2023-02-13,bull_put,48.0,47.5,0.2317,0.205,1.1302439024390245,0.19354838709677427,11.524779726510323,False,False,23.169999999999998,WIN
VZ,2023-02-13,bull_put,40.5,40.0,0.2292,0.225,1.0186666666666666,0.1200000000000001,1.950113433838441,False,False,-5.080000000000115,PARTIAL
GOOGL,2023-02-14,bull_put,95.0,94.0,0.473,0.545,0.8678899082568806,0.17218543046357618,8.375459113117689,True,False,-17.70000000000057,PARTIAL
BDX,2023-02-14,bull_put,245.0,242.5,1.4163,2.05,0.6908780487804879,0.6482758620689654,4.3697003349004815,False,True,46.81500000000051,PARTIAL
BA,2023-02-14,bull_put,220.0,217.5,1.3213,1.295,1.0203088803088802,0.05633802816901401,3.5573742419091543,False,False,-117.87,LOSS
AMZN,2023-02-14,bull_put,100.0,99.0,0.478,0.46,1.0391304347826087,0.042813455657492255,2.076437702519925,True,False,-52.2,LOSS
XOM,2023-02-14,bull_put,117.0,116.0,0.5131,0.49,1.0471428571428572,0.07357859531772581,0.7210457784717326,False,False,-48.69,LOSS
MS,2023-02-14,bull_put,101.0,100.0,0.4787,0.5,0.9574,0.10714285714285703,0.6246742432444747,False,False,-52.129999999999995,LOSS
TSLA,2023-02-15,bull_put,215.0,212.5,1.2329,1.25,0.9863200000000001,0.02898550724637688,0.10669029059012339,True,False,-126.71,LOSS
UNH,2023-02-15,bull_put,492.5,490.0,1.2731,1.235,1.0308502024291497,0.16352201257861634,0.18181992025382293,False,False,127.30999999999999,WIN
NFLX,2023-02-15,bull_put,362.5,360.0,1.255,1.275,0.984313725490196,0.1075268817204301,0.12414773372976104,True,False,-124.50000000000001,LOSS
NVDA,2023-02-15,bull_put,230.0,227.5,1.4669,1.35,1.0865925925925926,0.06249999999999995,1.3432128011451259,False,False,-103.30999999999999,LOSS
NSC,2023-02-15,bull_put,240.0,237.5,1.3635,1.4,0.9739285714285715,0.35897435897435886,1.462773521563026,False,False,-113.65,LOSS
WMT,2023-02-15,bull_put,147.0,146.0,0.4745,0.445,1.0662921348314607,0.10204081632653059,0.26024215518955374,False,False,-8.55000000000023,PARTIAL
GOOGL,2023-02-16,bull_put,96.0,95.0,0.5052,0.465,1.0864516129032258,0.11538461538461549,17.42939332225516,True,False,-49.480000000000004,LOSS
TSLA,2023-02-16,bull_put,202.5,200.0,1.1551,1.13,1.022212389380531,0.05128205128205133,2.988649247997034,True,False,115.51,WIN
XOM,2023-02-16,bull_put,116.0,115.0,0.4561,0.4,1.14025,0.07692307692307698,1.3909048752251896,False,False,-54.39000000000001,LOSS
IWM,2023-02-16,bull_put,193.0,192.5,0.2576,0.25,1.0304,0.028169014084507067,-0.005585511938393084,False,False,25.759999999999998,WIN
DE,2023-02-16,bull_put,405.0,402.5,1.2014,1.475,0.8145084745762712,0.10989010989010989,-0.026398972701282424,False,False,120.14,WIN
QQQ,2023-02-16,bull_put,304.0,303.0,0.5297,0.48,1.1035416666666666,0.008230452674897127,-0.06287334395750863,False,False,-47.03,LOSS
MS,2023-02-21,bull_put,98.0,97.0,0.4693,0.43,1.0913953488372092,0.04651162790697678,0.36819226747810374,False,False,8.465000000000142,PARTIAL
MA,2023-02-21,bull_put,357.5,355.0,1.2927,1.175,1.1001702127659574,0.06060606060606061,1.6018243776620005,False,False,-120.73,LOSS
AMZN,2023-02-21,bull_put,95.0,94.0,0.4825,0.465,1.0376344086021505,0.061349693251533666,1.8650970600565158,True,False,-51.74999999999999,LOSS
NSC,2023-02-21,bull_put,225.0,222.5,1.1518,1.25,0.9214399999999999,0.34666666666666673,1.8870055325031656,False,False,46.09000000000051,PARTIAL
GOOGL,2023-02-21,bull_put,92.0,91.0,0.4651,0.45,1.0335555555555556,0.05714285714285704,8.241803197338255,True,False,-53.49,LOSS
USB,2023-02-21,bull_put,48.0,47.5,0.2963,0.225,1.316888888888889,0.26086956521739135,15.09857855219144,False,True,-6.369999999999942,PARTIAL
GOOGL,2023-02-22,bull_put,92.0,91.0,0.4704,0.405,1.1614814814814813,0.11555555555555547,23.721427650081008,True,False,-52.959999999999994,LOSS
DE,2023-02-22,bull_put,427.5,425.0,1.2858,1.045,1.2304306220095695,0.09756097560975609,3.492467195112612,False,False,-121.41999999999999,LOSS
AMZN,2023-02-22,bull_put,96.0,95.0,0.4504,0.41,1.0985365853658537,0.1120000000000001,2.317266894207141,True,False,-54.96,LOSS
CSCO,2023-02-22,bull_put,49.5,49.0,0.2379,0.215,1.1065116279069767,0.08888888888888885,1.7142730349944593,False,False,-26.21,LOSS
PM,2023-02-22,bull_put,100.0,99.0,0.4783,0.4,1.1957499999999999,0.27027027027027023,1.6837823669081287,False,False,-52.17,LOSS
NSC,2023-02-22,bull_put,222.5,220.0,1.1373,0.75,1.5164,0.7692307692307692,1.2306580539518157,False,True,113.73,WIN
REGN,2023-02-23,bull_put,760.0,757.5,1.1532,1.15,1.0027826086956522,0.6835443037974682,-0.0637013887049233,False,True,-134.68,LOSS
QQQ,2023-02-23,bull_put,297.0,296.0,0.4904,0.475,1.032421052631579,0.015189873417721532,-0.042478081975781144,False,False,-50.96000000000001,LOSS
TJX,2023-02-23,bull_put,78.0,77.5,0.2627,0.25,1.0508,0.33599999999999997,0.15765131958194423,False,False,-23.73,LOSS
NVDA,2023-02-23,bull_put,237.5,235.0,1.2382,1.135,1.0909251101321586,0.05633802816901401,1.5276931154479765,False,False,-126.18,LOSS
TSLA,2023-02-23,bull_put,202.5,200.0,1.1469,1.125,1.0194666666666667,0.029411764705882377,6.316296755097624,True,False,-135.31,LOSS
SO,2023-02-23,bull_put,65.0,64.0,0.4509,0.475,0.9492631578947369,0.8148148148148147,36.742713845652105,False,True,0.5450000000001148,PARTIAL
VZ,2023-02-27,bull_put,39.0,38.5,0.2286,0.2,1.143,0.09999999999999995,14.189119803739427,False,False,-27.139999999999997,LOSS
CSCO,2023-02-27,bull_put,49.0,48.5,0.2649,0.245,1.0812244897959185,0.09836065573770501,10.599432798770584,False,False,26.490000000000002,WIN
XOM,2023-02-27,bull_put,111.0,110.0,0.4803,0.465,1.0329032258064517,0.040268456375838965,3.440704008660398,False,False,48.03,WIN
AMZN,2023-02-27,bull_put,94.0,93.0,0.4576,0.44,1.04,0.03773584905660381,2.9616941460761335,True,False,45.76,WIN
MA,2023-02-27,bull_put,357.5,355.0,1.2617,1.22,1.0341803278688526,0.06060606060606061,0.8572265890629177,False,False,126.17,WIN
NVDA,2023-02-27,bull_put,237.5,235.0,1.3452,1.35,0.9964444444444444,0.03174603174603177,0.5471782550630344,False,False,134.51999999999998,WIN
TSLA,2023-02-28,bull_put,207.5,205.0,1.3218,1.375,0.961309090909091,0.02564102564102566,0.20203996587672038,True,False,-117.82,LOSS
MMM,2023-02-28,bull_put,108.0,107.0,0.4515,0.425,1.0623529411764707,0.15246636771300442,0.40415347962546355,False,False,45.15,WIN
PM,2023-02-28,bull_put,97.5,97.0,0.2597,0.225,1.154222222222222,0.18181818181818185,1.4725040977653632,False,False,25.97,WIN
IWM,2023-02-28,bull_put,189.0,188.0,0.5509,0.49,1.124285714285714,0.01496259351620949,1.9249854331553495,False,False,55.089999999999996,WIN
AMZN,2023-02-28,bull_put,95.0,94.0,0.5416,0.51,1.0619607843137253,0.11620795107033635,10.213807440999775,True,False,22.080000000000283,PARTIAL
MDT,2023-02-28,bull_put,83.0,82.5,0.3272,0.255,1.2831372549019606,0.20118343195266278,11.782070100434568,False,True,32.72,WIN
ADP,2023-03-01,bull_put,220.0,217.5,1.168,1.0,1.168,0.21621621621621617,22.94885481649884,False,False,116.8,WIN
MDT,2023-03-01,bull_put,82.5,82.0,0.3054,0.235,1.2995744680851065,0.31578947368421056,13.15087797226553,False,True,30.54,WIN
DE,2023-03-01,bull_put,420.0,417.5,1.1616,1.065,1.0907042253521126,0.12307692307692318,1.4945931840511217,False,False,116.16,WIN
PG,2023-03-01,bull_put,138.0,137.0,0.4613,0.435,1.0604597701149425,0.10638297872340424,1.3326558782406035,False,False,46.129999999999995,WIN
CAT,2023-03-01,bull_put,250.0,247.5,1.2329,1.185,1.04042194092827,0.07352941176470579,1.0809729238125798,False,False,123.29,WIN
IWM,2023-03-01,bull_put,189.0,188.0,0.5209,0.495,1.0523232323232323,0.024096385542168697,0.6741794913437965,False,False,52.09,WIN
DE,2023-03-02,bull_put,422.5,420.0,1.1941,1.2,0.9950833333333333,0.22222222222222218,-0.028491726359550443,False,False,119.41,WIN
SPY,2023-03-02,bull_put,398.0,397.5,0.2461,0.235,1.0472340425531916,0.011764705882352951,-0.02720377813945455,False,False,24.610000000000003,WIN
NOW,2023-03-02,bull_put,437.5,435.0,1.2948,1.3,0.9959999999999999,0.21176470588235302,-0.09629696056370884,False,False,129.48,WIN
TSLA,2023-03-02,bull_put,192.5,190.0,1.3112,1.325,0.9895849056603774,0.0402684563758389,2.006933111884346,True,False,131.12,WIN
GE,2023-03-02,bull_put,86.0,85.0,0.4562,0.51,0.8945098039215686,0.13513513513513525,27.840427302439945,False,False,45.62,WIN
CRM,2023-03-02,bull_put,187.5,185.0,1.1841,1.175,1.0077446808510637,0.04291845493562235,0.10456557224814621,False,False,5.705000000000338,PARTIAL
PG,2023-03-06,bull_put,141.0,140.0,0.5546,0.485,1.1435051546391752,0.07692307692307698,11.771725597230976,False,False,-44.54,LOSS
UPS,2023-03-06,bull_put,187.5,185.0,1.2141,1.13,1.074424778761062,0.07343412526997838,7.2756978095453375,False,False,-128.59,LOSS
XOM,2023-03-06,bull_put,114.0,113.0,0.4607,0.445,1.0352808988764044,0.08429118773946366,4.008207374972499,False,False,-53.93,LOSS
AMZN,2023-03-06,bull_put,94.0,93.0,0.4563,0.455,1.002857142857143,0.036809815950920144,2.451588189933392,True,False,-54.37,LOSS
AAPL,2023-03-06,bull_put,155.0,152.5,1.2017,1.15,1.0449565217391306,0.016528925619834725,0.8819420326609897,False,False,-129.83,LOSS
DE,2023-03-06,bull_put,427.5,425.0,1.2717,1.15,1.105826086956522,0.10309278350515465,0.6652006535642256,False,False,-122.83,LOSS
AAPL,2023-03-07,bull_put,152.5,150.0,1.1672,1.095,1.0659360730593608,0.028571428571428602,0.5118430503738025,False,False,-133.28,LOSS
GE,2023-03-07,bull_put,87.0,86.0,0.5268,0.48,1.0975000000000001,0.06451612903225812,0.7315252232499752,False,False,52.68000000000001,WIN
TSLA,2023-03-07,bull_put,190.0,187.5,1.3735,1.375,0.9989090909090909,0.01769911504424788,0.9736633206570505,True,False,-112.65,LOSS
XOM,2023-03-07,bull_put,112.0,111.0,0.4931,0.44,1.1206818181818181,0.045801526717557293,1.1796224908495392,False,False,-50.690000000000005,LOSS
CSCO,2023-03-07,bull_put,49.0,48.5,0.2305,0.195,1.182051282051282,0.09302325581395357,1.8684943708671995,False,False,-20.949999999999772,PARTIAL
AMZN,2023-03-07,bull_put,94.0,93.0,0.4947,0.48,1.030625,0.038961038961038995,5.283598750913378,True,False,-50.529999999999994,LOSS
EMR,2023-03-08,bull_put,86.0,85.0,0.4962,0.425,1.167529411764706,0.22222222222222215,22.527111937024458,False,False,-50.38,LOSS
CAT,2023-03-08,bull_put,250.0,247.5,1.2954,1.2,1.0795000000000001,0.09386281588447645,8.722806356403293,False,False,-120.46,LOSS
TXN,2023-03-08,bull_put,177.5,175.0,1.3707,1.23,1.1143902439024391,0.03854389721627403,7.7688337955369935,False,False,-112.92999999999999,LOSS
DE,2023-03-08,bull_put,425.0,422.5,1.184,1.15,1.0295652173913044,0.1142857142857144,1.3833345858759234,False,False,-131.6,LOSS
NVDA,2023-03-08,bull_put,242.5,240.0,1.3047,1.2,1.08725,0.0235294117647058,0.597821003836447,False,False,-119.53,LOSS
PG,2023-03-08,bull_put,138.0,137.0,0.4689,0.465,1.0083870967741935,0.09803921568627459,0.3007181803071509,False,False,-34.11000000000023,PARTIAL
IWM,2023-03-09,bull_put,182.0,181.0,0.5231,0.515,1.0157281553398059,0.016713091922005586,0.36487261800666937,False,False,-47.69,LOSS
GS,2023-03-09,bull_put,342.5,340.0,1.153,1.105,1.0434389140271494,0.20689655172413793,0.6387659519284771,False,False,-134.7,LOSS
PG,2023-03-09,bull_put,137.0,136.0,0.4645,0.435,1.067816091954023,0.19148936170212771,0.016865765232008223,False,False,46.45,WIN
GE,2023-03-09,bull_put,92.0,91.0,0.5028,0.495,1.0157575757575759,0.23214285714285712,22.343092641411594,False,False,-49.72,LOSS
MRK,2023-03-09,bull_put,108.0,107.0,0.5021,0.415,1.2098795180722892,0.2439024390243903,27.168675126901082,False,False,9.604999999999887,PARTIAL
LOW,2023-03-09,bull_put,200.0,197.5,1.1877,1.05,1.131142857142857,0.1524249422632795,20.861597051745974,False,False,-131.23,LOSS
JNJ,2023-03-13,bear_call,152.5,155.0,1.1289,1.18,0.9566949152542373,0.10632911392405062,46.05756761908649,False,False,112.89,WIN
AMGN,2023-03-13,bear_call,232.5,235.0,1.336,1.485,0.8996632996632996,0.2550335570469799,5.403167211603932,False,False,133.6,WIN
BDX,2023-03-13,bear_call,230.0,232.5,1.3979,1.9,0.7357368421052631,0.4968152866242038,4.904947575952944,False,False,-110.21000000000001,LOSS
GOOGL,2023-03-13,bull_put,92.0,91.0,0.5259,0.46,1.1432608695652173,0.09438202247191009,3.8313084651907334,True,False,52.59,WIN
MO,2023-03-13,bull_put,47.0,46.5,0.2624,0.225,1.1662222222222223,0.16296296296296292,3.5012751089385072,False,False,-23.76,LOSS
VRTX,2023-03-13,bear_call,292.5,295.0,1.29,0.7,1.842857142857143,1.4838709677419357,1.8137806710218796,False,True,-121.0,LOSS
SCHW,2023-03-14,bull_put,57.5,56.0,0.738,0.745,0.9906040268456375,0.09302325581395343,1.468543312937552,False,False,-35.200000000000344,PARTIAL
TXN,2023-03-14,bear_call,175.0,177.5,1.1602,1.345,0.8626022304832713,0.13645224171539963,3.8866672780627534,False,False,22.509999999999597,PARTIAL
SBUX,2023-03-14,bear_call,99.0,100.0,0.5154,0.545,0.9456880733944952,0.11764705882352937,0.994660574791605,False,False,51.54,WIN
MO,2023-03-14,bull_put,47.0,46.5,0.2698,0.215,1.2548837209302326,0.2352941176470587,17.010367601405818,False,True,-23.02,LOSS
WM,2023-03-14,bull_put,155.0,152.5,1.1706,0.95,1.2322105263157896,0.24242424242424251,34.37319012505285,False,False,-67.93999999999943,PARTIAL
AMGN,2023-03-14,bear_call,230.0,232.5,1.164,0.725,1.6055172413793102,0.43055555555555564,4.54116041246253,False,True,116.39999999999999,WIN
MRK,2023-03-15,bull_put,108.0,107.0,0.4928,0.505,0.9758415841584158,0.2834008097165991,2.5418044747657182,False,False,-50.72,LOSS
IBM,2023-03-15,bear_call,123.0,124.0,0.5034,0.505,0.9968316831683167,0.21176470588235297,3.962195298404667,False,False,-18.659999999999776,PARTIAL
BMY,2023-03-15,bull_put,67.5,67.0,0.2261,0.16,1.413125,0.39285714285714285,1.902110619348617,False,True,-27.389999999999997,LOSS
LOW,2023-03-15,bull_put,200.0,197.5,1.3376,1.035,1.2923671497584541,0.16306156405990024,5.255395899019445,False,True,-116.24000000000001,LOSS
PEP,2023-03-15,bull_put,177.5,175.0,1.2076,1.12,1.0782142857142856,0.27493261455525597,47.96293531647874,False,False,-116.24000000000045,PARTIAL
PM,2023-03-15,bear_call,96.0,97.0,0.4564,0.5,0.9128,0.20000000000000007,4.2978121530814555,False,False,45.64,WIN
BMY,2023-03-16,bear_call,67.0,67.5,0.2498,0.305,0.819016393442623,0.29702970297029696,65.9478929412781,False,False,24.98,WIN
MRK,2023-03-16,bear_call,107.0,108.0,0.4898,0.495,0.9894949494949495,0.16091954022988494,18.135269375378535,False,False,48.980000000000004,WIN
MA,2023-03-16,bear_call,347.5,350.0,1.1829,1.15,1.028608695652174,0.18565400843881855,14.125589070989664,False,False,-97.7100000000025,PARTIAL
TSLA,2023-03-16,bull_put,185.0,183.33,0.858,0.845,1.0153846153846153,0.033271719038816955,4.71509266855862,True,False,-81.2,LOSS
TMO,2023-03-16,bear_call,555.0,557.5,1.375,1.825,0.7534246575342466,0.29166666666666674,2.1068710902677696,False,False,137.5,WIN
QQQ,2023-03-16,bear_call,306.0,307.0,0.5336,0.555,0.9614414414414413,0.01405152224824347,0.2875036442025872,False,False,53.36,WIN
ADP,2023-03-20,bear_call,215.0,217.5,1.3084,1.275,1.0261960784313726,0.0571428571428572,3.7529269449820464,False,False,130.84,WIN
XOM,2023-03-20,bull_put,103.0,102.0,0.5318,0.475,1.1195789473684212,0.05486284289276813,3.5410332212497724,False,False,53.18000000000001,WIN
BDX,2023-03-20,bear_call,237.5,240.0,1.2849,1.325,0.9697358490566037,0.18750000000000003,3.9156975231185074,False,False,-121.51,LOSS
USB,2023-03-20,bull_put,35.0,34.0,0.4769,0.475,1.004,0.11764705882352952,5.99467862509561,False,False,18.844999999999928,PARTIAL
MCD,2023-03-20,bear_call,270.0,272.5,1.3231,1.33,0.9948120300751879,0.06349206349206354,12.057573443399138,False,False,-0.6899999999984141,PARTIAL
GILD,2023-03-20,bear_call,79.0,80.0,0.5322,0.535,0.9947663551401869,0.09836065573770501,17.24204718248059,False,False,-46.78,LOSS
USB,2023-03-21,bull_put,38.0,37.0,0.4678,0.5,0.9356,0.09090909090909079,7.495794186683993,False,False,-53.22,LOSS
UPS,2023-03-21,bull_put,187.5,185.0,1.1314,1.04,1.0878846153846153,0.05088062622309193,4.150210129967853,False,False,-29.860000000000685,PARTIAL
CSX,2023-03-21,bull_put,29.5,29.0,0.2347,0.2,1.1735,0.22222222222222215,2.3249800049368403,False,False,-26.529999999999998,LOSS
AMZN,2023-03-21,bull_put,101.0,100.0,0.4776,0.48,0.9950000000000001,0.16533333333333325,1.4851363681400698,True,False,-52.239999999999995,LOSS
SCHW,2023-03-21,bull_put,60.0,59.0,0.4943,0.48,1.0297916666666667,0.03658536585365843,1.2044142373050233,False,False,-50.57000000000001,LOSS
TSLA,2023-03-21,bull_put,200.0,197.5,1.359,1.325,1.0256603773584907,0.01694915254237297,0.7620461117446511,True,False,-114.1,LOSS
QQQ,2023-03-22,bull_put,307.0,306.0,0.5294,0.49,1.0804081632653062,0.01139601139601128,-0.0014764727794654253,False,False,52.94,WIN
SPY,2023-03-22,bull_put,393.0,392.5,0.2552,0.24,1.0633333333333332,0.005633802816901414,0.0008472747009552203,False,False,25.52,WIN
NFLX,2023-03-22,bull_put,295.0,292.5,1.2076,1.2,1.0063333333333333,0.06060606060606058,0.0020121074134960993,True,False,120.76,WIN
AMZN,2023-03-22,bull_put,99.0,98.0,0.452,0.46,0.9826086956521739,0.04778156996587035,1.2440319626880318,True,False,-41.80000000000045,PARTIAL
GOOGL,2023-03-22,bull_put,104.0,103.0,0.5101,0.47,1.0853191489361702,0.037974683544303826,6.908638915546451,True,False,51.01,WIN
TSLA,2023-03-22,bull_put,192.5,190.0,1.2779,1.2,1.0649166666666667,0.033898305084745846,0.28430889000446136,True,False,-81.21000000000033,PARTIAL
NSC,2023-03-23,bull_put,200.0,197.5,1.1409,1.125,1.0141333333333333,0.7027027027027027,44.87867563773235,False,True,114.09,WIN
GOOGL,2023-03-23,bull_put,106.0,105.0,0.4853,0.445,1.090561797752809,0.15668202764976952,31.45119132660162,True,False,-7.470000000000226,PARTIAL
SBUX,2023-03-23,bear_call,98.0,99.0,0.5147,0.52,0.9898076923076924,0.06451612903225801,17.01237538228967,False,False,8.734999999999832,PARTIAL
IBM,2023-03-23,bear_call,123.0,124.0,0.5007,0.495,1.0115151515151517,0.2127659574468086,2.801775864791606,False,False,-49.93,LOSS
DHR,2023-03-23,bull_put,247.5,245.0,1.1834,2.175,0.5440919540229886,0.9090909090909092,0.812767965669803,False,True,118.34,WIN
GE,2023-03-23,bull_put,92.0,91.0,0.4548,0.48,0.9475,0.20618556701030935,0.7169047750844183,False,False,-17.51999999999955,PARTIAL
NVDA,2023-03-27,bull_put,267.5,265.0,1.3187,1.275,1.0342745098039217,0.0655737704918032,0.5752734685763718,False,False,131.87,WIN
PYPL,2023-03-27,bull_put,74.0,73.0,0.5298,0.49,1.0812244897959185,0.042813455657492255,0.4274952605116512,False,False,52.980000000000004,WIN
TSLA,2023-03-27,bull_put,195.0,192.5,1.4176,1.375,1.0309818181818182,0.03030303030303033,0.9597929161739848,True,False,141.76,WIN
GE,2023-03-27,bull_put,94.0,93.0,0.5413,0.485,1.116082474226804,0.0970873786407768,3.3853476289832063,False,False,54.13,WIN
AMZN,2023-03-27,bull_put,99.0,98.0,0.5409,0.585,0.9246153846153847,0.3115577889447236,5.618864852069082,True,False,54.09,WIN
GOOGL,2023-03-27,bull_put,103.0,102.0,0.504,0.49,1.0285714285714287,0.06629834254143652,7.929655298606351,True,False,50.4,WIN
AMZN,2023-03-28,bull_put,98.0,97.0,0.5244,0.51,1.028235294117647,0.01834862385321089,8.059812942723209,True,False,52.44,WIN
GM,2023-03-28,bull_put,34.5,34.0,0.2556,0.24,1.065,0.030303030303030328,0.953980183229085,False,False,25.56,WIN
MA,2023-03-28,bull_put,355.0,352.5,1.1891,1.02,1.1657843137254902,0.10526315789473686,0.9408181683339618,False,False,118.91000000000001,WIN
PNC,2023-03-28,bull_put,127.0,126.0,0.4729,0.4,1.1822499999999998,0.0571428571428572,0.7754858747851784,False,False,47.29,WIN
MMM,2023-03-28,bull_put,102.0,101.0,0.4508,0.425,1.0607058823529412,0.08144796380090485,0.32796844199111636,False,False,45.08,WIN
TSLA,2023-03-28,bull_put,190.0,187.5,1.1656,1.2,0.9713333333333334,0.02298850574712656,0.31838758880794393,True,False,116.56,WIN
NFLX,2023-03-29,bull_put,332.5,330.0,1.1767,1.1,1.0697272727272726,0.08791208791208799,-0.012923915283726729,True,False,117.67,WIN
NOW,2023-03-29,bull_put,440.0,437.5,1.2529,1.2,1.0440833333333333,0.07692307692307698,-0.012346635840747211,False,False,125.28999999999999,WIN
TSLA,2023-03-29,bull_put,195.0,192.5,1.2284,1.18,1.0410169491525423,0.027397260273972626,0.011428793938993615,True,False,122.83999999999999,WIN
SPY,2023-03-29,bull_put,402.0,401.0,0.482,0.435,1.1080459770114943,0.008658008658008667,0.013537327745311755,False,False,48.199999999999996,WIN
IWM,2023-03-29,bull_put,176.0,175.0,0.5015,0.455,1.102197802197802,0.02006688963210704,0.830720299126171,False,False,50.14999999999999,WIN
GOOGL,2023-03-29,bull_put,102.0,101.0,0.5195,0.5,1.039,0.07692307692307698,35.729065801952466,True,False,51.949999999999996,WIN
XOM,2023-03-30,bull_put,110.0,109.0,0.5364,0.485,1.105979381443299,0.07734806629834248,18.527947948196175,False,False,9.81999999999983,PARTIAL
BLK,2023-03-30,bull_put,662.5,660.0,1.2835,1.425,0.9007017543859649,0.24719101123595508,-0.000262478630195387,False,False,128.35000000000002,WIN
EOG,2023-03-30,bull_put,114.0,113.0,0.4837,0.475,1.0183157894736843,0.09523809523809532,-0.03769332188371425,False,False,48.370000000000005,WIN
AVGO,2023-03-30,bull_put,635.0,632.5,1.3115,1.3,1.008846153846154,0.12987012987012977,-0.052831552968478177,False,False,131.15,WIN
NFLX,2023-03-30,bull_put,340.0,337.5,1.3075,1.295,1.0096525096525097,0.07407407407407414,-0.152877387075016,True,False,130.75,WIN
NVDA,2023-03-30,bull_put,275.0,272.5,1.2435,1.265,0.9830039525691701,0.09523809523809516,-0.27044358019015463,False,False,124.35000000000001,WIN
XOM,2023-04-10,bull_put,115.0,114.0,0.4998,0.465,1.0748387096774192,0.08360128617363351,4.709400317714507,False,False,49.980000000000004,WIN
AMZN,2023-04-10,bull_put,103.0,102.0,0.528,0.49,1.0775510204081633,0.08376963350785335,5.030619463997518,True,False,1.900000000000257,PARTIAL
GE,2023-04-10,bull_put,95.0,94.0,0.5154,0.48,1.07375,0.06498194945848365,3.2812313894423495,False,False,51.54,WIN
USB,2023-04-10,bull_put,36.0,35.5,0.2765,0.25,1.106,0.06451612903225812,6.033667669179466,False,False,-22.35,LOSS
GOOGL,2023-04-10,bull_put,107.0,106.0,0.5104,0.5,1.0208,0.047337278106508916,10.157559408448533,True,False,51.04,WIN
RTX,2023-04-10,bull_put,100.0,99.0,0.4885,0.46,1.0619565217391305,0.08247422680412367,5.841770953705601,False,False,48.85,WIN
EMR,2023-04-11,bull_put,85.0,84.0,0.5854,0.5,1.1708,0.27450980392156854,30.966808708155057,False,False,58.540000000000006,WIN
GOOGL,2023-04-11,bull_put,106.0,105.0,0.512,0.5,1.024,0.025806451612903247,9.854795477005766,True,False,51.2,WIN
CME,2023-04-11,bull_put,192.5,190.0,1.1464,1.1,1.042181818181818,0.12987012987012977,7.901573024899405,False,False,-87.36000000000101,PARTIAL
XOM,2023-04-11,bull_put,116.0,115.0,0.5214,0.495,1.0533333333333332,0.04878048780487809,2.489330695456638,False,False,52.14,WIN
GM,2023-04-11,bull_put,35.5,35.0,0.2376,0.215,1.1051162790697675,0.03448275862068969,1.74985798940692,False,False,-26.240000000000002,LOSS
MMM,2023-04-11,bull_put,105.0,104.0,0.4767,0.475,1.0035789473684211,0.05128205128205133,0.9926093953022549,False,False,47.67,WIN
MS,2023-04-12,bull_put,86.0,85.0,0.4995,0.47,1.0627659574468085,0.058823529411764754,1.3839242560016694,False,False,49.95,WIN
SCHW,2023-04-12,bull_put,52.0,51.5,0.2373,0.225,1.0546666666666666,0.09655172413793112,1.5964884525078427,False,False,-26.27,LOSS
DE,2023-04-12,bull_put,385.0,382.5,1.1405,1.025,1.1126829268292684,0.15384615384615385,2.1332523789495945,False,False,114.05000000000001,WIN
TSLA,2023-04-12,bull_put,182.5,180.0,1.4017,1.3,1.078230769230769,0.024390243902439157,2.7363250174998,True,False,140.17,WIN
USB,2023-04-12,bull_put,35.5,35.0,0.2331,0.225,1.036,0.28571428571428564,18.042222706239095,False,False,-26.69,LOSS
GOOGL,2023-04-12,bull_put,105.0,104.0,0.4662,0.44,1.0595454545454546,0.0733944954128439,28.52723786092156,True,False,46.62,WIN
USB,2023-04-13,bull_put,35.5,35.0,0.23,0.225,1.0222222222222221,0.28571428571428564,19.261314653939507,False,False,-27.0,LOSS
CAT,2023-04-13,bull_put,222.5,220.0,1.1999,1.045,1.1482296650717705,0.23325062034739452,18.494143090386736,False,False,119.99,WIN
MS,2023-04-13,bull_put,86.0,85.0,0.4695,0.43,1.091860465116279,0.15075376884422112,0.5764820070050735,False,False,46.949999999999996,WIN
QQQ,2023-04-13,bull_put,320.0,319.0,0.563,0.52,1.0826923076923076,0.01634877384196187,0.30004694484051403,False,False,-43.7,LOSS
REGN,2023-04-13,bull_put,832.5,830.0,1.2956,0.975,1.3288205128205128,0.7857142857142858,-0.039717558332344825,False,True,-120.44,LOSS
NFLX,2023-04-13,bull_put,347.5,345.0,1.2752,1.32,0.966060606060606,0.09150326797385623,-0.10727810037226651,True,False,-122.48000000000002,LOSS
NSC,2023-04-17,bull_put,210.0,207.5,1.1728,0.95,1.234526315789474,0.13861386138613863,4.930368764062396,False,False,117.28,WIN
EMR,2023-04-17,bull_put,87.0,86.0,0.4939,0.45,1.0975555555555556,0.13953488372093015,5.930462944540591,False,False,-50.61,LOSS
DE,2023-04-17,bull_put,392.5,390.0,1.2167,1.095,1.1111415525114154,0.14634146341463428,1.4727934975623977,False,False,-128.33,LOSS
AMZN,2023-04-17,bull_put,103.0,102.0,0.4521,0.495,0.9133333333333333,0.20069204152249137,6.638292690927123,True,False,45.21,WIN
GE,2023-04-17,bull_put,97.0,96.0,0.4936,0.4,1.234,0.11640211640211638,13.591678402252057,False,False,49.36,WIN
SO,2023-04-17,bull_put,72.5,72.0,0.2415,0.225,1.0733333333333333,0.23999999999999985,6.424529697209517,False,False,24.15,WIN
GOOGL,2023-04-18,bull_put,105.0,104.0,0.4925,0.48,1.0260416666666667,0.09090909090909083,18.965235751173257,True,False,49.25,WIN
AMZN,2023-04-18,bull_put,103.0,102.0,0.5045,0.43,1.1732558139534883,0.09459459459459468,8.415080538805018,True,False,50.449999999999996,WIN
EMR,2023-04-18,bull_put,87.5,87.0,0.2481,0.225,1.1026666666666667,0.11764705882352937,2.1674481756208683,False,False,-25.19,LOSS
SPY,2023-04-18,bull_put,415.0,414.0,0.5458,0.49,1.113877551020408,0.016666666666666684,0.9985152243964984,False,False,-45.42,LOSS
QQQ,2023-04-18,bull_put,320.0,319.0,0.5814,0.595,0.9771428571428572,0.02547770700636945,0.3954160052411553,False,False,-41.86,LOSS
DE,2023-04-18,bull_put,397.5,395.0,1.1303,1.185,0.9538396624472574,0.10958904109589038,0.17685370652615867,False,False,-136.97,LOSS
IWM,2023-04-19,bull_put,179.0,178.0,0.5197,0.51,1.0190196078431373,0.0323624595469256,0.337576852103602,False,False,-48.03,LOSS
SCHW,2023-04-19,bull_put,56.0,55.5,0.281,0.295,0.9525423728813561,0.07567567567567562,0.38911350364143993,False,False,-21.9,LOSS
REGN,2023-04-19,bull_put,812.5,810.0,1.4096,2.6,0.5421538461538461,0.8235294117647058,0.1088324118396788,False,True,-109.04,LOSS
PNC,2023-04-19,bull_put,129.0,128.0,0.5187,0.45,1.1526666666666667,0.25000000000000006,0.6566680624410798,False,False,-48.13,LOSS
ADP,2023-04-19,bull_put,217.5,215.0,1.1713,0.8,1.464125,0.2962962962962964,20.017457663574493,False,True,-111.86999999999921,PARTIAL
SPY,2023-04-19,bull_put,415.0,414.0,0.5275,0.49,1.0765306122448979,0.019230769230769246,0.5257946193285209,False,False,-47.25,LOSS
TMO,2023-04-20,bull_put,567.5,565.0,1.3353,1.3,1.027153846153846,0.27027027027027023,-0.31288251653364213,False,False,133.53,WIN
XOM,2023-04-20,bull_put,116.0,115.0,0.4827,0.425,1.135764705882353,0.0848484848484848,0.034103287266287495,False,False,48.27,WIN
QQQ,2023-04-20,bull_put,317.0,316.0,0.4824,0.42,1.1485714285714286,0.014184397163120581,-0.7127610937058212,False,False,4.620000000000682,PARTIAL
PNC,2023-04-20,bull_put,126.0,125.0,0.493,0.425,1.16,0.31111111111111117,0.6721339073193808,False,False,-50.7,LOSS
AVGO,2023-04-20,bull_put,635.0,632.5,1.4849,1.3,1.1422307692307694,0.2666666666666666,1.1249892721836106,False,False,-61.510000000002265,PARTIAL
NVDA,2023-04-20,bull_put,272.5,270.0,1.2868,1.165,1.1045493562231758,0.11055276381909551,0.40469115854104104,False,False,-2.320000000000233,PARTIAL
DE,2023-04-24,bull_put,390.0,387.5,1.3236,1.275,1.0381176470588236,0.09326424870466327,2.7737488302729365,False,False,-117.63999999999999,LOSS
USB,2023-04-24,bull_put,33.0,32.5,0.2344,0.225,1.0417777777777777,0.14285714285714282,2.1492596166528597,False,False,23.44,WIN
EOG,2023-04-24,bull_put,120.0,119.0,0.5382,0.5,1.0764,0.0555555555555556,1.9618501621730717,False,False,0.40999999999994374,PARTIAL
NVDA,2023-04-24,bull_put,272.5,270.0,1.3293,1.225,1.085142857142857,0.03703703703703707,0.6440537307682992,False,False,132.93,WIN
IWM,2023-04-24,bull_put,178.0,177.5,0.2667,0.245,1.0885714285714285,0.016806722689075643,0.0983955845247738,False,False,-23.330000000000002,LOSS
SPY,2023-04-24,bull_put,413.0,412.0,0.4572,0.415,1.1016867469879519,0.008230452674897127,0.08042827868162754,False,False,45.72,WIN
DE,2023-04-25,bull_put,380.0,377.5,1.1335,0.975,1.1625641025641025,0.12371134020618568,0.10996119095583753,False,False,-84.65000000000182,PARTIAL
USB,2023-04-25,bull_put,32.0,31.5,0.2375,0.2,1.1874999999999998,0.12499999999999997,0.4698134421507141,False,False,23.75,WIN
NVDA,2023-04-25,bull_put,265.0,262.5,1.3556,1.325,1.0230943396226415,0.03418803418803422,0.17682265252475682,False,False,135.56,WIN
TSLA,2023-04-25,bull_put,162.5,160.0,1.3137,1.275,1.0303529411764707,0.026315789473684237,2.1743394121789934,True,False,131.37,WIN
IWM,2023-04-25,bull_put,174.0,173.0,0.5668,0.545,1.0399999999999998,0.03938730853391678,1.568002798258783,False,False,56.68,WIN
EMR,2023-04-25,bull_put,85.0,84.0,0.5211,0.475,1.0970526315789475,0.18181818181818177,26.35414785567401,False,False,-47.89,LOSS
GOOGL,2023-04-26,bull_put,104.0,103.0,0.4696,0.455,1.032087912087912,0.08429118773946366,18.459847322649985,True,False,46.96,WIN
VRTX,2023-04-26,bull_put,325.0,322.5,1.3761,1.125,1.2232,0.7354838709677418,0.3952466534330274,False,True,137.61,WIN
PNC,2023-04-26,bull_put,129.0,128.0,0.5551,0.475,1.1686315789473685,0.11320754716981125,-0.005918429817321095,False,False,55.510000000000005,WIN
QQQ,2023-04-26,bull_put,312.5,312.0,0.2434,0.2,1.2169999999999999,0.04115226337448564,-0.013312585830875997,False,False,24.34,WIN
AVGO,2023-04-26,bull_put,617.5,615.0,1.2263,1.1,1.1148181818181817,0.10714285714285725,-0.03590070235831491,False,False,122.63,WIN
SPY,2023-04-26,bull_put,405.0,404.0,0.4643,0.44,1.0552272727272727,0.004454342984409705,-0.053483355746773285,False,False,46.43,WIN
BLK,2023-04-27,bull_put,665.0,662.5,1.3804,1.25,1.10432,0.30434782608695654,-0.02080488306857801,False,False,138.04000000000002,WIN
COST,2023-04-27,bull_put,502.5,500.0,1.2474,1.105,1.128868778280543,0.1708185053380783,0.030819177986974044,False,False,124.74000000000001,WIN
SCHW,2023-04-27,bull_put,52.0,51.5,0.251,0.22,1.1409090909090909,0.14035087719298237,0.19005185432059124,False,False,25.1,WIN
IWM,2023-04-27,bull_put,174.0,173.0,0.497,0.495,1.004040404040404,0.016528925619834725,4.9513654060707815,False,False,49.7,WIN
DE,2023-04-27,bull_put,372.5,370.0,1.1715,1.04,1.1264423076923076,0.2846441947565542,5.15845825467613,False,False,117.15,WIN
GOOGL,2023-04-27,bull_put,108.0,107.0,0.4818,0.43,1.1204651162790698,0.2270270270270271,28.082392310055997,True,False,-17.81999999999966,PARTIAL
GOOGL,2023-05-01,bull_put,108.0,107.0,0.5562,0.54,1.03,0.05438066465256789,25.95977131403243,True,False,-44.379999999999995,LOSS
AMZN,2023-05-01,bull_put,103.0,102.0,0.5458,0.555,0.9834234234234233,0.03473945409429273,6.554055250266931,True,False,54.58,WIN
JPM,2023-05-01,bull_put,142.0,141.0,0.5216,0.505,1.0328712871287127,0.06211180124223595,1.6663125776017798,False,False,-47.839999999999996,LOSS
MDT,2023-05-01,bull_put,91.0,90.0,0.4571,0.415,1.1014457831325302,0.07486631016042775,1.055561906946284,False,False,-48.28999999999977,PARTIAL
TSLA,2023-05-01,bull_put,162.5,160.0,1.1646,1.12,1.0398214285714285,0.027397260273972626,0.9985240837905919,True,False,116.46000000000001,WIN
ISRG,2023-05-01,bull_put,305.0,302.5,1.388,1.325,1.0475471698113208,0.10000000000000009,0.5719225618124913,False,False,63.399999999999764,PARTIAL
NVDA,2023-05-02,bull_put,285.0,282.5,1.3999,1.375,1.0181090909090909,0.032258064516129066,0.4139658387751709,False,False,139.98999999999998,WIN
DE,2023-05-02,bull_put,385.0,382.5,1.1913,1.125,1.0589333333333333,0.10055865921787714,0.43118244654806454,False,False,-130.87,LOSS
GE,2023-05-02,bull_put,102.0,101.0,0.5046,0.465,1.0851612903225807,0.04511278195488726,0.8247384677500657,False,False,-49.54,LOSS
TSLA,2023-05-02,bull_put,162.5,160.0,1.3613,1.3,1.047153846153846,0.02298850574712656,2.820961579330608,True,False,136.13,WIN
AMZN,2023-05-02,bull_put,104.0,103.0,0.4723,0.45,1.0495555555555556,0.03215434083601289,3.497548153968147,True,False,47.23,WIN
GOOGL,2023-05-02,bull_put,106.0,105.0,0.5111,0.475,1.076,0.11764705882352935,14.928168275047833,True,False,4.054999999999659,PARTIAL
GOOGL,2023-05-03,bull_put,106.0,105.0,0.5027,0.47,1.0695744680851065,0.07171314741035864,14.436147940470654,True,False,3.6349999999996605,PARTIAL
AMZN,2023-05-03,bull_put,104.0,103.0,0.4766,0.47,1.0140425531914894,0.059259259259259144,4.944970504930131,True,False,47.660000000000004,WIN
USB,2023-05-03,bull_put,30.0,29.5,0.2414,0.2,1.2069999999999999,0.13333333333333344,3.0893799363032914,False,False,24.14,WIN
PNC,2023-05-03,bull_put,117.0,116.0,0.463,0.45,1.028888888888889,0.08219178082191776,0.00912740542825337,False,False,-35.699999999999314,PARTIAL
NOW,2023-05-03,bull_put,440.0,437.5,1.3465,1.35,0.9974074074074074,0.09790209790209792,0.0031494763628091243,False,False,-115.35,LOSS
IWM,2023-05-03,bull_put,173.0,172.5,0.2504,0.225,1.1128888888888888,0.011834319526627229,-0.0054119725351272525,False,False,25.040000000000003,WIN
AVGO,2023-05-04,bull_put,612.5,610.0,1.3885,1.35,1.0285185185185186,0.18181818181818182,-0.06181819831436205,False,False,138.85,WIN
NOW,2023-05-04,bull_put,432.5,430.0,1.316,1.5,0.8773333333333334,0.22222222222222215,-0.049298032738877666,False,False,131.6,WIN
QQQ,2023-05-04,bull_put,317.0,316.0,0.5633,0.52,1.0832692307692309,0.012219959266802544,0.0031768108947071304,False,False,56.330000000000005,WIN
DE,2023-05-04,bull_put,375.0,372.5,1.2265,1.33,0.9221804511278194,0.11920529801324509,0.10488592437311005,False,False,122.64999999999999,WIN
ADP,2023-05-04,bull_put,215.0,212.5,1.2685,1.15,1.1030434782608696,0.4,0.5621840007276255,False,False,126.85,WIN
IWM,2023-05-04,bull_put,171.0,170.0,0.5299,0.505,1.0493069306930694,0.019169329073482445,1.4875910428339663,False,False,52.99,WIN
AMZN,2023-05-08,bull_put,106.0,105.0,0.46,0.43,1.0697674418604652,0.04285714285714274,7.098585855781056,True,False,46.0,WIN
GOOGL,2023-05-08,bull_put,108.0,107.0,0.4628,0.49,0.9444897959183673,0.03488372093023259,5.483703921215575,True,False,46.28,WIN
USB,2023-05-08,bull_put,30.0,29.5,0.2481,0.225,1.1026666666666667,0.05405405405405398,2.3002937198643876,False,False,-25.19,LOSS
TSLA,2023-05-08,bull_put,172.5,170.0,1.158,1.165,0.9939914163090128,0.0402684563758389,0.8272928408484482,True,False,-134.20000000000002,LOSS
DE,2023-05-08,bull_put,382.5,380.0,1.3249,1.2,1.1040833333333333,0.06334841628959285,0.8020142656075392,False,False,-117.51,LOSS
EOG,2023-05-08,bull_put,115.0,114.0,0.5177,0.475,1.0898947368421055,0.0487804878048781,0.3873784454726368,False,False,-48.230000000000004,LOSS
GOOGL,2023-05-09,bull_put,108.0,107.0,0.5105,0.5,1.021,0.04580152671755718,4.072205794003836,True,False,51.05,WIN
AMZN,2023-05-09,bull_put,107.0,106.0,0.4715,0.455,1.0362637362637361,0.05673758865248216,4.811860412826849,True,False,47.15,WIN
USB,2023-05-09,bull_put,30.0,29.5,0.2291,0.2,1.1455,0.22222222222222224,4.10203914399268,False,False,-27.089999999999996,LOSS
MDT,2023-05-09,bull_put,90.0,89.0,0.4899,0.415,1.1804819277108434,0.09729729729729726,7.524497652460971,False,False,-51.01,LOSS
NSC,2023-05-09,bull_put,210.0,207.5,1.3967,1.675,0.8338507462686567,0.5864661654135337,5.050573596654577,False,True,139.67000000000002,WIN
ADP,2023-05-09,bull_put,215.0,212.5,1.6799,1.175,1.4297021276595743,0.14141414141414146,94.25018836906155,False,True,-58.009999999999096,PARTIAL
GOOGL,2023-05-10,bull_put,112.0,111.0,0.4696,0.475,0.9886315789473685,0.05172413793103453,21.481200443296096,True,False,46.96,WIN
TSLA,2023-05-10,bull_put,170.0,167.5,1.2941,1.27,1.0189763779527559,0.023608768971332156,1.9030714261395953,True,False,-72.59000000000103,PARTIAL
AVGO,2023-05-10,bull_put,627.5,625.0,1.2111,1.15,1.053130434782609,0.10526315789473684,-0.055412144500957765,False,False,121.11000000000001,WIN
NOW,2023-05-10,bull_put,455.0,452.5,1.1579,1.1,1.0526363636363636,0.13333333333333325,-0.08062726712558484,False,False,115.78999999999999,WIN
IWM,2023-05-10,bull_put,175.0,174.0,0.4685,0.43,1.0895348837209302,0.015748031496063006,-0.12552658136473563,False,False,-53.15,LOSS
AXP,2023-05-10,bull_put,149.0,148.0,0.4578,0.445,1.0287640449438202,0.0694444444444445,-0.126437291266745,False,False,-54.22,LOSS
MS,2023-05-11,bull_put,83.0,82.0,0.4733,0.435,1.0880459770114943,0.16901408450704225,-1.2931738886140174,False,False,-13.669999999999943,PARTIAL
SPY,2023-05-11,bull_put,412.5,412.0,0.2391,0.235,1.0174468085106383,0.014388489208633108,-0.08685530951170346,False,False,-26.090000000000003,LOSS
UNH,2023-05-11,bull_put,490.0,487.5,1.2351,1.055,1.1707109004739338,0.27941176470588247,0.21226770563973682,False,False,123.51,WIN
GOOGL,2023-05-11,bull_put,117.0,116.0,0.4887,0.48,1.0181250000000002,0.06965174129353241,33.93526266609937,True,False,48.870000000000005,WIN
EOG,2023-05-11,bull_put,111.0,110.0,0.5039,0.475,1.060842105263158,0.18181818181818177,0.05724283363394185,False,False,-7.609999999999828,PARTIAL
GOOGL,2023-05-15,bull_put,117.0,116.0,0.5084,0.485,1.0482474226804124,0.061855670103092834,20.99117189427464,True,False,50.839999999999996,WIN
ADP,2023-05-15,bull_put,215.0,212.5,1.2557,0.975,1.287897435897436,0.10256410256410244,11.8320485396305,False,True,125.57000000000001,WIN
AMZN,2023-05-15,bull_put,112.0,111.0,0.5212,0.53,0.9833962264150943,0.050991501416430635,7.328715554791875,True,False,52.12,WIN
TSLA,2023-05-15,bull_put,167.5,165.0,1.2267,1.195,1.0265271966527196,0.023809523809523725,1.470078628240011,True,False,122.66999999999999,WIN
EOG,2023-05-15,bull_put,112.0,111.0,0.5161,0.475,1.0865263157894738,0.08219178082191776,0.7130345946416528,False,False,51.61,WIN
USB,2023-05-15,bull_put,30.0,29.5,0.2414,0.25,0.9656,0.19354838709677424,0.6547235048164539,False,False,24.14,WIN
DE,2023-05-16,bull_put,365.0,362.5,1.299,1.275,1.0188235294117647,0.0744680851063829,0.010334077049091764,False,False,-15.09999999999887,PARTIAL
TSLA,2023-05-16,bull_put,167.5,165.0,1.1982,1.205,0.9943568464730289,0.03821656050955412,0.559418771037069,True,False,119.82,WIN
IWM,2023-05-16,bull_put,173.0,172.5,0.26,0.25,1.04,0.0188087774294671,0.006132945462174399,False,False,26.0,WIN
AMZN,2023-05-16,bull_put,114.0,113.0,0.4989,0.5,0.9978,0.03703703703703693,4.487963822533336,True,False,49.89,WIN
GOOGL,2023-05-16,bull_put,120.0,119.0,0.528,0.52,1.0153846153846153,0.06315789473684216,20.245056563704413,True,False,52.800000000000004,WIN
USB,2023-05-16,bull_put,29.0,28.5,0.2419,0.225,1.0751111111111111,0.14285714285714282,0.7720452899679514,False,False,24.19,WIN
AMZN,2023-05-17,bull_put,116.0,115.0,0.497,0.49,1.0142857142857142,0.054054054054054106,12.98455499638108,True,False,49.7,WIN
PNC,2023-05-17,bull_put,120.0,119.0,0.5291,0.6,0.8818333333333334,0.1666666666666667,1.551633332629097,False,False,-47.089999999999996,LOSS
EMR,2023-05-17,bull_put,82.5,82.0,0.2398,0.225,1.0657777777777777,0.3076923076923076,0.9643694242931935,False,False,11.489999999999744,PARTIAL
TSLA,2023-05-17,bull_put,175.0,172.5,1.2495,1.225,1.02,0.027777777777777804,0.4193587074172128,True,False,124.95,WIN
SPY,2023-05-17,bull_put,416.0,415.0,0.5195,0.485,1.0711340206185567,0.009756097560975618,0.2491685460489221,False,False,51.949999999999996,WIN
DE,2023-05-17,bull_put,370.0,367.5,1.2819,1.325,0.9674716981132077,0.07123287671232861,0.017930536161780735,False,False,-121.81,LOSS
DHR,2023-05-18,bull_put,227.5,225.0,1.2478,1.15,1.0850434782608698,0.20289855072463758,0.116542087686851,False,False,124.78,WIN
SCHW,2023-05-18,bull_put,52.0,51.5,0.2522,0.245,1.0293877551020407,0.18487394957983191,0.16524402908978142,False,False,-7.7799999999998315,PARTIAL
DE,2023-05-18,bull_put,372.5,370.0,1.2779,1.3,0.983,0.1075268817204301,-0.012071250498466754,False,False,-122.21,LOSS
UNH,2023-05-18,bull_put,480.0,477.5,1.1833,1.0,1.1833,0.18340611353711786,2.742506044743409,False,False,0.16499999999965986,PARTIAL
VRTX,2023-05-18,bull_put,340.0,337.5,1.1258,0.075,15.010666666666665,1.8058252427184467,4.473733810574231,False,True,112.57999999999998,WIN
NVDA,2023-05-18,bull_put,317.5,315.0,1.2216,1.15,1.0622608695652176,0.06666666666666672,1.0903290503656098,False,False,-127.84,LOSS
EOG,2023-05-22,bull_put,114.0,113.0,0.4988,0.425,1.1736470588235295,0.05405405405405398,0.35222657496806203,False,False,-50.12,LOSS
DE,2023-05-22,bull_put,362.5,360.0,1.3297,1.275,1.042901960784314,0.05769230769230767,0.5287731137333357,False,False,-117.02999999999999,LOSS
SPY,2023-05-22,bull_put,420.0,419.0,0.4976,0.48,1.0366666666666666,0.01821493624772307,0.08149448561147647,False,False,49.76,WIN
AMZN,2023-05-22,bull_put,116.0,115.0,0.5523,0.55,1.004181818181818,0.029850746268656747,6.292557019935795,True,False,55.230000000000004,WIN
GOOGL,2023-05-22,bull_put,126.0,125.0,0.5517,0.535,1.031214953271028,0.029999999999999916,10.947309866834745,True,False,-44.83,LOSS
TSLA,2023-05-22,bull_put,190.0,187.5,1.2246,1.25,0.9796799999999999,0.022727272727272846,1.6502902412010405,True,False,122.46,WIN
USB,2023-05-23,bull_put,31.5,31.0,0.2589,0.25,1.0356,0.14285714285714282,4.929825371846426,False,False,-24.11,LOSS
GOOGL,2023-05-23,bull_put,123.0,122.0,0.4749,0.48,0.989375,0.03194888178913741,4.47869462717927,True,False,47.49,WIN
TSLA,2023-05-23,bull_put,187.5,185.0,1.3224,1.335,0.9905617977528091,0.023809523809523725,2.6379669404572432,True,False,132.24,WIN
EOG,2023-05-23,bull_put,114.0,113.0,0.4968,0.475,1.0458947368421054,0.06060606060606053,0.14199220241801244,False,False,-50.32,LOSS
DE,2023-05-23,bull_put,362.5,360.0,1.3002,1.25,1.04016,0.0652173913043478,0.13819107717845483,False,False,-119.98,LOSS
MMM,2023-05-23,bull_put,101.0,100.0,0.4506,0.435,1.0358620689655174,0.0677966101694916,0.08967170742606305,False,False,-54.94,LOSS
IWM,2023-05-24,bull_put,176.0,175.0,0.4776,0.455,1.0496703296703296,0.012987012987012998,0.028612251798499567,False,False,47.760000000000005,WIN
VRTX,2023-05-24,bull_put,335.0,332.5,1.2603,1.075,1.1723720930232557,0.2857142857142857,0.2754939773564359,False,False,-123.97,LOSS
NFLX,2023-05-24,bull_put,367.5,365.0,1.4022,1.475,0.95064406779661,0.08064516129032258,0.005654933422643149,False,False,140.22,WIN
PNC,2023-05-24,bull_put,121.0,120.0,0.5315,0.475,1.1189473684210527,0.09230769230769226,0.40610401973059196,False,False,-46.85,LOSS
AMZN,2023-05-24,bull_put,117.0,116.0,0.4655,0.465,1.0010752688172042,0.036900369003689905,3.6956917422028464,True,False,46.550000000000004,WIN
GM,2023-05-24,bull_put,32.5,32.0,0.2434,0.23,1.0582608695652174,0.06060606060606066,0.3935335889626064,False,False,24.34,WIN
GOOGL,2023-05-25,bull_put,124.0,123.0,0.5288,0.5,1.0576,0.11214953271028029,60.71652075523069,True,False,52.88,WIN
GE,2023-05-25,bull_put,102.0,101.0,0.5071,0.5,1.0142,0.13065326633165827,11.176817209125176,False,False,50.71,WIN
CSX,2023-05-25,bull_put,31.0,30.5,0.2314,0.175,1.3222857142857143,0.3999999999999999,6.446687049477695,False,True,2.069999999999936,PARTIAL
SCHW,2023-05-25,bull_put,54.5,54.0,0.2712,0.245,1.106938775510204,0.1250000000000001,2.6425167386967705,False,False,-22.88,LOSS
NVDA,2023-05-25,bull_put,382.5,380.0,1.4298,1.45,0.9860689655172414,0.06451612903225812,0.4216449140153564,False,False,142.98,WIN
EOG,2023-05-25,bull_put,111.0,110.0,0.5294,0.5,1.0588,0.11764705882352952,0.3881797830871464,False,False,-35.05999999999955,PARTIAL
MDT,2023-05-30,bull_put,83.0,82.0,0.4811,0.46,1.0458695652173913,0.03108808290155443,0.4244660703818499,False,False,48.11,WIN
SCHW,2023-05-30,bull_put,54.0,53.5,0.2441,0.22,1.1095454545454546,0.06451612903225812,0.4266033284943596,False,False,24.41,WIN
TSLA,2023-05-30,bull_put,202.5,200.0,1.3002,1.325,0.9812830188679246,0.027149321266968226,1.2209805607562343,True,False,130.02,WIN
AMZN,2023-05-30,bull_put,122.0,121.0,0.4795,0.485,0.988659793814433,0.03921568627450984,3.3789513214977815,True,False,47.949999999999996,WIN
GOOGL,2023-05-30,bull_put,124.0,123.0,0.4899,0.45,1.0886666666666667,0.06060606060606053,6.520189314865652,True,False,48.99,WIN
USB,2023-05-30,bull_put,31.0,30.5,0.2743,0.25,1.0972,0.14285714285714282,11.018468477814015,False,False,27.43,WIN
EMR,2023-05-31,bull_put,78.0,77.0,0.5779,0.425,1.359764705882353,0.18181818181818185,160.75008812788815,False,True,57.79,WIN
AMZN,2023-05-31,bull_put,121.0,120.0,0.4951,0.5,0.9902,0.046822742474916426,5.162874620726087,True,False,49.51,WIN
TSLA,2023-05-31,bull_put,205.0,202.5,1.2787,1.3,0.9836153846153846,0.02247191011235947,0.8610354397079422,True,False,127.86999999999999,WIN
IWM,2023-05-31,bull_put,174.0,173.0,0.4668,0.465,1.0038709677419355,0.012903225806451623,0.5720682365795347,False,False,46.68,WIN
VRTX,2023-05-31,bull_put,325.0,322.5,1.3065,1.225,1.0665306122448979,0.17142857142857132,0.2230657219130597,False,False,130.65,WIN
DE,2023-05-31,bull_put,347.5,345.0,1.2632,1.155,1.0936796536796538,0.06622516556291391,0.12081659166093818,False,False,126.32000000000001,WIN
GE,2023-06-01,bull_put,105.0,104.0,0.4502,0.45,1.0004444444444445,0.13173652694610777,0.7393416599373193,False,False,45.019999999999996,WIN
PNC,2023-06-01,bull_put,120.0,119.0,0.4573,0.425,1.076,0.28571428571428564,2.1140459882797322,False,False,45.73,WIN
UNH,2023-06-01,bull_put,495.0,492.5,1.2856,1.35,0.9522962962962963,0.2553897180762853,0.4590545644099513,False,False,128.56,WIN
AMZN,2023-06-01,bull_put,123.0,122.0,0.4626,0.465,0.9948387096774193,0.038095238095238126,5.499415739700834,True,False,46.26,WIN
GOOGL,2023-06-01,bull_put,124.0,123.0,0.4525,0.455,0.9945054945054945,0.09625668449197856,9.333919983806293,True,False,45.25,WIN
VRTX,2023-06-01,bull_put,325.0,322.5,1.3385,0.45,2.9744444444444444,1.738317757009346,5.4373565926028355,False,True,133.85,WIN
AMZN,2023-06-05,bull_put,126.0,125.0,0.5199,0.52,0.9998076923076923,0.051546391752577365,5.917208247573432,True,False,-48.010000000000005,LOSS
MA,2023-06-05,bull_put,372.5,370.0,1.3407,1.295,1.0352895752895754,0.09876543209876541,4.08835915407298,False,False,-115.93,LOSS
USB,2023-06-05,bull_put,31.5,31.0,0.2416,0.25,0.9664,0.14285714285714282,2.7747782938522265,False,False,24.16,WIN
TSLA,2023-06-05,bull_put,220.0,217.5,1.3898,1.425,0.975298245614035,0.007905138339920922,2.3127127262684075,True,False,138.98,WIN
XOM,2023-06-05,bull_put,106.0,105.0,0.5003,0.5,1.0006,0.01980198019801982,1.4120535126849139,False,False,50.029999999999994,WIN
HD,2023-06-05,bull_put,295.0,292.5,1.3454,1.295,1.038918918918919,0.05479452054794526,0.7112416320154775,False,False,134.54,WIN
GE,2023-06-06,bull_put,106.0,105.0,0.4959,0.475,1.044,0.056680161943319894,0.44732617639263267,False,False,49.59,WIN
TSLA,2023-06-06,bull_put,222.5,220.0,1.2889,1.325,0.972754716981132,0.0416666666666667,1.5199076335554689,True,False,128.89,WIN
DE,2023-06-06,bull_put,375.0,372.5,1.2613,1.24,1.0171774193548389,0.06369426751592357,0.2051139387584861,False,False,126.13000000000001,WIN
AMZN,2023-06-06,bull_put,127.0,126.0,0.4731,0.48,0.9856250000000001,0.04054054054054058,5.920696551242683,True,False,-52.690000000000005,LOSS
GOOGL,2023-06-06,bull_put,128.0,127.0,0.5365,0.585,0.917094017094017,0.09966777408637884,30.07466285197533,True,False,-46.35,LOSS
AAPL,2023-06-06,bull_put,180.0,177.5,1.1404,1.14,1.0003508771929825,0.021978021978021997,1.5373843554257378,False,False,114.04,WIN
NFLX,2023-06-07,bull_put,402.5,400.0,1.4478,1.6,0.904875,0.06498194945848378,0.1562769544269452,False,False,144.78,WIN
TSLA,2023-06-07,bull_put,225.0,222.5,1.1647,1.19,0.9787394957983194,0.025974025974026,0.5097573831486907,True,False,116.47000000000001,WIN
ABBV,2023-06-07,bull_put,137.0,136.0,0.483,0.46,1.0499999999999998,0.10628019323671506,0.04674684848784737,False,False,48.3,WIN
AMZN,2023-06-07,bull_put,122.0,121.0,0.5316,0.53,1.0030188679245282,0.03243243243243234,4.573120742588646,True,False,53.16,WIN
GOOGL,2023-06-07,bull_put,123.0,122.0,0.4974,0.42,1.1842857142857144,0.15730337078651682,12.362637551682282,True,False,-27.2599999999996,PARTIAL
DE,2023-06-07,bull_put,382.5,380.0,1.1648,1.17,0.9955555555555556,0.07633587786259542,0.5930586399271677,False,False,-133.51999999999998,LOSS
ABBV,2023-06-08,bull_put,138.0,137.0,0.4677,0.39,1.199230769230769,0.26950354609929084,7.253425591469289,False,False,46.77,WIN
IWM,2023-06-08,bull_put,187.0,186.0,0.5229,0.55,0.9507272727272728,0.01492537313432837,3.258840729950229,False,False,-47.71,LOSS
REGN,2023-06-08,bull_put,752.5,750.0,1.3766,0.7,1.9665714285714289,0.8214285714285716,0.02026674122112167,False,True,-112.33999999999999,LOSS
NOW,2023-06-08,bull_put,537.5,535.0,1.3319,1.55,0.8592903225806452,0.17142857142857149,0.020124608678410257,False,False,-116.80999999999999,LOSS
AVGO,2023-06-08,bull_put,805.0,802.5,1.2766,1.25,1.02128,0.17543859649122806,-0.027428882594567477,False,False,44.830000000000226,PARTIAL
QQQ,2023-06-08,bull_put,354.0,353.0,0.5505,0.555,0.9918918918918918,0.01542416452442161,-0.056641327889379665,False,False,55.05,WIN
TSLA,2023-06-12,bull_put,252.5,250.0,1.3961,1.45,0.9628275862068965,0.018018018018018063,0.8092528228683128,True,False,139.60999999999999,WIN
MA,2023-06-12,bull_put,377.5,375.0,1.3175,1.3,1.0134615384615384,0.08791208791208799,1.305185343270713,False,False,17.37499999999863,PARTIAL
CRM,2023-06-12,bull_put,215.0,212.5,1.3042,1.305,0.9993869731800767,0.03636363636363645,1.6147761524266586,False,False,-119.58,LOSS
UPS,2023-06-12,bull_put,172.5,170.0,1.1469,1.105,1.037918552036199,0.08192771084337357,3.8564138288472667,False,False,114.69,WIN
GOOGL,2023-06-12,bull_put,124.0,123.0,0.4914,0.48,1.02375,0.07162534435261703,7.269114010749168,True,False,1.0700000000000571,PARTIAL
USB,2023-06-12,bull_put,32.5,32.0,0.25,0.25,1.0,0.11764705882352937,1.774679542584419,False,False,25.0,WIN
MDT,2023-06-13,bull_put,86.0,85.0,0.5306,0.175,3.032,1.5604395604395604,144.37867136281093,False,True,53.059999999999995,WIN
GOOGL,2023-06-13,bull_put,124.0,123.0,0.4537,0.46,0.9863043478260869,0.059259259259259144,5.87889605126574,True,False,-1.629999999999887,PARTIAL
ORCL,2023-06-13,bull_put,117.0,116.0,0.4876,0.535,0.9114018691588784,0.06811145510835906,3.307102069687076,False,False,48.76,WIN
USB,2023-06-13,bull_put,33.0,32.5,0.2445,0.275,0.889090909090909,0.2857142857142858,1.5891553353991297,False,False,24.45,WIN
GM,2023-06-13,bull_put,38.0,37.5,0.2645,0.245,1.079591836734694,0.09929078014184389,1.3641830935142945,False,False,11.225000000000044,PARTIAL
CRM,2023-06-13,bull_put,210.0,207.5,1.2486,1.22,1.0234426229508196,0.05970149253731349,0.8424067579291763,False,False,124.86,WIN
DE,2023-06-14,bull_put,400.0,397.5,1.2109,1.29,0.9386821705426357,0.14569536423841056,0.21387121289346595,False,False,121.09,WIN
TSLA,2023-06-14,bull_put,260.0,257.5,1.4462,1.45,0.9973793103448275,0.021660649819494636,0.2558740503305762,True,False,144.62,WIN
GM,2023-06-14,bull_put,37.5,37.0,0.2287,0.215,1.063720930232558,0.11764705882352951,0.3351767620827472,False,False,22.869999999999997,WIN
AMZN,2023-06-14,bull_put,127.0,126.0,0.5119,0.515,0.9939805825242719,0.05194805194805199,0.37444008682518026,True,False,-48.809999999999995,LOSS
ADI,2023-06-14,bull_put,192.5,190.0,1.1709,1.275,0.9183529411764707,0.3720930232558139,4.256973063767675,False,False,-132.91,LOSS
GOOGL,2023-06-14,bull_put,124.0,123.0,0.4955,0.32,1.5484375,0.14468085106382972,19.9576981778059,True,True,1.2750000000000568,PARTIAL
INTC,2023-06-15,bull_put,36.0,35.5,0.2535,0.235,1.0787234042553193,0.13636363636363638,2.9427385083116286,False,False,25.35,WIN
TSLA,2023-06-15,bull_put,257.5,255.0,1.3525,1.375,0.9836363636363636,0.03208556149732628,1.816283936458008,True,False,135.25,WIN
F,2023-06-15,bull_put,14.5,14.35,0.0681,0.07,0.9728571428571426,0.2068965517241379,0.6223633646062406,False,False,-1.1900000000000077,PARTIAL
IWM,2023-06-15,bull_put,188.0,187.5,0.2965,0.29,1.0224137931034483,0.020761245674740504,0.3628620965534734,False,False,-20.349999999999998,LOSS
CRM,2023-06-15,bull_put,212.5,210.0,1.127,1.185,0.9510548523206751,0.09009009009008997,0.1459820562316526,False,False,19.349999999999547,PARTIAL
QQQ,2023-06-15,bull_put,371.0,370.0,0.5279,0.515,1.0250485436893204,0.01731601731601733,-0.0731897209505444,False,False,-47.21,LOSS
GM,2023-06-20,bull_put,37.5,37.0,0.2366,0.235,1.006808510638298,0.056074766355140235,0.10766429097812874,False,False,-26.340000000000003,LOSS
MSFT,2023-06-20,bull_put,340.0,337.5,1.3283,1.325,1.002490566037736,0.06060606060606061,0.2902102628805752,False,False,-117.17,LOSS
PNC,2023-06-20,bull_put,127.0,126.0,0.4751,0.45,1.0557777777777777,0.06060606060606053,0.09027745201741398,False,False,-52.49,LOSS
TSLA,2023-06-20,bull_put,277.5,275.0,1.434,1.5,0.956,0.023809523809523725,0.5566603860234908,True,False,-106.60000000000001,LOSS
IWM,2023-06-20,bull_put,186.0,185.0,0.5735,0.535,1.0719626168224299,0.037135278514588775,3.2945854498606804,False,False,-42.65,LOSS
SPY,2023-06-20,bull_put,438.0,437.0,0.5422,0.535,1.0134579439252336,0.00799999999999983,0.5168556996993785,False,False,-45.78,LOSS
AMGN,2023-06-21,bull_put,227.5,225.0,1.2631,0.955,1.3226178010471203,0.08201892744479489,27.757977729044498,False,True,43.655000000000676,PARTIAL
GOOGL,2023-06-21,bull_put,121.0,120.0,0.4803,0.485,0.9903092783505155,0.024489795918367366,14.119707789653328,True,False,48.03,WIN
MMM,2023-06-21,bull_put,102.0,101.0,0.5103,0.48,1.063125,0.04694835680751178,1.7897374402886306,False,False,-48.97,LOSS
TMO,2023-06-21,bull_put,527.5,525.0,1.4103,1.2,1.1752500000000001,0.1234567901234568,0.317212265562462,False,False,-108.96999999999998,LOSS
TSLA,2023-06-21,bull_put,262.5,260.0,1.414,1.425,0.9922807017543859,0.021201413427561887,0.16296692772821342,True,False,-108.60000000000001,LOSS
UNH,2023-06-21,bull_put,477.5,475.0,1.1362,1.14,0.9966666666666668,0.11965811965811969,0.027787562807742704,False,False,31.810000000000006,PARTIAL
SPY,2023-06-22,bull_put,437.0,436.0,0.5107,0.51,1.001372549019608,0.0072727272727271175,-1.2540433748603022,False,False,-48.93,LOSS
QQQ,2023-06-22,bull_put,367.0,366.0,0.5337,0.515,1.0363106796116504,0.010638297872340318,-0.19488540026760864,False,False,-46.63,LOSS
ORCL,2023-06-22,bull_put,121.0,120.0,0.4908,0.495,0.9915151515151516,0.13043478260869565,-1.6148926088368651,False,False,-50.92,LOSS
TSLA,2023-06-22,bull_put,265.0,262.5,1.1725,1.195,0.9811715481171548,0.03821656050955412,1.2095909098691495,True,False,-132.75,LOSS
UNH,2023-06-22,bull_put,480.0,477.5,1.1708,1.145,1.022532751091703,0.20501138952164008,0.28372306114080076,False,False,-132.92,LOSS
SO,2023-06-26,bull_put,72.0,71.0,0.4671,0.4,1.16775,0.23999999999999985,45.68577277442899,False,False,-53.290000000000006,LOSS
GOOGL,2023-06-26,bull_put,119.0,118.0,0.5212,0.495,1.0529292929292928,0.04624277456647403,14.490533590738904,True,False,52.12,WIN
XOM,2023-06-26,bull_put,105.0,104.0,0.5169,0.515,1.0036893203883495,0.056338028169014134,0.8198587302793862,False,False,51.690000000000005,WIN
GM,2023-06-26,bull_put,37.0,36.5,0.2536,0.25,1.0144,0.04800000000000004,0.7992877754355362,False,False,25.36,WIN
TSLA,2023-06-26,bull_put,242.5,240.0,1.285,1.3,0.9884615384615384,0.02857142857142847,0.6729504973781815,True,False,128.5,WIN
JPM,2023-06-26,bull_put,140.0,139.0,0.5221,0.485,1.0764948453608247,0.07807807807807801,0.26855110755202605,False,False,52.21,WIN
GOOGL,2023-06-27,bull_put,119.0,118.0,0.5217,0.555,0.9400000000000001,0.10169491525423738,19.006377135039532,True,False,52.17,WIN
IWM,2023-06-27,bull_put,184.0,183.0,0.5403,0.525,1.0291428571428571,0.018126888217522678,1.6552553015757938,False,False,54.03,WIN
TSLA,2023-06-27,bull_put,252.5,250.0,1.3584,1.3,1.0449230769230768,0.02409638554216859,1.2131963809864978,True,False,135.84,WIN
SPY,2023-06-27,bull_put,437.0,436.0,0.5496,0.515,1.0671844660194174,0.00858369098712447,0.9717658711128739,False,False,54.96,WIN
PNC,2023-06-27,bull_put,125.0,124.0,0.5418,0.5,1.0836,0.07594936708860756,0.45881757450765753,False,False,54.17999999999999,WIN
AMZN,2023-06-27,bull_put,130.0,129.0,0.5339,0.545,0.9796330275229358,0.04347826086956514,0.24411845256341777,False,False,53.39,WIN
SPY,2023-06-28,bull_put,437.0,436.0,0.453,0.43,1.0534883720930233,0.006269592476489033,-0.11163191581113173,False,False,45.300000000000004,WIN
IWM,2023-06-28,bull_put,185.0,184.0,0.5237,0.49,1.0687755102040817,0.015625000000000014,-0.09500769762666017,False,False,52.370000000000005,WIN
TMO,2023-06-28,bull_put,512.5,510.0,1.3796,1.4,0.9854285714285714,0.127659574468085,-0.1126123156173308,False,False,137.95999999999998,WIN
PNC,2023-06-28,bull_put,124.0,123.0,0.4813,0.475,1.0132631578947369,0.14492753623188406,0.07309720254773827,False,False,48.13,WIN
NOW,2023-06-28,bull_put,550.0,547.5,1.2219,1.2,1.01825,0.1454545454545456,-0.022270396629280573,False,False,122.19,WIN
TSLA,2023-06-28,bull_put,257.5,255.0,1.2512,1.25,1.00096,0.02083333333333326,0.32414743572194693,True,False,125.12,WIN
ADI,2023-06-29,bull_put,190.0,187.5,1.1608,1.0,1.1608,0.1481481481481481,6.995097076661192,False,False,116.08000000000001,WIN
NOW,2023-06-29,bull_put,550.0,547.5,1.3629,1.5,0.9086,0.23655913978494633,0.21440598103297454,False,False,136.29,WIN
PNC,2023-06-29,bull_put,126.0,125.0,0.4641,0.5,0.9282,0.26415094339622647,0.0707667524262402,False,False,20.705000000000144,PARTIAL
UNH,2023-06-29,bull_put,477.5,475.0,1.1627,1.08,1.0765740740740741,0.3333333333333334,-0.10170598403594547,False,False,116.27000000000001,WIN
NFLX,2023-06-29,bull_put,430.0,427.5,1.3194,1.405,0.9390747330960854,0.10778443113772458,-0.47591960395900745,False,False,131.94,WIN
XOM,2023-07-03,bull_put,108.0,107.0,0.4846,0.5,0.9692,0.05809128630705399,0.4212827045091989,False,False,-51.54,LOSS
ACN,2023-07-03,bull_put,312.5,310.0,1.3459,1.275,1.055607843137255,0.12499999999999997,2.587600423351386,False,False,-115.41,LOSS
TSLA,2023-07-03,bull_put,282.5,280.0,1.3861,1.425,0.972701754385965,0.013698630136986254,1.7169044415742694,True,False,-111.38999999999999,LOSS
GS,2023-07-03,bull_put,327.5,325.0,1.2532,1.225,1.0230204081632652,0.07357859531772581,0.5843390150717103,False,False,-124.67999999999999,LOSS
NOW,2023-07-03,bull_put,565.0,562.5,1.3595,1.3,1.0457692307692308,0.11594202898550722,0.3326079014663087,False,False,-114.05000000000001,LOSS
QQQ,2023-07-03,bull_put,371.0,370.0,0.5192,0.505,1.0281188118811881,0.014705882352941188,0.21131673802193615,False,False,-48.08,LOSS
UNH,2023-07-05,bull_put,472.5,470.0,1.1986,1.23,0.9744715447154473,0.05797101449275354,-0.052111112749864984,False,False,-130.14,LOSS
SPY,2023-07-05,bull_put,444.0,443.0,0.5108,0.5,1.0216,0.0052770448548812715,-0.04811535265406215,False,False,-48.92,LOSS
AVGO,2023-07-05,bull_put,865.0,862.5,1.3457,1.4,0.9612142857142857,0.06289308176100618,-0.026866758288942208,False,False,-115.43,LOSS
COST,2023-07-05,bull_put,542.5,540.0,1.2577,1.275,0.9864313725490197,0.06134969325153374,0.04360085814255853,False,False,-124.22999999999999,LOSS
TSLA,2023-07-05,bull_put,285.0,282.5,1.4028,1.45,0.967448275862069,0.018018018018017955,0.677917157849024,True,False,-109.72,LOSS
NVDA,2023-07-05,bull_put,425.0,422.5,1.2905,1.325,0.9739622641509434,0.04366812227074236,-0.006757055412159715,False,False,129.05,WIN
AVGO,2023-07-06,bull_put,850.0,847.5,1.234,1.3,0.9492307692307692,0.17543859649122806,-0.25071288101218236,False,False,-126.6,LOSS
NVDA,2023-07-06,bull_put,422.5,420.0,1.2839,1.3,0.9876153846153846,0.03550295857988153,-0.10985961351260153,False,False,128.39000000000001,WIN
BLK,2023-07-06,bull_put,682.5,680.0,1.3071,1.575,0.8299047619047619,0.127659574468085,-0.2581020603466687,False,False,130.70999999999998,WIN
NOW,2023-07-06,bull_put,557.5,555.0,1.3277,1.25,1.06216,0.32258064516129037,0.031043392517797155,False,False,-117.22999999999999,LOSS
TSLA,2023-07-06,bull_put,277.5,275.0,1.2376,1.255,0.9861354581673308,0.04379562043795618,4.2846453133573865,True,False,-126.24,LOSS
IWM,2023-07-06,bull_put,183.0,182.5,0.2355,0.25,0.942,0.019230769230769246,-0.09046569309764703,False,False,23.549999999999997,WIN
REGN,2023-07-10,bull_put,705.0,702.5,1.3555,1.35,1.004074074074074,0.14569536423841056,0.07953210421708225,False,False,135.54999999999998,WIN
MS,2023-07-10,bull_put,84.0,83.0,0.4928,0.48,1.0266666666666668,0.04115226337448564,0.4228735749567397,False,False,49.28,WIN
TSLA,2023-07-10,bull_put,272.5,270.0,1.4122,1.375,1.0270545454545454,0.02836879432624116,1.6382724361775867,True,False,141.22,WIN
GOOGL,2023-07-10,bull_put,117.0,116.0,0.5014,0.52,0.9642307692307691,0.036144578313253045,12.236586394192516,True,False,50.13999999999999,WIN
ADP,2023-07-10,bull_put,225.0,222.5,1.3715,1.075,1.2758139534883721,0.11235955056179775,75.08325102489549,False,True,137.15,WIN
USB,2023-07-10,bull_put,34.0,33.5,0.2461,0.25,0.9844,0.1666666666666666,9.43799737323631,False,False,24.610000000000003,WIN
CRM,2023-07-11,bull_put,222.5,220.0,1.2902,1.22,1.0575409836065575,0.033333333333333215,3.0168566072250655,False,False,129.02,WIN
TSLA,2023-07-11,bull_put,272.5,270.0,1.4057,1.4,1.0040714285714285,0.0162601626016261,1.6813960797755234,True,False,140.57,WIN
DIS,2023-07-11,bull_put,90.0,89.0,0.504,0.49,1.0285714285714287,0.03883495145631071,1.0569413084609998,False,False,-49.6,LOSS
SCHW,2023-07-11,bull_put,58.0,57.0,0.4713,0.47,1.0027659574468086,0.05988023952095801,0.7406452214318977,False,False,47.13,WIN
IWM,2023-07-11,bull_put,190.0,189.0,0.4828,0.47,1.0272340425531916,0.011560693641618507,0.31427157853309146,False,False,48.28,WIN
DE,2023-07-11,bull_put,415.0,412.5,1.2534,1.175,1.066723404255319,0.04999999999999993,0.26734660915803693,False,False,43.170000000000684,PARTIAL
NVDA,2023-07-12,bull_put,440.0,437.5,1.2584,1.3,0.968,0.018018018018017955,-0.007708501179948195,False,False,125.84,WIN
SPY,2023-07-12,bull_put,447.0,446.0,0.532,0.5,1.064,0.0056980056980057035,0.1054154688656452,False,False,53.2,WIN
TSLA,2023-07-12,bull_put,272.5,270.0,1.1794,1.17,1.008034188034188,0.01342281879194626,0.39105858455854603,True,False,117.94,WIN
VRTX,2023-07-12,bull_put,347.5,345.0,1.4098,1.225,1.1508571428571428,0.19469026548672574,5.019253897093607,False,False,140.98,WIN
MMM,2023-07-12,bull_put,102.0,101.0,0.4831,0.48,1.0064583333333332,0.07821229050279337,7.670989552143666,False,False,48.309999999999995,WIN
GS,2023-07-12,bull_put,327.5,325.0,1.2547,1.225,1.0242448979591836,0.04800000000000011,1.909012923707814,False,False,-5.530000000000235,PARTIAL
TMO,2023-07-13,bull_put,527.5,525.0,1.2201,2.05,0.5951707317073172,0.5531914893617021,-0.006541367759539066,False,True,122.00999999999999,WIN
GOOGL,2023-07-13,bull_put,125.0,124.0,0.5454,0.56,0.9739285714285714,0.07692307692307698,102.92441339853933,True,False,54.54,WIN
IWM,2023-07-13,bull_put,194.0,193.0,0.5569,0.555,1.0034234234234232,0.024896265560165994,6.027732277208308,False,False,-44.31,LOSS
USB,2023-07-13,bull_put,36.0,35.5,0.2317,0.225,1.0297777777777777,0.11764705882352937,4.763528688238646,False,False,-26.83,LOSS
GS,2023-07-13,bull_put,330.0,327.5,1.3134,1.365,0.9621978021978022,0.1068702290076336,3.4637208282123164,False,False,-118.66000000000001,LOSS
REGN,2023-07-13,bull_put,722.5,720.0,1.1948,0.625,1.91168,0.5,-0.18998036943955196,False,True,-130.51999999999998,LOSS
XOM,2023-07-17,bull_put,102.0,101.0,0.5053,0.51,0.9907843137254901,0.054054054054054106,0.8765387327837745,False,False,50.529999999999994,WIN
ABBV,2023-07-17,bull_put,135.0,134.0,0.4586,0.42,1.091904761904762,0.08403361344537823,0.7474646444785913,False,False,45.86,WIN
SPY,2023-07-17,bull_put,452.0,451.0,0.5919,0.565,1.0476106194690267,0.007220216606498202,1.8528901654690406,False,False,59.19,WIN
CSCO,2023-07-17,bull_put,51.0,50.5,0.2497,0.22,1.135,0.08163265306122457,6.346243046967453,False,False,24.97,WIN
AAPL,2023-07-17,bull_put,195.0,192.5,1.1907,1.1,1.0824545454545456,0.024813895781637736,7.170832182801569,False,False,-130.92999999999998,LOSS
GOOGL,2023-07-17,bull_put,125.0,124.0,0.4898,0.485,1.009896907216495,0.030030030030030058,10.563040450620159,True,False,-51.019999999999996,LOSS
GOOGL,2023-07-18,bull_put,124.0,123.0,0.4779,0.47,1.0168085106382978,0.05128205128205116,12.96514564207415,True,False,-52.21,LOSS
VZ,2023-07-18,bull_put,32.5,32.0,0.2408,0.25,0.9632,0.06185567010309284,4.102367091376929,False,False,24.08,WIN
ABBV,2023-07-18,bull_put,137.0,136.0,0.4823,0.465,1.0372043010752687,0.09282700421940936,2.148435594728946,False,False,48.230000000000004,WIN
SPY,2023-07-18,bull_put,455.0,454.0,0.5398,0.52,1.038076923076923,0.004474272930648872,0.8378038122924711,False,False,-46.02,LOSS
QQQ,2023-07-18,bull_put,387.0,386.0,0.5824,0.545,1.068623853211009,0.009216589861751093,0.44724649070800504,False,False,-41.760000000000005,LOSS
BA,2023-07-18,bull_put,212.5,210.0,1.213,1.185,1.0236286919831223,0.08598130841121496,0.035617018885439174,False,False,25.650000000000574,PARTIAL
ABBV,2023-07-19,bull_put,138.0,137.0,0.4507,0.46,0.9797826086956521,0.2268041237113403,0.09377185709803462,False,False,45.07,WIN
ACN,2023-07-19,bull_put,320.0,317.5,1.2248,1.15,1.0650434782608698,0.21359223300970884,1.1093998666138765,False,False,-127.51999999999998,LOSS
PNC,2023-07-19,bull_put,133.0,132.0,0.5197,0.525,0.989904761904762,0.13333333333333344,2.149648486449608,False,False,51.970000000000006,WIN
GM,2023-07-19,bull_put,39.5,39.0,0.2551,0.245,1.0412244897959184,0.07407407407407414,6.019559539776998,False,False,-24.490000000000002,LOSS
EMR,2023-07-19,bull_put,92.0,91.0,0.4751,0.4,1.18775,0.20689655172413793,23.791731974877834,False,False,-29.4899999999996,PARTIAL
MO,2023-07-19,bull_put,45.5,45.0,0.2371,0.19,1.2478947368421052,0.14285714285714277,56.91457630049218,False,False,23.71,WIN
DHR,2023-07-20,bull_put,245.0,242.5,1.1529,0.25,4.6116,0.4444444444444443,0.6058565981979196,False,True,115.29,WIN
TSLA,2023-07-20,bull_put,265.0,262.5,1.3389,1.35,0.9917777777777776,0.010928961748633843,0.4528055455511911,True,False,-116.11,LOSS
REGN,2023-07-20,bull_put,725.0,722.5,1.3164,0.65,2.0252307692307694,1.0391061452513968,-0.03919849858069886,False,True,131.64000000000001,WIN
NFLX,2023-07-20,bull_put,440.0,437.5,1.4016,1.35,1.0382222222222222,0.19004524886877824,-0.2884397965013402,False,False,-109.84,LOSS
TMO,2023-07-20,bull_put,540.0,537.5,1.2343,1.1,1.122090909090909,0.17391304347826084,-0.3860982073954227,False,False,123.42999999999999,WIN
MSFT,2023-07-20,bull_put,347.5,345.0,1.1351,1.07,1.060841121495327,0.06766917293233088,-1.4024418148188391,False,False,-136.49,LOSS
CRM,2023-07-24,bull_put,227.5,225.0,1.3484,1.325,1.0176603773584907,0.04999999999999993,0.13726289699250638,False,False,-55.160000000000565,PARTIAL
TSLA,2023-07-24,bull_put,270.0,267.5,1.2326,1.225,1.006204081632653,0.008438818565400814,0.784252193621621,True,False,-126.74000000000001,LOSS
GS,2023-07-24,bull_put,360.0,357.5,1.2276,1.195,1.0272803347280335,0.059880239520958084,0.15880186087804551,False,False,-127.24,LOSS
USB,2023-07-24,bull_put,39.5,39.0,0.2419,0.25,0.9676,0.15384615384615383,3.0087719534820394,False,False,24.19,WIN
DIS,2023-07-24,bull_put,87.0,86.0,0.4979,0.48,1.0372916666666667,0.04444444444444429,3.08925863916307,False,False,-37.210000000000456,PARTIAL
ACN,2023-07-24,bull_put,315.0,312.5,1.3223,1.275,1.0370980392156863,0.07594936708860756,0.8471642518184481,False,False,132.23,WIN
EMR,2023-07-25,bull_put,93.0,92.0,0.4887,0.425,1.1498823529411766,0.17142857142857132,6.474359106046315,False,False,-51.129999999999995,LOSS
DIS,2023-07-25,bull_put,86.0,85.0,0.481,0.455,1.0571428571428572,0.0307692307692308,0.6899738915783507,False,False,48.1,WIN
TSLA,2023-07-25,bull_put,267.5,265.0,1.3099,1.35,0.9702962962962963,0.017094017094017186,0.6272982920118774,True,False,12.494999999999889,PARTIAL
PNC,2023-07-25,bull_put,134.0,133.0,0.4703,0.475,0.9901052631578948,0.07999999999999995,0.15846261770183032,False,False,47.03,WIN
AMZN,2023-07-25,bull_put,130.0,129.0,0.5269,0.535,0.9848598130841122,0.01751313485113829,-0.0037225635244204467,False,False,52.690000000000005,WIN
REGN,2023-07-25,bull_put,732.5,730.0,1.2658,1.4,0.9041428571428572,0.08284023668639066,-0.011110313680900274,False,False,126.58,WIN
NVDA,2023-07-26,bull_put,455.0,452.5,1.2052,1.2,1.0043333333333335,0.0237154150197629,-0.007576142879887185,False,False,120.52000000000001,WIN
GOOGL,2023-07-26,bull_put,130.0,129.0,0.5316,0.535,0.993644859813084,0.03257328990228016,0.4074293982853055,True,False,53.16,WIN
TSLA,2023-07-26,bull_put,265.0,262.5,1.2005,1.19,1.0088235294117647,0.013245033112582735,0.1679279051859647,True,False,120.04999999999998,WIN
VRTX,2023-07-26,bull_put,352.5,350.0,1.2037,1.15,1.046695652173913,0.15652173913043485,0.6799048742450367,False,False,120.37,WIN
GM,2023-07-26,bull_put,38.5,38.0,0.2417,0.235,1.0285106382978724,0.06185567010309284,1.4386760704708288,False,False,-20.830000000000286,PARTIAL
MMM,2023-07-26,bull_put,113.0,112.0,0.4627,0.45,1.0282222222222221,0.041666666666666706,0.42182481929539345,False,False,-53.73,LOSS
VRTX,2023-07-27,bull_put,350.0,347.5,1.2379,1.75,0.7073714285714285,1.4909090909090907,29.025159198203234,False,True,123.79,WIN
USB,2023-07-27,bull_put,39.0,38.5,0.2449,0.25,0.9796,0.5,23.617003436627957,False,False,24.490000000000002,WIN
TSLA,2023-07-27,bull_put,257.5,255.0,1.3268,1.3,1.0206153846153845,0.03973509933774832,5.0159597960386275,True,False,132.68,WIN
DE,2023-07-27,bull_put,430.0,427.5,1.258,1.15,1.093913043478261,0.18597063621533452,0.0837684255929328,False,False,-124.2,LOSS
NOW,2023-07-27,bull_put,562.5,560.0,1.4,1.3,1.0769230769230769,0.12389380530973454,0.06081539548259393,False,False,140.0,WIN
BLK,2023-07-27,bull_put,730.0,727.5,1.2326,0.85,1.4501176470588235,0.19780219780219788,-0.011476369998240766,False,True,123.25999999999999,WIN
USB,2023-07-31,bull_put,40.0,39.5,0.2459,0.25,0.9836,0.15384615384615383,0.6194304068198035,False,False,5.2949999999999715,PARTIAL
MS,2023-07-31,bull_put,92.0,91.0,0.4862,0.47,1.034468085106383,0.05181347150259072,7.582467505494766,False,False,-51.38,LOSS
NEE,2023-07-31,bull_put,73.5,73.0,0.2259,0.225,1.004,0.18181818181818185,1.9924742579349324,False,False,-27.41,LOSS
TSLA,2023-07-31,bull_put,270.0,267.5,1.3661,1.375,0.9935272727272728,0.016528925619834652,1.7691150401834548,True,False,-113.38999999999999,LOSS
GS,2023-07-31,bull_put,357.5,355.0,1.2854,1.265,1.0161264822134388,0.11111111111111109,0.7556624969000864,False,False,-121.46,LOSS
MSFT,2023-07-31,bull_put,337.5,335.0,1.3386,1.275,1.0498823529411765,0.022727272727272846,0.4379898257277729,False,False,-116.14,LOSS
ACN,2023-08-01,bull_put,322.5,320.0,1.3017,1.275,1.0209411764705885,0.12499999999999997,3.7122105029216717,False,False,-119.83,LOSS
DE,2023-08-01,bull_put,435.0,432.5,1.2728,1.255,1.014183266932271,0.04597701149425292,0.1498387442496988,False,False,-122.72000000000001,LOSS
USB,2023-08-01,bull_put,39.0,38.5,0.2438,0.25,0.9752,0.1666666666666666,1.2447858015926923,False,False,24.38,WIN
NEE,2023-08-01,bull_put,72.5,72.0,0.2514,0.25,1.0056,0.11764705882352937,8.874218073638804,False,False,-24.86,LOSS
PNC,2023-08-01,bull_put,136.0,135.0,0.4996,0.5,0.9992,0.09836065573770501,2.131614745886783,False,False,-50.03999999999999,LOSS
TSLA,2023-08-01,bull_put,262.5,260.0,1.2891,1.325,0.9729056603773585,0.031413612565444914,1.9568875816298938,True,False,-121.09,LOSS
BA,2023-08-02,bull_put,232.5,230.0,1.2566,1.225,1.0257959183673468,0.04238921001926778,1.0387433976329397,False,False,5.830000000000679,PARTIAL
VRTX,2023-08-02,bull_put,360.0,357.5,1.3474,1.275,1.0567843137254902,0.2285714285714285,0.4954512237402838,False,False,-115.26,LOSS
ABBV,2023-08-02,bull_put,150.0,149.0,0.5126,0.49,1.0461224489795917,0.07936507936507943,0.48689608122205125,False,False,-48.74,LOSS
DE,2023-08-02,bull_put,432.5,430.0,1.2886,1.265,1.0186561264822136,0.10526315789473688,0.08696607535840611,False,False,-121.14,LOSS
TSLA,2023-08-02,bull_put,255.0,252.5,1.194,1.175,1.0161702127659573,0.03726708074534148,0.021760008535829992,True,False,2.7000000000006796,PARTIAL
NVDA,2023-08-02,bull_put,445.0,442.5,1.334,1.325,1.0067924528301888,0.041666666666666644,-0.005160828185740323,False,False,133.4,WIN
NVDA,2023-08-03,bull_put,447.5,445.0,1.3447,1.375,0.9779636363636364,0.0353982300884956,-0.09182115865355239,False,False,32.23500000000057,PARTIAL
QQQ,2023-08-03,bull_put,375.0,374.0,0.5022,0.435,1.1544827586206896,0.012631578947368527,-0.08839920620724019,False,False,-49.78,LOSS
AVGO,2023-08-03,bull_put,887.5,885.0,1.3232,1.1,1.2029090909090907,0.27848101265822783,-0.06592480296070087,False,False,-117.68,LOSS
NOW,2023-08-03,bull_put,562.5,560.0,1.3495,1.25,1.0796,0.3008849557522124,-0.013500997326775661,False,False,-115.05000000000001,LOSS
TMO,2023-08-03,bull_put,550.0,547.5,1.3415,1.4,0.9582142857142857,0.44705882352941184,-0.0563943990892428,False,False,-1.8500000000013728,PARTIAL
BLK,2023-08-03,bull_put,712.5,710.0,1.3859,1.3,1.066076923076923,0.47272727272727266,-0.057068246724170296,False,False,-83.41000000000274,PARTIAL
EOG,2023-08-07,bull_put,128.0,127.0,0.4827,0.475,1.0162105263157895,0.09523809523809519,0.33268724542278094,False,False,48.27,WIN
GE,2023-08-07,bull_put,115.0,114.0,0.4809,0.435,1.1055172413793104,0.05042016806722694,0.12141610706135308,False,False,4.044999999999716,PARTIAL
BA,2023-08-07,bull_put,240.0,237.5,1.3745,1.32,1.0412878787878788,0.01398601398601406,0.35486285478875246,False,False,-112.55,LOSS
PYPL,2023-08-07,bull_put,65.0,64.0,0.5381,0.535,1.0057943925233646,0.04761904761904766,4.65179414860642,False,False,-46.19,LOSS
NSC,2023-08-07,bull_put,225.0,222.5,1.1518,1.025,1.1237073170731708,0.10526315789473684,4.57910573641035,False,False,-134.82,LOSS
TSLA,2023-08-07,bull_put,252.5,250.0,1.2056,1.175,1.0260425531914894,0.009389671361502315,0.5560398620235274,True,False,-129.44,LOSS
TSLA,2023-08-08,bull_put,250.0,247.5,1.1694,1.15,1.0168695652173914,0.03550295857988153,0.6039186861248224,True,False,-133.06,LOSS
GS,2023-08-08,bull_put,350.0,347.5,1.2694,1.16,1.0943103448275864,0.06451612903225806,0.10663433654620216,False,False,-123.05999999999999,LOSS
SPY,2023-08-08,bull_put,450.0,449.0,0.5336,0.48,1.1116666666666666,0.0034904013961606388,0.04252536687504657,False,False,-46.64,LOSS
NVDA,2023-08-08,bull_put,450.0,447.5,1.3566,1.35,1.004888888888889,0.022857142857142777,0.010066466844992388,False,False,-114.34,LOSS
AMZN,2023-08-08,bull_put,141.0,140.0,0.5445,0.535,1.0177570093457944,0.02288329519450793,0.006179937119805096,False,False,-45.550000000000004,LOSS
QQQ,2023-08-08,bull_put,373.0,372.5,0.2473,0.24,1.0304166666666668,0.006289308176100635,-0.0046582068122957765,False,False,-25.27,LOSS
NVDA,2023-08-09,bull_put,427.5,425.0,1.2534,1.2,1.0445000000000002,0.0602006688963211,-0.024930091468625307,False,False,-124.66,LOSS
QQQ,2023-08-09,bull_put,369.0,368.0,0.4917,0.47,1.0461702127659576,0.006389776357827482,-0.032787670332771406,False,False,-50.83,LOSS
NOW,2023-08-09,bull_put,552.5,550.0,1.3164,1.3,1.0126153846153847,0.05633802816901401,0.003959137316426273,False,False,131.64000000000001,WIN
MMM,2023-08-09,bull_put,104.0,103.0,0.4623,0.45,1.0273333333333332,0.1200000000000001,0.07755332369667035,False,False,46.23,WIN
DE,2023-08-09,bull_put,437.5,435.0,1.2058,1.385,0.8706137184115523,0.15757575757575767,0.041468847938148444,False,False,-122.42000000000068,PARTIAL
ACN,2023-08-09,bull_put,312.5,310.0,1.1674,1.15,1.0151304347826087,0.10169491525423738,0.012114883122824346,False,False,-133.26,LOSS
TMO,2023-08-10,bull_put,547.5,545.0,1.1595,1.625,0.7135384615384616,0.706766917293233,0.3976605898729783,False,True,-134.05,LOSS
NOW,2023-08-10,bull_put,557.5,555.0,1.4063,1.1,1.2784545454545455,0.24561403508771934,0.3204355209174235,False,True,67.31500000000274,PARTIAL
NVDA,2023-08-10,bull_put,425.0,422.5,1.2132,1.225,0.9903673469387755,0.0740740740740742,-0.17842503533786572,False,False,-128.68,LOSS
QQQ,2023-08-10,bull_put,369.0,368.0,0.4622,0.445,1.0386516853932584,0.01081081081081082,-0.23509145625126812,False,False,-53.779999999999994,LOSS
IWM,2023-08-10,bull_put,191.0,190.0,0.4546,0.44,1.0331818181818182,0.01980198019801982,-0.5727432701148898,False,False,22.230000000000455,PARTIAL
COST,2023-08-10,bull_put,562.5,560.0,1.1464,1.135,1.0100440528634362,0.14652014652014664,-0.7062417834599275,False,False,114.64000000000001,WIN
NVDA,2023-08-14,bull_put,440.0,437.5,1.2939,1.3,0.9953076923076923,0.019801980198019733,-0.005853735574401442,False,False,-120.61,LOSS
SPY,2023-08-14,bull_put,449.0,448.0,0.4813,0.46,1.046304347826087,0.003683241252302111,-0.0014196007684151644,False,False,-51.870000000000005,LOSS
MA,2023-08-14,bull_put,400.0,397.5,1.1767,1.16,1.014396551724138,0.1294964028776979,0.030032553975130556,False,False,-132.32999999999998,LOSS
TSLA,2023-08-14,bull_put,242.5,240.0,1.3672,1.375,0.9943272727272727,0.02597402597402588,1.194083855087911,True,False,-113.28,LOSS
CSX,2023-08-14,bull_put,31.0,30.5,0.2346,0.2,1.173,0.2857142857142858,2.034680274192281,False,False,5.23000000000005,PARTIAL
EOG,2023-08-14,bull_put,132.0,131.0,0.487,0.5,0.974,0.17647058823529413,0.06841506112205119,False,False,-51.300000000000004,LOSS
TSLA,2023-08-15,bull_put,235.0,232.5,1.3271,1.3,1.0208461538461537,0.02020202020202013,1.3845107750379169,True,False,-117.29,LOSS
EOG,2023-08-15,bull_put,130.0,129.0,0.5279,0.5,1.0558,0.08450704225352121,0.2604920635980433,False,False,52.790000000000006,WIN
NVDA,2023-08-15,bull_put,442.5,440.0,1.4115,1.375,1.0265454545454544,0.026246719160104987,0.10862227201575855,False,False,-108.85000000000001,LOSS
VRTX,2023-08-15,bull_put,350.0,347.5,1.1485,0.9,1.2761111111111112,0.6666666666666666,0.08833677922547305,False,True,-135.15,LOSS
NOW,2023-08-15,bull_put,562.5,560.0,1.3562,1.3,1.0432307692307692,0.12658227848101264,0.010984348286172526,False,False,-114.38,LOSS
COST,2023-08-15,bull_put,560.0,557.5,1.2146,1.15,1.0561739130434782,0.06451612903225802,-0.0026205834753452754,False,False,-128.54000000000002,LOSS
NVDA,2023-08-16,bull_put,437.5,435.0,1.373,1.45,0.946896551724138,0.031347962382445145,0.0024540600470580364,False,False,-112.7,LOSS
DE,2023-08-16,bull_put,427.5,425.0,1.337,1.5,0.8913333333333333,0.10290827740492173,-0.020065806097452274,False,False,-116.3,LOSS
UNH,2023-08-16,bull_put,505.0,502.5,1.2434,1.09,1.1407339449541285,0.18844984802431614,0.020226969901340406,False,False,-125.66,LOSS
VRTX,2023-08-16,bull_put,345.0,342.5,1.5114,1.65,0.9160000000000001,0.5405405405405405,21.976710879012522,False,True,66.56999999999967,PARTIAL
TSLA,2023-08-16,bull_put,227.5,225.0,1.3196,1.275,1.034980392156863,0.03508771929824549,0.22912392207723595,True,False,-118.03999999999999,LOSS
NOW,2023-08-16,bull_put,552.5,550.0,1.3965,1.5,0.931,0.1388888888888889,0.02400127054706464,False,False,-110.35,LOSS
USB,2023-08-17,bull_put,37.0,36.5,0.2403,0.225,1.068,0.25000000000000006,8.453273530967301,False,False,4.015000000000171,PARTIAL
TSLA,2023-08-17,bull_put,220.0,217.5,1.128,1.135,0.9938325991189426,0.0434782608695651,1.29703925804649,True,False,-137.20000000000002,LOSS
COST,2023-08-17,bull_put,547.5,545.0,1.1286,1.06,1.0647169811320754,0.11072664359861588,0.4762207473272055,False,False,-137.14,LOSS
TMO,2023-08-17,bull_put,537.5,535.0,1.3441,1.25,1.07528,0.6035502958579881,0.20198484542520825,False,True,-115.58999999999999,LOSS
VRTX,2023-08-17,bull_put,345.0,342.5,1.1898,1.0,1.1898,0.5806451612903226,0.07100214761540326,False,True,50.489999999999654,PARTIAL
DE,2023-08-17,bull_put,422.5,420.0,1.3635,1.45,0.9403448275862069,0.08372093023255801,-0.038787258245487496,False,False,-113.65,LOSS
HD,2023-08-21,bull_put,325.0,322.5,1.1807,1.09,1.083211009174312,0.05797101449275354,0.09286635260455409,False,False,-95.92999999999863,PARTIAL
SPY,2023-08-21,bull_put,440.0,439.0,0.5137,0.465,1.104731182795699,0.005813953488372097,0.16188684902119765,False,False,24.185000000001367,PARTIAL
PYPL,2023-08-21,bull_put,60.0,59.0,0.4904,0.495,0.9907070707070708,0.03603603603603587,0.5828217223791525,False,False,49.04,WIN
TSLA,2023-08-21,bull_put,232.5,230.0,1.2524,1.225,1.0223673469387755,0.02666666666666673,0.8800211412340212,True,False,125.24,WIN
USB,2023-08-21,bull_put,37.0,36.5,0.2368,0.225,1.0524444444444445,0.08000000000000007,1.3434939841995308,False,False,-26.32,LOSS
EOG,2023-08-21,bull_put,131.0,130.0,0.5223,0.475,1.099578947368421,0.08219178082191776,0.8767616929441162,False,False,-47.77,LOSS
EOG,2023-08-22,bull_put,130.0,129.0,0.5325,0.525,1.0142857142857142,0.0869565217391305,0.49784054962270907,False,False,-46.75,LOSS
TSLA,2023-08-22,bull_put,235.0,232.5,1.2676,1.25,1.01408,0.01769911504424788,0.39232908416981793,True,False,126.76,WIN
DE,2023-08-22,bull_put,387.5,385.0,1.297,1.275,1.0172549019607844,0.07106598984771567,0.06892547442024882,False,False,129.7,WIN
NOW,2023-08-22,bull_put,565.0,562.5,1.3224,1.25,1.05792,0.04444444444444429,-0.0004668300680903468,False,False,-2.7600000000022717,PARTIAL
SPY,2023-08-22,bull_put,439.0,438.0,0.4942,0.47,1.0514893617021277,0.003210272873194295,-0.0020063648190621346,False,False,49.419999999999995,WIN
AVGO,2023-08-22,bull_put,862.5,860.0,1.4128,1.15,1.2285217391304348,0.09921671018276775,-0.0059088507533768585,False,False,-108.72,LOSS
GOOGL,2023-08-23,bull_put,133.0,132.0,0.5153,0.5,1.0306,0.0602409638554216,-0.022339387272213986,False,False,-48.47,LOSS
NOW,2023-08-23,bull_put,570.0,567.5,1.2569,1.3,0.9668461538461537,0.0891719745222929,-0.009859756989417712,False,False,-124.31,LOSS
AVGO,2023-08-23,bull_put,882.5,880.0,1.3945,1.3,1.0726923076923076,0.05929919137466315,-0.007646663513009772,False,False,-110.55,LOSS
SPY,2023-08-23,bull_put,444.0,443.0,0.506,0.48,1.0541666666666667,0.003577817531305827,0.007890758348907703,False,False,-49.4,LOSS
PNC,2023-08-23,bull_put,120.0,119.0,0.5107,0.475,1.0751578947368423,0.10169491525423738,1.134019378164884,False,False,-48.93,LOSS
NFLX,2023-08-23,bull_put,430.0,427.5,1.3731,1.3,1.056230769230769,0.10441767068273085,0.004454686800144716,False,False,-112.69,LOSS
ABBV,2023-08-24,bull_put,147.0,146.0,0.483,0.475,1.016842105263158,0.20359281437125754,4.606457167961842,False,False,8.649999999999885,PARTIAL
NOW,2023-08-24,bull_put,550.0,547.5,1.1845,1.0,1.1845,0.23157894736842097,0.03321820674193286,False,False,118.45000000000002,WIN
NVDA,2023-08-24,bull_put,472.5,470.0,1.1915,1.2,0.9929166666666667,0.03418803418803422,-0.020017089520989267,False,False,-130.85,LOSS
AVGO,2023-08-24,bull_put,857.5,855.0,1.3306,1.5,0.8870666666666667,0.14354066985645933,-0.0270906572523374,False,False,-116.94,LOSS
QQQ,2023-08-24,bull_put,362.0,361.0,0.5202,0.52,1.0003846153846154,0.007575757575757584,-0.06803885978233061,False,False,52.019999999999996,WIN
SPY,2023-08-24,bull_put,438.0,437.0,0.5587,0.54,1.0346296296296296,0.004192872117400517,-0.07885644649969212,False,False,55.87,WIN
NOW,2023-08-28,bull_put,570.0,567.5,1.2312,1.25,0.9849600000000001,0.05194805194805199,-0.013790461141699453,False,False,123.12,WIN
SPY,2023-08-28,bull_put,444.0,443.0,0.4962,0.49,1.0126530612244897,0.0033613445378150543,-0.007027287598078756,False,False,49.62,WIN
NVDA,2023-08-28,bull_put,472.5,470.0,1.366,1.4,0.9757142857142859,0.04329004329004329,-0.005922921976210548,False,False,136.60000000000002,WIN
QQQ,2023-08-28,bull_put,368.0,367.5,0.2554,0.24,1.0641666666666667,0.0057471264367816135,-0.002919584739264402,False,False,25.540000000000003,WIN
ADP,2023-08-28,bull_put,255.0,252.5,1.1583,0.975,1.1880000000000002,0.07999999999999995,10.02669534659053,False,False,115.83000000000001,WIN
TSLA,2023-08-28,bull_put,240.0,237.5,1.2438,1.25,0.99504,0.018691588785046828,1.1016638214168564,True,False,124.38,WIN
ADP,2023-08-29,bull_put,255.0,252.5,1.268,0.975,1.3005128205128205,0.12121212121212119,41.076216264422264,False,True,126.8,WIN
TSLA,2023-08-29,bull_put,260.0,257.5,1.372,1.425,0.9628070175438597,0.04800000000000011,0.4354724883099747,True,False,-112.79999999999998,LOSS
COST,2023-08-29,bull_put,545.0,542.5,1.3457,1.3,1.035153846153846,0.07486631016042773,0.21393240984863432,False,False,29.784999999999997,PARTIAL
NVDA,2023-08-29,bull_put,490.0,487.5,1.3128,1.225,1.071673469387755,0.011363636363636322,0.007262243962376629,False,False,-118.72,LOSS
QQQ,2023-08-29,bull_put,376.0,375.0,0.5029,0.475,1.0587368421052632,0.006329113924050638,-0.028682615833309482,False,False,50.29,WIN
SPY,2023-08-29,bull_put,450.0,449.0,0.4799,0.46,1.0432608695652172,0.004056795131845935,-0.03381830234054564,False,False,47.99,WIN
SPY,2023-08-30,bull_put,452.0,451.0,0.51,0.495,1.0303030303030303,0.009132420091324207,-0.019097595521157536,False,False,-30.000000000000227,PARTIAL
REGN,2023-08-30,bull_put,837.5,835.0,1.3152,1.3,1.0116923076923077,0.11764705882352937,-0.0480383165481723,False,False,-118.48,LOSS
BLK,2023-08-30,bull_put,697.5,695.0,1.2835,1.15,1.1160869565217393,0.19780219780219788,-0.10713190399787849,False,False,128.35000000000002,WIN
NVDA,2023-08-30,bull_put,495.0,492.5,1.3388,1.225,1.0928979591836734,0.05479452054794526,-0.011049076386930663,False,False,-116.12,LOSS
PNC,2023-08-30,bull_put,121.0,120.0,0.5742,0.45,1.276,0.08695652173913032,32.92109303476138,False,True,57.42,WIN
QQQ,2023-08-30,bull_put,377.5,377.0,0.2528,0.245,1.0318367346938777,0.012474012474012391,-0.008347053236447457,False,False,25.28,WIN
EOG,2023-08-31,bull_put,129.0,128.0,0.5053,0.425,1.1889411764705882,0.23529411764705876,1.7634232872747901,False,False,50.529999999999994,WIN
UNH,2023-08-31,bull_put,477.5,475.0,1.1628,1.25,0.9302400000000001,0.16666666666666666,0.14253233311444372,False,False,-9.719999999999086,PARTIAL
NVDA,2023-08-31,bull_put,495.0,492.5,1.2499,1.2,1.0415833333333333,0.06185567010309275,-0.14815030751813693,False,False,-125.01,LOSS
QQQ,2023-08-31,bull_put,379.0,378.0,0.5271,0.52,1.0136538461538462,0.00980392156862746,-0.2063051533243656,False,False,-47.29,LOSS
CRM,2023-08-31,bull_put,222.5,220.0,1.1599,1.18,0.9829661016949153,0.13647058823529412,-0.42818463875706103,False,False,9.495000000000054,PARTIAL
SPY,2023-08-31,bull_put,451.0,450.0,0.4533,0.46,0.9854347826086955,0.006920415224913502,-0.859180436469532,False,False,45.33,WIN
QQQ,2023-09-05,bull_put,379.0,378.0,0.5274,0.495,1.0654545454545454,0.010695187165775333,0.00010196578556480352,False,False,-47.260000000000005,LOSS
NOW,2023-09-05,bull_put,600.0,597.5,1.3385,1.4,0.9560714285714287,0.07299270072992702,0.040202177429702494,False,False,133.85,WIN
SPY,2023-09-05,bull_put,450.0,449.0,0.5122,0.48,1.0670833333333334,0.004618937644341702,0.08115173491141472,False,False,-48.78,LOSS
GM,2023-09-05,bull_put,33.5,33.0,0.2414,0.23,1.0495652173913044,0.0454545454545455,2.1046182431238605,False,False,-25.86,LOSS
ACN,2023-09-05,bull_put,327.5,325.0,1.2923,1.2,1.0769166666666667,0.09174311926605504,6.1172542780882635,False,False,-73.76999999999727,PARTIAL
AMZN,2023-09-05,bull_put,138.0,137.0,0.5254,0.59,0.8905084745762712,0.12048192771084333,0.0942320842955398,False,False,52.54,WIN
VRTX,2023-09-06,bull_put,345.0,342.5,1.2049,1.025,1.1755121951219514,0.14285714285714288,5.30544192115046,False,False,-74.50999999999885,PARTIAL
DHR,2023-09-06,bull_put,257.5,255.0,1.2001,1.0,1.2001,0.1234567901234568,3.552075254124815,False,False,-129.99,LOSS
SPY,2023-09-06,bull_put,447.0,446.0,0.5475,0.51,1.0735294117647058,0.01020408163265307,0.7989703616205639,False,False,-45.25,LOSS
DE,2023-09-06,bull_put,415.0,412.5,1.1434,1.1,1.0394545454545454,0.06428571428571435,0.3165847392342777,False,False,-135.66,LOSS
REGN,2023-09-06,bull_put,822.5,820.0,1.476,1.9,0.7768421052631579,0.20540540540540525,-0.0007690198089007818,False,False,147.6,WIN
NFLX,2023-09-06,bull_put,447.5,445.0,1.3095,1.275,1.027058823529412,0.04926108374384236,-0.0072575071375033115,False,False,-119.04999999999998,LOSS
NOW,2023-09-07,bull_put,600.0,597.5,1.1522,1.3,0.8863076923076922,0.5034013605442176,-0.08955958597514584,False,True,115.21999999999998,WIN
REGN,2023-09-07,bull_put,827.5,825.0,1.266,1.3,0.9738461538461538,0.6857142857142858,-0.09446672987535253,False,True,126.6,WIN
NFLX,2023-09-07,bull_put,445.0,442.5,1.4149,1.485,0.9527946127946127,0.10389610389610389,-0.028486642139303735,False,False,-78.50999999999885,PARTIAL
QQQ,2023-09-07,bull_put,372.5,372.0,0.2765,0.25,1.106,0.011627906976744196,-0.015227047924880048,False,False,27.650000000000002,WIN
VRTX,2023-09-07,bull_put,345.0,342.5,1.1909,1.35,0.8821481481481481,1.132867132867133,0.38519846514786305,False,True,-75.90999999999886,PARTIAL
EOG,2023-09-07,bull_put,132.0,131.0,0.5268,0.475,1.1090526315789475,0.15384615384615385,10.188277473682907,False,False,52.68000000000001,WIN
F,2023-09-11,bull_put,12.35,12.0,0.1649,0.165,0.9993939393939393,0.07692307692307698,2.4192413529725294,False,False,16.49,WIN
DIS,2023-09-11,bull_put,83.0,82.0,0.4919,0.485,1.0142268041237115,0.08612440191387569,1.9303069765043483,False,False,49.19,WIN
USB,2023-09-11,bull_put,36.5,36.0,0.2464,0.25,0.9856,0.15384615384615383,1.9286698836886957,False,False,-25.36,LOSS
EOG,2023-09-11,bull_put,131.0,130.0,0.5241,0.525,0.9982857142857142,0.08219178082191776,0.7224700791262364,False,False,52.410000000000004,WIN
ACN,2023-09-11,bull_put,327.5,325.0,1.3168,1.225,1.074938775510204,0.12499999999999997,0.37539593801245297,False,False,-118.32000000000001,LOSS
GE,2023-09-11,bull_put,115.0,114.0,0.5201,0.495,1.0507070707070707,0.12459016393442635,0.22418207204004376,False,False,52.01,WIN
GS,2023-09-12,bull_put,332.5,330.0,1.27,1.265,1.0039525691699607,0.08450704225352121,0.062014684034735416,False,False,127.0,WIN
COST,2023-09-12,bull_put,560.0,557.5,1.2005,1.13,1.0623893805309734,0.07999999999999995,0.06763376319930284,False,False,-129.95000000000002,LOSS
DIS,2023-09-12,bull_put,84.0,83.0,0.4552,0.445,1.0229213483146067,0.06896551724137938,0.17657627035666457,False,False,45.519999999999996,WIN
XOM,2023-09-12,bull_put,118.0,117.0,0.49,0.5,0.98,0.09677419354838718,2.116894520042653,False,False,-51.0,LOSS
AAPL,2023-09-12,bull_put,177.5,175.0,1.2221,1.19,1.0269747899159665,0.038709677419354965,6.117476560888464,False,False,-126.79000000000092,PARTIAL
NEE,2023-09-12,bull_put,68.0,67.5,0.2263,0.25,0.9052,0.1666666666666666,12.627169748621194,False,False,22.63,WIN
BMY,2023-09-13,bull_put,60.0,59.0,0.4598,0.435,1.0570114942528734,0.12121212121212116,5.945915726516638,False,False,-51.01999999999989,PARTIAL
GM,2023-09-13,bull_put,34.0,33.5,0.2719,0.265,1.0260377358490564,0.06451612903225812,1.3720547345041036,False,False,11.095000000000141,PARTIAL
NOW,2023-09-13,bull_put,592.5,590.0,1.2155,0.85,1.4300000000000002,0.12244897959183683,-0.0069555396183933246,False,True,-128.45,LOSS
REGN,2023-09-13,bull_put,827.5,825.0,1.2272,-0.35,-3.5062857142857147,0.5757575757575758,-0.032074335040504685,False,True,-127.27999999999999,LOSS
AVGO,2023-09-13,bull_put,855.0,852.5,1.2873,0.9,1.4303333333333335,0.18439716312056734,-0.03481291657330769,False,True,-121.26999999999998,LOSS
NVDA,2023-09-13,bull_put,457.5,455.0,1.3336,1.225,1.0886530612244896,0.06896551724137934,-0.05134537652200918,False,False,-116.64000000000001,LOSS
REGN,2023-09-14,bull_put,835.0,832.5,1.3005,2.175,0.5979310344827586,0.6782608695652175,-0.07948891512696617,False,True,-119.95,LOSS
TSLA,2023-09-14,bull_put,277.5,275.0,1.2924,1.25,1.03392,0.04316546762589926,0.1911192389486363,False,False,-120.76,LOSS
AVGO,2023-09-14,bull_put,872.5,870.0,1.1968,1.1,1.088,0.15686274509803919,-0.18948787186194932,False,False,-130.32,LOSS
NOW,2023-09-14,bull_put,592.5,590.0,1.464,1.4,1.0457142857142858,0.14432989690721654,1.7219895953646331,False,False,-103.60000000000001,LOSS
GE,2023-09-14,bull_put,116.0,115.0,0.4547,0.415,1.0956626506024096,0.29940119760479045,2.7758940851427747,False,False,-5.530000000000513,PARTIAL
ORCL,2023-09-14,bull_put,114.0,113.0,0.4604,0.47,0.9795744680851064,0.0523560209424083,1.0078746846712856,False,False,18.51999999999983,PARTIAL
USB,2023-09-18,bull_put,35.0,34.5,0.2523,0.25,1.0092,0.1666666666666666,7.5915122265062625,False,False,-24.77,LOSS
AMZN,2023-09-18,bull_put,141.0,140.0,0.5587,0.535,1.0442990654205606,0.03720930232558143,0.31959640445421955,False,False,-44.13,LOSS
COST,2023-09-18,bull_put,565.0,562.5,1.3031,1.25,1.0424799999999999,0.04210526315789459,0.22189838256516692,False,False,-119.69000000000001,LOSS
GE,2023-09-18,bull_put,117.0,116.0,0.4894,0.47,1.041276595744681,0.030534351145038195,0.16618780770891192,False,False,-51.06,LOSS
ORCL,2023-09-18,bull_put,113.0,112.0,0.5208,0.52,1.0015384615384615,0.021739130434782625,0.1245444224011803,False,False,-47.92,LOSS
XOM,2023-09-18,bull_put,118.0,117.0,0.4512,0.45,1.0026666666666666,0.02510460251046028,0.11918335497232826,False,False,-54.879999999999995,LOSS
REGN,2023-09-19,bull_put,840.0,837.5,1.2782,1.35,0.9468148148148148,0.11764705882352935,-0.010822054091301672,False,False,-122.18,LOSS
SPY,2023-09-19,bull_put,443.0,442.5,0.2311,0.22,1.0504545454545455,0.004415011037527696,-0.006707377554775048,False,False,-26.889999999999997,LOSS
NOW,2023-09-19,bull_put,575.0,572.5,1.3238,1.3,1.0183076923076924,0.06622516556291391,0.01706026824911354,False,False,-117.61999999999999,LOSS
UNH,2023-09-19,bull_put,482.5,480.0,1.2678,1.205,1.052116182572614,0.07228915662650598,0.022204628477167036,False,False,126.78,WIN
VRTX,2023-09-19,bull_put,360.0,357.5,1.4327,1.275,1.123686274509804,0.14492753623188406,4.182275056378477,False,False,-106.72999999999999,LOSS
CSX,2023-09-19,bull_put,31.0,30.5,0.2275,0.175,1.3,0.18181818181818177,13.126616330942987,False,True,22.75,WIN
SPY,2023-09-20,bull_put,439.0,438.0,0.5179,0.48,1.0789583333333335,0.009302325581395356,0.8716079083042343,False,False,-48.209999999999994,LOSS
NOW,2023-09-20,bull_put,572.5,570.0,1.2877,1.3,0.9905384615384616,0.06349206349206354,0.01935344309623781,False,False,-121.22999999999999,LOSS
QQQ,2023-09-20,bull_put,365.0,364.0,0.5348,0.495,1.0804040404040405,0.015094339622641523,0.011266282008505666,False,False,-46.52,LOSS
COST,2023-09-20,bull_put,565.0,562.5,1.1926,1.13,1.0553982300884959,0.08450704225352121,0.007536427114220056,False,False,-130.73999999999998,LOSS
REGN,2023-09-20,bull_put,832.5,830.0,1.1669,0.95,1.2283157894736842,0.11023622047244098,-0.04114263359580943,False,False,-133.31,LOSS
AMZN,2023-09-20,bull_put,136.0,135.0,0.5202,0.505,1.0300990099009901,0.043613707165108935,-0.05078202203054135,False,False,-47.980000000000004,LOSS
UNH,2023-09-21,bull_put,502.5,500.0,1.2244,1.22,1.0036065573770492,0.14765100671140952,-0.2590035934305224,False,False,122.44,WIN
SPY,2023-09-21,bull_put,432.0,431.0,0.5008,0.485,1.0325773195876289,0.005221932114882511,-0.25524703938162435,False,False,-49.919999999999995,LOSS
BLK,2023-09-21,bull_put,670.0,667.5,1.1855,1.725,0.6872463768115942,0.37500000000000006,-0.2667668167834284,False,False,-131.45,LOSS
TSLA,2023-09-21,bull_put,257.5,255.0,1.3245,1.32,1.003409090909091,0.05333333333333338,-0.15281315103712598,False,False,-117.55,LOSS
IWM,2023-09-21,bull_put,177.5,177.0,0.2695,0.265,1.0169811320754718,0.019047619047619063,-0.039861924858596694,False,False,-23.05,LOSS
QQQ,2023-09-21,bull_put,358.0,357.0,0.4687,0.46,1.0189130434782607,0.010869565217391313,-0.1821222497311853,False,False,18.93500000000125,PARTIAL
TXN,2023-09-25,bear_call,160.0,162.5,1.2629,1.285,0.9828015564202335,0.0779220779220778,31.181101110731227,False,False,126.28999999999999,WIN
TJX,2023-09-25,bear_call,88.0,89.0,0.4692,0.5,0.9384,0.0487804878048781,10.351487883460628,False,False,-41.07999999999954,PARTIAL
CME,2023-09-25,bear_call,200.0,202.5,1.2059,1.275,0.9458039215686275,0.1075268817204301,9.91795223026801,False,False,49.29500000000006,PARTIAL
V,2023-09-25,bear_call,232.5,235.0,1.2691,1.325,0.957811320754717,0.059259259259259144,6.153889616043166,False,False,126.91,WIN
BA,2023-09-25,bear_call,197.5,200.0,1.2753,1.375,0.9274909090909091,0.04444444444444455,5.369274320435584,False,False,127.53000000000002,WIN
ABT,2023-09-25,bear_call,97.0,98.0,0.5213,0.54,0.9653703703703703,0.04687500000000004,4.961885524877666,False,False,52.129999999999995,WIN
CSX,2023-09-26,bear_call,30.5,31.0,0.2327,0.25,0.9308,0.25000000000000006,9.944670830771523,False,False,-1.7300000000000009,PARTIAL
LOW,2023-09-26,bear_call,207.5,210.0,1.2887,1.32,0.9762878787878787,0.0381282495667244,10.299587874981267,False,False,47.434999999999825,PARTIAL
ABT,2023-09-26,bear_call,96.0,97.0,0.4577,0.5,0.9154,0.057692307692307744,7.9438549082113825,False,False,-39.229999999999436,PARTIAL
BAC,2023-09-26,bear_call,27.0,27.5,0.2477,0.255,0.9713725490196078,0.04878048780487795,12.32957758177064,False,False,-13.229999999999901,PARTIAL
TXN,2023-09-26,bear_call,157.5,160.0,1.1559,1.195,0.9672803347280333,0.05541561712846353,35.202699402497394,False,False,-35.4099999999991,PARTIAL
HD,2023-09-26,bear_call,302.5,305.0,1.1489,1.18,0.9736440677966103,0.046017699115044365,10.380369837868102,False,False,114.89,WIN
SBUX,2023-09-27,bear_call,91.0,92.0,0.4546,0.49,0.9277551020408163,0.10055865921787706,9.968139901667955,False,False,9.2300000000002,PARTIAL
CRM,2023-09-27,bear_call,202.5,205.0,1.135,1.14,0.9956140350877194,0.037558685446009425,10.470017158876637,False,False,42.74999999999994,PARTIAL
PG,2023-09-27,bear_call,147.0,148.0,0.5259,0.515,1.0211650485436894,0.08130081300813015,7.28199792068828,False,False,52.59,WIN
CAT,2023-09-27,bear_call,272.5,275.0,1.1641,1.2,0.9700833333333333,0.05235602094240834,13.5974328807,False,False,33.205,PARTIAL
TJX,2023-09-27,bear_call,88.0,89.0,0.4567,0.49,0.9320408163265306,0.07692307692307698,84.13698472418186,False,False,-42.32999999999954,PARTIAL
MA,2023-09-27,bear_call,395.0,397.5,1.262,1.29,0.9782945736434109,0.06249999999999992,12.17381968096501,False,False,17.59999999999875,PARTIAL
PG,2023-09-28,bear_call,146.0,147.0,0.4958,0.48,1.0329166666666667,0.1452513966480447,19.589117476861336,False,False,49.58,WIN
IWM,2023-09-28,bear_call,177.0,178.0,0.5666,0.545,1.0396330275229357,0.00796812749003985,12.93594089943997,False,False,56.66,WIN
GE,2023-09-28,bear_call,112.0,113.0,0.491,0.49,1.0020408163265306,0.35164835164835173,10.984029081366828,False,False,49.1,WIN
CRM,2023-09-28,bear_call,202.5,205.0,1.1633,1.25,0.93064,0.20652173913043473,6.2124320724243685,False,False,44.16499999999994,PARTIAL
IBM,2023-09-28,bull_put,142.0,141.0,0.4769,0.46,1.0367391304347826,0.15730337078651688,3.9443554426129706,False,False,-52.31,LOSS
QQQ,2023-09-28,bear_call,357.0,358.0,0.58,0.57,1.0175438596491229,0.007843137254901968,0.8260800539776152,False,False,-42.0,LOSS
CAT,2023-10-02,bear_call,270.0,272.5,1.3622,1.375,0.9906909090909092,0.04301075268817208,4.448654582132885,False,False,136.22,WIN
BA,2023-10-02,bear_call,187.5,190.0,1.1363,1.145,0.9924017467248909,0.04946996466431099,6.8320593047689195,False,False,113.63000000000001,WIN
MMM,2023-10-02,bear_call,90.0,91.0,0.4721,0.485,0.9734020618556701,0.060606060606060656,3.6664062715081283,False,False,47.21,WIN
AMGN,2023-10-02,bear_call,265.0,267.5,1.3069,1.37,0.9539416058394159,0.07194244604316546,17.033995640183527,False,False,-116.31000000000273,PARTIAL
LOW,2023-10-02,bear_call,205.0,207.5,1.2361,1.27,0.9733070866141732,0.043956043956043994,6.835354079280165,False,False,123.61,WIN
MRK,2023-10-02,bear_call,102.0,103.0,0.5718,0.555,1.0302702702702702,0.04982206405693939,19.562517931582335,False,False,-42.82,LOSS
MO,2023-10-03,bear_call,41.0,41.5,0.2486,0.26,0.956153846153846,0.047619047619047665,113.11035966577742,False,False,-25.14,LOSS
GILD,2023-10-03,bear_call,73.0,74.0,0.4855,0.5,0.971,0.06521739130434777,50.2555254846126,False,False,-51.449999999999996,LOSS
AMGN,2023-10-03,bear_call,260.0,262.5,1.235,1.315,0.9391634980988595,0.03125000000000003,31.959482440994165,False,False,-126.49999999999999,LOSS
RTX,2023-10-03,bull_put,71.0,70.0,0.4719,0.45,1.0486666666666666,0.046511627906976785,2.6667202537631853,False,False,-52.81,LOSS
SBUX,2023-10-03,bear_call,89.0,90.0,0.5132,0.535,0.9592523364485981,0.04115226337448564,1.3009425981938048,False,False,-48.68,LOSS
IWM,2023-10-03,bear_call,171.0,172.0,0.4979,0.52,0.9575,0.011049723756906087,1.262161497567739,False,False,-50.21,LOSS
MSFT,2023-10-04,bear_call,317.5,320.0,1.3361,0.78,1.712948717948718,0.4715447154471544,2.290045339240272,False,True,-116.38999999999999,LOSS
ISRG,2023-10-04,bear_call,290.0,292.5,1.1887,1.2,0.9905833333333335,0.14173228346456684,6.001950548033653,False,False,-131.13,LOSS
GS,2023-10-04,bear_call,307.5,310.0,1.3395,1.295,1.0343629343629344,0.07194244604316546,3.8478311394418805,False,False,-116.05000000000001,LOSS
VRTX,2023-10-04,bull_put,355.0,352.5,1.5441,1.3,1.1877692307692307,0.1142857142857144,3.45486678544594,False,False,154.41,WIN
MCD,2023-10-04,bear_call,255.0,257.5,1.1703,1.215,0.9632098765432098,0.14851485148514842,1.746190551591632,False,False,117.02999999999999,WIN
GOOGL,2023-10-04,bear_call,135.0,136.0,0.4893,0.505,0.9689108910891089,0.0746268656716417,1.191732324163404,False,False,-51.07000000000001,LOSS
IWM,2023-10-05,bear_call,171.0,172.0,0.4826,0.49,0.9848979591836734,0.015625000000000014,1.1632891285925753,False,False,-51.739999999999995,LOSS
ABBV,2023-10-05,bear_call,147.0,148.0,0.5033,0.495,1.0167676767676768,0.2660098522167487,2.8052179635969874,False,False,-49.669999999999995,LOSS
TMO,2023-10-05,bull_put,500.0,497.5,1.5237,1.95,0.7813846153846155,0.4646464646464647,2.8985266261082328,False,False,3.685000000000571,PARTIAL
GE,2023-10-05,bull_put,109.0,108.0,0.453,0.44,1.0295454545454545,0.12290502793296088,5.305346794412837,False,False,45.300000000000004,WIN
ORCL,2023-10-05,bear_call,108.0,109.0,0.4814,0.5,0.9628,0.0571428571428572,5.024111718754901,False,False,-51.85999999999999,LOSS
BLK,2023-10-05,bear_call,640.0,642.5,1.2562,1.125,1.1166222222222222,0.2222222222222222,3.8560218855385084,False,False,-124.38,LOSS
CME,2023-10-09,bear_call,215.0,217.5,1.1813,1.275,0.9265098039215687,0.08333333333333341,7.795485106054471,False,False,-131.87,LOSS
AMGN,2023-10-09,bear_call,270.0,272.5,1.3227,1.42,0.9314788732394367,0.05405405405405398,15.211280420980042,False,False,-117.73,LOSS
ADI,2023-10-09,bear_call,172.5,175.0,1.1885,1.25,0.9507999999999999,0.08849557522123894,3.8117859469500295,False,False,118.85,WIN
MDT,2023-10-09,bear_call,75.0,76.0,0.462,0.465,0.9935483870967742,0.08092485549132955,24.242474513699783,False,False,46.2,WIN
WMT,2023-10-09,bear_call,155.0,157.5,1.2074,1.255,0.9620717131474105,0.0151133501259446,30.51747746683737,False,False,-129.26,LOSS
MO,2023-10-09,bear_call,42.5,43.0,0.2505,0.275,0.9109090909090909,0.1010101010101011,21.91035284127534,False,False,4.525000000000171,PARTIAL
SBUX,2023-10-10,bear_call,93.0,94.0,0.4601,0.475,0.9686315789473685,0.06185567010309284,5.646849933711929,False,False,46.01,WIN
MA,2023-10-10,bear_call,400.0,402.5,1.2667,1.31,0.9669465648854961,0.05633802816901401,7.392443089855076,False,False,126.66999999999999,WIN
BA,2023-10-10,bear_call,192.5,195.0,1.2262,1.26,0.9731746031746031,0.0598006644518273,8.377412488903929,False,False,122.61999999999999,WIN
CME,2023-10-10,bear_call,215.0,217.5,1.3044,1.15,1.1342608695652174,0.318181818181818,34.39615096863019,False,False,-119.56,LOSS
AMGN,2023-10-10,bear_call,270.0,272.5,1.2585,1.36,0.9253676470588235,0.06349206349206354,28.362641457851655,False,False,-124.15,LOSS
LOW,2023-10-10,bear_call,202.5,205.0,1.15,1.115,1.0313901345291479,0.05200945626477535,16.143304091212322,False,False,114.99999999999999,WIN
AMGN,2023-10-11,bear_call,282.5,285.0,1.3426,1.195,1.1235146443514643,0.04283360790774296,40.13912712761191,False,False,-25.740000000002272,PARTIAL
CSX,2023-10-11,bear_call,31.5,32.0,0.2362,0.225,1.0497777777777777,0.33333333333333326,19.3710605263774,False,False,23.62,WIN
V,2023-10-11,bear_call,235.0,237.5,1.1652,1.24,0.9396774193548387,0.05291005291005284,13.041782800486114,False,False,-133.48,LOSS
MCD,2023-10-11,bear_call,250.0,252.5,1.2248,1.28,0.956875,0.08153477218225416,9.752006888640537,False,False,122.48000000000002,WIN
TMO,2023-10-11,bear_call,492.5,495.0,1.2126,1.275,0.9510588235294117,0.1234567901234568,2.4207615900519905,False,False,121.25999999999999,WIN
DE,2023-10-11,bull_put,390.0,387.5,1.1604,1.065,1.0895774647887326,0.10526315789473693,2.042543371656893,False,False,-133.95999999999998,LOSS
GM,2023-10-12,bull_put,30.5,30.0,0.2326,0.24,0.9691666666666667,0.15384615384615383,0.17499924252825547,False,False,-26.740000000000002,LOSS
REGN,2023-10-12,bear_call,837.5,840.0,1.3124,1.4,0.9374285714285715,1.3043478260869565,0.5066729486280592,False,True,-81.75999999999955,PARTIAL
SPY,2023-10-12,bear_call,433.0,434.0,0.5557,0.585,0.94991452991453,0.01010101010101011,2.517437321658631,False,False,55.57,WIN
PG,2023-10-12,bear_call,143.0,144.0,0.4658,0.565,0.824424778761062,0.36144578313253,7.514103431973741,False,False,-53.42,LOSS
GE,2023-10-12,bear_call,111.0,112.0,0.5141,0.55,0.9347272727272726,0.2083333333333334,31.6348487772588,False,False,51.41,WIN
QQQ,2023-10-12,bear_call,369.0,370.0,0.6069,0.615,0.9868292682926829,0.004535147392290152,4.9474654613287505,False,False,60.69,WIN
CRM,2023-10-16,bear_call,207.5,210.0,1.2923,1.245,1.037991967871486,0.10862619808306705,6.278465027744949,False,False,129.23,WIN
NSC,2023-10-16,bear_call,207.5,210.0,1.2761,0.65,1.9632307692307691,0.5531914893617021,4.771252770622969,False,True,127.61,WIN
BLK,2023-10-16,bear_call,632.5,635.0,1.4783,1.75,0.8447428571428571,0.155688622754491,0.6495745004216958,False,False,147.82999999999998,WIN
MA,2023-10-16,bear_call,400.0,402.5,1.28,1.405,0.9110320284697508,0.06666666666666682,0.577339139772351,False,False,128.0,WIN
DIS,2023-10-16,bull_put,86.0,85.0,0.4733,0.445,1.0635955056179776,0.03478260869565221,0.5515495311787884,False,False,-52.669999999999995,LOSS
AMZN,2023-10-16,bear_call,132.0,133.0,0.5353,0.55,0.9732727272727272,0.060324825986079036,0.5043273557279696,False,False,53.53,WIN
MRK,2023-10-17,bear_call,104.0,105.0,0.4769,0.51,0.9350980392156862,0.05454545454545439,7.557257774575991,False,False,47.69,WIN
BA,2023-10-17,bear_call,185.0,187.5,1.1496,1.215,0.9461728395061727,0.05447470817120627,7.4315365539494165,False,False,114.96,WIN
HD,2023-10-17,bear_call,295.0,297.5,1.2629,1.395,0.9053046594982078,0.11023622047244098,2.570418627346309,False,False,126.28999999999999,WIN
SBUX,2023-10-17,bear_call,94.0,95.0,0.4655,0.445,1.0460674157303371,0.13186813186813187,8.888515326915119,False,False,13.775000000000116,PARTIAL
MMM,2023-10-17,bear_call,90.0,91.0,0.5615,0.535,1.0495327102803738,0.04878048780487809,15.875825357790214,False,False,56.15,WIN
MCD,2023-10-17,bear_call,250.0,252.5,1.3506,1.34,1.007910447761194,0.05622489959839362,10.832889078959807,False,False,-114.94,LOSS
AMGN,2023-10-18,bear_call,282.5,285.0,1.2141,1.255,0.9674103585657371,0.17424242424242423,25.796561188581652,False,False,121.41,WIN
LOW,2023-10-18,bear_call,192.5,195.0,1.2386,1.28,0.9676562499999999,0.1322314049586778,12.847935200126205,False,False,123.85999999999999,WIN
MMM,2023-10-18,bear_call,88.0,89.0,0.4944,0.505,0.979009900990099,0.07619047619047625,8.125414789180489,False,False,49.44,WIN
DIS,2023-10-18,bull_put,85.0,84.0,0.4773,0.455,1.0490109890109889,0.04651162790697678,6.825988455809759,False,False,-52.27,LOSS
EMR,2023-10-18,bull_put,94.0,93.0,0.4657,0.4,1.16425,0.16216216216216217,5.888492855686506,False,False,-53.43,LOSS
HD,2023-10-18,bear_call,290.0,292.5,1.1395,1.145,0.9951965065502183,0.11047619047619049,2.937844028794897,False,False,113.94999999999999,WIN
IWM,2023-10-19,bull_put,169.0,168.0,0.5056,0.48,1.0533333333333335,0.015267175572519097,2.4015798443466148,False,False,-49.44,LOSS
MA,2023-10-19,bear_call,387.5,390.0,1.1708,1.05,1.115047619047619,0.28112449799196776,16.65875128705136,False,False,117.08000000000001,WIN
GM,2023-10-19,bull_put,29.5,29.0,0.242,0.225,1.0755555555555556,0.08219178082191789,20.886357747669642,False,False,24.2,WIN
MSFT,2023-10-19,bear_call,330.0,332.5,1.3927,1.25,1.11416,0.07705192629815744,24.157639719640148,False,False,139.27,WIN
CVX,2023-10-19,bull_put,170.0,167.5,1.194,1.115,1.0708520179372196,0.11147540983606567,68.30017422866146,False,False,-130.6,LOSS
AMGN,2023-10-19,bear_call,280.0,282.5,1.1251,1.06,1.0614150943396226,0.21138211382113828,88.94409905392084,False,False,112.51,WIN
CSX,2023-10-23,bear_call,30.0,30.5,0.2481,0.25,0.9924,0.20000000000000007,18.309731508144214,False,False,24.81,WIN
TJX,2023-10-23,bear_call,88.0,89.0,0.5008,0.535,0.9360747663551402,0.07142857142857129,16.545998350674033,False,False,50.080000000000005,WIN
MDT,2023-10-23,bear_call,72.0,73.0,0.5198,0.51,1.0192156862745099,0.04219409282700425,13.69988817527529,False,False,51.980000000000004,WIN
AMGN,2023-10-23,bear_call,272.5,275.0,1.1984,1.275,0.939921568627451,0.090909090909091,7.507072563940869,False,False,119.83999999999999,WIN
EMR,2023-10-23,bear_call,90.0,91.0,0.476,0.5,0.952,0.13333333333333325,4.605669754844039,False,False,47.599999999999994,WIN
SBUX,2023-10-23,bear_call,94.0,95.0,0.4848,0.5,0.9696,0.035087719298245446,2.890089699869749,False,False,48.480000000000004,WIN
EOG,2023-10-24,bull_put,131.0,130.0,0.5695,0.55,1.0354545454545454,0.07058823529411781,0.9917256431596446,False,False,-43.05,LOSS
VRTX,2023-10-24,bear_call,367.5,370.0,1.4641,1.45,1.0097241379310344,0.13333333333333325,1.1017994155398043,False,False,146.41,WIN
ORCL,2023-10-24,bear_call,103.0,104.0,0.4886,0.505,0.9675247524752475,0.043795620437956075,0.632368330206535,False,False,48.86,WIN
TJX,2023-10-24,bear_call,89.0,90.0,0.5083,0.54,0.9412962962962962,0.06763285024154594,28.85481343794887,False,False,50.83,WIN
AMGN,2023-10-24,bear_call,275.0,277.5,1.293,1.3,0.9946153846153846,0.048780487804878016,42.14442396117801,False,False,129.29999999999998,WIN
HD,2023-10-24,bear_call,282.5,285.0,1.2408,1.3,0.9544615384615384,0.10526315789473673,2.371683736255438,False,False,124.07999999999998,WIN
LOW,2023-10-25,bear_call,185.0,187.5,1.2974,1.315,0.9866159695817491,0.06315789473684226,31.505042719985138,False,False,129.74,WIN
CSCO,2023-10-25,bull_put,52.5,52.0,0.2577,0.205,1.2570731707317073,0.06593406593406588,30.809538462952755,False,True,-24.23,LOSS
GILD,2023-10-25,bear_call,78.0,79.0,0.4996,0.505,0.9893069306930693,0.11180124223602482,26.59240785565142,False,False,49.96,WIN
MMM,2023-10-25,bear_call,89.0,90.0,0.4963,0.52,0.9544230769230769,0.15525114155251135,9.490797322099898,False,False,49.63,WIN
ACN,2023-10-25,bear_call,292.5,295.0,1.1696,1.225,0.9547755102040816,0.1333333333333332,4.915272404603742,False,False,116.96,WIN
AXP,2023-10-25,bear_call,143.0,144.0,0.5272,0.53,0.9947169811320754,0.0671140939597316,2.28096588604672,False,False,52.72,WIN
UNH,2023-10-26,bear_call,527.5,530.0,1.2411,1.315,0.9438022813688214,0.16494845360824742,3.019547330386797,False,False,124.11000000000001,WIN
AXP,2023-10-26,bear_call,143.0,144.0,0.4773,0.475,1.004842105263158,0.1492537313432836,5.25568734513675,False,False,47.73,WIN
IWM,2023-10-26,bear_call,164.0,165.0,0.4531,0.45,1.006888888888889,0.018018018018018032,1.257227987449191,False,False,45.31,WIN
PYPL,2023-10-26,bull_put,52.0,51.0,0.4567,0.405,1.1276543209876542,0.17322834645669288,31.844982967918792,False,False,-54.33,LOSS
PG,2023-10-26,bull_put,150.0,149.0,0.5266,0.405,1.3002469135802468,0.16216216216216217,98.85000577986443,False,True,-47.339999999999996,LOSS
VRTX,2023-10-26,bull_put,362.5,360.0,1.2855,1.625,0.7910769230769231,1.3766233766233766,6.6852666827839355,False,True,-121.44999999999999,LOSS
MMM,2023-10-30,bear_call,89.0,90.0,0.5312,0.56,0.9485714285714285,0.061016949152542424,6.758341078069183,False,False,-46.88,LOSS
VZ,2023-10-30,bear_call,34.5,35.0,0.236,0.245,0.963265306122449,0.0674157303370787,11.928926066164184,False,False,-26.400000000000002,LOSS
V,2023-10-30,bear_call,232.5,235.0,1.2262,1.24,0.9888709677419355,0.058479532163742645,4.101977525941648,False,False,-127.38000000000001,LOSS
WMT,2023-10-30,bear_call,162.5,165.0,1.1325,1.14,0.9934210526315791,0.04154302670623149,17.408545076589668,False,False,-102.74999999999966,PARTIAL
ADP,2023-10-30,bull_put,217.5,215.0,1.4141,1.225,1.1543673469387754,0.08849557522123894,30.641042720431994,False,False,141.41,WIN
TJX,2023-10-30,bear_call,88.0,89.0,0.488,0.5,0.976,0.04651162790697678,14.922506656356134,False,False,-51.2,LOSS
CME,2023-10-31,bear_call,212.5,215.0,1.2023,1.25,0.9618399999999999,0.08888888888888896,24.69810745768268,False,False,120.22999999999999,WIN
LOW,2023-10-31,bear_call,190.0,192.5,1.194,1.2,0.995,0.05737704918032774,15.361197621792007,False,False,-130.6,LOSS
CRM,2023-10-31,bear_call,200.0,202.5,1.285,1.3,0.9884615384615384,0.033333333333333215,9.627296728445073,False,False,-121.50000000000001,LOSS
HON,2023-10-31,bear_call,182.5,185.0,1.2,1.225,0.9795918367346937,0.07228915662650598,7.085390210473355,False,False,-130.0,LOSS
TXN,2023-10-31,bear_call,142.0,143.0,0.4864,0.495,0.9826262626262626,0.03194888178913741,3.6775644917405166,False,False,-51.35999999999999,LOSS
GM,2023-10-31,bull_put,28.5,28.0,0.2679,0.25,1.0716,0.049586776859504175,3.6464093919474645,False,False,26.790000000000003,WIN
AXP,2023-11-01,bear_call,146.0,147.0,0.5085,0.56,0.9080357142857142,0.11347517730496447,1.4308562537109917,False,False,-49.15,LOSS
MSFT,2023-11-01,bear_call,345.0,347.5,1.2745,1.37,0.9302919708029196,0.04511278195488719,1.9380861008508434,False,False,-122.55,LOSS
TXN,2023-11-01,bear_call,143.0,144.0,0.4941,0.55,0.8983636363636363,0.12639405204460963,2.4136455313063223,False,False,-50.59,LOSS
CME,2023-11-01,bear_call,210.0,212.5,1.1688,1.275,0.9167058823529413,0.3333333333333334,3.2252396314309606,False,False,116.88000000000001,WIN
MA,2023-11-01,bear_call,377.5,380.0,1.2191,1.18,1.033135593220339,0.10041841004184092,11.086221972161422,False,False,-128.09,LOSS
AMGN,2023-11-01,bear_call,260.0,262.5,1.2503,1.3,0.9617692307692307,0.14857142857142844,68.02949987759482,False,False,-124.97,LOSS
CL,2023-11-02,bull_put,75.0,74.5,0.2525,0.225,1.1222222222222222,0.4000000000000001,26.62226315411751,False,False,3.624999999999659,PARTIAL
MMM,2023-11-02,bear_call,92.0,93.0,0.4668,0.44,1.0609090909090908,0.14705882352941174,6.495567459208427,False,False,-53.32,LOSS
MSFT,2023-11-02,bear_call,347.5,350.0,1.175,1.205,0.975103734439834,0.13776722090261284,6.07157649394081,False,False,-132.5,LOSS
UNH,2023-11-02,bear_call,535.0,537.5,1.3275,1.25,1.0619999999999998,0.13143872113676736,4.317560554433526,False,False,132.75,WIN
IWM,2023-11-02,bull_put,170.0,169.0,0.45,0.43,1.0465116279069768,0.020000000000000018,3.1655827497089035,False,False,45.0,WIN
ACN,2023-11-02,bear_call,307.5,310.0,1.1689,1.125,1.0390222222222223,0.21621621621621617,1.664842749090274,False,False,-133.10999999999999,LOSS
MMM,2023-11-06,bear_call,93.0,94.0,0.5363,0.555,0.9663063063063062,0.06642066420664196,12.475470307344066,False,False,53.63,WIN
MRK,2023-11-06,bear_call,104.0,105.0,0.497,0.525,0.9466666666666667,0.046082949308755804,17.440841829936357,False,False,49.7,WIN
MDT,2023-11-06,bear_call,73.0,74.0,0.5244,0.515,1.018252427184466,0.03278688524590167,29.808288785555643,False,False,52.44,WIN
CME,2023-11-06,bear_call,212.5,215.0,1.1654,1.175,0.9918297872340425,0.09756097560975609,32.651230850224685,False,False,-133.46,LOSS
VZ,2023-11-06,bear_call,35.5,36.0,0.2443,0.23,1.0621739130434782,0.054054054054054106,59.21244708118077,False,False,1.7149999999999568,PARTIAL
SO,2023-11-06,bear_call,69.0,70.0,0.5499,0.375,1.4664000000000001,0.46153846153846156,84.18649393433442,False,True,54.99000000000001,WIN
CL,2023-11-07,bear_call,75.0,75.5,0.2925,0.275,1.0636363636363635,0.18181818181818177,57.029794772348154,False,False,-13.750000000000684,PARTIAL
AMGN,2023-11-07,bear_call,270.0,272.5,1.2773,1.285,0.9940077821011675,0.05090909090909079,50.15761142224628,False,False,127.73,WIN
PM,2023-11-07,bear_call,91.0,92.0,0.53,0.475,1.1157894736842107,0.13333333333333344,37.86594409173008,False,False,53.0,WIN
MA,2023-11-07,bear_call,387.5,390.0,1.4023,1.415,0.9910247349823322,0.08955223880597009,7.648937950093043,False,False,-109.77,LOSS
AMZN,2023-11-07,bear_call,142.0,143.0,0.5538,0.575,0.9631304347826087,0.03278688524590167,2.8380867997759602,False,False,-44.62,LOSS
MMM,2023-11-07,bear_call,93.0,94.0,0.4608,0.49,0.9404081632653061,0.07619047619047625,2.2524029668384546,False,False,46.08,WIN
HD,2023-11-08,bear_call,295.0,297.5,1.2425,1.275,0.9745098039215686,0.12173913043478253,1.8666596537783315,False,False,124.25,WIN
MSFT,2023-11-08,bear_call,362.5,365.0,1.2267,1.22,1.0054918032786884,0.02255639097744363,4.640450619794069,False,False,-127.33000000000001,LOSS
ISRG,2023-11-08,bear_call,277.5,280.0,1.24,1.175,1.0553191489361702,0.11320754716981125,10.749883064562116,False,False,124.0,WIN
PM,2023-11-08,bear_call,90.0,91.0,0.4691,0.425,1.103764705882353,0.1666666666666666,12.065736269924697,False,False,46.910000000000004,WIN
EOG,2023-11-08,bear_call,121.0,122.0,0.5646,0.45,1.2546666666666666,0.08333333333333341,35.02531113942228,False,True,-43.54,LOSS
AMGN,2023-11-08,bear_call,272.5,275.0,1.1714,1.22,0.9601639344262295,0.11403508771929834,62.32366861576037,False,False,117.14,WIN
ACN,2023-11-09,bull_put,315.0,312.5,1.2342,1.025,1.2040975609756097,0.38805970149253727,39.42910791281785,False,False,123.42,WIN
CL,2023-11-09,bear_call,75.0,75.5,0.2565,0.225,1.14,0.46153846153846156,19.062304287161908,False,False,-17.35000000000068,PARTIAL
TXN,2023-11-09,bear_call,143.0,144.0,0.4898,0.49,0.9995918367346939,0.17647058823529416,12.657951215378969,False,False,-51.019999999999996,LOSS
MSFT,2023-11-09,bear_call,360.0,362.5,1.1634,1.23,0.9458536585365853,0.21495327102803746,4.082128138052995,False,False,-133.66,LOSS
SPY,2023-11-09,bear_call,433.0,434.0,0.582,0.6,0.97,0.015831134564643815,1.918828623213658,False,False,-41.8,LOSS
IWM,2023-11-09,bear_call,167.0,167.5,0.2694,0.29,0.9289655172413793,0.017543859649122823,0.4328829466223157,False,False,-23.06,LOSS
REGN,2023-11-13,bull_put,800.0,797.5,1.3596,1.3,1.0458461538461536,0.4541062801932367,-0.004755234249915835,False,False,135.95999999999998,WIN
TSLA,2023-11-13,bull_put,225.0,222.5,1.2392,1.225,1.0115918367346939,0.02690582959641262,-0.0015488950498951785,False,False,123.92,WIN
DIS,2023-11-13,bull_put,90.0,89.0,0.4989,0.495,1.0078787878787878,0.04405286343612319,0.03017846121822071,False,False,49.89,WIN
UPS,2023-11-13,bull_put,139.0,138.0,0.519,0.505,1.0277227722772277,0.09195402298850583,0.08092298291050418,False,False,51.9,WIN
DHR,2023-11-13,bull_put,197.5,195.0,1.2991,1.3,0.9993076923076922,0.09523809523809519,0.4952877354490511,False,False,129.91,WIN
NSC,2023-11-13,bull_put,200.0,197.5,1.1605,1.15,1.0091304347826089,0.21782178217821777,2.2593838441737266,False,False,116.05000000000001,WIN
VZ,2023-11-14,bull_put,36.0,35.5,0.2337,0.18,1.2983333333333333,0.10526315789473673,10.468870049094036,False,True,23.369999999999997,WIN
TSLA,2023-11-14,bull_put,240.0,237.5,1.4067,1.425,0.9871578947368421,0.05309734513274333,0.33215106837574554,False,False,-109.33,LOSS
UNH,2023-11-14,bull_put,542.5,540.0,1.3122,1.23,1.066829268292683,0.13017751479289938,0.17926378502802398,False,False,-118.78,LOSS
JPM,2023-11-14,bull_put,149.0,148.0,0.4877,0.465,1.0488172043010753,0.10769230769230778,0.06637625380382635,False,False,48.77,WIN
REGN,2023-11-14,bull_put,797.5,795.0,1.3986,1.45,0.9645517241379311,0.6105263157894738,0.02771083794265056,False,True,139.86,WIN
IWM,2023-11-14,bull_put,179.0,178.0,0.4868,0.515,0.9452427184466019,0.009999999999999898,-0.005026550829702485,False,False,-22.320000000000796,PARTIAL
QQQ,2023-11-15,bull_put,386.0,385.0,0.535,0.545,0.981651376146789,0.00724637681159421,0.26338289526719205,False,False,53.5,WIN
IWM,2023-11-15,bull_put,179.0,178.0,0.4789,0.485,0.9874226804123711,0.013071895424836612,0.26962066327386286,False,False,-23.110000000000795,PARTIAL
ABBV,2023-11-15,bull_put,138.0,137.0,0.454,0.43,1.0558139534883721,0.13592233009708748,0.06601441742339538,False,False,45.4,WIN
SPY,2023-11-15,bull_put,450.0,449.0,0.503,0.485,1.0371134020618558,0.009950248756218916,1.2527429922546034,False,False,50.3,WIN
DE,2023-11-15,bull_put,382.5,380.0,1.3008,1.24,1.0490322580645162,0.10958904109589038,1.7057245648570225,False,False,130.07999999999998,WIN
AMZN,2023-11-15,bull_put,144.0,143.0,0.5206,0.5,1.0412,0.11480362537764346,0.2881053617859399,False,False,52.059999999999995,WIN
USB,2023-11-16,bull_put,37.5,37.0,0.2429,0.25,0.9716,0.25000000000000006,9.78196437405805,False,False,24.29,WIN
GS,2023-11-16,bull_put,337.5,335.0,1.1661,1.165,1.0009442060085836,0.11414392059553351,4.810974661975043,False,False,116.60999999999999,WIN
ORCL,2023-11-16,bull_put,115.0,114.0,0.4571,0.48,0.9522916666666668,0.1161290322580645,1.2999056002302471,False,False,45.71,WIN
TSLA,2023-11-16,bull_put,235.0,232.5,1.3226,1.18,1.1208474576271188,0.05882352941176476,0.22144662946415608,False,False,31.130000000000567,PARTIAL
REGN,2023-11-16,bull_put,797.5,795.0,1.2114,3.175,0.3815433070866142,0.6771653543307087,0.018434734877408848,False,True,121.14,WIN
EOG,2023-11-16,bull_put,121.0,120.0,0.4616,0.425,1.0861176470588236,0.4444444444444446,-1.2386114289093382,False,False,46.160000000000004,WIN
UPS,2023-11-20,bull_put,150.0,149.0,0.4635,0.46,1.007608695652174,0.04615384615384619,0.013125035578072835,False,False,46.35,WIN
CVX,2023-11-20,bull_put,145.0,144.0,0.4768,0.47,1.014468085106383,0.0805860805860805,0.04312334591732396,False,False,18.840000000000284,PARTIAL
QQQ,2023-11-20,bull_put,392.0,391.0,0.5501,0.52,1.0578846153846153,0.006779661016949158,0.044421098342040756,False,False,-44.99,LOSS
IWM,2023-11-20,bull_put,180.0,179.0,0.5489,0.52,1.0555769230769232,0.011904761904761916,0.08254427797493263,False,False,-12.109999999998744,PARTIAL
SPY,2023-11-20,bull_put,455.0,454.0,0.5292,0.495,1.069090909090909,0.00956937799043063,0.08370677302869459,False,False,52.92,WIN
EOG,2023-11-20,bull_put,126.0,125.0,0.5348,0.5,1.0696,0.09836065573770501,3.6070404776054907,False,False,-46.52,LOSS
ABBV,2023-11-21,bull_put,139.0,138.0,0.452,0.405,1.1160493827160494,0.06369426751592362,3.1181671315045705,False,False,6.099999999999375,PARTIAL
SPY,2023-11-21,bull_put,454.0,453.0,0.5471,0.555,0.9857657657657657,0.008928571428571435,0.6783871713724408,False,False,54.71,WIN
IWM,2023-11-21,bull_put,177.5,177.0,0.2939,0.28,1.049642857142857,0.014084507042253534,0.2228926491111593,False,False,29.39,WIN
REGN,2023-11-21,bull_put,800.0,797.5,1.1984,1.2,0.9986666666666666,0.12698412698412695,0.019406903819465367,False,False,-50.16000000000456,PARTIAL
DE,2023-11-21,bull_put,385.0,382.5,1.3333,1.3,1.0256153846153846,0.0390243902439023,3.457329168893665e-05,False,False,-116.67,LOSS
QQQ,2023-11-21,bull_put,389.0,388.0,0.5174,0.495,1.045252525252525,0.011214953271027965,-0.007862959331643172,False,False,51.739999999999995,WIN
ORCL,2023-11-27,bull_put,117.0,116.0,0.4859,0.51,0.9527450980392157,0.05042016806722694,0.36604765248087484,False,False,48.59,WIN
COST,2023-11-27,bull_put,597.5,595.0,1.348,1.3,1.036923076923077,0.06837606837606829,0.3892467483128107,False,False,4.900000000000004,PARTIAL
CVX,2023-11-27,bull_put,145.0,144.0,0.4952,0.48,1.0316666666666667,0.03409090909090912,0.0902753063940158,False,False,15.260000000000112,PARTIAL
EOG,2023-11-27,bull_put,124.0,123.0,0.5536,0.55,1.0065454545454544,0.09523809523809532,1.4429160236751517,False,False,7.679999999999715,PARTIAL
NSC,2023-11-27,bull_put,212.5,210.0,1.1543,1.025,1.1261463414634147,0.1149425287356322,5.849165796187254,False,False,115.43,WIN
NEE,2023-11-27,bull_put,58.0,57.0,0.4665,0.475,0.9821052631578948,0.11764705882352937,1.0120712887810326,False,False,46.650000000000006,WIN
SCHW,2023-11-28,bull_put,56.0,55.0,0.4532,0.4,1.133,0.10852713178294583,27.499911452646884,False,False,45.32,WIN
CSCO,2023-11-28,bull_put,48.0,47.5,0.2271,0.215,1.0562790697674418,0.08955223880597007,17.906108593591163,False,False,22.71,WIN
DHR,2023-11-28,bull_put,220.0,217.5,1.2778,1.225,1.0431020408163265,0.20952380952380945,8.383772522804719,False,False,127.78,WIN
DIS,2023-11-28,bull_put,93.0,92.0,0.5124,0.48,1.0675,0.02955665024630544,4.227132215161476,False,False,4.619999999999913,PARTIAL
MMM,2023-11-28,bull_put,99.0,98.0,0.5269,0.485,1.0863917525773197,0.12244897959183673,2.686032126815456,False,False,52.690000000000005,WIN
COST,2023-11-28,bull_put,595.0,592.5,1.3398,1.15,1.1650434782608698,0.11167512690355325,1.599164387133799,False,False,133.98000000000002,WIN
COST,2023-11-29,bull_put,590.0,587.5,1.3354,1.225,1.0901224489795918,0.036697247706422055,0.21663818534693619,False,False,133.54,WIN
MSFT,2023-11-29,bull_put,380.0,377.5,1.2436,1.04,1.1957692307692307,0.15686274509803919,0.2891931110976246,False,False,-125.64,LOSS
XOM,2023-11-29,bull_put,103.0,102.0,0.5217,0.51,1.0229411764705882,0.044776119402985114,0.056229023184166047,False,False,25.584999999999745,PARTIAL
SCHW,2023-11-29,bull_put,60.0,59.0,0.4667,0.475,0.9825263157894737,0.035928143712574884,0.9124132166179151,False,False,46.67,WIN
AMZN,2023-11-29,bull_put,147.0,146.0,0.5241,0.51,1.0276470588235294,0.03257328990228016,1.2726196495227835,False,False,52.410000000000004,WIN
DE,2023-11-29,bull_put,365.0,362.5,1.1523,1.165,0.989098712446352,0.06608695652173927,0.5472986125703712,False,False,115.23,WIN
DE,2023-11-30,bull_put,365.0,362.5,1.1555,1.135,1.0180616740088106,0.2764976958525346,8.971675981294778,False,False,115.55,WIN
VRTX,2023-11-30,bull_put,355.0,352.5,1.1746,0.55,2.1356363636363636,1.9393939393939397,11.842547047493547,False,True,-132.54,LOSS
IWM,2023-11-30,bull_put,180.0,179.0,0.5054,0.51,0.9909803921568626,0.03448275862068969,8.116720337131504,False,False,50.54,WIN
GS,2023-11-30,bull_put,342.5,340.0,1.2253,1.13,1.084336283185841,0.18779342723004702,13.145893960941054,False,False,122.53,WIN
CVX,2023-11-30,bull_put,144.0,143.0,0.5305,0.52,1.0201923076923076,0.16425120772946872,23.444078572973734,False,False,53.05,WIN
BA,2023-11-30,bull_put,232.5,230.0,1.1662,1.01,1.1546534653465346,0.35362318840579704,12.420896094424446,False,False,116.61999999999999,WIN
PFE,2023-12-04,bull_put,29.5,29.0,0.2474,0.25,0.9896,0.06593406593406588,3.268676807777535,False,False,-25.259999999999998,LOSS
XOM,2023-12-04,bull_put,103.0,102.0,0.4994,0.54,0.9248148148148148,0.10600706713780912,0.840502438557114,False,False,-50.06,LOSS
MA,2023-12-04,bull_put,410.0,407.5,1.3004,1.285,1.0119844357976655,0.05479452054794526,0.4702884903297522,False,False,130.04,WIN
COST,2023-12-04,bull_put,600.0,597.5,1.2344,1.1,1.122181818181818,0.06593406593406588,0.31500991422335645,False,False,123.44,WIN
NEE,2023-12-04,bull_put,59.0,58.0,0.4506,0.475,0.9486315789473685,0.11764705882352937,0.16492767343137504,False,False,45.06,WIN
SPY,2023-12-04,bull_put,457.0,456.0,0.5135,0.48,1.0697916666666667,0.004024144869215384,0.09150617497861041,False,False,51.349999999999994,WIN
ABBV,2023-12-05,bull_put,145.0,144.0,0.4673,0.47,0.9942553191489362,0.03174603174603177,0.28778585396812517,False,False,46.73,WIN
PNC,2023-12-05,bull_put,139.0,138.0,0.4853,0.45,1.0784444444444445,0.08955223880597009,0.19268408783189803,False,False,48.53,WIN
MCD,2023-12-05,bull_put,287.5,285.0,1.1596,1.18,0.9827118644067797,0.13740458015267182,0.530858645683566,False,False,-81.04000000000273,PARTIAL
VRTX,2023-12-05,bull_put,355.0,352.5,1.223,0.525,2.3295238095238098,1.4917127071823204,0.8772722626851801,False,True,-127.69999999999999,LOSS
ORCL,2023-12-05,bull_put,115.0,114.0,0.5133,0.48,1.069375,0.035087719298245446,1.3025930371441765,False,False,-48.67,LOSS
XOM,2023-12-05,bull_put,101.0,100.0,0.4967,0.465,1.0681720430107526,0.06400000000000006,2.4362812655323083,False,False,-50.33,LOSS
EMR,2023-12-06,bull_put,88.0,87.0,0.4762,0.4,1.1905,0.15384615384615383,57.1589826230456,False,False,47.620000000000005,WIN
CVX,2023-12-06,bull_put,143.0,142.0,0.4966,0.455,1.0914285714285714,0.029197080291970663,0.7137351284555461,False,False,49.66,WIN
PNC,2023-12-06,bull_put,140.0,139.0,0.5051,0.5,1.0102,0.12903225806451613,0.5650230428836828,False,False,50.51,WIN
AMZN,2023-12-06,bull_put,145.0,144.0,0.4942,0.49,1.0085714285714285,0.03436426116838491,0.15197356904512135,False,False,49.419999999999995,WIN
NOW,2023-12-06,bull_put,687.5,685.0,1.2537,1.15,1.0901739130434784,0.08264462809917356,0.03874078595762076,False,False,125.37,WIN
IWM,2023-12-06,bull_put,185.0,184.0,0.5671,0.535,1.06,0.010309278350515474,-0.017381403714375188,False,False,56.71000000000001,WIN
QQQ,2023-12-07,bull_put,391.0,390.0,0.5084,0.51,0.9968627450980391,0.009174311926605514,-0.03801164213938443,False,False,50.839999999999996,WIN
NOW,2023-12-07,bull_put,690.0,687.5,1.3172,1.4,0.9408571428571428,0.11538461538461531,-0.011897981711526937,False,False,131.72,WIN
SPY,2023-12-07,bull_put,459.0,458.0,0.5351,0.53,1.009622641509434,0.0049382716049381666,0.0022432222861224612,False,False,53.510000000000005,WIN
DE,2023-12-07,bull_put,362.5,360.0,1.2707,1.35,0.9412592592592591,0.21830985915492962,7.2927827353460595,False,False,127.07,WIN
VRTX,2023-12-07,bull_put,355.0,352.5,1.2545,0.275,4.5618181818181816,1.9263803680981593,0.8907047271493667,False,True,-124.55000000000001,LOSS
BLK,2023-12-07,bull_put,747.5,745.0,1.3614,1.5,0.9076,0.2912621359223301,0.021485626572628366,False,False,-113.86,LOSS
XOM,2023-12-11,bull_put,100.0,99.0,0.4748,0.46,1.0321739130434782,0.02510460251046028,0.4565663657089657,False,False,47.48,WIN
GE,2023-12-11,bull_put,121.0,120.0,0.5164,0.51,1.012549019607843,0.040268456375838965,0.20078551948720968,False,False,51.64,WIN
MO,2023-12-11,bull_put,41.5,41.0,0.2262,0.19,1.1905263157894737,0.13793103448275854,0.9163681444675155,False,False,22.62,WIN
HD,2023-12-11,bull_put,332.5,330.0,1.2515,1.195,1.0472803347280335,0.07518796992481203,1.7611479371144967,False,False,125.15,WIN
DHR,2023-12-11,bull_put,222.5,220.0,1.2258,1.2,1.0215,0.08403361344537814,1.50195307497001,False,False,122.58,WIN
CVX,2023-12-11,bull_put,145.0,144.0,0.5168,0.48,1.0766666666666669,0.029673590504451064,1.0990148619326725,False,False,51.68000000000001,WIN
CSCO,2023-12-12,bull_put,49.5,49.0,0.23,0.21,1.0952380952380953,0.10810810810810821,16.789185194179804,False,False,23.0,WIN
PM,2023-12-12,bull_put,93.0,92.5,0.2517,0.225,1.1186666666666665,0.23999999999999985,5.493313241809633,False,False,25.169999999999998,WIN
ISRG,2023-12-12,bull_put,322.5,320.0,1.3157,1.3,1.012076923076923,0.10000000000000009,0.6645133736190545,False,False,131.57000000000002,WIN
UNH,2023-12-12,bull_put,547.5,545.0,1.3094,1.335,0.9808239700374531,0.05847953216374269,0.2235233483744766,False,False,-119.06000000000002,LOSS
GOOGL,2023-12-12,bull_put,133.0,132.0,0.515,0.495,1.0404040404040404,0.021201413427561856,0.10442069315998968,False,False,5.749999999999717,PARTIAL
VRTX,2023-12-12,bull_put,360.0,357.5,1.3447,1.25,1.07576,0.06349206349206354,0.05390190060809653,False,False,134.47,WIN
GOOGL,2023-12-13,bull_put,133.0,132.0,0.4857,0.485,1.0014432989690722,0.04878048780487809,0.17243614499979526,False,False,4.284999999999717,PARTIAL
UNH,2023-12-13,bull_put,550.0,547.5,1.2219,1.14,1.071842105263158,0.09230769230769226,0.14119569058220754,False,False,-127.81,LOSS
NFLX,2023-12-13,bull_put,482.5,480.0,1.4665,1.4,1.0475,0.0807174887892377,0.40482231775270605,False,False,-103.35000000000001,LOSS
TXN,2023-12-13,bull_put,162.5,160.0,1.1383,1.045,1.0892822966507179,0.05714285714285719,11.875955770746357,False,False,113.83000000000001,WIN
AMZN,2023-12-13,bull_put,149.0,148.0,0.5191,0.445,1.1665168539325843,0.024291497975708527,3.5933836105321695,False,False,51.910000000000004,WIN
DE,2023-12-13,bull_put,377.5,375.0,1.1474,1.165,0.9848927038626609,0.09375000000000008,1.705386178773971,False,False,114.74,WIN
DHR,2023-12-14,bull_put,230.0,227.5,1.1576,1.075,1.0768372093023255,0.19718309859154923,40.935853805463594,False,False,-134.24,LOSS
PG,2023-12-14,bull_put,145.0,144.0,0.4844,0.425,1.139764705882353,0.2857142857142858,8.818688067966217,False,False,-51.559999999999995,LOSS
BA,2023-12-14,bull_put,257.5,255.0,1.2979,1.31,0.990763358778626,0.22476190476190472,3.8460495537197903,False,False,129.79,WIN
QCOM,2023-12-14,bull_put,142.0,141.0,0.5279,0.555,0.9511711711711711,0.18340611353711786,1.9279599021431753,False,False,52.790000000000006,WIN
QQQ,2023-12-14,bull_put,404.0,403.0,0.5423,0.53,1.0232075471698112,0.0213903743315507,0.39164122141411034,False,False,54.230000000000004,WIN
NOW,2023-12-14,bull_put,682.5,680.0,1.3911,1.25,1.11288,0.33846153846153837,0.3579189660842614,False,False,139.11,WIN
PYPL,2023-12-18,bull_put,62.0,61.0,0.5245,0.53,0.9896226415094338,0.03174603174603177,1.3335133706709577,False,False,18.22500000000017,PARTIAL
DHR,2023-12-18,bull_put,227.5,225.0,1.1873,1.275,0.9312156862745099,0.05607476635514016,1.8683715340644402,False,False,118.73,WIN
EOG,2023-12-18,bull_put,122.5,121.5,0.5494,0.55,0.9989090909090909,0.0555555555555556,2.470707520565919,False,False,15.969999999999802,PARTIAL
CVX,2023-12-18,bull_put,150.0,149.0,0.488,0.445,1.0966292134831461,0.06315789473684216,3.500983293184631,False,False,48.8,WIN
UPS,2023-12-18,bull_put,162.5,160.0,1.2441,1.2,1.03675,0.035087719298245446,33.79495195164752,False,False,-125.59,LOSS
RTX,2023-12-18,bull_put,81.0,80.0,0.4615,0.45,1.0255555555555556,0.07142857142857136,3.489911970349846,False,False,46.150000000000006,WIN
UPS,2023-12-19,bull_put,162.5,160.0,1.1737,1.185,0.990464135021097,0.037735849056603904,7.397463552401866,False,False,-132.63,LOSS
DHR,2023-12-19,bull_put,230.0,227.5,1.1415,1.175,0.9714893617021276,0.10989010989010989,2.596180324716914,False,False,114.14999999999999,WIN
FCX,2023-12-19,bull_put,42.5,42.0,0.2742,0.26,1.0546153846153845,0.05970149253731333,1.3953230231343743,False,False,7.710000000000128,PARTIAL
INTC,2023-12-19,bull_put,47.0,46.5,0.2775,0.255,1.0882352941176472,0.026315789473684233,1.0350357111917423,False,False,27.750000000000004,WIN
SPY,2023-12-19,bull_put,475.0,474.0,0.4883,0.455,1.0731868131868132,0.011299435028248598,0.48523812980227665,False,False,-51.17,LOSS
DE,2023-12-19,bull_put,395.0,392.5,1.2475,1.215,1.0267489711934157,0.05194805194805199,0.22002787151396389,False,False,124.75,WIN
PNC,2023-12-20,bull_put,150.0,149.0,0.5034,0.45,1.1186666666666665,0.13793103448275856,1.191467728907852,False,False,50.339999999999996,WIN
INTC,2023-12-20,bull_put,46.0,45.5,0.2546,0.25,1.0184,0.046511627906976785,0.8769216994638999,False,False,25.46,WIN
SPY,2023-12-20,bull_put,469.0,468.0,0.5566,0.515,1.080776699029126,0.01360544217687086,1.3192362454493496,False,False,55.66,WIN
ACN,2023-12-20,bull_put,340.0,337.5,1.1928,1.025,1.1637073170731709,0.13953488372093015,14.374398384370595,False,False,119.28,WIN
DHR,2023-12-20,bull_put,227.5,225.0,1.1257,1.025,1.0982439024390245,0.12658227848101264,1.685535206336349,False,False,112.57,WIN
MMM,2023-12-20,bull_put,104.0,103.0,0.4863,0.425,1.144235294117647,0.19780219780219788,1.3991289325371241,False,False,48.63,WIN
ADP,2023-12-21,bull_put,230.0,227.5,1.332,1.325,1.0052830188679247,1.5,139.2764946939974,False,True,133.20000000000002,WIN
CL,2023-12-21,bull_put,78.0,77.5,0.2276,0.175,1.3005714285714287,0.33333333333333326,22.807891637685184,False,True,22.759999999999998,WIN
BA,2023-12-21,bull_put,262.5,260.0,1.1751,1.18,0.9958474576271187,0.12173913043478253,21.96754662877868,False,False,-88.49000000000022,PARTIAL
NOW,2023-12-21,bull_put,702.5,700.0,1.3649,1.45,0.9413103448275862,0.17142857142857149,2.680900128746532,False,False,-113.51,LOSS
REGN,2023-12-21,bull_put,842.5,840.0,1.2172,2.125,0.5728,1.0954773869346734,-0.010298775015579837,False,True,121.72,WIN
QQQ,2023-12-21,bull_put,408.0,407.0,0.4784,0.47,1.0178723404255319,0.012820512820512832,-0.01540033923266835,False,False,47.839999999999996,WIN
NOW,2023-12-26,bull_put,702.5,700.0,1.2112,1.25,0.96896,0.06060606060606053,-0.0202028427461318,False,False,121.12,WIN
REGN,2023-12-26,bull_put,852.5,850.0,1.3267,1.2,1.1055833333333334,0.1595092024539878,0.014953933539104992,False,False,132.67,WIN
QCOM,2023-12-26,bull_put,146.0,145.0,0.5151,0.5,1.0302,0.05442176870748304,-0.00956640820703917,False,False,-48.49,LOSS
PYPL,2023-12-26,bull_put,63.0,62.0,0.4932,0.445,1.108314606741573,0.09424083769633504,0.6539217951569597,False,False,-50.68,LOSS
IWM,2023-12-26,bull_put,205.0,204.0,0.5769,0.55,1.0489090909090908,0.022172949002217217,0.08177072829751003,False,False,-42.309999999999995,LOSS
MA,2023-12-26,bull_put,425.0,422.5,1.2119,1.155,1.0492640692640691,0.07357859531772581,0.014669741854766992,False,False,121.19,WIN
NOW,2023-12-27,bull_put,705.0,702.5,1.1903,1.25,0.95224,0.09345794392523366,-0.05705731273933015,False,False,119.02999999999999,WIN
IWM,2023-12-27,bull_put,205.0,204.0,0.4702,0.44,1.0686363636363636,0.0142857142857143,-0.16017395792584369,False,False,-52.980000000000004,LOSS
NVDA,2023-12-27,bull_put,495.0,492.5,1.1341,1.1,1.031,0.033898305084745846,-0.24775734855803452,False,False,113.41000000000001,WIN
BAC,2023-12-27,bull_put,34.0,33.5,0.226,0.23,0.9826086956521739,0.21538461538461542,-0.2636170458418648,False,False,-10.399999999999828,PARTIAL
EOG,2023-12-27,bull_put,124.5,123.5,0.459,0.4,1.1475,0.10000000000000009,-0.279834378667856,False,False,-54.1,LOSS
TSLA,2023-12-27,bull_put,262.5,260.0,1.1931,1.22,0.9779508196721312,0.028985507246376836,-0.7790416980154471,False,False,-130.69,LOSS
QQQ,2023-12-28,bull_put,411.78,410.78,0.4698,0.465,1.0103225806451612,0.015503875968992262,-0.6614685834291774,False,False,-53.02,LOSS
CVX,2024-01-02,bull_put,150.0,149.0,0.4926,0.475,1.0370526315789474,0.02898550724637668,0.871445265375112,False,False,49.26,WIN
GS,2024-01-02,bull_put,390.0,387.5,1.325,1.295,1.0231660231660231,0.0903225806451612,0.022816959952118618,False,False,-117.5,LOSS
DE,2024-01-02,bull_put,402.5,400.0,1.2786,1.235,1.0353036437246963,0.0714285714285714,0.14482373694035133,False,False,-122.14,LOSS
PYPL,2024-01-02,bull_put,62.0,61.0,0.5335,0.53,1.0066037735849056,0.03478260869565221,1.2149025257956076,False,False,-46.650000000000006,LOSS
PM,2024-01-02,bull_put,96.0,95.0,0.5325,0.45,1.1833333333333333,0.12499999999999997,40.209008547976595,False,False,-16.750000000000288,PARTIAL
NEE,2024-01-02,bull_put,62.0,61.0,0.4916,0.465,1.0572043010752687,0.047619047619047665,5.338441700239478,False,False,49.16,WIN
DE,2024-01-03,bull_put,395.0,392.5,1.2746,1.245,1.0237751004016062,0.06802721088435375,0.3937061857846897,False,False,127.46,WIN
COST,2024-01-03,bull_put,645.0,642.5,1.1582,1.11,1.0434234234234232,0.08187134502923989,0.22116194581420323,False,False,115.82,WIN
QQQ,2024-01-03,bull_put,399.0,398.78,0.1154,0.12,0.9616666666666667,0.008264462809917363,-0.0014007118865991125,False,False,-10.459999999999999,LOSS
SPY,2024-01-03,bull_put,469.0,468.0,0.4575,0.45,1.0166666666666666,0.005390835579514829,-0.024680451397679243,False,False,-54.25,LOSS
NOW,2024-01-03,bull_put,677.5,675.0,1.2449,1.35,0.922148148148148,0.05882352941176476,-0.0415689761191,False,False,-9.510000000003194,PARTIAL
QCOM,2024-01-03,bull_put,138.0,137.0,0.49,0.47,1.0425531914893618,0.03921568627450984,-0.04310552953531972,False,False,-51.0,LOSS
SPY,2024-01-04,bull_put,468.0,467.0,0.4844,0.475,1.0197894736842106,0.011976047904191628,-0.31987803295005335,False,False,20.220000000000795,PARTIAL
COST,2024-01-04,bull_put,650.0,647.5,1.198,1.24,0.9661290322580645,0.28877005347593576,-0.19784289275890699,False,False,119.8,WIN
NFLX,2024-01-04,bull_put,475.0,472.5,1.131,0.87,1.3,0.1951219512195122,-0.11069499054978067,False,True,9.550000000000114,PARTIAL
QQQ,2024-01-04,bull_put,396.78,396.0,0.3815,0.38,1.0039473684210527,0.005763688760806922,-0.10129722281514117,False,False,17.575000000001364,PARTIAL
GE,2024-01-04,bull_put,125.0,124.0,0.4651,0.47,0.9895744680851065,0.14814814814814814,10.764131995644671,False,False,46.51,WIN
NOW,2024-01-04,bull_put,672.5,670.0,1.1525,1.175,0.9808510638297873,0.11764705882352941,0.3312932606623069,False,False,115.25000000000001,WIN
ADP,2024-01-08,bull_put,237.5,235.0,1.26,1.025,1.229268292682927,0.10256410256410244,82.75253823013131,False,False,-29.000000000001137,PARTIAL
DIS,2024-01-08,bull_put,92.0,91.0,0.5049,0.495,1.02,0.018018018018018032,3.400167829928492,False,False,-49.51,LOSS
PYPL,2024-01-08,bull_put,62.0,61.0,0.4515,0.435,1.0379310344827586,0.038095238095238126,1.5805898058056098,False,False,-54.85,LOSS
GE,2024-01-08,bull_put,129.0,128.0,0.5274,0.52,1.014230769230769,0.03921568627450984,0.9266987969811918,False,False,52.739999999999995,WIN
CVX,2024-01-08,bull_put,150.0,149.0,0.4945,0.48,1.0302083333333334,0.030959752321981313,0.6007372780288346,False,False,-50.55,LOSS
INTC,2024-01-08,bull_put,49.0,48.5,0.2897,0.305,0.9498360655737705,0.02690582959641238,0.4441332900625581,False,False,-21.029999999999998,LOSS
CVX,2024-01-09,bull_put,146.0,145.0,0.4649,0.445,1.0447191011235955,0.06153846153846159,1.0322587258424063,False,False,46.489999999999995,WIN
DHR,2024-01-09,bull_put,232.5,230.0,1.325,1.175,1.127659574468085,0.1142857142857144,1.3469525961463784,False,False,-117.5,LOSS
DE,2024-01-09,bull_put,395.0,392.5,1.3033,1.275,1.0221960784313726,0.06060606060606061,0.20851252572002107,False,False,-119.67000000000002,LOSS
XOM,2024-01-09,bull_put,100.0,99.0,0.4732,0.46,1.028695652173913,0.06000000000000005,6.595312092713821,False,False,21.160000000000142,PARTIAL
CL,2024-01-09,bull_put,81.0,80.0,0.4913,0.325,1.5116923076923077,0.31578947368421056,29.155528372504527,False,True,20.06499999999983,PARTIAL
EOG,2024-01-09,bull_put,116.5,115.5,0.5525,0.475,1.1631578947368422,0.10909090909090903,4.434319999428272,False,False,5.124999999999858,PARTIAL
MCD,2024-01-10,bull_put,295.0,292.5,1.2561,1.055,1.1906161137440758,0.10271903323262835,43.96471583653454,False,False,-27.389999999997272,PARTIAL
DHR,2024-01-10,bull_put,230.0,227.5,1.1818,1.025,1.1529756097560977,0.09302325581395357,29.920580108977784,False,False,-131.82,LOSS
XOM,2024-01-10,bull_put,99.0,98.0,0.4676,0.455,1.0276923076923077,0.03508771929824565,6.003610870472413,False,False,46.760000000000005,WIN
DE,2024-01-10,bull_put,395.0,392.5,1.3008,1.23,1.0575609756097561,0.05797101449275354,4.111880155285472,False,False,-119.92,LOSS
QCOM,2024-01-10,bull_put,140.0,139.0,0.5325,0.59,0.902542372881356,0.14942528735632182,0.038073197197309165,False,False,53.25,WIN
NOW,2024-01-10,bull_put,715.0,712.5,1.2133,1.3,0.9333076923076923,0.06666666666666672,0.012927043663874269,False,False,121.33,WIN
NVDA,2024-01-11,bull_put,550.0,547.5,1.3324,1.3,1.0249230769230768,0.08421052631578956,0.012685510084890663,False,False,-116.75999999999999,LOSS
SPY,2024-01-11,bull_put,477.0,476.0,0.5238,0.515,1.0170873786407768,0.01342281879194632,0.2053396489792849,False,False,10.190000000000342,PARTIAL
NFLX,2024-01-11,bull_put,492.5,490.0,1.1673,1.125,1.0376,0.07194244604316546,0.5924777621583586,False,False,41.36500000000125,PARTIAL
COST,2024-01-11,bull_put,675.0,672.5,1.2484,1.205,1.0360165975103734,0.2895622895622895,0.9006008031916973,False,False,124.83999999999999,WIN
GS,2024-01-11,bull_put,380.0,377.5,1.1374,1.095,1.0387214611872146,0.14744801512287323,5.99728747059898,False,False,-111.26,PARTIAL
VZ,2024-01-11,bull_put,38.0,37.5,0.2676,0.21,1.2742857142857142,0.20289855072463772,323.18854548057647,False,True,26.76,WIN
PFE,2024-01-16,bull_put,28.5,28.0,0.2506,0.23,1.0895652173913042,0.08219178082191789,38.73007278371848,False,False,1.5300000000000562,PARTIAL
F,2024-01-16,bull_put,11.5,11.35,0.0774,0.07,1.1057142857142856,0.19354838709677416,0.730979659438619,False,False,-7.26,LOSS
SBUX,2024-01-16,bull_put,93.0,92.5,0.2647,0.235,1.1263829787234043,0.06211180124223595,0.7220084621047872,False,False,26.47,WIN
XOM,2024-01-16,bull_put,98.0,97.5,0.2612,0.27,0.9674074074074073,0.0710659898477158,0.4641986380631261,False,False,-23.880000000000003,LOSS
UNH,2024-01-16,bull_put,520.0,517.5,1.2266,1.085,1.1305069124423963,0.05128205128205133,0.4290868494699973,False,False,-127.34,LOSS
DE,2024-01-16,bull_put,387.5,385.0,1.3214,1.275,1.036392156862745,0.04545454545454549,0.036723718804286015,False,False,-117.86000000000001,LOSS
GOOGL,2024-01-17,bull_put,142.0,141.5,0.2705,0.4,0.67625,0.13545816733067742,-0.00944350929487651,False,False,27.05,WIN
REGN,2024-01-17,bull_put,932.5,930.0,1.4048,1.3,1.0806153846153845,0.11042944785276067,-0.008731520165048202,False,False,140.48000000000002,WIN
BLK,2024-01-17,bull_put,790.0,787.5,1.3864,1.3,1.0664615384615386,0.14173228346456684,-0.00029778063118551616,False,False,138.64000000000001,WIN
QQQ,2024-01-17,bull_put,408.0,407.78,0.1276,0.12,1.0633333333333332,0.003929273084479288,0.005503449387239695,False,False,12.76,WIN
SPY,2024-01-17,bull_put,473.0,472.0,0.5221,0.485,1.0764948453608247,0.0048426150121064345,0.11804076323150962,False,False,52.21,WIN
DE,2024-01-17,bull_put,380.0,377.5,1.2602,1.215,1.037201646090535,0.05797101449275354,0.6268119697973265,False,False,126.02,WIN
EMR,2024-01-18,bull_put,94.0,93.0,0.4887,0.4,1.22175,0.36363636363636365,112.49730105177848,False,False,48.870000000000005,WIN
ACN,2024-01-18,bull_put,360.0,357.5,1.21,0.95,1.2736842105263158,0.14925373134328357,53.06790738264108,False,True,121.0,WIN
BA,2024-01-18,bull_put,212.5,210.0,1.1946,1.11,1.0762162162162163,0.059770114942528894,37.927379886136094,False,False,119.46000000000001,WIN
PNC,2024-01-18,bull_put,147.0,146.0,0.5467,0.5,1.0934,0.10909090909090903,1.0909847598522064,False,False,54.669999999999995,WIN
IWM,2024-01-18,bull_put,191.0,190.0,0.497,0.515,0.9650485436893204,0.024096385542168693,1.000654734310653,False,False,49.7,WIN
SPY,2024-01-18,bull_put,477.0,476.0,0.518,0.54,0.9592592592592593,0.0173913043478261,0.35670645337003004,False,False,51.800000000000004,WIN
BLK,2024-01-22,bull_put,797.5,795.0,1.377,1.4,0.9835714285714287,0.08588957055214726,0.02370356005420115,False,False,-112.3,LOSS
GS,2024-01-22,bull_put,387.5,385.0,1.3228,1.325,0.9983396226415094,0.04494382022471915,0.14295414737494694,False,False,-117.72,LOSS
MA,2024-01-22,bull_put,440.0,437.5,1.1442,1.09,1.049724770642202,0.06451612903225806,0.768576008296743,False,False,-32.58000000000272,PARTIAL
CVX,2024-01-22,bull_put,143.0,142.0,0.4952,0.48,1.0316666666666667,0.027027027027027053,0.8130787206695006,False,False,49.519999999999996,WIN
DHR,2024-01-22,bull_put,232.5,230.0,1.1926,1.125,1.060088888888889,0.06666666666666672,3.489707887519608,False,False,119.26,WIN
AAPL,2024-01-22,bull_put,195.0,192.5,1.2227,1.175,1.040595744680851,0.013245033112582696,7.563314272376247,False,False,-127.73,LOSS
GS,2024-01-23,bull_put,382.5,380.0,1.4215,1.32,1.0768939393939394,0.03870967741935493,1.4931433122694417,False,False,-107.85,LOSS
DIS,2024-01-23,bull_put,94.0,93.0,0.4687,0.225,2.083111111111111,0.5635359116022098,1.1114628318595696,False,True,46.87,WIN
PNC,2024-01-23,bull_put,150.0,149.0,0.4957,0.45,1.1015555555555554,0.10526315789473678,0.5655296751527717,False,False,49.57,WIN
IWM,2024-01-23,bull_put,197.0,196.0,0.5974,0.57,1.0480701754385966,0.018348623853211024,0.3444397263969286,False,False,-40.26,LOSS
QQQ,2024-01-23,bull_put,424.0,423.78,0.1142,0.115,0.9930434782608695,0.0076923076923077005,-0.0009913356567592985,False,False,-7.579999999999773,PARTIAL
BLK,2024-01-23,bull_put,795.0,792.5,1.3453,1.3,1.0348461538461537,0.09375000000000008,-0.012427864882480731,False,False,-115.47,LOSS
UNH,2024-01-24,bull_put,515.0,512.5,1.3332,1.265,1.0539130434782609,0.09302325581395357,0.08922620488601085,False,False,-116.68,LOSS
IWM,2024-01-24,bull_put,195.0,194.0,0.5448,0.525,1.0377142857142856,0.016620498614958464,0.12709341668941943,False,False,54.48,WIN
ISRG,2024-01-24,bull_put,372.5,370.0,1.3577,1.4,0.9697857142857143,0.14141414141414146,0.0778188928993515,False,False,135.76999999999998,WIN
DHR,2024-01-24,bull_put,230.0,227.5,1.3021,1.175,1.1081702127659574,0.0571428571428572,0.7418075941872251,False,False,130.21,WIN
QQQ,2024-01-24,bull_put,427.0,426.0,0.6363,0.62,1.0262903225806452,0.026587887740029632,1.346424182233863,False,False,-36.370000000000005,LOSS
SPY,2024-01-24,bull_put,486.0,485.0,0.5092,0.54,0.9429629629629629,0.009049773755656116,0.4086654968400575,False,False,50.92,WIN
PYPL,2024-01-25,bull_put,61.0,60.0,0.4525,0.47,0.9627659574468086,0.11111111111111109,7.312997958840507,False,False,45.25,WIN
MA,2024-01-25,bull_put,437.5,435.0,1.1533,1.17,0.9857264957264957,0.10526315789473682,0.2426516013630345,False,False,115.33,WIN
QQQ,2024-01-25,bull_put,427.0,426.0,0.5305,0.565,0.9389380530973451,0.01307189542483671,0.07547165686568225,False,False,-46.949999999999996,LOSS
UNH,2024-01-25,bull_put,495.0,492.5,1.3747,1.295,1.0615444015444016,0.10000000000000009,-0.5276339534365765,False,False,137.47,WIN
CRM,2024-01-25,bull_put,280.0,277.5,1.1853,1.06,1.1182075471698112,0.125,-0.9484176025737047,False,False,56.26499999999989,PARTIAL
USB,2024-01-25,bull_put,43.0,42.5,0.2299,0.23,0.9995652173913043,0.1025641025641025,-2.371085448033978,False,False,-13.009999999999945,PARTIAL
ORCL,2024-01-29,bull_put,114.0,113.0,0.453,0.455,0.9956043956043956,0.03745318352059929,0.18678182738501922,False,False,45.300000000000004,WIN
INTC,2024-01-29,bull_put,44.0,43.5,0.2473,0.285,0.8677192982456141,0.050632911392405104,0.9036185933037579,False,False,-25.27,LOSS
PYPL,2024-01-29,bull_put,64.0,63.0,0.4613,0.47,0.9814893617021276,0.024691358024691384,0.9895327556560218,False,False,-53.87,LOSS
DIS,2024-01-29,bull_put,98.0,97.0,0.5112,0.49,1.043265306122449,0.030075187969924838,1.970105959112784,False,False,-35.88000000000046,PARTIAL
CSCO,2024-01-29,bull_put,52.5,52.0,0.2343,0.225,1.0413333333333334,0.05940594059405946,2.3084895654965227,False,False,-26.57,LOSS
NEE,2024-01-29,bull_put,60.0,59.0,0.4721,0.465,1.015268817204301,0.04040404040404044,3.3729285757995724,False,False,-52.790000000000006,LOSS
PM,2024-01-30,bull_put,92.0,91.0,0.4874,0.45,1.0831111111111111,0.12499999999999997,40.145151266789725,False,False,48.74,WIN
PYPL,2024-01-30,bull_put,64.0,63.0,0.4924,0.485,1.015257731958763,0.05857740585774065,3.0948549713937417,False,False,-50.760000000000005,LOSS
ACN,2024-01-30,bull_put,372.5,370.0,1.234,1.175,1.0502127659574467,0.09230769230769226,0.6736030475148637,False,False,123.4,WIN
SPY,2024-01-30,bull_put,492.0,491.0,0.5981,0.555,1.0776576576576575,0.010695187165775291,0.2831737483413808,False,False,59.809999999999995,WIN
GS,2024-01-30,bull_put,387.5,385.0,1.2435,1.195,1.0405857740585773,0.06369426751592357,0.06455044086540813,False,False,124.35000000000001,WIN
QQQ,2024-01-30,bull_put,427.0,426.0,0.6103,0.585,1.0432478632478632,0.0505836575875486,0.03996388910133148,False,False,61.029999999999994,WIN
QQQ,2024-01-31,bull_put,418.0,417.78,0.1127,0.11,1.0245454545454544,0.003100775193798383,-0.002338740800403891,False,False,11.27,WIN
UNH,2024-01-31,bull_put,512.5,510.0,1.171,0.45,2.602222222222222,0.30927835051546393,0.030095282484097225,False,True,-109.89999999999817,PARTIAL
NOW,2024-01-31,bull_put,767.5,765.0,1.2757,1.25,1.0205600000000001,0.11180124223602488,-0.006966136086066029,False,False,127.57000000000001,WIN
VRTX,2024-01-31,bull_put,435.0,432.5,1.3793,1.525,0.9044590163934426,0.8524590163934426,0.16246800363059624,False,True,-112.07000000000001,LOSS
DE,2024-01-31,bull_put,395.0,392.5,1.3387,1.3,1.0297692307692308,0.13513513513513511,4.279894244798707,False,False,-106.12999999999772,PARTIAL
GS,2024-01-31,bull_put,385.0,382.5,1.255,1.24,1.0120967741935483,0.12244897959183666,0.04583897014545429,False,False,125.49999999999999,WIN
EMR,2024-02-01,bull_put,94.0,93.0,0.4785,0.225,2.1266666666666665,1.4666666666666668,109.72890946321372,False,True,22.9250000000002,PARTIAL
ORCL,2024-02-01,bull_put,116.0,115.0,0.5602,0.475,1.1793684210526316,0.13461538461538472,58.989987514491624,False,False,17.510000000000314,PARTIAL
INTC,2024-02-01,bull_put,43.5,43.0,0.248,0.225,1.1022222222222222,0.5,26.152817662719762,False,False,-25.2,LOSS
TSLA,2024-02-01,bull_put,190.0,187.5,1.2847,1.225,1.0487346938775508,0.040816326530612276,3.6408823862383097,False,False,-80.53000000000034,PARTIAL
DE,2024-02-01,bull_put,395.0,392.5,1.2931,1.12,1.1545535714285713,0.21033868092691635,2.3750552976117976,False,False,-110.68999999999774,PARTIAL
UNH,2024-02-01,bull_put,507.5,505.0,1.128,1.075,1.0493023255813954,0.2491349480968859,1.0147357011442952,False,False,112.79999999999998,WIN
ORCL,2024-02-05,bull_put,117.0,116.0,0.4993,0.51,0.9790196078431372,0.03389830508474579,0.7524484209981912,False,False,6.965000000000029,PARTIAL
QCOM,2024-02-05,bull_put,145.0,144.0,0.5844,0.62,0.9425806451612904,0.04081632653061218,0.7670780391883469,False,False,58.440000000000005,WIN
NSC,2024-02-05,bull_put,250.0,247.5,1.2353,1.25,0.98824,0.12499999999999997,0.7152390796145088,False,False,123.53,WIN
UPS,2024-02-05,bull_put,140.0,139.0,0.5499,0.465,1.1825806451612904,0.09214092140921405,1.933608668183717,False,False,54.99000000000001,WIN
XOM,2024-02-05,bull_put,102.0,101.0,0.5187,0.47,1.1036170212765959,0.04800000000000004,2.003438838313005,False,False,14.434999999999803,PARTIAL
GOOGL,2024-02-05,bull_put,144.0,143.0,0.5099,0.48,1.0622916666666669,0.023529411764705903,1.835053729501889,False,False,50.99,WIN
UNH,2024-02-06,bull_put,512.5,510.0,1.3845,1.25,1.1076000000000001,0.08510638297872347,0.3574616042652225,False,False,138.45000000000002,WIN
HD,2024-02-06,bull_put,357.5,355.0,1.2919,1.205,1.072116182572614,0.07633587786259542,0.44969712051892247,False,False,129.19,WIN
VRTX,2024-02-06,bull_put,417.5,415.0,1.3123,1.725,0.7607536231884058,0.8253968253968254,0.24850074460597205,False,True,131.23,WIN
SPY,2024-02-06,bull_put,495.0,494.0,0.5752,0.535,1.0751401869158879,0.007462686567164187,0.8800698575415594,False,False,57.52,WIN
BMY,2024-02-06,bull_put,49.5,49.0,0.2735,0.245,1.116326530612245,0.09174311926605494,31.789261831783342,False,False,27.35,WIN
ACN,2024-02-06,bull_put,365.0,362.5,1.141,1.025,1.1131707317073172,0.13084112149532715,0.6471663270883924,False,False,114.1,WIN
MA,2024-02-07,bull_put,462.5,460.0,1.1302,0.935,1.2087700534759358,0.19004524886877824,6.6072528524756455,False,False,-136.98,LOSS
GOOGL,2024-02-07,bull_put,146.0,145.0,0.5061,0.475,1.0654736842105264,0.03149606299212601,5.813297561268352,False,False,50.61,WIN
GE,2024-02-07,bull_put,139.0,138.0,0.5232,0.45,1.1626666666666667,0.16513761467889904,3.2065383368193476,False,False,52.32,WIN
SPY,2024-02-07,bull_put,499.0,498.0,0.5746,0.535,1.074018691588785,0.009389671361502356,2.9268473591571476,False,False,57.46,WIN
UNH,2024-02-07,bull_put,520.0,517.5,1.1912,1.035,1.1509178743961355,0.0701168614357262,0.9133978600154765,False,False,-58.87999999999727,PARTIAL
VRTX,2024-02-07,bull_put,420.0,417.5,1.226,0.6,2.0433333333333334,0.07999999999999995,0.3092963882334169,False,True,122.6,WIN
NVDA,2024-02-08,bull_put,697.5,695.0,1.2249,1.225,0.9999183673469387,0.05577689243027897,-0.044173795186256415,False,False,122.49000000000001,WIN
IWM,2024-02-08,bull_put,196.5,196.0,0.2619,0.265,0.9883018867924529,0.0088888888888887,-0.02905309935327313,False,False,26.19,WIN
NFLX,2024-02-08,bull_put,560.0,557.5,1.3132,1.325,0.9910943396226415,0.07407407407407414,-0.06324041298133871,False,False,131.32,WIN
DIS,2024-02-08,bull_put,111.0,110.0,0.5206,0.515,1.0108737864077668,0.1666666666666666,22.702082529835014,False,False,-47.94,LOSS
ORCL,2024-02-08,bull_put,117.0,116.0,0.4519,0.505,0.8948514851485149,0.3291139240506329,9.01041044164687,False,False,4.59500000000003,PARTIAL
BA,2024-02-08,bull_put,210.0,207.5,1.1253,1.06,1.0616037735849055,0.09912536443148698,24.631001690984608,False,False,16.26499999999943,PARTIAL
NSC,2024-02-12,bull_put,255.0,252.5,1.2309,1.15,1.0703478260869568,0.08849557522123894,5.663009412995468,False,False,-126.91,LOSS
GE,2024-02-12,bull_put,141.0,140.0,0.5574,0.495,1.126060606060606,0.09009009009009003,1.485004135644585,False,False,55.74,WIN
INTC,2024-02-12,bull_put,44.5,44.0,0.2898,0.295,0.9823728813559323,0.03278688524590167,0.7421198609542909,False,False,-21.02,LOSS
EOG,2024-02-12,bull_put,113.5,112.0,0.726,0.7,1.0371428571428571,0.05882352941176476,0.44277730194886417,False,False,72.6,WIN
BMY,2024-02-12,bull_put,50.0,49.5,0.2471,0.235,1.0514893617021277,0.03125000000000003,0.40535790320799275,False,False,5.354999999999971,PARTIAL
SPY,2024-02-12,bull_put,502.0,501.0,0.5601,0.53,1.0567924528301886,0.003139717425431644,0.09761424893824988,False,False,-43.99,LOSS
DHR,2024-02-13,bull_put,242.5,240.0,1.2122,1.15,1.0540869565217392,0.10526315789473678,1.1917310557179994,False,False,121.22,WIN
HON,2024-02-13,bull_put,195.0,192.5,1.3904,1.1,1.264,0.13333333333333333,152.39622454589872,False,True,139.04000000000002,WIN
BMY,2024-02-13,bull_put,49.0,48.5,0.251,0.245,1.0244897959183674,0.04878048780487809,1.6362272717205901,False,False,25.1,WIN
VRTX,2024-02-13,bull_put,417.5,415.0,1.4604,2.05,0.7123902439024391,0.5517241379310345,1.2426465726315092,False,True,146.04,WIN
GOOGL,2024-02-13,bull_put,146.0,145.0,0.5615,0.51,1.1009803921568628,0.04419889502762435,0.23638654056518477,False,False,-43.85,LOSS
DIS,2024-02-13,bull_put,111.0,110.0,0.524,0.45,1.1644444444444444,0.09448818897637803,0.1565870468800767,False,False,52.400000000000006,WIN
IWM,2024-02-14,bull_put,200.0,199.0,0.5028,0.49,1.026122448979592,0.00985221674876848,-0.1513025781032872,False,False,50.28,WIN
QQQ,2024-02-14,bull_put,434.0,433.0,0.4704,0.475,0.9903157894736843,0.0038387715930901295,-0.060008549984789876,False,False,-52.959999999999994,LOSS
DE,2024-02-14,bull_put,387.5,385.0,1.3665,1.275,1.071764705882353,0.050761421319796954,0.007380686836821906,False,False,-113.35,LOSS
PYPL,2024-02-14,bull_put,59.0,58.0,0.4565,0.41,1.1134146341463416,0.06993006993006999,38.22311245431578,False,False,45.65,WIN
GS,2024-02-14,bull_put,380.0,377.5,1.4108,1.3,1.0852307692307692,0.052631578947368356,0.15230983865149228,False,False,141.08,WIN
BLK,2024-02-14,bull_put,787.5,785.0,1.3216,1.3,1.0166153846153847,0.1068702290076336,0.03871058290370981,False,False,132.16000000000003,WIN
BLK,2024-02-15,bull_put,800.0,797.5,1.4151,1.25,1.13208,0.15094339622641503,0.8695871049670761,False,False,-108.49,LOSS
NEE,2024-02-15,bull_put,57.5,57.0,0.2505,0.235,1.0659574468085107,0.05825242718446607,1.8482547186584954,False,False,-21.949999999999886,PARTIAL
GOOGL,2024-02-15,bull_put,143.0,142.0,0.4556,0.36,1.2655555555555555,0.041666666666666706,0.05160558818025811,False,True,-54.44,LOSS
VRTX,2024-02-15,bull_put,427.5,425.0,1.3425,1.0,1.3425,0.5573770491803278,7.499807469476623,False,True,-115.75,LOSS
MDT,2024-02-15,bull_put,85.0,84.0,0.4652,-0.24,-1.9383333333333335,0.3272727272727272,16.64544574501398,False,True,-11.47999999999983,PARTIAL
PNC,2024-02-15,bull_put,150.0,149.0,0.4825,0.475,1.0157894736842106,0.1666666666666666,2.950498920081078,False,False,-51.74999999999999,LOSS
DIS,2024-02-20,bull_put,110.0,109.0,0.5261,0.51,1.0315686274509803,0.05714285714285719,0.4770396761273669,False,False,-47.39,LOSS
ISRG,2024-02-20,bull_put,380.0,377.5,1.4651,1.3,1.127,0.06185567010309275,1.5299434914945584,False,False,146.51000000000002,WIN
NSC,2024-02-20,bull_put,255.0,252.5,1.2462,1.2,1.0385,0.06666666666666672,4.628942542705122,False,False,124.62,WIN
PM,2024-02-20,bull_put,90.0,89.0,0.6456,0.45,1.4346666666666665,0.13333333333333344,579.4492004256481,False,True,64.56,WIN
BMY,2024-02-20,bull_put,50.0,49.5,0.2306,0.23,1.0026086956521738,0.056074766355140235,8.571269931243432,False,False,23.06,WIN
CSCO,2024-02-20,bull_put,48.5,48.0,0.2471,0.235,1.0514893617021277,0.05825242718446607,5.464383692621883,False,False,24.709999999999997,WIN
SO,2024-02-21,bull_put,68.0,67.0,0.4593,0.35,1.3122857142857143,0.20000000000000007,61.23088938765589,False,True,7.464999999999885,PARTIAL
V,2024-02-21,bull_put,277.5,275.0,1.1548,1.045,1.1050717703349284,0.10468319559228648,28.04987839555633,False,False,115.48,WIN
MA,2024-02-21,bull_put,460.0,457.5,1.21,1.065,1.136150234741784,0.09621993127147759,7.804248103089992,False,False,121.0,WIN
MMM,2024-02-21,bull_put,92.0,91.0,0.47,0.435,1.0804597701149425,0.09523809523809518,1.423184243908906,False,False,47.0,WIN
UNH,2024-02-21,bull_put,522.5,520.0,1.1889,1.1,1.080818181818182,0.05970149253731349,0.8405802861705826,False,False,118.89,WIN
ACN,2024-02-21,bull_put,362.5,360.0,1.3548,1.275,1.0625882352941178,0.08450704225352121,0.6385811257051237,False,False,135.48,WIN
USB,2024-02-22,bull_put,41.5,41.0,0.2323,0.22,1.055909090909091,0.13333333333333344,4.713094268288827,False,False,4.614999999999972,PARTIAL
MA,2024-02-22,bull_put,472.5,470.0,1.1852,1.3,0.9116923076923077,0.2822580645161291,5.3952456855541415,False,False,118.52000000000001,WIN
UPS,2024-02-22,bull_put,150.0,149.0,0.4706,0.595,0.7909243697478993,0.40384615384615385,12.154689051674321,False,False,-52.94,LOSS
HD,2024-02-22,bull_put,372.5,370.0,1.2971,1.195,1.085439330543933,0.23966942148760334,16.799988273533067,False,False,37.854999999998974,PARTIAL
MSFT,2024-02-22,bull_put,412.5,410.0,1.2543,1.205,1.0409128630705393,0.11320754716981134,19.497556845623738,False,False,-90.57000000000251,PARTIAL
MO,2024-02-22,bull_put,41.0,40.5,0.2327,0.16,1.454375,0.25641025641025633,16.250199068044278,False,True,23.27,WIN
NSC,2024-02-26,bull_put,255.0,252.5,1.1329,1.075,1.053860465116279,0.11764705882352952,2.1487191787583524,False,False,113.29,WIN
UPS,2024-02-26,bull_put,148.0,147.0,0.4831,0.475,1.0170526315789474,0.03257328990228016,1.730359502275606,False,False,48.309999999999995,WIN
DIS,2024-02-26,bull_put,108.0,107.0,0.4726,0.465,1.0163440860215054,0.03418803418803422,0.09639169168136852,False,False,47.260000000000005,WIN
NOW,2024-02-26,bull_put,785.0,782.5,1.4392,1.45,0.9925517241379311,0.059800664451827266,0.02566883369691581,False,False,-106.08,LOSS
GOOGL,2024-02-26,bull_put,138.0,137.0,0.4969,0.475,1.0461052631578949,0.0307692307692308,0.009521096084495854,False,False,-36.31000000000137,PARTIAL
QQQ,2024-02-26,bull_put,437.5,437.0,0.2679,0.25,1.0716,0.008708272859216198,0.00017619884260829382,False,False,26.790000000000003,WIN
CME,2024-02-27,bull_put,220.0,217.5,1.1506,0.975,1.1801025641025642,0.14925373134328357,2.051728124479579,False,False,18.030000000000403,PARTIAL
FCX,2024-02-27,bull_put,38.5,38.0,0.2677,0.255,1.0498039215686275,0.06896551724137938,0.6189006356444505,False,False,-23.23,LOSS
USB,2024-02-27,bull_put,41.5,41.0,0.2315,0.23,1.0065217391304349,0.03636363636363639,0.352100805445257,False,False,7.575000000000085,PARTIAL
UPS,2024-02-27,bull_put,149.0,148.0,0.5774,0.505,1.1433663366336635,0.02684563758389264,11.118660563258777,False,False,-36.25999999999977,PARTIAL
CSCO,2024-02-27,bull_put,48.5,48.0,0.2583,0.21,1.23,0.07792207792207799,72.87166614409176,False,False,7.914999999999928,PARTIAL
ADI,2024-02-27,bull_put,190.0,187.5,1.3045,1.15,1.1343478260869566,0.06896551724137928,20.10359586293467,False,False,130.45,WIN
SPY,2024-02-28,bull_put,507.0,506.0,0.5609,0.56,1.0016071428571427,0.01084990958408673,0.5596409792427947,False,False,56.089999999999996,WIN
GOOGL,2024-02-28,bull_put,137.0,136.0,0.5146,0.495,1.0395959595959594,0.04878048780487809,0.45704600025736974,False,False,51.459999999999994,WIN
BLK,2024-02-28,bull_put,812.5,810.0,1.4659,1.4,1.0470714285714287,0.13138686131386854,0.2448559866990354,False,False,146.59,WIN
ORCL,2024-02-28,bull_put,112.0,111.0,0.457,0.465,0.9827956989247312,0.06763285024154594,0.17656398769019105,False,False,45.7,WIN
NOW,2024-02-28,bull_put,762.5,760.0,1.3513,1.4,0.9652142857142857,0.06572769953051637,0.03605381051268974,False,False,135.13,WIN
QQQ,2024-02-28,bull_put,436.0,435.0,0.5381,0.53,1.0152830188679245,0.01294498381877024,0.011677712635830461,False,False,53.81,WIN
UNH,2024-02-29,bull_put,495.0,492.5,1.3241,1.005,1.3175124378109455,0.40231548480463114,0.9857371278837964,False,True,-117.58999999999999,LOSS
FCX,2024-02-29,bull_put,38.0,37.5,0.2391,0.255,0.9376470588235294,0.1855670103092784,1.6002804910593047,False,False,8.454999999999986,PARTIAL
TSLA,2024-02-29,bull_put,202.5,200.0,1.1782,1.15,1.0245217391304349,0.05217391304347812,3.118028261217524,False,False,117.82,WIN
ADI,2024-02-29,bull_put,192.5,190.0,1.1586,1.075,1.0777674418604652,0.13793103448275856,66.40437496535412,False,False,115.86000000000001,WIN
GS,2024-02-29,bull_put,390.0,387.5,1.2606,1.225,1.0290612244897959,0.18647166361974413,8.239875253265588,False,False,-63.93999999999773,PARTIAL
BLK,2024-02-29,bull_put,812.5,810.0,1.4241,1.275,1.1169411764705883,0.2857142857142856,5.992912903295838,False,False,142.41,WIN
QCOM,2024-03-04,bull_put,167.5,165.0,1.1846,1.25,0.9476800000000001,0.05444646098003627,0.2529577235878734,False,False,118.46000000000001,WIN
XOM,2024-03-04,bull_put,105.0,104.0,0.5144,0.505,1.0186138613861386,0.03802281368821296,0.2517961113704335,False,False,51.44,WIN
AXP,2024-03-04,bull_put,220.0,217.5,1.2006,1.17,1.0261538461538462,0.05714285714285719,0.512020012760775,False,False,120.05999999999999,WIN
DHR,2024-03-04,bull_put,257.5,255.0,1.2715,1.275,0.9972549019607845,0.09230769230769226,5.704438069731497,False,False,-122.85,LOSS
DIS,2024-03-04,bull_put,114.0,113.0,0.484,0.425,1.1388235294117648,0.1527272727272727,1.1010448804961512,False,False,-51.6,LOSS
INTC,2024-03-04,bull_put,46.0,45.5,0.2893,0.205,1.411219512195122,0.2200956937799042,0.7317476560560345,False,True,-21.07,LOSS
CL,2024-03-05,bull_put,87.0,86.0,0.4795,0.4,1.19875,0.15384615384615383,42.00423531179939,False,False,47.949999999999996,WIN
VZ,2024-03-05,bull_put,40.5,40.0,0.2491,0.215,1.1586046511627908,0.12048192771084333,34.659592913673386,False,False,-25.09,LOSS
XOM,2024-03-05,bull_put,106.0,105.0,0.4938,0.465,1.0619354838709678,0.03703703703703707,7.303422670067751,False,False,49.38,WIN
UPS,2024-03-05,bull_put,150.0,149.0,0.4787,0.52,0.9205769230769231,0.12624584717607987,1.2529934198912787,False,False,47.870000000000005,WIN
ISRG,2024-03-05,bull_put,390.0,387.5,1.5192,1.4,1.0851428571428572,0.10909090909090903,1.0804319460052862,False,False,151.92000000000002,WIN
IBM,2024-03-05,bull_put,192.5,190.0,1.1454,1.135,1.0091629955947137,0.06542056074766361,0.812101249610393,False,False,114.53999999999999,WIN
MA,2024-03-06,bull_put,472.5,470.0,1.1866,1.12,1.0594642857142857,0.051813471502590795,2.5069512527489537,False,False,-131.34,LOSS
GS,2024-03-06,bull_put,390.0,387.5,1.2552,1.125,1.1157333333333335,0.0555555555555556,2.205697565638975,False,False,-124.47999999999999,LOSS
XOM,2024-03-06,bull_put,107.0,106.0,0.4581,0.435,1.053103448275862,0.03468208092485552,4.652777616900119,False,False,45.81,WIN
TXN,2024-03-06,bull_put,172.5,170.0,1.1637,1.085,1.0725345622119815,0.08857808857808876,24.81007126456356,False,False,48.185000000000564,PARTIAL
GE,2024-03-06,bull_put,160.0,157.5,1.1704,1.1,1.064,0.13107822410147993,21.365532715236835,False,False,117.04,WIN
EOG,2024-03-06,bull_put,117.0,116.0,0.5648,0.475,1.1890526315789474,0.11764705882352952,13.404685912660266,False,False,56.48,WIN
ORCL,2024-03-07,bull_put,115.0,114.0,0.5311,0.555,0.9569369369369369,0.17840375586854457,60.97502143385636,False,False,-46.89,LOSS
GM,2024-03-07,bull_put,39.5,39.0,0.2403,0.22,1.0922727272727273,0.08219178082191789,12.442220937795208,False,False,12.015,PARTIAL
FCX,2024-03-07,bull_put,40.0,39.5,0.2445,0.255,0.9588235294117646,0.0833333333333333,11.722779028665784,False,False,4.725000000000071,PARTIAL
USB,2024-03-07,bull_put,43.5,43.0,0.2325,0.235,0.9893617021276597,0.0869565217391304,3.05872706436025,False,False,-0.7500000000001977,PARTIAL
INTC,2024-03-07,bull_put,46.5,46.0,0.2879,0.295,0.9759322033898306,0.03726708074534151,2.5803605010085477,False,False,-21.21,LOSS
IBM,2024-03-07,bull_put,197.5,195.0,1.1763,1.215,0.968148148148148,0.05250596658711212,0.8900972582936817,False,False,-37.37000000000115,PARTIAL
QCOM,2024-03-11,bull_put,172.5,170.0,1.3438,1.28,1.04984375,0.028985507246376836,0.24701523352813148,False,False,-115.61999999999999,LOSS
MA,2024-03-11,bull_put,470.0,467.5,1.2137,1.125,1.0788444444444445,0.0470588235294116,0.25526545712893234,False,False,121.37,WIN
GOOGL,2024-03-11,bull_put,138.0,137.0,0.4826,0.48,1.0054166666666666,0.03814713896457769,0.3282287440161406,False,False,48.26,WIN
INTC,2024-03-11,bull_put,45.0,44.5,0.2608,0.255,1.0227450980392156,0.011560693641618507,1.1360286017633623,False,False,-23.919999999999998,LOSS
SO,2024-03-11,bull_put,70.0,69.0,0.4638,0.35,1.3251428571428572,0.1666666666666666,49.099796736454344,False,True,-44.61999999999966,PARTIAL
NSC,2024-03-11,bull_put,260.0,257.5,1.3016,1.25,1.04128,0.08450704225352121,0.6033605064215445,False,False,-119.83999999999999,LOSS
CSX,2024-03-12,bull_put,38.0,37.5,0.3237,0.225,1.4386666666666665,0.31578947368421056,200.9832277957832,False,True,-17.630000000000003,LOSS
HON,2024-03-12,bull_put,200.0,197.5,1.2408,1.05,1.1817142857142855,0.08219178082191776,63.01635360283739,False,False,-106.92000000000024,PARTIAL
MCD,2024-03-12,bull_put,295.0,292.5,1.188,1.055,1.1260663507109006,0.03491271820448881,41.17722443241494,False,False,-131.20000000000002,LOSS
EMR,2024-03-12,bull_put,111.0,110.0,0.5409,0.45,1.2020000000000002,0.16216216216216217,5.722461594391703,False,False,6.545000000000173,PARTIAL
V,2024-03-12,bull_put,285.0,282.5,1.185,1.115,1.062780269058296,0.051764705882353095,1.2585200163156192,False,False,-77.49999999999795,PARTIAL
FCX,2024-03-12,bull_put,40.5,40.0,0.2355,0.24,0.98125,0.06349206349206354,0.7780357807422467,False,False,23.549999999999997,WIN
QCOM,2024-03-13,bull_put,170.0,167.5,1.2009,1.105,1.0867873303167421,0.09661835748792269,0.6558781326280674,False,False,-129.91,LOSS
PYPL,2024-03-13,bull_put,62.5,62.0,0.2326,0.24,0.9691666666666667,0.10810810810810821,0.6111574134119172,False,False,23.26,WIN
DE,2024-03-13,bull_put,380.0,377.5,1.2221,1.065,1.1475117370892018,0.2435897435897435,0.7713284968663481,False,False,122.21,WIN
CME,2024-03-13,bull_put,220.0,217.5,1.1297,1.125,1.0041777777777776,0.2857142857142857,7.589561103146873,False,False,-137.03,LOSS
GM,2024-03-13,bull_put,40.5,40.0,0.2481,0.245,1.0126530612244897,0.10309278350515462,1.0400296701907956,False,False,24.81,WIN
ORCL,2024-03-13,bull_put,126.0,125.0,0.5501,0.58,0.948448275862069,0.4521072796934866,17.126612177663066,False,False,4.505000000000314,PARTIAL
CAT,2024-03-14,bull_put,342.5,340.0,1.156,0.94,1.229787234042553,0.07511737089201885,5.8563964867927565,False,False,115.6,WIN
VRTX,2024-03-14,bull_put,410.0,407.5,1.4128,1.275,1.1080784313725491,1.1186440677966103,2.515179685984897,False,True,-89.72000000000023,PARTIAL
COST,2024-03-14,bull_put,732.5,730.0,1.1282,1.22,0.9247540983606558,0.16296296296296292,1.4963234431330459,False,False,-137.17999999999998,LOSS
PNC,2024-03-14,bull_put,149.0,148.0,0.5039,0.5,1.0078,0.11764705882352952,0.7392521636563159,False,False,14.195000000000057,PARTIAL
INTC,2024-03-14,bull_put,43.0,42.5,0.258,0.2,1.29,0.3111111111111111,0.7077064137428153,False,True,-10.199999999999942,PARTIAL
BLK,2024-03-14,bull_put,810.0,807.5,1.2797,1.2,1.0664166666666668,0.20833333333333334,0.17604797521104526,False,False,-122.03,LOSS
ORCL,2024-03-18,bull_put,129.0,128.0,0.5766,0.58,0.9941379310344828,0.036363636363636306,0.22799694633120382,False,False,-42.34,LOSS
MA,2024-03-18,bull_put,480.0,477.5,1.2346,1.185,1.041856540084388,0.12048192771084347,0.3712557378926807,False,False,123.46,WIN
GOOGL,2024-03-18,bull_put,148.0,147.0,0.4927,0.485,1.0158762886597938,0.035087719298245536,1.4029994822092924,False,False,49.27,WIN
QCOM,2024-03-18,bull_put,167.5,165.0,1.1812,1.135,1.040704845814978,0.047706422018348585,5.27373036050859,False,False,118.12,WIN
CSCO,2024-03-18,bull_put,49.5,49.0,0.2636,0.24,1.0983333333333334,0.035714285714285546,45.64973699497325,False,False,26.36,WIN
NSC,2024-03-18,bull_put,257.5,255.0,1.2608,1.275,0.9888627450980392,0.09230769230769226,1.9314152390266481,False,False,-123.92,LOSS
HON,2024-03-19,bull_put,200.0,197.5,1.2402,1.075,1.1536744186046513,0.10810810810810807,38.60189283185279,False,False,124.02,WIN
DHR,2024-03-19,bull_put,255.0,252.5,1.2587,1.175,1.0712340425531914,0.07547169811320761,14.560898222546664,False,False,52.935000000000564,PARTIAL
NSC,2024-03-19,bull_put,257.5,255.0,1.2204,1.2,1.017,0.09174311926605504,4.337506123394165,False,False,-127.96000000000001,LOSS
ORCL,2024-03-19,bull_put,130.0,129.0,0.5965,0.535,1.1149532710280374,0.030581039755351574,3.9433778440737735,False,False,-40.35,LOSS
AXP,2024-03-19,bull_put,222.5,220.0,1.1854,1.09,1.0875229357798164,0.08071748878923754,3.0081848541904477,False,False,118.54,WIN
GOOGL,2024-03-19,bull_put,148.0,147.0,0.5923,0.475,1.2469473684210528,0.11260053619302947,2.4047482698171097,False,False,59.230000000000004,WIN
GOOGL,2024-03-20,bull_put,149.0,148.0,0.464,0.41,1.1317073170731708,0.3414634146341463,3.093594810260167,False,False,46.400000000000006,WIN
COST,2024-03-20,bull_put,742.5,740.0,1.305,1.325,0.9849056603773585,0.11235955056179775,0.8776507898450071,False,False,-119.5,LOSS
LOW,2024-03-20,bull_put,252.5,250.0,1.1386,0.99,1.15010101010101,0.0869565217391305,3.132732650448009,False,False,113.86,WIN
INTC,2024-03-20,bull_put,42.5,42.0,0.2846,0.235,1.2110638297872343,0.05797101449275352,4.072596807453405,False,False,28.46,WIN
NSC,2024-03-20,bull_put,262.5,260.0,1.4201,1.175,1.2085957446808508,0.10309278350515465,35.620952661886946,False,False,-107.99000000000001,LOSS
DHR,2024-03-20,bull_put,252.5,250.0,1.2358,1.1,1.1234545454545455,0.1499999999999999,44.403088814622116,False,False,123.58,WIN
INTC,2024-03-21,bull_put,42.5,42.0,0.2468,0.33,0.7478787878787878,0.4313725490196078,68.59950076594808,False,False,24.68,WIN
UNH,2024-03-21,bull_put,492.5,490.0,1.2768,1.21,1.0552066115702479,0.12213740458015261,18.68174887923802,False,False,-115.32000000000069,PARTIAL
GOOGL,2024-03-21,bull_put,148.0,147.0,0.4697,0.48,0.9785416666666668,0.11167512690355327,3.0600980503101414,False,False,46.97,WIN
ISRG,2024-03-21,bull_put,392.5,390.0,1.1382,1.125,1.0117333333333334,0.08510638297872347,2.062172915765988,False,False,113.82000000000001,WIN
NOW,2024-03-21,bull_put,775.0,772.5,1.295,1.35,0.9592592592592591,0.09230769230769226,0.618552148560893,False,False,22.24999999999886,PARTIAL
MRK,2024-03-21,bull_put,124.0,123.0,0.4688,0.46,1.0191304347826087,0.07909604519774019,0.08034703580712246,False,False,15.939999999999715,PARTIAL
DIS,2024-04-01,bull_put,122.0,121.0,0.493,0.49,1.006122448979592,0.03208556149732611,0.0027453955730029366,False,False,-50.7,LOSS
NOW,2024-04-01,bull_put,772.5,770.0,1.45,1.3,1.1153846153846154,0.06504065040650397,0.06467826983879767,False,False,145.0,WIN
INTC,2024-04-01,bull_put,45.0,44.5,0.2888,0.28,1.0314285714285714,0.04329004329004334,0.17363210388989608,False,False,-21.12,LOSS
COST,2024-04-01,bull_put,722.5,720.0,1.2382,1.175,1.0537872340425531,0.09259259259259259,0.2041675724730169,False,False,-126.18,LOSS
ORCL,2024-04-01,bull_put,126.0,125.0,0.4991,0.46,1.085,0.039840637450199244,0.22857333492334445,False,False,-50.09,LOSS
UPS,2024-04-01,bull_put,148.0,147.0,0.4687,0.475,0.9867368421052632,0.0433436532507739,1.76424684054192,False,False,46.87,WIN
PYPL,2024-04-02,bull_put,65.0,64.0,0.4813,0.475,1.0132631578947369,0.07035175879396992,3.669823891343839,False,False,48.13,WIN
UPS,2024-04-02,bull_put,150.0,149.0,0.551,0.545,1.0110091743119267,0.08235294117647067,2.739693118913592,False,False,55.1,WIN
DIS,2024-04-02,bull_put,123.0,122.0,0.4679,0.495,0.9452525252525252,0.02721088435374152,0.0768719229192924,False,False,-53.21,LOSS
VRTX,2024-04-02,bull_put,410.0,407.5,1.1669,1.025,1.138439024390244,0.12658227848101264,0.019335913140032687,False,False,-133.31,LOSS
BLK,2024-04-02,bull_put,820.0,817.5,1.3942,1.3,1.0724615384615386,0.09944751381215473,-0.003501049364412241,False,False,-110.57999999999998,LOSS
NVDA,2024-04-02,bull_put,900.0,897.5,1.386,1.375,1.008,0.03164556962025316,-0.0035942601963473075,False,False,-111.4,LOSS
BLK,2024-04-03,bull_put,817.5,815.0,1.3503,1.2,1.12525,0.10958904109589038,-0.016193265730899433,False,False,-114.97,LOSS
NVDA,2024-04-03,bull_put,892.5,890.0,1.3473,1.325,1.0168301886792452,0.029350104821802902,-0.0068615626256403744,False,False,-115.27000000000001,LOSS
NFLX,2024-04-03,bull_put,632.5,630.0,1.3791,1.35,1.0215555555555556,0.06792452830188668,-0.018670091729802524,False,False,137.91,WIN
TMO,2024-04-03,bull_put,577.5,575.0,1.38,1.1,1.2545454545454544,0.13636363636363646,0.22211053666058975,False,True,138.0,WIN
DE,2024-04-03,bull_put,407.5,405.0,1.2318,1.195,1.030794979079498,0.1395348837209303,0.25784772689901553,False,False,123.18,WIN
NOW,2024-04-03,bull_put,762.5,760.0,1.4235,1.3,1.095,0.09523809523809532,0.13855580755697447,False,False,142.35,WIN
ADI,2024-04-04,bull_put,192.5,190.0,1.1585,0.975,1.1882051282051282,0.14492753623188406,87.95843445085491,False,False,115.85000000000001,WIN
V,2024-04-04,bull_put,275.0,272.5,1.1644,1.175,0.9909787234042554,0.09699769053117781,12.516489283887438,False,False,116.44000000000001,WIN
TMO,2024-04-04,bull_put,572.5,570.0,1.3469,1.25,1.07752,0.17391304347826084,0.12748672967093477,False,False,134.69,WIN
CRM,2024-04-04,bull_put,295.0,292.5,1.1787,1.085,1.0863594470046085,0.04545454545454549,0.0594358348601119,False,False,117.87,WIN
BLK,2024-04-04,bull_put,795.0,792.5,1.4097,1.45,0.9722068965517241,0.11320754716981137,-0.0032192024046867225,False,False,140.97,WIN
NOW,2024-04-04,bull_put,760.0,757.5,1.2184,1.3,0.9372307692307691,0.1518987341772152,-0.004293068053905296,False,False,121.83999999999999,WIN
TMO,2024-04-08,bull_put,580.0,577.5,1.25,1.1,1.1363636363636362,0.08,-0.02363794036112787,False,False,-125.0,LOSS
UNH,2024-04-08,bull_put,457.5,455.0,1.2182,1.2,1.0151666666666668,0.09090909090909079,0.005123399617050995,False,False,-128.18,LOSS
COST,2024-04-08,bull_put,715.0,712.5,1.3511,1.35,1.0008148148148148,0.06802721088435375,0.06727590829160025,False,False,135.10999999999999,WIN
XOM,2024-04-08,bull_put,121.0,120.0,0.4728,0.475,0.9953684210526316,0.03174603174603177,0.16949445122616436,False,False,-15.719999999999546,PARTIAL
EOG,2024-04-08,bull_put,136.0,135.0,0.4969,0.5,0.9938,0.09523809523809519,0.6803287670018835,False,False,-21.310000000000795,PARTIAL
PYPL,2024-04-08,bull_put,67.0,66.0,0.5321,0.525,1.0135238095238095,0.015037593984962419,0.8054032201235126,False,False,-46.79,LOSS
DHR,2024-04-09,bull_put,250.0,247.5,1.1715,0.975,1.2015384615384614,0.06315789473684226,20.175664273233963,False,False,-132.85,LOSS
GOOGL,2024-04-09,bull_put,157.5,155.0,1.1878,1.14,1.0419298245614035,0.04316546762589921,15.896348549971707,False,False,118.78,WIN
V,2024-04-09,bull_put,277.5,275.0,1.1985,1.025,1.1692682926829268,0.07826086956521747,11.075909190830666,False,False,-34.15000000000206,PARTIAL
NSC,2024-04-09,bull_put,255.0,252.5,1.3001,1.1,1.1819090909090908,0.17054263565891467,2.2762484976561295,False,False,-119.99,LOSS
VRTX,2024-04-09,bull_put,405.0,402.5,1.2255,-0.45,-2.723333333333333,0.22784810126582286,0.9562048820519136,False,True,-127.45,LOSS
LOW,2024-04-09,bull_put,245.0,242.5,1.159,1.065,1.088262910798122,0.043052837573385475,0.9296285422278826,False,False,-134.1,LOSS
QQQ,2024-04-10,bull_put,439.0,438.0,0.5458,0.525,1.0396190476190474,0.008510638297872412,0.021934336945513614,False,False,-18.420000000001824,PARTIAL
COST,2024-04-10,bull_put,725.0,722.5,1.3328,1.375,0.9693090909090909,0.057142857142857086,0.051900053047469204,False,False,133.28,WIN
NOW,2024-04-10,bull_put,772.5,770.0,1.3261,1.3,1.020076923076923,0.13612565445026165,-0.0016651992820973813,False,False,-117.39,LOSS
DE,2024-04-10,bull_put,412.5,410.0,1.1594,1.095,1.058812785388128,0.13247172859450718,0.0851015556298935,False,False,-134.06,LOSS
SPY,2024-04-10,bull_put,515.0,514.0,0.5832,0.52,1.1215384615384616,0.0056179775280898936,0.17394906255808565,False,False,-41.68,LOSS
MMM,2024-04-10,bull_put,93.0,92.5,0.2712,0.245,1.106938775510204,0.10416666666666664,0.07289976099197197,False,False,-22.88,LOSS
USB,2024-04-11,bull_put,42.0,41.5,0.2634,0.19,1.3863157894736844,0.0588235294117646,92.67396174766796,False,True,-15.660000000000169,PARTIAL
GM,2024-04-11,bull_put,44.0,43.5,0.246,0.22,1.1181818181818182,0.02898550724637668,9.158036695254786,False,False,-25.4,LOSS
BAC,2024-04-11,bull_put,36.5,36.0,0.2339,0.225,1.0395555555555556,0.04878048780487795,6.645121379595322,False,False,-26.61,LOSS
CRM,2024-04-11,bull_put,300.0,297.5,1.2227,1.135,1.0772687224669601,0.06334841628959262,5.637483115162071,False,False,-127.73,LOSS
NOW,2024-04-11,bull_put,772.5,770.0,1.197,1.25,0.9576,0.09999999999999994,0.34007479130713325,False,False,-130.29999999999998,LOSS
AVGO,2024-04-11,bull_put,1385.0,1382.5,1.3123,1.35,0.972074074074074,0.12213740458015263,-0.012050982631449617,False,False,-118.77,LOSS
DHR,2024-04-15,bull_put,240.0,237.5,1.1434,1.075,1.0636279069767443,0.08955223880597009,1.8129804825598845,False,False,-135.66,LOSS
UPS,2024-04-15,bull_put,145.0,144.0,0.4739,0.43,1.102093023255814,0.036144578313253045,2.9520256178879576,False,False,-52.61,LOSS
XOM,2024-04-15,bull_put,120.0,119.0,0.4775,0.465,1.0268817204301075,0.014388489208633108,1.6084272489094706,False,False,17.874999999999773,PARTIAL
GE,2024-04-15,bull_put,155.0,152.5,1.2375,1.17,1.0576923076923077,0.08510638297872332,7.001166813416549,False,False,-126.25,LOSS
CSCO,2024-04-15,bull_put,48.5,48.0,0.2483,0.23,1.0795652173913042,0.0338983050847458,25.464703902085002,False,False,3.415000000000014,PARTIAL
HON,2024-04-15,bull_put,195.0,192.5,1.1506,1.1,1.046,0.08695652173913032,4.037159706178958,False,False,20.52999999999955,PARTIAL
PYPL,2024-04-16,bull_put,64.0,63.0,0.5155,0.51,1.0107843137254902,0.025974025974026,1.134767007559341,False,False,-48.449999999999996,LOSS
XOM,2024-04-16,bull_put,119.0,118.0,0.4657,0.46,1.012391304347826,0.05761316872427989,3.734965568731695,False,False,46.57,WIN
INTC,2024-04-16,bull_put,36.5,36.0,0.257,0.255,1.007843137254902,0.03125000000000003,0.2755873036802699,False,False,-24.3,LOSS
NEE,2024-04-16,bull_put,62.0,61.0,0.4881,0.415,1.176144578313253,0.061349693251533666,18.591376296337216,False,False,48.809999999999995,WIN
CVX,2024-04-16,bull_put,157.5,155.0,1.3263,1.22,1.0871311475409837,0.024213075060532604,30.69277561714497,False,False,132.63,WIN
RTX,2024-04-16,bull_put,101.0,100.0,0.4519,0.445,1.0155056179775281,0.13636363636363638,11.09956836377075,False,False,45.190000000000005,WIN
CSCO,2024-04-17,bull_put,48.0,47.5,0.2556,0.235,1.087659574468085,0.046511627906976785,77.80539995834087,False,False,25.56,WIN
FCX,2024-04-17,bull_put,50.0,49.5,0.2741,0.24,1.1420833333333333,0.07633587786259549,8.306811496531061,False,False,-11.590000000000057,PARTIAL
UNH,2024-04-17,bull_put,480.0,477.5,1.2067,1.15,1.049304347826087,0.06134969325153374,5.477402566438237,False,False,120.67000000000002,WIN
DHR,2024-04-17,bull_put,240.0,237.5,1.1335,1.025,1.1058536585365855,0.20895522388059706,2.4433279288441265,False,False,-136.65,LOSS
EOG,2024-04-17,bull_put,133.0,132.0,0.5176,0.5,1.0352,0.10526315789473678,1.4677329761947608,False,False,51.76,WIN
BMY,2024-04-17,bull_put,48.0,47.5,0.2334,0.22,1.0609090909090908,0.06315789473684205,0.6514492139747763,False,False,23.34,WIN
NOW,2024-04-18,bull_put,732.5,730.0,1.2189,1.3,0.9376153846153846,0.12698412698412695,0.3704847163819495,False,False,-128.10999999999999,LOSS
BMY,2024-04-18,bull_put,48.5,48.0,0.2381,0.235,1.0131914893617022,0.04878048780487795,1.3337907066377233,False,False,23.810000000000002,WIN
IWM,2024-04-18,bull_put,193.0,192.0,0.4644,0.455,1.0206593406593405,0.008368200836820092,0.6461547987063628,False,False,46.44,WIN
CRM,2024-04-18,bull_put,272.5,270.0,1.1807,1.125,1.0495111111111113,0.06113537117903916,5.490792361975271,False,False,-94.92999999999954,PARTIAL
COST,2024-04-18,bull_put,712.5,710.0,1.3292,1.215,1.093991769547325,0.05194805194805199,3.6106849945063066,False,False,-117.08000000000001,LOSS
EOG,2024-04-18,bull_put,132.0,131.0,0.4729,0.425,1.1127058823529412,0.22222222222222215,19.140325034551186,False,False,47.29,WIN
CSX,2024-04-22,bull_put,35.0,34.0,0.6697,0.425,1.575764705882353,0.28571428571428564,611.1591234489551,False,True,-33.03,LOSS
IWM,2024-04-22,bull_put,196.0,195.0,0.5545,0.51,1.0872549019607842,0.012903225806451528,0.07812545861114543,False,False,55.45,WIN
CRM,2024-04-22,bull_put,275.0,272.5,1.2053,1.18,1.0214406779661018,0.07500000000000007,0.07035342041845521,False,False,24.765000000001024,PARTIAL
QQQ,2024-04-22,bull_put,420.0,419.0,0.5562,0.5,1.1124,0.008456659619450324,0.009154109602236433,False,False,55.620000000000005,WIN
SPY,2024-04-22,bull_put,501.0,500.0,0.5644,0.515,1.0959223300970873,0.007100591715976391,0.0081948157019736,False,False,56.44,WIN
MMM,2024-04-22,bull_put,93.0,92.5,0.2648,0.25,1.0592,0.03278688524590167,-0.03636711605655123,False,False,-23.52,LOSS
MMM,2024-04-23,bull_put,93.5,93.0,0.2791,0.25,1.1164,0.03636363636363639,0.018119208270079366,False,False,-22.09,LOSS
QCOM,2024-04-23,bull_put,162.5,160.0,1.2039,1.175,1.024595744680851,0.0355029585798816,1.099344565288703,False,False,120.39,WIN
DIS,2024-04-23,bull_put,114.0,113.0,0.4866,0.45,1.0813333333333333,0.06222222222222208,1.1385485000901159,False,False,-51.339999999999996,LOSS
ACN,2024-04-23,bull_put,317.5,315.0,1.144,1.075,1.064186046511628,0.07547169811320761,4.182728726957838,False,False,-135.60000000000002,LOSS
CSCO,2024-04-23,bull_put,48.5,48.0,0.2262,0.21,1.0771428571428572,0.08888888888888885,12.130424427173455,False,False,-27.38,LOSS
TJX,2024-04-23,bull_put,95.0,94.0,0.5186,0.455,1.1397802197802196,0.047058823529411806,12.455821906524235,False,False,51.85999999999999,WIN
SO,2024-04-24,bull_put,74.0,73.0,0.4546,0.325,1.3987692307692308,0.3529411764705883,45.420438758417326,False,True,-33.540000000000624,PARTIAL
EMR,2024-04-24,bull_put,110.0,109.0,0.4957,0.45,1.1015555555555554,0.11764705882352937,6.127848387502562,False,False,19.28500000000003,PARTIAL
EOG,2024-04-24,bull_put,136.0,135.0,0.4732,0.475,0.9962105263157895,0.127659574468085,0.4781649105651545,False,False,8.659999999999432,PARTIAL
QQQ,2024-04-24,bull_put,427.5,427.0,0.3229,0.315,1.025079365079365,0.018386108273748876,0.12616026667061103,False,False,32.29,WIN
SPY,2024-04-24,bull_put,506.0,505.0,0.5263,0.585,0.8996581196581197,0.016393442622950834,0.1024413954466328,False,False,52.629999999999995,WIN
IWM,2024-04-24,bull_put,198.0,197.5,0.2351,0.235,1.0004255319148936,0.021660649819494445,-0.08314506728311816,False,False,23.51,WIN
DE,2024-04-25,bull_put,395.0,392.5,1.2665,1.14,1.1109649122807017,0.10638297872340434,0.11946975016997148,False,False,-40.35000000000159,PARTIAL
TMO,2024-04-25,bull_put,572.5,570.0,1.2452,1.125,1.1068444444444445,0.2222222222222223,0.7332080219356742,False,False,124.52000000000001,WIN
IWM,2024-04-25,bull_put,197.0,196.0,0.54,0.535,1.0093457943925235,0.0173913043478261,0.11154125710819195,False,False,54.0,WIN
ORCL,2024-04-25,bull_put,115.0,114.0,0.4682,0.405,1.1560493827160494,0.07329842931937167,12.777882122398218,False,False,46.82,WIN
ACN,2024-04-25,bull_put,310.0,307.5,1.2557,1.15,1.091913043478261,0.13333333333333325,28.355228491530575,False,False,-73.4300000000009,PARTIAL
FCX,2024-04-25,bull_put,49.5,49.0,0.2306,0.22,1.048181818181818,0.04347826086956514,1.7784466153085767,False,False,23.06,WIN
CSCO,2024-04-29,bull_put,48.0,47.5,0.2363,0.225,1.0502222222222222,0.041666666666666706,19.943139287138347,False,False,-26.369999999999997,LOSS
DHR,2024-04-29,bull_put,247.5,245.0,1.2124,1.05,1.1546666666666665,0.07843137254901951,7.088818248000889,False,False,121.24,WIN
PM,2024-04-29,bull_put,96.0,95.0,0.5102,0.45,1.1337777777777778,0.11111111111111109,3.6212159299128235,False,False,51.019999999999996,WIN
XOM,2024-04-29,bull_put,120.0,119.0,0.486,0.465,1.0451612903225806,0.016000000000000014,1.6757390334678746,False,False,-51.4,LOSS
UPS,2024-04-29,bull_put,149.0,148.0,0.4995,0.435,1.1482758620689655,0.0758017492711371,1.2170714479992395,False,False,-50.05,LOSS
INTC,2024-04-29,bull_put,31.5,31.0,0.24,0.23,1.0434782608695652,0.03448275862068969,1.0046536116711176,False,False,-26.0,LOSS
UPS,2024-04-30,bull_put,148.0,147.0,0.5181,0.465,1.1141935483870968,0.1071428571428571,0.8891498932206666,False,False,-48.19,LOSS
ACN,2024-04-30,bull_put,302.5,300.0,1.2858,1.275,1.0084705882352942,0.11111111111111109,2.1545123750371538,False,False,128.58,WIN
COST,2024-04-30,bull_put,725.0,722.5,1.2606,1.275,0.9887058823529412,0.06060606060606053,0.09686142814624461,False,False,126.05999999999999,WIN
MO,2024-04-30,bull_put,44.0,43.5,0.249,0.225,1.1066666666666667,0.07594936708860751,31.480632955700553,False,False,-16.09999999999966,PARTIAL
CL,2024-04-30,bull_put,92.0,91.0,0.5554,0.325,1.708923076923077,0.20000000000000007,187.23520249093204,False,True,55.54,WIN
DHR,2024-04-30,bull_put,247.5,245.0,1.2351,1.1,1.1228181818181817,0.1481481481481481,5.609923076499009,False,False,123.51,WIN
UPS,2024-05-01,bull_put,146.0,145.0,0.4554,0.445,1.023370786516854,0.2145922746781116,0.758552937167784,False,False,45.540000000000006,WIN
AMZN,2024-05-01,bull_put,180.0,177.5,1.2136,1.29,0.9407751937984496,0.08921933085501867,6.789952759182482,False,False,121.36,WIN
ACN,2024-05-01,bull_put,300.0,297.5,1.2397,1.25,0.99176,0.10169491525423738,0.3540709416384125,False,False,123.97,WIN
INTC,2024-05-01,bull_put,30.5,30.0,0.2381,0.22,1.0822727272727273,0.049999999999999906,9.391416946780984,False,False,23.810000000000002,WIN
MMM,2024-05-01,bull_put,99.0,98.0,0.5016,0.485,1.0342268041237115,0.12145748987854263,9.581939626532675,False,False,-49.84,LOSS
CSCO,2024-05-01,bull_put,47.0,46.5,0.2266,0.215,1.0539534883720931,0.1265822784810126,9.023580402114593,False,False,22.66,WIN
VZ,2024-05-02,bull_put,39.0,38.5,0.2292,0.17,1.348235294117647,0.18181818181818174,44.78038943038073,False,True,5.9600000000000275,PARTIAL
COST,2024-05-02,bull_put,732.5,730.0,1.1517,1.145,1.0058515283842795,0.17647058823529413,2.1548233767840563,False,False,115.16999999999999,WIN
TMO,2024-05-02,bull_put,572.5,570.0,1.2719,1.125,1.130577777777778,0.30303030303030304,1.2186149513461129,False,False,57.59499999999977,PARTIAL
IWM,2024-05-02,bull_put,200.0,199.0,0.464,0.46,1.008695652173913,0.01342281879194632,1.0151020113791553,False,False,46.400000000000006,WIN
DE,2024-05-02,bull_put,397.5,395.0,1.3147,1.31,1.003587786259542,0.15780998389694048,0.008697330563254337,False,False,131.47,WIN
AVGO,2024-05-02,bull_put,1242.5,1240.0,1.342,1.45,0.9255172413793105,0.08099688473520242,-0.008838001604778633,False,False,134.20000000000002,WIN
XOM,2024-05-06,bull_put,117.0,116.0,0.4646,0.45,1.0324444444444445,0.04444444444444429,0.7668787586646357,False,False,46.46,WIN
QCOM,2024-05-06,bull_put,182.5,180.0,1.129,1.085,1.0405529953917052,0.08278867102396512,1.1709884070949543,False,False,35.45000000000063,PARTIAL
MA,2024-05-06,bull_put,450.0,447.5,1.2053,1.115,1.0809865470852018,0.10218978102189784,1.535396434363175,False,False,120.53,WIN
ACN,2024-05-06,bull_put,307.5,305.0,1.2877,1.25,1.03016,0.06060606060606053,7.744352581312729,False,False,5.8849999999992075,PARTIAL
PYPL,2024-05-06,bull_put,66.0,65.0,0.4977,0.515,0.9664077669902912,0.07476635514018698,12.01770474331648,False,False,-50.23,LOSS
EOG,2024-05-06,bull_put,131.0,130.0,0.4969,0.475,1.0461052631578949,0.10169491525423738,2.118897634225378,False,False,-40.31000000000057,PARTIAL
DE,2024-05-07,bull_put,407.5,405.0,1.4141,1.235,1.1450202429149796,0.08588957055214726,3.6372442137296637,False,False,141.41,WIN
V,2024-05-07,bull_put,277.5,275.0,1.1877,1.075,1.1048372093023255,0.10945273631840807,1.6858204793099743,False,False,118.77,WIN
NOW,2024-05-07,bull_put,715.0,712.5,1.3545,1.3,1.041923076923077,0.11904761904761904,0.15471854261422774,False,False,135.45000000000002,WIN
ISRG,2024-05-07,bull_put,390.0,387.5,1.2603,1.225,1.028816326530612,0.10256410256410244,0.11578853569335511,False,False,-123.97,LOSS
SPY,2024-05-07,bull_put,518.0,517.5,0.2476,0.23,1.0765217391304347,0.00956937799043063,-0.005259630227961056,False,False,24.759999999999998,WIN
QQQ,2024-05-07,bull_put,441.0,440.0,0.4568,0.435,1.0501149425287355,0.01731601731601733,-0.09164044937993356,False,False,45.68,WIN
NOW,2024-05-08,bull_put,722.5,720.0,1.2945,1.2,1.07875,0.173228346456693,0.11082553205345155,False,False,129.45,WIN
BLK,2024-05-08,bull_put,780.0,777.5,1.3707,1.3,1.0543846153846155,0.17142857142857149,0.3076711312778758,False,False,137.07,WIN
QQQ,2024-05-08,bull_put,441.0,440.0,0.5664,0.51,1.1105882352941177,0.012422360248447308,0.3723222995534679,False,False,56.64,WIN
NSC,2024-05-08,bull_put,232.5,230.0,1.2527,1.225,1.022612244897959,0.17721518987341764,1.9553101793649499,False,False,-95.7300000000008,PARTIAL
SBUX,2024-05-08,bull_put,74.0,73.0,0.5334,0.45,1.1853333333333333,0.3597122302158274,8.658710339516611,False,False,53.339999999999996,WIN
PYPL,2024-05-08,bull_put,64.0,63.0,0.4816,0.385,1.2509090909090907,0.05970149253731333,51.097728180680434,False,True,-51.839999999999996,LOSS
ACN,2024-05-09,bull_put,307.5,305.0,1.1895,1.1,1.0813636363636363,0.21052631578947376,15.089050185941321,False,False,0.9749999999992043,PARTIAL
CAT,2024-05-09,bull_put,352.5,350.0,1.1691,1.12,1.0438392857142857,0.12807881773399024,3.550189295344437,False,False,116.91,WIN
NOW,2024-05-09,bull_put,725.0,722.5,1.3561,1.2,1.1300833333333336,0.2040816326530612,1.425845345029259,False,False,135.61,WIN
NFLX,2024-05-09,bull_put,612.5,610.0,1.1441,1.09,1.0496330275229355,0.10810810810810807,-0.22818724352724185,False,False,-48.589999999999556,PARTIAL
NSC,2024-05-09,bull_put,227.5,225.0,1.2104,1.375,0.880290909090909,0.2857142857142857,-2.9303477064207817,False,False,121.03999999999999,WIN
LOW,2024-05-13,bull_put,235.0,232.5,1.4069,1.265,1.1121739130434785,0.04761904761904767,0.3660504421560512,False,False,-109.31,LOSS
NEE,2024-05-13,bull_put,75.0,74.0,0.4702,0.455,1.0334065934065935,0.05714285714285719,0.5488094927637117,False,False,47.02,WIN
ABT,2024-05-13,bull_put,105.0,104.0,0.4627,0.4,1.15675,0.07486631016042775,0.29899448589349903,False,False,-44.729999999999656,PARTIAL
EOG,2024-05-13,bull_put,130.0,129.0,0.5181,0.5,1.0362,0.06666666666666672,2.514706376535118,False,False,22.904999999999887,PARTIAL
MDT,2024-05-13,bull_put,84.0,83.0,0.5475,0.465,1.1774193548387095,0.041666666666666706,6.917528650940268,False,False,54.75,WIN
NSC,2024-05-13,bull_put,232.5,230.0,1.3379,1.325,1.009735849056604,0.14084507042253522,0.99858765135055,False,False,15.394999999999948,PARTIAL
PYPL,2024-05-14,bull_put,65.0,64.0,0.5169,0.47,1.0997872340425534,0.12121212121212122,18.980554050326475,False,False,-0.3099999999995995,PARTIAL
DHR,2024-05-14,bull_put,260.0,257.5,1.2459,1.275,0.9771764705882353,0.18867924528301888,16.973748122862563,False,False,124.59,WIN
GILD,2024-05-14,bull_put,68.0,67.5,0.2847,0.27,1.0544444444444445,0.04081632653061228,3.60125702672325,False,False,0.2349999999999436,PARTIAL
QCOM,2024-05-14,bull_put,190.0,187.5,1.2369,1.23,1.005609756097561,0.06477732793522256,3.3777273748039627,False,False,123.69000000000001,WIN
MA,2024-05-14,bull_put,455.0,452.5,1.2368,1.11,1.114234234234234,0.1142857142857144,2.8808214489737667,False,False,123.67999999999999,WIN
ORCL,2024-05-14,bull_put,121.0,120.0,0.4769,0.49,0.973265306122449,0.06113537117903916,0.41854057759946256,False,False,47.69,WIN
IWM,2024-05-15,bull_put,210.0,209.0,0.5378,0.535,1.005233644859813,0.03300330033003303,-0.09287190724952549,False,False,-46.22,LOSS
NFLX,2024-05-15,bull_put,615.0,612.5,1.256,1.275,0.9850980392156864,0.08469055374592839,-0.007493307502103557,False,False,125.6,WIN
DE,2024-05-15,bull_put,417.5,415.0,1.3459,2.0,0.67295,0.35140997830802606,-0.022689975833063283,False,False,-115.41,LOSS
SPY,2024-05-15,bull_put,530.0,529.0,0.4927,0.465,1.0595698924731183,0.010989010989010999,1.0738706520808345,False,False,-5.729999999995449,PARTIAL
NSC,2024-05-15,bull_put,232.5,230.0,1.3542,1.175,1.1525106382978723,0.14432989690721654,16.82357916441026,False,False,16.209999999999948,PARTIAL
QQQ,2024-05-15,bull_put,454.0,453.0,0.5622,0.54,1.041111111111111,0.02028397565922932,0.4104393004243861,False,False,-43.78,LOSS
CSCO,2024-05-16,bull_put,48.5,48.0,0.2528,0.23,1.0991304347826087,0.18181818181818182,338.4284261699977,False,False,-7.719999999999827,PARTIAL
GILD,2024-05-16,bull_put,68.0,67.5,0.2314,0.205,1.1287804878048782,0.08450704225352106,10.227115566557824,False,False,-4.860000000000114,PARTIAL
NFLX,2024-05-16,bull_put,612.5,610.0,1.2619,1.35,0.9347407407407406,0.10869565217391305,-0.3777082260354141,False,False,126.19,WIN
SPY,2024-05-16,bull_put,529.0,528.0,0.4621,0.46,1.0045652173913042,0.007168458781362013,-0.3803496532569011,False,False,46.21,WIN
UPS,2024-05-20,bull_put,148.0,147.0,0.4819,0.43,1.1206976744186046,0.05204460966542739,2.188401174544289,False,False,-51.81,LOSS
XOM,2024-05-20,bull_put,119.0,118.0,0.4635,0.445,1.0415730337078652,0.05714285714285719,0.5915474114764449,False,False,-53.65,LOSS
ACN,2024-05-20,bull_put,307.5,305.0,1.3068,1.25,1.04544,0.0555555555555556,0.09686214609862447,False,False,-119.32000000000001,LOSS
QQQ,2024-05-20,bull_put,456.0,455.0,0.5657,0.52,1.0878846153846153,0.014814814814814939,0.021928544359155137,False,False,56.57,WIN
SPY,2024-05-20,bull_put,531.0,530.0,0.5406,0.48,1.12625,0.006872852233676982,-0.0007079661576079063,False,False,-45.94,LOSS
SBUX,2024-05-20,bull_put,78.0,77.0,0.5019,0.495,1.013939393939394,0.031746031746031654,-0.045221428005604164,False,False,50.19,WIN
HD,2024-05-21,bull_put,337.5,335.0,1.2781,1.22,1.0476229508196722,0.061855670103092834,0.6950027966709692,False,False,-122.19,LOSS
SPY,2024-05-21,bull_put,532.0,531.0,0.527,0.485,1.08659793814433,0.00799999999999983,0.373668769316058,False,False,-47.3,LOSS
DE,2024-05-21,bull_put,387.5,385.0,1.2543,1.12,1.119910714285714,0.12025316455696199,2.955404341721528,False,False,-124.57000000000001,LOSS
ACN,2024-05-21,bull_put,305.0,302.5,1.2339,1.275,0.967764705882353,0.17599999999999993,4.088164594464816,False,False,-126.61,LOSS
MS,2024-05-21,bull_put,102.0,101.0,0.5405,0.47,1.1500000000000001,0.06315789473684205,2.435828506274553,False,False,-45.95,LOSS
INTC,2024-05-21,bull_put,32.0,31.5,0.2621,0.25,1.0484,0.03846153846153849,4.280686607189549,False,False,-23.79,LOSS
MA,2024-05-22,bull_put,457.5,455.0,1.2469,1.105,1.12841628959276,0.14207650273224048,16.26084555322287,False,False,-125.31000000000002,LOSS
DE,2024-05-22,bull_put,387.5,385.0,1.3419,1.325,1.0127547169811322,0.16300940438871472,6.478655051313042,False,False,-115.80999999999999,LOSS
ORCL,2024-05-22,bull_put,125.0,124.0,0.4937,0.55,0.8976363636363636,0.08823529411764698,0.19673844434821294,False,False,-50.629999999999995,LOSS
MSFT,2024-05-22,bull_put,432.5,430.0,1.3103,1.665,0.786966966966967,0.2793296089385474,0.16421426383529694,False,False,-102.9699999999975,PARTIAL
BA,2024-05-22,bull_put,187.5,185.0,1.3058,1.2,1.0881666666666667,0.06085192697768759,0.10199108918535832,False,False,-119.41999999999999,LOSS
NFLX,2024-05-22,bull_put,642.5,640.0,1.3427,-0.125,-10.7416,0.6804123711340206,-0.0072745039545656495,False,True,134.27,WIN
BLK,2024-05-23,bull_put,785.0,782.5,1.1578,1.025,1.1295609756097562,0.2400000000000001,0.03409616381850422,False,False,-134.22,LOSS
NFLX,2024-05-23,bull_put,637.5,635.0,1.3111,1.325,0.9895094339622641,0.11282051282051296,-0.14066180999668362,False,False,131.10999999999999,WIN
AMGN,2024-05-23,bull_put,307.5,305.0,1.1806,1.19,0.9921008403361345,0.12860310421286034,-3.897738716062588,False,False,-47.94000000000249,PARTIAL
NOW,2024-05-28,bull_put,732.5,730.0,1.4739,1.3,1.1337692307692306,0.16000000000000014,0.20413361870539443,False,False,-102.61,LOSS
DHR,2024-05-28,bull_put,260.0,257.5,1.323,1.6,0.8268749999999999,0.09900990099009901,3.4568547901101074,False,False,-117.7,LOSS
SBUX,2024-05-28,bull_put,78.0,77.0,0.558,0.515,1.083495145631068,0.024489795918367366,6.7303772549013,False,False,55.800000000000004,WIN
VRTX,2024-05-28,bull_put,447.5,445.0,1.5424,1.65,0.9347878787878788,0.5979381443298969,7.786015161336384,False,True,154.24,WIN
NEE,2024-05-28,bull_put,78.0,77.0,0.4812,0.5,0.9624,0.05181347150259072,9.99537139712488,False,False,48.120000000000005,WIN
FCX,2024-05-28,bull_put,54.0,53.0,0.4841,0.475,1.019157894736842,0.05940594059405946,7.565295021574103,False,False,-51.59,LOSS
UPS,2024-05-29,bull_put,135.0,134.0,0.5085,0.525,0.9685714285714284,0.1374045801526717,0.5685205705682811,False,False,50.849999999999994,WIN
SPY,2024-05-29,bull_put,527.0,526.0,0.5684,0.505,1.1255445544554457,0.0075187969924812095,0.49837916962823403,False,False,56.84,WIN
VRTX,2024-05-29,bull_put,442.5,440.0,1.3466,-0.075,-17.954666666666668,1.4285714285714286,0.409017915802866,False,True,134.66,WIN
ACN,2024-05-29,bull_put,295.0,292.5,1.2146,1.15,1.0561739130434782,0.1333333333333332,0.23444349822845406,False,False,-128.54000000000002,LOSS
NOW,2024-05-29,bull_put,732.5,730.0,1.2506,1.25,1.00048,0.11920529801324509,0.044063454482149135,False,False,-124.94000000000001,LOSS
AVGO,2024-05-29,bull_put,1397.5,1395.0,1.5028,3.75,0.40074666666666664,0.23696682464454974,0.0011425778555305421,False,False,-99.72,LOSS
NFLX,2024-05-30,bull_put,650.0,647.5,1.3916,1.15,1.2100869565217391,0.06965174129353244,-0.1037951188549764,False,False,-110.84,LOSS
TSLA,2024-05-30,bull_put,180.0,177.5,1.2214,1.245,0.9810441767068273,0.043052837573385475,-0.7155081853820975,False,False,-69.85999999999875,PARTIAL
SPY,2024-05-30,bull_put,523.0,522.0,0.5227,0.49,1.066734693877551,0.00542005420054201,0.464657903057,False,False,52.27,WIN
VRTX,2024-05-30,bull_put,445.0,442.5,1.4622,1.325,1.1035471698113208,1.5217391304347827,0.5391408437690521,False,True,146.22,WIN
QQQ,2024-05-30,bull_put,452.0,451.0,0.5193,0.49,1.0597959183673469,0.02298850574712656,0.271160572276472,False,False,-48.07,LOSS
BMY,2024-06-03,bull_put,42.0,41.5,0.2494,0.25,0.9976,0.13333333333333325,6.092924900014217,False,False,-25.06,LOSS
NSC,2024-06-03,bull_put,225.0,222.5,1.3379,1.25,1.0703200000000002,0.12903225806451613,3.5475189847336033,False,False,20.394999999999662,PARTIAL
GE,2024-06-03,bull_put,162.5,160.0,1.1638,1.15,1.012,0.041745730550284584,2.772928213273516,False,False,29.189999999999372,PARTIAL
CSCO,2024-06-03,bull_put,47.0,46.5,0.2622,0.27,0.971111111111111,0.041958041958041994,2.373888002807042,False,False,-23.78,LOSS
DHR,2024-06-03,bull_put,262.5,260.0,1.2761,1.15,1.1096521739130436,0.10169491525423738,2.335982286755435,False,False,127.61,WIN
AAPL,2024-06-03,bull_put,195.0,192.5,1.1476,1.13,1.0155752212389382,0.03422982885085588,2.1571974341936806,False,False,114.75999999999999,WIN
UPS,2024-06-04,bull_put,136.0,135.0,0.4758,0.48,0.9912500000000001,0.0729927007299269,1.725017090573071,False,False,47.58,WIN
MA,2024-06-04,bull_put,445.0,442.5,1.1323,1.045,1.0835406698564596,0.0689655172413793,2.1947030111665566,False,False,113.23,WIN
DE,2024-06-04,bull_put,370.0,367.5,1.212,1.09,1.111926605504587,0.10852713178294578,2.364438501480923,False,False,-20.800000000001596,PARTIAL
QCOM,2024-06-04,bull_put,205.0,202.5,1.2417,1.125,1.1037333333333335,0.05839416058394149,13.583478321014193,False,False,124.17,WIN
CSCO,2024-06-04,bull_put,47.5,47.0,0.2349,0.225,1.044,0.08264462809917363,13.673313555070546,False,False,-26.51,LOSS
NSC,2024-06-04,bull_put,222.5,220.0,1.2378,1.15,1.0763478260869566,0.13861386138613863,5.472816845694362,False,False,123.78,WIN
ORCL,2024-06-05,bull_put,123.0,122.0,0.4875,0.455,1.0714285714285714,0.1128205128205128,2.2586778450301566,False,False,48.75,WIN
HON,2024-06-05,bull_put,210.0,207.5,1.162,1.05,1.1066666666666665,0.10169491525423738,32.75007428256746,False,False,-5.799999999999894,PARTIAL
MA,2024-06-05,bull_put,447.5,445.0,1.2165,1.105,1.1009049773755655,0.1123595505617977,16.48003613437797,False,False,121.64999999999999,WIN
DE,2024-06-05,bull_put,372.5,370.0,1.2851,1.24,1.0363709677419355,0.11038961038961034,2.870752020843257,False,False,-121.49000000000001,LOSS
UNH,2024-06-05,bull_put,505.0,502.5,1.4107,1.275,1.1064313725490198,0.07500000000000007,2.5880003012133383,False,False,-108.92999999999999,LOSS
LOW,2024-06-05,bull_put,220.0,217.5,1.1264,1.02,1.104313725490196,0.0674157303370787,1.6682609683601357,False,False,-137.35999999999999,LOSS
NFLX,2024-06-06,bull_put,650.0,647.5,1.298,1.275,1.0180392156862745,0.1780104712041886,-0.11593756404698072,False,False,-120.19999999999999,LOSS
QQQ,2024-06-06,bull_put,464.0,463.0,0.5023,0.49,1.0251020408163265,0.004535147392290152,-0.04067921560597584,False,False,-49.769999999999996,LOSS
AVGO,2024-06-06,bull_put,1405.0,1402.5,1.3527,1.35,1.002,0.13523131672597866,-0.007732622937389919,False,False,135.27,WIN
NOW,2024-06-06,bull_put,705.0,702.5,1.4046,1.95,0.7203076923076923,0.33333333333333337,2.3067229118329227,False,False,-109.53999999999999,LOSS
SPY,2024-06-06,bull_put,535.0,534.0,0.5262,0.475,1.1077894736842107,0.005167958656330754,0.66277637004519,False,False,-46.38000000000091,PARTIAL
UNH,2024-06-06,bull_put,502.5,500.0,1.2112,1.085,1.1163133640552996,0.12065813528336383,8.618128696710464,False,False,-128.88,LOSS
PM,2024-06-10,bull_put,104.0,103.0,0.472,0.425,1.1105882352941177,0.11764705882352937,3.780572527110539,False,False,-52.800000000000004,LOSS
EOG,2024-06-10,bull_put,122.0,121.0,0.4975,0.45,1.1055555555555556,0.10909090909090903,1.4779181344128085,False,False,-50.24999999999999,LOSS
MSFT,2024-06-10,bull_put,430.0,427.5,1.346,1.25,1.0768,0.053475935828877004,0.5269514542313073,False,False,134.60000000000002,WIN
UNH,2024-06-10,bull_put,497.5,495.0,1.418,1.5,0.9453333333333332,0.17777777777777767,0.5268753620213811,False,False,51.900000000000226,PARTIAL
DE,2024-06-10,bull_put,370.0,367.5,1.2909,1.225,1.0537959183673469,0.09876543209876541,0.48237012582896005,False,False,129.09,WIN
UPS,2024-06-10,bull_put,138.0,137.0,0.4508,0.465,0.9694623655913978,0.06535947712418307,0.4769233445888777,False,False,-54.92,LOSS
GOOGL,2024-06-11,bull_put,177.5,175.0,1.1289,1.0,1.1289,0.04379562043795636,2.544043748685367,False,False,20.944999999999602,PARTIAL
ACN,2024-06-11,bull_put,295.0,292.5,1.1515,1.15,1.001304347826087,0.08403361344537814,2.9345482465218047,False,False,-134.85,LOSS
PYPL,2024-06-11,bull_put,65.0,64.0,0.4555,0.42,1.0845238095238097,0.08421052631578943,2.9858837109951573,False,False,-54.449999999999996,LOSS
DHR,2024-06-11,bull_put,262.5,260.0,1.4081,1.2,1.1734166666666666,0.0900900900900901,11.062595908997563,False,False,-109.19000000000001,LOSS
PM,2024-06-11,bull_put,104.0,103.0,0.4788,0.775,0.6178064516129033,0.8695652173913043,37.355964432383125,False,True,-52.12,LOSS
AAPL,2024-06-11,bull_put,207.5,205.0,1.1329,1.16,0.9766379310344828,0.07829181494661913,6.075297657775481,False,False,113.29,WIN
EMR,2024-06-12,bull_put,109.0,108.0,0.6202,0.475,1.3056842105263158,0.16216216216216217,50.08288629410139,False,True,-37.980000000000004,LOSS
GM,2024-06-12,bull_put,49.0,48.5,0.2432,0.225,1.0808888888888888,0.14141414141414144,13.219277762539585,False,False,-25.679999999999996,LOSS
JNJ,2024-06-12,bull_put,146.0,145.0,0.5636,0.785,0.7179617834394904,0.5185185185185185,11.28104498902695,False,True,5.179999999999602,PARTIAL
CAT,2024-06-12,bull_put,330.0,327.5,1.3123,1.735,0.7563688760806916,0.37908496732026137,3.9986859846925187,False,False,-118.77,LOSS
NVDA,2024-06-12,bull_put,126.0,125.5,0.2913,0.305,0.9550819672131148,0.16867469879518074,2.2902889362890932,True,False,29.13,WIN
UNH,2024-06-12,bull_put,495.0,492.5,1.3842,0.675,2.050666666666667,0.3419689119170985,0.4591447540373398,False,True,138.42000000000002,WIN
NOW,2024-06-13,bull_put,712.5,710.0,1.2661,1.2,1.0550833333333334,0.11891891891891908,-0.000309566146823489,False,False,126.61,WIN
MSFT,2024-06-13,bull_put,442.5,440.0,1.1512,0.635,1.8129133858267716,1.0843373493975903,-0.08294956241076427,False,True,115.12,WIN
CRM,2024-06-13,bull_put,230.0,227.5,1.2484,1.195,1.044686192468619,0.11946050096339117,16.658417869612943,False,False,124.83999999999999,WIN
NVDA,2024-06-13,bull_put,130.0,129.5,0.3045,0.095,3.205263157894737,0.1025641025641025,25.87125199578968,True,True,30.45,WIN
AAPL,2024-06-13,bull_put,215.0,212.5,1.1447,1.135,1.008546255506608,0.07751937984496107,42.251049166123565,False,False,-135.53,LOSS
CAT,2024-06-13,bull_put,327.5,325.0,1.2498,1.255,0.9958565737051794,0.09823182711198429,3.769917591109738,False,False,-125.02,LOSS
NVDA,2024-06-17,bull_put,132.0,131.0,0.5319,0.46,1.156304347826087,0.10246679316888047,4.529744649952418,True,False,-46.81,LOSS
NEE,2024-06-17,bull_put,72.5,72.0,0.2528,0.235,1.075744680851064,0.07142857142857136,2.4843262997285196,False,False,25.28,WIN
QCOM,2024-06-17,bull_put,222.5,220.0,1.1723,1.105,1.0609049773755654,0.07705192629815744,2.3647638404642537,False,False,-132.77,LOSS
ORCL,2024-06-17,bull_put,142.0,141.0,0.5784,0.595,0.9721008403361345,0.2023809523809524,2.267528570708628,False,False,3.9200000000000013,PARTIAL
AAPL,2024-06-17,bull_put,217.5,215.0,1.179,1.165,1.0120171673819742,0.04684684684684681,0.8370177457181123,False,False,-132.1,LOSS
AMGN,2024-06-17,bull_put,305.0,302.5,1.4042,1.35,1.040148148148148,0.09790209790209792,0.6666363033760162,False,False,140.42,WIN
HD,2024-06-18,bull_put,355.0,352.5,1.266,1.075,1.1776744186046513,0.23664122137404583,4.7740988833882785,False,False,126.6,WIN
ADP,2024-06-18,bull_put,245.0,242.5,1.27,0.95,1.336842105263158,0.20689655172413793,79.37174976593803,False,True,127.0,WIN
NVDA,2024-06-18,bull_put,136.0,135.0,0.4878,0.495,0.9854545454545455,0.06030150753768839,3.7115899326588786,True,False,-51.22,LOSS
MSFT,2024-06-18,bull_put,447.5,445.0,1.2667,1.135,1.116035242290749,0.09523809523809519,1.4183281828194017,False,False,126.66999999999999,WIN
BMY,2024-06-18,bull_put,41.0,40.5,0.2324,0.23,1.0104347826086957,0.06060606060606066,0.8081957175413279,False,False,23.24,WIN
FCX,2024-06-18,bull_put,48.0,47.5,0.2771,0.26,1.0657692307692308,0.05714285714285704,0.7411988862690567,False,False,27.71,WIN
NOW,2024-06-20,bull_put,735.0,732.5,1.1457,1.1,1.0415454545454543,0.1666666666666666,1.6679946534201666,False,False,114.57,WIN
CAT,2024-06-20,bull_put,330.0,327.5,1.1796,1.31,0.9004580152671755,0.2248062015503876,3.799669057072946,False,False,-98.04000000000251,PARTIAL
UNH,2024-06-20,bull_put,485.0,482.5,1.1424,1.115,1.0245739910313902,0.1404682274247493,1.0636419211038637,False,False,-126.76000000000249,PARTIAL
NVDA,2024-06-20,bull_put,131.0,130.0,0.455,0.43,1.058139534883721,0.07957559681697608,34.390117585084106,True,False,-54.50000000000001,LOSS
FCX,2024-06-20,bull_put,49.5,49.0,0.2425,0.225,1.0777777777777777,0.08510638297872336,4.375541796656905,False,False,24.25,WIN
DE,2024-06-20,bull_put,382.5,380.0,1.1858,1.075,1.1030697674418606,0.15384615384615388,0.5393903023952445,False,False,-131.42000000000002,LOSS
JPM,2024-06-24,bull_put,200.0,197.5,1.1737,1.195,0.9821757322175731,0.029227557411273603,0.48721603113125206,False,False,117.36999999999999,WIN
UPS,2024-06-24,bull_put,139.0,138.0,0.5101,0.455,1.121098901098901,0.05988023952095801,3.789935696167962,False,False,-48.99,LOSS
BMY,2024-06-24,bull_put,42.5,42.0,0.2541,0.225,1.1293333333333333,0.10344827586206885,3.608958510215244,False,False,-24.59,LOSS
PYPL,2024-06-24,bull_put,60.0,59.0,0.5408,0.49,1.103673469387755,0.0492610837438424,20.297099606414957,False,False,-45.92,LOSS
CSCO,2024-06-24,bull_put,47.5,47.0,0.2396,0.235,1.0195744680851064,0.08888888888888885,23.083017970883574,False,False,23.96,WIN
GOOGL,2024-06-24,bull_put,180.0,177.5,1.1406,1.075,1.0610232558139536,0.04999999999999993,9.331566027290137,False,False,114.06,WIN
EOG,2024-06-25,bull_put,126.0,125.0,0.4961,0.5,0.9922,0.07692307692307698,0.4667515147125311,False,False,18.305000000000227,PARTIAL
CRM,2024-06-25,bull_put,242.5,240.0,1.2081,1.12,1.078660714285714,0.04724409448818902,4.04942422813638,False,False,120.81,WIN
NVDA,2024-06-25,bull_put,127.0,126.0,0.5246,0.54,0.9714814814814813,0.04800000000000011,6.806062231771395,True,False,-47.54,LOSS
CL,2024-06-25,bull_put,99.0,98.0,0.4858,0.4,1.2145,0.23999999999999985,82.80715934588956,False,False,-51.42,LOSS
GOOGL,2024-06-25,bull_put,185.0,182.5,1.2308,1.635,0.752782874617737,0.4847250509164968,29.739825349392106,False,False,-126.92000000000002,LOSS
VRTX,2024-06-25,bull_put,475.0,472.5,1.5854,1.6,0.990875,0.6222222222222222,11.64215034690343,False,True,-91.46,LOSS
EOG,2024-06-26,bull_put,125.0,124.0,0.4974,0.475,1.047157894736842,0.13953488372093015,8.459557962334001,False,False,49.74,WIN
QCOM,2024-06-26,bull_put,197.5,195.0,1.1385,1.135,1.0030837004405286,0.15145631067961168,4.386853908496692,False,False,113.85000000000001,WIN
GM,2024-06-26,bull_put,46.0,45.5,0.2619,0.245,1.0689795918367349,0.0990099009900991,1.5863202424152458,False,False,26.19,WIN
HD,2024-06-26,bull_put,342.5,340.0,1.1624,1.08,1.0762962962962963,0.0836820083682009,1.4586510687436045,False,False,116.24000000000001,WIN
NVDA,2024-06-26,bull_put,127.0,126.0,0.5053,0.48,1.0527083333333334,0.054263565891472916,0.5306271949544528,True,False,-49.47,LOSS
QQQ,2024-06-26,bull_put,481.0,480.0,0.548,0.51,1.0745098039215686,0.036124794745484363,0.38856743212583894,False,False,-45.2,LOSS
BLK,2024-06-27,bull_put,782.5,780.0,1.1694,1.225,0.9546122448979592,0.19512195121951217,-0.11947632332006071,False,False,116.94,WIN
UNH,2024-06-27,bull_put,487.5,485.0,1.1663,1.16,1.0054310344827586,0.21556886227544916,-0.0643507197272131,False,False,116.63,WIN
NFLX,2024-06-27,bull_put,685.0,682.5,1.2365,0.65,1.902307692307692,0.38993710691823896,-0.041691999963719216,False,True,-126.35000000000001,LOSS
MRK,2024-06-27,bull_put,130.0,129.0,0.4646,0.5,0.9292,0.10852713178294583,5.28821268314404,False,False,-53.54,LOSS
EOG,2024-06-27,bull_put,125.0,124.0,0.5271,0.425,1.240235294117647,0.17142857142857132,33.12605819794909,False,False,52.71,WIN
HD,2024-06-27,bull_put,342.5,340.0,1.1908,1.145,1.04,0.13399503722084372,0.2612109246768391,False,False,119.08000000000001,WIN
GE,2024-07-01,bull_put,160.0,157.5,1.2503,1.105,1.1314932126696833,0.06392694063926926,48.57815892511882,False,False,125.03,WIN
INTC,2024-07-01,bull_put,31.0,30.5,0.2647,0.23,1.1508695652173913,0.07594936708860751,41.62473744877597,False,False,26.47,WIN
CRM,2024-07-01,bull_put,257.5,255.0,1.2706,1.26,1.0084126984126984,0.06349206349206354,2.7749278043540864,False,False,127.06,WIN
EOG,2024-07-01,bull_put,127.0,126.0,0.4941,0.475,1.0402105263157895,0.11764705882352952,2.191571221972327,False,False,-50.59,LOSS
NVDA,2024-07-01,bull_put,125.0,124.0,0.5336,0.495,1.0779797979797978,0.040816326530612276,1.9505501893109236,True,False,53.36,WIN
AAPL,2024-07-01,bull_put,217.5,215.0,1.1357,1.11,1.023153153153153,0.08983451536643022,0.8682395215543659,False,False,113.57,WIN
BLK,2024-07-02,bull_put,790.0,787.5,1.3064,1.025,1.2745365853658537,0.09523809523809532,0.03495957720081467,False,True,130.64,WIN
COST,2024-07-02,bull_put,860.0,857.5,1.1455,1.115,1.027354260089686,0.11764705882352934,0.3874630433384107,False,False,114.55,WIN
QQQ,2024-07-02,bull_put,487.5,487.0,0.2782,0.245,1.1355102040816327,0.02141327623126331,0.04448736560339911,False,False,27.82,WIN
NFLX,2024-07-02,bull_put,682.5,680.0,1.4424,1.425,1.0122105263157894,0.08764940239043821,0.08483008331540162,False,False,144.23999999999998,WIN
SPY,2024-07-02,bull_put,550.0,549.0,0.6384,0.555,1.15027027027027,0.012903225806451528,6.573299042044526,False,False,63.839999999999996,WIN
UNH,2024-07-02,bull_put,500.0,497.5,1.3898,1.32,1.0528787878787877,0.10389610389610389,1.9512109139190112,False,False,-111.02000000000001,LOSS
V,2024-07-03,bull_put,270.0,267.5,1.2216,1.175,1.039659574468085,0.16483516483516486,28.29721369668572,False,False,122.16,WIN
SPY,2024-07-03,bull_put,552.0,551.0,0.5188,0.455,1.1402197802197802,0.033222591362126276,1.7546492492543648,False,False,51.88,WIN
NFLX,2024-07-03,bull_put,685.0,682.5,1.4265,1.425,1.0010526315789474,0.14354066985645933,0.5237868558568985,False,False,142.65,WIN
QQQ,2024-07-03,bull_put,492.0,491.0,0.5154,0.505,1.0205940594059406,0.03473945409429273,-0.006190925377210402,False,False,51.54,WIN
BLK,2024-07-03,bull_put,790.0,787.5,1.2299,1.35,0.911037037037037,0.21686746987951794,-0.09749839001268258,False,False,122.99,WIN
NVDA,2024-07-03,bull_put,129.0,128.0,0.5244,0.55,0.9534545454545453,0.04034582132564846,-0.32654402365854474,True,False,-47.56,LOSS
CAT,2024-07-08,bull_put,330.0,327.5,1.2595,1.26,0.9996031746031746,0.13333333333333333,0.1563285420360758,False,False,125.95,WIN
EOG,2024-07-08,bull_put,126.0,125.0,0.4877,0.475,1.0267368421052632,0.07142857142857134,0.6478874525535228,False,False,48.77,WIN
MSFT,2024-07-08,bull_put,467.5,465.0,1.2469,1.22,1.0220491803278688,0.06060606060606061,0.8984446883223433,False,False,-125.31000000000002,LOSS
UPS,2024-07-08,bull_put,136.0,135.0,0.499,0.495,1.0080808080808081,0.052980132450331174,3.5027190366881826,False,False,49.9,WIN
GOOGL,2024-07-08,bull_put,190.0,187.5,1.1875,1.185,1.00210970464135,0.035087719298245446,5.791115230579143,False,False,-131.25,LOSS
NVDA,2024-07-08,bull_put,129.0,128.0,0.5363,0.58,0.9246551724137931,0.06666666666666672,4.859411562141142,True,False,53.63,WIN
CSCO,2024-07-09,bull_put,46.0,45.5,0.2437,0.225,1.0831111111111111,0.07058823529411772,24.665988029373697,False,False,24.37,WIN
GOOGL,2024-07-09,bull_put,190.0,187.5,1.1941,1.165,1.024978540772532,0.03325415676959634,16.71615830123033,False,False,-130.59,LOSS
ABT,2024-07-09,bull_put,102.0,101.0,0.5273,0.465,1.1339784946236557,0.11428571428571438,12.145352657625763,False,False,52.73,WIN
NVDA,2024-07-09,bull_put,132.0,131.0,0.504,0.515,0.9786407766990292,0.027397260273972542,8.564903278374613,True,False,-49.6,LOSS
QCOM,2024-07-09,bull_put,207.5,205.0,1.1514,1.08,1.066111111111111,0.04946996466431099,4.533297601250563,False,False,-134.86,LOSS
UPS,2024-07-09,bull_put,135.0,134.0,0.5466,0.51,1.071764705882353,0.04713804713804719,2.3891420888014077,False,False,54.66,WIN
HD,2024-07-10,bull_put,345.0,342.5,1.2959,1.53,0.8469934640522876,0.16352201257861634,3.7769839955417135,False,False,129.59,WIN
CAT,2024-07-10,bull_put,330.0,327.5,1.4045,1.275,1.1015686274509806,0.12499999999999997,4.5936442314480175,False,False,140.45000000000002,WIN
QCOM,2024-07-10,bull_put,210.0,207.5,1.3138,1.285,1.0224124513618678,0.03436426116838491,6.735786369056754,False,False,-118.61999999999999,LOSS
UPS,2024-07-10,bull_put,136.0,135.0,0.4959,0.455,1.08989010989011,0.07407407407407414,10.39160720821076,False,False,49.59,WIN
JNJ,2024-07-10,bull_put,150.0,149.0,0.6507,0.505,1.2885148514851483,0.19354838709677416,46.71778663094781,False,True,26.53499999999977,PARTIAL
NVDA,2024-07-10,bull_put,136.0,135.0,0.5587,0.6,0.9311666666666667,0.08731808731808731,19.46471372800701,True,False,-44.13,LOSS
CSX,2024-07-11,bull_put,34.0,33.5,0.42,0.7,0.6,1.375,793.1615285462084,False,True,10.499999999999957,PARTIAL
HD,2024-07-11,bull_put,355.0,352.5,1.2778,1.22,1.047377049180328,0.10714285714285725,6.513094802746585,False,False,127.78,WIN
NVDA,2024-07-11,bull_put,128.0,127.0,0.5009,0.475,1.0545263157894738,0.059620596205961995,6.051231340492081,True,False,50.09,WIN
MA,2024-07-11,bull_put,437.5,435.0,1.1472,1.17,0.9805128205128205,0.13333333333333325,2.8483226167837676,False,False,114.72,WIN
MS,2024-07-11,bull_put,105.0,104.0,0.4716,0.455,1.0364835164835164,0.06896551724137938,2.216039453794188,False,False,-43.839999999999655,PARTIAL
DE,2024-07-11,bull_put,362.5,360.0,1.1687,1.115,1.0481614349775785,0.1802197802197803,0.5082250845425932,False,False,116.87,WIN
QCOM,2024-07-15,bull_put,210.0,207.5,1.3049,1.34,0.9738059701492536,0.02298850574712656,0.5934961720096623,False,False,-119.51,LOSS
AAPL,2024-07-15,bull_put,235.0,232.5,1.1357,1.14,0.9962280701754386,0.03852889667250449,2.063817650960347,False,False,-136.43,LOSS
GOOGL,2024-07-15,bull_put,187.5,185.0,1.139,1.25,0.9112,0.11244979919678706,1.4922088254446846,False,False,-136.1,LOSS
CSCO,2024-07-15,bull_put,47.5,47.0,0.2307,0.21,1.0985714285714285,0.06896551724137938,31.319326659169523,False,False,2.5350000000000135,PARTIAL
RTX,2024-07-15,bull_put,102.0,101.0,0.4837,0.3,1.6123333333333334,0.7733333333333334,10.692924071693882,False,True,48.370000000000005,WIN
UPS,2024-07-15,bull_put,145.0,144.0,0.5274,0.505,1.0443564356435644,0.06027397260273966,1.666256342748528,False,False,52.739999999999995,WIN
RTX,2024-07-16,bull_put,104.0,103.0,0.4679,0.47,0.995531914893617,0.14857142857142844,21.307929421875453,False,False,-53.21,LOSS
GOOGL,2024-07-16,bull_put,185.0,182.5,1.1884,1.155,1.0289177489177488,0.057906458797327344,9.197389168959731,False,False,-131.16,LOSS
QCOM,2024-07-16,bull_put,210.0,207.5,1.1326,1.13,1.0023008849557524,0.06451612903225812,3.1481858476213933,False,False,-136.74,LOSS
MA,2024-07-16,bull_put,445.0,442.5,1.2869,1.185,1.0859915611814346,0.10256410256410244,2.4392962105192595,False,False,-2.310000000000234,PARTIAL
SPY,2024-07-16,bull_put,566.0,565.0,0.5907,0.52,1.1359615384615385,0.010186757215619627,0.948163845362184,False,False,-40.93,LOSS
NVDA,2024-07-16,bull_put,127.0,126.0,0.4935,0.49,1.0071428571428571,0.04285714285714274,0.7712606189505513,True,False,-50.64999999999999,LOSS
UPS,2024-07-17,bull_put,148.0,147.0,0.5111,0.505,1.012079207920792,0.06578947368421058,0.08957322141699942,False,False,-48.89,LOSS
COST,2024-07-17,bull_put,847.5,845.0,1.1868,1.275,0.9308235294117648,0.11475409836065577,0.022503523023740774,False,False,-131.32,LOSS
NVDA,2024-07-17,bull_put,119.0,118.0,0.5372,0.635,0.8459842519685039,0.13740458015267182,0.07260614962769349,True,False,-46.28,LOSS
MA,2024-07-17,bull_put,452.5,450.0,1.2193,1.205,1.0118672199170125,0.17931034482758632,1.0346727388628971,False,False,-128.07,LOSS
SO,2024-07-17,bull_put,82.0,81.0,0.5935,0.4,1.48375,0.1666666666666666,249.8410429822881,False,True,-0.6499999999994288,PARTIAL
MMM,2024-07-17,bull_put,105.0,104.0,0.4778,0.53,0.9015094339622641,0.19230769230769226,1.2821627989843005,False,False,-52.22,LOSS
BMY,2024-07-18,bull_put,42.5,42.0,0.2386,0.215,1.109767441860465,0.09523809523809518,40.96306319575629,False,False,23.86,WIN
QCOM,2024-07-18,bull_put,192.5,190.0,1.2257,1.175,1.0431489361702126,0.04918032786885251,30.144511764233112,False,False,-127.42999999999999,LOSS
AVGO,2024-07-18,bull_put,161.0,160.0,0.4861,0.525,0.9259047619047618,0.10000000000000009,24.611647868740565,True,False,-51.39,LOSS
TSLA,2024-07-18,bull_put,250.0,247.5,1.2587,1.175,1.0712340425531914,0.04195804195804193,0.9505776805744794,False,False,-124.13000000000001,LOSS
NVDA,2024-07-18,bull_put,122.0,121.0,0.5286,0.4,1.3215,0.13602015113350127,0.9179255159764845,True,True,-47.14,LOSS
NOW,2024-07-18,bull_put,740.0,737.5,1.1947,1.2,0.9955833333333335,0.16793893129770987,0.5683785986635723,False,False,119.47000000000001,WIN
NVDA,2024-07-22,bull_put,125.0,124.0,0.556,0.59,0.9423728813559323,0.1037037037037036,0.8824365697890808,True,False,-44.4,LOSS
INTC,2024-07-22,bull_put,33.5,33.0,0.2376,0.235,1.011063829787234,0.04878048780487809,0.8882232233763445,False,False,-26.240000000000002,LOSS
SCHW,2024-07-22,bull_put,65.0,64.0,0.4671,0.455,1.0265934065934066,0.05363984674329506,4.827147049896275,False,False,46.71,WIN
AVGO,2024-07-22,bull_put,162.0,161.0,0.5289,0.525,1.0074285714285716,0.06060606060606053,6.221353913540083,True,False,-47.11,LOSS
CSCO,2024-07-22,bull_put,47.0,46.5,0.2388,0.23,1.0382608695652173,0.05940594059405946,17.56143635160149,False,False,23.880000000000003,WIN
MCD,2024-07-22,bull_put,260.0,257.5,1.1972,1.095,1.0933333333333335,0.1068702290076335,6.785547756503604,False,False,-130.28,LOSS
CSCO,2024-07-23,bull_put,46.5,46.0,0.2269,0.215,1.0553488372093023,0.07228915662650595,16.952651446084634,False,False,22.689999999999998,WIN
PYPL,2024-07-23,bull_put,60.0,59.0,0.457,0.45,1.0155555555555555,0.048192771084337255,2.832786703978317,False,False,-54.300000000000004,LOSS
XOM,2024-07-23,bull_put,114.0,113.0,0.5099,0.495,1.0301010101010102,0.03921568627450984,1.7360857705588026,False,False,50.99,WIN
QCOM,2024-07-23,bull_put,195.0,192.5,1.3067,1.35,0.9679259259259259,0.05128205128205133,1.666210892877413,False,False,-119.33,LOSS
NVDA,2024-07-23,bull_put,123.0,122.0,0.4926,0.465,1.0593548387096774,0.04800000000000004,1.1295365641624238,True,False,-50.739999999999995,LOSS
ORCL,2024-07-23,bull_put,144.0,143.0,0.5673,0.61,0.93,0.1176470588235294,0.513507738709864,False,False,-43.269999999999996,LOSS
QCOM,2024-07-24,bull_put,182.5,180.0,1.2836,1.24,1.0351612903225806,0.04081632653061222,0.09033231968687916,False,False,-116.63999999999885,PARTIAL
USB,2024-07-24,bull_put,45.0,44.5,0.2612,0.24,1.0883333333333334,0.07692307692307698,0.23343556329074755,False,False,26.119999999999997,WIN
ABT,2024-07-24,bull_put,108.0,107.0,0.5633,0.425,1.3254117647058825,0.16161616161616166,0.006472718281306188,False,True,-43.669999999999995,LOSS
SO,2024-07-24,bull_put,83.0,82.0,0.5081,0.15,3.3873333333333333,1.7499999999999998,71.94299106223052,False,True,-32.18999999999983,PARTIAL
MRK,2024-07-24,bull_put,126.0,125.0,0.4573,0.41,1.1153658536585367,0.21052631578947376,1.5442247463127812,False,False,-28.26999999999949,PARTIAL
SPY,2024-07-24,bull_put,542.5,542.0,0.2616,0.25,1.0464,0.006024096385542173,-0.005456975232689856,False,False,26.16,WIN
SPY,2024-07-25,bull_put,539.0,538.0,0.537,0.515,1.0427184466019417,0.00714285714285715,0.18369029619828797,False,False,53.7,WIN
QQQ,2024-07-25,bull_put,459.0,458.0,0.5543,0.54,1.0264814814814816,0.0051948051948052,0.12784637807573385,False,False,55.43,WIN
CAT,2024-07-25,bull_put,345.0,342.5,1.1715,1.16,1.0099137931034483,0.09999999999999994,0.8164183169253831,False,False,117.15,WIN
MS,2024-07-25,bull_put,104.0,103.0,0.5493,0.46,1.1941304347826087,0.06521739130434777,47.77869373360177,False,False,54.93,WIN
ORCL,2024-07-25,bull_put,138.0,137.0,0.473,0.47,1.0063829787234042,0.09174311926605494,21.81464066661441,False,False,47.3,WIN
CRM,2024-07-25,bull_put,257.5,255.0,1.144,1.13,1.0123893805309734,0.1209677419354838,1.580647261875802,False,False,114.39999999999999,WIN
IBM,2024-07-29,bull_put,192.5,190.0,1.3059,1.175,1.111404255319149,0.050632911392405104,8.516564322500692,False,False,-119.41,LOSS
HON,2024-07-29,bull_put,202.5,200.0,1.2209,1.2,1.0174166666666669,0.06185567010309275,7.059295022224809,False,False,122.09,WIN
UPS,2024-07-29,bull_put,129.0,128.0,0.4915,0.485,1.01340206185567,0.06410256410256415,7.014570668705193,False,False,-44.849999999999774,PARTIAL
V,2024-07-29,bull_put,262.5,260.0,1.187,1.115,1.0645739910313903,0.041666666666666706,5.951043249366742,False,False,118.7,WIN
GILD,2024-07-29,bull_put,78.0,77.0,0.5142,0.45,1.1426666666666667,0.028169014084507067,4.468411075324508,False,False,-48.58,LOSS
NVDA,2024-07-29,bull_put,113.0,112.0,0.5365,0.5,1.073,0.025316455696202552,0.2567461890574404,True,False,-46.35,LOSS
FCX,2024-07-30,bull_put,44.0,43.5,0.2442,0.24,1.0175,0.03726708074534151,0.09677234433050566,False,False,-25.580000000000002,LOSS
SPY,2024-07-30,bull_put,544.0,543.0,0.6455,0.635,1.016535433070866,0.010471204188481685,0.11009789580654461,False,False,-35.449999999999996,LOSS
NVDA,2024-07-30,bull_put,105.0,104.0,0.537,0.55,0.9763636363636363,0.0235294117647058,0.15560088272495365,True,False,53.7,WIN
ADI,2024-07-30,bull_put,225.0,222.5,1.2164,1.9,0.6402105263157895,0.17142857142857132,1.2837566504969047,False,False,-128.36,LOSS
AVGO,2024-07-30,bull_put,145.0,144.5,0.2835,0.25,1.134,0.07228915662650598,0.35119570495143476,True,False,-21.65,LOSS
ABT,2024-07-30,bull_put,106.0,105.0,0.5553,0.46,1.2071739130434782,0.06020066889632112,0.24531448099208397,False,False,55.53,WIN
MSFT,2024-07-31,bull_put,420.0,417.5,1.2935,1.05,1.2319047619047618,0.09900990099009901,0.14411281531217934,False,False,-120.64999999999999,LOSS
NOW,2024-07-31,bull_put,817.5,815.0,1.2984,1.2,1.082,0.09900990099009901,0.13486734726825264,False,False,-120.16,LOSS
NVDA,2024-07-31,bull_put,118.0,117.0,0.5197,0.5,1.0394,0.07972270363951472,0.7855046533717316,True,False,-48.03,LOSS
GOOGL,2024-07-31,bull_put,172.5,170.0,1.192,1.185,1.0059071729957805,0.05957446808510645,45.08578546153409,False,False,-130.8,LOSS
AVGO,2024-07-31,bull_put,162.0,161.0,0.5497,0.3,1.8323333333333334,0.8535031847133757,16.785724971569735,True,True,-45.03,LOSS
ORCL,2024-07-31,bull_put,140.0,139.0,0.5419,0.605,0.8957024793388431,0.2296918767507002,2.8696902720205717,False,False,-45.81,LOSS
PM,2024-08-01,bull_put,118.0,117.0,0.6309,1.6,0.3943125,1.1794871794871793,37.15225732554137,False,True,22.54499999999966,PARTIAL
UPS,2024-08-01,bull_put,131.0,130.0,0.4985,0.52,0.9586538461538461,0.33175355450236965,14.431610300393782,False,False,-50.14999999999999,LOSS
ORCL,2024-08-01,bull_put,138.0,137.0,0.5348,1.235,0.43303643724696356,0.9556650246305417,4.391813939999474,False,True,-46.52,LOSS
MSFT,2024-08-01,bull_put,417.5,415.0,1.1306,1.17,0.9663247863247865,0.08955223880597009,3.6930077235977934,False,False,-136.94,LOSS
CAT,2024-08-01,bull_put,332.5,330.0,1.2881,1.26,1.0223015873015873,0.2485207100591716,1.093696562626951,False,False,-121.19,LOSS
COST,2024-08-01,bull_put,817.5,815.0,1.2045,1.15,1.047391304347826,0.13207547169811323,0.09401992283737626,False,False,120.44999999999999,WIN
CRM,2024-08-05,bull_put,240.0,237.5,1.2192,1.125,1.0837333333333334,0.1276595744680851,-0.0012987003402136108,False,False,121.92,WIN
NVDA,2024-08-05,bull_put,102.0,101.0,0.5176,0.325,1.5926153846153843,0.07179487179487172,-0.004302990346027509,True,True,51.76,WIN
ADP,2024-08-05,bull_put,260.0,257.5,1.2751,1.225,1.0408979591836733,0.19512195121951217,-7.068072723445742e-05,False,False,127.50999999999999,WIN
NEE,2024-08-05,bull_put,77.0,76.0,0.4786,0.425,1.1261176470588237,0.06369426751592362,2.313359473178367,False,False,47.86,WIN
ABT,2024-08-05,bull_put,109.0,108.0,0.5305,0.435,1.2195402298850575,0.06976744186046518,1.1036986218021747,False,False,12.024999999999686,PARTIAL
CSCO,2024-08-05,bull_put,45.0,44.5,0.2301,0.215,1.0702325581395349,0.048192771084337255,0.009958014160139977,False,False,23.01,WIN
CL,2024-08-06,bull_put,103.0,102.0,0.4956,0.4,1.2389999999999999,0.18181818181818185,72.62093509703523,False,False,-43.44000000000069,PARTIAL
SO,2024-08-06,bull_put,87.0,86.0,0.5592,0.475,1.177263157894737,0.15384615384615385,16.55291411257202,False,False,17.95999999999986,PARTIAL
RTX,2024-08-06,bear_call,114.0,115.0,0.5297,0.54,0.9809259259259258,0.11070110701107004,16.301848175911815,False,False,-47.03,LOSS
HON,2024-08-06,bull_put,200.0,197.5,1.2772,1.2,1.0643333333333334,0.08000000000000007,15.119482074079844,False,False,-49.28000000000103,PARTIAL
ABBV,2024-08-06,bear_call,185.0,187.5,1.233,1.225,1.006530612244898,0.08137044967880083,10.582568122575143,False,False,-126.69999999999999,LOSS
MCD,2024-08-06,bear_call,270.0,272.5,1.1726,1.165,1.0065236051502147,0.118546845124283,5.713478937587557,False,False,117.26,WIN
AVGO,2024-08-07,bull_put,137.0,136.0,0.5019,0.45,1.1153333333333333,0.08955223880597009,3.7637857134781703,True,False,50.19,WIN
ADP,2024-08-07,bull_put,260.0,257.5,1.2255,1.075,1.1400000000000001,0.12499999999999993,4.769057097280429,False,False,122.55,WIN
SO,2024-08-07,bear_call,87.0,88.0,0.4657,0.55,0.8467272727272727,0.25000000000000006,6.889592864049338,False,False,46.57,WIN
NEE,2024-08-07,bull_put,78.0,77.0,0.5034,0.455,1.1063736263736264,0.08530805687203798,8.354286356025998,False,False,-3.6600000000006294,PARTIAL
GOOGL,2024-08-07,bull_put,160.0,157.5,1.1328,1.095,1.0345205479452055,0.07098121085594987,11.674854448673054,False,False,113.28,WIN
ACN,2024-08-07,bear_call,317.5,320.0,1.2819,1.35,0.9495555555555555,0.1142857142857144,8.155410845545159,False,False,128.19,WIN
CSCO,2024-08-08,bull_put,46.0,45.5,0.2361,0.22,1.0731818181818182,0.15789473684210525,127.90322082511473,False,False,-26.39,LOSS
HD,2024-08-08,bear_call,347.5,350.0,1.2632,1.285,0.9830350194552531,0.18803418803418814,13.480853703217841,False,False,6.160000000000688,PARTIAL
AVGO,2024-08-08,bull_put,147.0,146.0,0.5843,0.125,4.6744,0.711864406779661,10.804537553027906,True,True,58.43000000000001,WIN
CRM,2024-08-08,bull_put,250.0,247.5,1.1913,0.98,1.2156122448979592,0.1904761904761905,9.432950096474059,False,False,119.13,WIN
CVX,2024-08-08,bull_put,145.0,144.0,0.4945,0.475,1.0410526315789475,0.14084507042253513,4.96764496891746,False,False,24.225000000000456,PARTIAL
MSFT,2024-08-08,bear_call,402.5,405.0,1.1574,1.23,0.9409756097560975,0.10830324909747285,2.113272341133086,False,False,-134.26,LOSS
CRM,2024-08-12,bull_put,252.5,250.0,1.2212,1.12,1.0903571428571428,0.1333333333333334,0.6828993951590984,False,False,122.12,WIN
JPM,2024-08-12,bull_put,207.5,205.0,1.1642,1.51,0.7709933774834437,0.30303030303030304,0.3908135370735108,False,False,116.41999999999999,WIN
ADP,2024-08-12,bull_put,260.0,257.5,1.1886,1.05,1.1320000000000001,0.1333333333333332,2.245591277488075,False,False,118.86000000000001,WIN
INTC,2024-08-12,bull_put,19.5,19.0,0.2344,0.215,1.090232558139535,0.06451612903225801,22.814556235830644,True,False,23.44,WIN
SO,2024-08-12,bull_put,87.5,87.0,0.2875,0.225,1.2777777777777777,0.12499999999999997,8.018522482619426,False,True,7.374999999999971,PARTIAL
SCHW,2024-08-12,bull_put,62.0,61.0,0.4541,0.485,0.9362886597938145,0.14634146341463428,4.189778123771925,False,False,45.410000000000004,WIN
GOOGL,2024-08-13,bull_put,165.0,162.5,1.1321,0.535,2.1160747663551405,0.7577639751552796,10.54461875195592,False,True,-90.7899999999992,PARTIAL
UPS,2024-08-13,bull_put,127.0,126.0,0.4878,0.505,0.9659405940594059,0.1958041958041958,3.184528553641031,False,False,48.78,WIN
MA,2024-08-13,bull_put,460.0,457.5,1.1784,1.025,1.1496585365853658,0.11267605633802814,2.1725484261452417,False,False,117.83999999999999,WIN
CVX,2024-08-13,bull_put,145.0,144.0,0.5352,0.5,1.0704,0.09638554216867465,1.7680045142754772,False,False,53.52,WIN
DHR,2024-08-13,bull_put,270.0,267.5,1.2609,1.2,1.05075,0.31775700934579443,0.7681556492466556,False,False,29.044999999999654,PARTIAL
ORCL,2024-08-13,bull_put,135.0,134.0,0.5385,0.56,0.9616071428571428,0.15223097112860884,0.1921776301120395,False,False,53.849999999999994,WIN
COST,2024-08-14,bull_put,865.0,862.5,1.2731,1.275,0.9985098039215686,0.13003095975232198,0.04932733186640372,False,False,127.30999999999999,WIN
ORCL,2024-08-14,bull_put,136.0,135.0,0.4799,0.51,0.9409803921568627,0.2727272727272728,0.07664079807681337,False,False,47.99,WIN
EOG,2024-08-14,bull_put,127.0,126.0,0.48,0.475,1.0105263157894737,0.19607843137254904,0.15403155332939342,False,False,48.0,WIN
UPS,2024-08-14,bull_put,127.0,126.0,0.4975,0.47,1.0585106382978724,0.11570247933884308,1.9193642506398194,False,False,49.75,WIN
CSX,2024-08-14,bull_put,33.5,33.0,0.2292,0.2,1.146,0.2857142857142858,26.80784415273798,False,False,7.460000000000084,PARTIAL
AVGO,2024-08-14,bull_put,158.0,157.5,0.2478,0.275,0.9010909090909089,0.08695652173913032,0.15654867622508384,True,False,24.779999999999998,WIN
CL,2024-08-15,bull_put,102.0,101.0,0.6534,1.3,0.5026153846153846,1.3124999999999998,59.01702982245187,False,True,32.169999999999746,PARTIAL
UNH,2024-08-15,bull_put,580.0,577.5,1.2353,0.96,1.2867708333333334,0.21476510067114082,7.008703870066111,False,True,-108.470000000005,PARTIAL
MS,2024-08-15,bull_put,101.0,100.0,0.4667,0.23,2.0291304347826085,0.3602484472049689,5.768416872475957,False,True,46.67,WIN
AVGO,2024-08-15,bull_put,167.0,166.0,0.5267,0.7,0.7524285714285714,0.10000000000000009,1.0007508683870698,True,False,-47.33,LOSS
QQQ,2024-08-15,bull_put,475.0,474.0,0.5127,0.465,1.1025806451612903,0.01673640167364018,0.8310006030851264,False,False,51.27,WIN
NOW,2024-08-15,bull_put,835.0,832.5,1.4039,0.85,1.6516470588235295,0.9491525423728814,0.5270843550278624,False,True,-109.61000000000001,LOSS
DE,2024-08-19,bull_put,375.0,372.5,1.3618,1.3,1.0475384615384615,0.09729729729729715,1.7644923849809155,False,False,136.17999999999998,WIN
ACN,2024-08-19,bull_put,330.0,327.5,1.2127,1.1,1.1024545454545454,0.08403361344537814,3.03464379493803,False,False,121.26999999999998,WIN
HON,2024-08-19,bull_put,200.0,197.5,1.1979,1.075,1.1143255813953488,0.11111111111111109,4.694633141911771,False,False,119.78999999999999,WIN
GOOGL,2024-08-19,bull_put,167.5,165.0,1.1837,0.93,1.272795698924731,0.14758269720101772,65.56960213022047,False,True,-69.62999999999954,PARTIAL
WMT,2024-08-19,bull_put,74.0,73.0,0.4505,0.39,1.155128205128205,0.04800000000000004,1017.0975241744278,True,False,45.050000000000004,WIN
CRM,2024-08-19,bull_put,267.5,265.0,1.4637,1.325,1.104679245283019,0.07228915662650598,5.530151324238737,False,False,-103.63,LOSS
MA,2024-08-20,bull_put,470.0,467.5,1.2355,1.04,1.1879807692307693,0.13740458015267182,4.241600321513895,False,False,-126.44999999999999,LOSS
CVX,2024-08-20,bull_put,145.0,144.0,0.4564,0.445,1.0256179775280898,0.07659574468085115,4.086033109605473,False,False,45.64,WIN
NVDA,2024-08-20,bull_put,128.0,127.0,0.5176,0.495,1.0456565656565655,0.03760683760683756,0.5945752156722167,True,False,51.76,WIN
AVGO,2024-08-20,bull_put,167.0,166.0,0.5608,0.525,1.0681904761904761,0.06451612903225812,0.3370001622232917,True,False,-7.919999999998639,PARTIAL
ORCL,2024-08-20,bull_put,140.0,139.0,0.547,0.515,1.0621359223300972,0.07449856733524361,0.3023179466799235,False,False,-26.300000000000225,PARTIAL
DHR,2024-08-20,bull_put,272.5,270.0,1.1708,1.15,1.0180869565217392,0.09345794392523366,0.13708241741192562,False,False,-132.92,LOSS
DE,2024-08-21,bull_put,377.5,375.0,1.1596,1.105,1.0494117647058823,0.15488215488215487,0.11703474011130455,False,False,115.96,WIN
NVDA,2024-08-21,bull_put,129.0,128.0,0.4984,0.5,0.9968,0.0416666666666667,0.8186720738831642,True,False,49.84,WIN
AVGO,2024-08-21,bull_put,167.0,166.0,0.5743,1.425,0.4030175438596491,0.5205479452054793,0.8570214686899832,True,True,-6.5699999999986325,PARTIAL
MSFT,2024-08-21,bull_put,425.0,422.5,1.1997,1.095,1.0956164383561644,0.048780487804878016,1.2226349958289844,False,False,-130.03,LOSS
QCOM,2024-08-21,bull_put,175.0,172.5,1.2374,1.145,1.080698689956332,0.06349206349206354,24.67377424992218,False,False,-26.259999999999994,PARTIAL
MS,2024-08-21,bull_put,101.0,100.0,0.4593,0.425,1.0807058823529412,0.05917159763313615,1.542346701474307,False,False,45.93,WIN
QCOM,2024-08-22,bull_put,170.0,167.5,1.27,1.145,1.1091703056768558,0.07239819004524893,54.36622884107416,False,False,127.0,WIN
MA,2024-08-22,bull_put,470.0,467.5,1.2355,1.25,0.9884000000000001,0.5650557620817845,24.79142603437265,False,True,-126.44999999999999,LOSS
CRM,2024-08-22,bull_put,260.0,257.5,1.2848,1.2,1.0706666666666667,0.09150326797385629,0.9707207958120602,False,False,128.48,WIN
AVGO,2024-08-22,bull_put,163.0,162.0,0.4899,0.2,2.4495,0.6666666666666666,0.5755098733554256,True,True,48.99,WIN
NVDA,2024-08-22,bull_put,124.0,123.0,0.4591,0.405,1.1335802469135803,0.0952380952380952,0.5661090970268247,True,False,45.910000000000004,WIN
NOW,2024-08-22,bull_put,822.5,820.0,1.2309,1.15,1.0703478260869568,0.3749999999999999,0.2009856993370017,False,False,123.09,WIN
FCX,2024-08-26,bull_put,45.5,45.0,0.2665,0.265,1.0056603773584907,0.04878048780487795,0.7906510974338009,False,False,-23.35,LOSS
CVX,2024-08-26,bull_put,149.0,148.0,0.4749,0.465,1.0212903225806451,0.081180811808118,0.6836190077529981,False,False,-52.51,LOSS
MSFT,2024-08-26,bull_put,415.0,412.5,1.268,1.1,1.1527272727272726,0.07486631016042773,1.4121969013233873,False,False,126.8,WIN
UPS,2024-08-26,bull_put,130.0,129.0,0.5653,0.49,1.1536734693877553,0.0598006644518273,22.85126599464145,False,False,-43.47,LOSS
GOOGL,2024-08-26,bull_put,167.5,165.0,1.2392,1.195,1.0369874476987448,0.032520325203252064,19.395361791914763,False,False,-126.08,LOSS
JPM,2024-08-26,bull_put,220.0,217.5,1.1684,1.035,1.128888888888889,0.054320987654321036,29.923843644338206,False,False,116.84,WIN
QCOM,2024-08-27,bull_put,175.0,172.5,1.2043,1.22,0.9871311475409835,0.04444444444444455,3.4671523366301638,False,False,120.42999999999999,WIN
DE,2024-08-27,bull_put,377.5,375.0,1.266,1.275,0.9929411764705883,0.1142857142857144,0.7467573639814706,False,False,126.6,WIN
FCX,2024-08-27,bull_put,45.5,45.0,0.2564,0.25,1.0256,0.07092198581560273,0.7073198310354492,False,False,-24.36,LOSS
MSFT,2024-08-27,bull_put,415.0,412.5,1.2153,1.2,1.01275,0.03508771929824549,0.2630996213798477,False,False,121.53,WIN
NOW,2024-08-27,bull_put,835.0,832.5,1.2997,1.35,0.9627407407407408,0.08333333333333333,0.01836071886901161,False,False,129.97,WIN
AVGO,2024-08-27,bull_put,163.0,162.0,0.5585,0.6,0.9308333333333334,0.04255319148936175,0.01830759634754693,True,False,18.92499999999966,PARTIAL
SPY,2024-08-28,bull_put,559.0,558.0,0.5512,0.5,1.1024,0.007490636704119691,0.23923920125947193,False,False,55.120000000000005,WIN
MSFT,2024-08-28,bull_put,412.5,410.0,1.2936,1.515,0.853861386138614,0.0652173913043478,0.31211408164384613,False,False,129.36,WIN
QCOM,2024-08-28,bull_put,172.5,170.0,1.1547,1.12,1.0309821428571428,0.04800000000000011,3.5535050445550924,False,False,115.47,WIN
CSCO,2024-08-28,bull_put,50.0,49.5,0.2417,0.21,1.150952380952381,0.08888888888888885,23.06045945282505,False,False,24.169999999999998,WIN
V,2024-08-28,bull_put,270.0,267.5,1.1619,1.025,1.1335609756097562,0.053763440860214985,46.30589325184074,False,False,116.19,WIN
PM,2024-08-28,bull_put,123.0,122.0,0.4989,0.425,1.1738823529411766,0.18181818181818185,13.893056212689618,False,False,49.89,WIN
EOG,2024-08-29,bull_put,130.0,129.0,0.4665,0.35,1.332857142857143,0.2857142857142858,43.94920803950831,False,True,-53.349999999999994,LOSS
NVDA,2024-08-29,bull_put,118.0,117.0,0.4864,0.465,1.046021505376344,0.05128205128205133,0.7339256386177802,True,False,48.64,WIN
NOW,2024-08-29,bull_put,832.5,830.0,1.1749,1.45,0.8102758620689656,0.39999999999999986,0.5282781642993453,False,False,117.49000000000001,WIN
AVGO,2024-08-29,bull_put,157.5,157.0,0.2653,-0.225,-1.179111111111111,0.918918918918919,0.05685210964395107,True,True,26.529999999999998,WIN
SPY,2024-08-29,bull_put,559.0,558.0,0.4758,0.395,1.2045569620253165,0.012578616352201269,-0.06117011723992444,False,False,47.58,WIN
TMO,2024-08-29,bull_put,612.5,610.0,1.1525,1.225,0.9408163265306122,0.48648648648648646,-0.061998270260599606,False,False,115.25000000000001,WIN
MA,2024-09-03,bull_put,482.5,480.0,1.1356,1.02,1.1133333333333333,0.15172413793103443,0.8162067335467819,False,False,-136.44,LOSS
EOG,2024-09-03,bull_put,124.0,123.0,0.5053,0.45,1.1228888888888888,0.10526315789473678,0.6718970157914378,False,False,-49.47,LOSS
DE,2024-09-03,bull_put,387.5,385.0,1.3543,1.35,1.0031851851851852,0.11640211640211637,0.9742864427485848,False,False,-114.57,LOSS
AXP,2024-09-03,bull_put,255.0,252.5,1.2381,1.12,1.1054464285714285,0.08053691275167793,1.0657798439440078,False,False,-126.19,LOSS
DHR,2024-09-03,bull_put,265.0,262.5,1.2079,1.2,1.0065833333333334,0.12121212121212119,1.1548888398447126,False,False,120.78999999999999,WIN
UPS,2024-09-03,bull_put,128.0,127.0,0.4722,0.47,1.0046808510638299,0.07751937984496131,2.2292037370036084,False,False,0.6100000000003131,PARTIAL
JPM,2024-09-04,bull_put,220.0,217.5,1.1317,1.055,1.0727014218009479,0.06000000000000005,42.29124530335809,False,False,-136.83,LOSS
DHR,2024-09-04,bull_put,265.0,262.5,1.2245,1.175,1.042127659574468,0.14173228346456684,7.411718411196661,False,False,122.44999999999999,WIN
PM,2024-09-04,bull_put,127.0,126.0,0.492,0.475,1.0357894736842106,0.15384615384615385,4.87711535104554,False,False,-50.8,LOSS
MA,2024-09-04,bull_put,485.0,482.5,1.2901,1.165,1.107381974248927,0.20134228187919453,0.6521242440365843,False,False,-120.99,LOSS
CAT,2024-09-04,bull_put,337.5,335.0,1.2039,1.125,1.0701333333333334,0.06802721088435375,0.3876298819984802,False,False,-129.61,LOSS
ORCL,2024-09-04,bull_put,141.0,140.0,0.4818,0.455,1.058901098901099,0.06498194945848365,0.11514068171477236,False,False,48.18,WIN
NVDA,2024-09-05,bull_put,108.0,107.0,0.5211,0.535,0.974018691588785,0.05479452054794526,0.41075046229126655,True,False,-47.89,LOSS
MS,2024-09-05,bull_put,100.0,99.0,0.47,0.46,1.0217391304347825,0.058823529411764754,0.8410374023153435,False,False,-53.0,LOSS
MRK,2024-09-05,bull_put,119.0,118.0,0.4705,0.385,1.2220779220779219,0.608695652173913,1.2522987290471619,False,True,-52.949999999999996,LOSS
TXN,2024-09-05,bull_put,202.5,200.0,1.2153,1.16,1.0476724137931035,0.2468085106382979,2.938580400053782,False,False,-128.47,LOSS
VRTX,2024-09-05,bull_put,470.0,467.5,1.4451,2.1,0.6881428571428572,0.9090909090909091,3.0476914044886327,False,True,-55.489999999999995,PARTIAL
BMY,2024-09-05,bull_put,50.0,49.5,0.245,0.22,1.1136363636363635,0.564102564102564,3.3101045416075485,False,True,-25.5,LOSS
QCOM,2024-09-09,bull_put,162.5,160.0,1.3257,1.215,1.0911111111111111,0.03773584905660375,2.861357369270371,False,False,132.57000000000002,WIN
CRM,2024-09-09,bull_put,247.5,245.0,1.311,1.24,1.057258064516129,0.04819277108433739,1.591923455381098,False,False,131.1,WIN
ACN,2024-09-09,bull_put,342.5,340.0,1.1843,1.125,1.052711111111111,0.11764705882352937,0.9630530917987844,False,False,118.42999999999999,WIN
DE,2024-09-09,bull_put,387.5,385.0,1.1683,0.28,4.172499999999999,0.5443786982248521,0.4426704015306067,False,True,116.82999999999998,WIN
MSFT,2024-09-09,bull_put,407.5,405.0,1.2413,1.175,1.0564255319148936,0.03883495145631071,0.44029355278551835,False,False,124.13000000000001,WIN
MA,2024-09-09,bull_put,487.5,485.0,1.1311,1.045,1.0823923444976078,0.08383233532934124,0.3451062085437868,False,False,113.11,WIN
CSCO,2024-09-10,bull_put,49.0,48.5,0.2336,0.22,1.0618181818181818,0.1276595744680851,0.7455189563327907,False,False,23.36,WIN
CVX,2024-09-10,bull_put,139.0,138.0,0.5139,0.46,1.1171739130434784,0.14012738853503184,1.3979022728245962,False,False,51.39,WIN
GOOGL,2024-09-10,bull_put,149.0,148.0,0.4894,0.425,1.151529411764706,0.059620596205961995,1.8120019041339595,False,False,48.94,WIN
QCOM,2024-09-10,bull_put,162.5,160.0,1.1531,1.105,1.0435294117647058,0.05733558178752106,2.8172286527601136,False,False,115.31,WIN
PYPL,2024-09-10,bull_put,69.0,68.0,0.4705,0.435,1.0816091954022988,0.06122448979591842,4.624607542197236,False,False,47.05,WIN
TJX,2024-09-10,bull_put,118.0,117.0,0.4516,0.39,1.157948717948718,0.073170731707317,11.179372939429333,False,False,45.16,WIN
CSX,2024-09-11,bull_put,33.5,33.0,0.2548,0.2,1.274,0.2857142857142858,44.5741821773154,False,True,25.480000000000004,WIN
MRK,2024-09-11,bull_put,115.0,114.0,0.5315,0.31,1.714516129032258,0.07407407407407401,38.50080136570022,False,True,53.15,WIN
CVX,2024-09-11,bull_put,138.0,137.0,0.4793,0.4,1.19825,0.057692307692307744,19.283236162856554,False,False,47.93,WIN
UPS,2024-09-11,bull_put,129.0,128.0,0.5048,0.535,0.9435514018691589,0.07272727272727258,9.439361675510904,False,False,-49.519999999999996,LOSS
DE,2024-09-11,bull_put,390.0,387.5,1.4173,1.59,0.8913836477987421,0.46540880503144666,7.076468628542545,False,False,141.73,WIN
USB,2024-09-11,bull_put,45.0,44.5,0.3076,0.25,1.2304,0.1132075471698113,6.113199232834817,False,False,-7.240000000000258,PARTIAL
QQQ,2024-09-12,bull_put,474.0,473.0,0.5491,0.52,1.0559615384615384,0.011299435028248513,0.5400682167980492,False,False,54.910000000000004,WIN
SPY,2024-09-12,bull_put,560.0,559.0,0.6138,0.55,1.1159999999999999,0.01646090534979425,1.629906238882904,False,False,61.38,WIN
MS,2024-09-12,bull_put,97.0,96.0,0.4523,0.115,3.933043478260869,1.9024390243902438,1.6677037213166654,False,True,45.23,WIN
IWM,2024-09-12,bull_put,212.0,211.0,0.5081,0.48,1.0585416666666667,0.016260162601626032,2.730519570256534,False,False,50.81,WIN
USB,2024-09-12,bull_put,44.0,43.5,0.2429,0.2,1.2145,0.17721518987341772,23.223932620225945,False,False,24.29,WIN
CSX,2024-09-12,bull_put,33.5,33.0,0.2371,0.15,1.5806666666666667,1.5555555555555556,208.61015241647567,False,True,23.71,WIN
INTC,2024-09-16,bull_put,21.0,20.5,0.2293,0.23,0.9969565217391304,0.035087719298245446,18.176400438243867,True,False,22.93,WIN
GE,2024-09-16,bull_put,182.5,180.0,1.2484,1.125,1.109688888888889,0.09424083769633508,14.401155160425692,False,False,124.83999999999999,WIN
NEE,2024-09-16,bull_put,85.0,84.0,0.4505,0.43,1.0476744186046512,0.05128205128205133,7.970436117158793,False,False,-54.949999999999996,LOSS
ABT,2024-09-16,bull_put,118.0,117.0,0.4993,0.455,1.0973626373626373,0.07725321888412005,3.553118228754035,False,False,-50.07,LOSS
CVX,2024-09-16,bull_put,143.0,142.0,0.5674,0.58,0.9782758620689657,0.0869565217391304,1.3705107782459525,False,False,56.74,WIN
ACN,2024-09-16,bull_put,355.0,352.5,1.2137,1.125,1.0788444444444445,0.20289855072463758,1.3003881130704773,False,False,-128.63,LOSS
EOG,2024-09-17,bull_put,124.0,123.0,0.541,0.5,1.082,0.08955223880597009,0.2832734849507063,False,False,54.1,WIN
DE,2024-09-17,bull_put,400.0,397.5,1.3383,0.72,1.8587500000000001,0.48520710059171596,0.3343259696314739,False,True,133.83,WIN
ADI,2024-09-17,bull_put,227.5,225.0,1.4614,1.175,1.2437446808510637,0.14285714285714288,0.5409225729876771,False,False,37.07000000000006,PARTIAL
UPS,2024-09-17,bull_put,131.0,130.0,0.4574,0.365,1.2531506849315068,0.31111111111111106,1.8091660833968994,False,True,-54.26,LOSS
QCOM,2024-09-17,bull_put,170.0,167.5,1.2378,1.2,1.0315,0.07407407407407407,4.41895214013537,False,False,7.889999999999375,PARTIAL
NVDA,2024-09-17,bull_put,117.0,116.0,0.5657,0.555,1.019279279279279,0.03030303030303033,0.8404896106456218,True,False,-43.43,LOSS
HON,2024-09-18,bull_put,202.5,200.0,1.2131,0.65,1.8663076923076924,0.8852459016393442,34.39080499506211,False,True,121.31,WIN
INTC,2024-09-18,bull_put,21.0,20.5,0.2534,0.255,0.9937254901960785,0.15384615384615397,18.59313817760375,True,False,25.34,WIN
BMY,2024-09-18,bull_put,50.0,49.5,0.2938,0.325,0.904,0.38167938931297707,5.103371032233258,False,False,-20.62,LOSS
DHR,2024-09-18,bull_put,272.5,270.0,1.1544,1.3,0.888,0.16470588235294112,1.8187348932265806,False,False,115.44000000000001,WIN
UPS,2024-09-18,bull_put,131.0,130.0,0.4718,0.66,0.7148484848484848,0.31309904153354634,1.6219072594965163,False,False,-52.82,LOSS
XOM,2024-09-18,bull_put,115.0,114.0,0.4871,0.545,0.8937614678899082,0.13461538461538472,1.4104399792477,False,False,48.71,WIN
TSLA,2024-09-19,bull_put,245.0,242.5,1.2629,1.23,1.0267479674796747,0.028985507246376836,2.8365891012164206,False,False,-123.71000000000001,LOSS
UPS,2024-09-19,bull_put,133.0,132.0,0.5378,0.53,1.0147169811320753,0.090909090909091,-0.0896010773724722,False,False,-46.22,LOSS
BA,2024-09-19,bull_put,155.0,152.5,1.1259,0.955,1.1789528795811517,0.06622516556291397,104.8219173776557,False,False,-58.41000000000081,PARTIAL
QQQ,2024-09-19,bull_put,484.0,483.0,0.491,0.475,1.0336842105263158,0.012474012474012391,0.5884687407103114,False,False,-50.9,LOSS
QCOM,2024-09-23,bull_put,167.5,165.0,1.304,1.21,1.0776859504132232,0.028985507246376836,3.4661634382606987,False,False,130.4,WIN
GOOGL,2024-09-23,bull_put,162.5,160.0,1.1318,1.045,1.0830622009569377,0.03208556149732611,23.80690815961571,False,False,113.17999999999999,WIN
JPM,2024-09-23,bull_put,212.5,210.0,1.1575,1.13,1.0243362831858407,0.04731182795698919,16.870080800319307,False,False,-84.25,PARTIAL
UPS,2024-09-23,bull_put,129.0,128.0,0.4663,0.425,1.0971764705882352,0.05533596837944668,13.148265048118306,False,False,46.63,WIN
INTC,2024-09-23,bull_put,23.0,22.5,0.2948,0.335,0.88,0.08988764044943828,5.407945008087492,True,False,29.48,WIN
CRM,2024-09-23,bull_put,265.0,262.5,1.1876,1.13,1.0509734513274338,0.04580152671755722,1.5319042711074606,False,False,118.76,WIN
UPS,2024-09-24,bull_put,130.0,129.0,0.4749,0.455,1.0437362637362637,0.049586776859504175,5.2080745908892245,False,False,47.49,WIN
INTC,2024-09-24,bull_put,23.0,22.5,0.257,0.25,1.028,0.0677966101694916,30.339933235654534,True,False,25.7,WIN
NVDA,2024-09-24,bull_put,122.0,121.0,0.5481,0.58,0.9450000000000002,0.06225680933852128,2.510324657501261,True,False,-5.189999999999428,PARTIAL
SO,2024-09-24,bull_put,90.0,89.0,0.5533,0.375,1.4754666666666667,0.3076923076923076,110.52766185688856,False,True,55.33,WIN
ADP,2024-09-24,bull_put,277.5,275.0,1.2898,1.05,1.2283809523809524,0.12987012987012977,68.52267279148926,False,False,-121.02,LOSS
CVX,2024-09-24,bull_put,148.0,147.0,0.4668,0.47,0.9931914893617022,0.05363984674329506,1.0818625050007529,False,False,-53.32,LOSS
FCX,2024-09-25,bull_put,48.5,48.0,0.2514,0.14,1.7957142857142856,0.08403361344537823,0.3602627970392824,False,True,25.14,WIN
NVDA,2024-09-25,bull_put,124.0,123.0,0.4967,0.5,0.9934,0.04488778054862836,2.188878177477506,True,False,-50.33,LOSS
CRM,2024-09-25,bull_put,275.0,272.5,1.1863,1.165,1.018283261802575,0.07885304659498199,0.0031862048342170043,False,False,118.63,WIN
EMR,2024-09-25,bull_put,105.0,104.0,0.6265,0.475,1.3189473684210526,0.10000000000000009,17.316991847324672,False,True,62.64999999999999,WIN
CL,2024-09-25,bull_put,104.0,103.0,0.5528,0.35,1.5794285714285714,0.1666666666666666,231.66846290688122,False,True,10.639999999999826,PARTIAL
UPS,2024-09-25,bull_put,132.0,131.0,0.5243,0.8,0.6553749999999999,0.5220338983050847,11.829368726661349,False,True,52.43,WIN
ADP,2024-09-26,bull_put,275.0,272.5,1.2433,0.8,1.554125,0.4,297.37165816451295,False,True,-87.67000000000044,PARTIAL
MA,2024-09-26,bull_put,492.5,490.0,1.2331,1.49,0.8275838926174497,0.6821192052980131,11.06637210076696,False,True,123.31,WIN
AMGN,2024-09-26,bull_put,320.0,317.5,1.2212,1.23,0.9928455284552846,0.633257403189066,10.232118995188745,False,True,122.12,WIN
TSLA,2024-09-26,bull_put,255.0,252.5,1.184,1.21,0.9785123966942149,0.04800000000000011,0.5857633873414925,False,False,118.39999999999999,WIN
QQQ,2024-09-26,bull_put,490.0,489.0,0.4764,0.465,1.024516129032258,0.005115089514066501,0.5417263667057082,False,False,-52.35999999999999,LOSS
GS,2024-09-26,bull_put,497.5,495.0,1.1866,1.095,1.0836529680365299,0.17543859649122806,0.3215675735560899,False,False,118.66000000000001,WIN
UPS,2024-09-30,bull_put,137.0,136.0,0.5626,0.49,1.1481632653061224,0.09782608695652172,8.176642720128688,False,False,-43.74,LOSS
INTC,2024-09-30,bull_put,23.5,23.0,0.2324,0.225,1.0328888888888887,0.03703703703703707,9.18853994117202,True,False,-26.76,LOSS
GE,2024-09-30,bull_put,190.0,187.5,1.3379,1.385,0.9659927797833936,0.10169491525423738,9.94495139823495,False,False,-116.21,LOSS
NEE,2024-09-30,bull_put,85.0,84.0,0.4999,0.46,1.0867391304347827,0.04048582995951421,21.829123269413806,False,False,-50.01,LOSS
HON,2024-09-30,bull_put,207.5,205.0,1.2473,0.5,2.4946,0.7741935483870969,49.28269139989508,False,True,-125.27,LOSS
PM,2024-09-30,bull_put,122.0,121.0,0.6616,0.5,1.3232,0.12244897959183683,68.55941758480884,False,True,-33.839999999999996,LOSS
TJX,2024-10-01,bull_put,117.0,116.0,0.5458,0.455,1.1995604395604393,0.10526315789473695,53.63500595691632,False,False,-45.42,LOSS
INTC,2024-10-01,bull_put,23.0,22.5,0.2779,0.295,0.9420338983050848,0.04724409448818902,15.266239231645587,True,False,-13.210000000000017,PARTIAL
NVDA,2024-10-01,bull_put,118.0,117.0,0.5423,0.575,0.9431304347826088,0.07518796992481193,1.9885002462101353,True,False,54.230000000000004,WIN
QCOM,2024-10-01,bull_put,167.5,165.0,1.3043,1.22,1.0690983606557378,1.1055900621118013,1.3921891451548214,False,True,130.43,WIN
CVX,2024-10-01,bull_put,150.0,149.0,0.4765,0.46,1.0358695652173913,0.0323624595469256,1.2859604275055372,False,False,47.65,WIN
BA,2024-10-01,bull_put,155.0,152.5,1.1621,1.185,0.980675105485232,0.05128205128205125,1.1692217287881124,False,False,58.105,PARTIAL
USB,2024-10-02,bull_put,44.5,44.0,0.2689,0.23,1.1691304347826086,0.10714285714285703,1.8589448909446973,False,False,26.889999999999997,WIN
GE,2024-10-02,bull_put,187.5,185.0,1.1863,1.12,1.0591964285714284,0.04545454545454549,3.6536488794529727,False,False,38.31500000000062,PARTIAL
NVDA,2024-10-02,bull_put,119.0,118.0,0.4532,0.435,1.0418390804597701,0.010869565217391313,0.5331966337026062,True,False,45.32,WIN
FCX,2024-10-02,bull_put,51.0,50.0,0.4586,0.41,1.1185365853658538,0.06993006993006999,5.235583322697821,False,False,0.4299999999998583,PARTIAL
ABT,2024-10-02,bull_put,114.0,113.0,0.5897,0.43,1.3713953488372093,0.05780346820809254,80.99793912500449,False,True,-41.03,LOSS
XOM,2024-10-02,bull_put,122.0,121.0,0.5038,0.475,1.0606315789473686,0.06451612903225797,3.7828136230692087,False,False,50.38,WIN
PM,2024-10-03,bull_put,119.0,118.0,0.6952,0.825,0.8426666666666668,0.823529411764706,47.779355880109605,False,True,69.52000000000001,WIN
UPS,2024-10-03,bull_put,131.0,130.0,0.4554,0.535,0.851214953271028,0.16216216216216217,8.340324496541308,False,False,45.540000000000006,WIN
NVDA,2024-10-03,bull_put,123.0,122.0,0.45,0.45,1.0,0.08333333333333341,2.5770544855901094,True,False,45.0,WIN
ADI,2024-10-03,bull_put,227.5,225.0,1.2267,1.125,1.0903999999999998,0.5411764705882354,0.24418876770884876,False,True,122.66999999999999,WIN
XOM,2024-10-03,bull_put,123.0,122.0,0.5026,0.51,0.9854901960784315,0.19130434782608693,0.19253994776490468,False,False,50.260000000000005,WIN
TMO,2024-10-03,bull_put,602.5,600.0,1.3376,1.275,1.0490980392156863,0.27272727272727276,0.1526588307495157,False,False,-116.24000000000001,LOSS
IBM,2024-10-07,bull_put,227.5,225.0,1.1444,1.015,1.1274876847290642,0.07407407407407404,0.37715357273076494,False,False,114.44000000000001,WIN
BA,2024-10-07,bull_put,157.5,155.0,1.3256,1.47,0.9017687074829931,0.03636363636363645,0.45245468460205285,False,False,-117.44000000000001,LOSS
NVDA,2024-10-07,bull_put,129.0,128.0,0.5281,0.51,1.0354901960784313,0.03030303030303033,0.3486372417435002,True,False,52.81,WIN
EOG,2024-10-07,bull_put,135.0,134.0,0.6032,0.525,1.1489523809523807,0.06896551724137928,1.889401581148644,False,False,-39.68,LOSS
INTC,2024-10-07,bull_put,22.5,22.0,0.2289,0.235,0.9740425531914894,0.05217391304347812,3.738294425109716,True,False,22.89,WIN
UPS,2024-10-07,bull_put,132.0,131.0,0.5025,0.515,0.9757281553398057,0.03260869565217394,1.2183835612397012,False,False,50.24999999999999,WIN
MCD,2024-10-08,bull_put,302.5,300.0,1.1814,1.075,1.0989767441860465,0.053830227743271175,7.303691388304166,False,False,118.14,WIN
QCOM,2024-10-08,bull_put,167.5,165.0,1.2812,1.46,0.8775342465753424,0.03947368421052635,10.364517521676666,False,False,128.11999999999998,WIN
BA,2024-10-08,bull_put,155.0,152.5,1.1374,1.03,1.104271844660194,0.11450381679389306,6.104119926263591,False,False,-136.26,LOSS
TJX,2024-10-08,bull_put,114.0,113.0,0.5525,0.395,1.3987341772151898,0.2801932367149758,20.121722571908393,False,True,14.125000000000199,PARTIAL
INTC,2024-10-08,bull_put,23.5,23.0,0.257,0.265,0.969811320754717,0.08403361344537823,35.68606473398852,True,False,25.7,WIN
UPS,2024-10-08,bull_put,131.0,130.0,0.4526,0.42,1.0776190476190477,0.05172413793103453,10.94861717050839,False,False,45.26,WIN
AVGO,2024-10-09,bull_put,187.5,185.0,1.3115,1.29,1.0166666666666668,0.03125000000000003,15.507815492914743,True,False,-118.85,LOSS
MCD,2024-10-09,bull_put,305.0,302.5,1.2616,1.1,1.1469090909090909,0.08242950108459869,1.8229009068018958,False,False,126.16000000000001,WIN
CVX,2024-10-09,bull_put,150.0,149.0,0.4705,0.435,1.0816091954022988,0.07003891050583663,1.459721996008054,False,False,47.05,WIN
VRTX,2024-10-09,bull_put,470.0,467.5,1.5023,0.975,1.5408205128205128,0.5283018867924529,1.1601758034253578,False,True,150.23,WIN
NVDA,2024-10-09,bull_put,133.0,132.0,0.4645,0.47,0.9882978723404257,0.035805626598465506,0.524596303473828,True,False,46.45,WIN
SPY,2024-10-09,bull_put,578.0,577.0,0.5505,0.465,1.1838709677419355,0.006211180124223608,0.21905095023754845,False,False,55.05,WIN
QQQ,2024-10-10,bull_put,493.0,492.5,0.2363,0.22,1.0740909090909092,0.005141388174807203,-0.011181762124379477,False,False,23.630000000000003,WIN
TSLA,2024-10-10,bull_put,242.5,240.0,1.4234,1.45,0.9816551724137932,0.02570694087403599,-0.05636920098526547,False,False,-107.66,LOSS
TMO,2024-10-10,bull_put,595.0,592.5,1.264,0.85,1.4870588235294118,0.6456692913385828,0.055653687080835276,False,True,126.4,WIN
CAT,2024-10-10,bull_put,397.5,395.0,1.1834,1.115,1.0613452914798207,0.22315789473684222,1.7895318318970992,False,False,118.34,WIN
TJX,2024-10-10,bull_put,113.0,112.0,0.4768,0.985,0.48406091370558374,1.0081300813008132,5.126019907595134,False,True,47.68,WIN
BA,2024-10-10,bull_put,147.0,146.0,0.4945,0.505,0.9792079207920792,0.07947019867549676,1.40942307478823,False,False,49.45,WIN
JPM,2024-10-14,bull_put,222.5,220.0,1.1281,1.12,1.007232142857143,0.06315789473684226,8.428012249417407,False,False,112.81000000000002,WIN
INTC,2024-10-14,bull_put,23.5,23.0,0.2304,0.235,0.9804255319148937,0.0990099009900991,6.405755428760835,True,False,-26.96,LOSS
UPS,2024-10-14,bull_put,135.0,134.0,0.4789,0.495,0.9674747474747475,0.15384615384615383,5.900864632628421,False,False,47.89,WIN
QCOM,2024-10-14,bull_put,180.0,177.5,1.3522,1.47,0.9198639455782314,0.06289308176100618,2.978395137549546,False,False,-114.77999999999999,LOSS
NEE,2024-10-14,bull_put,83.0,82.5,0.2431,0.315,0.7717460317460317,0.35897435897435886,1.4616476177917084,False,False,24.310000000000002,WIN
TXN,2024-10-14,bull_put,210.0,207.5,1.319,1.22,1.0811475409836064,0.12307692307692318,1.2645257296505532,False,False,-118.10000000000001,LOSS
NEE,2024-10-15,bull_put,83.0,82.5,0.235,0.22,1.0681818181818181,0.4751381215469615,0.23574156844108987,False,False,23.5,WIN
COST,2024-10-15,bull_put,897.5,895.0,1.3513,1.375,0.9827636363636363,0.13953488372093031,0.24214640308375426,False,False,-114.87,LOSS
NVDA,2024-10-15,bull_put,132.0,131.0,0.4538,0.59,0.7691525423728813,0.16279069767441856,0.35928446126828445,True,False,45.379999999999995,WIN
ACN,2024-10-15,bull_put,370.0,367.5,1.2708,1.35,0.9413333333333332,0.20895522388059706,2.081500091795588,False,False,127.08,WIN
QCOM,2024-10-15,bull_put,175.0,172.5,1.1976,1.17,1.0235897435897436,0.06249999999999992,2.6498373571424136,False,False,-130.24,LOSS
SO,2024-10-15,bull_put,91.0,90.0,0.494,0.4,1.2349999999999999,0.3076923076923076,21.742741884331615,False,False,49.4,WIN
SO,2024-10-16,bull_put,92.5,92.0,0.3134,0.225,1.3928888888888888,0.31578947368421056,207.76908083891252,False,True,31.34,WIN
GILD,2024-10-16,bull_put,87.0,86.0,0.477,0.96,0.496875,0.9280000000000002,16.338565839273304,False,True,9.849999999999943,PARTIAL
INTC,2024-10-16,bull_put,22.5,22.0,0.2447,0.235,1.041276595744681,0.06315789473684205,13.958283179118434,True,False,24.47,WIN
LOW,2024-10-16,bull_put,285.0,282.5,1.3077,1.02,1.282058823529412,0.23923444976076547,11.67350020847125,False,True,-119.22999999999999,LOSS
CVX,2024-10-16,bull_put,149.0,148.0,0.4586,0.445,1.030561797752809,0.18181818181818177,6.767088386535512,False,False,45.86,WIN
BAC,2024-10-16,bull_put,43.0,42.5,0.2611,0.225,1.1604444444444444,0.074074074074074,5.810867891471534,False,False,-23.89,LOSS
QQQ,2024-10-17,bull_put,492.0,491.0,0.4649,0.435,1.068735632183908,0.011173184357541908,-0.06018414044281847,False,False,46.489999999999995,WIN
SPY,2024-10-17,bull_put,583.0,582.0,0.4605,0.45,1.0233333333333334,0.006230529595015582,-0.19528710534097732,False,False,46.050000000000004,WIN
TMO,2024-10-17,bull_put,600.0,597.5,1.2219,-0.675,-1.8102222222222222,1.04,0.6176431216050372,False,True,122.19,WIN
COST,2024-10-17,bull_put,887.5,885.0,1.3818,1.425,0.9696842105263157,0.19354838709677408,0.2979189082099107,False,False,138.17999999999998,WIN
HD,2024-10-21,bull_put,407.5,405.0,1.2565,1.06,1.185377358490566,0.12244897959183666,0.5072331302359093,False,False,-124.35000000000001,LOSS
QCOM,2024-10-21,bull_put,170.0,167.5,1.1571,1.165,0.9932188841201717,0.04800000000000011,0.5205106579008199,False,False,115.71000000000001,WIN
CRM,2024-10-21,bull_put,292.5,290.0,1.248,1.19,1.0487394957983194,0.03773584905660375,0.5854703081610112,False,False,-79.20000000000205,PARTIAL
INTC,2024-10-21,bull_put,23.0,22.5,0.2285,0.23,0.9934782608695653,0.08000000000000007,0.8708034473676588,True,False,-9.150000000000027,PARTIAL
GOOGL,2024-10-21,bull_put,165.0,162.5,1.1328,1.09,1.0392660550458714,0.05569620253164551,8.84682206807252,False,False,113.28,WIN
MSFT,2024-10-21,bull_put,420.0,417.5,1.2297,1.175,1.0465531914893618,0.0402684563758389,0.7598988721519604,False,False,122.97,WIN
BMY,2024-10-22,bull_put,53.0,52.0,0.4997,0.41,1.218780487804878,0.15126050420168063,41.37467665406522,False,False,-50.029999999999994,LOSS
MA,2024-10-22,bull_put,515.0,512.5,1.3711,1.21,1.1331404958677687,0.10526315789473682,1.870293716422967,False,False,-112.89,LOSS
CRM,2024-10-22,bull_put,290.0,287.5,1.3083,1.265,1.0342292490118579,0.05194805194805199,1.0002927201446188,False,False,130.83,WIN
MRK,2024-10-22,bull_put,107.0,106.0,0.4674,0.455,1.0272527472527473,0.08780487804878058,0.6319137276724307,False,False,-53.26,LOSS
NVDA,2024-10-22,bull_put,145.0,144.0,0.5438,0.57,0.9540350877192982,0.03278688524590167,0.5709547470974946,True,False,-45.62,LOSS
SPY,2024-10-22,bull_put,584.0,583.0,0.5104,0.44,1.16,0.007722007722007729,0.18231173188672878,False,False,-48.96,LOSS
CRM,2024-10-23,bull_put,285.0,282.5,1.1459,1.14,1.0051754385964913,0.07299270072992702,0.26465185131934066,False,False,114.58999999999999,WIN
VRTX,2024-10-23,bull_put,472.5,470.0,1.5463,1.25,1.23704,0.17475728155339795,0.6333766553973285,False,False,154.63,WIN
QCOM,2024-10-23,bull_put,167.5,165.0,1.1824,1.15,1.0281739130434782,0.11304347826086968,2.135575919926697,False,False,118.24,WIN
AVGO,2024-10-23,bull_put,175.0,172.5,1.2832,1.45,0.8849655172413793,0.1350078492935635,11.627834260999903,True,False,-71.68,PARTIAL
GE,2024-10-23,bull_put,182.5,180.0,1.1412,1.09,1.0469724770642201,0.06091370558375629,37.63702693192935,False,False,-135.88,LOSS
MA,2024-10-23,bull_put,515.0,512.5,1.2982,1.21,1.072892561983471,0.12307692307692318,9.019189017311378,False,False,-120.17999999999999,LOSS
SPY,2024-10-24,bull_put,580.0,579.0,0.4502,0.395,1.1397468354430378,0.012903225806451623,-0.37332594791768164,False,False,-50.98000000000364,PARTIAL
ABT,2024-10-24,bull_put,117.0,116.0,0.5382,0.115,4.68,0.2933333333333333,10.557136830570629,False,True,-46.18,LOSS
NVDA,2024-10-24,bull_put,141.0,140.0,0.5061,0.5,1.0122,0.05369127516778528,6.524433605097564,True,False,50.61,WIN
TSLA,2024-10-24,bull_put,262.5,260.0,1.3236,1.4,0.9454285714285716,0.05825242718446598,0.15428395500780234,False,False,132.36,WIN
QQQ,2024-10-24,bull_put,493.0,492.5,0.2375,0.22,1.0795454545454546,0.01075268817204302,-0.019724444613073083,False,False,23.75,WIN
FCX,2024-10-24,bull_put,47.0,46.5,0.2259,0.25,0.9036,0.2978723404255319,-0.6493394204509887,False,False,-17.409999999999858,PARTIAL
BA,2024-10-28,bull_put,152.5,150.0,1.3798,1.365,1.010842490842491,0.07792207792207788,0.4849129285230174,False,False,137.98,WIN
NVDA,2024-10-28,bull_put,142.0,141.0,0.533,0.55,0.9690909090909091,0.0402684563758389,0.16893651153070965,True,False,-46.7,LOSS
CRM,2024-10-28,bull_put,295.0,292.5,1.1863,1.2,0.9885833333333333,0.04651162790697678,0.5581087913639751,False,False,45.31500000000136,PARTIAL
UPS,2024-10-28,bull_put,136.0,135.0,0.5173,0.465,1.1124731182795697,0.04560260586319222,5.750577966571008,False,False,-48.27,LOSS
AVGO,2024-10-28,bull_put,172.5,170.0,1.1412,1.16,0.983793103448276,0.0555555555555556,1.3482795803904322,True,False,-135.88,LOSS
DE,2024-10-28,bull_put,415.0,412.5,1.4318,1.3,1.1013846153846154,0.08219178082191785,1.000274122428859,False,False,-106.82000000000001,LOSS
UPS,2024-10-29,bull_put,135.0,134.0,0.5346,0.595,0.8984873949579831,0.16883116883116883,4.683183282249252,False,False,-41.53999999999887,PARTIAL
GE,2024-10-29,bull_put,175.0,172.5,1.1471,1.12,1.0241964285714285,0.053097345132743216,1.0370336842327483,False,False,-135.29,LOSS
NEE,2024-10-29,bull_put,80.0,79.0,0.4847,0.455,1.0652747252747252,0.07843137254901968,0.7739248275689877,False,False,-51.53,LOSS
AVGO,2024-10-29,bull_put,180.0,177.5,1.1927,1.1,1.0842727272727273,0.05479452054794526,0.7151811833992827,True,False,-130.73,LOSS
NVDA,2024-10-29,bull_put,142.0,141.0,0.4927,0.495,0.9953535353535354,0.06451612903225812,0.36209876419024484,True,False,-50.73,LOSS
CRM,2024-10-29,bull_put,300.0,297.5,1.2102,1.19,1.0169747899159665,0.06134969325153374,0.11552116515530751,False,False,-128.98000000000002,LOSS
NVDA,2024-10-30,bull_put,140.0,139.0,0.5048,0.475,1.0627368421052632,0.06870229007633594,0.2022178619457594,True,False,-49.519999999999996,LOSS
MCD,2024-10-30,bull_put,292.5,290.0,1.2039,1.02,1.1802941176470587,0.20123203285420954,0.36501371185807685,False,False,120.39,WIN
AVGO,2024-10-30,bull_put,177.5,175.0,1.2049,1.19,1.0125210084033616,0.06249999999999992,4.2622305194862395,True,False,-129.51,LOSS
EOG,2024-10-30,bull_put,121.0,120.0,0.536,0.5,1.072,0.11320754716981125,8.208599314936015,False,False,18.80000000000017,PARTIAL
GOOGL,2024-10-30,bull_put,175.0,172.5,1.1843,1.03,1.1498058252427183,0.05405405405405399,135.50689488624735,False,False,-131.57000000000002,LOSS
BA,2024-10-30,bull_put,155.0,152.5,1.1689,1.05,1.1132380952380951,0.23095823095823093,7.244259962417424,False,False,37.94500000000017,PARTIAL
GE,2024-10-31,bull_put,172.5,170.0,1.1376,1.03,1.1044660194174756,0.34304207119741104,17.57342835977275,False,False,16.879999999999427,PARTIAL
BA,2024-10-31,bull_put,150.0,149.0,0.5381,0.48,1.1210416666666667,0.12290502793296088,0.7087686258952794,False,False,53.81,WIN
IWM,2024-10-31,bull_put,218.0,217.5,0.2723,0.25,1.0892,0.022598870056497196,0.07747306686159333,False,False,27.229999999999997,WIN
NOW,2024-10-31,bull_put,935.0,932.5,1.2631,0.7,1.8044285714285715,0.38636363636363635,0.0022353575747378024,False,True,126.30999999999999,WIN
QQQ,2024-10-31,bull_put,485.0,484.0,0.4939,0.43,1.1486046511627908,0.03672787979966607,-0.0409652539906969,False,False,49.39,WIN
ISRG,2024-10-31,bull_put,505.0,502.5,1.4247,2.075,0.6866024096385542,0.7936507936507936,-0.08307820138075932,False,True,142.47,WIN
UPS,2024-11-04,bull_put,134.0,133.0,0.5784,0.455,1.2712087912087913,0.09438202247191009,0.7384319205412958,False,True,-42.16,LOSS
CVX,2024-11-04,bull_put,155.0,152.5,1.1792,1.165,1.0121888412017168,0.03225806451612906,0.4689109180675703,False,False,117.92,WIN
V,2024-11-04,bull_put,292.5,290.0,1.1782,1.15,1.0245217391304349,0.034285714285714364,1.3838006578607587,False,False,117.82,WIN
NEE,2024-11-04,bull_put,79.0,78.0,0.5423,0.575,0.9431304347826088,0.02654867256637171,1.5846832972736298,False,False,-45.769999999999996,LOSS
GE,2024-11-04,bull_put,172.5,170.0,1.1396,1.035,1.1010628019323672,0.04800000000000011,3.8621520909192273,False,False,113.96,WIN
WMT,2024-11-04,bull_put,83.0,82.0,0.4984,0.51,0.9772549019607844,0.029629629629629655,127.85057166965832,True,False,49.84,WIN
WMT,2024-11-05,bull_put,84.0,83.0,0.4525,0.43,1.052325581395349,0.053571428571428416,144.56041937019256,True,False,45.25,WIN
HON,2024-11-05,bull_put,210.0,207.5,1.3071,1.175,1.1124255319148935,0.09523809523809519,21.358720143080973,False,False,130.70999999999998,WIN
INTC,2024-11-05,bull_put,23.5,23.0,0.2434,0.195,1.2482051282051283,0.21487603305785125,14.319787342298902,True,False,24.34,WIN
MCD,2024-11-05,bull_put,297.5,295.0,1.126,0.985,1.1431472081218272,0.19858156028368795,5.76793736883649,False,False,112.6,WIN
UPS,2024-11-05,bull_put,134.0,133.0,0.4903,0.375,1.3074666666666668,0.19020172910662816,5.630186684264717,False,True,-50.970000000000006,LOSS
NEE,2024-11-05,bull_put,79.0,78.0,0.5113,0.485,1.0542268041237113,0.19801980198019808,2.0682073116596094,False,False,-48.870000000000005,LOSS
NVDA,2024-11-06,bull_put,146.0,145.0,0.4863,0.47,1.03468085106383,0.06419753086419748,1.499206044616064,True,False,48.63,WIN
DE,2024-11-06,bull_put,407.5,405.0,1.3501,1.16,1.1638793103448277,0.13173652694610785,1.9470756884415972,False,False,-114.99,LOSS
CRM,2024-11-06,bull_put,307.5,305.0,1.1759,1.08,1.0887962962962963,0.10218978102189784,2.0883535143395675,False,False,117.58999999999999,WIN
MCD,2024-11-06,bull_put,295.0,292.5,1.178,1.14,1.0333333333333334,0.19123505976095617,2.1609488462756756,False,False,117.8,WIN
MA,2024-11-06,bull_put,522.5,520.0,1.3723,1.26,1.0891269841269842,0.1595092024539878,9.271001076385916,False,False,137.23000000000002,WIN
TJX,2024-11-06,bull_put,116.0,115.0,0.5534,0.395,1.4010126582278482,0.11538461538461549,56.24310609052991,False,True,55.34,WIN
HD,2024-11-07,bull_put,400.0,397.5,1.1295,1.1,1.0268181818181816,0.24175824175824168,2.319011435640005,False,False,112.94999999999999,WIN
DE,2024-11-07,bull_put,412.5,410.0,1.2793,0.87,1.4704597701149427,0.3321554770318021,0.9775979961771366,False,True,-122.07,LOSS
FCX,2024-11-07,bull_put,49.0,48.5,0.271,0.43,0.6302325581395349,0.34426229508196715,-0.13492910561717986,False,False,-22.900000000000002,LOSS
TSLA,2024-11-07,bull_put,297.5,295.0,1.1704,1.17,1.0003418803418804,0.03821656050955412,-0.13812490265146946,False,False,117.04,WIN
IWM,2024-11-07,bull_put,237.0,236.0,0.4886,0.46,1.0621739130434782,0.02316602316602319,-0.6448707553154597,False,False,48.86,WIN
CAT,2024-11-07,bull_put,410.0,407.5,1.2356,1.585,0.7795583596214511,0.28571428571428564,-0.9145217369862733,False,False,-126.44,LOSS
MCD,2024-11-11,bull_put,302.5,300.0,1.1599,1.12,1.0356249999999998,0.0701754385964913,1.2040969327354194,False,False,-134.01000000000002,LOSS
DE,2024-11-11,bull_put,405.0,402.5,1.4272,1.35,1.0571851851851852,0.6371681415929203,1.3143509555397277,False,True,-107.28,LOSS
UPS,2024-11-11,bull_put,132.0,131.0,0.4501,0.455,0.9892307692307692,0.10447761194029845,0.9243168968878265,False,False,45.01,WIN
QCOM,2024-11-11,bull_put,170.0,167.5,1.3511,1.35,1.0008148148148148,0.0571428571428572,7.756708766568913,False,False,-114.89,LOSS
JPM,2024-11-11,bull_put,240.0,237.5,1.1496,1.12,1.0264285714285712,0.05447470817120627,10.787023085953866,False,False,114.96,WIN
PNC,2024-11-11,bull_put,210.0,207.5,1.1478,1.1,1.0434545454545454,0.08888888888888896,2.091448664529526,False,False,-117.21999999999933,PARTIAL
AVGO,2024-11-12,bull_put,177.5,176.0,0.8541,0.785,1.0880254777070062,0.04511278195488719,1.3572354987363162,True,False,-64.59,LOSS
NVDA,2024-11-12,bull_put,149.0,148.0,0.4955,0.515,0.962135922330097,0.03621730382293757,0.948669150038112,True,False,-50.449999999999996,LOSS
ADI,2024-11-12,bull_put,220.0,217.5,1.1368,1.3,0.8744615384615385,0.13333333333333344,0.9052502168960594,False,False,-136.32,LOSS
PYPL,2024-11-12,bull_put,87.0,86.0,0.5405,0.49,1.103061224489796,0.1362007168458781,0.8365146019481237,False,False,-45.95,LOSS
SO,2024-11-12,bull_put,88.0,87.5,0.2777,0.275,1.0098181818181817,0.19354838709677424,0.30869583979367604,False,False,10.38500000000034,PARTIAL
BA,2024-11-12,bull_put,146.0,145.0,0.5419,0.56,0.9676785714285714,0.04184100418410046,0.10236465559682774,False,False,-45.81,LOSS
AVGO,2024-11-13,bull_put,174.0,172.5,0.7015,0.68,1.0316176470588234,0.07407407407407415,0.7535685587253369,True,False,-79.85,LOSS
MA,2024-11-13,bull_put,522.5,520.0,1.1625,1.08,1.0763888888888888,0.23270440251572322,1.3928459045795851,False,False,27.62499999999932,PARTIAL
MDT,2024-11-13,bull_put,88.0,87.5,0.23,0.175,1.3142857142857145,0.31999999999999995,1.5251496334280423,False,True,-23.999999999999886,PARTIAL
UPS,2024-11-13,bull_put,134.0,133.0,0.4687,0.42,1.115952380952381,0.18367346938775517,4.6466723737086495,False,False,46.87,WIN
EOG,2024-11-13,bull_put,135.0,134.0,0.5236,0.5,1.0472,0.10909090909090903,5.323664216618668,False,False,4.180000000000112,PARTIAL
ABT,2024-11-13,bull_put,116.0,115.0,0.5476,0.435,1.2588505747126437,0.3373493975903615,37.73852130481492,False,True,22.380000000000283,PARTIAL
VRTX,2024-11-14,bull_put,485.0,482.5,1.4864,2.625,0.566247619047619,1.7468354430379747,37.26871248716116,False,True,-101.36,LOSS
QQQ,2024-11-14,bull_put,509.0,508.0,0.4839,0.46,1.0519565217391305,0.01020408163265307,0.35307851083148306,False,False,-51.61,LOSS
CRM,2024-11-14,bull_put,332.5,330.0,1.1666,1.23,0.9484552845528456,0.14936247723132973,0.10190721013857326,False,False,-133.34,LOSS
TSLA,2024-11-14,bull_put,312.5,310.0,1.3051,1.3,1.003923076923077,0.03448275862068968,-0.06598772541494671,False,False,130.51,WIN
GILD,2024-11-14,bull_put,92.5,92.0,0.28,0.395,0.7088607594936709,0.4130434782608697,-0.0894155886737523,False,False,-22.0,LOSS
SPY,2024-11-14,bull_put,594.0,593.0,0.4906,0.475,1.032842105263158,0.005571030640668529,-0.17633323792678468,False,False,-50.94,LOSS
ADI,2024-11-18,bull_put,210.0,207.5,1.1347,0.8,1.418375,0.12499999999999997,1.0157669408596903,False,True,113.47,WIN
INTC,2024-11-18,bull_put,25.0,24.5,0.2422,0.245,0.9885714285714285,0.06557377049180334,2.193095586563641,True,False,-25.779999999999998,LOSS
MCD,2024-11-18,bull_put,292.5,290.0,1.2359,0.995,1.2421105527638192,0.09677419354838704,0.6968078652231138,False,False,-98.41000000000273,PARTIAL
QCOM,2024-11-18,bull_put,165.0,162.5,1.1434,1.165,0.9814592274678111,0.08823529411764701,3.6286293274569568,False,False,-135.66,LOSS
HON,2024-11-18,bull_put,230.0,227.5,1.2872,1.15,1.119304347826087,0.1666666666666666,34.39850030071253,False,False,19.860000000000678,PARTIAL
AVGO,2024-11-18,bull_put,167.5,165.0,1.3241,1.375,0.9629818181818183,0.47953216374269,2.4030979077518717,True,False,-117.58999999999999,LOSS
CL,2024-11-19,bull_put,94.0,93.0,0.4899,0.4,1.22475,0.2857142857142857,22.737709201664742,False,False,48.99,WIN
INTC,2024-11-19,bull_put,24.5,24.0,0.2673,0.28,0.954642857142857,0.14400000000000013,7.146430922266492,True,False,13.364999999999998,PARTIAL
ACN,2024-11-19,bull_put,355.0,352.5,1.2806,0.975,1.3134358974358975,0.43902439024390244,1.9439042816902818,False,True,128.06,WIN
AVGO,2024-11-19,bull_put,167.5,165.0,1.3782,1.405,0.9809252669039147,0.03508771929824549,0.8822597748895724,True,False,-112.17999999999999,LOSS
BA,2024-11-19,bull_put,146.0,145.0,0.5138,0.495,1.037979797979798,0.26046511627906976,0.8808472375265303,False,False,51.38,WIN
GILD,2024-11-19,bull_put,88.0,87.0,0.4854,0.445,1.0907865168539326,0.11398963730569946,0.33364972882270805,False,False,48.54,WIN
CRM,2024-11-20,bull_put,327.5,325.0,1.3541,1.775,0.7628732394366198,0.3157894736842105,0.16558593590579596,False,False,135.41,WIN
BA,2024-11-20,bull_put,147.0,146.0,0.5831,0.53,1.1001886792452829,0.12949640287769795,0.6087922952243661,False,False,58.309999999999995,WIN
BLK,2024-11-20,bull_put,1027.5,1025.0,1.2951,0.7,1.850142857142857,0.4347826086956523,-0.006186262605218109,False,True,129.51,WIN
AVGO,2024-11-20,bull_put,165.0,162.5,1.3146,1.385,0.9491696750902527,0.05063291139240499,1.2671424825950475,True,False,27.22999999999949,PARTIAL
QCOM,2024-11-20,bull_put,155.0,152.5,1.16,1.15,1.008695652173913,0.06428571428571435,5.368593465748506,False,False,115.99999999999999,WIN
ADI,2024-11-20,bull_put,212.5,210.0,1.3765,1.275,1.079607843137255,0.46616541353383456,0.9565963406897666,False,False,137.65,WIN
TSLA,2024-11-21,bull_put,342.5,340.0,1.3861,1.45,0.9559310344827587,0.04918032786885243,-0.13966133729904148,False,False,138.61,WIN
QQQ,2024-11-21,bull_put,506.0,505.0,0.5203,0.485,1.0727835051546393,0.015810276679841914,-0.02335466262774502,False,False,15.515000000001022,PARTIAL
GS,2024-11-21,bull_put,597.5,595.0,1.2258,1.225,1.0006530612244897,0.14457831325301207,-0.19050875884057203,False,False,122.58,WIN
BA,2024-11-21,bull_put,144.0,143.0,0.5032,0.515,0.9770873786407767,0.17358490566037735,0.26552287195812935,False,False,50.32,WIN
NVDA,2024-11-21,bull_put,147.0,146.0,0.4821,0.475,1.0149473684210526,0.022857142857142878,2.107331322410392,True,False,-51.790000000000006,LOSS
BLK,2024-11-21,bull_put,1030.0,1027.5,1.2328,1.575,0.7827301587301587,0.7213114754098361,-0.0066986675363922945,False,True,123.27999999999999,WIN
NEE,2024-11-25,bull_put,77.0,76.0,0.5047,0.48,1.0514583333333334,0.3439490445859873,118.7663513479747,False,False,50.470000000000006,WIN
CSCO,2024-11-25,bull_put,59.0,58.0,0.5444,0.435,1.2514942528735633,0.4299065420560748,114.23202800213669,False,True,54.44,WIN
QCOM,2024-11-25,bull_put,160.0,157.5,1.2383,1.165,1.0629184549356223,0.0940170940170941,31.109596405850098,False,False,-23.16999999999989,PARTIAL
BMY,2024-11-25,bull_put,59.0,58.0,0.4746,0.865,0.5486705202312139,1.1024390243902438,17.37727353261473,False,True,47.46,WIN
UPS,2024-11-25,bull_put,138.0,137.0,0.495,0.6,0.8250000000000001,0.16541353383458643,11.848062197311743,False,False,-50.5,LOSS
ACN,2024-11-25,bull_put,362.5,360.0,1.2456,1.2,1.038,0.31404958677685957,5.682719670720678,False,False,55.78000000000023,PARTIAL
UNH,2024-11-26,bull_put,607.5,605.0,1.1849,1.065,1.1125821596244132,0.5220680958385876,0.109390728163516,False,True,118.49000000000001,WIN
CRM,2024-11-26,bull_put,345.0,342.5,1.3203,1.36,0.9708088235294117,0.1436464088397789,0.2644626968080403,False,False,-117.97,LOSS
TMO,2024-11-26,bull_put,515.0,512.5,1.4156,1.075,1.3168372093023255,0.9447852760736196,0.23676353335518385,False,True,141.56,WIN
LOW,2024-11-26,bull_put,275.0,272.5,1.17,0.855,1.368421052631579,0.29080118694362017,6.153952342883284,False,True,-133.0,LOSS
CL,2024-11-26,bull_put,97.0,96.0,0.5363,0.6,0.8938333333333334,1.3636363636363635,40.51725682646175,False,True,8.314999999999772,PARTIAL
NVDA,2024-11-26,bull_put,137.0,136.0,0.4534,0.45,1.0075555555555555,0.049382716049382616,1.449416820835893,True,False,45.34,WIN
ACN,2024-11-27,bull_put,362.5,360.0,1.2916,1.275,1.0130196078431375,0.9714285714285715,15.157777871100851,False,True,58.08000000000023,PARTIAL
QQQ,2024-11-27,bull_put,506.0,505.0,0.4889,0.45,1.0864444444444443,0.018237082066869317,-0.05341215368609235,False,False,48.89,WIN
TSLA,2024-11-27,bull_put,335.0,332.5,1.3995,1.395,1.0032258064516129,0.04651162790697678,-0.15081768315811725,False,False,139.95,WIN
NFLX,2024-11-27,bull_put,877.5,875.0,1.1267,1.0,1.1267,0.1666666666666667,-0.19258399680952665,False,False,112.67,WIN
UNH,2024-11-27,bull_put,610.0,607.5,1.1839,1.145,1.0339737991266376,0.3211446740858505,-0.8201269196077582,False,False,118.39,WIN
EMR,2024-11-27,bull_put,133.0,132.0,0.4951,2.25,0.22004444444444443,1.7938144329896908,-3.1629110445686575,False,True,4.754999999999715,PARTIAL
ACN,2024-12-02,bull_put,362.5,360.0,1.232,1.3,0.9476923076923076,0.13333333333333333,2.0300013173730105,False,False,123.2,WIN
AMGN,2024-12-02,bull_put,280.0,277.5,1.4026,1.38,1.0163768115942031,0.10389610389610389,2.2285331321960946,False,False,-109.74,LOSS
AVGO,2024-12-02,bull_put,167.5,165.0,1.2405,1.22,1.0168032786885246,0.04580152671755722,3.8214452213976178,True,False,124.05,WIN
PYPL,2024-12-02,bull_put,87.0,86.0,0.5838,0.535,1.091214953271028,0.1352313167259786,10.783661697513288,False,False,58.379999999999995,WIN
GOOGL,2024-12-02,bull_put,172.5,170.0,1.2436,1.14,1.0908771929824563,0.11926605504587168,19.564533804321886,False,False,124.36,WIN
WMT,2024-12-02,bull_put,93.0,92.0,0.4793,0.46,1.0419565217391304,0.03141361256544505,318.43689536928525,True,False,47.93,WIN
PM,2024-12-03,bull_put,130.0,129.0,0.5226,0.85,0.6148235294117647,0.711864406779661,8.953778885808221,False,True,52.26,WIN
AMGN,2024-12-03,bull_put,280.0,277.5,1.3626,1.69,0.8062721893491125,0.3311258278145696,3.15728984772579,False,False,-113.74,LOSS
HD,2024-12-03,bull_put,430.0,427.5,1.1903,1.2,0.9919166666666667,0.6420079260237781,1.0913265693267644,False,True,119.02999999999999,WIN
MSFT,2024-12-03,bull_put,432.5,430.0,1.2187,1.215,1.0030452674897117,0.0555555555555556,1.084376777168306,False,False,121.86999999999999,WIN
MS,2024-12-03,bull_put,131.0,130.0,0.5117,0.595,0.8600000000000001,0.19230769230769232,1.0437928233712197,False,False,-48.83,LOSS
FCX,2024-12-03,bull_put,44.0,43.5,0.2442,0.405,0.6029629629629629,0.3225806451612903,0.31233693092643977,False,False,-25.580000000000002,LOSS
QQQ,2024-12-04,bull_put,524.0,523.0,0.5352,0.49,1.0922448979591837,0.021660649819494445,0.5629831970621144,False,False,53.52,WIN
SPY,2024-12-04,bull_put,608.0,607.0,0.5026,0.45,1.116888888888889,0.009708737864077681,0.5901144606368456,False,False,15.629999999997274,PARTIAL
TXN,2024-12-04,bull_put,197.5,195.0,1.1749,1.14,1.0306140350877195,0.1441441441441441,1.0456785640937396,False,False,-132.51,LOSS
MA,2024-12-04,bull_put,522.5,520.0,1.3072,1.84,0.7104347826086955,0.5222929936305734,1.5596347977902854,False,True,130.72,WIN
EOG,2024-12-04,bull_put,130.0,129.0,0.4999,0.475,1.052421052631579,0.11320754716981125,3.237287860673818,False,False,-50.01,LOSS
GILD,2024-12-04,bull_put,92.0,91.0,0.5632,0.555,1.0147747747747748,0.3350253807106599,95.4761591324081,False,False,56.32,WIN
TMO,2024-12-05,bull_put,522.5,520.0,1.4679,1.4,1.0485,1.0495049504950498,1.3913408271591077,False,True,146.79,WIN
SPY,2024-12-05,bull_put,607.0,606.0,0.4968,0.455,1.0918681318681318,0.01169590643274855,1.2079982746028068,False,False,49.68,WIN
QQQ,2024-12-05,bull_put,522.0,521.0,0.477,0.425,1.1223529411764706,0.01574803149606301,0.6149087086207807,False,False,47.699999999999996,WIN
IWM,2024-12-05,bull_put,239.0,238.0,0.5751,0.53,1.0850943396226413,0.01445783132530111,-0.01770894236928822,False,False,25.255000000000337,PARTIAL
VRTX,2024-12-05,bull_put,462.5,460.0,1.3368,1.6,0.8354999999999999,0.5272727272727273,-0.024541988738230415,False,True,46.84000000000113,PARTIAL
COST,2024-12-05,bull_put,982.5,980.0,1.1379,1.085,1.0487557603686635,0.30588235294117655,-0.08277243657182146,False,False,113.78999999999999,WIN
FCX,2024-12-09,bull_put,44.0,43.5,0.2726,0.295,0.9240677966101696,0.14583333333333334,1.7701021894772024,False,False,-22.74,LOSS
MCD,2024-12-09,bull_put,302.5,300.0,1.2772,1.135,1.1252863436123346,0.1392190152801357,6.427455190217967,False,False,-122.28000000000002,LOSS
UPS,2024-12-09,bull_put,129.0,128.0,0.5056,0.49,1.0318367346938777,0.3369175627240143,7.343948266436295,False,False,13.279999999999548,PARTIAL
INTC,2024-12-09,bull_put,21.0,20.5,0.2592,0.245,1.0579591836734694,0.08849557522123883,15.027651090981648,True,False,-24.08,LOSS
GE,2024-12-09,bull_put,172.5,170.0,1.2819,1.32,0.9711363636363636,0.25694444444444453,19.688371189183894,False,False,-121.81,LOSS
T,2024-12-09,bull_put,23.5,23.0,0.2521,0.21,1.2004761904761905,0.19354838709677416,199.16530440931663,False,False,25.21,WIN
HON,2024-12-10,bull_put,230.0,227.5,1.3293,0.5,2.6586,0.8,22.466562219085475,False,True,-105.06999999999955,PARTIAL
QCOM,2024-12-10,bull_put,157.5,155.0,1.2319,1.24,0.9934677419354839,0.07434944237918223,15.803620497324204,False,False,123.19,WIN
GE,2024-12-10,bull_put,172.5,170.0,1.2646,1.57,0.8054777070063693,0.42314647377938513,14.01953699828025,False,False,-123.54,LOSS
BA,2024-12-10,bull_put,165.0,162.5,1.2049,1.22,0.9876229508196722,0.23062381852551997,11.434701857352794,False,False,120.49000000000001,WIN
VZ,2024-12-10,bull_put,42.5,42.0,0.2446,0.1,2.446,1.3333333333333335,3.9750030621960906,False,True,1.2300000000000575,PARTIAL
ACN,2024-12-10,bull_put,365.0,362.5,1.408,1.075,1.309767441860465,0.16867469879518074,1.845713437750834,False,True,-109.2,LOSS
SPY,2024-12-11,bull_put,608.0,607.0,0.5366,0.485,1.1063917525773195,0.01111111111111112,2.373266549347745,False,False,-46.339999999999996,LOSS
PM,2024-12-11,bull_put,127.0,126.0,0.477,0.65,0.7338461538461538,0.6153846153846153,3.131863219920755,False,True,4.850000000000226,PARTIAL
DE,2024-12-11,bull_put,450.0,447.5,1.4593,1.295,1.126872586872587,0.32679738562091504,2.2200698838880757,False,False,-104.07,LOSS
HON,2024-12-11,bull_put,230.0,227.5,1.158,1.2,0.965,0.19512195121951217,14.32265833868993,False,False,-122.19999999999955,PARTIAL
CL,2024-12-11,bull_put,93.0,92.0,0.4652,0.425,1.0945882352941176,0.2666666666666666,25.41993718831961,False,False,46.52,WIN
MSFT,2024-12-11,bull_put,450.0,447.5,1.2027,1.18,1.0192372881355933,0.052980132450331174,3.4170896238880664,False,False,-129.73,LOSS
NVDA,2024-12-12,bull_put,138.0,137.0,0.5038,0.49,1.0281632653061226,0.053731343283582145,0.9455486360862548,True,False,-49.62,LOSS
QQQ,2024-12-12,bull_put,527.0,526.0,0.5319,0.505,1.0532673267326733,0.01793721973094172,0.46063068395332046,False,False,53.190000000000005,WIN
NFLX,2024-12-12,bull_put,927.5,925.0,1.3284,1.55,0.8570322580645161,0.17187500000000008,-0.011516757632448065,False,False,-117.16,LOSS
REGN,2024-12-12,bull_put,742.5,740.0,1.1578,1.825,0.6344109589041096,0.8571428571428571,-0.03309133320116118,False,True,-134.22,LOSS
CAT,2024-12-12,bull_put,382.5,380.0,1.3404,1.375,0.9748363636363636,0.1666666666666667,-0.03650762759946529,False,False,-64.9600000000009,PARTIAL
TSLA,2024-12-12,bull_put,420.0,417.5,1.3109,1.35,0.9710370370370369,0.07228915662650606,-0.06710793076478444,False,False,131.09,WIN
PM,2024-12-16,bull_put,126.0,125.0,0.4777,0.425,1.124,0.127659574468085,0.9597631516141331,False,False,-52.23,LOSS
AMGN,2024-12-16,bull_put,267.5,265.0,1.2465,0.81,1.5388888888888888,0.34636871508379896,1.0855548539332804,False,True,-125.35000000000001,LOSS
NEE,2024-12-16,bull_put,73.0,72.5,0.2503,0.25,1.0012,0.22950819672131142,1.4183640631997176,False,False,-24.97,LOSS
ADI,2024-12-16,bull_put,217.5,215.0,1.284,1.775,0.7233802816901409,0.3132530120481927,2.904237629490882,False,False,-121.6,LOSS
INTC,2024-12-16,bull_put,21.0,20.5,0.2516,0.26,0.9676923076923076,0.06153846153846159,5.7881303659141885,True,False,-24.84,LOSS
GOOGL,2024-12-16,bull_put,197.5,195.0,1.2299,1.265,0.9722529644268776,0.07751937984496124,7.580478310853814,False,False,-127.01,LOSS
NEE,2024-12-17,bull_put,72.5,72.0,0.2616,0.275,0.9512727272727272,0.26666666666666666,4.7612859598231445,False,False,-23.84,LOSS
CL,2024-12-17,bull_put,94.0,93.0,0.523,-0.225,-2.3244444444444445,0.8800000000000001,1.6164765262094687,False,True,-47.699999999999996,LOSS
ADI,2024-12-17,bull_put,215.0,212.5,1.2655,1.2,1.0545833333333334,0.08955223880597009,0.9716501201800967,False,False,-123.44999999999999,LOSS
NVDA,2024-12-17,bull_put,131.0,130.0,0.5097,0.515,0.9897087378640778,0.028070175438596516,0.5521535672061084,True,False,50.970000000000006,WIN
AMGN,2024-12-17,bull_put,267.5,265.0,1.3227,1.05,1.2597142857142856,0.408660351826793,0.430230755163081,False,True,-117.73,LOSS
EOG,2024-12-17,bull_put,124.0,123.0,0.5756,0.525,1.0963809523809522,0.1142857142857144,0.42555992549926847,False,False,-42.44,LOSS
GILD,2024-12-18,bull_put,91.0,90.0,0.4695,0.4,1.1737499999999998,0.4271844660194174,5.004943206467198,False,False,46.949999999999996,WIN
VZ,2024-12-18,bull_put,40.5,40.0,0.2965,0.365,0.8123287671232876,1.9024390243902438,47.31852441381617,False,True,-20.349999999999998,LOSS
PNC,2024-12-18,bull_put,192.5,190.0,1.1367,1.55,0.7333548387096774,0.35555555555555546,2.5051941182381445,False,False,113.67,WIN
HON,2024-12-18,bull_put,227.5,225.0,1.345,0.975,1.3794871794871795,0.7252747252747254,162.5905817364747,False,True,134.5,WIN
WMT,2024-12-18,bull_put,94.0,93.0,0.5014,0.455,1.1019780219780217,0.10638297872340424,240.48413805547702,True,False,-49.86,LOSS
INTC,2024-12-18,bull_put,19.5,19.0,0.2598,0.26,0.9992307692307691,0.1855670103092784,63.531478482021015,True,False,25.979999999999997,WIN
AMGN,2024-12-19,bull_put,262.5,260.0,1.337,2.255,0.5929046563192905,0.7568922305764411,1.5158587476656684,False,True,133.7,WIN
UPS,2024-12-19,bull_put,123.0,122.0,0.4893,0.495,0.9884848484848485,0.12903225806451613,0.868561174262871,False,False,48.93,WIN
UNH,2024-12-19,bull_put,490.0,487.5,1.2101,1.31,0.923740458015267,0.29383886255924163,0.7855517775050088,False,False,121.00999999999999,WIN
AVGO,2024-12-19,bull_put,220.0,217.5,1.2566,0.97,1.2954639175257732,0.21917808219178078,0.28653361060488974,True,True,125.66,WIN
NVDA,2024-12-19,bull_put,131.0,130.0,0.4562,0.46,0.9917391304347826,0.022346368715083817,0.2431399611579378,True,False,45.62,WIN
CRM,2024-12-19,bull_put,337.5,335.0,1.2233,1.225,0.9986122448979592,0.19867549668874182,0.13957697405437913,False,False,122.33000000000001,WIN
ACN,2024-12-23,bull_put,360.0,357.5,1.2278,1.175,1.044936170212766,0.18181818181818185,0.05079955080275645,False,False,-127.22,LOSS
AMGN,2024-12-23,bull_put,265.0,262.5,1.1951,1.165,1.0258369098712445,0.275711159737418,0.08919165284277049,False,False,-115.49000000000227,PARTIAL
SPY,2024-12-23,bull_put,596.0,595.0,0.5167,0.44,1.1743181818181818,0.01111111111111112,-0.014647977225326668,False,False,-47.33000000000091,PARTIAL
NVDA,2024-12-23,bull_put,140.0,139.0,0.467,0.485,0.9628865979381445,0.027397260273972622,0.7323691178208992,True,False,-53.300000000000004,LOSS
CSX,2024-12-23,bull_put,32.5,32.0,0.3983,0.225,1.7702222222222221,0.4000000000000001,651.93446682634,False,True,17.915000000000042,PARTIAL
CAT,2024-12-23,bull_put,367.5,365.0,1.3807,1.63,0.8470552147239264,0.26285714285714296,0.16470124214599055,False,False,-111.92999999999999,LOSS
NVDA,2024-12-24,bull_put,141.0,140.0,0.5139,0.48,1.0706250000000002,0.062322946175637446,3.7918092027518844,True,False,-48.61,LOSS
QCOM,2024-12-24,bull_put,160.0,157.5,1.1324,1.045,1.0836363636363637,0.1829268292682927,4.901764952779725,False,False,-136.76,LOSS
AVGO,2024-12-24,bull_put,240.0,237.5,1.1753,1.045,1.1246889952153112,0.04724409448818895,3.1699312692950166,True,False,117.53,WIN
HD,2024-12-24,bull_put,397.5,395.0,1.4646,1.54,0.9510389610389609,0.6984126984126985,47.359542848494996,False,True,-103.54,LOSS
USB,2024-12-24,bull_put,49.0,48.5,0.2681,0.23,1.1656521739130434,0.42105263157894746,75.81279796915673,False,False,-23.189999999999998,LOSS
BA,2024-12-24,bull_put,180.0,177.5,1.1554,1.13,1.0224778761061948,0.19323671497584535,15.626718133488199,False,False,115.53999999999999,WIN
QQQ,2024-12-26,bull_put,530.0,529.0,0.5163,0.49,1.0536734693877552,0.01960784313725492,0.9405562983307421,False,False,-48.370000000000005,LOSS
SPY,2024-12-26,bull_put,602.0,601.0,0.5498,0.505,1.0887128712871286,0.01719197707736391,0.8628322054545081,False,False,-45.019999999999996,LOSS
TSLA,2024-12-26,bull_put,457.5,455.0,1.4348,1.575,0.910984126984127,0.03115264797507788,-0.032078262376131296,False,False,-106.52,LOSS
NFLX,2024-12-26,bull_put,925.0,922.5,1.2364,0.95,1.3014736842105263,0.08530805687203795,-0.04313685504851666,False,True,-126.36,LOSS
GS,2024-12-26,bull_put,582.5,580.0,1.2796,1.155,1.107878787878788,0.28187919463087246,-0.35212338767912504,False,False,-122.03999999999999,LOSS
IWM,2024-12-26,bull_put,226.0,225.0,0.4551,0.47,0.9682978723404256,0.02843601895734599,-0.6438475450134759,False,False,-54.49,LOSS
IWM,2024-12-30,bull_put,221.0,220.0,0.5161,0.485,1.0641237113402062,0.027272727272727296,0.007411736340852369,False,False,51.61,WIN
UNH,2024-12-30,bull_put,510.0,507.5,1.2858,1.5,0.8572000000000001,0.3333333333333333,0.006199076445898305,False,False,128.58,WIN
QQQ,2024-12-30,bull_put,517.0,516.0,0.5834,0.52,1.121923076923077,0.013346043851286994,0.05156513052751934,False,False,58.34,WIN
AVGO,2024-12-30,bull_put,237.5,235.0,1.375,1.375,1.0,0.08530805687203795,0.2820755093519947,True,False,-112.5,LOSS
NVDA,2024-12-30,bull_put,138.0,137.0,0.4957,0.485,1.022061855670103,0.022988505747126454,0.5702148877726873,True,False,49.57,WIN
UPS,2024-12-30,bull_put,126.0,125.0,0.4913,0.5,0.9826,0.17921146953405018,1.0657207044877324,False,False,-50.870000000000005,LOSS
EOG,2025-01-02,bull_put,125.0,124.0,0.6309,2.125,0.2968941176470588,1.4059405940594059,172.87739086693372,False,True,63.09,WIN
USB,2025-01-02,bull_put,48.0,47.5,0.2631,0.17,1.5476470588235294,0.7301587301587301,136.93046918619078,False,True,26.31,WIN
V,2025-01-02,bull_put,315.0,312.5,1.1334,1.065,1.064225352112676,0.29900332225913623,73.3934003809759,False,False,52.17000000000125,PARTIAL
AVGO,2025-01-02,bull_put,232.5,230.0,1.1572,0.975,1.1868717948717948,0.09836065573770501,10.587869185342035,True,False,115.72,WIN
PNC,2025-01-02,bull_put,192.5,190.0,1.2819,2.25,0.5697333333333333,1.225806451612903,10.357400513255595,False,True,128.19,WIN
UNH,2025-01-02,bull_put,505.0,502.5,1.1804,1.705,0.6923167155425219,0.5641025641025641,7.612224353513973,False,True,118.03999999999999,WIN
CAT,2025-01-06,bull_put,365.0,362.5,1.2911,1.115,1.1579372197309417,0.1910828025477707,0.856560694199901,False,False,-120.89000000000001,LOSS
MSFT,2025-01-06,bull_put,430.0,427.5,1.3055,1.375,0.9494545454545456,0.19689119170984462,1.0872145323360751,False,False,-119.44999999999999,LOSS
AVGO,2025-01-06,bull_put,237.5,235.0,1.2669,1.275,0.9936470588235294,0.06185567010309275,1.2215794387082268,True,False,-123.31,LOSS
GOOGL,2025-01-06,bull_put,197.5,195.0,1.1574,1.165,0.9934763948497853,0.09596928982725528,2.1218726509797103,False,False,-134.26,LOSS
ACN,2025-01-06,bull_put,352.5,350.0,1.2519,2.35,0.5327234042553192,0.5542168674698794,2.223417395988319,False,True,-124.81,LOSS
AMGN,2025-01-06,bull_put,260.0,257.5,1.3102,1.37,0.9563503649635036,0.2660098522167488,1.833758302394685,False,False,131.02,WIN
GE,2025-01-07,bull_put,172.5,170.0,1.1322,0.92,1.2306521739130436,0.1310541310541312,29.89266696009786,False,False,16.109999999999893,PARTIAL
ACN,2025-01-07,bull_put,357.5,355.0,1.3401,1.35,0.9926666666666667,0.25185185185185177,13.156490375814515,False,False,-115.99,LOSS
CVX,2025-01-07,bull_put,150.0,149.0,0.4872,0.53,0.9192452830188679,0.1087866108786612,3.3503842482888144,False,False,48.72,WIN
UNH,2025-01-07,bull_put,515.0,512.5,1.2557,1.73,0.7258381502890173,0.3410138248847926,2.0926241308246407,False,False,125.57000000000001,WIN
VRTX,2025-01-07,bull_put,410.0,407.5,1.2719,2.45,0.5191428571428571,0.7387387387387387,0.8632521981318595,False,True,41.59500000000011,PARTIAL
AVGO,2025-01-07,bull_put,230.0,227.5,1.276,1.16,1.1,0.11180124223602488,0.6333626405420065,True,False,-122.39999999999999,LOSS
AVGO,2025-01-08,bull_put,230.0,227.5,1.1541,1.255,0.919601593625498,0.11805555555555551,0.8654446159622601,True,False,-134.59,LOSS
NOW,2025-01-08,bull_put,1052.5,1050.0,1.3292,-1.15,-1.1558260869565218,0.49723756906077354,0.07482622840522617,False,True,-117.08000000000001,LOSS
NVDA,2025-01-08,bull_put,141.0,140.0,0.5304,0.52,1.02,0.028708133971291894,1.1202942090077224,True,False,-46.96,LOSS
AMGN,2025-01-08,bull_put,265.0,262.5,1.1291,1.155,0.9775757575757575,0.18092909535452317,1.3055814442757145,False,False,-137.09,LOSS
LOW,2025-01-08,bull_put,247.5,245.0,1.1712,0.995,1.1770854271356783,0.31034482758620685,3.128599753819803,False,False,117.12,WIN
BMY,2025-01-08,bull_put,57.0,56.0,0.4585,0.385,1.190909090909091,1.0091743119266054,4.949790279967805,False,True,-54.15,LOSS
WMT,2025-01-13,bull_put,92.0,91.0,0.4857,0.47,1.0334042553191491,0.07142857142857129,124.61671302526014,True,False,21.284999999999886,PARTIAL
GE,2025-01-13,bull_put,172.5,170.0,1.181,1.12,1.0544642857142856,0.05009633911368029,3.9738646553035673,False,False,118.10000000000001,WIN
V,2025-01-13,bull_put,307.5,305.0,1.1876,1.22,0.9734426229508197,0.07482993197278903,2.4203557723668485,False,False,118.76,WIN
HON,2025-01-13,bull_put,220.0,217.5,1.2077,1.2,1.0064166666666667,0.20183486238532103,2.279558309853744,False,False,120.77,WIN
BA,2025-01-13,bull_put,172.5,170.0,1.3832,1.31,1.0558778625954197,0.05128205128205133,1.8948209939734388,False,False,-2.6799999999996604,PARTIAL
NEE,2025-01-13,bull_put,67.5,67.0,0.3076,0.15,2.050666666666667,0.23008849557522126,1.7923695603140868,False,True,30.759999999999998,WIN
MA,2025-01-14,bull_put,510.0,507.5,1.2092,1.22,0.9911475409836066,0.2222222222222222,0.40496575004615276,False,False,120.92,WIN
NVDA,2025-01-14,bull_put,133.0,132.0,0.5406,0.545,0.991926605504587,0.048780487804878016,0.50209385002817,True,False,54.059999999999995,WIN
MSFT,2025-01-14,bull_put,417.5,415.0,1.3017,1.225,1.0626122448979591,0.052910052910052914,1.569582550647128,False,False,130.17000000000002,WIN
VRTX,2025-01-14,bull_put,412.5,410.0,1.3658,-0.95,-1.4376842105263157,0.7692307692307693,2.731228508750895,False,True,136.57999999999998,WIN
CL,2025-01-14,bull_put,88.0,87.5,0.2922,-0.325,-0.8990769230769231,0.9565217391304349,6.668361998817554,False,True,29.220000000000002,WIN
GE,2025-01-14,bull_put,177.5,175.0,1.1871,0.925,1.2833513513513513,0.1591397849462364,32.53267341183261,False,True,118.71000000000001,WIN
QCOM,2025-01-15,bull_put,165.0,162.5,1.1443,1.08,1.0595370370370372,0.14252873563218393,8.495673651590561,False,False,35.21500000000012,PARTIAL
PEP,2025-01-15,bull_put,145.0,144.0,0.4759,0.59,0.8066101694915254,0.41095890410958913,7.128924872071439,False,False,47.589999999999996,WIN
AMGN,2025-01-15,bull_put,270.0,267.5,1.2005,0.92,1.3048913043478259,0.2136752136752137,5.211114120276671,False,True,120.04999999999998,WIN
AVGO,2025-01-15,bull_put,230.0,227.5,1.3644,1.79,0.7622346368715084,0.2513661202185793,2.9775104292430767,True,False,136.44,WIN
MSFT,2025-01-15,bull_put,427.5,425.0,1.2054,1.17,1.0302564102564102,0.1474358974358974,2.6677666720372737,False,False,120.54,WIN
NVDA,2025-01-15,bull_put,137.0,136.0,0.5117,0.52,0.9840384615384616,0.018181818181818195,0.6695409613790733,True,False,51.17,WIN
TSLA,2025-01-16,bull_put,415.0,412.5,1.276,1.25,1.0208,0.04048582995951417,-0.048382594520339994,False,False,127.60000000000001,WIN
QQQ,2025-01-16,bull_put,514.0,513.0,0.5485,0.51,1.0754901960784313,0.010221465076661072,0.06904017437899773,False,False,54.85,WIN
IWM,2025-01-16,bull_put,225.0,224.0,0.4948,0.475,1.0416842105263158,0.031007751937984523,-0.39724220768487356,False,False,49.480000000000004,WIN
NVDA,2025-01-16,bull_put,134.0,133.0,0.4878,0.51,0.9564705882352941,0.05090909090909079,3.5053800484514666,True,False,48.78,WIN
SO,2025-01-16,bull_put,84.0,83.0,0.5005,0.175,2.86,1.2727272727272725,352.3299420912732,False,True,20.025000000000283,PARTIAL
SPY,2025-01-16,bull_put,592.0,591.0,0.4816,0.455,1.0584615384615383,0.004705882352941076,0.10980614309496374,False,False,48.16,WIN
INTC,2025-01-21,bull_put,22.0,21.5,0.2621,0.265,0.9890566037735848,0.04800000000000004,21.294991879729135,True,False,-23.79,LOSS
UPS,2025-01-21,bull_put,133.0,132.0,0.4702,0.16,2.93875,0.15929203539823006,13.62920334213025,False,True,47.02,WIN
XOM,2025-01-21,bull_put,112.0,111.0,0.5486,0.5,1.0972,0.09174311926605494,11.965564827950507,False,False,-45.14,LOSS
DHR,2025-01-21,bull_put,245.0,242.5,1.2364,1.05,1.1775238095238094,0.19354838709677408,7.983821449162631,False,False,123.64,WIN
RTX,2025-01-21,bull_put,126.0,125.0,0.5174,0.475,1.089263157894737,0.37154150197628455,5.498068571348807,False,False,-17.259999999999774,PARTIAL
MSFT,2025-01-21,bull_put,430.0,427.5,1.2449,1.215,1.0246090534979422,0.07894736842105271,2.6739198997925393,False,False,124.49,WIN
ACN,2025-01-22,bull_put,360.0,357.5,1.1675,0.925,1.2621621621621621,0.4000000000000001,1.4488528217158818,False,True,116.75,WIN
AVGO,2025-01-22,bull_put,242.5,240.0,1.291,1.32,0.9780303030303029,0.05333333333333338,1.8810561671715746,True,False,129.1,WIN
NVDA,2025-01-22,bull_put,148.0,147.0,0.5678,0.55,1.0323636363636362,0.01793721973094172,3.27174145726954,True,False,-43.22,LOSS
ORCL,2025-01-22,bull_put,185.0,182.5,1.2632,1.245,1.0146184738955824,0.09929078014184399,3.474257209610259,False,False,-13.680000000000557,PARTIAL
AAPL,2025-01-22,bull_put,225.0,222.5,1.2561,1.25,1.00488,0.02783300198807151,5.899811275493996,False,False,-96.38999999999989,PARTIAL
TJX,2025-01-22,bull_put,123.0,122.0,0.5501,0.305,1.8036065573770492,0.3,15.885963470341348,False,True,14.005000000000202,PARTIAL
MA,2025-01-23,bull_put,535.0,532.5,1.1781,1.195,0.9858577405857739,0.4449438202247192,17.10945405473093,False,False,-33.189999999999095,PARTIAL
MSFT,2025-01-23,bull_put,447.5,445.0,1.1482,1.065,1.0781220657276998,0.08181818181818189,1.014235795495207,False,False,-135.17999999999998,LOSS
QQQ,2025-01-23,bull_put,533.0,532.5,0.2485,0.24,1.0354166666666667,0.021276595744680753,0.006012663775341478,False,False,-25.15,LOSS
TSLA,2025-01-23,bull_put,415.0,412.5,1.4091,1.4,1.0065000000000002,0.022988505747126353,-0.05366111089118021,False,False,-109.09,LOSS
GS,2025-01-23,bull_put,640.0,637.5,1.198,1.235,0.9700404858299594,0.16793893129770987,-0.19009577012247506,False,False,-130.20000000000002,LOSS
MMM,2025-01-23,bull_put,150.0,149.0,0.4659,0.425,1.096235294117647,0.2787878787878788,-2.0870431610455196,False,False,-10.40999999999932,PARTIAL
TJX,2025-01-27,bull_put,125.0,124.0,0.4608,0.52,0.8861538461538461,0.35748792270531404,0.48075557604098096,False,False,12.540000000000312,PARTIAL
UNH,2025-01-27,bull_put,545.0,542.5,1.3087,1.15,1.1380000000000001,0.14400000000000004,0.5248417715960777,False,False,-119.13,LOSS
QCOM,2025-01-27,bull_put,172.5,170.0,1.2174,1.335,0.9119101123595507,0.06211180124223613,0.3200689215573914,False,False,121.74000000000001,WIN
SCHW,2025-01-27,bull_put,83.0,82.0,0.5361,0.48,1.116875,0.2711864406779661,6.048802305364192,False,False,12.804999999999945,PARTIAL
WMT,2025-01-27,bull_put,98.0,97.0,0.5026,0.46,1.092608695652174,0.10169491525423717,121.01097376273461,True,False,50.260000000000005,WIN
HON,2025-01-27,bull_put,227.5,225.0,1.3816,1.55,0.8913548387096774,0.15384615384615385,0.6989622793890717,False,False,-111.84,LOSS
VZ,2025-01-28,bull_put,40.5,40.0,0.2429,0.2,1.2145,0.09523809523809532,83.83843452324156,False,False,-25.71,LOSS
USB,2025-01-28,bull_put,48.5,48.0,0.2575,0.3,0.8583333333333334,0.11538461538461549,13.452984288698424,False,False,-24.25,LOSS
QCOM,2025-01-28,bull_put,172.5,170.0,1.2124,1.21,1.0019834710743802,0.19435736677115992,3.328732104403825,False,False,121.24,WIN
UNH,2025-01-28,bull_put,545.0,542.5,1.3535,1.025,1.3204878048780488,0.15625,0.6231570287601219,False,True,-114.65,LOSS
NVDA,2025-01-28,bull_put,130.0,129.0,0.5316,0.525,1.0125714285714285,0.03973509933774832,0.3394302870907662,True,False,-46.839999999999996,LOSS
ADI,2025-01-28,bull_put,210.0,207.5,1.1297,1.1,1.027,0.12121212121212119,0.1937225831224481,False,False,112.97,WIN
ORCL,2025-01-29,bull_put,162.5,160.0,1.1742,1.17,1.0035897435897436,0.08955223880597009,0.7400655845602219,False,False,117.41999999999999,WIN
HON,2025-01-29,bull_put,222.5,220.0,1.3879,1.45,0.9571724137931035,0.4806201550387596,2.690171956593106,False,False,138.79,WIN
HD,2025-01-29,bull_put,415.0,412.5,1.2883,1.23,1.0473983739837398,0.13157894736842105,0.5849139298949293,False,False,-121.17,LOSS
QCOM,2025-01-29,bull_put,172.5,170.0,1.2033,1.08,1.1141666666666665,0.1527272727272727,5.522228170259249,False,False,120.33,WIN
GE,2025-01-29,bull_put,200.0,197.5,1.1845,1.19,0.9953781512605043,0.0896860986547086,12.393582789741947,False,False,118.45000000000002,WIN
JPM,2025-01-29,bull_put,267.5,265.0,1.1994,1.115,1.075695067264574,0.06334841628959262,5.378070011103057,False,False,49.97000000000057,PARTIAL
QQQ,2025-01-30,bull_put,524.0,523.0,0.486,0.455,1.0681318681318681,0.01058201058201067,-0.03624044018548046,False,False,-51.4,LOSS
VRTX,2025-01-30,bull_put,440.0,437.5,1.1722,1.2,0.9768333333333333,0.8872180451127818,-0.015703022632496542,False,True,117.21999999999998,WIN
TSLA,2025-01-30,bull_put,402.5,400.0,1.3179,1.4,0.941357142857143,0.06228373702422148,-0.046055346160287065,False,False,131.79000000000002,WIN
PYPL,2025-01-30,bull_put,90.0,89.0,0.4709,0.51,0.9233333333333333,0.16574585635359118,1.7097368534373274,False,False,-52.910000000000004,LOSS
AVGO,2025-01-30,bull_put,217.5,215.0,1.3274,1.33,0.9980451127819547,0.07792207792207788,2.9682913935443795,True,False,132.73999999999998,WIN
NVDA,2025-01-30,bull_put,125.0,124.0,0.4767,0.405,1.1770370370370369,0.14758269720101772,0.3731412304569266,True,False,-52.33,LOSS
WMT,2025-02-03,bull_put,100.0,99.0,0.4927,0.475,1.0372631578947369,0.10612244897959193,75.93314288721571,True,False,49.27,WIN
INTC,2025-02-03,bull_put,19.5,19.0,0.2438,0.235,1.0374468085106383,0.03773584905660381,9.133875078591508,True,False,-15.619999999999859,PARTIAL
USB,2025-02-03,bull_put,47.0,46.5,0.2836,0.225,1.2604444444444445,0.12307692307692303,8.652572830055254,False,True,28.360000000000003,WIN
V,2025-02-03,bull_put,347.5,345.0,1.3592,0.8,1.6989999999999998,0.42519685039370086,1.6694969806316813,False,True,135.92,WIN
BA,2025-02-03,bull_put,177.5,175.0,1.3328,1.24,1.0748387096774195,0.04255319148936167,1.5073109198606767,False,False,133.28,WIN
UPS,2025-02-03,bull_put,112.0,111.0,0.508,0.47,1.0808510638297872,0.09937888198757759,1.2705199054793046,False,False,50.8,WIN
SPY,2025-02-04,bull_put,603.0,602.0,0.5841,0.505,1.1566336633663366,0.029227557411273603,0.2774012892334215,False,False,-41.589999999999996,LOSS
NVDA,2025-02-04,bull_put,120.0,119.0,0.5601,0.55,1.0183636363636364,0.02666666666666657,0.33986590739972383,True,False,56.010000000000005,WIN
UNH,2025-02-04,bull_put,547.5,545.0,1.2737,1.25,1.01896,0.14107883817427394,0.21677225573638428,False,False,-122.63,LOSS
INTC,2025-02-04,bull_put,19.5,19.0,0.2558,0.23,1.1121739130434782,0.15384615384615388,43.677408450950836,True,False,-14.419999999999856,PARTIAL
WMT,2025-02-04,bull_put,101.0,100.0,0.4666,0.42,1.1109523809523811,0.08000000000000007,143.05727587843512,True,False,46.660000000000004,WIN
BA,2025-02-04,bull_put,177.5,175.0,1.2506,1.265,0.9886166007905138,0.11072664359861588,1.3301326770658706,False,False,125.05999999999999,WIN
MRK,2025-02-05,bull_put,90.0,89.0,0.5008,0.425,1.1783529411764706,0.6067415730337078,40.39527368219563,False,True,-49.919999999999995,LOSS
MS,2025-02-05,bull_put,139.0,138.0,0.4984,0.4,1.246,0.10426540284360197,5.3936977443413054,False,False,49.84,WIN
AVGO,2025-02-05,bull_put,232.5,230.0,1.1676,0.47,2.4842553191489363,0.46105919003115264,3.761512364857618,True,True,-133.24,LOSS
TMO,2025-02-05,bull_put,582.5,580.0,1.2357,0.425,2.907529411764706,0.7301587301587301,2.231875024222472,False,True,-126.42999999999999,LOSS
ACN,2025-02-05,bull_put,400.0,397.5,1.4572,1.175,1.2401702127659575,0.5477707006369427,2.1766475382361046,False,True,-104.28,LOSS
GM,2025-02-05,bull_put,48.0,47.5,0.2545,0.255,0.9980392156862745,0.10389610389610399,1.7992713750727558,False,False,-24.55,LOSS
NVDA,2025-02-06,bull_put,129.0,128.0,0.4632,0.455,1.018021978021978,0.018126888217522678,0.5303442312948043,True,False,46.32,WIN
TMO,2025-02-06,bull_put,575.0,572.5,1.5401,2.275,0.676967032967033,0.6890756302521007,0.5949932797310201,False,True,-95.99,LOSS
IWM,2025-02-06,bull_put,229.0,228.0,0.5074,0.455,1.115164835164835,0.02710027100271005,0.7832297897831159,False,False,-49.26,LOSS
SPY,2025-02-06,bull_put,607.0,606.0,0.5897,0.535,1.1022429906542055,0.020989505247376396,1.1176657712791185,False,False,-41.03,LOSS
AVGO,2025-02-06,bull_put,232.5,230.0,1.2774,1.065,1.19943661971831,0.173228346456693,7.302293118714396,True,False,-122.25999999999999,LOSS
PYPL,2025-02-06,bull_put,79.0,78.0,0.4941,0.485,1.0187628865979381,0.09195402298850583,21.479616008101203,False,False,-50.59,LOSS
QCOM,2025-02-10,bull_put,172.5,170.0,1.2897,1.13,1.1413274336283188,0.0479452054794521,11.205720164907856,False,False,50.984999999999495,PARTIAL
INTC,2025-02-10,bull_put,20.0,19.5,0.2594,0.255,1.0172549019607844,0.03636363636363639,9.445072659632823,True,False,25.94,WIN
GOOGL,2025-02-10,bull_put,187.5,185.0,1.1885,1.18,1.0072033898305084,0.03636363636363624,0.6246349600582923,False,False,-108.15000000000103,PARTIAL
AVGO,2025-02-10,bull_put,237.5,235.0,1.3602,1.325,1.0265660377358492,0.03478260869565205,0.5741614507673272,True,False,-113.97999999999999,LOSS
NVDA,2025-02-10,bull_put,135.0,134.0,0.5498,0.55,0.9996363636363634,0.02702702702702705,0.3918941566824719,True,False,54.98,WIN
UNH,2025-02-10,bull_put,535.0,532.5,1.3111,1.8,0.7283888888888889,0.14925373134328357,0.2575050565705195,False,False,-118.89,LOSS
UNH,2025-02-11,bull_put,535.0,532.5,1.2174,1.1,1.1067272727272728,0.0920502092050209,0.39022828155435396,False,False,-128.26,LOSS
VRTX,2025-02-11,bull_put,457.5,455.0,1.4527,1.775,0.8184225352112677,0.2857142857142858,0.3987350421850093,False,False,145.27,WIN
ADI,2025-02-11,bull_put,205.0,202.5,1.3078,1.225,1.067591836734694,0.09230769230769226,1.2752158130181581,False,False,130.78,WIN
DHR,2025-02-11,bull_put,202.5,200.0,1.217,1.525,0.798032786885246,0.4347826086956521,20.736064722306693,False,False,121.7,WIN
UPS,2025-02-11,bull_put,115.0,114.0,0.5102,0.565,0.9030088495575221,0.10619469026548663,22.926199476475738,False,False,51.019999999999996,WIN
WMT,2025-02-11,bull_put,103.0,102.0,0.488,0.485,1.0061855670103093,0.08144796380090485,97.00840184249505,True,False,48.8,WIN
WMT,2025-02-12,bull_put,104.0,103.0,0.4641,0.485,0.9569072164948454,0.2022471910112359,153.0873623474905,True,False,46.410000000000004,WIN
MRK,2025-02-12,bull_put,86.0,85.0,0.4598,0.425,1.0818823529411765,0.37593984962406013,18.91246013317132,False,False,-54.02,LOSS
ADP,2025-02-12,bull_put,307.5,305.0,1.308,1.075,1.2167441860465118,0.2222222222222222,16.34504542710296,False,False,130.8,WIN
MA,2025-02-12,bull_put,565.0,562.5,1.2326,0.895,1.3772067039106144,0.16727272727272727,4.234413159667824,False,True,49.62999999999954,PARTIAL
MSFT,2025-02-12,bull_put,410.0,407.5,1.2027,1.24,0.9699193548387097,0.07920792079207913,2.392681318855813,False,False,-36.72999999999931,PARTIAL
ACN,2025-02-12,bull_put,390.0,387.5,1.2617,0.575,2.1942608695652175,0.18181818181818185,0.6244848424027206,False,True,-73.83,PARTIAL
REGN,2025-02-13,bull_put,675.0,672.5,1.2291,0.775,1.5859354838709678,1.4042553191489362,0.2872359667674054,False,True,-17.08999999999772,PARTIAL
QQQ,2025-02-13,bull_put,537.0,536.0,0.578,0.56,1.032142857142857,0.01828153564899445,0.38123392895411273,False,False,57.8,WIN
SPY,2025-02-13,bull_put,610.0,609.0,0.4922,0.44,1.1186363636363637,0.005797101449275368,1.5684536843146537,False,False,9.610000000002275,PARTIAL
UPS,2025-02-13,bull_put,116.0,115.0,0.4591,0.34,1.3502941176470586,0.2518518518518519,3.406773364714652,False,True,45.910000000000004,WIN
NVDA,2025-02-13,bull_put,136.0,135.0,0.5284,0.505,1.0463366336633664,0.018018018018018035,3.9257083553963557,True,False,52.839999999999996,WIN
USB,2025-02-13,bull_put,47.5,47.0,0.2459,0.29,0.8479310344827587,0.7341772151898734,8.698619694848844,False,True,24.59,WIN
DHR,2025-02-18,bull_put,205.0,202.5,1.161,0.85,1.3658823529411765,0.7462686567164178,25.70449552050703,False,True,116.10000000000001,WIN
GOOGL,2025-02-18,bull_put,185.0,182.5,1.2393,1.215,1.02,0.02012072434607639,8.586253623440445,False,False,-126.07,LOSS
MA,2025-02-18,bull_put,570.0,567.5,1.3593,1.14,1.1923684210526317,0.3311258278145696,3.581901649658496,False,False,-114.07000000000001,LOSS
GM,2025-02-18,bull_put,48.5,48.0,0.2899,0.345,0.8402898550724638,0.26900584795321636,2.5277865790769223,False,False,-21.01,LOSS
INTC,2025-02-18,bull_put,28.0,27.0,0.586,0.605,0.968595041322314,0.04844290657439451,1.9806339066637686,True,False,-41.4,LOSS
HD,2025-02-18,bull_put,405.0,402.5,1.3419,1.355,0.9903321033210333,0.1318681318681318,0.5805823971360478,False,False,-115.80999999999999,LOSS
UNH,2025-02-19,bull_put,512.5,510.0,1.291,1.2,1.0758333333333334,0.2549019607843137,0.8836943216275197,False,False,-120.9,LOSS
INTC,2025-02-19,bull_put,26.0,25.5,0.2895,0.29,0.9982758620689656,0.025974025974025997,1.4817900210111443,True,False,-21.05,LOSS
SPY,2025-02-19,bull_put,614.0,613.0,0.5677,0.54,1.0512962962962962,0.015151515151515164,0.8046837247268948,False,False,-43.230000000000004,LOSS
EOG,2025-02-19,bull_put,135.0,134.0,0.5373,0.475,1.1311578947368421,0.15384615384615383,7.749835831035879,False,False,-46.27,LOSS
MRK,2025-02-19,bull_put,86.0,85.0,0.483,0.445,1.0853932584269663,0.4242424242424242,14.168624079310188,False,False,48.3,WIN
AVGO,2025-02-19,bull_put,230.0,227.5,1.2662,1.235,1.0252631578947367,0.029850746268656747,4.309485996989506,True,False,-123.38,LOSS
TJX,2025-02-20,bull_put,123.0,122.0,0.4799,0.275,1.745090909090909,0.3304347826086958,135.9858271055547,False,True,-52.01,LOSS
MRK,2025-02-20,bull_put,88.0,87.0,0.4808,0.18,2.671111111111111,0.5373134328358209,85.44117565885836,False,True,48.08,WIN
MDT,2025-02-20,bull_put,88.0,87.5,0.2553,1.465,0.17426621160409558,1.6585365853658534,20.610923544968365,False,True,25.53,WIN
EOG,2025-02-20,bull_put,136.0,135.0,0.5077,-0.075,-6.769333333333334,1.3191489361702127,8.85828804686976,False,True,-49.230000000000004,LOSS
EMR,2025-02-20,bull_put,125.0,124.0,0.4799,-0.725,-0.6619310344827586,0.5882352941176471,7.011180429794863,False,True,-52.01,LOSS
AVGO,2025-02-20,bull_put,227.5,225.0,1.1312,1.11,1.019099099099099,0.04405286343612319,1.1939692172430765,True,False,-136.88,LOSS
XOM,2025-02-24,bull_put,112.0,111.0,0.5273,0.505,1.0441584158415842,0.06060606060606066,0.0883484384171712,False,False,-14.270000000000172,PARTIAL
GM,2025-02-24,bull_put,47.0,46.5,0.2768,0.265,1.0445283018867924,0.0710659898477158,0.11265264632949552,False,False,27.68,WIN
AVGO,2025-02-24,bull_put,210.0,207.5,1.3006,1.3,1.0004615384615385,0.038314176245210725,0.11954461451041863,True,False,-119.94,LOSS
VZ,2025-02-24,bull_put,43.5,43.0,0.2364,0.175,1.350857142857143,0.3797468354430379,1.902953050749634,False,True,-16.359999999999857,PARTIAL
USB,2025-02-24,bull_put,46.0,45.5,0.3345,0.48,0.696875,0.653061224489796,8.903292759937056,False,True,33.45,WIN
WMT,2025-02-24,bull_put,94.0,93.0,0.4531,0.435,1.0416091954022988,0.07860262008733612,75.12820652509944,True,False,45.31,WIN
WMT,2025-02-25,bull_put,98.0,97.0,0.4603,0.45,1.0228888888888887,0.06113537117903916,83.89742013891438,True,False,46.03,WIN
QCOM,2025-02-25,bull_put,162.5,160.0,1.2592,1.13,1.114336283185841,0.06349206349206354,2.886551337037174,False,False,-124.07999999999998,LOSS
MRK,2025-02-25,bull_put,92.0,91.0,0.5321,0.38,1.4002631578947369,0.3783783783783784,2.781501896219073,False,True,53.21,WIN
UNH,2025-02-25,bull_put,472.5,470.0,1.3301,2.15,0.6186511627906978,0.28895184135977336,0.28566454351188986,False,False,133.01000000000002,WIN
FCX,2025-02-25,bull_put,37.0,36.5,0.2509,0.235,1.0676595744680852,0.6013986013986014,0.21044229293365016,False,True,8.04499999999983,PARTIAL
TMO,2025-02-25,bull_put,542.5,540.0,1.4413,0.55,2.6205454545454545,0.6470588235294118,0.07939196453834255,False,True,-105.87,LOSS
QQQ,2025-02-26,bull_put,516.0,515.0,0.5006,0.46,1.0882608695652174,0.007722007722007729,-0.0024776229032060877,False,False,-49.94,LOSS
UNH,2025-02-26,bull_put,465.0,462.5,1.2472,0.9,1.3857777777777778,0.25454545454545463,0.41837423913077443,False,True,124.72000000000001,WIN
COST,2025-02-26,bull_put,1035.0,1032.5,1.2758,1.075,1.1867906976744187,0.23622047244094488,-0.011050437765179113,False,False,127.58,WIN
USB,2025-02-26,bull_put,46.0,45.5,0.2725,0.72,0.37847222222222227,1.0531400966183575,7.653605967796549,False,True,27.250000000000004,WIN
FCX,2025-02-26,bull_put,38.0,37.5,0.2931,0.185,1.5843243243243246,0.31034482758620696,33.941529932940476,False,True,-20.69,LOSS
AVGO,2025-02-26,bull_put,215.0,212.5,1.3429,1.225,1.0962448979591837,0.061674008810572625,0.6691682038713369,True,False,-115.71000000000001,LOSS
GE,2025-02-27,bull_put,202.5,200.0,1.1689,1.005,1.163084577114428,0.5066666666666667,5.855336588026064,False,True,116.89,WIN
MRK,2025-02-27,bull_put,91.0,90.0,0.474,0.52,0.9115384615384614,0.4000000000000001,0.9438446208959451,False,False,47.4,WIN
NVDA,2025-02-27,bull_put,121.0,120.0,0.5103,0.43,1.1867441860465116,0.12110091743119268,0.13798792569137613,True,False,51.03,WIN
REGN,2025-02-27,bull_put,705.0,702.5,1.3578,1.2,1.1315,1.183673469387755,0.11388593791656733,False,True,-114.22000000000001,LOSS
UNH,2025-02-27,bull_put,470.0,467.5,1.2602,1.12,1.1251785714285714,0.29885057471264365,0.022828911080516306,False,False,126.02,WIN
QQQ,2025-02-27,bull_put,501.0,500.0,0.4832,0.465,1.0391397849462365,0.013869625520110907,0.006995849086200451,False,False,48.32,WIN
GE,2025-03-03,bull_put,202.5,200.0,1.161,1.175,0.9880851063829788,0.1605839416058395,1.7644487093228625,False,False,-133.9,LOSS
GOOGL,2025-03-03,bull_put,167.5,165.0,1.1461,1.065,1.076150234741784,0.03278688524590167,2.152317569801418,False,False,114.60999999999999,WIN
ABBV,2025-03-03,bull_put,212.5,210.0,1.2498,1.185,1.0546835443037974,0.1838235294117647,1.4795239651273773,False,False,124.98,WIN
UPS,2025-03-03,bull_put,120.0,119.0,0.5151,0.57,0.9036842105263159,0.19130434782608685,4.329560406461462,False,False,51.51,WIN
WMT,2025-03-03,bull_put,98.0,97.0,0.4571,0.445,1.027191011235955,0.06153846153846159,17.06997899850445,True,False,-54.290000000000006,LOSS
SO,2025-03-03,bull_put,91.0,90.0,0.4729,0.35,1.3511428571428572,0.24390243902439016,2.804072018841725,False,True,47.29,WIN
HON,2025-03-04,bear_call,207.5,210.0,1.176,0.875,1.3439999999999999,0.4347826086956521,5.8058297339380776,False,True,-132.4,LOSS
CSCO,2025-03-04,bear_call,63.0,64.0,0.4512,0.48,0.9400000000000001,0.11042944785276071,10.78543749622932,False,False,-48.879999999999775,PARTIAL
MCD,2025-03-04,bear_call,305.0,307.5,1.232,1.165,1.0575107296137338,0.14400000000000004,4.738572048947685,False,False,-126.8,LOSS
NSC,2025-03-04,bear_call,237.5,240.0,1.383,1.55,0.892258064516129,0.3262411347517729,16.775138231531287,False,False,-111.7,LOSS
CL,2025-03-04,bear_call,91.0,92.0,0.5002,0.45,1.1115555555555554,0.5454545454545453,18.699365316060035,False,True,-49.980000000000004,LOSS
CSX,2025-03-04,bull_put,31.5,31.0,0.3137,0.225,1.394222222222222,0.20000000000000007,14.670541599360652,False,True,3.685000000000077,PARTIAL
CL,2025-03-05,bull_put,92.0,91.0,0.476,0.875,0.5439999999999999,0.8679245283018867,30.395315954710746,False,True,47.599999999999994,WIN
MRK,2025-03-05,bear_call,93.0,94.0,0.4786,0.35,1.3674285714285717,0.3953488372093024,19.450059150034953,False,True,-52.14,LOSS
DIS,2025-03-05,bear_call,109.0,110.0,0.4911,0.49,1.0022448979591836,0.09836065573770501,3.753235884257655,False,False,49.11,WIN
AMGN,2025-03-05,bear_call,315.0,317.5,1.4173,1.42,0.9980985915492958,0.20408163265306123,3.1627892697796494,False,False,-108.27,LOSS
CVX,2025-03-05,bear_call,150.0,152.5,1.2146,1.195,1.0164016736401673,0.09164420485175198,2.9471661843895136,False,False,-128.54000000000002,LOSS
INTC,2025-03-05,bull_put,21.0,20.5,0.2433,0.255,0.9541176470588235,0.06153846153846159,1.4933133007420445,True,False,-11.669999999999945,PARTIAL
MSFT,2025-03-06,bull_put,397.5,395.0,1.1279,1.07,1.0541121495327102,0.05633802816901401,0.9476553818283632,False,False,-137.21,LOSS
JPM,2025-03-06,bull_put,247.5,245.0,1.1965,1.15,1.0404347826086957,0.06666666666666672,3.389951719109437,False,False,-130.35000000000002,LOSS
V,2025-03-06,bull_put,345.0,342.5,1.1637,1.11,1.0483783783783782,0.21153846153846156,0.8020020409898242,False,False,116.36999999999999,WIN
ABBV,2025-03-06,bear_call,210.0,212.5,1.1547,1.135,1.0173568281938326,0.32142857142857145,6.854953158809269,False,False,-134.53,LOSS
AMGN,2025-03-06,bear_call,317.5,320.0,1.1507,1.225,0.9393469387755102,0.16768916155419208,6.164011992252109,False,False,-134.93,LOSS
NEE,2025-03-06,bear_call,70.0,71.0,0.469,0.29,1.6172413793103448,0.3917525773195875,124.65619646476803,False,True,-53.1,LOSS
PFE,2025-03-10,bear_call,26.5,27.0,0.2276,0.235,0.9685106382978724,0.10989010989010987,37.9042076982403,False,False,22.759999999999998,WIN
UPS,2025-03-10,bull_put,121.0,120.0,0.4662,0.345,1.351304347826087,0.16216216216216217,3.1706089624010168,False,True,-53.38,LOSS
PG,2025-03-10,bear_call,175.0,177.5,1.3247,1.395,0.949605734767025,0.3973727422003284,0.3926259545470809,False,False,132.47,WIN
CL,2025-03-10,bull_put,98.0,97.0,0.4941,0.7,0.7058571428571428,0.2400000000000001,0.3609440794843471,False,False,-50.59,LOSS
ABBV,2025-03-10,bull_put,217.5,215.0,1.2039,0.855,1.4080701754385965,0.38267148014440416,0.11509689711679734,False,True,-129.61,LOSS
PEP,2025-03-10,bull_put,157.5,155.0,1.239,1.29,0.9604651162790698,0.08912655971479501,0.0909007067695636,False,False,-126.1,LOSS
RTX,2025-03-11,bear_call,128.0,129.0,0.4849,0.425,1.1409411764705883,0.25149700598802394,5.0704998081382096,False,False,-51.51,LOSS
JNJ,2025-03-11,bear_call,165.0,167.5,1.2119,1.175,1.031404255319149,0.07751937984496107,50.61158835441449,False,False,121.19,WIN
SO,2025-03-11,bear_call,90.0,91.0,0.5075,0.425,1.1941176470588235,0.4888888888888888,44.02009554559691,False,False,6.375000000000225,PARTIAL
TJX,2025-03-11,bear_call,116.0,117.0,0.4852,0.425,1.1416470588235295,0.17667844522968199,5.776587090185115,False,False,48.52,WIN
CSCO,2025-03-11,bull_put,61.0,60.0,0.4689,0.44,1.0656818181818182,0.0674157303370787,4.122718728469348,False,False,-3.1100000000000017,PARTIAL
BA,2025-03-11,bull_put,155.0,152.5,1.2437,1.22,1.0194262295081968,0.06802721088435375,3.7915572683067706,False,False,124.37,WIN
AMZN,2025-03-12,bull_put,200.0,197.5,1.1909,1.2,0.9924166666666667,0.04724409448818895,0.31366847325559216,False,False,-85.91000000000113,PARTIAL
BA,2025-03-12,bull_put,160.0,157.5,1.2062,1.24,0.9727419354838709,0.08053691275167793,0.43210670832650533,False,False,120.61999999999999,WIN
INTC,2025-03-12,bull_put,21.0,20.5,0.2698,0.275,0.9810909090909089,0.08130081300813015,0.8452178744727497,True,False,26.979999999999997,WIN
GM,2025-03-12,bull_put,48.0,47.5,0.2523,0.23,1.0969565217391304,0.08450704225352106,6.802753353730889,False,False,25.230000000000004,WIN
DIS,2025-03-12,bull_put,99.0,98.0,0.4522,0.44,1.0277272727272726,0.05084745762711869,4.317686915121754,False,False,4.610000000000028,PARTIAL
AVGO,2025-03-12,bull_put,195.0,192.5,1.1685,0.82,1.4250000000000003,0.21917808219178078,2.2063571945465617,True,True,116.85000000000001,WIN
AVGO,2025-03-13,bull_put,192.5,190.0,1.2067,1.075,1.122511627906977,0.11243611584327089,1.6904694762261083,True,False,120.67000000000002,WIN
CRM,2025-03-13,bull_put,272.5,270.0,1.1988,1.08,1.11,0.13286713286713284,3.241473421936833,False,False,119.88000000000001,WIN
UNH,2025-03-13,bull_put,482.5,480.0,1.2626,0.955,1.3220942408376963,0.2958579881656804,1.4266002944310279,False,True,126.25999999999999,WIN
RTX,2025-03-13,bear_call,129.0,130.0,0.4623,0.495,0.933939393939394,0.2884615384615384,20.092006627640867,False,False,-52.77000000000092,PARTIAL
MDT,2025-03-13,bear_call,92.0,93.0,0.5423,0.45,1.205111111111111,0.29729729729729726,128.0359207527885,False,False,-45.769999999999996,LOSS
PEP,2025-03-13,bear_call,148.0,149.0,0.4872,0.555,0.8778378378378378,0.21487603305785125,6.87463084398366,False,False,-10.280000000000339,PARTIAL
GILD,2025-03-17,bear_call,112.0,113.0,0.4858,0.475,1.0227368421052632,0.09459459459459468,2.4143226635693438,False,False,48.58,WIN
ADP,2025-03-17,bear_call,295.0,297.5,1.4695,1.55,0.9480645161290322,0.6478873239436621,4.25043809435366,False,True,57.47500000000034,PARTIAL
RTX,2025-03-17,bear_call,132.0,133.0,0.4618,0.455,1.014945054945055,0.1068702290076335,4.930567520976063,False,False,4.5899999999997725,PARTIAL
MMM,2025-03-17,bear_call,152.5,155.0,1.147,1.1,1.0427272727272727,0.10788381742738598,28.857761858895167,False,False,114.7,WIN
MDT,2025-03-17,bear_call,93.0,94.0,0.5047,0.29,1.7403448275862072,0.9473684210526316,12.55061022672906,False,True,50.470000000000006,WIN
CL,2025-03-17,bull_put,91.0,90.0,0.4506,0.425,1.0602352941176472,0.16216216216216217,5.2735156938420085,False,False,-24.940000000000285,PARTIAL
CSCO,2025-03-18,bear_call,60.0,61.0,0.4625,0.485,0.9536082474226805,0.073170731707317,22.90545161622216,False,False,8.125000000000144,PARTIAL
MMM,2025-03-18,bear_call,150.0,152.5,1.1529,1.235,0.9335222672064777,0.21748400852878477,11.657850411869202,False,False,39.64499999999932,PARTIAL
DHR,2025-03-18,bear_call,212.5,215.0,1.2375,1.325,0.9339622641509434,0.2448979591836735,11.113108467150482,False,False,123.75,WIN
MCD,2025-03-18,bear_call,302.5,305.0,1.3118,1.38,0.9505797101449277,0.08571428571428566,2.9339116895084274,False,False,-118.82,LOSS
LOW,2025-03-18,bear_call,222.5,225.0,1.1541,1.225,0.9421224489795917,0.14765100671140952,2.2205414343544425,False,False,-134.59,LOSS
ABT,2025-03-18,bear_call,126.0,127.0,0.4739,0.545,0.8695412844036696,0.34527687296416937,1.9958140221300482,False,False,6.694999999999829,PARTIAL
DE,2025-03-19,bear_call,477.5,480.0,1.4533,0.55,2.642363636363636,0.36444444444444457,2.412875280129492,False,True,145.33,WIN
GE,2025-03-19,bear_call,205.0,207.5,1.2362,1.08,1.1446296296296294,0.17634408602150523,5.3422305096365825,False,False,123.61999999999999,WIN
DIS,2025-03-19,bear_call,100.0,101.0,0.4904,0.48,1.0216666666666667,0.06334841628959262,7.055715318833017,False,False,49.04,WIN
USB,2025-03-19,bear_call,42.5,43.0,0.2599,0.245,1.0608163265306123,0.11538461538461549,10.292585371961092,False,False,-8.010000000000339,PARTIAL
SBUX,2025-03-19,bear_call,99.0,100.0,0.4638,0.47,0.9868085106382979,0.0733944954128439,17.721333157562942,False,False,46.379999999999995,WIN
GOOGL,2025-03-19,bull_put,165.0,162.5,1.2076,1.115,1.08304932735426,0.036529680365296836,10.127093449436709,False,False,9.880000000000456,PARTIAL
TJX,2025-03-20,bear_call,116.0,117.0,0.4544,0.47,0.966808510638298,0.28148148148148155,28.173369131468927,False,False,16.719999999999775,PARTIAL
ADI,2025-03-20,bear_call,205.0,207.5,1.2491,0.775,1.6117419354838711,0.6865671641791045,21.33395274247408,False,True,124.91000000000001,WIN
UNH,2025-03-20,bear_call,510.0,512.5,1.515,1.225,1.2367346938775508,1.0525030525030528,10.39388039382704,False,True,-98.5,LOSS
NVDA,2025-03-20,bull_put,119.0,118.0,0.4878,0.465,1.0490322580645162,0.02020202020202022,3.8901183410562656,True,False,-51.22,LOSS
IWM,2025-03-20,bear_call,205.0,206.0,0.46,0.475,0.9684210526315791,0.015503875968992262,2.0670311729097577,False,False,46.0,WIN
HD,2025-03-20,bear_call,355.0,357.5,1.1701,1.105,1.0589140271493211,0.13675213675213668,0.18784530957692366,False,False,117.00999999999999,WIN
SBUX,2025-03-24,bull_put,96.0,95.0,0.5362,0.475,1.1288421052631579,0.06201550387596905,5.144471618930476,False,False,53.620000000000005,WIN
BA,2025-03-24,bull_put,182.5,180.0,1.3028,1.285,1.013852140077821,0.04255319148936167,3.9391189382394347,False,False,-119.72,LOSS
MCD,2025-03-24,bear_call,305.0,307.5,1.2292,1.27,0.9678740157480316,0.1465076660988074,3.4092167973732557,False,False,-86.0799999999975,PARTIAL
TJX,2025-03-24,bear_call,119.0,120.0,0.5716,0.675,0.8468148148148148,0.08571428571428563,9.751442376348384,False,False,57.16,WIN
MMM,2025-03-24,bear_call,152.5,155.0,1.1311,1.185,0.9545147679324893,0.1276595744680851,46.772001154231425,False,False,113.11,WIN
NSC,2025-03-24,bear_call,235.0,237.5,1.1582,0.875,1.3236571428571426,0.8387096774193546,29.38589371471237,False,True,115.82,WIN
CL,2025-03-25,bull_put,90.0,89.0,0.5201,0.45,1.1557777777777778,0.16216216216216217,57.02286696002347,False,False,52.01,WIN
ABT,2025-03-25,bear_call,125.0,126.0,0.5844,0.79,0.739746835443038,0.7122507122507123,13.49459898435104,False,True,-41.56,LOSS
PEP,2025-03-25,bear_call,145.0,146.0,0.5656,0.595,0.9505882352941176,0.22996515679442514,9.446360328072734,False,False,-43.44,LOSS
ADI,2025-03-25,bear_call,212.5,215.0,1.3139,1.2,1.0949166666666668,0.08130081300813008,4.33980724167339,False,False,131.39000000000001,WIN
CAT,2025-03-25,bear_call,342.5,345.0,1.1618,1.305,0.8902681992337165,0.06896551724137931,2.129464742379518,False,False,116.17999999999999,WIN
MA,2025-03-25,bull_put,547.5,545.0,1.4251,1.225,1.1633469387755102,0.1684210526315791,2.123678761984227,False,False,-107.49,LOSS
PNC,2025-03-26,bull_put,177.5,175.0,1.1252,1.025,1.0977560975609757,0.21621621621621617,12.919157990576545,False,False,-137.48,LOSS
MCD,2025-03-26,bear_call,312.5,315.0,1.3214,1.305,1.0125670498084292,0.2004089979550101,28.348819117585904,False,False,132.14,WIN
WMT,2025-03-26,bear_call,85.0,86.0,0.4729,0.445,1.0626966292134832,0.06451612903225812,31.50685037667919,False,False,16.144999999999715,PARTIAL
TJX,2025-03-26,bull_put,120.0,119.0,0.5413,0.55,0.9841818181818182,0.33009708737864074,34.62151583082073,False,False,-45.87,LOSS
HON,2025-03-26,bear_call,212.5,215.0,1.2432,1.65,0.7534545454545456,0.48275862068965536,35.539639810922814,False,False,124.32000000000001,WIN
CSCO,2025-03-26,bull_put,62.0,61.0,0.4519,0.38,1.1892105263157895,0.0677966101694916,78.07821270571252,False,False,-54.81,LOSS
PEP,2025-03-27,bull_put,150.0,149.0,0.5499,0.545,1.0089908256880735,0.43216080402010043,49.12727710040543,False,False,-18.00999999999897,PARTIAL
IWM,2025-03-27,bear_call,204.0,205.0,0.5685,0.595,0.9554621848739496,0.011764705882352951,4.881295036717262,False,False,56.85,WIN
MMM,2025-03-27,bear_call,148.0,149.0,0.5096,0.555,0.9181981981981983,0.20576131687242796,4.590482985545913,False,False,50.96000000000001,WIN
TMO,2025-03-27,bear_call,510.0,512.5,1.433,0.575,2.4921739130434784,1.1724137931034482,4.0857754472658065,False,True,143.3,WIN
MA,2025-03-27,bear_call,557.5,560.0,1.1266,1.09,1.0335779816513762,0.12977099236641215,4.064251834537671,False,False,112.66000000000001,WIN
NVDA,2025-03-27,bull_put,112.0,111.0,0.4987,0.485,1.0282474226804124,0.013157894736842117,2.2649403735271685,True,False,-50.129999999999995,LOSS
ADP,2025-03-31,bear_call,305.0,307.5,1.2578,0.95,1.324,0.4070796460176991,2.75199680463678,False,True,125.78,WIN
HON,2025-03-31,bull_put,212.5,210.0,1.1521,0.975,1.1816410256410255,0.13084112149532715,4.284742295583155,False,False,-134.79000000000002,LOSS
MDT,2025-03-31,bull_put,90.0,89.0,0.4823,0.395,1.221012658227848,0.16091954022988503,1.8090194145026361,False,False,-51.77,LOSS
PFE,2025-03-31,bull_put,25.5,25.0,0.2578,0.22,1.1718181818181816,0.0674157303370787,8.391450628451597,False,False,-24.22,LOSS
JNJ,2025-03-31,bear_call,165.0,167.5,1.2184,1.235,0.9865587044534412,0.10268948655256722,51.35635717883236,False,False,121.83999999999999,WIN
RTX,2025-03-31,bear_call,132.0,133.0,0.5694,0.46,1.2378260869565216,0.3734015345268541,6.519182756400828,False,False,56.940000000000005,WIN
JNJ,2025-04-01,bear_call,152.5,155.0,1.2887,1.215,1.0606584362139917,0.11246943765281184,143.6209846142292,False,False,27.434999999999544,PARTIAL
PG,2025-04-01,bear_call,170.0,172.5,1.1926,1.07,1.1145794392523365,0.1860465116279069,34.827420412418256,False,False,119.26,WIN
GE,2025-04-01,bull_put,205.0,202.5,1.2785,1.435,0.8909407665505226,0.42424242424242437,4.4740675179395675,False,False,-122.15,LOSS
ADP,2025-04-01,bull_put,307.5,305.0,1.2104,0.425,2.848,0.4800000000000001,2.564217059119739,False,True,-128.96,LOSS
EOG,2025-04-01,bear_call,129.0,130.0,0.4992,0.5,0.9984,0.15384615384615385,1.5225667914972818,False,False,49.919999999999995,WIN
IBM,2025-04-01,bear_call,250.0,252.5,1.1508,1.2,0.9590000000000001,0.08955223880597009,1.4965942613089602,False,False,115.08,WIN
QCOM,2025-04-02,bull_put,155.0,152.5,1.1725,1.155,1.0151515151515151,0.12844036697247713,1.9066154583990536,False,False,-132.75,LOSS
PEP,2025-04-02,bear_call,149.0,150.0,0.4683,0.51,0.918235294117647,0.09677419354838718,5.4851790067605055,False,False,46.83,WIN
EMR,2025-04-02,bull_put,112.0,111.0,0.5482,0.45,1.2182222222222223,0.3272727272727274,0.7923603604441353,False,False,-45.18,LOSS
RTX,2025-04-02,bear_call,133.0,134.0,0.4806,0.405,1.1866666666666668,0.2808510638297873,15.671683693928461,False,False,48.06,WIN
T,2025-04-02,bear_call,28.0,28.5,0.2427,0.225,1.0786666666666667,0.1250000000000001,50.73016433508739,False,False,24.27,WIN
MDT,2025-04-02,bull_put,89.0,88.0,0.4768,0.235,2.028936170212766,0.2026431718061674,5.790023754805146,False,True,-52.32,LOSS
ACN,2025-04-03,bull_put,302.5,300.0,1.2975,1.6,0.8109375,0.12499999999999997,6.239908354679047,False,False,-120.24999999999999,LOSS
PYPL,2025-04-03,bull_put,62.0,61.0,0.4817,0.445,1.0824719101123597,0.050761421319797,13.002038400679165,False,False,-51.83,LOSS
AVGO,2025-04-03,bull_put,155.0,152.5,1.1731,1.145,1.0245414847161571,0.04800000000000011,0.5436876977492293,True,False,-132.69,LOSS
ADP,2025-04-03,bear_call,305.0,307.5,1.1489,0.9,1.2765555555555557,1.0909090909090908,18.958671965973025,False,True,114.89,WIN
ABBV,2025-04-03,bull_put,202.5,200.0,1.2495,1.31,0.9538167938931298,0.5095057034220531,70.62821746453547,False,True,-125.05,LOSS
INTC,2025-04-03,bull_put,22.5,22.0,0.2449,0.26,0.9419230769230769,0.030769230769230795,16.229491610314156,True,False,-25.509999999999998,LOSS
NOW,2025-04-07,bull_put,747.5,745.0,1.4162,1.6,0.8851249999999999,0.191458026509573,-0.0019218985629941103,False,False,141.62,WIN
NVDA,2025-04-07,bull_put,100.0,99.0,0.5318,0.525,1.012952380952381,0.1441441441441441,-0.005658205459609909,True,False,53.18000000000001,WIN
QQQ,2025-04-07,bull_put,429.0,428.0,0.4987,0.46,1.0841304347826086,0.01822821728034998,-0.006657410355684794,False,False,49.87,WIN
COST,2025-04-07,bull_put,917.5,915.0,1.2691,1.075,1.1805581395348836,0.11518324607329845,-0.00737423072078344,False,False,126.91,WIN
SPY,2025-04-07,bull_put,510.0,509.0,0.4851,0.445,1.0901123595505617,0.012670890296765554,-0.008595879268021857,False,False,48.51,WIN
UNH,2025-04-07,bull_put,530.0,527.5,1.3082,0.975,1.3417435897435899,0.14500683994528057,-0.009588413884773161,False,True,130.82,WIN
SPY,2025-04-08,bull_put,502.0,501.0,0.5094,0.48,1.06125,0.012982998454404999,-0.006852613756632066,False,False,50.94,WIN
NOW,2025-04-08,bull_put,740.0,737.5,1.4091,2.1,0.6709999999999999,0.13872832369942187,-0.002523056844732902,False,False,140.91,WIN
QQQ,2025-04-08,bull_put,421.0,420.0,0.5114,0.495,1.0331313131313131,0.01592246452059539,-0.004488434931195714,False,False,51.13999999999999,WIN
CL,2025-04-08,bull_put,89.0,88.0,0.4767,0.55,0.8667272727272727,0.39024390243902457,0.7602096805058232,False,False,47.67,WIN
MO,2025-04-08,bull_put,56.0,55.0,0.5079,0.35,1.4511428571428573,0.31272727272727285,4.8248069769464275,False,True,50.79,WIN
NVDA,2025-04-08,bull_put,98.0,97.0,0.5134,0.425,1.208,0.2099447513812155,0.0005592841048668296,True,False,51.339999999999996,WIN
AVGO,2025-04-09,bull_put,187.5,185.0,1.2665,0.375,3.377333333333333,0.4154589371980677,0.07370585112665587,True,True,-123.35000000000001,LOSS
AAPL,2025-04-09,bull_put,200.0,197.5,1.1866,1.225,0.9686530612244898,0.07860262008733628,0.18864060013306164,False,False,-66.33999999999942,PARTIAL
PEP,2025-04-09,bull_put,146.0,145.0,0.5022,0.02,25.11,0.627450980392157,0.38402410485943156,False,True,-49.78,LOSS
CSX,2025-04-09,bull_put,29.0,28.0,0.5121,0.3,1.707,1.2000000000000002,366.8157820629845,False,True,-47.78999999999984,PARTIAL
HON,2025-04-09,bull_put,200.0,197.5,1.1654,1.225,0.9513469387755101,0.4210526315789473,3.5982113102825806,False,False,-28.459999999998864,PARTIAL
GOOGL,2025-04-09,bull_put,160.0,157.5,1.2235,1.17,1.0457264957264958,0.07751937984496124,0.680557796461613,False,False,-127.64999999999999,LOSS
CL,2025-04-10,bull_put,92.0,91.0,0.4819,0.65,0.7413846153846153,1.5757575757575757,98.4730344077353,False,True,48.19,WIN
SCHW,2025-04-10,bull_put,74.0,73.0,0.4768,0.38,1.2547368421052632,0.19548872180451127,20.097257264847237,False,True,47.68,WIN
PNC,2025-04-10,bull_put,152.5,150.0,1.1703,1.3,0.9002307692307692,0.5034013605442176,19.46045823121875,False,True,33.01500000000045,PARTIAL
CSCO,2025-04-10,bull_put,57.0,56.0,0.4753,0.445,1.0680898876404494,0.14583333333333334,8.640942625492482,False,False,47.53,WIN
MDT,2025-04-10,bull_put,83.0,82.0,0.5028,0.415,1.211566265060241,0.49586776859504134,2.732229541308693,False,False,20.140000000000285,PARTIAL
CSX,2025-04-10,bull_put,28.0,27.5,0.264,-0.675,-0.3911111111111111,0.6666666666666667,2.3139706492170666,False,True,26.400000000000002,WIN
ACN,2025-04-21,bull_put,280.0,277.5,1.2297,1.85,0.6647027027027027,0.4793388429752067,0.4728317893410344,False,False,122.97,WIN
JPM,2025-04-21,bull_put,230.0,227.5,1.2262,1.325,0.925433962264151,0.15730337078651693,1.4634070453647632,False,False,122.61999999999999,WIN
UPS,2025-04-21,bull_put,97.0,96.0,0.5126,0.395,1.2977215189873417,0.16966580976863746,2.322869684548798,False,True,51.25999999999999,WIN
MDT,2025-04-21,bull_put,82.0,81.0,0.4948,0.435,1.1374712643678162,0.17004048582995968,9.639494463919908,False,False,49.480000000000004,WIN
KO,2025-04-21,bull_put,73.0,72.0,0.5209,0.38,1.3707894736842106,0.13043478260869565,23.844750282867388,False,True,-47.910000000000004,LOSS
HON,2025-04-21,bull_put,195.0,192.5,1.1784,1.75,0.6733714285714285,0.37037037037037035,5.210354594649404,False,False,117.83999999999999,WIN
CSX,2025-04-22,bull_put,28.0,27.5,0.2988,0.175,1.7074285714285715,0.31578947368421056,102.48570874305067,False,True,6.939999999999993,PARTIAL
UPS,2025-04-22,bull_put,97.0,96.0,0.4612,0.43,1.0725581395348838,0.2714285714285715,12.908839443705846,False,False,46.12,WIN
TJX,2025-04-22,bear_call,125.0,126.0,0.5675,0.615,0.9227642276422764,0.4122137404580153,0.8924622824340511,False,False,-43.25,LOSS
MCD,2025-04-22,bear_call,317.5,320.0,1.3942,1.235,1.128906882591093,0.08805031446540894,0.7843682721155174,False,False,139.42000000000002,WIN
V,2025-04-22,bull_put,332.5,330.0,1.1556,1.125,1.0272,0.09729729729729715,0.565616192017648,False,False,115.56,WIN
CVX,2025-04-22,bull_put,138.0,137.0,0.4919,0.5,0.9838,0.05104408352668207,0.4167807517173831,False,False,49.19,WIN
ADP,2025-04-23,bear_call,292.5,295.0,1.3749,0.275,4.999636363636363,1.1875,7.181803556212086,False,True,137.49,WIN
AVGO,2025-04-23,bull_put,177.5,175.0,1.1542,1.105,1.044524886877828,0.05333333333333338,3.54825966873365,True,False,115.41999999999999,WIN
MCD,2025-04-23,bear_call,317.5,320.0,1.3088,1.5,0.8725333333333333,0.38952536824877254,12.377601825318987,False,False,130.88,WIN
KO,2025-04-23,bear_call,73.0,74.0,0.4808,0.385,1.2488311688311688,0.41610738255033564,58.03609729064938,False,False,48.08,WIN
PFE,2025-04-23,bull_put,22.5,22.0,0.225,0.125,1.8,0.8695652173913043,73.3959452112664,False,True,22.5,WIN
CSCO,2025-04-23,bull_put,56.0,55.0,0.478,0.41,1.1658536585365853,0.2857142857142857,78.82403886841378,False,False,47.8,WIN
TJX,2025-04-24,bear_call,126.0,127.0,0.5608,0.505,1.1104950495049504,0.3185840707964603,15.634160227870218,False,False,0.03999999999988457,PARTIAL
EOG,2025-04-24,bull_put,114.0,113.0,0.5173,0.625,0.82768,0.47272727272727266,9.55943157065915,False,False,-41.270000000000685,PARTIAL
AMZN,2025-04-24,bull_put,187.5,185.0,1.1684,1.15,1.0160000000000002,0.027290448343080035,2.8122602263996264,False,False,116.84,WIN
MA,2025-04-24,bear_call,535.0,537.5,1.2413,1.24,1.0010483870967744,0.19718309859154923,2.556974307367903,False,False,124.13000000000001,WIN
NVDA,2025-04-24,bull_put,107.0,106.0,0.491,0.49,1.0020408163265306,0.01834862385321089,2.1975354609966153,True,False,49.1,WIN
ACN,2025-04-24,bull_put,292.5,290.0,1.2061,1.725,0.6991884057971014,0.5426356589147286,1.38315166313827,False,True,120.61,WIN
GE,2025-04-28,bear_call,200.0,202.5,1.3184,1.215,1.0851028806584362,0.14285714285714285,2.1090603064156226,False,False,-118.16,LOSS
WMT,2025-04-28,bear_call,95.0,96.0,0.4859,0.5,0.9718,0.044776119402985114,2.4936053439009838,False,False,-51.41,LOSS
BAC,2025-04-28,bull_put,40.0,39.5,0.2428,0.225,1.0791111111111111,0.02898550724637668,2.9526950601743267,False,False,24.279999999999998,WIN
DHR,2025-04-28,bull_put,197.5,195.0,1.3135,1.025,1.2814634146341464,0.07999999999999995,4.245613338032169,False,True,131.35,WIN
CSX,2025-04-28,bull_put,28.0,27.5,0.255,0.2,1.275,0.22222222222222215,18.241882739840005,False,True,25.5,WIN
PM,2025-04-28,bull_put,170.0,167.5,1.4001,0.625,2.24016,0.09523809523809532,32.409483481236194,False,True,140.01,WIN
ABT,2025-04-29,bear_call,130.0,131.0,0.5806,0.545,1.065321100917431,0.2022471910112359,13.935997138934859,False,False,-41.94,LOSS
SCHW,2025-04-29,bear_call,81.0,82.0,0.5124,0.555,0.9232432432432431,0.15929203539823006,12.523448448999831,False,False,-48.76,LOSS
BMY,2025-04-29,bear_call,49.0,49.5,0.2721,0.255,1.0670588235294118,0.18461538461538463,11.044247432092444,False,False,-22.79,LOSS
CL,2025-04-29,bear_call,92.0,93.0,0.5074,0.575,0.8824347826086957,0.19047619047619047,8.865167406022941,False,False,50.739999999999995,WIN
ABBV,2025-04-29,bear_call,192.5,195.0,1.2828,1.23,1.0429268292682927,0.16541353383458643,4.4559887931800715,False,False,-121.72,LOSS
GILD,2025-04-29,bear_call,104.0,105.0,0.4924,0.56,0.8792857142857142,0.1438848920863309,4.079725903260311,False,False,49.24,WIN
CL,2025-04-30,bear_call,92.0,93.0,0.4845,0.35,1.3842857142857143,0.7878787878787878,10.63086768832114,False,True,48.449999999999996,WIN
BAC,2025-04-30,bull_put,40.0,39.5,0.2554,0.31,0.8238709677419356,1.0508474576271185,10.904957356245909,False,True,25.540000000000003,WIN
GILD,2025-04-30,bull_put,107.0,106.0,0.5118,0.415,1.2332530120481928,0.2127659574468085,6.31189189215608,False,False,-48.82,LOSS
USB,2025-04-30,bull_put,40.5,40.0,0.2557,-0.01,-25.569999999999997,0.5573770491803279,18.59048544009674,False,True,25.569999999999997,WIN
CSCO,2025-04-30,bull_put,58.0,57.0,0.5195,0.105,4.947619047619048,1.9452054794520548,88.40230870728406,False,True,51.949999999999996,WIN
DHR,2025-04-30,bull_put,200.0,197.5,1.1893,0.85,1.3991764705882355,0.5043478260869566,13.990435088124798,False,True,11.96500000000057,PARTIAL
CL,2025-05-01,bull_put,91.0,90.0,0.5077,0.4,1.26925,0.23999999999999985,135.84894468390237,False,True,-1.229999999999598,PARTIAL
NVDA,2025-05-01,bull_put,112.0,111.0,0.4911,0.475,1.0338947368421052,0.012578616352201269,5.040290284231179,True,False,49.11,WIN
ADP,2025-05-01,bear_call,297.5,300.0,1.3386,0.975,1.372923076923077,0.9600000000000002,4.1290630049762385,False,True,-116.14,LOSS
UNH,2025-05-01,bull_put,402.5,400.0,1.3665,1.15,1.1882608695652175,0.25,2.7207643800821204,False,False,-113.35,LOSS
CRM,2025-05-01,bull_put,270.0,267.5,1.1668,1.08,1.0803703703703704,0.15384615384615385,1.708418866777196,False,False,116.68,WIN
UPS,2025-05-01,bull_put,95.0,94.0,0.4549,0.455,0.9997802197802198,0.10526315789473682,0.7799166991090254,False,False,45.49,WIN
MCD,2025-05-05,bear_call,315.0,317.5,1.2726,1.155,1.1018181818181818,0.1142857142857144,4.213533904110915,False,False,127.25999999999999,WIN
HON,2025-05-05,bull_put,215.0,212.5,1.1361,1.075,1.0568372093023257,0.127659574468085,5.088984209540976,False,False,-83.38999999999987,PARTIAL
CSCO,2025-05-05,bear_call,59.0,60.0,0.469,0.5,0.938,0.09638554216867465,5.91383239835571,False,False,-30.100000000000314,PARTIAL
UPS,2025-05-05,bull_put,96.0,95.0,0.4692,0.545,0.8609174311926605,0.05825242718446608,7.158957719204698,False,False,17.96000000000003,PARTIAL
CL,2025-05-05,bull_put,91.0,90.0,0.4838,0.425,1.1383529411764706,0.16216216216216217,21.66160117495854,False,False,-51.62,LOSS
PM,2025-05-05,bear_call,172.5,175.0,1.1618,1.175,0.9887659574468084,0.1499999999999999,36.54244096433287,False,False,116.17999999999999,WIN
SO,2025-05-06,bear_call,91.0,92.0,0.5419,0.45,1.2042222222222223,0.11111111111111109,58.03510921431076,False,False,54.190000000000005,WIN
PG,2025-05-06,bull_put,160.0,157.5,1.1941,1.04,1.148173076923077,0.20895522388059706,54.93721708262622,False,False,-114.59000000000034,PARTIAL
T,2025-05-06,bear_call,28.0,28.5,0.2547,0.24,1.06125,0.13333333333333344,44.18131698334007,False,False,25.47,WIN
ABT,2025-05-06,bear_call,133.0,134.0,0.4718,0.475,0.9932631578947368,0.15037593984962402,8.370613976137403,False,False,11.589999999999545,PARTIAL
EOG,2025-05-06,bull_put,109.0,108.0,0.5589,0.725,0.7708965517241378,0.41095890410958913,7.286609885147264,False,False,55.88999999999999,WIN
AAPL,2025-05-06,bull_put,200.0,197.5,1.2851,1.21,1.0620661157024793,0.027397260273972626,4.1668663495029445,False,False,-18.489999999999895,PARTIAL
UNH,2025-05-07,bull_put,392.5,390.0,1.2844,1.35,0.9514074074074074,0.2291666666666666,3.812132268244319,False,False,-121.56,LOSS
AAPL,2025-05-07,bull_put,197.5,195.0,1.2246,1.17,1.0466666666666666,0.048780487804878016,6.0808465962635445,False,False,122.46,WIN
GILD,2025-05-07,bull_put,99.0,98.0,0.4561,0.24,1.9004166666666669,0.1967213114754098,2.8347480123642326,False,True,-54.39000000000001,LOSS
MCD,2025-05-07,bear_call,317.5,320.0,1.1987,1.255,0.9551394422310758,0.13793103448275854,22.723867018777714,False,False,119.87,WIN
ADP,2025-05-07,bear_call,305.0,307.5,1.475,0.65,2.269230769230769,1.2631578947368423,164.50542629377458,False,True,-102.49999999999999,LOSS
GOOGL,2025-05-07,bull_put,152.5,150.0,1.2545,1.155,1.086147186147186,0.027944111776447043,21.287087777392202,False,False,125.44999999999999,WIN
VZ,2025-05-08,bear_call,43.5,44.0,0.2514,0.205,1.2263414634146343,0.23728813559322032,82.28608388670949,False,False,7.070000000000029,PARTIAL
TJX,2025-05-08,bear_call,128.0,129.0,0.4517,0.535,0.8442990654205607,0.40462427745664753,55.351950870368114,False,False,17.585000000000285,PARTIAL
GM,2025-05-08,bull_put,47.5,47.0,0.2274,0.21,1.082857142857143,0.11764705882352937,29.994258329600804,False,False,11.37,PARTIAL
DE,2025-05-08,bear_call,490.0,492.5,1.3989,0.845,1.6555029585798817,0.5641025641025641,18.227630293537345,False,True,-110.11,LOSS
MRK,2025-05-08,bull_put,78.0,77.0,0.4598,0.44,1.045,0.27160493827160503,14.363630295837972,False,False,-54.02,LOSS
NVDA,2025-05-08,bull_put,118.0,117.0,0.5087,0.5,1.0174,0.013793103448275874,6.192905013532095,True,False,-49.13,LOSS
BA,2025-05-12,bull_put,200.0,197.5,1.3048,1.235,1.0565182186234816,0.04316546762589926,3.9553531638988866,False,False,130.48,WIN
SO,2025-05-12,bear_call,87.5,88.0,0.3202,0.3,1.0673333333333332,0.15384615384615385,8.300095085541852,False,False,-17.98,LOSS
GE,2025-05-12,bull_put,220.0,217.5,1.197,1.15,1.0408695652173914,0.06666666666666672,2.511378177683642,False,False,119.7,WIN
MDT,2025-05-12,bull_put,86.0,85.0,0.4703,0.33,1.425151515151515,0.13333333333333333,16.663739670407804,False,True,47.03,WIN
UPS,2025-05-12,bull_put,102.0,101.0,0.5441,0.555,0.9803603603603603,0.12716763005780346,20.427840502160905,False,False,-13.590000000000678,PARTIAL
DHR,2025-05-12,bull_put,202.5,200.0,1.4018,1.35,1.0383703703703702,0.12987012987012977,13.195416925455824,False,False,-109.82000000000001,LOSS
LOW,2025-05-13,bull_put,232.5,230.0,1.3879,1.56,0.8896794871794871,0.3355704697986576,2.22629553405064,False,False,138.79,WIN
GE,2025-05-13,bull_put,222.5,220.0,1.1724,1.08,1.0855555555555556,0.16274864376130205,2.3190548212733852,False,False,117.24000000000001,WIN
DHR,2025-05-13,bull_put,197.5,195.0,1.157,1.45,0.7979310344827587,0.31884057971014496,2.1054451970580703,False,False,-23.299999999998633,PARTIAL
NVDA,2025-05-13,bull_put,131.0,130.0,0.5869,0.565,1.0387610619469028,0.007326007326007331,2.9849955165410584,True,False,58.69,WIN
QCOM,2025-05-13,bull_put,152.5,150.0,1.2151,1.155,1.052034632034632,0.07436399217221133,5.326769449531623,False,False,60.755,PARTIAL
BA,2025-05-13,bull_put,205.0,202.5,1.3092,1.255,1.043187250996016,0.06153846153846159,2.4243407400155244,False,False,130.92,WIN
UPS,2025-05-14,bull_put,100.0,99.0,0.4545,0.545,0.8339449541284404,0.1967213114754098,3.9975794724029123,False,False,45.45,WIN
AVGO,2025-05-14,bull_put,232.5,230.0,1.147,1.145,1.0017467248908296,0.04444444444444455,2.525919073481146,True,False,-135.3,LOSS
MRK,2025-05-14,bull_put,74.0,73.0,0.5128,0.705,0.7273758865248228,0.2754491017964072,2.3528137810797807,False,False,51.28,WIN
EOG,2025-05-14,bull_put,116.0,115.0,0.505,0.65,0.7769230769230769,0.38709677419354843,1.2712193948249577,False,False,0.2500000000000002,PARTIAL
NVDA,2025-05-14,bull_put,136.0,135.0,0.5215,0.53,0.9839622641509432,0.012269938650306667,1.0436432391328665,True,False,-7.849999999999435,PARTIAL
SPY,2025-05-14,bull_put,589.0,588.0,0.5481,0.445,1.231685393258427,0.05714285714285708,0.12585649872972818,False,False,54.81,WIN
BMY,2025-05-15,bull_put,46.0,45.5,0.2379,0.155,1.5348387096774194,0.14814814814814806,2.0980016921539795,False,True,23.79,WIN
NEE,2025-05-15,bull_put,75.0,74.0,0.4749,0.52,0.9132692307692307,0.18947368421052638,3.7006402544353203,False,False,23.745,PARTIAL
JNJ,2025-05-15,bull_put,150.0,149.0,0.4757,0.43,1.1062790697674418,0.1761658031088083,8.853335607809937,False,False,47.57,WIN
SO,2025-05-15,bull_put,87.5,87.0,0.2477,0.375,0.6605333333333333,0.72,10.277694873195749,False,True,24.77,WIN
IBM,2025-05-15,bull_put,267.5,265.0,1.2586,1.615,0.7793188854489164,0.5,48.939620706677466,False,False,25.92999999999954,PARTIAL
ABBV,2025-05-15,bull_put,182.5,180.0,1.1847,1.19,0.9955462184873951,0.2884615384615384,63.33063951537358,False,False,118.47000000000001,WIN
CL,2025-05-19,bull_put,92.0,91.0,0.4865,0.4,1.2162499999999998,0.11111111111111109,22.645241427470285,False,False,48.65,WIN
QCOM,2025-05-19,bull_put,155.0,152.5,1.2437,1.675,0.7425074626865672,0.33802816901408456,4.397733597124197,False,False,-125.63,LOSS
DHR,2025-05-19,bull_put,197.5,195.0,1.2251,1.175,1.0426382978723405,0.136986301369863,2.151075480764015,False,False,-127.49,LOSS
PEP,2025-05-19,bull_put,132.0,131.0,0.4657,0.535,0.8704672897196262,0.1706484641638225,1.3585371012092557,False,False,-53.43,LOSS
AAPL,2025-05-19,bull_put,210.0,207.5,1.223,1.19,1.027731092436975,0.03125000000000003,1.0679086405950338,False,False,-127.69999999999999,LOSS
NVDA,2025-05-19,bull_put,137.0,136.0,0.5758,0.555,1.0374774774774773,0.015037593984962485,0.9986490857719696,True,False,-42.42,LOSS
CVX,2025-05-20,bull_put,138.0,137.0,0.5305,0.505,1.0504950495049505,0.05825242718446608,2.896425204274593,False,False,-46.949999999999996,LOSS
AXP,2025-05-20,bull_put,297.5,295.0,1.3554,1.11,1.2210810810810808,0.08823529411764701,3.0338321675694875,False,False,-114.46000000000001,LOSS
MA,2025-05-20,bull_put,582.5,580.0,1.3764,0.365,3.7709589041095892,0.4299065420560747,5.076059082141652,False,True,-112.36,LOSS
USB,2025-05-20,bull_put,44.5,44.0,0.2303,0.15,1.5353333333333334,0.23376623376623368,5.123036310458854,False,True,-26.97,LOSS
QCOM,2025-05-20,bull_put,155.0,152.5,1.2327,1.17,1.0535897435897437,0.09037328094302553,7.886964282124027,False,False,-126.73,LOSS
UPS,2025-05-20,bull_put,98.0,97.0,0.4567,0.465,0.9821505376344085,0.049586776859504175,9.091007226343002,False,False,-54.33,LOSS
CVX,2025-05-21,bull_put,136.0,135.0,0.4902,0.445,1.1015730337078653,0.06504065040650413,5.3164180785595105,False,False,49.02,WIN
AMGN,2025-05-21,bull_put,272.5,270.0,1.1771,1.58,0.745,0.3684210526315789,1.443520098623518,False,False,16.85500000000125,PARTIAL
NVDA,2025-05-21,bull_put,133.0,132.0,0.5457,0.535,1.0199999999999998,0.007575757575757584,0.677728257619369,True,False,-45.43,LOSS
GILD,2025-05-21,bull_put,108.0,107.0,0.4703,0.375,1.2541333333333333,0.19926199261992622,0.5012088074099387,False,True,-15.969999999999546,PARTIAL
EOG,2025-05-21,bull_put,112.0,111.0,0.5222,0.7,0.746,0.48648648648648646,0.24213150152566204,False,False,-47.78,LOSS
GM,2025-05-21,bull_put,49.5,49.0,0.2259,0.225,1.004,0.07142857142857129,0.15267024719781386,False,False,-27.41,LOSS
QQQ,2025-05-22,bull_put,515.0,514.0,0.4959,0.455,1.08989010989011,0.007751937984496131,-0.014859730252025458,False,False,-50.41,LOSS
SPY,2025-05-22,bull_put,584.0,583.0,0.5014,0.46,1.0899999999999999,0.007843137254901968,0.04109470931273473,False,False,-49.86,LOSS
GILD,2025-05-22,bull_put,107.0,106.0,0.4764,0.415,1.1479518072289157,0.2883720930232558,2.9307019438445634,False,False,47.64,WIN
UNH,2025-05-22,bull_put,297.5,295.0,1.2071,1.15,1.0496521739130436,0.03278688524590172,3.0356056655059196,False,False,-72.29000000000067,PARTIAL
VRTX,2025-05-22,bull_put,435.0,432.5,1.2171,1.125,1.0818666666666668,0.23529411764705876,6.671220592799225,False,False,121.71000000000001,WIN
REGN,2025-05-22,bull_put,600.0,597.5,1.492,1.9,0.7852631578947369,1.048951048951049,0.25230108396885803,False,True,-100.8,LOSS
DHR,2025-05-27,bull_put,190.0,187.5,1.3478,1.025,1.314926829268293,0.36734693877551017,59.96338218161686,False,True,62.39000000000029,PARTIAL
UPS,2025-05-27,bull_put,98.0,97.0,0.4998,0.465,1.0748387096774192,0.07575757575757582,22.029512487749976,False,False,1.9900000000003137,PARTIAL
MRK,2025-05-27,bull_put,78.0,77.0,0.5073,0.515,0.9850485436893203,0.11158798283261794,19.015377678510713,False,False,-49.27,LOSS
USB,2025-05-27,bull_put,44.0,43.5,0.2589,0.24,1.07875,0.08695652173913032,7.940963676715669,False,False,-15.109999999999657,PARTIAL
GE,2025-05-27,bull_put,242.5,240.0,1.2122,1.12,1.0823214285714284,0.03672787979966607,5.448110327665905,False,False,121.22,WIN
PYPL,2025-05-27,bull_put,72.0,71.0,0.5209,0.385,1.352987012987013,0.24657534246575344,4.420048119043142,False,True,-47.910000000000004,LOSS
ACN,2025-05-28,bull_put,317.5,315.0,1.3777,0.425,3.241647058823529,0.543046357615894,5.956537755387394,False,True,34.88499999999966,PARTIAL
GE,2025-05-28,bull_put,245.0,242.5,1.3694,1.19,1.1507563025210084,0.13333333333333344,18.382771549060262,False,False,136.94,WIN
UNH,2025-05-28,bull_put,300.0,297.5,1.3698,1.475,0.9286779661016948,0.04926108374384236,4.041435180803455,False,False,136.98,WIN
EMR,2025-05-28,bull_put,120.0,119.0,0.5196,0.925,0.5617297297297297,1.0175438596491229,3.727082831344479,False,True,-10.04000000000046,PARTIAL
RTX,2025-05-28,bull_put,133.0,132.0,0.4584,0.44,1.0418181818181818,0.17600000000000016,1.972891513070823,False,False,45.839999999999996,WIN
AVGO,2025-05-28,bull_put,240.0,237.5,1.2229,1.15,1.0633913043478262,0.040816326530612276,1.5856034329358535,True,False,122.29,WIN
SPY,2025-05-29,bull_put,591.0,590.0,0.5411,0.53,1.0209433962264152,0.012779552715654964,0.3705245260293082,False,False,-45.89,LOSS
REGN,2025-05-29,bull_put,607.5,605.0,1.4577,1.9,0.7672105263157895,1.0422535211267605,1.2521499417027977,False,True,-104.23,LOSS
TMO,2025-05-29,bull_put,405.0,402.5,1.3286,2.975,0.4465882352941176,0.9538461538461539,0.3135455227473062,False,True,-85.14000000000068,PARTIAL
AVGO,2025-05-29,bull_put,242.5,240.0,1.1275,1.085,1.0391705069124424,0.044444444444444314,4.2369999826876725,True,False,34.87499999999966,PARTIAL
NVDA,2025-05-29,bull_put,140.0,139.0,0.5354,0.52,1.0296153846153846,0.010695187165775291,3.8805138174247076,True,False,-46.46,LOSS
QQQ,2025-05-29,bull_put,521.0,520.0,0.54,0.525,1.0285714285714287,0.015037593984962485,0.12560454877434918,False,False,-46.0,LOSS
AAPL,2025-06-02,bull_put,202.5,200.0,1.1594,1.1,1.0539999999999998,0.017636684303350907,0.8477519863524965,False,False,115.94,WIN
UNH,2025-06-02,bull_put,307.5,305.0,1.4085,1.275,1.1047058823529414,0.07092198581560284,1.5475747970225895,False,False,-109.14999999999999,LOSS
ADP,2025-06-02,bull_put,327.5,325.0,1.3032,1.15,1.1332173913043477,0.18750000000000003,1.1642565874496078,False,False,30.66000000000011,PARTIAL
CVX,2025-06-02,bull_put,138.0,137.0,0.4599,0.43,1.0695348837209302,0.08219178082191789,2.1608210680833957,False,False,45.989999999999995,WIN
UPS,2025-06-02,bull_put,98.0,97.0,0.5283,0.46,1.1484782608695652,0.061855670103092834,21.980416769945997,False,False,52.83,WIN
AMGN,2025-06-02,bull_put,290.0,287.5,1.3316,1.255,1.0610358565737052,0.1366459627329192,1.7435431148323493,False,False,133.16,WIN
MDT,2025-06-03,bull_put,86.0,85.0,0.6315,0.495,1.2757575757575756,0.2978723404255319,144.8095848211776,False,True,63.14999999999999,WIN
HON,2025-06-03,bull_put,227.5,225.0,1.1507,0.725,1.5871724137931036,0.603174603174603,31.406575562933163,False,True,115.07000000000001,WIN
PNC,2025-06-03,bull_put,177.5,175.0,1.3301,1.725,0.7710724637681159,0.7741935483870969,6.9264468766304566,False,True,133.01000000000002,WIN
GE,2025-06-03,bull_put,250.0,247.5,1.2381,1.08,1.146388888888889,0.12765957446808515,5.072409872000517,False,False,123.81,WIN
V,2025-06-03,bull_put,367.5,365.0,1.2216,1.295,0.9433204633204634,0.06153846153846159,4.923980459511751,False,False,122.16,WIN
UNH,2025-06-03,bull_put,302.5,300.0,1.243,1.375,0.904,0.08450704225352117,3.402605147074786,False,False,124.30000000000001,WIN
TMO,2025-06-04,bull_put,405.0,402.5,1.2706,0.05,25.412,0.20952380952380945,0.21472256452682595,False,True,-122.94,LOSS
CVX,2025-06-04,bull_put,138.0,137.0,0.5177,0.495,1.045858585858586,0.09318996415770602,2.932137264929677,False,False,51.77,WIN
ADP,2025-06-04,bull_put,327.5,325.0,1.2909,1.05,1.2294285714285713,0.23157894736842097,3.374736259876085,False,False,30.045000000000112,PARTIAL
UNH,2025-06-04,bull_put,302.5,300.0,1.3607,1.9,0.7161578947368421,0.27184466019417464,4.877330058614218,False,False,136.07,WIN
UPS,2025-06-04,bull_put,99.0,98.0,0.4754,0.425,1.1185882352941177,0.09345794392523372,10.369681750232393,False,False,-27.46,PARTIAL
ACN,2025-06-04,bull_put,317.5,315.0,1.2611,2.025,0.6227654320987656,0.7027027027027027,6.151890651001342,False,True,126.11000000000001,WIN
ADP,2025-06-05,bull_put,327.5,325.0,1.3383,1.325,1.0100377358490567,0.819672131147541,11.05687797770053,False,True,32.41500000000011,PARTIAL
UNH,2025-06-05,bull_put,297.5,295.0,1.3089,1.345,0.9731598513011153,0.14492753623188406,5.1357905245165805,False,False,130.89,WIN
VRTX,2025-06-05,bull_put,445.0,442.5,1.296,0.325,3.9876923076923076,1.1812865497076022,3.845379175739789,False,True,129.6,WIN
BMY,2025-06-05,bull_put,48.0,47.5,0.2276,0.23,0.9895652173913043,0.3058823529411765,1.4098710535484829,False,False,22.759999999999998,WIN
TMO,2025-06-05,bull_put,400.0,397.5,1.4089,1.325,1.0633207547169812,0.7457627118644067,0.9048190116593137,False,True,140.89000000000001,WIN
MS,2025-06-05,bull_put,131.0,130.0,0.4704,0.425,1.1068235294117648,0.10344827586206885,0.05485962027530437,False,False,47.04,WIN
CVX,2025-06-09,bull_put,141.0,140.0,0.4644,0.45,1.032,0.06060606060606066,2.4718295791063722,False,False,46.44,WIN
UNH,2025-06-09,bull_put,305.0,302.5,1.3183,1.275,1.0339607843137255,0.0682926829268292,5.223475120822162,False,False,131.83,WIN
AAPL,2025-06-09,bull_put,202.5,200.0,1.2525,1.205,1.0394190871369293,0.028985507246376836,4.314105539907504,False,False,-124.75,LOSS
UPS,2025-06-09,bull_put,100.0,99.0,0.5199,0.515,1.009514563106796,0.04651162790697679,16.679736513698845,False,False,25.995,PARTIAL
T,2025-06-09,bull_put,28.0,27.5,0.2416,0.205,1.1785365853658538,0.13333333333333344,40.29195882909213,False,False,24.16,WIN
BAC,2025-06-09,bull_put,45.0,44.5,0.2283,0.22,1.0377272727272728,0.019047619047619063,6.150906328540296,False,False,-27.169999999999998,LOSS
UPS,2025-06-10,bull_put,103.0,102.0,0.5067,0.44,1.151590909090909,0.1602787456445993,16.020099409546596,False,False,-49.33,LOSS
QCOM,2025-06-10,bull_put,160.0,157.5,1.1842,1.215,0.9746502057613168,0.05957446808510645,11.403441809022057,False,False,-131.58,LOSS
UNH,2025-06-10,bull_put,305.0,302.5,1.2545,1.255,0.999601593625498,0.0591715976331361,10.301724057610112,False,False,125.44999999999999,WIN
NEE,2025-06-10,bull_put,73.0,72.0,0.4638,0.355,1.3064788732394366,0.4313725490196078,9.69511581046904,False,True,46.379999999999995,WIN
USB,2025-06-10,bull_put,45.5,45.0,0.2554,0.205,1.2458536585365856,0.10169491525423717,5.106318737748404,False,False,-24.46,LOSS
MA,2025-06-10,bull_put,590.0,587.5,1.1674,1.055,1.1065402843601897,0.33879781420765026,2.0063088623096466,False,False,-133.26,LOSS
MRK,2025-06-11,bull_put,81.0,80.0,0.5535,0.555,0.9972972972972972,0.1258741258741258,3.1317542669963734,False,False,55.35,WIN
UNH,2025-06-11,bull_put,312.5,310.0,1.339,1.45,0.923448275862069,0.10869565217391305,4.519907792884172,False,False,133.9,WIN
MA,2025-06-11,bull_put,592.5,590.0,1.3571,1.145,1.185240174672489,0.1419354838709678,4.183335854597766,False,False,-114.29,LOSS
CVX,2025-06-11,bull_put,145.0,144.0,0.4637,0.445,1.0420224719101123,0.06250000000000006,8.605311014739414,False,False,46.37,WIN
LOW,2025-06-11,bull_put,222.5,220.0,1.2501,0.98,1.2756122448979592,0.18764302059496574,25.07060753403386,False,True,-124.99,LOSS
VZ,2025-06-11,bull_put,44.0,43.5,0.2514,0.145,1.733793103448276,0.7936507936507936,4.6694039289458065,False,True,-24.86,LOSS
CSX,2025-06-12,bull_put,32.5,32.0,0.2317,0.625,0.37072,1.6000000000000003,5.398575781066339,False,True,-14.830000000000258,PARTIAL
NSC,2025-06-12,bull_put,252.5,250.0,1.3313,1.15,1.1576521739130434,1.1428571428571428,4.592586155094701,False,True,-116.87,LOSS
BLK,2025-06-12,bull_put,990.0,987.5,1.3499,1.2,1.1249166666666668,0.5671641791044777,0.26028321293298845,False,True,-115.00999999999999,LOSS
MA,2025-06-12,bull_put,590.0,587.5,1.1264,1.045,1.0778947368421055,0.11666666666666678,0.08697204000019419,False,False,-137.35999999999999,LOSS
NOW,2025-06-12,bull_put,1010.0,1007.5,1.4049,1.85,0.7594054054054054,0.2795698924731182,0.07311712792675973,False,False,-109.50999999999999,LOSS
NFLX,2025-06-12,bull_put,1217.5,1215.0,1.3148,1.35,0.9739259259259259,0.11411411411411425,0.009418000008851398,False,False,-118.52000000000001,LOSS
MSFT,2025-06-16,bull_put,480.0,477.5,1.2204,1.045,1.167846889952153,0.05882352941176476,0.6081736229297984,False,False,-127.96000000000001,LOSS
DHR,2025-06-16,bull_put,202.5,200.0,1.3048,1.15,1.134608695652174,0.1694915254237288,14.954966597122063,False,False,-119.52000000000001,LOSS
NVDA,2025-06-16,bull_put,145.0,144.0,0.4629,0.445,1.0402247191011236,0.01574803149606301,0.897166917583563,True,False,-53.71,LOSS
GE,2025-06-16,bull_put,237.5,235.0,1.1907,1.11,1.0727027027027027,0.07407407407407407,0.7888701415457169,False,False,119.07000000000001,WIN
CVX,2025-06-16,bull_put,147.0,146.0,0.5503,0.56,0.9826785714285714,0.08000000000000007,0.7425386854748144,False,False,55.03,WIN
LOW,2025-06-16,bull_put,217.5,215.0,1.2569,1.205,1.043070539419087,0.11072664359861588,0.55256016369377,False,False,-124.31,LOSS
NVDA,2025-06-17,bull_put,145.0,144.0,0.5163,0.48,1.075625,0.01405152224824347,1.2834370617748734,True,False,-48.370000000000005,LOSS
INTC,2025-06-17,bull_put,21.0,20.5,0.2596,0.245,1.059591836734694,0.041666666666666706,0.48863689633559526,True,False,25.96,WIN
CVX,2025-06-17,bull_put,150.0,149.0,0.6174,0.56,1.1024999999999998,0.052631578947368265,2.0480910427113503,False,False,8.370000000000566,PARTIAL
GE,2025-06-17,bull_put,237.5,235.0,1.3391,1.33,1.0068421052631578,0.04195804195804193,6.059200979664458,False,False,133.91,WIN
UNH,2025-06-17,bull_put,310.0,307.5,1.2315,1.63,0.7555214723926381,0.25,11.776345120954877,False,False,-126.85,LOSS
UPS,2025-06-17,bull_put,100.0,99.0,0.4624,0.45,1.0275555555555556,0.3247863247863249,21.817609619131304,False,False,-26.7600000000004,PARTIAL
TJX,2025-06-18,bull_put,123.0,122.0,0.5098,0.695,0.7335251798561152,0.6301369863013698,1.7387181143738277,False,True,50.980000000000004,WIN
PYPL,2025-06-18,bull_put,69.0,68.0,0.4745,0.46,1.0315217391304348,0.09803921568627459,0.30150589201102684,False,False,47.449999999999996,WIN
MA,2025-06-18,bull_put,540.0,537.5,1.2512,1.075,1.163906976744186,0.06451612903225809,0.26777099503855245,False,False,-124.88,LOSS
BLK,2025-06-18,bull_put,982.5,980.0,1.445,1.05,1.3761904761904762,1.1392405063291138,0.24219247526688167,False,True,-105.5,LOSS
HD,2025-06-18,bull_put,347.5,345.0,1.1465,1.14,1.005701754385965,0.5954198473282442,0.12672344671616542,False,True,114.65,WIN
V,2025-06-18,bull_put,342.5,340.0,1.2809,0.625,2.0494399999999997,0.3085714285714285,0.04184139812146203,False,True,-121.91000000000001,LOSS
V,2025-06-23,bull_put,345.0,342.5,1.2148,0.825,1.4724848484848487,0.1699346405228759,3.2440510798126208,False,True,121.48,WIN
UNH,2025-06-23,bull_put,302.5,300.0,1.3272,1.15,1.154086956521739,0.11363636363636363,9.069763500198315,False,False,132.72,WIN
UPS,2025-06-23,bull_put,101.0,100.0,0.5209,0.51,1.021372549019608,0.11688311688311684,16.90543051989247,False,False,52.09,WIN
CSX,2025-06-23,bull_put,32.5,32.0,0.2789,0.175,1.5937142857142856,0.15384615384615383,123.07267436314237,False,True,27.889999999999997,WIN
SCHW,2025-06-23,bull_put,89.0,88.0,0.6047,0.78,0.7752564102564102,0.2532751091703057,20.003640927915416,False,False,60.47,WIN
VZ,2025-06-23,bull_put,42.5,42.0,0.2344,0.25,0.9376,0.2988505747126437,17.526601401923823,False,False,2.2200000000001134,PARTIAL
PYPL,2025-06-24,bull_put,74.0,73.0,0.4871,0.46,1.0589130434782608,0.0710659898477158,6.834800431719637,False,False,6.355000000000027,PARTIAL
CVX,2025-06-24,bull_put,144.0,143.0,0.4961,0.485,1.0228865979381443,0.09386281588447645,5.2073193819040275,False,False,14.304999999999602,PARTIAL
ADP,2025-06-24,bull_put,312.5,310.0,1.2716,1.275,0.9973333333333334,1.4285714285714286,13.588308378852986,False,True,-122.83999999999999,LOSS
UNH,2025-06-24,bull_put,307.5,305.0,1.3411,1.225,1.0947755102040815,0.06289308176100618,18.501188231120494,False,False,134.10999999999999,WIN
V,2025-06-24,bull_put,352.5,350.0,1.1459,1.17,0.9794017094017093,0.06451612903225812,15.209101117714305,False,False,-135.41,LOSS
UPS,2025-06-24,bull_put,101.0,100.0,0.5046,0.49,1.029795918367347,0.12454212454212449,14.605685974011138,False,False,50.46000000000001,WIN
USB,2025-06-25,bull_put,45.0,44.5,0.2402,0.215,1.1172093023255814,1.1238095238095238,14.206676728324402,False,True,24.02,WIN
UNH,2025-06-25,bull_put,302.5,300.0,1.1279,1.145,0.985065502183406,0.10638297872340434,10.71693549165373,False,False,112.78999999999999,WIN
SCHW,2025-06-25,bull_put,90.0,89.0,0.4548,0.37,1.229189189189189,0.09230769230769238,9.10053444025783,False,False,21.740000000000197,PARTIAL
GE,2025-06-25,bull_put,250.0,247.5,1.1446,-0.125,-9.1568,0.2597938144329898,8.711953140257696,False,True,114.46000000000001,WIN
MS,2025-06-25,bull_put,138.0,137.0,0.5164,0.56,0.922142857142857,0.4649859943977591,2.6968651854055032,False,False,51.64,WIN
BA,2025-06-25,bull_put,200.0,197.5,1.1921,1.155,1.032121212121212,0.07272727272727258,0.8171383663763745,False,False,119.21,WIN
TMO,2025-06-26,bull_put,412.5,410.0,1.168,2.55,0.45803921568627454,0.9702970297029704,0.6287901748575861,False,True,-133.20000000000002,LOSS
SPY,2025-06-26,bull_put,612.0,611.0,0.4657,0.425,1.095764705882353,0.012500000000000011,0.5539550126219892,False,False,46.57,WIN
REGN,2025-06-26,bull_put,522.5,520.0,1.3578,3.475,0.39073381294964027,1.1596638655462186,1.0081455279348617,False,True,-14.22000000000001,PARTIAL
FCX,2025-06-26,bull_put,44.5,44.0,0.2299,0.2,1.1495,0.22784810126582283,16.360511264036834,False,False,-27.01,LOSS
VRTX,2025-06-26,bull_put,445.0,442.5,1.3463,-0.175,-7.693142857142858,1.375,11.857836111085211,False,True,-115.36999999999999,LOSS
QQQ,2025-06-26,bull_put,547.0,546.0,0.6153,0.52,1.1832692307692307,0.018348623853211024,7.5411643677904525,False,False,61.529999999999994,WIN
SCHW,2025-07-07,bull_put,93.0,92.0,0.6196,0.53,1.169056603773585,0.23696682464454968,64.74647211283275,False,False,-38.04,LOSS
SO,2025-07-07,bull_put,92.0,91.0,0.4968,0.425,1.1689411764705884,0.3529411764705883,15.392113544445792,False,False,49.68,WIN
DHR,2025-07-07,bull_put,200.0,197.5,1.1968,1.125,1.0638222222222222,0.2956521739130434,14.772613657565286,False,False,119.68,WIN
USB,2025-07-07,bull_put,48.0,47.5,0.2677,0.23,1.1639130434782607,0.11965811965811958,13.57892377960698,False,False,-23.23,LOSS
BA,2025-07-07,bull_put,220.0,217.5,1.4569,1.315,1.1079087452471483,0.05063291139240499,10.857505584522565,False,False,145.69,WIN
CVX,2025-07-07,bull_put,148.0,147.0,0.5704,0.495,1.1523232323232324,0.048780487804877974,8.87277419818565,False,False,57.04,WIN
REGN,2025-07-08,bull_put,550.0,547.5,1.3225,0.675,1.959259259259259,0.7259259259259259,0.2716691237128187,False,True,132.25,WIN
GS,2025-07-08,bull_put,700.0,697.5,1.4255,1.3,1.0965384615384615,0.04938271604938275,0.5167041444897313,False,False,142.55,WIN
BA,2025-07-08,bull_put,220.0,217.5,1.2779,1.29,0.9906201550387597,0.07407407407407407,0.6674138877768631,False,False,127.79,WIN
MS,2025-07-08,bull_put,142.0,141.0,0.5668,0.33,1.7175757575757573,0.1557632398753894,1.9803746364665105,False,True,56.68,WIN
V,2025-07-08,bull_put,355.0,352.5,1.1797,1.09,1.0822935779816514,0.10355987055016176,26.352549046316934,False,False,-132.03,LOSS
AVGO,2025-07-08,bull_put,272.5,270.0,1.1925,1.195,0.9979079497907949,0.04938271604938275,0.8360744906297324,True,False,119.24999999999999,WIN
HD,2025-07-09,bull_put,372.5,370.0,1.5316,2.07,0.7399033816425121,0.5068870523415978,24.0173122304611,False,True,-89.84000000000067,PARTIAL
MRK,2025-07-09,bull_put,84.0,83.0,0.463,0.425,1.0894117647058825,0.09302325581395357,23.4270089651963,False,False,-17.700000000000056,PARTIAL
TXN,2025-07-09,bull_put,217.5,215.0,1.3318,1.16,1.1481034482758623,0.09009009009008997,22.653907415636517,False,False,133.18,WIN
AMGN,2025-07-09,bull_put,297.5,295.0,1.1554,1.33,0.8687218045112781,0.6134301270417424,19.165380675347727,False,True,-107.46000000000183,PARTIAL
NEE,2025-07-09,bull_put,74.0,73.0,0.4642,0.565,0.8215929203539823,0.32183908045977017,13.999440894783197,False,False,46.42,WIN
FCX,2025-07-09,bull_put,46.0,45.5,0.3119,0.26,1.1996153846153845,0.07142857142857136,5.671993310638907,False,False,31.19,WIN
EOG,2025-07-10,bull_put,122.0,121.0,0.4907,0.4,1.22675,0.18181818181818185,13.739622425595583,False,False,49.07,WIN
REGN,2025-07-10,bull_put,560.0,557.5,1.1927,0.075,15.902666666666669,1.0252100840336134,2.7579682398808933,False,True,119.27000000000001,WIN
EMR,2025-07-10,bull_put,141.0,140.0,0.5074,0.775,0.6547096774193548,1.3777777777777775,17.903441102335936,False,True,-39.26000000000057,PARTIAL
NEE,2025-07-10,bull_put,75.0,74.0,0.5182,0.42,1.233809523809524,0.17391304347826086,157.57191997826007,False,False,-8.179999999999431,PARTIAL
INTC,2025-07-10,bull_put,24.0,23.5,0.2916,0.23,1.2678260869565219,0.09230769230769238,152.75707428693073,True,True,-20.84,LOSS
BAC,2025-07-10,bull_put,47.0,46.5,0.2304,0.16,1.44,0.042553191489361625,55.15498869828749,False,True,-3.9600000000003135,PARTIAL
CVX,2025-07-14,bull_put,152.5,150.0,1.233,1.155,1.0675324675324676,0.042372881355932236,47.174593575460946,False,False,-122.70000000000078,PARTIAL
AMGN,2025-07-14,bull_put,297.5,295.0,1.1545,1.055,1.094312796208531,0.17543859649122806,7.111525651620452,False,False,-134.54999999999998,LOSS
UNH,2025-07-14,bull_put,302.5,300.0,1.3599,1.35,1.0073333333333334,0.06060606060606058,6.399429016272813,False,False,-114.00999999999999,LOSS
AAPL,2025-07-14,bull_put,210.0,207.5,1.277,1.195,1.0686192468619247,0.027118644067796634,6.141859608843477,False,False,127.69999999999999,WIN
V,2025-07-14,bull_put,352.5,350.0,1.2858,1.2,1.0715000000000001,0.06382978723404252,2.554954784070528,False,False,-121.41999999999999,LOSS
SO,2025-07-14,bull_put,93.0,92.5,0.2692,0.225,1.1964444444444444,0.19354838709677424,1.2784157510723455,False,False,26.919999999999998,WIN
MA,2025-07-15,bull_put,552.5,550.0,1.2493,1.275,0.9798431372549021,0.09523809523809519,0.38471562104123536,False,False,124.93,WIN
AVGO,2025-07-15,bull_put,282.5,280.0,1.3481,1.275,1.0573333333333335,0.06315789473684226,3.0956442014333954,True,False,134.81,WIN
QCOM,2025-07-15,bull_put,155.0,152.5,1.1376,1.16,0.9806896551724138,0.10232558139534872,4.993962438919994,False,False,46.880000000000564,PARTIAL
UNH,2025-07-15,bull_put,292.5,290.0,1.1964,1.17,1.0225641025641026,0.0591715976331361,6.367081179053894,False,False,-130.36,LOSS
UPS,2025-07-15,bull_put,100.0,99.0,0.469,0.465,1.0086021505376344,0.12280701754385955,12.546631636790503,False,False,-31.100000000000115,PARTIAL
AAPL,2025-07-15,bull_put,210.0,207.5,1.1473,1.13,1.0153097345132744,0.027944111776447043,5.804102846321127,False,False,114.73,WIN
CSX,2025-07-16,bull_put,33.5,33.0,0.3677,0.225,1.6342222222222222,0.8800000000000001,800.7655555828808,False,True,36.77,WIN
UPS,2025-07-16,bull_put,100.0,99.0,0.4782,0.465,1.0283870967741935,0.125,28.44164733047497,False,False,-30.180000000000113,PARTIAL
AMGN,2025-07-16,bull_put,300.0,297.5,1.1893,0.91,1.3069230769230769,0.39662447257383965,18.599038083471456,False,True,-131.07,LOSS
MA,2025-07-16,bull_put,557.5,555.0,1.3958,1.275,1.0947450980392157,0.09836065573770497,4.302112987349145,False,False,-110.42,LOSS
AVGO,2025-07-16,bull_put,282.5,280.0,1.2743,1.275,0.999450980392157,0.03773584905660375,2.771258907083331,True,False,127.42999999999999,WIN
BMY,2025-07-16,bull_put,47.5,47.0,0.2884,0.55,0.5243636363636363,1.0192307692307692,2.0634258355475064,False,True,7.4199999999999715,PARTIAL
SPY,2025-07-17,bull_put,629.0,628.0,0.5274,0.485,1.0874226804123712,0.015267175572519099,0.39453868711294376,False,False,-47.260000000000005,LOSS
QQQ,2025-07-17,bull_put,562.0,561.0,0.4777,0.44,1.0856818181818182,0.01719197707736391,1.5162847576813399,False,False,-26.230000000000906,PARTIAL
VRTX,2025-07-17,bull_put,465.0,462.5,1.2749,2.025,0.6295802469135803,0.6466165413533835,3.3665598439335036,False,True,-122.51,LOSS
ISRG,2025-07-17,bull_put,517.5,515.0,1.4704,1.325,1.1097358490566038,0.4878048780487804,6.879398121120371,False,False,147.04,WIN
CVX,2025-07-17,bull_put,152.5,150.0,1.1897,1.255,0.9479681274900399,0.09725158562367862,10.804821146553655,False,False,-127.0300000000008,PARTIAL
AVGO,2025-07-17,bull_put,287.5,285.0,1.1629,1.145,1.0156331877729259,0.05622489959839362,4.652358210650442,True,False,-133.71,LOSS
MO,2025-07-21,bull_put,59.0,58.0,0.4944,0.33,1.498181818181818,0.08163265306122457,117.88834778854059,False,True,49.44,WIN
AMGN,2025-07-21,bull_put,297.5,295.0,1.466,1.23,1.191869918699187,0.17457886676875953,32.67434563005007,False,False,146.6,WIN
CVX,2025-07-21,bull_put,150.0,149.0,0.4951,0.485,1.0208247422680412,0.05438066465256789,4.281887005423993,False,False,49.51,WIN
QCOM,2025-07-21,bull_put,160.0,157.5,1.1814,1.16,1.018448275862069,0.04016064257028116,4.17615691801167,False,False,-41.85999999999943,PARTIAL
VRTX,2025-07-21,bull_put,460.0,457.5,1.4051,1.15,1.2218260869565218,0.2912621359223301,3.408108428722136,False,False,140.51,WIN
V,2025-07-21,bull_put,352.5,350.0,1.1815,1.155,1.0229437229437228,0.07092198581560284,2.846417054132319,False,False,118.15,WIN
UNH,2025-07-22,bull_put,287.5,285.0,1.4082,1.45,0.9711724137931034,0.07035175879396996,6.138016766793956,False,False,-109.18,LOSS
JPM,2025-07-22,bull_put,292.5,290.0,1.2328,1.19,1.0359663865546218,0.056497175141242896,13.105725164855562,False,False,123.27999999999999,WIN
ACN,2025-07-22,bull_put,287.5,285.0,1.1511,1.075,1.0707906976744186,0.3362831858407079,13.932814994355915,False,False,-134.89,LOSS
SO,2025-07-22,bull_put,96.0,95.0,0.5174,-0.025,-20.695999999999998,0.6666666666666667,29.348290198346056,False,True,-13.260000000000572,PARTIAL
MDT,2025-07-22,bull_put,92.0,91.0,0.5722,0.475,1.2046315789473685,0.325,182.12052719767527,False,False,57.220000000000006,WIN
MRK,2025-07-22,bull_put,82.0,81.0,0.5619,0.725,0.7750344827586206,0.5830258302583026,66.82683465618646,False,True,56.19,WIN
UPS,2025-07-23,bull_put,104.0,103.0,0.535,0.615,0.8699186991869919,0.16585365853658554,93.72007452944584,False,False,4.7500000000001155,PARTIAL
AMGN,2025-07-23,bull_put,310.0,307.5,1.2509,1.145,1.0924890829694323,0.2882483370288249,59.629338368362774,False,False,-124.91000000000001,LOSS
ACN,2025-07-23,bull_put,287.5,285.0,1.2878,1.45,0.8881379310344828,0.3333333333333333,14.96040976826678,False,False,-121.22,LOSS
ADP,2025-07-23,bull_put,305.0,302.5,1.1697,0.7,1.671,0.5287356321839081,7.8790605427494,False,True,116.97,WIN
BMY,2025-07-23,bull_put,49.0,48.5,0.2299,0.725,0.31710344827586207,1.5454545454545456,5.76073555777511,False,True,-27.01,LOSS
EOG,2025-07-23,bull_put,119.0,118.0,0.4964,0.475,1.0450526315789475,0.5263157894736842,5.50859791677574,False,True,-11.359999999999943,PARTIAL
ISRG,2025-07-24,bull_put,490.0,487.5,1.2597,1.375,0.9161454545454546,0.24719101123595508,-0.00417490285192238,False,False,125.97,WIN
GS,2025-07-24,bull_put,720.0,717.5,1.163,1.13,1.029203539823009,0.08333333333333329,-0.11399643728537075,False,False,116.3,WIN
NOW,2025-07-24,bull_put,1000.0,997.5,1.3774,-0.2,-6.887,0.12903225806451624,0.005224101651503543,False,True,-112.26,LOSS
NFLX,2025-07-24,bull_put,1182.5,1180.0,1.2901,1.3,0.9923846153846154,0.1201413427561837,0.015031088776544382,False,False,-71.98999999999909,PARTIAL
BMY,2025-07-24,bull_put,49.0,48.5,0.2288,0.15,1.5253333333333334,1.278688524590164,29.102770981117484,False,True,-27.12,LOSS
ACN,2025-07-24,bull_put,282.5,280.0,1.1942,1.325,0.9012830188679245,0.3255813953488372,34.75839334619204,False,False,119.41999999999999,WIN
ACN,2025-07-28,bull_put,277.5,275.0,1.1975,1.1,1.0886363636363636,0.18750000000000003,10.58933197728925,False,False,-130.25,LOSS
GE,2025-07-28,bull_put,272.5,270.0,1.434,1.305,1.0988505747126436,0.059880239520958084,7.283442558727686,False,False,-106.60000000000001,LOSS
BAC,2025-07-28,bull_put,48.5,48.0,0.249,0.24,1.0375,0.035714285714285546,4.224271776959548,False,False,-25.1,LOSS
CRM,2025-07-28,bull_put,272.5,270.0,1.4703,1.325,1.1096603773584905,0.07821229050279342,2.751905554480633,False,False,-102.97,LOSS
ADI,2025-07-28,bull_put,232.5,230.0,1.36,1.225,1.110204081632653,0.136986301369863,1.2285246334374946,False,False,-113.99999999999999,LOSS
AMGN,2025-07-28,bull_put,302.5,300.0,1.2075,1.16,1.040948275862069,0.136986301369863,0.7977452979266386,False,False,-129.25,LOSS
ADI,2025-07-29,bull_put,232.5,230.0,1.3573,1.375,0.9871272727272727,0.3021582733812949,2.672840064133847,False,False,-114.27000000000001,LOSS
PEP,2025-07-29,bull_put,144.0,143.0,0.5015,0.415,1.208433734939759,0.07272727272727258,4.607722047331938,False,False,-49.85,LOSS
AMGN,2025-07-29,bull_put,305.0,302.5,1.3385,1.05,1.2747619047619048,0.13740458015267182,4.818947127412675,False,True,-116.14999999999999,LOSS
DHR,2025-07-29,bull_put,207.5,205.0,1.1721,1.425,0.8225263157894735,0.15384615384615383,12.272863485734266,False,False,-132.79000000000002,LOSS
ACN,2025-07-29,bull_put,280.0,277.5,1.26,1.125,1.12,0.17054263565891467,20.076431350721528,False,False,-124.0,LOSS
GILD,2025-07-29,bull_put,115.0,114.0,0.5994,0.02,29.970000000000002,1.1666666666666667,6.414726586761612,False,True,-40.06,LOSS
DHR,2025-07-30,bull_put,205.0,202.5,1.2094,1.05,1.1518095238095238,0.14432989690721654,23.918327671583867,False,False,-129.06,LOSS
AMGN,2025-07-30,bull_put,302.5,300.0,1.2869,1.075,1.1971162790697674,0.16696269982238002,23.907477723327926,False,False,-121.31,LOSS
GE,2025-07-30,bull_put,275.0,272.5,1.3953,1.42,0.982605633802817,0.23188405797101455,21.05175885853554,False,False,-110.47,LOSS
WMT,2025-07-30,bull_put,98.0,97.0,0.4918,0.44,1.1177272727272727,0.049999999999999906,19.368064838606994,False,False,49.18,WIN
ABT,2025-07-30,bull_put,129.0,128.0,0.5567,0.445,1.251011235955056,0.20289855072463756,18.022501251634168,False,True,-44.330000000000005,LOSS
PEP,2025-07-30,bull_put,143.0,142.0,0.4768,0.43,1.1088372093023255,0.0710659898477158,12.181171146196494,False,False,-52.32,LOSS
DE,2025-07-31,bull_put,525.0,522.5,1.3085,0.51,2.5656862745098037,0.5813953488372093,0.14694741470010522,False,True,-119.15,LOSS
VRTX,2025-07-31,bull_put,460.0,457.5,1.5098,1.525,0.990032786885246,0.6845637583892616,0.028835129411302375,False,True,150.98,WIN
BLK,2025-07-31,bull_put,1107.5,1105.0,1.3768,2.15,0.6403720930232558,0.6493506493506493,0.4741278751403203,False,True,-112.32,LOSS
BA,2025-07-31,bull_put,222.5,220.0,1.141,1.11,1.0279279279279279,0.12682926829268304,4.575315574469261,False,False,27.050000000000285,PARTIAL
GILD,2025-07-31,bull_put,113.0,111.0,0.9077,0.8,1.1346249999999998,0.9728096676737159,8.711923786537024,False,True,90.77,WIN
FCX,2025-07-31,bull_put,40.5,40.0,0.2754,0.27,1.0199999999999998,0.27450980392156854,14.071729344392415,False,False,-19.459999999999887,PARTIAL
USB,2025-08-04,bull_put,44.5,44.0,0.2343,0.2,1.1715,0.10309278350515462,7.109939281238036,False,False,23.43,WIN
WMT,2025-08-04,bull_put,100.0,99.0,0.4977,0.455,1.0938461538461537,0.027649769585253482,6.375204161307422,False,False,49.769999999999996,WIN
BAC,2025-08-04,bull_put,46.0,45.5,0.2283,0.215,1.061860465116279,0.03846153846153849,5.466261596715766,False,False,22.830000000000002,WIN
UNH,2025-08-04,bull_put,242.5,240.0,1.2491,1.35,0.9252592592592592,0.08955223880597017,4.8346984334357295,False,False,124.91000000000001,WIN
GE,2025-08-04,bull_put,277.5,275.0,1.2621,1.245,1.013734939759036,0.06289308176100618,3.0335754679503664,False,False,-122.79000000000092,PARTIAL
XOM,2025-08-04,bull_put,108.0,107.0,0.5554,0.5,1.1108,0.05714285714285704,2.891775467373553,False,False,-44.46,LOSS
JPM,2025-08-05,bull_put,292.5,290.0,1.216,1.115,1.0905829596412555,0.04697986577181197,6.335707469309269,False,False,-128.4,LOSS
GE,2025-08-05,bull_put,272.5,270.0,1.1785,1.01,1.166831683168317,0.11199999999999989,7.485718609364109,False,False,117.85000000000001,WIN
UNH,2025-08-05,bull_put,252.5,250.0,1.3368,1.3,1.0283076923076924,0.05181347150259067,8.835329594196299,False,False,-27.320000000001365,PARTIAL
MDT,2025-08-05,bull_put,90.0,89.0,0.473,0.44,1.075,0.32432432432432434,10.301380997355016,False,False,47.3,WIN
DHR,2025-08-05,bull_put,200.0,197.5,1.2065,1.25,0.9652,0.15652173913043485,10.493240600751314,False,False,120.64999999999999,WIN
BMY,2025-08-05,bull_put,46.0,45.5,0.2771,0.18,1.5394444444444446,0.27027027027027034,23.336853376167756,False,True,11.355000000000143,PARTIAL
UNH,2025-08-06,bull_put,247.5,245.0,1.3453,1.09,1.2342201834862383,0.06711409395973154,14.118495632160604,False,False,134.53,WIN
TJX,2025-08-06,bull_put,133.0,131.0,1.0634,1.515,0.7019141914191419,1.1847133757961783,3.6829127053061876,False,True,-56.659999999999556,PARTIAL
MA,2025-08-06,bull_put,570.0,567.5,1.1726,1.145,1.02410480349345,0.09395973154362419,2.9849643136786455,False,False,117.26,WIN
JPM,2025-08-06,bull_put,292.5,290.0,1.1632,1.125,1.0339555555555555,0.0613496932515337,1.9615652192215356,False,False,-133.68,LOSS
FCX,2025-08-06,bull_put,40.0,39.5,0.2321,0.23,1.0091304347826087,0.08000000000000007,0.7179292941957496,False,False,23.21,WIN
SPY,2025-08-06,bull_put,634.0,633.0,0.5596,0.49,1.1420408163265305,0.0069686411149825845,0.535485028638538,False,False,55.96,WIN
NFLX,2025-08-07,bull_put,1182.5,1180.0,1.2875,1.3,0.9903846153846154,0.099009900990099,0.007111072648252701,False,False,128.75,WIN
REGN,2025-08-07,bull_put,562.5,560.0,1.4233,1.8,0.7907222222222222,1.2727272727272727,0.3220978264940904,False,True,142.33,WIN
MA,2025-08-07,bull_put,562.5,560.0,1.221,1.055,1.1573459715639811,0.2580645161290322,0.0053424339882502435,False,False,122.10000000000001,WIN
HD,2025-08-07,bull_put,387.5,385.0,1.4695,1.2,1.2245833333333334,0.17142857142857149,52.08673667701546,False,False,146.95,WIN
CL,2025-08-07,bull_put,85.0,84.0,0.4738,0.375,1.2634666666666667,0.18181818181818177,106.24779798993504,False,True,8.189999999999886,PARTIAL
GOOGL,2025-08-07,bull_put,197.5,195.0,1.1574,1.155,1.0020779220779221,0.014742014742014645,3.515129309039259,False,False,115.74,WIN
UPS,2025-08-11,bull_put,87.0,86.0,0.5181,0.505,1.025940594059406,0.04982206405693939,23.606687006332734,False,False,51.81,WIN
SO,2025-08-11,bull_put,95.0,94.0,0.5234,0.525,0.9969523809523808,0.27027027027027023,20.173451933703756,False,False,-40.660000000000686,PARTIAL
ACN,2025-08-11,bull_put,240.0,237.5,1.3291,1.25,1.06328,0.06896551724137928,6.391875319520805,False,False,132.91,WIN
UNH,2025-08-11,bull_put,255.0,252.5,1.3954,1.375,1.0148363636363635,0.05555555555555552,5.295579721260192,False,False,139.54,WIN
CSX,2025-08-11,bull_put,35.5,35.0,0.2614,0.25,1.0456,0.18181818181818177,3.650924883658648,False,False,26.14,WIN
BAC,2025-08-11,bull_put,46.5,46.0,0.275,0.245,1.1224489795918369,0.04137931034482763,3.5280538329540176,False,False,27.500000000000004,WIN
FCX,2025-08-12,bull_put,42.5,42.0,0.2662,0.27,0.9859259259259259,0.08219178082191789,2.0062284631515466,False,False,6.309999999999971,PARTIAL
GOOGL,2025-08-12,bull_put,205.0,202.5,1.3401,1.255,1.0678087649402392,0.039215686274509776,3.1857665320323765,False,False,12.005000000000287,PARTIAL
IBM,2025-08-12,bull_put,235.0,232.5,1.1256,1.01,1.1144554455445543,0.14736842105263143,3.947037866561248,False,False,112.55999999999999,WIN
VRTX,2025-08-12,bull_put,390.0,387.5,1.3979,1.65,0.8472121212121212,0.18181818181818188,6.022540199058474,False,False,139.79,WIN
UNH,2025-08-12,bull_put,262.5,260.0,1.2158,1.04,1.1690384615384615,0.15789473684210517,10.60136211265098,False,False,121.58,WIN
UPS,2025-08-12,bull_put,88.0,87.0,0.5202,0.5,1.0404,0.04291845493562235,53.483874986889624,False,False,52.019999999999996,WIN
DHR,2025-08-13,bull_put,210.0,207.5,1.1938,1.7,0.7022352941176471,0.5161290322580646,13.999505951986244,False,True,119.38,WIN
UNH,2025-08-13,bull_put,272.5,270.0,1.225,1.25,0.9800000000000001,0.10810810810810807,13.618451186886423,False,False,122.50000000000001,WIN
SO,2025-08-13,bull_put,95.0,94.0,0.463,0.375,1.2346666666666668,0.4347826086956521,9.1459943252737,False,False,-46.70000000000068,PARTIAL
PYPL,2025-08-13,bull_put,71.0,70.0,0.4638,0.465,0.9974193548387096,0.06976744186046518,7.5553364035282975,False,False,-53.620000000000005,LOSS
FCX,2025-08-13,bull_put,43.0,42.5,0.2689,0.245,1.097551020408163,0.09677419354838718,7.125064635998761,False,False,-23.11,LOSS
MA,2025-08-13,bull_put,580.0,577.5,1.3903,1.05,1.3240952380952382,0.18784530386740342,3.0232090914172205,False,True,139.03,WIN
EOG,2025-08-14,bull_put,120.0,119.0,0.4691,0.425,1.103764705882353,0.5,6.316835654175456,False,False,-53.09,LOSS
BMY,2025-08-14,bull_put,48.0,47.5,0.244,0.15,1.6266666666666667,0.12048192771084333,13.77042827417745,False,True,24.4,WIN
JPM,2025-08-14,bull_put,295.0,292.5,1.1351,1.0,1.1351,0.17582417582417587,2.9470650830350684,False,False,-136.49,LOSS
UNH,2025-08-14,bull_put,272.5,270.0,1.2435,1.035,1.201449275362319,0.16905901116427427,19.395426076713242,False,False,124.35000000000001,WIN
CSX,2025-08-14,bull_put,36.5,36.0,0.3248,0.875,0.3712,1.4782608695652175,47.64817567993804,False,True,7.240000000000013,PARTIAL
INTC,2025-08-14,bull_put,24.0,23.5,0.287,0.285,1.0070175438596491,0.04081632653061228,13.943827630324206,True,False,28.7,WIN
PYPL,2025-08-18,bull_put,70.0,69.0,0.5074,0.475,1.0682105263157895,0.02690582959641238,16.86233099393141,False,False,20.37000000000028,PARTIAL
IBM,2025-08-18,bull_put,240.0,237.5,1.2273,1.12,1.0958035714285714,0.07662835249042153,7.084765863655742,False,False,122.73,WIN
JPM,2025-08-18,bull_put,292.5,290.0,1.2533,1.13,1.1091150442477877,0.032258064516129066,6.521806045985721,False,False,125.33000000000001,WIN
VZ,2025-08-18,bull_put,44.5,44.0,0.2326,0.205,1.1346341463414635,0.11111111111111106,5.786072258179366,False,False,8.629999999999887,PARTIAL
ACN,2025-08-18,bull_put,250.0,247.5,1.1678,1.125,1.0380444444444443,0.10810810810810807,3.651990120449684,False,False,116.78,WIN
UNH,2025-08-18,bull_put,310.0,307.5,1.3355,1.325,1.0079245283018867,0.02334630350194558,3.6205205511938483,False,False,-116.45,LOSS
UNH,2025-08-19,bull_put,305.0,302.5,1.2774,1.025,1.2462439024390246,0.14736842105263143,5.659783587694286,False,False,127.74000000000001,WIN
IBM,2025-08-19,bull_put,242.5,240.0,1.2926,1.145,1.1289082969432314,0.10344827586206891,6.964616436515932,False,False,44.130000000000166,PARTIAL
MA,2025-08-19,bull_put,587.5,585.0,1.3684,1.1,1.244,0.07692307692307698,3.3003493277361864,False,False,136.84,WIN
XOM,2025-08-19,bull_put,108.0,107.0,0.553,0.48,1.1520833333333336,0.06722689075630259,9.630045694897477,False,False,55.300000000000004,WIN
UPS,2025-08-19,bull_put,88.0,87.0,0.4689,0.425,1.1032941176470588,0.07766990291262142,46.87132376790088,False,False,46.89,WIN
ACN,2025-08-19,bull_put,257.5,255.0,1.3518,1.475,0.9164745762711863,0.19047619047619047,7.0336183264475,False,False,135.17999999999998,WIN
DHR,2025-08-20,bull_put,212.5,210.0,1.1544,0.8,1.443,0.6666666666666666,4.5590149294593605,False,True,22.720000000000574,PARTIAL
UNH,2025-08-20,bull_put,300.0,297.5,1.1491,1.1,1.0446363636363636,0.10526315789473682,6.426171682358116,False,False,114.91,WIN
ABBV,2025-08-20,bull_put,210.0,207.5,1.1929,1.055,1.1307109004739337,0.3554376657824934,4.051043675382663,False,False,119.29,WIN
V,2025-08-20,bull_put,345.0,342.5,1.1696,1.125,1.0396444444444444,0.07042253521126751,7.610936994621977,False,False,116.96,WIN
USB,2025-08-20,bull_put,46.5,46.0,0.253,0.19,1.331578947368421,0.11235955056179774,38.88750363674184,False,True,25.3,WIN
BMY,2025-08-20,bull_put,48.5,48.0,0.2561,0.155,1.652258064516129,0.3749999999999999,7.020485682697242,False,True,-24.39,LOSS
ACN,2025-08-21,bull_put,255.0,252.5,1.2561,1.175,1.0690212765957445,0.16326530612244894,48.55034651862891,False,False,125.61,WIN
GE,2025-08-21,bull_put,270.0,267.5,1.2298,1.61,0.7638509316770186,0.3307086614173229,5.008797508710649,False,False,-127.02,LOSS
EOG,2025-08-21,bull_put,119.0,118.0,0.5146,0.475,1.0833684210526315,0.18181818181818177,2.1087393544717674,False,False,51.459999999999994,WIN
MA,2025-08-21,bull_put,592.5,590.0,1.2168,2.05,0.5935609756097562,0.7513227513227514,1.9403232433822375,False,True,121.68,WIN
JPM,2025-08-21,bull_put,292.5,290.0,1.1699,1.16,1.0085344827586207,0.061601642710472256,0.3274992205530521,False,False,116.99,WIN
NFLX,2025-08-21,bull_put,1210.0,1207.5,1.3471,1.225,1.099673469387755,0.09424083769633511,-0.0015639556963652568,False,False,-115.29,LOSS
UNH,2025-08-25,bull_put,307.5,305.0,1.415,1.375,1.029090909090909,0.046948356807511735,3.9927282292302446,False,False,141.5,WIN
FCX,2025-08-25,bull_put,44.0,43.5,0.2797,0.255,1.0968627450980393,0.06060606060606053,4.781347374046786,False,False,27.97,WIN
QCOM,2025-08-25,bull_put,157.5,155.0,1.1811,1.165,1.0138197424892703,0.10612244897959193,1.786797441377278,False,False,118.11,WIN
UPS,2025-08-25,bull_put,88.0,87.0,0.4504,0.52,0.8661538461538462,0.1724137931034482,22.763553846009582,False,False,-10.960000000000225,PARTIAL
PYPL,2025-08-25,bull_put,70.0,69.0,0.5328,0.495,1.0763636363636364,0.06222222222222208,25.063052221690057,False,False,53.28000000000001,WIN
LOW,2025-08-25,bull_put,260.0,257.5,1.2505,1.13,1.106637168141593,0.07792207792207792,6.4141338355034945,False,False,-68.94999999999978,PARTIAL
UPS,2025-08-26,bull_put,88.0,87.0,0.4981,0.49,1.016530612244898,0.06060606060606047,28.959000867272465,False,False,-6.190000000000229,PARTIAL
FCX,2025-08-26,bull_put,44.5,44.0,0.2863,0.225,1.2724444444444445,0.045801526717557293,18.555659674663723,False,True,9.314999999999928,PARTIAL
V,2025-08-26,bull_put,352.5,350.0,1.2407,1.09,1.1382568807339448,0.16640502354788075,12.034083168030016,False,False,26.034999999998632,PARTIAL
GE,2025-08-26,bull_put,275.0,272.5,1.2039,1.245,0.9669879518072289,0.13740458015267182,4.095286972867516,False,False,120.39,WIN
JPM,2025-08-26,bull_put,300.0,297.5,1.2697,1.185,1.071476793248945,0.06779661016949143,2.8233557616250495,False,False,126.97,WIN
UNH,2025-08-26,bull_put,302.5,300.0,1.3003,1.3,1.0002307692307693,0.10232558139534897,1.5971312706154015,False,False,130.03,WIN
REGN,2025-08-27,bull_put,590.0,587.5,1.3002,0.525,2.4765714285714284,0.8489208633093526,-0.0016669795159433424,False,True,-119.98,LOSS
MA,2025-08-27,bull_put,592.5,590.0,1.1982,1.225,0.9781224489795917,0.11904761904761904,0.025031703615988176,False,False,119.82,WIN
SPY,2025-08-27,bull_put,648.0,647.0,0.5405,0.485,1.1144329896907217,0.008608321377331363,0.0592957540031669,False,False,-45.95,LOSS
PEP,2025-08-27,bull_put,148.0,147.0,0.4811,0.405,1.1879012345679012,0.6666666666666666,0.06790445280377737,False,True,48.11,WIN
VRTX,2025-08-27,bull_put,390.0,387.5,1.156,3.55,0.3256338028169014,1.0476190476190477,4.074331357558067,False,True,115.6,WIN
UNH,2025-08-27,bull_put,305.0,302.5,1.2223,1.22,1.0018852459016394,0.07407407407407407,9.543066879571075,False,False,122.22999999999999,WIN
GOOGL,2025-08-28,bull_put,212.5,210.0,1.2348,0.94,1.3136170212765956,0.20215053763440868,12.62929090035854,False,True,123.47999999999999,WIN
REGN,2025-08-28,bull_put,582.5,580.0,1.3952,0.6,2.3253333333333335,1.5714285714285716,0.08937913323695977,False,True,-40.47999999999546,PARTIAL
NFLX,2025-08-28,bull_put,1232.5,1230.0,1.2005,1.375,0.873090909090909,0.13235294117647065,-0.01458405002734649,False,False,-129.95000000000002,LOSS
COST,2025-08-28,bull_put,947.5,945.0,1.3688,1.275,1.0735686274509806,0.11764705882352952,-0.052839456363790165,False,False,-113.12,LOSS
BLK,2025-08-28,bull_put,1132.5,1130.0,1.2538,1.825,0.6870136986301371,1.1931330472103006,-0.05721954690278112,False,True,-124.62,LOSS
QQQ,2025-08-28,bull_put,578.0,577.0,0.487,0.5,0.974,0.04534005037783369,-0.12149118048630972,False,False,-51.300000000000004,LOSS
ABT,2025-09-02,bull_put,132.0,131.0,0.5397,0.435,1.2406896551724138,0.106060606060606,0.9678715509176776,False,False,53.97,WIN
MA,2025-09-02,bull_put,592.5,590.0,1.1852,1.175,1.0086808510638299,0.1215469613259668,2.7558974841367636,False,False,-131.48,LOSS
UNH,2025-09-02,bull_put,310.0,307.5,1.2304,1.1,1.1185454545454545,0.04545454545454549,3.1874373086572114,False,False,123.03999999999999,WIN
MMM,2025-09-02,bull_put,155.0,152.5,1.1772,1.115,1.0557847533632287,0.16793893129770987,7.898736120466248,False,False,117.72,WIN
VZ,2025-09-02,bull_put,44.0,43.5,0.2621,0.195,1.3441025641025641,0.05217391304347812,10.021068265978448,False,True,26.21,WIN
ACN,2025-09-02,bull_put,257.5,255.0,1.3159,1.575,0.8354920634920635,0.3703703703703704,14.856921380092817,False,False,-118.41,LOSS
FCX,2025-09-03,bull_put,46.5,46.0,0.3242,0.245,1.3232653061224489,0.08108108108108115,24.76599316794118,False,True,8.21000000000017,PARTIAL
ACN,2025-09-03,bull_put,255.0,252.5,1.2518,0.85,1.4727058823529413,1.0814814814814815,13.871034873711832,False,True,60.089999999999435,PARTIAL
NEE,2025-09-03,bull_put,72.0,71.0,0.4653,0.43,1.082093023255814,0.09655172413793112,12.446533039606352,False,False,-53.47,LOSS
UNH,2025-09-03,bull_put,310.0,307.5,1.4576,0.2,7.287999999999999,0.4128686327077748,12.42792335588084,False,True,145.76,WIN
VRTX,2025-09-03,bull_put,397.5,395.0,1.2633,2.225,0.5677752808988764,0.5263157894736842,9.918370860481083,False,True,-11.669999999999536,PARTIAL
JPM,2025-09-03,bull_put,300.0,297.5,1.1319,1.02,1.109705882352941,0.035398230088495415,9.280134803618035,False,False,-136.81,LOSS
COST,2025-09-04,bull_put,957.5,955.0,1.3353,1.15,1.1611304347826088,0.18775510204081639,0.0013432956450369264,False,False,133.53,WIN
NFLX,2025-09-04,bull_put,1260.0,1257.5,1.3109,1.4,0.9363571428571429,0.08536585365853672,0.02585195850284245,False,False,-118.91000000000001,LOSS
DE,2025-09-04,bull_put,475.0,472.5,1.2398,2.515,0.49296222664015904,1.1704668838219328,1.4452097040442153,False,True,-50.020000000000906,PARTIAL
ISRG,2025-09-04,bull_put,455.0,452.5,1.3022,1.05,1.240190476190476,1.3366834170854272,3.5841470938304067,False,True,130.22,WIN
ABT,2025-09-04,bull_put,133.0,132.0,0.4721,0.455,1.0375824175824175,0.4052287581699347,40.710944313789554,False,False,20.604999999999887,PARTIAL
LOW,2025-09-04,bull_put,265.0,262.5,1.155,1.145,1.0087336244541485,0.5227272727272727,46.016492719285296,False,True,115.5,WIN
UPS,2025-09-08,bull_put,85.0,84.0,0.5298,0.52,1.018846153846154,0.05323193916349815,23.174426069967254,False,False,-12.020000000000564,PARTIAL
DHR,2025-09-08,bull_put,200.0,197.5,1.3358,0.8,1.66975,0.17599999999999993,10.769959867285579,False,True,-116.41999999999999,LOSS
ACN,2025-09-08,bull_put,257.5,255.0,1.4117,1.25,1.12936,0.11764705882352941,6.79646777765682,False,False,-108.83,LOSS
VRTX,2025-09-08,bull_put,397.5,395.0,1.4137,1.15,1.229304347826087,0.4230769230769232,3.0863270409818684,False,False,-108.63000000000001,LOSS
UNH,2025-09-08,bull_put,322.5,320.0,1.3241,1.175,1.1268936170212767,0.03278688524590167,1.5515536038064999,False,False,132.41,WIN
PYPL,2025-09-08,bull_put,69.0,68.0,0.491,0.515,0.9533980582524272,0.04800000000000004,1.3890718421807469,False,False,-50.9,LOSS
GILD,2025-09-09,bull_put,116.0,115.0,0.5172,1.045,0.4949282296650718,0.8113695090439278,1.8802049723631817,False,True,-48.28,LOSS
VRTX,2025-09-09,bull_put,397.5,395.0,1.2404,1.175,1.055659574468085,0.944,3.607835065386812,False,True,-125.96000000000001,LOSS
HON,2025-09-09,bull_put,215.0,212.5,1.1603,1.075,1.0793488372093025,0.1234567901234568,1.276736580162337,False,False,-133.97,LOSS
PYPL,2025-09-09,bull_put,68.0,67.0,0.4665,0.46,1.0141304347826088,0.03773584905660381,5.430590981762886,False,False,-53.349999999999994,LOSS
SBUX,2025-09-09,bull_put,84.0,83.0,0.4654,0.475,0.9797894736842105,0.128440366972477,9.437650740806681,False,False,-53.459999999999994,LOSS
IBM,2025-09-09,bull_put,260.0,257.5,1.2433,1.505,0.8261129568106313,0.3776223776223776,3.716403453631224,False,False,-125.66999999999999,LOSS
SO,2025-09-10,bull_put,92.0,91.0,0.5738,0.625,0.91808,0.5555555555555555,59.38193397425471,False,True,57.379999999999995,WIN
PYPL,2025-09-10,bull_put,66.0,65.0,0.4727,0.465,1.0165591397849463,0.06521739130434777,10.311822271698341,False,False,47.27,WIN
GE,2025-09-10,bull_put,285.0,282.5,1.3525,1.14,1.18640350877193,0.1037037037037036,8.339679178796207,False,False,-114.75,LOSS
MS,2025-09-10,bull_put,155.0,152.5,1.1653,0.945,1.2331216931216933,0.05747126436781615,3.8771905361153896,False,False,116.53,WIN
UNH,2025-09-10,bull_put,347.5,345.0,1.2442,1.2,1.0368333333333333,0.05405405405405406,2.7229466394042614,False,False,124.42,WIN
LOW,2025-09-10,bull_put,267.5,265.0,1.2152,1.065,1.1410328638497653,0.10350584307178633,1.431842222821816,False,False,121.52000000000001,WIN
NFLX,2025-09-11,bull_put,1207.5,1205.0,1.3751,1.4,0.9822142857142858,0.09156626506024089,0.0009400895254442169,False,False,-112.49,LOSS
NSC,2025-09-11,bull_put,275.0,272.5,1.3259,0.475,2.7913684210526317,1.4545454545454546,3.674047968550429,False,True,52.295000000001366,PARTIAL
UNH,2025-09-11,bull_put,355.0,352.5,1.2583,1.22,1.0313934426229507,0.05633802816901401,3.88528461976224,False,False,-123.17000000000091,PARTIAL
ABT,2025-09-11,bull_put,133.0,132.0,0.5011,0.615,0.8147967479674797,0.45925925925925914,20.301116031502016,False,False,50.11,WIN
ACN,2025-09-11,bull_put,245.0,242.5,1.1506,1.15,1.0005217391304349,0.22727272727272735,23.67067206724199,False,False,-134.94,LOSS
FCX,2025-09-11,bull_put,46.0,45.5,0.2784,0.285,0.976842105263158,0.3917525773195875,67.74116373423291,False,False,-22.16,LOSS
QCOM,2025-09-15,bull_put,162.5,160.0,1.2747,1.305,0.9767816091954024,0.08726003490401396,6.558552971369628,False,False,127.47,WIN
DHR,2025-09-15,bull_put,190.0,187.5,1.3015,1.275,1.0207843137254904,0.11111111111111109,4.81028956990008,False,False,130.15,WIN
V,2025-09-15,bull_put,340.0,337.5,1.2211,1.15,1.061826086956522,0.06622516556291391,4.715930334100531,False,False,122.11000000000001,WIN
BA,2025-09-15,bull_put,217.5,215.0,1.3695,1.305,1.049425287356322,0.052631578947368356,4.514026435703369,False,False,-48.049999999999436,PARTIAL
ADP,2025-09-15,bull_put,292.5,290.0,1.3499,1.2,1.1249166666666668,0.11764705882352937,4.0812684986318075,False,False,42.495000000000005,PARTIAL
ACN,2025-09-15,bull_put,240.0,237.5,1.3771,1.35,1.020074074074074,0.06315789473684226,2.152382022943075,False,False,53.85499999999943,PARTIAL
QCOM,2025-09-16,bull_put,165.0,162.5,1.1658,1.195,0.9755648535564853,0.09195402298850565,3.2977939203793305,False,False,116.58,WIN
VZ,2025-09-16,bull_put,44.0,43.5,0.2651,0.225,1.1782222222222223,0.0674157303370787,3.3191148334511906,False,False,-23.49,LOSS
USB,2025-09-16,bull_put,48.5,48.0,0.2272,0.22,1.0327272727272727,0.12173913043478253,1.4548776758805906,False,False,22.720000000000002,WIN
ACN,2025-09-16,bull_put,237.5,235.0,1.1782,1.225,0.9617959183673468,0.1666666666666667,7.587648255439329,False,False,117.82,WIN
PYPL,2025-09-16,bull_put,67.0,66.0,0.4586,0.435,1.0542528735632184,0.03108808290155443,12.448552482172131,False,False,45.86,WIN
WMT,2025-09-16,bull_put,104.0,103.0,0.5105,0.505,1.010891089108911,0.0677966101694916,5.7048689615343875,False,False,-48.949999999999996,LOSS
MDT,2025-09-17,bull_put,95.0,94.0,0.5062,0.55,0.9203636363636363,0.15909090909090898,27.773026455688875,False,False,50.62,WIN
PYPL,2025-09-17,bull_put,69.0,68.0,0.4877,0.485,1.0055670103092784,0.08080808080808088,18.001863095976613,False,False,-29.23000000000011,PARTIAL
V,2025-09-17,bull_put,347.5,345.0,1.2629,1.195,1.0568200836820083,0.23270440251572322,14.443518208298435,False,False,-123.71000000000001,LOSS
VRTX,2025-09-17,bull_put,387.5,385.0,1.2391,1.1,1.1264545454545454,0.19178082191780826,9.380967347271318,False,False,-126.08999999999999,LOSS
ADP,2025-09-17,bull_put,290.0,287.5,1.2846,0.675,1.903111111111111,0.8907563025210085,6.7629385531792074,False,True,128.46,WIN
ACN,2025-09-17,bull_put,242.5,240.0,1.2626,1.7,0.7427058823529412,0.35897435897435886,5.501078410495205,False,False,-123.74000000000001,LOSS
TSLA,2025-09-18,bull_put,420.0,417.5,1.4434,1.425,1.0129122807017543,0.014184397163120517,-0.05274844441172332,False,False,144.34,WIN
NFLX,2025-09-18,bull_put,1210.0,1207.5,1.2418,1.2,1.0348333333333335,0.04301075268817208,-0.010803110355637425,False,False,124.18,WIN
COST,2025-09-18,bull_put,955.0,952.5,1.3513,0.775,1.7436129032258063,0.11063829787234049,-0.05875370287360716,False,True,-114.87,LOSS
ISRG,2025-09-18,bull_put,437.5,435.0,1.291,0.275,4.6945454545454535,0.21052631578947376,0.09977471773234016,False,True,129.1,WIN
MRK,2025-09-18,bull_put,82.0,81.0,0.4859,0.495,0.9816161616161616,0.06315789473684205,1.164355529952633,False,False,-0.40999999999948855,PARTIAL
ORCL,2025-09-18,bull_put,297.5,295.0,1.2286,1.275,0.9636078431372549,0.055248618784530384,-0.00326219024783611,True,False,122.85999999999999,WIN
BA,2025-09-22,bull_put,212.5,210.0,1.1813,1.145,1.031703056768559,0.04724409448818895,2.358519346622993,False,False,118.13,WIN
V,2025-09-22,bull_put,345.0,342.5,1.1564,1.115,1.0371300448430494,0.0571428571428572,2.484948796541985,False,False,-134.35999999999999,LOSS
SBUX,2025-09-22,bull_put,86.0,85.0,0.5171,0.52,0.9944230769230769,0.05369127516778528,1.893860857533585,False,False,-48.29,LOSS
PYPL,2025-09-22,bull_put,68.0,67.0,0.4678,0.465,1.006021505376344,0.0555555555555556,3.3724945271418316,False,False,-23.220000000000283,PARTIAL
AMGN,2025-09-22,bull_put,287.5,285.0,1.3773,1.6,0.8608125,0.18390804597701146,3.43477052374103,False,False,-112.27000000000001,LOSS
AAPL,2025-09-22,bull_put,257.5,255.0,1.2983,1.27,1.0222834645669292,0.027777777777777804,3.203075345583869,False,False,-74.1699999999992,PARTIAL
UPS,2025-09-23,bull_put,85.0,84.0,0.5199,0.51,1.0194117647058825,0.07659574468085115,36.41149689921865,False,False,-48.010000000000005,LOSS
SBUX,2025-09-23,bull_put,86.0,85.0,0.5241,0.48,1.0918750000000002,0.0677966101694916,31.056727047780765,False,False,-47.589999999999996,LOSS
HON,2025-09-23,bull_put,210.0,207.5,1.1847,1.05,1.1282857142857143,0.2777777777777777,24.823659394971287,False,False,-62.53000000000022,PARTIAL
SO,2025-09-23,bull_put,94.0,93.0,0.4909,0.55,0.8925454545454545,0.5,9.67585729317241,False,False,49.09,WIN
WMT,2025-09-23,bull_put,103.0,102.0,0.5179,0.47,1.1019148936170213,0.03448275862068969,7.773061613384104,False,False,51.790000000000006,WIN
TJX,2025-09-23,bull_put,140.0,139.0,0.5276,0.455,1.1595604395604395,0.13698630136986292,6.451087161525443,False,False,52.76,WIN
ADP,2025-09-24,bull_put,292.5,290.0,1.2242,0.95,1.2886315789473684,0.6482758620689654,2.4682545199636756,False,True,13.21000000000102,PARTIAL
UNH,2025-09-24,bull_put,352.5,350.0,1.1927,1.225,0.9736326530612245,0.057803468208092484,2.3438706265753138,False,False,-130.73,LOSS
FCX,2025-09-24,bull_put,38.0,37.0,0.4643,0.495,0.937979797979798,0.18784530386740336,3.547735618172351,False,False,-53.56999999999999,LOSS
EMR,2025-09-24,bull_put,132.0,131.0,0.481,0.425,1.131764705882353,0.2564102564102565,4.1961936416716705,False,False,-51.9,LOSS
V,2025-09-24,bull_put,340.0,337.5,1.2123,1.155,1.0496103896103894,0.11409395973154357,4.514399616761451,False,False,-128.77,LOSS
VRTX,2025-09-24,bull_put,377.5,375.0,1.3682,1.075,1.2727441860465118,0.3724137931034482,12.684217771430117,False,True,136.82000000000002,WIN
SCHW,2025-09-25,bull_put,95.0,94.0,0.506,0.41,1.2341463414634146,0.16541353383458643,120.188259217339,False,False,50.6,WIN
IBM,2025-09-25,bull_put,282.5,280.0,1.2747,1.505,0.8469767441860465,0.33846153846153837,7.9763585918194035,False,False,127.47,WIN
AMGN,2025-09-25,bull_put,272.5,270.0,1.2673,1.285,0.9862256809338523,0.27376425855513314,1.7489680194106036,False,False,126.73,WIN
ADP,2025-09-25,bull_put,290.0,287.5,1.1529,1.1,1.048090909090909,0.1359223300970874,0.16583517617893961,False,False,115.29,WIN
REGN,2025-09-25,bull_put,557.5,555.0,1.2568,1.65,0.7616969696969697,1.5849056603773586,0.009638400210605127,False,True,125.67999999999999,WIN
NFLX,2025-09-25,bull_put,1210.0,1207.5,1.2681,1.25,1.01448,0.11560693641618497,-0.005830407745106569,False,False,126.81,WIN
MMM,2025-09-29,bull_put,155.0,152.5,1.2989,1.255,1.034980079681275,0.15573770491803274,6.61134713955067,False,False,129.89,WIN
PYPL,2025-09-29,bull_put,70.0,69.0,0.4815,0.475,1.0136842105263157,0.02510460251046028,7.940520021904511,False,False,-26.85,PARTIAL
TJX,2025-09-29,bull_put,144.0,143.0,0.5876,0.46,1.277391304347826,0.11290322580645172,12.160521110035079,False,True,-41.24,LOSS
UPS,2025-09-29,bull_put,85.0,84.0,0.5098,0.515,0.9899029126213592,0.06837606837606844,52.011342409925874,False,False,50.980000000000004,WIN
CSX,2025-09-29,bull_put,36.0,35.0,0.5081,0.425,1.195529411764706,0.08695652173913032,298.40004319219963,False,False,50.81,WIN
MS,2025-09-29,bull_put,162.5,160.0,1.4133,1.06,1.3333018867924529,0.0994475138121547,14.486813215664972,False,True,-108.67,LOSS
UPS,2025-09-30,bull_put,84.0,83.0,0.4953,0.485,1.021237113402062,0.06392694063926926,45.20908221039535,False,False,49.53,WIN
ACN,2025-09-30,bull_put,247.5,245.0,1.2076,1.05,1.150095238095238,0.11764705882352937,7.956479444229161,False,False,-97.24000000000068,PARTIAL
V,2025-09-30,bull_put,342.5,340.0,1.2144,1.3,0.9341538461538461,0.2740524781341108,7.05035501981686,False,False,121.44,WIN
DHR,2025-09-30,bull_put,200.0,197.5,1.3868,1.7,0.815764705882353,0.7733333333333334,4.125482795493627,False,True,138.68,WIN
UNH,2025-09-30,bull_put,347.5,345.0,1.4498,1.475,0.9829152542372881,0.5040650406504066,3.439306163970773,False,True,144.98,WIN
SBUX,2025-09-30,bull_put,85.0,84.0,0.4787,0.475,1.0077894736842106,0.04761904761904766,3.2953552677451534,False,False,47.870000000000005,WIN
UNH,2025-10-01,bull_put,350.0,347.5,1.3042,1.3,1.0032307692307691,0.04926108374384236,2.155882617419529,False,False,130.42000000000002,WIN
GE,2025-10-01,bull_put,302.5,300.0,1.2894,1.515,0.8510891089108912,0.1818181818181818,1.8861570876284663,False,False,-121.05999999999999,LOSS
ADP,2025-10-01,bull_put,292.5,290.0,1.1831,0.975,1.2134358974358974,0.7768595041322314,4.016241355982313,False,True,-0.6899999999997686,PARTIAL
SBUX,2025-10-01,bull_put,85.0,84.0,0.5713,0.575,0.9935652173913044,0.1803921568627451,8.68019572548269,False,False,57.13,WIN
NEE,2025-10-01,bull_put,79.0,78.0,0.4737,0.34,1.393235294117647,0.3466666666666667,21.208407561965515,False,True,47.370000000000005,WIN
ACN,2025-10-01,bull_put,245.0,242.5,1.3834,1.45,0.9540689655172414,0.09523809523809519,21.214448782169693,False,False,138.34,WIN
ABBV,2025-10-02,bull_put,237.5,235.0,1.2562,1.145,1.0971179039301309,0.4485488126649076,40.30838103382274,False,False,-124.38,LOSS
FCX,2025-10-02,bull_put,39.0,38.5,0.2493,0.175,1.4245714285714286,0.1149425287356323,37.26932787286113,False,True,24.93,WIN
UNH,2025-10-02,bull_put,355.0,352.5,1.3391,1.26,1.0627777777777778,0.11594202898550722,18.56293033495984,False,False,133.91,WIN
CRM,2025-10-02,bull_put,240.0,237.5,1.2564,1.22,1.0298360655737704,0.06639004149377599,6.578818713266131,False,False,125.64,WIN
GE,2025-10-02,bull_put,300.0,297.5,1.1323,1.065,1.063192488262911,0.251207729468599,3.842539585283906,False,False,-136.76999999999998,LOSS
IBM,2025-10-02,bull_put,287.5,285.0,1.1756,1.115,1.0543497757847533,0.13711583924349874,2.316704706792539,False,False,117.56,WIN
QCOM,2025-10-06,bull_put,170.0,167.5,1.29,1.285,1.0038910505836576,0.06451612903225812,5.621432955134562,False,False,-121.0,LOSS
NEE,2025-10-06,bull_put,83.0,82.0,0.6593,0.605,1.0897520661157025,0.2184873949579831,7.73120518924805,False,False,65.93,WIN
ACN,2025-10-06,bull_put,250.0,247.5,1.5122,1.55,0.9756129032258064,0.07547169811320761,8.377106994852445,False,False,-98.78,LOSS
SO,2025-10-06,bull_put,96.0,95.0,0.5924,0.5,1.1848,0.20000000000000007,62.17229554645953,False,False,59.24,WIN
UPS,2025-10-06,bull_put,87.0,86.0,0.5306,0.5,1.0612,0.09756097560975618,73.65931984655025,False,False,-46.94,LOSS
CVX,2025-10-06,bull_put,155.0,152.5,1.2397,1.125,1.1019555555555556,0.06615776081424932,81.10756063959568,False,False,-126.03,LOSS
ACN,2025-10-07,bull_put,252.5,250.0,1.3845,1.45,0.9548275862068967,0.08333333333333341,13.070912930869907,False,False,-111.55,LOSS
EOG,2025-10-07,bull_put,111.0,110.0,0.5817,0.5,1.1634,0.09836065573770501,6.410329683767206,False,False,-41.83,LOSS
PYPL,2025-10-07,bull_put,75.0,74.0,0.5088,0.515,0.9879611650485437,0.04081632653061228,5.93390559489948,False,False,-49.120000000000005,LOSS
FCX,2025-10-07,bull_put,41.0,40.5,0.2739,0.255,1.0741176470588234,0.035928143712574884,4.906830801384627,False,False,7.695000000000126,PARTIAL
MDT,2025-10-07,bull_put,99.0,98.0,0.5644,0.5,1.1288,0.12099644128113873,3.2134350397342004,False,False,-43.56,LOSS
DHR,2025-10-07,bull_put,210.0,207.5,1.2727,1.475,0.8628474576271186,0.08955223880597009,3.1289737180839388,False,False,-122.73,LOSS
UNH,2025-10-08,bull_put,372.5,370.0,1.4006,1.425,0.9828771929824561,0.054545454545454675,1.6830041175997794,False,False,-109.94,LOSS
V,2025-10-08,bull_put,352.5,350.0,1.2058,1.11,1.086306306306306,0.21465076660988072,6.115604166011067,False,False,-129.42000000000002,LOSS
BAC,2025-10-08,bull_put,50.0,49.5,0.2278,0.225,1.0124444444444445,0.06185567010309284,0.7911597397508456,False,False,-27.22,LOSS
FCX,2025-10-08,bull_put,43.0,42.5,0.2703,0.23,1.1752173913043478,0.06250000000000006,21.32963059585268,False,False,-22.97,LOSS
HON,2025-10-08,bull_put,210.0,207.5,1.273,1.0,1.273,0.5128205128205129,123.57226440812258,False,True,-122.7,LOSS
ACN,2025-10-08,bull_put,255.0,252.5,1.5241,1.525,0.9994098360655739,0.18181818181818177,7.921520489501115,False,False,-97.59,LOSS
ACN,2025-10-09,bull_put,252.5,250.0,1.3386,2.0,0.6693,0.4900662251655629,92.47945593197582,False,False,-116.14,LOSS
GILD,2025-10-09,bull_put,117.0,116.0,0.4912,0.29,1.693793103448276,1.1858407079646018,3.6962171468744582,False,True,49.120000000000005,WIN
REGN,2025-10-09,bull_put,572.5,570.0,1.4919,0.775,1.925032258064516,1.1,0.9727525618230501,False,True,-100.81,LOSS
TMO,2025-10-09,bull_put,535.0,532.5,1.3125,-0.2,-6.5625,0.8051948051948054,0.5436122098915491,False,True,-118.75,LOSS
COST,2025-10-09,bull_put,945.0,942.5,1.4178,1.375,1.0311272727272727,0.10138248847926262,0.34375869510839757,False,False,-108.22,LOSS
ISRG,2025-10-09,bull_put,445.0,442.5,1.2092,1.275,0.9483921568627453,0.11764705882352941,0.033081272671654435,False,False,-129.07999999999998,LOSS
ACN,2025-10-13,bull_put,245.0,242.5,1.2704,1.15,1.104695652173913,0.11235955056179775,1.974275541652486,False,False,-122.96000000000001,LOSS
QCOM,2025-10-13,bull_put,162.5,160.0,1.1514,1.13,1.0189380530973453,0.13036565977742454,3.1557536230667047,False,False,115.14,WIN
BA,2025-10-13,bull_put,217.5,215.0,1.3967,1.32,1.0581060606060606,0.08284023668639066,3.3861177756315852,False,False,-110.33,LOSS
XOM,2025-10-13,bull_put,113.0,112.0,0.5692,0.56,1.0164285714285715,0.10389610389610399,4.999731905624361,False,False,-19.080000000000506,PARTIAL
UPS,2025-10-13,bull_put,84.0,83.0,0.5493,0.48,1.1443750000000001,0.05642633228840117,8.704412023240675,False,False,54.93,WIN
ADP,2025-10-13,bull_put,285.0,282.5,1.1579,1.125,1.0292444444444444,0.3362831858407079,9.976867373974663,False,False,-134.21,LOSS
MDT,2025-10-14,bull_put,97.0,96.0,0.5667,0.465,1.2187096774193547,0.29482071713147406,21.39545020789197,False,False,-43.33,LOSS
ADP,2025-10-14,bull_put,287.5,285.0,1.3346,0.875,1.5252571428571429,1.0285714285714285,5.395330844998749,False,True,-116.53999999999999,LOSS
NEE,2025-10-14,bull_put,85.0,84.0,0.5231,0.37,1.4137837837837839,0.588235294117647,4.968449795740592,False,True,2.655000000000057,PARTIAL
ACN,2025-10-14,bull_put,245.0,242.5,1.1593,0.95,1.2203157894736842,0.43478260869565216,3.4484656063560246,False,False,-134.07,LOSS
WMT,2025-10-14,bull_put,108.0,107.0,0.5449,0.54,1.009074074074074,0.06172839506172831,1.8344369652833585,False,False,13.745000000000202,PARTIAL
BMY,2025-10-14,bull_put,44.0,43.5,0.2461,0.26,0.9465384615384616,0.15602836879432622,1.1771295269678987,False,False,-12.389999999999743,PARTIAL
EMR,2025-10-15,bull_put,131.0,130.0,0.5877,0.65,0.9041538461538461,0.43037974683544294,1.4557634062072975,False,False,-41.23,LOSS
BA,2025-10-15,bull_put,215.0,212.5,1.2362,1.13,1.0939823008849558,0.0689655172413793,4.637172061951607,False,False,-82.38000000000024,PARTIAL
GOOGL,2025-10-15,bull_put,252.5,250.0,1.27,1.27,1.0,0.0571428571428572,0.6702938912262859,False,False,127.0,WIN
UNH,2025-10-15,bull_put,362.5,360.0,1.3892,1.05,1.323047619047619,0.11640211640211637,6.61175204098766,False,True,-111.08,LOSS
ADP,2025-10-15,bull_put,285.0,282.5,1.192,0.55,2.167272727272727,0.4778761061946903,10.565163347756936,False,True,-130.8,LOSS
SBUX,2025-10-15,bull_put,83.0,82.0,0.4555,0.54,0.8435185185185184,0.36286919831223624,5.7662810380067215,False,False,45.550000000000004,WIN
UPS,2025-10-16,bull_put,86.0,85.0,0.5178,0.61,0.8488524590163935,1.0954773869346734,79.092215248952,False,True,51.78,WIN
ACN,2025-10-16,bull_put,235.0,232.5,1.2926,1.525,0.8476065573770493,0.23999999999999985,61.28389802577858,False,False,129.26,WIN
PG,2025-10-16,bull_put,150.0,149.0,0.5525,0.415,1.3313253012048194,0.8949416342412452,34.63461977466252,False,True,55.25,WIN
UNH,2025-10-16,bull_put,357.5,355.0,1.2722,1.145,1.1110917030567686,0.30647709320695093,30.07525643717655,False,False,18.610000000001136,PARTIAL
ABT,2025-10-16,bull_put,128.0,127.0,0.528,0.61,0.8655737704918033,0.6666666666666666,19.84855753079464,False,True,52.800000000000004,WIN
GM,2025-10-16,bull_put,57.5,57.0,0.269,0.22,1.2227272727272729,0.2521008403361345,19.61288690341091,False,False,26.900000000000002,WIN
ACN,2025-10-20,bull_put,242.5,240.0,1.1522,1.0,1.1522,0.21621621621621617,1.965865502543466,False,False,115.21999999999998,WIN
SBUX,2025-10-20,bull_put,85.0,84.0,0.4915,0.45,1.0922222222222222,0.10752688172043004,3.1934897420043233,False,False,49.15,WIN
XOM,2025-10-20,bull_put,113.0,112.0,0.4881,0.42,1.1621428571428571,0.07659574468085115,1.7520603525169418,False,False,48.809999999999995,WIN
ABBV,2025-10-20,bull_put,232.5,230.0,1.1853,0.99,1.1972727272727273,0.24096385542168677,5.396765877568512,False,False,-131.47,LOSS
VZ,2025-10-20,bull_put,41.0,40.5,0.2573,0.315,0.8168253968253968,0.4299065420560748,16.896630314531276,False,False,-24.27,LOSS
ABT,2025-10-20,bull_put,130.0,129.0,0.5566,0.33,1.6866666666666665,0.2677165354330707,3.700658679206966,False,True,-44.34,LOSS
GILD,2025-10-21,bull_put,125.0,124.0,0.6257,0.995,0.6288442211055276,0.5720430107526883,1.4651699027664198,False,True,-37.43,LOSS
ACN,2025-10-21,bull_put,252.5,250.0,1.3103,1.575,0.831936507936508,0.12658227848101264,1.8268954933574642,False,False,-118.97,LOSS
UNH,2025-10-21,bull_put,367.5,365.0,1.2747,1.35,0.9442222222222221,0.061674008810572625,0.7639859254152497,False,False,-122.53,LOSS
MRK,2025-10-21,bull_put,88.0,87.0,0.5433,0.51,1.0652941176470587,0.14559386973180075,3.516736796786313,False,False,1.6649999999997445,PARTIAL
PFE,2025-10-21,bull_put,25.0,24.5,0.2373,0.195,1.216923076923077,0.13793103448275854,22.89549978059214,False,False,-0.2699999999998426,PARTIAL
ABBV,2025-10-21,bull_put,232.5,230.0,1.2571,1.17,1.0744444444444445,0.7005870841487281,2.340428663550666,False,True,-124.28999999999999,LOSS
CSCO,2025-10-22,bull_put,71.0,70.0,0.4966,0.455,1.0914285714285714,0.14569536423841073,93.49421422476847,False,False,6.329999999999772,PARTIAL
SO,2025-10-22,bull_put,98.0,97.0,0.5629,0.6,0.9381666666666666,0.4444444444444446,14.775000996220726,False,False,-43.71,LOSS
QCOM,2025-10-22,bull_put,170.0,167.5,1.1633,1.38,0.8429710144927537,0.36893203883495135,12.211218382676776,False,False,5.164999999999886,PARTIAL
XOM,2025-10-22,bull_put,115.0,114.0,0.485,0.435,1.1149425287356323,0.14,9.434309528860188,False,False,48.5,WIN
BA,2025-10-22,bull_put,217.5,215.0,1.2729,1.265,1.0062450592885375,0.276707530647986,9.043154453163051,False,False,127.28999999999999,WIN
UNH,2025-10-22,bull_put,362.5,360.0,1.4024,1.4,1.0017142857142858,0.2512562814070352,6.531304877694172,False,False,70.12,PARTIAL
BMY,2025-10-23,bull_put,44.0,43.5,0.2474,0.26,0.9515384615384616,0.30769230769230765,14.191093575287285,False,False,3.8699999999999153,PARTIAL
SCHW,2025-10-23,bull_put,95.0,94.0,0.5038,0.48,1.0495833333333335,0.3825136612021859,34.2961131650726,False,False,-7.619999999999827,PARTIAL
GILD,2025-10-23,bull_put,121.0,120.0,0.5088,-0.385,-1.3215584415584416,1.2000000000000002,2.975395047355656,False,True,22.439999999999888,PARTIAL
ACN,2025-10-23,bull_put,250.0,247.5,1.1739,1.1,1.067181818181818,0.7532467532467533,46.39062825484304,False,True,-117.60999999999943,PARTIAL
MMM,2025-10-23,bull_put,172.5,170.0,1.2958,1.595,0.8124137931034483,0.85140562248996,53.09861280869729,False,True,-120.41999999999999,LOSS
JPM,2025-10-23,bull_put,295.0,292.5,1.1552,0.99,1.1668686868686868,0.08080808080808088,40.07823880700079,False,False,115.52,WIN
RTX,2025-10-27,bull_put,180.0,177.5,1.2045,1.175,1.0251063829787233,0.16981132075471692,7.320569762000555,False,False,-29.55000000000001,PARTIAL
PG,2025-10-27,bull_put,152.5,150.0,1.1336,1.045,1.0847846889952153,0.09970674486803514,2.356573904968907,False,False,-99.63999999999955,PARTIAL
TJX,2025-10-27,bull_put,144.0,143.0,0.5937,0.505,1.1756435643564356,0.12422360248447203,2.1535632885809535,False,False,-40.63,LOSS
FCX,2025-10-27,bull_put,41.5,41.0,0.273,0.18,1.5166666666666668,0.25581395348837205,1.8021900176700767,False,True,27.3,WIN
DHR,2025-10-27,bull_put,222.5,220.0,1.3159,1.3,1.0122307692307693,0.17647058823529413,1.716212240791379,False,False,-118.41,LOSS
JPM,2025-10-27,bull_put,305.0,302.5,1.2381,1.075,1.1517209302325582,0.06993006993006992,1.525784011697861,False,False,123.81,WIN
ACN,2025-10-28,bull_put,255.0,252.5,1.2388,1.45,0.8543448275862069,0.7999999999999999,1.0441736131410457,False,True,-126.12,LOSS
DHR,2025-10-28,bull_put,217.5,215.0,1.1796,1.2,0.983,0.5982905982905983,1.5656440096566988,False,True,-94.04000000000046,PARTIAL
SCHW,2025-10-28,bull_put,94.0,93.0,0.451,0.495,0.9111111111111111,0.17857142857142852,3.0290405476128575,False,False,45.1,WIN
BAC,2025-10-28,bull_put,53.0,52.5,0.237,0.22,1.0772727272727272,0.07142857142857129,3.2655040351335125,False,False,23.7,WIN
HON,2025-10-28,bull_put,215.0,212.5,1.2148,1.325,0.9168301886792454,0.25,18.88147256070821,False,False,-128.51999999999998,LOSS
CSCO,2025-10-28,bull_put,73.0,72.0,0.5348,0.445,1.201797752808989,0.10638297872340424,76.35613798811255,False,False,53.480000000000004,WIN
AMGN,2025-10-29,bull_put,292.5,290.0,1.3185,1.69,0.7801775147928994,0.7478753541076487,19.06626399567706,False,True,131.85,WIN
WMT,2025-10-29,bull_put,103.0,102.0,0.524,0.505,1.0376237623762377,0.131004366812227,12.441772440820314,False,False,-47.599999999999994,LOSS
NEE,2025-10-29,bull_put,82.0,81.0,0.4763,0.215,2.2153488372093024,0.2110552763819096,9.735300769167312,False,True,-12.36999999999943,PARTIAL
NSC,2025-10-29,bull_put,280.0,277.5,1.2278,0.775,1.584258064516129,0.8936170212765956,7.230381451130847,False,True,122.78,WIN
UPS,2025-10-29,bull_put,98.0,97.0,0.5181,0.63,0.8223809523809524,0.47422680412371127,6.181685848863213,False,False,-48.19,LOSS
GE,2025-10-29,bull_put,315.0,312.5,1.225,0.405,3.0246913580246915,0.43967828418230553,2.954607301660866,False,True,-127.49999999999999,LOSS
NOW,2025-10-30,bull_put,937.5,935.0,1.2917,1.2,1.0764166666666668,0.21311475409836064,-0.005077921187919923,False,False,-120.83,LOSS
IWM,2025-10-30,bull_put,245.0,244.0,0.4761,0.48,0.9918750000000001,0.030959752321981313,-0.0030565726918543963,False,False,47.61,WIN
ORCL,2025-10-30,bull_put,257.5,255.0,1.2035,1.105,1.0891402714932128,0.06896551724137931,0.010245553320109449,True,False,120.35,WIN
CRM,2025-10-30,bull_put,257.5,255.0,1.1717,1.06,1.105377358490566,0.18750000000000003,0.08141424366049993,False,False,117.17,WIN
USB,2025-10-30,bull_put,47.0,46.5,0.2286,0.195,1.1723076923076923,0.6373626373626374,4.044872876789007,False,True,-9.140000000000029,PARTIAL
ADP,2025-10-30,bull_put,262.5,260.0,1.2343,0.975,1.2659487179487179,0.926829268292683,91.0947650389239,False,True,-96.56999999999887,PARTIAL
CVX,2025-11-03,bull_put,155.0,152.5,1.2267,1.115,1.1001793721973094,0.08080808080808088,64.01249277767899,False,False,122.66999999999999,WIN
MO,2025-11-03,bull_put,57.0,56.0,0.4911,0.43,1.142093023255814,0.17910447761194032,37.233221331543916,False,False,49.11,WIN
CSCO,2025-11-03,bull_put,75.0,74.0,0.5448,0.51,1.068235294117647,0.052631578947368265,23.663316927689248,False,False,-45.519999999999996,LOSS
ADP,2025-11-03,bull_put,257.5,255.0,1.1415,0.875,1.3045714285714285,0.3529411764705882,13.81051469022362,False,True,-135.85,LOSS
WMT,2025-11-03,bull_put,102.0,101.0,0.5161,0.475,1.0865263157894738,0.07812500000000007,2.953496541004207,False,False,51.61,WIN
FCX,2025-11-03,bull_put,41.5,41.0,0.2672,0.26,1.0276923076923077,0.168421052631579,2.5581086687615335,False,False,-23.28,LOSS
TXN,2025-11-04,bull_put,160.0,157.5,1.1655,1.095,1.0643835616438355,0.10358565737051803,2.9246824554178956,False,False,116.55,WIN
MDT,2025-11-04,bull_put,91.0,90.0,0.5387,0.46,1.171086956521739,0.1495327102803738,4.9383330701568005,False,False,53.87,WIN
SBUX,2025-11-04,bull_put,80.0,79.0,0.5027,0.48,1.0472916666666667,0.14946619217081847,7.581085193529482,False,False,50.27,WIN
ABT,2025-11-04,bull_put,126.0,125.0,0.5316,0.535,0.993644859813084,0.4285714285714285,15.856423765141766,False,False,53.16,WIN
CL,2025-11-04,bull_put,77.0,76.0,0.5557,-0.025,-22.227999999999998,0.43902439024390244,26.90909815044678,False,True,55.57,WIN
CSX,2025-11-04,bull_put,36.0,35.5,0.2575,0.275,0.9363636363636363,0.736842105263158,27.08996504957891,False,True,-24.25,LOSS
UNH,2025-11-05,bull_put,330.0,327.5,1.4017,1.35,1.0382962962962963,0.12244897959183683,2.9089455729647793,False,False,-109.83000000000001,LOSS
IBM,2025-11-05,bull_put,307.5,305.0,1.2748,1.345,0.9478066914498141,0.6490066225165564,2.48427421229026,False,True,7.739999999999769,PARTIAL
GOOGL,2025-11-05,bull_put,285.0,282.5,1.1774,1.14,1.0328070175438597,0.04724409448818895,2.1849633802188717,False,False,-132.26,LOSS
MA,2025-11-05,bull_put,555.0,552.5,1.2294,0.965,1.2739896373056996,0.5699745547073791,0.5452432130984615,False,True,-127.06,LOSS
MSFT,2025-11-05,bull_put,507.5,505.0,1.1459,1.13,1.014070796460177,0.03870967741935493,0.516580257508546,False,False,-135.41,LOSS
PM,2025-11-05,bull_put,149.0,148.0,0.4975,0.375,1.3266666666666667,0.7450980392156863,0.4361650529971209,False,True,49.75,WIN
EMR,2025-11-06,bull_put,132.0,131.0,0.5137,-0.425,-1.2087058823529413,0.8837209302325583,0.0672567110615867,False,True,-48.63,LOSS
ISRG,2025-11-06,bull_put,550.0,547.5,1.3733,2.125,0.6462588235294118,1.1304347826086958,0.06768622081309648,False,True,137.32999999999998,WIN
COST,2025-11-06,bull_put,925.0,922.5,1.3504,1.2,1.1253333333333335,0.4035087719298246,0.046617455030059665,False,False,-90.95999999999908,PARTIAL
ABBV,2025-11-06,bull_put,220.0,217.5,1.1598,1.305,0.888735632183908,0.7215496368038741,6.52172420208497,False,True,15.989999999999826,PARTIAL
TJX,2025-11-06,bull_put,144.0,143.0,0.5231,0.99,0.5283838383838384,1.4756554307116103,29.19869688537535,False,True,52.31,WIN
VRTX,2025-11-06,bull_put,417.5,415.0,1.2264,1.9,0.6454736842105263,0.8368794326241136,0.10277273303057705,False,True,-127.36000000000001,LOSS
T,2025-11-10,bull_put,25.0,24.5,0.2489,0.23,1.0821739130434782,0.1971830985915493,97.29048564142354,False,False,24.89,WIN
QCOM,2025-11-10,bull_put,172.5,170.0,1.1721,1.145,1.0236681222707422,0.09813874788494079,4.709563173269301,False,False,117.21,WIN
ACN,2025-11-10,bull_put,245.0,242.5,1.2166,1.075,1.1317209302325582,0.09756097560975609,4.623797075220204,False,False,121.66,WIN
MA,2025-11-10,bull_put,555.0,552.5,1.4792,1.275,1.1601568627450982,0.16666666666666666,4.250257990698679,False,False,-102.08,LOSS
ADP,2025-11-10,bull_put,255.0,252.5,1.1512,0.8,1.4389999999999998,0.2962962962962964,3.6730099022706364,False,True,-75.87999999999965,PARTIAL
BMY,2025-11-10,bull_put,47.5,47.0,0.2742,0.245,1.1191836734693879,0.06896551724137938,3.561618037758467,False,False,-22.58,LOSS
VRTX,2025-11-11,bull_put,430.0,427.5,1.239,0.825,1.501818181818182,1.536842105263158,2.18611684655571,False,True,123.9,WIN
UNH,2025-11-11,bull_put,330.0,327.5,1.4642,1.225,1.1952653061224487,0.10434782608695646,2.653249873382411,False,False,-103.58000000000001,LOSS
MRK,2025-11-11,bull_put,91.0,90.0,0.4637,0.36,1.2880555555555555,0.22916666666666677,2.7728215418633426,False,True,46.37,WIN
MA,2025-11-11,bull_put,560.0,557.5,1.4005,1.575,0.8892063492063493,0.32863849765258213,5.131527192458363,False,False,-109.94999999999999,LOSS
PG,2025-11-11,bull_put,149.0,148.0,0.5374,0.475,1.1313684210526316,0.3846153846153846,6.72065984961522,False,False,-46.26,LOSS
CL,2025-11-11,bull_put,80.0,79.0,0.5998,0.4,1.4994999999999998,0.838709677419355,24.513783472953662,False,True,-40.02,LOSS
CSX,2025-11-12,bull_put,35.5,35.0,0.2708,0.525,0.5158095238095237,1.5,36.03320362242639,False,True,-22.919999999999998,LOSS
PFE,2025-11-12,bull_put,26.0,25.5,0.228,0.215,1.06046511627907,0.03278688524590167,14.04920563469125,False,False,-27.200000000000003,LOSS
QCOM,2025-11-12,bull_put,177.5,175.0,1.1593,1.31,0.8849618320610687,0.1960784313725491,7.610032603947416,False,False,-134.07,LOSS
GE,2025-11-12,bull_put,310.0,307.5,1.2595,1.47,0.8568027210884355,0.38410596026490074,4.44361741199625,False,False,-124.05,LOSS
ACN,2025-11-12,bull_put,247.5,245.0,1.186,1.15,1.031304347826087,0.12121212121212119,2.577492038811427,False,False,-110.39999999999921,PARTIAL
UNH,2025-11-12,bull_put,340.0,337.5,1.2136,1.25,0.97088,0.04545454545454549,1.5305698942686774,False,False,-128.64,LOSS
GE,2025-11-13,bull_put,305.0,302.5,1.1459,1.0,1.1459,0.4620573355817876,0.0018795884518041925,False,False,48.29499999999965,PARTIAL
BLK,2025-11-13,bull_put,1072.5,1070.0,1.4057,1.35,1.041259259259259,0.5945945945945946,0.004114143280747405,False,True,-109.43,LOSS
QQQ,2025-11-13,bull_put,610.0,609.0,0.5075,0.45,1.1277777777777775,0.015625000000000014,-0.016208112799750457,False,False,-49.25,LOSS
WMT,2025-11-13,bull_put,103.0,102.0,0.5106,0.465,1.0980645161290323,0.1348314606741573,24.252582851505085,False,False,-0.9399999999995967,PARTIAL
USB,2025-11-13,bull_put,47.5,47.0,0.2423,0.19,1.2752631578947367,0.5238095238095238,25.0145623429209,False,True,-15.76999999999986,PARTIAL
AXP,2025-11-13,bull_put,365.0,362.5,1.1364,0.98,1.159591836734694,0.1708185053380783,3.1785018316643128,False,False,-136.35999999999999,LOSS
ABBV,2025-11-17,bull_put,235.0,232.5,1.313,1.19,1.1033613445378152,0.11594202898550722,5.171374069315295,False,False,131.29999999999998,WIN
QCOM,2025-11-17,bull_put,167.5,165.0,1.1838,1.15,1.0293913043478262,0.09230769230769226,3.3633357153080237,False,False,-131.62,LOSS
V,2025-11-17,bull_put,327.5,325.0,1.3117,1.25,1.04936,0.18750000000000008,1.8228405609142984,False,False,131.17000000000002,WIN
SBUX,2025-11-17,bull_put,84.0,83.0,0.4728,0.48,0.985,0.09333333333333342,1.8022794568795872,False,False,47.28,WIN
VRTX,2025-11-17,bull_put,435.0,432.5,1.206,1.15,1.048695652173913,0.14400000000000004,0.6386909320832204,False,False,-129.4,LOSS
ACN,2025-11-17,bull_put,242.5,240.0,1.2035,1.3,0.9257692307692308,0.10989010989010989,0.4679188162094111,False,False,120.35,WIN
MA,2025-11-18,bull_put,530.0,527.5,1.3465,1.175,1.1459574468085105,0.18461538461538451,0.6678609409273089,False,False,134.65,WIN
EOG,2025-11-18,bull_put,110.0,109.0,0.5177,0.5,1.0354,0.22222222222222224,1.6248752691250001,False,False,-48.230000000000004,LOSS
GOOGL,2025-11-18,bull_put,285.0,282.5,1.1552,1.2,0.9626666666666667,0.01960784313725501,0.13839533814566682,False,False,115.52,WIN
SBUX,2025-11-18,bull_put,84.0,83.0,0.5226,0.51,1.0247058823529411,0.06578947368421058,3.314450127195558,False,False,52.26,WIN
V,2025-11-18,bull_put,322.5,320.0,1.2469,1.215,1.0262551440329217,0.14814814814814806,3.426988184627206,False,False,124.68999999999998,WIN
UNH,2025-11-18,bull_put,315.0,312.5,1.3156,1.1,1.196,0.10628019323671492,1.6449954569239498,False,False,131.56,WIN
MA,2025-11-19,bull_put,532.5,530.0,1.3177,1.05,1.254952380952381,0.4845814977973568,0.5345951919178712,False,True,131.77,WIN
GILD,2025-11-19,bull_put,129.0,128.0,0.6328,0.385,1.6436363636363638,1.341404358353511,0.9665742108233049,False,True,-36.720000000000006,LOSS
HD,2025-11-19,bull_put,335.0,332.5,1.1517,1.1,1.047,0.08955223880597009,0.3136476644007956,False,False,115.16999999999999,WIN
USB,2025-11-19,bull_put,47.0,46.5,0.2374,0.21,1.1304761904761904,0.3050847457627119,2.8664699625901338,False,False,23.74,WIN
V,2025-11-19,bull_put,325.0,322.5,1.1985,1.135,1.0559471365638766,0.17054263565891467,15.875142794127571,False,False,119.85,WIN
UNH,2025-11-19,bull_put,310.0,307.5,1.2265,1.2,1.0220833333333332,0.09756097560975609,2.685881814874264,False,False,122.64999999999999,WIN
NFLX,2025-11-20,bull_put,106.0,105.5,0.2525,0.215,1.1744186046511629,0.06201550387596905,7.005169919426968,True,False,-24.75,LOSS
V,2025-11-20,bull_put,325.0,322.5,1.195,1.115,1.0717488789237668,0.22961730449251247,2.349087321969095,False,False,119.5,WIN
QQQ,2025-11-20,bull_put,588.0,587.0,0.5373,0.48,1.119375,0.008823529411764779,-0.006390072935987011,False,False,53.73,WIN
SPY,2025-11-20,bull_put,654.0,653.0,0.4974,0.465,1.0696774193548386,0.012295081967213217,-0.008957980801972729,False,False,49.74,WIN
TSLA,2025-11-20,bull_put,397.5,395.0,1.2828,1.225,1.0471836734693876,0.01929260450160765,-0.028769003125374778,False,False,-121.72,LOSS
GS,2025-11-20,bull_put,777.5,775.0,1.2586,1.65,0.7627878787878788,0.25380710659898476,-0.044743500338698776,False,False,-124.14,LOSS
UNH,2025-11-24,bull_put,320.0,317.5,1.2432,1.325,0.9382641509433963,0.1390374331550803,3.0463769192406156,False,False,124.32000000000001,WIN
MA,2025-11-24,bull_put,540.0,537.5,1.4409,1.15,1.2529565217391305,0.4140969162995594,4.296865319343384,False,True,144.09,WIN
DHR,2025-11-24,bull_put,227.5,225.0,1.2269,1.15,1.0668695652173914,0.11320754716981125,2.670349794441976,False,False,25.345000000000063,PARTIAL
CVX,2025-11-24,bull_put,150.0,149.0,0.5117,0.415,1.2330120481927713,0.11152416356877318,11.607005184413719,False,False,51.17,WIN
V,2025-11-24,bull_put,330.0,327.5,1.1853,1.11,1.0678378378378377,0.3112480739599383,9.87514318799803,False,False,118.53,WIN
BA,2025-11-24,bull_put,180.0,177.5,1.2657,1.23,1.0290243902439025,0.0037383177570094323,20.85160775007109,False,False,126.57000000000001,WIN
UPS,2025-11-25,bull_put,95.0,94.0,0.4668,0.435,1.0731034482758621,0.17391304347826092,24.920972404560057,False,False,46.68,WIN
CVX,2025-11-25,bull_put,149.0,148.0,0.5232,0.475,1.1014736842105264,0.10526315789473673,21.420739716295774,False,False,52.32,WIN
PG,2025-11-25,bull_put,149.0,148.0,0.5724,0.41,1.3960975609756099,0.21666666666666665,20.671081798226783,False,True,-26.76000000000034,PARTIAL
NSC,2025-11-25,bull_put,290.0,287.5,1.2029,0.925,1.3004324324324326,0.4415584415584416,14.845667549666578,False,True,120.29,WIN
VRTX,2025-11-25,bull_put,430.0,427.5,1.3134,0.175,7.505142857142857,1.9560439560439562,12.320107744738268,False,True,131.34,WIN
TXN,2025-11-25,bull_put,162.5,160.0,1.1643,1.035,1.124927536231884,0.18181818181818188,5.949710735483105,False,False,116.42999999999999,WIN
COST,2025-11-26,bull_put,910.0,907.5,1.2043,1.05,1.1469523809523807,0.2247191011235955,-0.14524929661449992,False,False,120.42999999999999,WIN
NFLX,2025-11-26,bull_put,106.5,106.0,0.2728,0.255,1.0698039215686275,0.12048192771084333,87.36972663208577,True,False,27.279999999999998,WIN
TMO,2025-11-26,bull_put,595.0,592.5,1.5422,1.85,0.8336216216216216,0.9026548672566372,4.006141570554292,False,True,-95.78,LOSS
QQQ,2025-11-26,bull_put,615.0,614.0,0.4534,0.43,1.0544186046511628,0.014742014742014645,0.005861572787520477,False,False,45.34,WIN
CAT,2025-11-26,bull_put,575.0,572.5,1.2184,1.855,0.6568194070080863,0.5416666666666666,-0.18789750348001383,False,True,121.83999999999999,WIN
TSLA,2025-11-26,bull_put,427.5,425.0,1.2289,1.175,1.045872340425532,0.03508771929824549,-0.20095878662502312,False,False,122.89000000000001,WIN
EOG,2025-12-01,bull_put,110.0,109.0,0.5005,0.5,1.001,0.3272727272727274,0.8890226376932457,False,False,50.05,WIN
BA,2025-12-01,bull_put,187.5,185.0,1.1837,1.16,1.0204310344827587,0.07705192629815744,0.9747232245718148,False,False,118.37,WIN
FCX,2025-12-01,bull_put,43.5,43.0,0.2642,0.27,0.9785185185185185,0.0765027322404371,1.1764709830459046,False,False,26.419999999999998,WIN
PYPL,2025-12-01,bull_put,63.0,62.0,0.4792,0.465,1.0305376344086021,0.06113537117903916,2.753728281389769,False,False,-24.079999999999885,PARTIAL
CME,2025-12-01,bull_put,280.0,277.5,1.3484,1.45,0.9299310344827587,0.5599999999999999,2.6150308086327247,False,True,-115.16,LOSS
UNH,2025-12-01,bull_put,325.0,322.5,1.3033,1.375,0.9478545454545454,0.08612440191387563,2.0583114018907502,False,False,130.32999999999998,WIN
MA,2025-12-02,bull_put,547.5,545.0,1.1893,1.65,0.7207878787878789,0.2912621359223301,1.2859112804032125,False,False,-79.07000000000181,PARTIAL
NFLX,2025-12-02,bull_put,110.0,109.5,0.2809,0.255,1.1015686274509804,0.06410256410256415,2.6425475184623113,True,False,-21.91,LOSS
GE,2025-12-02,bull_put,290.0,287.5,1.1468,1.06,1.0818867924528301,0.11111111111111109,0.7573177778061916,False,False,-135.32,LOSS
NSC,2025-12-02,bull_put,292.5,290.0,1.2205,1.125,1.0848888888888888,0.23255813953488372,22.35371150032751,False,False,122.05,WIN
UPS,2025-12-02,bull_put,96.0,95.0,0.5192,0.485,1.0705154639175258,0.3119266055045871,53.355685872324315,False,False,-48.08,LOSS
PG,2025-12-02,bull_put,146.0,145.0,0.5048,0.57,0.8856140350877194,0.2681992337164752,5.794835388490467,False,False,-49.519999999999996,LOSS
COST,2025-12-03,bull_put,925.0,922.5,1.4304,1.3,1.1003076923076922,0.21428571428571436,0.0555486335680376,False,False,-106.96000000000001,LOSS
QQQ,2025-12-03,bull_put,625.0,624.0,0.5354,0.48,1.1154166666666667,0.013793103448275813,0.10979601813838219,False,False,53.54,WIN
MA,2025-12-03,bull_put,555.0,552.5,1.1798,0.885,1.3331073446327684,0.46575342465753433,1.430726045966118,False,True,-132.02,LOSS
DIS,2025-12-03,bull_put,106.0,105.0,0.4773,0.43,1.11,0.1286549707602339,10.065262472646252,False,False,-22.270000000000284,PARTIAL
EOG,2025-12-03,bull_put,112.0,111.0,0.5015,0.45,1.1144444444444443,0.4186046511627908,2.3346884481490933,False,False,50.14999999999999,WIN
GE,2025-12-03,bull_put,290.0,287.5,1.2891,0.955,1.3498429319371728,0.435064935064935,2.1934018456473128,False,True,-121.09,LOSS
CSCO,2025-12-04,bull_put,78.0,77.0,0.4559,0.325,1.4027692307692308,0.7999999999999999,135.91697049451665,False,True,21.294999999999945,PARTIAL
BA,2025-12-04,bull_put,202.5,200.0,1.2299,1.05,1.1713333333333333,0.09855072463768125,76.86533828300294,False,False,30.99499999999932,PARTIAL
HON,2025-12-04,bull_put,192.5,190.0,1.1811,0.725,1.6291034482758622,0.8108108108108107,25.806881231919327,False,True,0.5550000000006272,PARTIAL
MA,2025-12-04,bull_put,542.5,540.0,1.1838,1.07,1.1063551401869158,0.42647058823529405,18.988054344086354,False,False,118.38,WIN
GILD,2025-12-04,bull_put,123.0,122.0,0.5435,0.56,0.9705357142857142,0.9949748743718593,14.163676186228239,False,True,-45.65,LOSS
NFLX,2025-12-04,bull_put,103.5,103.0,0.2477,0.26,0.9526923076923077,0.1666666666666667,1.7566697918641343,True,False,-25.230000000000004,LOSS
CVX,2025-12-08,bull_put,149.0,148.0,0.5036,0.455,1.106813186813187,0.09395973154362425,4.306057192708596,False,False,50.36000000000001,WIN
BA,2025-12-08,bull_put,207.5,205.0,1.3301,1.175,1.1320000000000001,0.07407407407407407,7.317989101836319,False,False,-116.99,LOSS
UPS,2025-12-08,bull_put,96.0,95.0,0.4662,0.495,0.9418181818181819,0.106060606060606,7.582775135127622,False,False,46.62,WIN
V,2025-12-08,bull_put,327.5,325.0,1.2305,1.14,1.0793859649122808,0.1739130434782609,8.296985131110173,False,False,123.05,WIN
RTX,2025-12-08,bull_put,172.5,170.0,1.3577,1.115,1.2176681614349776,0.12526997840172788,21.015256935208324,False,False,135.76999999999998,WIN
T,2025-12-08,bull_put,25.0,24.5,0.2296,0.21,1.0933333333333333,0.11428571428571424,7.992905917806587,False,False,-19.04000000000017,PARTIAL
CSCO,2025-12-09,bull_put,80.0,79.0,0.5597,0.49,1.1422448979591837,0.2083333333333334,82.12191762875551,False,False,-44.03,LOSS
PFE,2025-12-09,bull_put,25.5,25.0,0.2606,0.22,1.1845454545454546,0.09523809523809532,58.333930501539335,False,False,26.06,WIN
V,2025-12-09,bull_put,327.5,325.0,1.2507,1.225,1.0209795918367346,0.20155038759689922,20.61488728955796,False,False,125.07,WIN
PG,2025-12-09,bull_put,140.0,139.0,0.5151,0.49,1.0512244897959184,0.22222222222222224,4.921571311433499,False,False,51.51,WIN
FCX,2025-12-09,bull_put,45.0,44.5,0.2502,0.29,0.8627586206896551,0.05194805194805199,3.7201770432284222,False,False,25.019999999999996,WIN
PYPL,2025-12-09,bull_put,61.0,60.0,0.4514,0.435,1.0377011494252875,0.042553191489361625,3.42548138753126,False,False,45.14,WIN
UNH,2025-12-10,bull_put,330.0,327.5,1.3282,1.345,0.9875092936802975,0.12658227848101264,7.7952028082539995,False,False,132.82,WIN
JNJ,2025-12-10,bull_put,207.5,205.0,1.196,1.23,0.9723577235772357,0.17322834645669286,6.941937220110834,False,False,119.6,WIN
NFLX,2025-12-10,bull_put,93.0,92.5,0.2627,0.255,1.0301960784313724,0.06451612903225797,3.604681793717613,True,False,26.27,WIN
EOG,2025-12-10,bull_put,112.0,111.0,0.5644,0.475,1.1882105263157896,0.2127659574468085,9.429895022425388,False,False,-43.56,LOSS
XOM,2025-12-10,bull_put,120.0,119.0,0.5328,0.51,1.0447058823529412,0.2200956937799042,23.573611621783243,False,False,-46.72,LOSS
FCX,2025-12-10,bull_put,46.5,46.0,0.2552,0.09,2.8355555555555556,0.42622950819672134,10.419496058904302,False,True,25.52,WIN
NSC,2025-12-11,bull_put,295.0,292.5,1.5652,1.8,0.8695555555555555,0.978723404255319,245.81682365115284,False,True,156.51999999999998,WIN
GM,2025-12-11,bull_put,81.0,80.0,0.4557,0.38,1.1992105263157895,0.2521008403361345,42.04713240914095,False,False,17.28500000000003,PARTIAL
NFLX,2025-12-11,bull_put,94.5,94.0,0.275,0.29,0.9482758620689656,0.07486631016042775,39.37920074966057,True,False,27.500000000000004,WIN
ABBV,2025-12-11,bull_put,225.0,222.5,1.2755,1.635,0.7801223241590215,0.5792811839323467,28.69703429753215,False,True,-40.45000000000067,PARTIAL
UNH,2025-12-11,bull_put,337.5,335.0,1.1358,1.205,0.9425726141078837,0.16091954022988503,2.3246796978942093,False,False,113.58,WIN
IWM,2025-12-11,bull_put,258.0,257.5,0.2455,0.23,1.067391304347826,0.018691588785046745,0.005745572756300636,False,False,-25.45,LOSS
GM,2025-12-15,bull_put,82.5,82.0,0.3193,0.26,1.2280769230769228,0.06299212598425202,1.3407070653286506,False,False,8.464999999999714,PARTIAL
FCX,2025-12-15,bull_put,48.0,47.5,0.2693,0.295,0.9128813559322034,0.10628019323671506,1.4669955352720516,False,False,26.93,WIN
NFLX,2025-12-15,bull_put,94.5,94.0,0.2809,0.28,1.0032142857142856,0.02638522427440624,2.7848875254506362,True,False,8.545000000000028,PARTIAL
NSC,2025-12-15,bull_put,300.0,297.5,1.1539,1.25,0.9231199999999999,0.35714285714285715,3.972463657706581,False,False,-134.61,LOSS
PYPL,2025-12-15,bull_put,61.0,60.0,0.4531,0.455,0.9958241758241758,0.03846153846153849,4.229640442723701,False,False,-54.690000000000005,LOSS
USB,2025-12-15,bull_put,54.0,53.0,0.4997,0.37,1.3505405405405404,0.13114754098360668,148.4764671650188,False,True,49.97,WIN
NFLX,2025-12-16,bull_put,95.0,94.5,0.2775,0.25,1.11,0.04844290657439451,4.108766769611717,True,False,-22.25,LOSS
FCX,2025-12-16,bull_put,48.0,47.5,0.299,0.295,1.0135593220338983,0.16326530612244902,4.037452642555587,False,False,29.9,WIN
MA,2025-12-16,bull_put,567.5,565.0,1.3316,1.125,1.1836444444444443,0.21800947867298567,3.802897857755784,False,False,133.16,WIN
WMT,2025-12-16,bull_put,116.0,115.0,0.5314,0.505,1.0522772277227723,0.06250000000000006,3.1993217408875148,False,False,-46.86,LOSS
ABBV,2025-12-16,bull_put,225.0,222.5,1.3095,1.135,1.1537444933920706,0.14532871972318337,1.4817621415131237,False,False,130.95000000000002,WIN
QQQ,2025-12-16,bull_put,613.0,612.0,0.5382,0.49,1.0983673469387756,0.013526570048309233,0.17469237351489392,False,False,53.82,WIN
UNH,2025-12-17,bull_put,332.5,330.0,1.2026,1.28,0.9395312499999999,0.1333333333333334,1.5489532933164523,False,False,-129.74,LOSS
SCHW,2025-12-17,bull_put,97.0,96.0,0.4595,0.42,1.0940476190476192,0.27411167512690365,4.205865642414175,False,False,45.95,WIN
AMGN,2025-12-17,bull_put,327.5,325.0,1.3104,1.08,1.2133333333333332,0.9758713136729221,1.1332902366668034,False,True,59.519999999999776,PARTIAL
XOM,2025-12-17,bull_put,118.0,117.0,0.5456,0.63,0.8660317460317459,0.25196850393700776,15.488056898676817,False,False,-45.440000000000005,LOSS
EOG,2025-12-17,bull_put,105.0,104.0,0.5102,0.625,0.8163199999999999,1.2000000000000002,16.2633773122982,False,True,-48.980000000000004,LOSS
NFLX,2025-12-17,bull_put,95.0,94.5,0.2531,0.245,1.0330612244897959,0.052631578947368265,6.437178423501833,True,False,-24.69,LOSS
EOG,2025-12-18,bull_put,103.0,102.0,0.5063,0.45,1.125111111111111,0.18181818181818185,21.23232083636402,False,False,-49.370000000000005,LOSS
AMGN,2025-12-18,bull_put,325.0,322.5,1.1774,0.955,1.2328795811518325,0.977667493796526,10.25947134383341,False,True,117.74,WIN
SO,2025-12-18,bull_put,87.5,87.0,0.2649,0.0,inf,0.7272727272727273,4.701123512211357,False,True,-23.51,LOSS
SCHW,2025-12-18,bull_put,97.5,97.0,0.2569,0.27,0.9514814814814815,0.25563909774436094,2.462511930286909,False,False,25.69,WIN
NVDA,2025-12-18,bull_put,175.0,174.0,0.5436,0.51,1.0658823529411765,0.015999999999999896,0.5425888151612063,False,False,54.36,WIN
QQQ,2025-12-18,bull_put,610.0,609.78,0.1253,0.085,1.4741176470588233,0.015082956259426794,0.025074935885721465,False,True,12.53,WIN
TSLA,2025-12-22,bull_put,492.5,490.0,1.4041,1.4,1.0029285714285714,0.016260162601626053,0.0867462787254214,False,False,-109.59,LOSS
MRK,2025-12-22,bull_put,105.0,104.0,0.5084,0.44,1.1554545454545453,0.13592233009708748,0.4505244278921985,False,False,50.839999999999996,WIN
ORCL,2025-12-22,bull_put,200.0,197.5,1.3217,1.32,1.0012878787878787,0.04938271604938275,0.05744372419051094,True,False,-68.82999999999907,PARTIAL
NFLX,2025-12-22,bull_put,93.5,93.0,0.261,0.255,1.0235294117647058,0.0487804878048781,9.554402425399603,True,False,26.1,WIN
NOW,2025-12-22,bull_put,157.0,156.0,0.5856,0.475,1.232842105263158,0.19178082191780826,32.96209767221058,True,False,-41.44,LOSS
IWM,2025-12-22,bull_put,254.0,253.0,0.4753,0.47,1.011276595744681,0.02020202020202022,2.68024937348568,False,False,-52.470000000000006,LOSS
IWM,2025-12-23,bull_put,252.5,252.0,0.2651,0.255,1.0396078431372549,0.03333333333333337,0.4541612520413621,False,False,-23.49,LOSS
EMR,2025-12-23,bull_put,136.0,135.0,0.4925,0.7,0.7035714285714286,0.693877551020408,1.1371747146486826,False,True,10.125000000000398,PARTIAL
QQQ,2025-12-23,bull_put,623.0,622.0,0.4615,0.425,1.0858823529411765,0.019417475728155355,0.18532966937237302,False,False,46.150000000000006,WIN
NSC,2025-12-23,bull_put,292.5,290.0,1.1576,1.15,1.006608695652174,0.7826086956521741,6.026444515679425,False,True,-38.24000000000205,PARTIAL
NOW,2025-12-23,bull_put,155.0,154.0,0.5146,0.575,0.8949565217391304,0.25000000000000006,8.46976204391874,True,False,-48.54,LOSS
IBM,2025-12-23,bull_put,305.0,302.5,1.2625,1.065,1.1854460093896715,0.28925619834710753,3.6379122224990064,False,False,126.25,WIN
JPM,2025-12-24,bull_put,330.0,327.5,1.2119,1.025,1.1823414634146343,0.2891566265060241,85.38732643997042,False,False,-87.8099999999975,PARTIAL
TMO,2025-12-24,bull_put,580.0,577.5,1.515,1.1,1.377272727272727,1.1351351351351349,20.99672864537488,False,True,151.5,WIN
PEP,2025-12-24,bull_put,144.0,143.0,0.4829,0.505,0.9562376237623762,1.0236220472440942,13.715989133518844,False,True,13.145000000000056,PARTIAL
AMGN,2025-12-24,bull_put,335.0,332.5,1.2206,1.075,1.1354418604651162,0.7426160337552742,2.4857298889664285,False,True,-84.93999999999933,PARTIAL
GE,2025-12-24,bull_put,317.5,315.0,1.1327,0.8,1.415875,1.1756756756756759,1.3635215134524519,False,True,-122.73000000000135,PARTIAL
CAT,2025-12-24,bull_put,585.0,582.5,1.3013,1.35,0.9639259259259257,0.38636363636363635,1.0805043095464968,False,False,-69.87,PARTIAL
PM,2025-12-29,bull_put,162.5,160.0,1.1283,0.925,1.2197837837837837,0.10169491525423738,6.546949055523016,False,False,-107.16999999999885,PARTIAL
NOW,2025-12-29,bull_put,155.0,154.0,0.51,0.45,1.1333333333333333,0.11764705882352937,8.925490361895157,True,False,-49.0,LOSS
ACN,2025-12-29,bull_put,272.5,270.0,1.2442,1.125,1.1059555555555556,0.0900900900900901,4.954613736295457,False,False,-125.58,LOSS
NFLX,2025-12-29,bull_put,94.5,94.0,0.2582,0.255,1.012549019607843,0.06763285024154594,10.730629540932739,True,False,-24.18,LOSS
SBUX,2025-12-29,bull_put,86.0,85.0,0.485,0.46,1.0543478260869565,0.05825242718446607,10.481927967620768,False,False,-51.5,LOSS
LOW,2025-12-29,bull_put,245.0,242.5,1.2929,1.155,1.1193939393939394,0.1344195519348269,13.728267295682103,False,False,129.29,WIN
UPS,2025-12-30,bull_put,100.0,99.0,0.4603,0.405,1.1365432098765431,0.21333333333333324,44.92942314002892,False,False,46.03,WIN
NFLX,2025-12-30,bull_put,94.0,93.5,0.2454,0.245,1.0016326530612245,0.07692307692307698,20.138490284146503,True,False,-25.46,LOSS
EOG,2025-12-30,bull_put,106.0,105.0,0.4692,0.175,2.6811428571428575,1.0399999999999998,1.4628009925845442,False,True,46.92,WIN
VRTX,2025-12-30,bull_put,455.0,452.5,1.2856,3.375,0.38091851851851855,1.102803738317757,1.4149053314114712,False,True,-121.44,LOSS
SPY,2025-12-30,bull_put,688.0,687.0,0.534,0.46,1.1608695652173913,0.016194331983805682,0.7010006489485656,False,False,-46.6,LOSS
GS,2025-12-30,bull_put,887.5,885.0,1.4817,1.525,0.9716065573770493,0.4133333333333334,0.6978210889875143,False,False,148.17000000000002,WIN
NFLX,2025-12-31,bull_put,94.0,93.5,0.2423,0.245,0.9889795918367347,0.07751937984496131,43.55411872404092,True,False,-25.77,LOSS
GS,2025-12-31,bull_put,880.0,877.5,1.1942,0.875,1.3648,0.3529411764705882,0.05519600011394319,False,True,119.41999999999999,WIN
TSLA,2025-12-31,bull_put,452.5,450.0,1.3546,1.35,1.0034074074074073,0.02919708029197083,-0.04721146965835791,False,False,-114.53999999999999,LOSS
BLK,2025-12-31,bull_put,1072.5,1070.0,1.2362,1.125,1.0988444444444445,0.7777777777777778,-0.07041769006166376,False,True,123.61999999999999,WIN
AVGO,2025-12-31,bull_put,347.5,345.0,1.1665,1.205,0.9680497925311203,0.07299270072992702,-0.5780938436945553,False,False,116.65,WIN
INTC,2025-12-31,bull_put,37.0,36.5,0.2293,0.21,1.091904761904762,0.1025641025641025,-5.069632613374303,False,False,22.93,WIN
MRK,2026-01-05,bull_put,108.0,107.0,0.5665,0.485,1.1680412371134021,0.07246376811594193,3.5799053388670212,False,False,56.65,WIN
XOM,2026-01-05,bull_put,126.0,125.0,0.5249,0.545,0.9631192660550458,0.12578616352201255,4.469070731773027,False,False,-47.510000000000005,LOSS
ABT,2026-01-05,bull_put,127.0,126.0,0.6103,0.38,1.6060526315789472,0.06691449814126384,8.206821108274656,False,True,-38.97,LOSS
FCX,2026-01-05,bull_put,55.0,54.0,0.5722,0.525,1.089904761904762,0.08627450980392165,45.05173461048113,False,False,57.220000000000006,WIN
SO,2026-01-05,bull_put,87.0,86.0,0.4625,0.3,1.5416666666666667,0.33333333333333326,20.466668778309245,False,True,46.25,WIN
QCOM,2026-01-05,bull_put,177.5,175.0,1.2809,1.255,1.0206374501992033,0.16478190630048475,13.152570399081291,False,False,128.09,WIN
CVX,2026-01-06,bull_put,157.5,155.0,1.1679,1.13,1.0335398230088495,0.15458937198067638,45.1676798767945,False,False,116.78999999999999,WIN
NOW,2026-01-06,bull_put,149.0,148.0,0.495,0.45,1.0999999999999999,0.07999999999999995,6.5925828391189265,True,False,-50.5,LOSS
SBUX,2026-01-06,bull_put,90.0,89.0,0.4899,0.515,0.9512621359223301,0.13333333333333328,3.630027959317797,False,False,-51.01,LOSS
DIS,2026-01-06,bull_put,115.0,114.0,0.5128,0.48,1.0683333333333334,0.153846153846154,2.122164348276852,False,False,51.28,WIN
UNH,2026-01-06,bull_put,350.0,347.5,1.1446,1.275,0.8977254901960785,0.04444444444444429,0.17229510050605532,False,False,-135.54,LOSS
QQQ,2026-01-06,bull_put,625.0,624.0,0.5015,0.47,1.0670212765957445,0.007134363852556328,0.03397034658348238,False,False,50.14999999999999,WIN
WMT,2026-01-07,bull_put,113.0,112.0,0.4627,0.44,1.051590909090909,0.08294930875576025,1.070502766214082,False,False,46.27,WIN
GE,2026-01-07,bull_put,325.0,322.5,1.2366,1.14,1.0847368421052632,0.14765100671140935,0.6873748087185777,False,False,-126.34,LOSS
XOM,2026-01-07,bull_put,119.0,118.0,0.5107,0.515,0.9916504854368933,0.0661157024793389,1.3879395022506928,False,False,51.07000000000001,WIN
NFLX,2026-01-07,bull_put,91.0,90.0,0.4515,0.465,0.9709677419354839,0.0710659898477158,117.66372345607678,True,False,-54.85,LOSS
HON,2026-01-07,bull_put,200.0,197.5,1.1459,1.175,0.9752340425531913,0.5454545454545455,42.303456863263996,False,True,114.58999999999999,WIN
UPS,2026-01-07,bull_put,106.0,105.0,0.5358,0.405,1.3229629629629631,0.23076923076923084,11.689951837852941,False,True,53.580000000000005,WIN
XOM,2026-01-08,bull_put,123.0,122.0,0.4583,0.39,1.175128205128205,0.09876543209876537,49.425774227410955,False,False,45.83,WIN
GE,2026-01-08,bull_put,315.0,312.5,1.2428,0.905,1.3732596685082872,0.44067796610169496,13.249954089721438,False,True,124.27999999999999,WIN
EMR,2026-01-08,bull_put,144.0,143.0,0.4906,0.7,0.7008571428571428,1.1612903225806452,8.734640665139153,False,True,49.059999999999995,WIN
PG,2026-01-08,bull_put,142.0,141.0,0.4892,0.585,0.8362393162393164,0.4434389140271494,5.377484379918303,False,False,17.96000000000023,PARTIAL
GILD,2026-01-08,bull_put,121.0,120.0,0.51,0.34,1.5,1.197831978319783,2.723604930972688,False,True,51.0,WIN
QQQ,2026-01-08,bull_put,621.0,620.0,0.4584,0.41,1.118048780487805,0.007352941176470595,-0.0036855070118337434,False,False,45.839999999999996,WIN
UNH,2026-01-12,bull_put,342.5,340.0,1.3373,1.2,1.1144166666666666,0.06008583690987118,1.1740883700188367,False,False,-116.27000000000001,LOSS
BA,2026-01-12,bull_put,240.0,237.5,1.2064,1.07,1.1274766355140184,0.050420168067226864,3.003791505558738,False,False,120.63999999999999,WIN
RTX,2026-01-12,bull_put,195.0,192.5,1.328,1.885,0.7045092838196286,0.6881720430107527,3.1339403403555686,False,True,132.8,WIN
NOW,2026-01-12,bull_put,143.0,142.0,0.5021,0.5,1.0042,0.11235955056179775,4.198994805766898,True,False,-49.79,LOSS
ACN,2026-01-12,bull_put,282.5,280.0,1.4543,1.4,1.0387857142857142,0.12499999999999993,8.026912499843906,False,False,145.43,WIN
NFLX,2026-01-12,bull_put,90.0,89.5,0.2787,0.285,0.9778947368421054,0.033670033670033704,3.1648920136121124,True,False,-22.13,LOSS
NEE,2026-01-13,bull_put,82.0,81.0,0.5531,0.505,1.0952475247524753,0.33684210526315794,48.637670194402965,False,False,55.31,WIN
ACN,2026-01-13,bull_put,277.5,275.0,1.2554,0.8,1.56925,0.573913043478261,16.083733778895425,False,True,125.54,WIN
XOM,2026-01-13,bull_put,127.0,126.0,0.5332,0.515,1.0353398058252428,0.19047619047619047,10.778240455314478,False,False,53.32,WIN
SBUX,2026-01-13,bull_put,91.0,90.0,0.4992,0.42,1.1885714285714286,0.5454545454545455,5.632002864508938,False,True,49.919999999999995,WIN
PG,2026-01-13,bull_put,145.0,144.0,0.5697,0.52,1.095576923076923,0.11295681063122934,4.422365265712301,False,False,4.985000000000056,PARTIAL
NFLX,2026-01-13,bull_put,90.5,90.0,0.2526,0.235,1.0748936170212766,0.03278688524590167,4.372277752113545,True,False,-24.740000000000002,LOSS
MDT,2026-01-14,bull_put,99.0,98.0,0.4701,0.245,1.9187755102040818,1.0909090909090908,4.266162090812984,False,True,-52.99,LOSS
PYPL,2026-01-14,bull_put,58.0,57.5,0.2724,0.265,1.0279245283018867,0.08000000000000007,2.4305865044212807,False,False,-22.759999999999998,LOSS
NOW,2026-01-14,bull_put,135.0,134.0,0.54,0.725,0.7448275862068966,0.27848101265822783,4.786865178754226,True,False,-46.0,LOSS
DIS,2026-01-14,bull_put,114.0,113.0,0.604,0.53,1.139622641509434,0.23809523809523794,52.94659892896511,False,False,-39.6,LOSS
RTX,2026-01-14,bull_put,200.0,197.5,1.3467,1.655,0.8137160120845921,0.46875,19.259861733371974,False,False,134.67,WIN
NFLX,2026-01-14,bull_put,89.0,88.5,0.2755,0.255,1.0803921568627453,0.0436681222707422,6.684279852422329,True,False,-22.45,LOSS
SCHW,2026-01-15,bull_put,103.0,102.0,0.4871,0.45,1.0824444444444443,0.35135135135135137,97.26151053678218,False,False,48.71,WIN
UPS,2026-01-15,bull_put,109.0,108.0,0.4713,0.505,0.9332673267326732,1.0000000000000002,12.394579629254846,False,True,-52.87,LOSS
UNH,2026-01-15,bull_put,340.0,337.5,1.2192,1.21,1.0076033057851241,0.17647058823529413,3.3938469889472023,False,False,-128.07999999999998,LOSS
AVGO,2026-01-15,bull_put,345.0,342.5,1.3185,1.275,1.0341176470588236,0.0591715976331361,0.032639739233778754,False,False,131.85,WIN
SPY,2026-01-15,bull_put,693.0,692.0,0.4816,0.42,1.1466666666666667,0.010582010582010592,0.014338887422255196,False,False,-51.839999999999996,LOSS
MSFT,2026-01-15,bull_put,457.5,455.0,1.1253,1.09,1.0323853211009173,0.030188679245283047,-0.009841054282179199,False,False,112.53,WIN
XOM,2026-01-20,bull_put,131.0,130.0,0.4783,0.49,0.9761224489795919,0.11764705882352951,1.2515857443782288,False,False,47.83,WIN
SBUX,2026-01-20,bull_put,94.0,93.0,0.4889,0.41,1.192439024390244,0.19011406844106465,4.004764408485091,False,False,48.89,WIN
NOW,2026-01-20,bull_put,126.0,125.0,0.5177,0.525,0.9860952380952381,0.14141414141414146,1.330422956416747,True,False,51.77,WIN
KO,2026-01-20,bull_put,72.0,71.0,0.4986,0.4,1.2465,0.1904761904761905,33.2813362318596,False,False,49.86,WIN
UPS,2026-01-20,bull_put,107.0,106.0,0.4921,0.44,1.118409090909091,1.155378486055777,7.9343234033702,False,True,49.21,WIN
MRK,2026-01-20,bull_put,110.0,109.0,0.5646,0.365,1.5468493150684932,0.20640569395017797,3.845071158289699,False,True,-43.54,LOSS
CVX,2026-01-21,bull_put,167.5,165.0,1.125,1.14,0.986842105263158,0.21203438395415464,67.30665917932028,False,False,17.249999999999943,PARTIAL
NFLX,2026-01-21,bull_put,86.0,85.0,0.5139,0.53,0.969622641509434,0.051660516605165935,27.605180734006368,True,False,51.39,WIN
NOW,2026-01-21,bull_put,126.0,125.0,0.5699,0.525,1.0855238095238093,0.12048192771084347,16.08218000347548,True,False,56.989999999999995,WIN
SBUX,2026-01-21,bull_put,97.0,96.0,0.5739,0.6,0.9565,0.4316546762589927,15.90521012769265,False,False,57.38999999999999,WIN
XOM,2026-01-21,bull_put,134.0,133.0,0.4765,0.52,0.9163461538461538,0.24267782426778245,4.185026319939706,False,False,47.65,WIN
ORCL,2026-01-21,bull_put,175.0,172.5,1.2848,1.2,1.0706666666666667,0.06153846153846159,0.9109066371423714,True,False,128.48,WIN
MSFT,2026-01-22,bull_put,452.5,450.0,1.2975,1.195,1.0857740585774058,0.02559414990859226,4.7166228585272805,False,False,129.75,WIN
SPY,2026-01-22,bull_put,690.0,689.0,0.5313,0.495,1.0733333333333333,0.017621145374449355,0.7299858956287363,False,False,-23.869999999998182,PARTIAL
UNH,2026-01-22,bull_put,355.0,352.5,1.1322,1.075,1.0532093023255815,0.2343096234309624,2.654132152629827,False,False,113.22000000000001,WIN
NOW,2026-01-22,bull_put,129.0,128.0,0.4893,0.475,1.0301052631578949,0.18181818181818182,8.856245908422698,True,False,48.93,WIN
BMY,2026-01-22,bull_put,55.0,54.0,0.5306,0.245,2.1657142857142855,1.278688524590164,107.99892348067554,False,True,9.029999999999927,PARTIAL
XOM,2026-01-22,bull_put,134.0,133.0,0.5179,0.475,1.0903157894736843,0.21176470588235288,67.20856095363305,False,False,51.790000000000006,WIN
NFLX,2026-01-26,bull_put,86.0,85.0,0.4606,0.485,0.9496907216494845,0.038610038610038644,35.40499082000597,True,False,-53.94,LOSS
PYPL,2026-01-26,bull_put,57.0,56.0,0.4732,0.485,0.9756701030927836,0.07407407407407401,6.256713761541842,False,False,-52.68000000000001,LOSS
JPM,2026-01-26,bull_put,302.5,300.0,1.2408,1.12,1.1078571428571427,0.12413793103448281,4.325860355544862,False,False,124.07999999999998,WIN
EMR,2026-01-26,bull_put,150.0,149.0,0.5591,0.475,1.1770526315789476,0.7540983606557379,3.3956358784697698,False,True,-44.09,LOSS
EOG,2026-01-26,bull_put,108.0,107.0,0.5384,0.475,1.1334736842105264,0.12121212121212119,3.179601940898309,False,False,53.839999999999996,WIN
FCX,2026-01-26,bull_put,62.0,61.0,0.5199,0.38,1.3681578947368422,0.29969418960244654,2.342258897435623,False,True,-48.010000000000005,LOSS
ACN,2026-01-27,bull_put,277.5,275.0,1.294,1.2,1.0783333333333334,0.1234567901234568,1.0946664139520033,False,False,-120.6,LOSS
ABBV,2026-01-27,bull_put,225.0,222.5,1.2481,1.2,1.0400833333333335,0.11428571428571424,6.210947170597916,False,False,-74.19000000000091,PARTIAL
EOG,2026-01-27,bull_put,109.0,108.0,0.543,0.5,1.086,0.09836065573770501,9.615255473090803,False,False,54.300000000000004,WIN
FCX,2026-01-27,bull_put,63.0,62.0,0.4802,0.4,1.2005,0.17322834645669288,9.721585334156385,False,False,-51.980000000000004,LOSS
NFLX,2026-01-27,bull_put,86.0,85.0,0.5089,0.49,1.0385714285714287,0.024691358024691384,119.3034360024601,True,False,-49.11,LOSS
CSCO,2026-01-27,bull_put,79.0,78.0,0.4617,0.42,1.0992857142857144,0.13903743315508021,10.956721766595004,False,False,-21.83000000000068,PARTIAL
NFLX,2026-01-28,bull_put,85.0,84.0,0.4838,0.48,1.0079166666666668,0.0487804878048781,165.52443461680025,True,False,-51.62,LOSS
USB,2026-01-28,bull_put,56.0,55.0,0.4667,0.37,1.2613513513513515,0.37037037037037035,57.8757123123494,False,True,46.67,WIN
SCHW,2026-01-28,bull_put,104.0,103.0,0.537,0.475,1.1305263157894738,0.15384615384615377,14.783974535634393,False,False,22.850000000000087,PARTIAL
FCX,2026-01-28,bull_put,64.0,63.0,0.5179,0.555,0.9331531531531532,0.3384615384615384,13.763753291630378,False,False,-48.209999999999994,LOSS
BAC,2026-01-28,bull_put,52.0,51.5,0.2466,0.225,1.096,0.06060606060606066,9.817073700793982,False,False,24.66,WIN
WMT,2026-01-28,bull_put,117.0,116.0,0.5052,0.45,1.1226666666666667,0.11009174311926596,1.4784536856069215,False,False,50.519999999999996,WIN
DIS,2026-01-29,bull_put,112.0,111.0,0.5116,0.465,1.100215053763441,0.29508196721311475,9.728352111861685,False,False,51.160000000000004,WIN
IBM,2026-01-29,bull_put,310.0,307.5,1.2684,1.33,0.9536842105263157,0.5396825396825398,12.914979922795125,False,True,-123.16,LOSS
SBUX,2026-01-29,bull_put,94.0,93.0,0.4861,0.435,1.117471264367816,0.6046511627906976,13.157544053385132,False,True,-51.39,LOSS
PNC,2026-01-29,bull_put,225.0,222.5,1.139,0.85,1.34,0.7368421052631577,73.74363092536305,False,True,-56.099999999998865,PARTIAL
JPM,2026-01-29,bull_put,307.5,305.0,1.2773,1.265,1.0097233201581028,0.2619542619542621,83.78446777644464,False,False,-33.27000000000135,PARTIAL
GE,2026-01-29,bull_put,300.0,297.5,1.2942,1.305,0.9917241379310345,0.7401574803149605,13.775373640633449,False,True,129.42000000000002,WIN
JPM,2026-02-02,bull_put,310.0,307.5,1.2825,1.24,1.034274193548387,0.07407407407407414,0.9925703282695518,False,False,128.25,WIN
ABT,2026-02-02,bull_put,110.0,109.0,0.4995,0.525,0.9514285714285714,0.13240418118466896,1.3311926665478486,False,False,49.95,WIN
UPS,2026-02-02,bull_put,111.0,110.0,0.5123,0.5,1.0246,0.2756598240469208,2.151806167222512,False,False,51.23,WIN
FCX,2026-02-02,bull_put,61.0,60.0,0.507,0.58,0.8741379310344828,0.14906832298136646,7.070026263558804,False,False,8.850000000000085,PARTIAL
CSCO,2026-02-02,bull_put,81.0,80.0,0.5064,0.47,1.0774468085106383,0.3537906137184116,4.534278545113545,False,False,50.63999999999999,WIN
NOW,2026-02-02,bull_put,119.0,118.0,0.5125,0.6,0.8541666666666666,0.09836065573770501,2.3051054034315417,True,False,-48.75,LOSS
T,2026-02-03,bull_put,27.0,26.5,0.2685,0.215,1.2488372093023257,0.18181818181818182,197.3997306079341,False,False,26.85,WIN
NEE,2026-02-03,bull_put,89.0,88.0,0.5261,0.475,1.1075789473684212,0.1767441860465116,37.01342708566742,False,False,52.61,WIN
FCX,2026-02-03,bull_put,65.0,64.0,0.5236,0.495,1.0577777777777777,0.10126582278481007,15.728954635032792,False,False,-47.64,LOSS
EOG,2026-02-03,bull_put,111.0,110.0,0.5533,0.6,0.9221666666666667,0.1666666666666667,2.744050841717128,False,False,55.33,WIN
SCHW,2026-02-03,bull_put,104.0,103.0,0.4691,0.44,1.0661363636363637,0.1742738589211618,2.450067417084347,False,False,46.910000000000004,WIN
NOW,2026-02-03,bull_put,111.0,110.0,0.6013,0.55,1.0932727272727272,0.12499999999999997,2.224238757688214,True,False,-39.87,LOSS
MA,2026-02-04,bull_put,555.0,552.5,1.3055,1.075,1.214418604651163,0.34262948207171307,0.6161362994253595,False,False,-119.44999999999999,LOSS
AAPL,2026-02-04,bull_put,277.5,275.0,1.2071,1.16,1.0406034482758622,0.03174603174603177,0.856324051005469,False,False,120.71000000000001,WIN
NOW,2026-02-04,bull_put,112.0,111.0,0.6133,0.55,1.115090909090909,0.10169491525423738,1.9014627864859208,True,False,-38.67,LOSS
MCD,2026-02-04,bull_put,325.0,322.5,1.3957,1.085,1.2863594470046082,0.1799307958477509,5.508951678312727,False,True,139.57,WIN
MMM,2026-02-04,bull_put,165.0,162.5,1.3947,1.325,1.0526037735849056,0.37154150197628455,32.037602238360215,False,False,139.47,WIN
DHR,2026-02-04,bull_put,220.0,217.5,1.1656,1.45,0.8038620689655173,0.8148148148148147,3.288923251988207,False,True,-133.44,LOSS
CL,2026-02-05,bull_put,95.0,94.0,0.4612,0.3,1.5373333333333334,1.2,78.32266346395355,False,True,-12.880000000000342,PARTIAL
ADP,2026-02-05,bull_put,235.0,232.5,1.1894,1.325,0.8976603773584906,0.882882882882883,18.797459324419258,False,True,-131.06,LOSS
ABBV,2026-02-05,bull_put,220.0,217.5,1.2206,0.715,1.7071328671328672,0.8169014084507044,17.71022338457041,False,True,122.05999999999999,WIN
NVDA,2026-02-05,bull_put,172.5,170.0,1.143,1.03,1.1097087378640778,0.007633587786259549,12.198783975852763,False,False,114.3,WIN
UPS,2026-02-05,bull_put,117.0,116.0,0.5309,1.09,0.4870642201834862,1.098901098901099,5.218435727952789,False,True,53.09,WIN
NOW,2026-02-05,bull_put,103.0,102.0,0.4837,0.45,1.074888888888889,0.14634146341463428,1.4618230984110252,True,False,-51.629999999999995,LOSS
NOW,2026-02-09,bull_put,105.0,104.0,0.5709,0.55,1.0379999999999998,0.09230769230769226,1.9567740907247277,True,False,57.089999999999996,WIN
PM,2026-02-09,bull_put,182.5,180.0,1.2264,1.0,1.2264,0.22680412371134034,4.389649517474782,False,False,122.63999999999999,WIN
FCX,2026-02-09,bull_put,64.0,63.0,0.4935,0.555,0.8891891891891891,0.14492753623188406,2.9345879053210417,False,False,-50.64999999999999,LOSS
PYPL,2026-02-09,bull_put,41.5,41.0,0.2681,0.265,1.011698113207547,0.06666666666666672,2.9915924770201867,False,False,-23.189999999999998,LOSS
CSX,2026-02-09,bull_put,41.0,40.0,0.4806,0.375,1.2816,0.26086956521739135,83.18173574219942,False,True,17.529999999999873,PARTIAL
NFLX,2026-02-09,bull_put,82.0,81.0,0.4876,0.485,1.005360824742268,0.04651162790697679,30.57953867095271,True,False,-51.239999999999995,LOSS
BMY,2026-02-10,bull_put,61.0,60.0,0.4911,0.405,1.2125925925925924,0.1818181818181818,26.973807837260928,False,False,11.5550000000001,PARTIAL
USB,2026-02-10,bull_put,61.0,60.0,0.4979,0.405,1.2293827160493827,0.11627906976744182,19.29411898835287,False,False,-50.21,LOSS
FCX,2026-02-10,bull_put,64.0,63.0,0.6193,0.605,1.0236363636363637,0.11898016997167149,10.0284846043961,False,False,-38.07,LOSS
CSX,2026-02-10,bull_put,41.0,40.5,0.2254,0.2,1.1269999999999998,0.3529411764705883,2.666249409624085,False,False,4.769999999999872,PARTIAL
NOW,2026-02-10,bull_put,107.0,106.0,0.4706,0.475,0.9907368421052632,0.07692307692307698,2.336820595465469,True,False,47.06,WIN
HD,2026-02-10,bull_put,390.0,387.5,1.2039,1.245,0.9669879518072289,0.26373626373626374,1.312307943111578,False,False,120.39,WIN
LOW,2026-02-11,bull_put,287.5,285.0,1.1625,1.785,0.6512605042016808,0.6666666666666666,1.6846368667111484,False,True,52.624999999999325,PARTIAL
JPM,2026-02-11,bull_put,312.5,310.0,1.2217,1.195,1.0223430962343096,0.15384615384615385,2.354920984093228,False,False,-127.83,LOSS
MRK,2026-02-11,bull_put,120.0,119.0,0.6148,0.55,1.1178181818181818,0.5510204081632654,5.4320303115358355,False,True,61.480000000000004,WIN
NEE,2026-02-11,bull_put,92.0,91.0,0.5696,0.785,0.7256050955414013,0.8044280442804427,7.396296889710543,False,True,56.96,WIN
ABT,2026-02-11,bull_put,114.0,112.0,0.9854,0.68,1.4491176470588234,1.9864864864864868,267.97833242973326,False,True,-33.45999999999931,PARTIAL
FCX,2026-02-11,bull_put,66.0,65.0,0.6147,0.73,0.842054794520548,0.4492307692307692,21.62927003895611,False,False,-38.53,LOSS
NOW,2026-02-12,bull_put,104.0,103.0,0.6257,0.475,1.317263157894737,0.27027027027027023,19.599352481649216,True,True,62.57,WIN
QCOM,2026-02-12,bull_put,139.0,138.0,0.5141,0.345,1.490144927536232,0.860927152317881,1.6973767526309844,False,True,51.41,WIN
MSFT,2026-02-12,bull_put,402.5,400.0,1.1519,1.11,1.0377477477477477,0.04255319148936167,1.456234399933238,False,False,-2.8100000000006897,PARTIAL
SPY,2026-02-12,bull_put,682.0,681.0,0.4669,0.435,1.0733333333333333,0.008032128514056172,-0.00834927374931566,False,False,10.844999999999999,PARTIAL
QQQ,2026-02-12,bull_put,602.0,601.0,0.4833,0.455,1.0621978021978022,0.009195402298850583,-0.010911392404702132,False,False,20.164999999997953,PARTIAL
IWM,2026-02-12,bull_put,260.0,259.0,0.4842,0.46,1.0526086956521739,0.018018018018018032,-0.019801954731070135,False,False,48.42,WIN
ADP,2026-02-17,bull_put,215.0,212.5,1.3679,1.275,1.0728627450980392,0.17721518987341764,1.5113136637833817,False,False,41.89499999999994,PARTIAL
PYPL,2026-02-17,bull_put,41.0,40.5,0.2392,0.245,0.976326530612245,0.09395973154362425,1.6477509554709908,False,False,23.919999999999998,WIN
SBUX,2026-02-17,bull_put,96.0,95.0,0.5202,0.48,1.08375,0.18892508143322478,3.607902768103197,False,False,52.019999999999996,WIN
NOW,2026-02-17,bull_put,107.0,106.0,0.5705,0.575,0.9921739130434784,0.09836065573770501,3.913139751965738,True,False,-42.95,LOSS
TJX,2026-02-17,bull_put,157.5,155.0,1.2086,1.03,1.173398058252427,0.19653179190751438,94.21689378033297,False,False,120.85999999999999,WIN
EOG,2026-02-17,bull_put,120.0,119.0,0.5101,0.475,1.0738947368421052,0.17647058823529413,4.09086782033538,False,False,51.01,WIN
CVX,2026-02-18,bull_put,185.0,182.5,1.431,1.185,1.2075949367088608,0.14912280701754396,202.8398160006549,False,False,18.050000000000345,PARTIAL
CSX,2026-02-18,bull_put,41.5,41.0,0.2917,0.15,1.9446666666666668,0.25000000000000006,113.28842401723938,False,True,29.17,WIN
FCX,2026-02-18,bull_put,63.0,62.0,0.5329,0.385,1.3841558441558441,0.09523809523809532,5.531617494339048,False,True,53.290000000000006,WIN
MMM,2026-02-18,bull_put,165.0,162.5,1.218,1.085,1.1225806451612903,0.09929078014184416,5.494278582158843,False,False,121.8,WIN
GM,2026-02-18,bull_put,84.0,83.0,0.4802,0.505,0.950891089108911,0.4273504273504273,3.3490745490657625,False,False,-51.980000000000004,LOSS
TXN,2026-02-18,bull_put,225.0,222.5,1.442,1.25,1.1536,0.1294964028776979,3.028181422101335,False,False,-105.80000000000001,LOSS
GE,2026-02-19,bull_put,335.0,332.5,1.1338,1.205,0.9409128630705393,0.49190938511326865,2.9405638492547785,False,False,113.38,WIN
V,2026-02-19,bull_put,320.0,317.5,1.2229,1.18,1.03635593220339,0.2584493041749503,9.305096172985325,False,False,122.29,WIN
ORCL,2026-02-19,bull_put,157.5,155.0,1.2038,1.16,1.0377586206896552,0.06477732793522256,3.105622042336998,True,False,-129.62,LOSS
FCX,2026-02-19,bull_put,63.0,62.0,0.5527,0.515,1.0732038834951456,0.26923076923076916,42.857862255675435,False,False,55.269999999999996,WIN
NOW,2026-02-19,bull_put,108.0,107.0,0.5381,0.575,0.9358260869565218,0.33846153846153837,9.84150531851293,True,False,-46.19,LOSS
NEE,2026-02-19,bull_put,92.0,91.0,0.4558,0.505,0.9025742574257425,0.43478260869565205,3.5281021587460084,False,False,45.58,WIN
ABT,2026-02-23,bull_put,116.0,115.0,0.5632,0.4,1.408,0.21305841924398627,9.374505852940702,False,True,56.32,WIN
NFLX,2026-02-23,bull_put,77.0,76.0,0.56,0.545,1.0275229357798166,0.014814814814814939,8.924610363665927,True,False,56.00000000000001,WIN
KO,2026-02-23,bull_put,81.0,80.0,0.538,0.48,1.1208333333333333,0.07253886010362688,2.763447932781669,False,False,53.800000000000004,WIN
BA,2026-02-23,bull_put,232.5,230.0,1.4446,1.4,1.031857142857143,0.19689119170984462,2.2927207388769433,False,False,-105.53999999999999,LOSS
SCHW,2026-02-23,bull_put,93.0,92.0,0.4809,0.44,1.0929545454545455,0.1010101010101011,1.9657842642702013,False,False,48.089999999999996,WIN
V,2026-02-23,bull_put,307.5,305.0,1.2927,1.175,1.1001702127659574,0.21999999999999992,1.6429466639061105,False,False,129.26999999999998,WIN
IBM,2026-02-24,bull_put,230.0,227.5,1.2428,1.45,0.857103448275862,0.17475728155339795,6.263256032516112,False,False,124.27999999999999,WIN
NSC,2026-02-24,bull_put,317.5,315.0,1.4004,1.15,1.2177391304347829,0.4,1.7050070438501261,False,False,-109.96,LOSS
MMM,2026-02-24,bull_put,167.5,165.0,1.2681,1.055,1.2019905213270143,0.11368421052631561,2.5513495485767086,False,False,-91.19000000000068,PARTIAL
SBUX,2026-02-24,bull_put,97.0,96.0,0.5423,0.42,1.2911904761904762,0.1362007168458781,9.23413613247619,False,True,54.230000000000004,WIN
SO,2026-02-24,bull_put,96.0,95.0,0.4748,0.4,1.1869999999999998,0.23529411764705876,16.599842534142198,False,False,47.48,WIN
VZ,2026-02-24,bull_put,50.0,49.5,0.2797,0.19,1.4721052631578948,0.1473684210526316,13.44005059301541,False,True,27.97,WIN
ADP,2026-02-25,bull_put,215.0,212.5,1.1799,1.175,1.0041702127659573,0.21359223300970884,50.29063517757169,False,False,26.99500000000068,PARTIAL
NFLX,2026-02-25,bull_put,83.0,82.0,0.4649,0.46,1.0106521739130434,0.023346303501945543,45.50904814246106,True,False,46.489999999999995,WIN
BAC,2026-02-25,bull_put,52.0,51.5,0.2642,0.23,1.148695652173913,0.04724409448818902,4.408772926670995,False,False,-23.580000000000002,LOSS
UNH,2026-02-25,bull_put,285.0,282.5,1.2007,1.14,1.0532456140350879,0.19444444444444448,3.691181643589842,False,False,120.07000000000001,WIN
UPS,2026-02-25,bull_put,114.0,113.0,0.4725,0.425,1.111764705882353,0.15238095238095234,3.12509888877365,False,False,47.25,WIN
NOW,2026-02-25,bull_put,105.0,104.0,0.557,0.45,1.2377777777777779,0.07547169811320761,2.7307403038510265,True,False,55.7,WIN
AMGN,2026-02-26,bull_put,380.0,377.5,1.2689,1.105,1.1483257918552037,1.0114566284779052,13.089201898199388,False,True,126.88999999999999,WIN
BAC,2026-02-26,bull_put,52.5,52.0,0.2382,0.225,1.0586666666666666,0.0674157303370787,13.374173914292822,False,False,-26.179999999999996,LOSS
FCX,2026-02-26,bull_put,69.0,68.0,0.6118,0.55,1.1123636363636362,0.5203252032520326,22.390028528550737,False,True,-30.82000000000017,PARTIAL
CRM,2026-02-26,bull_put,200.0,197.5,1.1734,1.1,1.0667272727272727,0.10638297872340434,29.38245085314455,False,False,-132.66,LOSS
CL,2026-02-26,bull_put,98.0,97.0,0.7096,0.75,0.9461333333333334,1.8666666666666665,319.2204236405419,False,True,70.96000000000001,WIN
NFLX,2026-02-26,bull_put,85.0,84.0,0.4715,0.465,1.0139784946236559,0.057692307692307744,66.16168493995278,True,False,47.15,WIN
XOM,2026-03-02,bull_put,155.0,152.5,1.1915,1.195,0.9970711297071129,0.048780487804878016,31.6033539736617,False,False,-130.85,LOSS
USB,2026-03-02,bull_put,55.0,54.0,0.4957,0.415,1.1944578313253011,0.11398963730569946,12.001574253991853,False,False,-50.43,LOSS
CVX,2026-03-02,bull_put,190.0,187.5,1.1349,1.095,1.0364383561643835,0.139384116693679,11.561082430886486,False,False,53.74499999999989,PARTIAL
ABBV,2026-03-02,bull_put,235.0,232.5,1.2716,1.235,1.0296356275303644,0.20000000000000004,5.400383505137015,False,False,-122.83999999999999,LOSS
NEE,2026-03-02,bull_put,93.0,92.0,0.5254,0.45,1.1675555555555555,0.1584905660377358,4.540856858065536,False,False,-47.46,LOSS
CSCO,2026-03-02,bull_put,80.0,79.0,0.5602,0.405,1.38320987654321,0.1612903225806453,4.002564140394135,False,True,-43.980000000000004,LOSS
CSX,2026-03-03,bull_put,43.0,42.5,0.2845,0.325,0.8753846153846153,0.7692307692307692,1.5997672732127444,False,True,-21.55,LOSS
NOW,2026-03-03,bull_put,114.0,113.0,0.5163,0.475,1.0869473684210527,0.10526315789473678,1.6810269407644194,True,False,51.629999999999995,WIN
ABBV,2026-03-03,bull_put,235.0,232.5,1.2207,1.235,0.9884210526315788,0.22535211267605643,1.2866508673511465,False,False,-127.93,LOSS
CVX,2026-03-03,bull_put,190.0,187.5,1.3129,1.33,0.9871428571428571,0.13740458015267182,23.810043258664926,False,False,62.64499999999988,PARTIAL
XOM,2026-03-03,bull_put,152.5,150.0,1.2262,1.145,1.0709170305676856,0.06766917293233088,43.88779489513431,False,False,-6.3799999999992085,PARTIAL
NEE,2026-03-03,bull_put,93.0,92.0,0.5107,0.5,1.0214,0.1673306772908368,1.9972293401056802,False,False,-48.93,LOSS
HON,2026-03-04,bear_call,245.0,247.5,1.3523,1.375,0.9834909090909091,0.40776699029126223,24.638414795463174,False,False,135.23000000000002,WIN
CSX,2026-03-04,bull_put,43.0,42.5,0.2586,0.225,1.1493333333333333,0.31578947368421056,27.770752459635286,False,False,-24.14,LOSS
CSCO,2026-03-04,bull_put,81.0,80.0,0.4581,0.33,1.3881818181818182,0.10650887573964493,52.72258786837509,False,True,-54.190000000000005,LOSS
CL,2026-03-04,bear_call,95.0,96.0,0.579,0.475,1.2189473684210526,0.5555555555555555,206.8892431409988,False,True,57.9,WIN
SO,2026-03-04,bull_put,98.0,97.0,0.5567,0.375,1.4845333333333333,0.5185185185185185,119.02401611090832,False,True,1.8350000000001976,PARTIAL
PM,2026-03-04,bull_put,180.0,177.5,1.3462,1.075,1.252279069767442,0.4285714285714286,118.65897753817549,False,True,-115.38,LOSS
DHR,2026-03-05,bull_put,202.5,200.0,1.1643,1.275,0.9131764705882353,0.9306930693069306,18.063663127925008,False,True,-133.57000000000002,LOSS
SBUX,2026-03-05,bull_put,99.0,98.0,0.515,0.505,1.0198019801980198,0.2944162436548223,15.64957580299912,False,False,25.249999999999744,PARTIAL
MA,2026-03-05,bull_put,525.0,522.5,1.1913,1.1,1.083,0.4505928853754942,3.9166173490243485,False,False,-130.87,LOSS
CRM,2026-03-05,bull_put,202.5,200.0,1.1772,1.18,0.9976271186440678,0.09625668449197862,2.8131251535676185,False,False,39.36000000000068,PARTIAL
NOW,2026-03-05,bull_put,121.0,120.0,0.5016,0.425,1.1802352941176473,0.1866666666666666,2.4418955556192086,True,False,50.160000000000004,WIN
EMR,2026-03-05,bull_put,143.0,142.0,0.628,0.3,2.0933333333333333,0.7961165048543688,2.425757541590252,False,True,-37.2,LOSS
MCD,2026-03-09,bear_call,330.0,332.5,1.341,1.555,0.862379421221865,0.2781456953642384,5.764161525805067,False,False,134.1,WIN
JNJ,2026-03-09,bear_call,242.5,245.0,1.1748,0.795,1.4777358490566037,0.2769230769230768,5.87065890727009,False,True,117.48,WIN
BMY,2026-03-09,bull_put,61.0,60.0,0.536,0.395,1.3569620253164558,0.45652173913043476,13.296575382459187,False,True,-46.400000000000006,LOSS
ABT,2026-03-09,bull_put,113.0,112.0,0.588,0.395,1.4886075949367088,0.3424657534246575,20.352390091478398,False,True,-41.199999999999996,LOSS
PFE,2026-03-09,bull_put,27.0,26.5,0.2883,0.22,1.3104545454545455,0.11764705882352937,141.66149259411037,False,True,-13.17000000000017,PARTIAL
CVX,2026-03-09,bull_put,190.0,187.5,1.1742,1.145,1.0255021834061135,0.11023622047244098,14.447705937738155,False,False,117.41999999999999,WIN
PEP,2026-03-10,bear_call,160.0,162.5,1.2547,1.29,0.9726356589147286,0.4468546637744034,95.43211186986447,False,False,125.47,WIN
MCD,2026-03-10,bear_call,327.5,330.0,1.2403,1.245,0.9962248995983934,0.12543554006968635,17.31228929863154,False,False,124.03,WIN
SO,2026-03-10,bear_call,96.0,97.0,0.4775,0.375,1.2733333333333332,0.4615384615384615,12.93409611029906,False,True,-52.25,LOSS
HON,2026-03-10,bear_call,240.0,242.5,1.3038,1.075,1.2128372093023256,0.1639344262295082,8.885910870379503,False,False,130.38,WIN
CL,2026-03-10,bear_call,92.0,93.0,0.5197,0.55,0.9449090909090909,0.2040816326530612,7.50603354985039,False,False,51.970000000000006,WIN
CVX,2026-03-10,bull_put,187.5,185.0,1.2077,1.195,1.0106276150627616,0.11604095563139943,4.969234801200545,False,False,120.77,WIN
JNJ,2026-03-11,bear_call,242.5,245.0,1.1315,1.35,0.8381481481481481,0.2752293577981652,8.157589232384588,False,False,113.14999999999999,WIN
AAPL,2026-03-11,bear_call,260.0,262.5,1.2408,1.335,0.929438202247191,0.026666666666666776,9.656509684811706,False,False,124.07999999999998,WIN
ACN,2026-03-11,bull_put,202.5,200.0,1.3101,1.125,1.1645333333333334,0.09230769230769226,13.858814481370626,False,False,-118.99,LOSS
XOM,2026-03-11,bull_put,152.5,150.0,1.2621,1.16,1.0880172413793103,0.1021897810218979,122.80022170567926,False,False,126.21,WIN
TJX,2026-03-11,bear_call,157.5,160.0,1.2257,0.93,1.3179569892473117,0.23890784982935148,147.71375006635034,False,True,122.57000000000001,WIN
CVX,2026-03-11,bull_put,192.5,190.0,1.1633,1.1,1.0575454545454546,0.12280701754385955,36.08982201270407,False,False,116.33,WIN
MO,2026-03-12,bull_put,68.0,67.0,0.6006,0.49,1.2257142857142858,0.6666666666666666,439.53551579971236,False,True,24.53000000000003,PARTIAL
AAPL,2026-03-12,bear_call,255.0,257.5,1.2229,1.29,0.947984496124031,0.06422018348623859,111.80192707454756,False,False,122.29,WIN
MS,2026-03-12,bull_put,155.0,152.5,1.2042,1.12,1.0751785714285713,0.20792079207920788,34.663046689705276,False,False,53.71000000000022,PARTIAL
CRM,2026-03-12,bull_put,200.0,197.5,1.2091,1.175,1.0290212765957447,0.11764705882352945,16.72549344404041,False,False,-129.09,LOSS
CME,2026-03-12,bull_put,312.5,310.0,1.2571,1.15,1.093130434782609,0.3063063063063063,6.855936695605284,False,False,7.854999999998869,PARTIAL
COST,2026-03-12,bear_call,1002.5,1005.0,1.3287,1.55,0.8572258064516128,0.37751004016064266,1.0773251270734994,False,False,-117.13,LOSS
CVX,2026-03-16,bull_put,197.5,195.0,1.1304,1.155,0.9787012987012987,0.07482993197278903,4.937842969552671,False,False,113.04,WIN
MO,2026-03-16,bear_call,67.5,68.0,0.2646,0.24,1.1025,0.12499999999999997,2.3788244777692955,False,False,26.46,WIN
CSX,2026-03-16,bull_put,40.0,39.5,0.2433,0.25,0.9732,0.22222222222222224,3.2659469919619757,False,False,-25.669999999999998,LOSS
NFLX,2026-03-16,bull_put,96.0,95.0,0.5103,0.51,1.0005882352941176,0.03191489361702119,5.507455846205809,True,False,-48.97,LOSS
ABT,2026-03-16,bull_put,110.0,109.0,0.4823,0.39,1.2366666666666666,0.1269841269841271,12.317872946735113,False,False,-51.77,LOSS
MCD,2026-03-16,bear_call,325.0,327.5,1.4898,1.48,1.0066216216216217,0.18390804597701146,3.781987533105315,False,False,148.98,WIN
MCD,2026-03-17,bear_call,325.0,327.5,1.412,1.39,1.0158273381294964,0.14084507042253522,13.868370160804908,False,False,141.2,WIN
SO,2026-03-17,bear_call,98.0,99.0,0.4864,0.45,1.0808888888888888,0.16216216216216217,25.26018090863488,False,False,48.64,WIN
MDT,2026-03-17,bear_call,88.0,89.0,0.5531,0.57,0.9703508771929826,0.19298245614035084,23.739076823800033,False,False,55.31,WIN
NFLX,2026-03-17,bull_put,95.0,94.0,0.4903,0.49,1.0006122448979593,0.034843205574912925,16.67059797526724,True,False,-50.970000000000006,LOSS
CSX,2026-03-17,bull_put,40.5,40.0,0.2466,0.225,1.096,0.36363636363636365,14.223726494650226,False,False,-25.34,LOSS
CSCO,2026-03-17,bear_call,79.0,80.0,0.5138,0.51,1.007450980392157,0.10138248847926257,12.311371981127444,False,False,51.38,WIN
BAC,2026-03-18,bull_put,47.0,46.5,0.2318,0.225,1.0302222222222222,0.06349206349206354,2.7879411412582082,False,False,23.18,WIN
ABT,2026-03-18,bull_put,109.0,108.0,0.5462,0.67,0.8152238805970149,1.973421926910299,2.9688736492376995,False,True,-45.379999999999995,LOSS
IBM,2026-03-18,bull_put,252.5,250.0,1.2389,1.55,0.799290322580645,0.40963855421686746,1.8787306445144003,False,False,-126.11000000000001,LOSS
VZ,2026-03-18,bear_call,49.5,50.0,0.227,0.26,0.8730769230769231,0.18181818181818188,13.209537683180109,False,False,-25.299999999999688,PARTIAL
BMY,2026-03-18,bear_call,59.0,60.0,0.4922,0.38,1.295263157894737,0.45925925925925914,33.31206237246159,False,True,49.220000000000006,WIN
MCD,2026-03-18,bear_call,315.0,317.5,1.1956,1.33,0.8989473684210526,0.29166666666666663,5.815423653791069,False,False,119.56,WIN
EMR,2026-03-19,bull_put,130.0,129.0,0.457,0.975,0.46871794871794875,0.9999999999999998,2.101080993058964,False,True,-54.300000000000004,LOSS
NOW,2026-03-19,bull_put,114.0,113.0,0.529,0.525,1.0076190476190476,0.21621621621621617,3.214571173639325,True,False,-47.099999999999994,LOSS
FCX,2026-03-19,bull_put,54.0,53.0,0.4892,0.43,1.1376744186046512,0.3024390243902439,8.53563717150718,False,False,-51.080000000000005,LOSS
CL,2026-03-19,bull_put,86.0,85.0,0.6169,0.675,0.9139259259259259,0.6000000000000001,100.18158625410429,False,True,-26.309999999999544,PARTIAL
NEE,2026-03-19,bull_put,92.5,92.0,0.2724,-0.01,-27.24,0.4854368932038835,38.43727417785598,False,True,-22.759999999999998,LOSS
ABBV,2026-03-19,bull_put,207.5,205.0,1.338,1.645,0.8133738601823709,0.5862068965517242,11.622734801460403,False,True,-109.20000000000067,PARTIAL
KO,2026-03-23,bear_call,75.0,76.0,0.4504,0.5,0.9008,0.1301775147928994,27.40574198245661,False,False,-25.959999999999372,PARTIAL
BMY,2026-03-23,bear_call,57.0,58.0,0.4533,0.43,1.054186046511628,0.3272727272727273,17.36018635444764,False,False,-54.669999999999995,LOSS
T,2026-03-23,bull_put,29.0,28.5,0.2659,0.22,1.2086363636363637,0.13043478260869565,15.404875636694278,False,False,26.590000000000003,WIN
TJX,2026-03-23,bull_put,157.5,155.0,1.2654,1.09,1.1609174311926604,0.21748400852878477,10.683783650286408,False,False,-111.45999999999954,PARTIAL
DIS,2026-03-23,bear_call,98.0,99.0,0.4728,0.515,0.9180582524271844,0.08823529411764698,5.502709053434081,False,False,47.28,WIN
NFLX,2026-03-23,bull_put,94.0,93.0,0.4808,0.48,1.0016666666666667,0.017291066282420765,5.4596593127273305,True,False,-8.919999999999318,PARTIAL
SO,2026-03-24,bear_call,94.0,95.0,0.5326,0.425,1.2531764705882353,0.18181818181818185,109.3297956453759,False,True,-46.739999999999995,LOSS
PEP,2026-03-24,bear_call,150.0,152.5,1.161,1.15,1.0095652173913046,0.18750000000000006,72.36771967300675,False,False,-133.9,LOSS
CL,2026-03-24,bear_call,84.0,85.0,0.5856,0.55,1.0647272727272727,0.16000000000000014,37.15536858629014,False,False,14.779999999999688,PARTIAL
CVX,2026-03-24,bull_put,207.5,205.0,1.1811,1.165,1.0138197424892703,0.11722912966252223,24.781930465957412,False,False,118.11,WIN
MCD,2026-03-24,bear_call,307.5,310.0,1.2653,1.345,0.9407434944237919,0.17391304347826086,22.653719741941757,False,False,126.53000000000002,WIN
CSCO,2026-03-24,bull_put,81.0,80.0,0.4679,0.39,1.1997435897435897,0.12682926829268304,21.237694885090033,False,False,-53.21,LOSS
CL,2026-03-25,bull_put,86.0,85.0,0.5526,0.475,1.1633684210526316,0.24390243902439016,6.065248181134321,False,False,-44.74,LOSS
SO,2026-03-25,bull_put,95.0,94.0,0.4891,0.475,1.0296842105263158,0.22222222222222215,6.392081915723015,False,False,48.91,WIN
HON,2026-03-25,bear_call,225.0,227.5,1.2266,1.0,1.2266,0.651685393258427,3.7714441051918186,False,True,122.66,WIN
WMT,2026-03-25,bear_call,123.0,124.0,0.4589,0.465,0.9868817204301075,0.07207207207207195,11.213171389274889,False,False,45.89,WIN
MCD,2026-03-25,bull_put,312.5,310.0,1.2944,1.125,1.1505777777777777,0.27572815533980577,16.919266421597218,False,False,-120.56,LOSS
ACN,2026-03-25,bull_put,192.5,190.0,1.1282,1.225,0.9209795918367347,0.3307086614173229,8.824244772765784,False,False,112.82000000000001,WIN
MA,2026-03-26,bear_call,500.0,502.5,1.2942,1.405,0.9211387900355872,0.5281602002503129,1.2845117470275627,False,True,129.42000000000002,WIN
MSFT,2026-03-26,bear_call,365.0,367.5,1.2483,1.25,0.99864,0.03098106712564554,1.811935273376406,False,False,124.83,WIN
PG,2026-03-26,bear_call,142.0,143.0,0.5145,0.565,0.9106194690265487,0.4253393665158372,2.375530468457389,False,False,-19.5500000000008,PARTIAL
AXP,2026-03-26,bull_put,300.0,297.5,1.1471,1.355,0.8465682656826569,0.32558139534883723,4.715169636374919,False,False,-135.29,LOSS
HD,2026-03-26,bear_call,327.5,330.0,1.2319,1.195,1.030878661087866,0.4432809773123909,9.414539151934111,False,False,123.19,WIN
ACN,2026-03-26,bull_put,197.5,195.0,1.2647,1.075,1.1764651162790698,0.7857142857142858,22.168706845582424,False,True,-123.53,LOSS
ABBV,2026-04-06,bull_put,207.5,205.0,1.2604,1.36,0.9267647058823528,0.2377622377622378,3.1022068624187003,False,False,126.03999999999999,WIN
CVX,2026-04-06,bull_put,200.0,197.5,1.2558,1.195,1.050878661087866,0.09929078014184399,6.539384435201527,False,False,-124.42,LOSS
SBUX,2026-04-06,bull_put,95.0,94.0,0.52,0.455,1.1428571428571428,0.08917197452229295,2.986759090186553,False,False,52.0,WIN
CSCO,2026-04-06,bull_put,81.0,80.0,0.5712,0.465,1.2283870967741937,0.1490196078431374,24.078174912884588,False,False,57.120000000000005,WIN
KO,2026-04-06,bear_call,77.0,78.0,0.4661,0.505,0.922970297029703,0.08284023668639048,26.19453500015767,False,False,-0.3899999999998849,PARTIAL
MDT,2026-04-06,bear_call,86.0,87.0,0.5059,0.5,1.0118,0.09009009009008997,12.071512490326151,False,False,-49.41,LOSS
CL,2026-04-07,bear_call,83.0,84.0,0.4984,0.475,1.049263157894737,0.18181818181818177,38.18842829377712,False,False,-50.160000000000004,LOSS
NEE,2026-04-07,bull_put,94.0,93.0,0.5419,0.48,1.1289583333333335,0.19742489270386265,39.155277288379125,False,False,54.190000000000005,WIN
CVX,2026-04-07,bull_put,202.5,200.0,1.3084,1.24,1.0551612903225807,0.1142857142857144,24.326672108481905,False,False,-119.16,LOSS
PEP,2026-04-07,bear_call,152.5,155.0,1.1887,1.165,1.020343347639485,0.22737819025522044,60.187141643381715,False,False,-131.13,LOSS
MO,2026-04-07,bear_call,66.0,67.0,0.5113,0.445,1.1489887640449437,0.2165605095541402,72.54774580498513,False,False,-48.870000000000005,LOSS
USB,2026-04-07,bull_put,54.0,53.0,0.4853,0.385,1.2605194805194806,0.10285714285714295,44.87358703751712,False,True,48.53,WIN
CSCO,2026-04-08,bull_put,84.0,83.0,0.6067,0.41,1.4797560975609758,0.05464480874316932,195.11947110198656,False,True,-39.33,LOSS
SCHW,2026-04-08,bull_put,97.0,96.0,0.5453,0.415,1.3139759036144578,0.15075376884422112,80.8967525108269,False,True,-45.47,LOSS
MDT,2026-04-08,bull_put,89.0,88.0,0.5333,0.825,0.6464242424242425,0.7755102040816325,70.96779176811205,False,True,-46.67,LOSS
MO,2026-04-08,bull_put,67.0,66.0,0.5353,0.305,1.7550819672131148,0.5154639175257733,58.564473175005425,False,True,53.53,WIN
TJX,2026-04-08,bull_put,162.5,160.0,1.2127,1.0,1.2127,0.21538461538461545,44.93700508181149,False,False,15.63499999999971,PARTIAL
NFLX,2026-04-08,bull_put,100.0,99.0,0.5019,0.48,1.045625,0.030075187969924838,33.9930487587686,True,False,50.19,WIN
V,2026-04-09,bear_call,307.5,310.0,1.232,1.455,0.8467353951890034,0.3140495867768594,3.1037410695663286,False,False,123.2,WIN
QCOM,2026-04-09,bull_put,128.0,127.0,0.4598,0.64,0.7184375,0.7548638132295719,0.7170784125720853,False,True,45.98,WIN
UPS,2026-04-09,bull_put,102.0,101.0,0.5101,0.42,1.2145238095238096,0.6162162162162161,10.134146664323499,False,True,10.505000000000141,PARTIAL
GILD,2026-04-09,bear_call,142.0,143.0,0.5123,0.44,1.1643181818181818,0.9383886255924169,29.45860924488735,False,True,51.23,WIN
GOOGL,2026-04-09,bear_call,317.5,320.0,1.275,1.285,0.9922178988326849,0.034548944337811846,39.371892144640135,False,False,127.49999999999999,WIN
NOW,2026-04-09,bull_put,90.0,89.0,0.465,0.475,0.9789473684210527,0.1481481481481481,16.55585251502035,True,False,-53.5,LOSS
PFE,2026-04-13,bull_put,27.5,27.0,0.251,0.245,1.0244897959183674,0.1276595744680851,18.640567082304006,False,False,25.1,WIN
CVX,2026-04-13,bull_put,192.5,190.0,1.2104,1.15,1.052521739130435,0.06779661016949143,14.70321025741834,False,False,-128.96,LOSS
ACN,2026-04-13,bull_put,192.5,190.0,1.2354,1.15,1.0742608695652176,0.18181818181818185,6.5288546961682945,False,False,123.54,WIN
NOW,2026-04-13,bull_put,90.0,89.0,0.5389,0.475,1.1345263157894738,0.10526315789473678,2.437974784487401,True,False,53.89000000000001,WIN
UNH,2026-04-13,bull_put,315.0,312.5,1.3979,1.225,1.141142857142857,0.08333333333333341,2.212271662316985,False,False,139.79,WIN
SBUX,2026-04-13,bull_put,98.0,97.0,0.5542,0.475,1.1667368421052633,0.10397553516819567,2.0471369082758577,False,False,55.42,WIN
SBUX,2026-04-14,bull_put,99.0,98.0,0.4948,0.435,1.1374712643678162,0.16849816849816848,0.7344288342852011,False,False,49.480000000000004,WIN
GOOGL,2026-04-14,bull_put,335.0,332.5,1.4288,1.375,1.0391272727272727,0.031413612565444914,1.2701988146029812,False,False,142.88,WIN
MA,2026-04-14,bull_put,515.0,512.5,1.383,1.05,1.3171428571428572,0.3333333333333333,1.301981541373415,False,True,138.3,WIN
IBM,2026-04-14,bull_put,242.5,240.0,1.3727,1.35,1.0168148148148148,0.11235955056179775,1.3172524250382351,False,False,137.27,WIN
NOW,2026-04-14,bull_put,89.0,88.0,0.5621,0.625,0.89936,0.09174311926605504,2.1964905394059073,True,False,56.21000000000001,WIN
CSCO,2026-04-14,bull_put,83.0,82.5,0.3144,0.245,1.283265306122449,0.0837209302325582,4.030517845485385,False,True,31.44,WIN
BA,2026-04-15,bull_put,225.0,222.5,1.3381,1.075,1.2447441860465118,0.14411247803163435,10.834843451096887,False,False,-28.19000000000045,PARTIAL
NOW,2026-04-15,bull_put,95.0,94.0,0.543,0.525,1.0342857142857143,0.15384615384615385,3.8007818394211617,True,False,54.300000000000004,WIN
JPM,2026-04-15,bull_put,307.5,305.0,1.2642,1.255,1.0073306772908368,0.1333333333333334,1.1095890669483266,False,False,126.42,WIN
PYPL,2026-04-15,bull_put,50.0,49.5,0.2927,0.23,1.2726086956521738,0.07253886010362688,0.9704956725643388,False,True,29.270000000000003,WIN
CSCO,2026-04-15,bull_put,82.5,82.0,0.2399,0.125,1.9192,0.3373493975903615,0.6710939097324693,False,True,23.990000000000002,WIN
UPS,2026-04-15,bull_put,104.0,103.0,0.5152,0.715,0.7205594405594405,0.4324324324324325,0.5490024467081762,False,False,51.519999999999996,WIN
TSLA,2026-04-16,bull_put,390.0,387.5,1.2978,1.25,1.03824,0.02298850574712656,0.36977543893100734,False,False,129.78,WIN
UNH,2026-04-16,bull_put,317.5,315.0,1.1881,1.23,0.9659349593495935,0.13492063492063486,4.184555321263885,False,False,118.80999999999999,WIN
EMR,2026-04-16,bull_put,141.0,140.0,0.6003,0.75,0.8003999999999999,0.8148148148148149,4.670337645579873,False,True,60.029999999999994,WIN
NOW,2026-04-16,bull_put,97.0,96.0,0.5368,0.475,1.130105263157895,0.3272727272727274,28.000056122466106,True,False,9.839999999999833,PARTIAL
SO,2026-04-16,bull_put,95.0,94.0,0.5866,0.6,0.9776666666666667,1.0303030303030303,188.38409572451243,False,True,4.830000000000256,PARTIAL
CSCO,2026-04-16,bull_put,85.0,84.0,0.6781,0.645,1.0513178294573644,0.7793427230046949,211.25010202670498,False,True,67.81,WIN
MO,2026-04-20,bull_put,65.0,64.0,0.5544,0.45,1.232,0.1379310344827586,157.8285026679022,False,False,55.44,WIN
NFLX,2026-04-20,bull_put,95.0,94.0,0.4712,0.48,0.9816666666666667,0.020905923344947754,13.104545190309867,True,False,-52.88,LOSS
PYPL,2026-04-20,bull_put,52.0,51.0,0.5575,0.525,1.061904761904762,0.04810996563573887,6.949662056015348,False,False,-44.25,LOSS
MCD,2026-04-20,bull_put,307.5,305.0,1.2242,1.33,0.9204511278195487,0.22580645161290328,3.111744259122916,False,False,-127.58,LOSS
JPM,2026-04-20,bull_put,317.5,315.0,1.1936,1.12,1.0657142857142856,0.09523809523809526,1.6216350042269638,False,False,-130.64,LOSS
CRM,2026-04-20,bull_put,187.5,185.0,1.3305,1.25,1.0644,0.04347826086956526,1.5070665962611154,False,False,-116.95,LOSS
MA,2026-04-21,bull_put,512.5,510.0,1.2285,1.1,1.1168181818181817,0.1967213114754099,0.5764901799894274,False,False,-127.15,LOSS
SBUX,2026-04-21,bull_put,98.0,97.0,0.4695,0.455,1.0318681318681318,0.20350877192982458,0.6760136450775118,False,False,46.949999999999996,WIN
CRM,2026-04-21,bull_put,187.5,185.0,1.1649,1.115,1.0447533632286996,0.09756097560975609,0.9619285383314793,False,False,-133.51,LOSS
ACN,2026-04-21,bull_put,195.0,192.5,1.1451,1.125,1.0178666666666667,0.22222222222222215,2.8222709443718346,False,False,-135.49,LOSS
CSCO,2026-04-21,bull_put,90.0,89.0,0.5373,0.56,0.9594642857142857,0.3617747440273038,13.44653099547517,False,False,-45.26999999999949,PARTIAL
NFLX,2026-04-21,bull_put,93.0,92.0,0.5015,0.5,1.003,0.02150537634408604,38.519555947422,True,False,-5.850000000000232,PARTIAL
ADP,2026-04-22,bull_put,202.5,200.0,1.1803,1.1,1.0729999999999997,0.26804123711340205,44.43853583583043,False,False,-131.97,LOSS
V,2026-04-22,bull_put,312.5,310.0,1.3354,1.17,1.1413675213675214,0.17821782178217824,34.43954667482486,False,False,-116.46000000000001,LOSS
SBUX,2026-04-22,bull_put,100.0,99.0,0.5375,0.47,1.1436170212765957,0.1818181818181818,7.05449945088699,False,False,-46.25,LOSS
HD,2026-04-22,bull_put,340.0,337.5,1.2656,1.06,1.1939622641509433,0.33333333333333337,3.0377373472346356,False,False,-123.44,LOSS
GE,2026-04-22,bull_put,277.5,275.0,1.3499,0.965,1.3988601036269432,0.21686746987951794,2.662514141516936,False,True,134.99,WIN
MA,2026-04-22,bull_put,512.5,510.0,1.4495,1.25,1.1596,0.40740740740740744,1.449625774487059,False,False,-105.05,LOSS
PYPL,2026-04-23,bull_put,50.0,49.5,0.2523,0.25,1.0092,0.1724137931034482,2.134917415162048,False,False,25.230000000000004,WIN
DIS,2026-04-23,bull_put,104.0,103.0,0.4942,0.45,1.0982222222222222,0.49710982658959546,8.31104964530131,False,False,-50.580000000000005,LOSS
EMR,2026-04-23,bull_put,143.0,142.0,0.5405,1.025,0.5273170731707317,0.6956521739130436,0.49387205238587906,False,True,-45.95,LOSS
JPM,2026-04-23,bull_put,312.5,310.0,1.1593,1.04,1.1147115384615385,0.24509803921568626,25.43542453480167,False,False,-134.07,LOSS
V,2026-04-23,bull_put,310.0,307.5,1.3,1.205,1.0788381742738589,0.33057851239669417,60.273277954230984,False,False,36.000000000000796,PARTIAL
BA,2026-04-23,bull_put,235.0,232.5,1.3019,1.045,1.2458373205741629,0.24947145877378446,14.664850434383196,False,False,-119.80999999999999,LOSS
NFLX,2026-04-27,bull_put,92.0,91.0,0.5148,0.53,0.9713207547169812,0.029850746268656747,13.723399815975514,True,False,51.480000000000004,WIN
JPM,2026-04-27,bull_put,312.5,310.0,1.2554,1.4,0.8967142857142858,0.09836065573770501,1.2180440678020135,False,False,61.27000000000137,PARTIAL
AXP,2026-04-27,bull_put,320.0,317.5,1.3289,1.3,1.0222307692307693,0.11538461538461531,0.8550664352020694,False,False,50.44500000000034,PARTIAL
BA,2026-04-27,bull_put,232.5,230.0,1.3549,1.225,1.1060408163265305,0.07999999999999992,0.8195771560626789,False,False,-114.51,LOSS
ACN,2026-04-27,bull_put,177.5,175.0,1.1452,1.125,1.0179555555555555,0.18604651162790706,0.7277066969310148,False,False,114.52,WIN
NOW,2026-04-27,bull_put,92.0,91.0,0.5781,0.575,1.005391304347826,0.1142857142857144,0.4933308169481276,True,False,-26.190000000000346,PARTIAL
EOG,2026-04-28,bull_put,136.0,135.0,0.5151,0.45,1.1446666666666667,0.23529411764705876,1.424240372235834,False,False,51.51,WIN
BA,2026-04-28,bull_put,232.5,230.0,1.3647,1.33,1.0260902255639097,0.2035928143712574,1.612743357672993,False,False,-113.53,LOSS
IBM,2026-04-28,bull_put,235.0,232.5,1.3096,1.39,0.9421582733812951,0.11363636363636363,2.2229239026990366,False,False,-119.03999999999999,LOSS
NOW,2026-04-28,bull_put,91.0,90.0,0.481,0.5,0.962,0.16000000000000014,2.700886612515161,True,False,48.1,WIN
CSCO,2026-04-28,bull_put,87.0,86.0,0.4861,0.435,1.117471264367816,0.3873517786561264,12.446078331744205,False,False,48.61,WIN
NFLX,2026-04-28,bull_put,93.0,92.0,0.5545,0.54,1.0268518518518517,0.025641025641025664,42.90433363060774,True,False,-38.54999999999977,PARTIAL
DHR,2026-04-29,bull_put,180.0,177.5,1.4037,1.675,0.8380298507462686,0.37837837837837834,24.926177589556968,False,False,-109.63000000000001,LOSS
UPS,2026-04-29,bull_put,107.0,106.0,0.55,0.4,1.375,0.3643122676579925,13.284040384403712,False,True,55.00000000000001,WIN
CSCO,2026-04-29,bull_put,90.0,89.0,0.4974,0.45,1.1053333333333333,0.2137404580152672,3.0980242680711347,False,False,49.74,WIN
BA,2026-04-29,bull_put,225.0,222.5,1.232,1.175,1.0485106382978724,0.17755443886097144,2.6645721995435014,False,False,123.2,WIN
SBUX,2026-04-29,bull_put,106.0,105.0,0.5106,0.575,0.8880000000000001,0.1775147928994083,1.731779544442637,False,False,20.530000000000285,PARTIAL
EOG,2026-04-29,bull_put,140.0,139.0,0.5905,0.675,0.8748148148148148,0.6046511627906976,1.4165143976193202,False,True,-40.949999999999996,LOSS
UPS,2026-04-30,bull_put,109.0,108.0,0.4713,0.395,1.1931645569620253,0.8372093023255813,10.45917052130558,False,True,-52.87,LOSS
ACN,2026-04-30,bull_put,180.0,177.5,1.3765,1.25,1.1012,0.3396226415094339,15.614711444215583,False,False,60.32500000000063,PARTIAL
NOW,2026-04-30,bull_put,89.0,88.0,0.5502,0.6,0.917,0.24242424242424251,9.83646954800308,True,False,55.02,WIN
CSX,2026-04-30,bull_put,45.5,45.0,0.286,-0.0,-inf,1.5,159.93447135452453,False,True,-12.399999999999661,PARTIAL
NFLX,2026-04-30,bull_put,94.0,93.0,0.489,0.49,0.9979591836734694,0.09638554216867465,245.075038853129,True,False,-51.1,LOSS
CRM,2026-04-30,bull_put,177.5,175.0,1.2533,1.26,0.9946825396825397,0.16453382084095072,26.216368729963246,False,False,125.33000000000001,WIN
PM,2026-05-04,bull_put,170.0,167.5,1.2038,1.075,1.1198139534883722,0.05940594059405936,28.308115275054014,False,False,120.38,WIN
TJX,2026-05-04,bull_put,155.0,152.5,1.1406,1.05,1.0862857142857143,0.11764705882352937,8.112753054645822,False,False,-49.93999999999863,PARTIAL
CVX,2026-05-04,bull_put,192.5,190.0,1.1413,1.01,1.13,0.0998278829604131,6.282016172940133,False,False,-135.87,LOSS
ABT,2026-05-04,bull_put,88.0,87.0,0.496,0.525,0.9447619047619047,0.15384615384615383,3.4750847436462884,False,False,-50.4,LOSS
XOM,2026-05-04,bull_put,155.0,152.5,1.3257,1.295,1.0237065637065639,0.11199999999999989,2.5263628686463404,False,False,-117.42999999999999,LOSS
NOW,2026-05-04,bull_put,93.0,92.0,0.5208,0.525,0.992,0.1142857142857144,1.1014553523774013,True,False,-47.92,LOSS
GE,2026-05-05,bull_put,287.5,285.0,1.2439,0.475,2.6187368421052635,0.33999999999999986,0.6612467919800503,False,True,124.39,WIN
NOW,2026-05-05,bull_put,93.0,92.0,0.5489,0.525,1.0455238095238095,0.08849557522123894,3.0032707189942855,True,False,-45.11,LOSS
CRM,2026-05-05,bull_put,187.5,185.0,1.149,1.205,0.9535269709543568,0.1666666666666666,0.5699638805402647,False,False,-135.1,LOSS
ACN,2026-05-05,bull_put,180.0,177.5,1.275,1.3,0.9807692307692306,0.5542168674698794,8.611735766155608,False,True,127.49999999999999,WIN
PM,2026-05-05,bull_put,170.0,167.5,1.226,1.075,1.1404651162790698,0.21176470588235302,37.13889477637687,False,False,122.6,WIN
FCX,2026-05-05,bull_put,58.0,57.0,0.4683,0.48,0.9756250000000001,0.16342412451361865,4.1098266700062975,False,False,46.83,WIN
PYPL,2026-05-06,bull_put,46.5,46.0,0.2465,0.25,0.986,0.1374045801526717,0.5559956740381651,False,False,-25.35,LOSS
LOW,2026-05-06,bull_put,235.0,232.5,1.3559,1.4,0.9685000000000001,0.23529411764705876,1.1278583060759952,False,False,-114.41,LOSS
CSCO,2026-05-06,bull_put,92.0,91.0,0.4875,0.445,1.095505617977528,0.17040358744394615,0.3047422537369784,False,False,48.75,WIN
CRM,2026-05-06,bull_put,182.5,180.0,1.3342,1.355,0.984649446494465,0.10126582278481021,3.9447997595149364,False,False,32.70999999999966,PARTIAL
VZ,2026-05-06,bull_put,47.5,47.0,0.2321,0.31,0.7487096774193548,0.9690721649484536,5.125613234301518,False,True,-4.790000000000114,PARTIAL
NOW,2026-05-06,bull_put,90.0,89.0,0.5571,0.525,1.0611428571428572,0.1149425287356322,3.937230490067128,True,False,55.71,WIN
RTX,2026-05-07,bull_put,177.5,175.0,1.1801,1.135,1.0397356828193831,0.4213649851632047,74.68033461498793,False,False,-22.989999999999668,PARTIAL
NOW,2026-05-07,bull_put,94.0,93.0,0.5003,0.475,1.053263157894737,0.10526315789473678,26.452797694272444,True,False,-49.97,LOSS
MRK,2026-05-07,bull_put,113.0,112.0,0.651,0.755,0.8622516556291391,0.6797385620915032,9.957551632986888,False,True,-34.9,LOSS
CRM,2026-05-07,bull_put,187.5,185.0,1.2316,1.24,0.993225806451613,0.1395348837209303,9.460191904750381,False,False,-126.84,LOSS
AMGN,2026-05-07,bull_put,330.0,327.5,1.2792,1.605,0.7970093457943924,0.8662420382165604,3.9046757674798664,False,True,127.91999999999999,WIN
AXP,2026-05-07,bull_put,320.0,317.5,1.2756,1.085,1.175668202764977,0.2784810126582279,1.8917731869108845,False,False,-122.44,LOSS
KO,2026-05-11,bull_put,79.0,78.0,0.4888,0.43,1.1367441860465117,0.10650887573964493,5.721440295393328,False,False,48.88,WIN
ADP,2026-05-11,bull_put,212.5,210.0,1.2335,1.25,0.9868,0.22556390977443608,5.496995332267071,False,False,123.35000000000001,WIN
NOW,2026-05-11,bull_put,92.0,91.0,0.5297,0.525,1.0089523809523808,0.05714285714285728,5.29524680644675,True,False,52.96999999999999,WIN
CVX,2026-05-11,bull_put,185.0,182.5,1.1709,1.07,1.0942990654205607,0.06946983546617913,16.99765398507707,False,False,117.09,WIN
T,2026-05-11,bull_put,25.0,24.5,0.2434,0.215,1.132093023255814,0.08450704225352106,42.04779568242194,False,False,-25.66,LOSS
NFLX,2026-05-11,bull_put,86.0,85.0,0.5257,0.51,1.0307843137254902,0.02666666666666669,28.77608066157668,True,False,52.56999999999999,WIN
NFLX,2026-05-12,bull_put,88.0,87.0,0.4549,0.49,0.9283673469387755,0.03125000000000003,35.8668247231844,True,False,-52.51000000000039,PARTIAL
NOW,2026-05-12,bull_put,90.0,89.0,0.564,0.575,0.9808695652173913,0.08000000000000007,5.714465233413359,True,False,56.39999999999999,WIN
CRM,2026-05-12,bull_put,172.5,170.0,1.3095,1.315,0.9958174904942967,0.09655172413793094,4.627223070489223,False,False,130.95000000000002,WIN
CL,2026-05-12,bull_put,88.0,87.5,0.3588,1.025,0.3500487804878049,1.411764705882353,2.0388545375325604,False,True,35.88,WIN
PYPL,2026-05-12,bull_put,45.5,45.0,0.2255,0.225,1.0022222222222221,0.2068965517241379,1.612541942592691,False,False,-27.450000000000003,LOSS
BAC,2026-05-12,bull_put,51.0,50.5,0.2432,0.235,1.0348936170212766,0.060606060606060656,1.0094429206152293,False,False,-25.679999999999996,LOSS
FCX,2026-05-13,bull_put,68.0,67.0,0.5596,0.6,0.9326666666666666,0.3440233236151603,0.7642077995680281,False,False,-44.04,LOSS
BAC,2026-05-13,bull_put,50.0,49.5,0.2321,0.23,1.0091304347826087,0.03278688524590167,0.8417132832580279,False,False,0.10500000000015636,PARTIAL
NOW,2026-05-13,bull_put,88.0,87.0,0.5099,0.55,0.9270909090909091,0.07228915662650598,1.6499520252692284,True,False,50.99,WIN
NFLX,2026-05-13,bull_put,88.0,87.0,0.5116,0.51,1.0031372549019608,0.0436681222707422,110.4796906852943,True,False,-46.840000000000394,PARTIAL
EOG,2026-05-13,bull_put,135.0,134.0,0.4771,0.45,1.0602222222222222,0.22222222222222224,4.400996978535291,False,False,47.71,WIN
AXP,2026-05-13,bull_put,310.0,307.5,1.1771,1.085,1.0848847926267282,0.25519287833827886,1.6567066221606772,False,False,117.71000000000001,WIN
MO,2026-05-14,bull_put,72.5,72.0,0.2376,0.225,1.056,0.7826086956521738,14.049911472495443,False,True,23.76,WIN
MSFT,2026-05-14,bull_put,410.0,407.5,1.158,1.145,1.011353711790393,0.05387205387205377,5.262521033219045,False,False,115.8,WIN
CSX,2026-05-14,bull_put,46.5,45.5,0.7367,0.625,1.17872,1.593220338983051,21.49535902149963,False,True,-10.33000000000034,PARTIAL
SO,2026-05-14,bull_put,94.0,93.0,0.5083,0.8,0.6353749999999999,1.024390243902439,104.8489030071086,False,True,-49.17,LOSS
NEE,2026-05-14,bull_put,96.0,95.0,0.5399,0.85,0.6351764705882353,1.25,93.48170777388157,False,True,-46.01,LOSS
ACN,2026-05-14,bull_put,165.0,162.5,1.2557,0.9,1.3952222222222221,0.6222222222222222,32.874753188257365,False,True,125.57000000000001,WIN
NFLX,2026-05-18,bull_put,90.0,89.0,0.5088,0.485,1.0490721649484538,0.03154574132492116,21.798341939085283,True,False,-49.120000000000005,LOSS
CSX,2026-05-18,bull_put,46.5,46.0,0.3113,0.275,1.132,0.2666666666666666,19.66601209660127,False,False,-18.87,LOSS
EMR,2026-05-18,bull_put,133.0,131.0,1.0132,1.375,0.7368727272727273,0.36521739130434777,7.95721059208636,False,False,101.32000000000001,WIN
SCHW,2026-05-18,bull_put,93.0,92.0,0.5396,0.49,1.1012244897959182,0.1433447098976109,5.727492410224916,False,False,-46.04,LOSS
PM,2026-05-18,bull_put,192.5,190.0,1.2562,0.9,1.3957777777777778,0.48543689320388356,4.437191332472911,False,True,-124.38,LOSS
HON,2026-05-18,bull_put,217.5,215.0,1.1437,0.925,1.2364324324324323,0.27692307692307705,2.781012227287125,False,False,114.36999999999999,WIN
NOW,2026-05-19,bull_put,103.0,102.0,0.5549,0.55,1.0089090909090908,0.08219178082191776,2.4271053403673424,True,False,-31.51000000000046,PARTIAL
VZ,2026-05-19,bull_put,48.0,47.5,0.2807,0.33,0.8506060606060606,0.3111111111111112,0.6995696144229878,False,False,28.07,WIN
UPS,2026-05-19,bull_put,97.0,96.0,0.4718,0.39,1.2097435897435898,0.19742489270386265,3.8129452548278073,False,False,47.18,WIN
NFLX,2026-05-19,bull_put,90.0,89.0,0.5384,0.525,1.0255238095238095,0.038961038961038995,40.954484065545806,True,False,-46.160000000000004,LOSS
ABT,2026-05-19,bull_put,89.0,88.0,0.4607,0.35,1.3162857142857143,0.5217391304347826,9.050999908146169,False,True,-53.93,LOSS
EOG,2026-05-19,bull_put,145.0,143.0,0.9883,0.925,1.0684324324324324,0.17391304347826084,5.950834632077336,False,False,-101.17,LOSS
BMY,2026-05-20,bull_put,59.0,58.0,0.6026,0.44,1.3695454545454546,0.5193370165745854,58.64798700228425,False,True,60.260000000000005,WIN
FCX,2026-05-20,bull_put,61.0,60.0,0.4697,0.48,0.9785416666666668,0.20338983050847453,13.946796119769827,False,False,46.97,WIN
BAC,2026-05-20,bull_put,51.5,51.0,0.2514,0.26,0.9669230769230769,0.06451612903225812,6.417844276080536,False,False,25.14,WIN
ABT,2026-05-20,bull_put,89.0,88.0,0.5388,0.625,0.86208,0.5098039215686276,2.774384792587458,False,True,-46.12,LOSS
DHR,2026-05-20,bull_put,172.5,170.0,1.3943,1.325,1.052301886792453,0.6016260162601625,2.7543231933851042,False,True,44.715,PARTIAL
NOW,2026-05-20,bull_put,104.0,103.0,0.5779,0.55,1.0507272727272725,0.0701754385964913,2.605311527909269,True,False,-42.21,LOSS
JNJ,2026-05-21,bull_put,232.5,230.0,1.1602,1.35,0.8594074074074073,1.064935064935065,10.952386291047636,False,True,116.02,WIN
BMY,2026-05-21,bull_put,60.0,59.0,0.5656,0.49,1.1542857142857144,0.46341463414634143,21.887954114724987,False,False,1.2800000000000422,PARTIAL
EMR,2026-05-21,bull_put,135.0,134.0,0.5917,0.55,1.0758181818181818,1.3246753246753247,39.287011491373036,False,True,59.17,WIN
NEE,2026-05-21,bull_put,90.0,89.0,0.4604,0.43,1.0706976744186045,0.20588235294117652,79.02239797198926,False,False,-53.959999999999994,LOSS
CL,2026-05-21,bull_put,91.0,89.0,1.0336,1.125,0.9187555555555557,1.320754716981132,290.6935091273398,False,True,32.17999999999998,PARTIAL
ABT,2026-05-21,bull_put,88.0,87.0,0.4585,0.725,0.6324137931034484,0.8837209302325583,62.18508418262742,False,True,-13.15000000000034,PARTIAL
NFLX,2026-05-26,bull_put,88.0,87.0,0.4698,0.485,0.968659793814433,0.03305785123966945,59.45690869449581,True,False,-53.02,LOSS
EMR,2026-05-26,bull_put,142.0,140.0,1.0471,1.0,1.0471,0.2553191489361703,17.18088984518206,False,False,104.71,WIN
ABT,2026-05-26,bull_put,87.0,86.0,0.4887,0.775,0.6305806451612903,0.23999999999999985,14.730643614584723,False,False,-51.129999999999995,LOSS
BAC,2026-05-26,bull_put,52.5,52.0,0.276,0.255,1.0823529411764707,0.05555555555555561,7.822640915185886,False,False,-22.400000000000002,LOSS
RTX,2026-05-26,bull_put,180.0,177.5,1.2504,1.34,0.9331343283582089,0.21359223300970884,5.883408316786041,False,False,45.519999999999825,PARTIAL
JPM,2026-05-26,bull_put,307.5,305.0,1.2411,1.195,1.0385774058577406,0.1739130434782609,5.8070258797440735,False,False,-125.88999999999999,LOSS
AMZN,2026-05-27,bull_put,272.5,270.0,1.1953,1.135,1.0531277533039647,0.06322795341098168,1.0248376249290716,False,False,-66.47000000000136,PARTIAL
UNH,2026-05-27,bull_put,385.0,382.5,1.328,1.255,1.058167330677291,0.1935483870967742,0.733674534813613,False,False,-117.19999999999999,LOSS
FCX,2026-05-27,bull_put,64.0,63.0,0.4903,0.395,1.2412658227848101,0.2735042735042736,3.567506850246543,False,False,49.03,WIN
NEE,2026-05-27,bull_put,88.0,87.0,0.4979,0.445,1.118876404494382,0.4431137724550898,28.73971457035022,False,False,-49.20999999999949,PARTIAL
JPM,2026-05-27,bull_put,300.0,297.5,1.2112,1.175,1.0308085106382978,0.21441124780316342,15.979910689576343,False,False,26.060000000000116,PARTIAL
PYPL,2026-05-27,bull_put,44.0,43.5,0.2489,0.26,0.9573076923076923,0.13793103448275854,3.6022909385760773,False,False,24.89,WIN
JPM,2026-05-28,bull_put,297.5,295.0,1.2985,1.205,1.0775933609958506,0.1916461916461916,130.84383299619006,False,False,129.85,WIN
ADP,2026-05-28,bull_put,220.0,217.5,1.1252,0.625,1.80032,0.5789473684210527,92.7171171636458,False,True,112.52,WIN
CRM,2026-05-28,bull_put,177.5,175.0,1.2792,1.33,0.9618045112781953,0.1745454545454547,12.725804584619961,False,False,127.91999999999999,WIN
NOW,2026-05-28,bull_put,109.0,108.0,0.5025,0.5,1.005,0.08450704225352121,10.49374675336111,True,False,50.24999999999999,WIN
MSFT,2026-05-28,bull_put,427.5,425.0,1.2375,1.29,0.9593023255813954,0.08108108108108115,7.166267105288779,False,False,123.75,WIN
MA,2026-05-28,bull_put,495.0,492.5,1.3196,1.1,1.1996363636363636,0.43749999999999994,5.899301054164849,False,False,14.980000000000915,PARTIAL
SCHW,2026-06-01,bull_put,89.0,88.0,0.4525,0.455,0.9945054945054945,0.11620795107033635,1.7752831050971107,False,False,14.62500000000017,PARTIAL
CVX,2026-06-01,bull_put,187.5,185.0,1.3127,1.44,0.9115972222222223,0.09655172413793094,3.40509537167297,False,False,56.13500000000011,PARTIAL
CSX,2026-06-01,bull_put,46.0,45.5,0.2561,0.275,0.9312727272727271,0.5,4.478545343459911,False,False,25.61,WIN
CL,2026-06-01,bull_put,89.0,88.0,0.642,0.575,1.116521739130435,0.5161290322580646,19.758863052616434,False,True,11.099999999999916,PARTIAL
NFLX,2026-06-01,bull_put,86.0,85.0,0.4788,0.485,0.9872164948453609,0.0285714285714286,26.6314783927577,True,False,-52.12,LOSS
ABT,2026-06-01,bull_put,88.0,87.0,0.4972,0.525,0.9470476190476189,0.3125,7.817827197074286,False,False,49.72,WIN
NFLX,2026-06-02,bull_put,84.0,83.0,0.5444,0.545,0.9988990825688072,0.027777777777777804,55.15995366893782,True,False,-45.56,LOSS
FCX,2026-06-02,bull_put,72.0,70.0,0.9066,0.845,1.0728994082840237,0.19889502762430944,35.271465018264685,False,False,-109.33999999999999,LOSS
CSX,2026-06-02,bull_put,46.5,46.0,0.3209,0.375,0.8557333333333333,0.9677419354838709,20.712014438103505,False,True,32.09,WIN
USB,2026-06-02,bull_put,55.0,54.0,0.5008,0.45,1.1128888888888888,0.13333333333333333,15.429223447839808,False,False,50.080000000000005,WIN
SO,2026-06-02,bull_put,91.0,90.0,0.5532,0.35,1.5805714285714287,0.43902439024390244,7.712401647937476,False,True,55.32,WIN
SCHW,2026-06-02,bull_put,88.0,87.0,0.5049,0.49,1.0304081632653062,0.13043478260869562,6.419730196747816,False,False,50.49,WIN
EMR,2026-06-03,bull_put,141.0,140.0,0.4694,0.625,0.7510399999999999,0.7692307692307693,0.0354576996163611,False,True,-53.059999999999995,LOSS
FCX,2026-06-03,bull_put,71.0,70.0,0.4596,0.49,0.9379591836734694,0.15286624203821658,0.07984025525660567,False,False,-54.04,LOSS
VRTX,2026-06-03,bull_put,430.0,427.5,1.3971,1.3,1.0746923076923076,0.3551401869158878,0.18469853761235316,False,False,139.71,WIN
JPM,2026-06-03,bull_put,302.5,300.0,1.3094,1.21,1.0821487603305784,0.13740458015267182,2.6507126045995166,False,False,130.94,WIN
NFLX,2026-06-03,bull_put,82.0,81.0,0.4873,0.49,0.9944897959183674,0.03669724770642205,86.28567210086723,True,False,48.730000000000004,WIN
NOW,2026-06-03,bull_put,119.0,118.0,0.5611,0.55,1.020181818181818,0.05882352941176476,0.3212864481313677,True,False,-43.89,LOSS
ABT,2026-06-04,bull_put,91.0,90.0,0.5511,0.7,0.7872857142857144,1.3488372093023258,301.5334497102719,False,True,55.11000000000001,WIN
SO,2026-06-04,bull_put,92.0,91.0,0.6118,0.95,0.644,1.3333333333333333,125.2789614650075,False,True,61.18,WIN
PG,2026-06-04,bull_put,141.0,140.0,0.5289,0.585,0.9041025641025642,0.6538461538461537,121.19348160563604,False,True,52.89,WIN
ACN,2026-06-04,bull_put,180.0,177.5,1.3914,1.625,0.8562461538461539,0.5074626865671642,50.79828440799039,False,True,-35.86,PARTIAL
ADP,2026-06-04,bull_put,232.5,230.0,1.2237,1.85,0.6614594594594594,0.6194690265486726,26.494898095759098,False,True,33.684999999999434,PARTIAL
CRM,2026-06-04,bull_put,190.0,187.5,1.1753,1.245,0.944016064257028,0.14424951267056535,9.215998749055789,False,False,-132.47,LOSS
KO,2026-06-08,bull_put,80.0,79.0,0.5001,0.485,1.0311340206185566,0.08080808080808088,0.6749398227210477,False,False,50.01,WIN
ABT,2026-06-08,bull_put,91.0,90.0,0.5014,0.5,1.0028,0.1694915254237288,0.7895899013939262,False,False,-49.86,LOSS
PYPL,2026-06-08,bull_put,41.5,41.0,0.2543,0.24,1.0595833333333335,0.08000000000000007,1.1630178509562628,False,False,25.430000000000003,WIN
XOM,2026-06-08,bull_put,152.5,150.0,1.1599,1.14,1.0174561403508773,0.0856610800744879,4.32707161990911,False,False,-134.01000000000002,LOSS
NFLX,2026-06-08,bull_put,83.0,82.0,0.4822,0.48,1.0045833333333334,0.03636363636363624,27.552848336062752,True,False,-51.78,LOSS
PM,2026-06-08,bull_put,177.5,175.0,1.4203,1.25,1.13624,0.15384615384615385,8.020771154495456,False,False,142.03,WIN
TJX,2026-06-09,bull_put,165.0,162.5,1.2656,1.15,1.100521739130435,0.6000000000000001,132.3298934383603,False,True,126.56,WIN
NFLX,2026-06-09,bull_put,82.0,81.0,0.5024,0.51,0.9850980392156862,0.0377358490566038,44.19701212012444,True,False,-49.76,LOSS
PM,2026-06-09,bull_put,180.0,177.5,1.5188,1.325,1.1462641509433962,0.48484848484848475,27.007906098100793,False,False,151.88,WIN
CSX,2026-06-09,bull_put,47.5,47.0,0.2774,0.225,1.2328888888888887,0.7272727272727273,21.44483798393511,False,True,27.74,WIN
NEE,2026-06-09,bull_put,85.0,84.0,0.4835,0.49,0.986734693877551,0.2882882882882884,12.952567496523475,False,False,48.35,WIN
ACN,2026-06-09,bull_put,175.0,172.5,1.4105,1.4,1.0075,0.17391304347826084,4.6870961434787555,False,False,-108.94999999999999,LOSS
BA,2026-06-10,bull_put,210.0,207.5,1.2122,1.13,1.0727433628318586,0.32558139534883723,0.8664699810450965,False,False,121.22,WIN
UNH,2026-06-10,bull_put,410.0,407.5,1.4973,1.325,1.1300377358490568,0.16113744075829392,0.5459440118429651,False,False,0.8649999999990943,PARTIAL
PEP,2026-06-10,bull_put,145.0,144.0,0.5712,0.455,1.2553846153846153,0.6082191780821917,0.9925900898639426,False,True,-15.879999999998972,PARTIAL
MA,2026-06-10,bull_put,490.0,487.5,1.2007,1.2,1.0005833333333334,0.3076923076923076,1.0572866283927187,False,False,59.03500000000091,PARTIAL
WMT,2026-06-10,bull_put,121.0,120.0,0.5199,0.45,1.1553333333333333,0.0799999999999999,4.526451565882035,False,False,51.99,WIN
CL,2026-06-10,bull_put,90.0,89.0,0.5234,0.425,1.2315294117647058,0.7317073170731707,47.46028920277319,False,True,-2.659999999999718,PARTIAL
RTX,2026-06-11,bull_put,185.0,182.5,1.2139,1.115,1.0886995515695068,0.4242424242424242,101.6218063031564,False,False,-25.60999999999989,PARTIAL
UPS,2026-06-11,bull_put,109.0,108.0,0.5556,0.645,0.8613953488372093,0.7914893617021277,88.20017622413908,False,True,-34.44000000000057,PARTIAL
HON,2026-06-11,bull_put,220.0,217.5,1.2686,1.65,0.7688484848484849,0.9549549549549547,45.88121228275964,False,True,126.86,WIN
GM,2026-06-11,bull_put,81.0,80.0,0.4664,0.44,1.06,0.2222222222222223,17.378096173316745,False,False,46.64,WIN
FCX,2026-06-11,bull_put,67.0,66.0,0.5866,0.7,0.8380000000000001,0.804733727810651,10.221511216597708,False,True,58.660000000000004,WIN
BA,2026-06-11,bull_put,222.5,220.0,1.1946,1.24,0.9633870967741937,0.2632612966601179,4.859107685145175,False,False,-130.54,LOSS
DIS,2026-06-22,bull_put,103.0,102.0,0.5624,0.495,1.1361616161616162,0.08524590163934434,1.569530010612622,False,False,-43.76,LOSS
NOW,2026-06-22,bull_put,94.0,93.0,0.5904,0.575,1.0267826086956524,0.06451612903225812,2.086792389056517,True,False,59.040000000000006,WIN
JNJ,2026-06-22,bull_put,232.5,230.0,1.3603,1.22,1.115,0.14400000000000004,3.4018518798188757,False,False,136.03,WIN
CSX,2026-06-22,bull_put,46.5,46.0,0.2799,0.25,1.1196,0.20689655172413793,6.173051379143559,False,False,27.99,WIN
BMY,2026-06-22,bull_put,55.0,54.0,0.5368,0.49,1.0955102040816327,0.24561403508771926,27.50833643439138,False,False,53.68000000000001,WIN
PYPL,2026-06-22,bull_put,42.5,42.0,0.2589,0.24,1.07875,0.05555555555555561,5.621356030442896,False,False,25.89,WIN
ABT,2026-06-23,bull_put,91.0,90.0,0.5781,0.575,1.005391304347826,0.46153846153846156,45.27087812530871,False,False,57.809999999999995,WIN
MO,2026-06-23,bull_put,72.0,71.0,0.4843,0.475,1.0195789473684211,0.15028901734104047,20.697549553347027,False,False,48.43,WIN
CL,2026-06-23,bull_put,92.0,91.0,0.5902,0.475,1.2425263157894737,0.5833333333333334,19.270575336707136,False,True,59.019999999999996,WIN
RTX,2026-06-23,bull_put,187.5,185.0,1.3415,1.295,1.0359073359073359,0.3567921440261867,13.276456273083857,False,False,134.14999999999998,WIN
PNC,2026-06-23,bull_put,240.0,237.5,1.4193,1.225,1.158612244897959,0.30400000000000005,4.4296661042644,False,False,141.93,WIN
DIS,2026-06-23,bull_put,104.0,103.0,0.5611,0.41,1.3685365853658538,0.35937499999999994,2.882124488269909,False,True,-43.89,LOSS
FCX,2026-06-24,bull_put,62.0,61.0,0.4613,0.465,0.9920430107526881,0.31178707224334595,1.4595321490544853,False,False,46.129999999999995,WIN
NOW,2026-06-24,bull_put,94.0,93.0,0.459,0.5,0.918,0.10256410256410244,1.2847289240984787,True,False,45.9,WIN
UPS,2026-06-24,bull_put,107.0,106.0,0.6141,0.54,1.1372222222222221,0.36760124610591893,1.7430086863984153,False,False,61.41,WIN
XOM,2026-06-24,bull_put,137.0,136.0,0.4908,0.425,1.1548235294117648,0.13636363636363633,2.59094791459778,False,False,1.5399999999996028,PARTIAL
PNC,2026-06-24,bull_put,240.0,237.5,1.1436,0.95,1.2037894736842105,0.45783132530120463,15.362133003106981,False,False,114.36,WIN
NEE,2026-06-24,bull_put,88.0,87.0,0.5697,0.655,0.8697709923664122,1.1627906976744187,105.52609142825506,False,True,56.97,WIN
CSX,2026-06-25,bull_put,47.5,47.0,0.2835,0.275,1.0309090909090908,0.888888888888889,139.7431162207269,False,True,28.349999999999998,WIN
FCX,2026-06-25,bull_put,63.0,62.0,0.4973,0.55,0.9041818181818182,0.8480000000000001,68.76280297619745,False,True,-5.269999999999714,PARTIAL
NEE,2026-06-25,bull_put,88.0,87.0,0.4797,0.215,2.2311627906976743,1.617391304347826,67.2960298422948,False,True,47.97,WIN
RTX,2026-06-25,bull_put,187.5,185.0,1.1947,1.225,0.975265306122449,0.3010752688172043,22.655190504995502,False,False,119.47000000000001,WIN
PYPL,2026-06-25,bull_put,42.5,42.0,0.2265,0.21,1.0785714285714287,0.3209876543209875,18.104016099074315,False,False,22.650000000000002,WIN
XOM,2026-06-25,bull_put,138.0,137.0,0.5238,0.67,0.7817910447761194,0.501930501930502,9.5331527332427,False,True,-47.620000000000005,LOSS
ADP,2026-07-06,bull_put,240.0,237.5,1.1735,1.125,1.043111111111111,0.18181818181818185,2.3478514196467,False,False,117.35,WIN
MCD,2026-07-06,bull_put,280.0,277.5,1.2168,1.165,1.0444635193133047,0.12499999999999997,2.6548185114834637,False,False,-128.32,LOSS
MS,2026-07-06,bull_put,222.5,220.0,1.2195,1.08,1.1291666666666667,0.14084507042253522,2.7075772606701207,False,False,49.97500000000006,PARTIAL
CL,2026-07-06,bull_put,94.0,93.0,0.5894,0.475,1.240842105263158,0.18867924528301888,7.39573577892747,False,False,-41.06,LOSS
MMM,2026-07-06,bull_put,160.0,157.5,1.3105,1.105,1.185972850678733,0.15810276679841892,13.101110216881665,False,False,-116.94999999999898,PARTIAL
CSX,2026-07-06,bull_put,49.0,48.5,0.2706,0.225,1.2026666666666668,0.23999999999999985,34.125377615753216,False,False,27.060000000000002,WIN
TJX,2026-07-07,bull_put,155.0,152.5,1.3754,1.575,0.8732698412698413,0.5833333333333334,205.90715618409257,False,True,-112.46000000000001,LOSS
CVX,2026-07-07,bull_put,175.0,172.5,1.2442,1.23,1.0115447154471544,0.2181146025878003,28.26398029017479,False,False,124.42,WIN
WMT,2026-07-07,bull_put,112.0,111.0,0.5081,0.515,0.9866019417475728,0.07885304659498199,4.684504935137834,False,False,50.81,WIN
CRM,2026-07-07,bull_put,170.0,167.5,1.1587,1.14,1.0164035087719299,0.06153846153846159,2.9353872204621783,False,False,-134.13,LOSS
XOM,2026-07-07,bull_put,142.0,141.0,0.5309,0.585,0.9075213675213677,0.22535211267605645,2.6098097427323834,False,False,-46.910000000000004,LOSS
LOW,2026-07-07,bull_put,222.5,220.0,1.4321,1.3,1.1016153846153844,0.136986301369863,2.027528882205859,False,False,-106.79,LOSS
EMR,2026-07-08,bull_put,137.0,136.0,0.5382,0.475,1.1330526315789475,0.2222222222222223,0.3726974045432373,False,False,53.82,WIN
CSCO,2026-07-08,bull_put,114.0,113.0,0.485,0.46,1.0543478260869565,0.13240418118466896,0.4307559806275315,False,False,48.5,WIN
NVDA,2026-07-08,bull_put,205.0,202.5,1.1842,1.165,1.016480686695279,0.03174603174603177,0.31782777385963845,False,False,118.41999999999999,WIN
XOM,2026-07-08,bull_put,142.0,141.0,0.6169,0.53,1.1639622641509433,0.17525773195876282,7.223171133952525,False,False,-38.31,LOSS
NFLX,2026-07-08,bull_put,76.0,75.0,0.4997,0.485,1.0303092783505154,0.04694835680751178,109.7214253714907,True,False,-50.029999999999994,LOSS
FCX,2026-07-08,bull_put,58.0,57.0,0.5148,0.495,1.04,0.16417910447761194,1.8081227578952437,False,False,51.480000000000004,WIN
FCX,2026-07-09,bull_put,61.0,60.0,0.4922,0.545,0.9031192660550459,0.2748815165876777,31.98997193693726,False,False,49.220000000000006,WIN
GM,2026-07-09,bull_put,77.0,76.0,0.4967,0.485,1.0241237113402062,0.4516129032258065,27.597419556924986,False,False,49.669999999999995,WIN
JNJ,2026-07-09,bull_put,260.0,257.5,1.3606,1.565,0.8693929712460065,0.823061630218688,21.267513969255216,False,True,-113.94,LOSS
UPS,2026-07-09,bull_put,111.0,110.0,0.478,0.685,0.6978102189781021,0.6399999999999999,17.71885759995833,False,True,47.8,WIN
PG,2026-07-09,bull_put,147.0,146.0,0.4842,0.36,1.3450000000000002,0.7632850241545893,12.951445448315619,False,True,48.42,WIN
AXP,2026-07-09,bull_put,347.5,345.0,1.2301,1.095,1.12337899543379,0.29199372056514905,4.070347100672793,False,False,123.00999999999999,WIN
XOM,2026-07-13,bull_put,145.0,144.0,0.5244,0.545,0.9622018348623852,0.1459227467811158,0.6293067136644128,False,False,52.44,WIN
PYPL,2026-07-13,bull_put,48.0,47.5,0.2755,0.28,0.9839285714285714,0.11659192825112098,1.0025419001490246,False,False,27.55,WIN
CRM,2026-07-13,bull_put,172.5,170.0,1.3104,1.225,1.0697142857142856,0.0809248554913294,1.235619245348452,False,False,-41.95999999999898,PARTIAL
HON,2026-07-13,bull_put,222.5,220.0,1.2051,1.125,1.0712000000000002,0.2535211267605634,3.508855617334272,False,False,120.51,WIN
CSX,2026-07-13,bull_put,50.0,49.5,0.2832,0.35,0.8091428571428572,0.7096774193548387,3.8123928482970832,False,True,28.32,WIN
CVX,2026-07-13,bull_put,182.5,180.0,1.1531,1.15,1.0026956521739132,0.14448669201520908,33.26012091609563,False,False,115.31,WIN
UPS,2026-07-14,bull_put,114.0,113.0,0.49,0.435,1.1264367816091954,0.18181818181818182,3.5755946437623107,False,False,49.0,WIN
NEE,2026-07-14,bull_put,90.0,89.0,0.4866,0.48,1.01375,0.3732057416267943,2.6982977914847703,False,False,-51.339999999999996,LOSS
PYPL,2026-07-14,bull_put,47.5,47.0,0.2542,0.225,1.1297777777777778,0.19354838709677424,2.1290071889050437,False,False,25.419999999999998,WIN
MMM,2026-07-14,bull_put,157.5,155.0,1.1604,0.805,1.4414906832298138,0.8871391076115485,1.2431147945393268,False,True,116.04,WIN
XOM,2026-07-14,bull_put,146.0,145.0,0.5639,0.615,0.916910569105691,0.29565217391304355,1.0476033498652488,False,False,56.38999999999999,WIN
GM,2026-07-14,bull_put,77.0,76.0,0.4841,0.445,1.0878651685393257,0.37788018433179726,0.9695985513021061,False,False,-44.590000000000686,PARTIAL
SCHW,2026-07-15,bull_put,103.0,102.0,0.4612,0.515,0.8955339805825242,0.29482071713147406,5.305912352441592,False,False,-53.879999999999995,LOSS
JPM,2026-07-15,bull_put,347.5,345.0,1.1593,1.09,1.063577981651376,0.22608695652173924,6.031928722911702,False,False,-134.07,LOSS
LOW,2026-07-15,bull_put,210.0,207.5,1.1649,0.9,1.2943333333333333,0.44210526315789467,3.898871118088119,False,True,-10.510000000001018,PARTIAL
VZ,2026-07-15,bull_put,43.0,42.5,0.2633,0.205,1.284390243902439,0.24489795918367357,18.593102036924375,False,True,26.33,WIN
CVX,2026-07-15,bull_put,182.5,180.0,1.2191,1.13,1.078849557522124,0.22434367541766106,44.68424928505716,False,False,121.91000000000001,WIN
CSX,2026-07-15,bull_put,49.5,49.0,0.2515,0.225,1.1177777777777778,0.8800000000000001,14.022700246348187,False,True,25.15,WIN
SCHW,2026-07-16,bull_put,103.0,102.0,0.5063,0.44,1.1506818181818181,0.8269230769230769,131.69225509553743,False,True,-49.370000000000005,LOSS
CSX,2026-07-16,bull_put,51.0,50.0,0.4739,0.175,2.708,1.7333333333333332,107.29506865597948,False,True,11.195,PARTIAL
SBUX,2026-07-16,bull_put,109.0,108.0,0.6355,0.45,1.412222222222222,0.8133971291866029,33.1444748836493,False,True,-36.449999999999996,LOSS
TJX,2026-07-16,bull_put,155.0,152.5,1.1441,0.75,1.5254666666666665,0.9090909090909091,32.538738557271714,False,True,30.205000000000393,PARTIAL
RTX,2026-07-16,bull_put,195.0,192.5,1.1334,1.495,0.7581270903010032,0.7038626609442059,28.373928466499866,False,True,-35.66000000000091,PARTIAL
XOM,2026-07-16,bull_put,146.0,145.0,0.4673,0.46,1.0158695652173912,0.16888888888888884,13.498433389239505,False,False,46.73,WIN
JPM,2026-07-20,bull_put,340.0,337.5,1.326,1.15,1.1530434782608696,0.12716763005780346,1.2237891719860832,False,False,132.6,WIN
DIS,2026-07-20,bull_put,97.0,96.0,0.5515,0.485,1.1371134020618556,0.12765957446808504,2.4177932442016306,False,False,-44.85,LOSS
EMR,2026-07-20,bull_put,137.0,136.0,0.5181,0.45,1.1513333333333333,0.3820224719101123,0.5675336587721802,False,False,51.81,WIN
CVX,2026-07-20,bull_put,190.0,187.5,1.1327,1.165,0.972274678111588,0.1347905282331512,7.450656034971378,False,False,113.27000000000001,WIN
NFLX,2026-07-20,bull_put,68.0,67.0,0.5124,0.505,1.0146534653465347,0.029629629629629655,44.642997271199505,True,False,51.239999999999995,WIN
MO,2026-07-20,bull_put,75.0,74.0,0.5173,0.525,0.9853333333333333,0.16450216450216446,4.973595081112984,False,False,-48.27,LOSS
ABBV,2026-07-21,bull_put,257.5,255.0,1.3684,1.135,1.2056387665198238,0.1395348837209303,1.0647402503648826,False,False,136.84,WIN
MS,2026-07-21,bull_put,217.5,215.0,1.3296,1.285,1.0347081712062256,0.17931034482758632,3.9208565929657104,False,False,-117.04,LOSS
PYPL,2026-07-21,bull_put,56.0,55.0,0.46,0.425,1.0823529411764707,0.1492537313432836,0.5014619514473371,False,False,46.0,WIN
XOM,2026-07-21,bull_put,152.5,150.0,1.2358,1.165,1.0607725321888413,0.04444444444444429,39.99825914050373,False,False,123.58,WIN
NFLX,2026-07-21,bull_put,69.0,68.0,0.4766,0.49,0.9726530612244899,0.03478260869565221,71.85645413754067,True,False,47.660000000000004,WIN
UPS,2026-07-21,bull_put,117.0,116.0,0.5821,0.505,1.1526732673267326,0.11904761904761901,6.674342242379956,False,False,-41.79,LOSS
NFLX,2026-07-22,bull_put,69.0,68.0,0.4934,0.505,0.977029702970297,0.028708133971291894,146.42406847064456,True,False,49.34,WIN
PYPL,2026-07-22,bull_put,56.0,55.0,0.56,0.505,1.108910891089109,0.28571428571428575,6.514927972202119,False,False,56.00000000000001,WIN
ABT,2026-07-22,bull_put,101.0,100.0,0.5112,0.45,1.136,0.17391304347826084,3.784338349096671,False,False,51.12,WIN
BA,2026-07-22,bull_put,210.0,207.5,1.3311,1.345,0.9896654275092936,0.173228346456693,3.636681404209557,False,False,42.55500000000051,PARTIAL
MA,2026-07-22,bull_put,532.5,530.0,1.1727,1.5,0.7818,0.4000000000000001,0.47644242475526316,False,False,117.27000000000001,WIN
PEP,2026-07-22,bull_put,136.0,135.0,0.4795,0.41,1.1695121951219511,0.24137931034482757,0.3748127602227887,False,False,47.949999999999996,WIN
IBM,2026-07-23,bull_put,207.5,205.0,1.2154,1.13,1.0755752212389382,0.22476190476190472,1.1498507107728744,True,False,121.54,WIN
ISRG,2026-07-23,bull_put,332.5,330.0,1.2002,0.575,2.087304347826087,1.536842105263158,1.3969335186087997,False,True,120.02,WIN
GE,2026-07-23,bull_put,350.0,347.5,1.3,1.625,0.8,0.562091503267974,1.0817619659374316,False,True,130.0,WIN
PEP,2026-07-23,bull_put,135.0,134.0,0.46,0.895,0.5139664804469274,1.0468749999999998,2.601937238080838,False,True,46.0,WIN
SO,2026-07-23,bull_put,97.0,96.0,0.5193,0.575,0.9031304347826087,0.6666666666666667,11.138686559646592,False,True,51.93,WIN
ACN,2026-07-23,bull_put,139.0,138.0,0.5126,1.125,0.4556444444444444,1.3333333333333333,1.7068919071822874,False,True,51.25999999999999,WIN
NFLX,2026-07-27,bull_put,71.0,70.0,0.5173,0.52,0.9948076923076923,0.041666666666666706,37.59552959004345,True,False,51.73,WIN
FCX,2026-07-27,bull_put,63.0,62.0,0.5393,0.45,1.1984444444444444,0.08839779005524857,5.376880635048287,False,False,8.465000000000128,PARTIAL
MCD,2026-07-27,bull_put,272.5,270.0,1.4124,1.325,1.0659622641509434,0.10256410256410244,2.639543578227037,False,False,-44.760000000001355,PARTIAL
IBM,2026-07-27,bull_put,217.5,215.0,1.2876,1.325,0.9717735849056605,0.11999999999999993,1.7278866777452109,True,False,128.76000000000002,WIN
CME,2026-07-27,bull_put,257.5,255.0,1.3763,1.25,1.10104,0.2857142857142858,1.5439764536270812,False,False,137.63,WIN
ACN,2026-07-27,bull_put,155.0,152.5,1.16,1.225,0.946938775510204,0.19512195121951217,1.5335569307628123,False,False,115.99999999999999,WIN
CRM,2026-07-28,bull_put,182.5,180.0,1.2159,1.24,0.9805645161290323,0.10650887573964501,0.6892146458940773,False,False,121.59,WIN
AXP,2026-07-28,bull_put,337.5,335.0,1.2065,1.15,1.0491304347826087,0.19653179190751446,0.8147898950799508,False,False,-4.350000000000009,PARTIAL
JNJ,2026-07-28,bull_put,267.5,265.0,1.2258,1.45,0.8453793103448276,0.5105782792665726,0.8656894097667905,False,True,-127.42,LOSS
IBM,2026-07-28,bull_put,230.0,227.5,1.4706,1.5,0.9803999999999999,0.16071428571428564,3.259344620874414,True,False,-102.94000000000001,LOSS
MCD,2026-07-28,bull_put,275.0,272.5,1.4431,1.71,0.8439181286549708,0.3067484662576687,6.016389257018286,False,False,-105.69,LOSS
NFLX,2026-07-28,bull_put,73.0,72.0,0.5367,0.535,1.0031775700934578,0.02877697841726605,88.8222811702775,True,False,-46.33,LOSS
NFLX,2026-07-29,bull_put,74.0,73.0,0.486,0.465,1.0451612903225806,0.09345794392523372,91.79413081321258,True,False,-51.4,LOSS
VZ,2026-07-29,bull_put,47.5,47.0,0.3243,0.545,0.595045871559633,1.1746031746031744,47.033043565581416,False,True,-17.57,LOSS
MCD,2026-07-29,bull_put,272.5,270.0,1.2916,1.65,0.7827878787878789,0.4175824175824176,7.397104848956059,False,False,-56.84000000000135,PARTIAL
TJX,2026-07-29,bull_put,162.5,160.0,1.2464,1.15,1.0838260869565217,0.6857142857142858,7.130259417109937,False,True,-125.36,LOSS
EOG,2026-07-29,bull_put,147.0,146.0,0.584,1.0,0.584,0.6666666666666667,1.3231138027442293,False,True,58.4,WIN
AXP,2026-07-29,bull_put,332.5,330.0,1.2552,1.195,1.050376569037657,0.26415094339622636,0.20326337884345938,False,False,125.52000000000001,WIN
ABT,2026-07-30,bull_put,106.0,105.0,0.5273,0.8,0.659125,0.9387755102040815,0.33890344681111206,False,True,11.365000000000142,PARTIAL
TSLA,2026-07-30,bull_put,310.0,307.5,1.2759,1.275,1.0007058823529413,0.02469135802469127,0.3568630930723712,False,False,127.59,WIN
SBUX,2026-07-30,bull_put,106.0,105.0,0.4526,0.32,1.414375,0.4558139534883722,1.6589856133721579,False,True,-29.74,PARTIAL
GILD,2026-07-30,bull_put,132.0,130.0,1.051,0.45,2.335555555555555,1.6220472440944884,4.459149329037172,False,True,-73.89999999999921,PARTIAL
FCX,2026-07-30,bull_put,64.0,63.0,0.5248,0.465,1.1286021505376345,0.9827586206896554,15.970101671024898,False,True,-47.52,LOSS
HON,2026-07-30,bull_put,242.5,240.0,1.2733,1.3,0.9794615384615385,1.4022988505747125,81.46393154994242,False,True,127.33000000000001,WIN
NFLX,2026-08-03,bull_put,74.0,73.0,0.5457,0.545,1.0012844036697246,0.0602409638554216,21.29045176676872,True,False,54.56999999999999,WIN
CSX,2026-08-03,bull_put,50.0,49.5,0.2475,0.225,1.0999999999999999,0.3076923076923076,9.418674743148278,False,False,24.75,WIN
FCX,2026-08-03,bull_put,64.0,63.0,0.5615,0.46,1.2206521739130434,0.19653179190751438,8.220584943060798,False,False,56.15,WIN
UPS,2026-08-03,bull_put,107.0,106.0,0.4997,0.425,1.1757647058823528,0.15162454873646206,7.271937851800219,False,False,-50.029999999999994,LOSS
NEE,2026-08-03,bull_put,87.0,86.0,0.5368,0.535,1.0033644859813085,0.18181818181818177,3.4730854085820226,False,False,-46.32,LOSS
LOW,2026-08-03,bull_put,212.5,210.0,1.259,1.125,1.119111111111111,0.19847328244274803,1.8281217871220024,False,False,125.89999999999999,WIN
FCX,2026-08-04,bull_put,68.0,67.0,0.5274,0.575,0.9172173913043479,0.18085106382978716,0.8749120091393037,False,False,52.739999999999995,WIN
PM,2026-08-04,bull_put,187.5,185.0,1.2375,1.175,1.053191489361702,0.3680000000000001,3.372043769883371,False,False,123.75,WIN
T,2026-08-04,bull_put,23.5,23.0,0.2279,0.215,1.06,0.1075268817204301,8.283498432686775,False,False,22.79,WIN
MMM,2026-08-04,bull_put,182.5,180.0,1.283,1.095,1.171689497716895,0.23175965665236054,14.751646546206128,False,False,128.29999999999998,WIN
CL,2026-08-04,bull_put,93.0,92.0,0.5594,0.525,1.0655238095238095,0.4489795918367347,22.77067050099491,False,False,55.94,WIN
NFLX,2026-08-04,bull_put,74.0,73.0,0.5375,0.5,1.075,0.04946996466431099,61.56775267006601,True,False,53.75,WIN
MCD,2026-08-05,bull_put,275.0,272.5,1.3835,1.32,1.0481060606060606,0.3355263157894737,39.56904172662203,False,False,43.17500000000091,PARTIAL
VZ,2026-08-05,bull_put,46.5,46.0,0.2367,0.22,1.075909090909091,0.4842105263157895,7.539699631158436,False,False,23.669999999999998,WIN
FCX,2026-08-05,bull_put,70.0,69.0,0.5235,0.475,1.1021052631578947,0.1794871794871795,1.9420000951837855,False,False,7.175000000000225,PARTIAL
NVDA,2026-08-05,bull_put,220.0,217.5,1.182,1.155,1.0233766233766233,0.03174603174603177,1.5661353389215393,False,False,118.19999999999999,WIN
NOW,2026-08-05,bull_put,118.0,117.0,0.5634,0.56,1.0060714285714285,0.06563039723661498,1.4447713945945737,True,False,56.34,WIN
WMT,2026-08-05,bull_put,113.0,112.0,0.5355,0.55,0.9736363636363635,0.05970149253731333,0.8200999184729376,False,False,-46.45,LOSS
JPM,2026-08-06,bull_put,357.5,355.0,1.3085,1.225,1.0681632653061224,0.24800000000000005,48.49935811196153,False,False,130.85,WIN
USB,2026-08-06,bull_put,64.0,63.0,0.4674,0.355,1.3166197183098591,0.43298969072164945,62.11840313523064,False,True,20.369999999999884,PARTIAL
PG,2026-08-06,bull_put,147.0,146.0,0.4666,0.47,0.9927659574468086,0.9411764705882353,31.620820281533238,False,True,-53.339999999999996,LOSS
TJX,2026-08-06,bull_put,162.5,160.0,1.3722,0.925,1.4834594594594595,0.8571428571428572,207.7073963146141,False,True,11.610000000000687,PARTIAL
XOM,2026-08-06,bull_put,155.0,152.5,1.1618,0.855,1.3588304093567252,0.29999999999999993,331.57759307533416,False,True,-79.8200000000008,PARTIAL
ABT,2026-08-06,bull_put,108.0,107.0,0.4812,0.45,1.0693333333333332,1.0000000000000002,101.90320580040817,False,True,14.560000000000114,PARTIAL
NFLX,2026-08-10,bull_put,77.0,76.0,0.5981,0.55,1.0874545454545452,0.04590163934426234,63.21321866968275,True,False,59.809999999999995,WIN
MDT,2026-08-10,bull_put,90.0,89.0,0.6631,0.38,1.745,0.7657142857142857,19.4605300345157,False,True,66.31,WIN
MCD,2026-08-10,bull_put,275.0,272.5,1.4592,0.87,1.677241379310345,0.2937062937062937,10.220749584324215,False,True,-71.08000000000159,PARTIAL
PM,2026-08-10,bull_put,187.5,185.0,1.4438,1.65,0.875030303030303,0.5379310344827586,7.306261004186217,False,True,144.38,WIN
XOM,2026-08-10,bull_put,160.0,157.5,1.1343,1.095,1.0358904109589042,0.1298701298701298,7.185527689494373,False,False,113.43,WIN
FCX,2026-08-10,bull_put,71.0,70.0,0.5253,0.48,1.094375,0.16216216216216217,3.049759677535014,False,False,-47.47,LOSS
IBM,2026-08-11,bull_put,240.0,237.5,1.3347,1.285,1.0386770428015566,0.1234567901234568,4.183776376852561,True,False,-116.53,LOSS
ACN,2026-08-11,bull_put,180.0,177.5,1.1637,1.525,0.7630819672131147,0.5822784810126582,5.086167743087307,False,True,-133.63,LOSS
VZ,2026-08-11,bull_put,47.5,47.0,0.2796,0.37,0.7556756756756757,0.8235294117647058,8.2403714762013,False,True,27.96,WIN
MCD,2026-08-11,bull_put,275.0,272.5,1.3671,1.515,0.9023762376237624,0.3316912972085385,23.86064200963356,False,False,-80.2900000000016,PARTIAL
CVX,2026-08-11,bull_put,197.5,195.0,1.2394,1.405,0.882135231316726,0.40917782026768634,43.10448637437387,False,False,123.94000000000001,WIN
NFLX,2026-08-11,bull_put,75.0,74.0,0.4588,0.47,0.9761702127659575,0.05940594059405946,83.50737047508602,True,False,45.879999999999995,WIN
ADP,2026-08-12,bull_put,270.0,267.5,1.2508,0.675,1.8530370370370368,0.9803921568627452,7.578623417073754,False,True,125.07999999999998,WIN
ABT,2026-08-12,bull_put,111.0,110.0,0.5062,0.2,2.5309999999999997,0.5142857142857143,5.707823057469272,False,True,50.62,WIN
NOW,2026-08-12,bull_put,126.0,125.0,0.6212,0.525,1.1832380952380952,0.09523809523809532,2.13922887087014,True,False,-37.88,LOSS
EOG,2026-08-12,bull_put,144.0,143.0,0.5982,1.325,0.45147169811320753,0.9600000000000002,1.1783540695759158,False,True,-40.18,LOSS
GE,2026-08-12,bull_put,367.5,365.0,1.4243,1.625,0.8764923076923077,0.4864864864864865,0.8905753415677442,False,False,142.42999999999998,WIN
IBM,2026-08-12,bull_put,237.5,235.0,1.3508,1.395,0.96831541218638,0.20895522388059706,0.769747529888174,True,False,-114.92,LOSS
HD,2026-08-13,bull_put,342.5,340.0,1.2407,1.05,1.1816190476190476,0.3577235772357723,3.14861001772132,False,False,-125.93,LOSS
ADI,2026-08-13,bull_put,382.5,380.0,1.4866,1.275,1.1659607843137254,0.45783132530120463,3.7890423293847664,False,False,148.66,WIN
NOW,2026-08-13,bull_put,128.0,127.0,0.5267,0.6,0.8778333333333332,0.11818181818181828,0.7074661830782614,True,False,-47.33,LOSS
FCX,2026-08-13,bull_put,67.0,66.0,0.458,0.47,0.974468085106383,0.3105590062111801,21.155801685614406,False,False,-5.20000000000051,PARTIAL
BMY,2026-08-13,bull_put,65.0,64.0,0.5854,0.38,1.5405263157894737,0.8518518518518519,164.55626171676323,False,True,-41.46,LOSS
MRK,2026-08-13,bull_put,136.0,135.0,0.6384,0.975,0.6547692307692308,1.2,20.814849633985204,False,True,23.92000000000017,PARTIAL
IBM,2026-08-17,bull_put,230.0,227.5,1.33,1.35,0.9851851851851852,0.1775147928994082,2.595958050045433,True,False,133.0,WIN
FCX,2026-08-17,bull_put,69.0,68.0,0.5139,0.5,1.0278,0.152046783625731,1.1145461141618538,False,False,51.39,WIN
EOG,2026-08-17,bull_put,147.0,146.0,0.5912,0.075,7.882666666666666,0.9158878504672898,1.052969622121612,False,True,59.12,WIN
SBUX,2026-08-17,bull_put,108.0,107.0,0.4895,0.655,0.7473282442748092,0.6923076923076923,0.9194001407555001,False,True,-43.050000000000175,PARTIAL
GE,2026-08-17,bull_put,370.0,367.5,1.2945,1.025,1.2629268292682927,0.4236453201970444,0.5172588285747256,False,True,-120.55,LOSS
AMZN,2026-08-17,bull_put,262.5,260.0,1.2696,1.26,1.0076190476190476,0.03870967741935493,0.2628448941312008,False,False,-123.03999999999999,LOSS
JNJ,2026-08-18,bull_put,272.5,270.0,1.3526,1.02,1.326078431372549,0.38095238095238104,2.446015269832843,False,True,-90.73999999999909,PARTIAL
CL,2026-08-18,bull_put,92.0,91.0,0.4991,0.475,1.0507368421052632,0.38095238095238093,3.179502286762281,False,False,-42.090000000000174,PARTIAL
ACN,2026-08-18,bull_put,175.0,172.5,1.3767,1.15,1.1971304347826088,0.5696969696969696,1.3577898739545438,False,True,137.67000000000002,WIN
SCHW,2026-08-18,bull_put,112.0,111.0,0.4756,0.475,1.0012631578947369,0.3168316831683168,11.25566903778158,False,False,47.56,WIN
NFLX,2026-08-18,bull_put,78.0,77.0,0.4678,0.47,0.9953191489361702,0.03603603603603587,74.75460822791005,True,False,46.78,WIN
AXP,2026-08-18,bull_put,340.0,337.5,1.364,1.375,0.9920000000000001,0.22222222222222224,7.2396044771889585,False,False,-113.6,LOSS
AAPL,2026-08-19,bull_put,317.5,315.0,1.2086,1.16,1.0418965517241379,0.08053691275167793,2.380505519397802,False,False,-129.14000000000001,LOSS
DIS,2026-08-19,bull_put,107.0,106.0,0.4952,0.445,1.1128089887640449,0.12290502793296088,30.742500824224862,False,False,49.519999999999996,WIN
EOG,2026-08-19,bull_put,150.0,149.0,0.5326,0.5,1.0652,0.6373626373626373,1.6458820732972292,False,True,53.26,WIN
SO,2026-08-19,bull_put,92.5,92.0,0.4128,0.075,5.5040000000000004,0.7826086956521741,126.97482819120384,False,True,-8.72,LOSS
VZ,2026-08-19,bull_put,49.5,49.0,0.2939,0.275,1.0687272727272725,0.38383838383838376,144.26244059854426,False,False,12.195000000000142,PARTIAL
BMY,2026-08-19,bull_put,68.0,67.0,0.5551,0.55,1.0092727272727273,0.6214689265536723,40.7219658023298,False,True,-43.48999999999948,PARTIAL
NOW,2026-08-20,bull_put,130.0,129.0,0.4755,0.445,1.0685393258426965,0.07807807807807801,2.6594479301137226,True,False,-52.449999999999996,LOSS
ISRG,2026-08-20,bull_put,375.0,372.5,1.2448,1.25,0.99584,0.819672131147541,0.6946063120917336,False,True,124.47999999999999,WIN
ORCL,2026-08-20,bull_put,143.0,142.0,0.582,0.48,1.2125,0.21350762527233125,-0.0039973011596285465,True,False,58.199999999999996,WIN
QQQ,2026-08-20,bull_put,712.0,711.0,0.4723,0.455,1.038021978021978,0.011527377521613843,-0.026913993674186325,False,False,47.23,WIN
IWM,2026-08-20,bull_put,298.0,297.5,0.2376,0.22,1.08,0.015748031496063006,-0.0323579141782984,False,False,23.76,WIN
BLK,2026-08-20,bull_put,1140.0,1137.5,1.1406,0.05,22.812,1.0103092783505156,-0.03931583223955205,False,True,114.06,WIN
WMT,2026-08-24,bull_put,107.0,106.0,0.5223,0.485,1.0769072164948454,0.05204460966542739,7.5865778926819605,False,False,-47.77,LOSS
PM,2026-08-24,bull_put,192.5,190.0,1.3144,1.1,1.194909090909091,0.4070796460176991,10.233979373376995,False,False,35.21999999999932,PARTIAL
SCHW,2026-08-24,bull_put,114.0,113.0,0.489,0.48,1.01875,0.23437500000000008,4.707628165065935,False,False,-51.1,LOSS
MO,2026-08-24,bull_put,69.0,68.0,0.5688,0.645,0.881860465116279,0.3793103448275862,35.255937449628505,False,False,10.940000000000282,PARTIAL
XOM,2026-08-24,bull_put,165.0,162.5,1.3071,1.16,1.1268103448275861,0.09671179883945842,16.984065028321492,False,False,-119.29,LOSS
CL,2026-08-24,bull_put,93.0,92.0,0.6852,-0.325,-2.1083076923076924,0.5660377358490566,64.19882285984389,False,True,-31.480000000000004,LOSS
IBM,2026-08-25,bull_put,235.0,232.5,1.2415,1.33,0.9334586466165413,0.1818181818181818,4.792061188043431,True,False,124.15,WIN
AXP,2026-08-25,bull_put,337.5,335.0,1.2865,1.31,0.98206106870229,0.21052631578947376,0.7934709238386639,False,False,-121.35000000000001,LOSS
JPM,2026-08-25,bull_put,357.5,355.0,1.1736,1.205,0.9739419087136929,0.2641509433962265,0.3258173904910176,False,False,117.36,WIN
ACN,2026-08-25,bull_put,187.5,185.0,1.1327,1.4,0.8090714285714287,0.5806451612903226,0.20718058393968422,False,True,113.27000000000001,WIN
MA,2026-08-25,bull_put,600.0,597.5,1.2958,1.35,0.9598518518518518,0.3008849557522124,0.19028733262051953,False,False,-120.41999999999999,LOSS
NOW,2026-08-25,bull_put,128.0,127.0,0.5404,0.5,1.0808,0.04137931034482768,0.16868798471121535,True,False,54.04,WIN
SBUX,2026-08-26,bull_put,109.0,108.0,0.5378,0.9,0.5975555555555555,1.974763406940063,0.8610444608545172,False,True,-46.22,LOSS
CSX,2026-08-26,bull_put,52.0,51.0,0.5334,0.75,0.7111999999999999,1.0000000000000002,142.9614881734386,False,True,-18.659999999999886,PARTIAL
NFLX,2026-08-26,bull_put,82.0,81.0,0.5525,0.52,1.0625,0.053097345132743216,136.43498379884812,True,False,13.624999999999943,PARTIAL
V,2026-08-26,bull_put,385.0,382.5,1.305,1.24,1.0524193548387097,0.19354838709677424,0.9161288728786782,False,False,-119.5,LOSS
MS,2026-08-26,bull_put,215.0,212.5,1.1714,1.095,1.069771689497717,0.255578093306288,0.6080219313044929,False,False,47.07000000000051,PARTIAL
QCOM,2026-08-26,bull_put,165.0,162.5,1.3876,1.25,1.11008,0.19354838709677424,0.5832390143184815,False,False,28.87999999999988,PARTIAL
AXP,2026-08-27,bull_put,335.0,332.5,1.1422,1.145,0.9975545851528385,0.3052391799544418,0.19932662264681278,False,False,-65.78000000000112,PARTIAL
ADI,2026-08-27,bull_put,375.0,372.5,1.169,0.85,1.375294117647059,0.8125,0.24209331250861008,False,True,-133.1,LOSS
SPY,2026-08-27,bull_put,772.0,771.0,0.5272,0.495,1.065050505050505,0.018903591682419594,0.3031424571960848,False,False,-47.28,LOSS
IBM,2026-08-27,bull_put,240.0,237.5,1.3548,1.23,1.1014634146341464,0.34833659491193747,28.72609957898883,True,False,-114.52,LOSS
NOW,2026-08-27,bull_put,139.0,138.0,0.5191,0.495,1.0486868686868687,0.07194244604316564,2.106688495510756,True,False,51.910000000000004,WIN
QQQ,2026-08-27,bull_put,722.0,721.0,0.5373,0.49,1.096530612244898,0.027565084226646202,0.315965090372707,False,False,-46.27,LOSS
EOG,2026-08-31,bull_put,146.0,145.0,0.5696,0.775,0.7349677419354839,0.6229508196721312,0.4218589520539026,False,True,-24.040000000000227,PARTIAL
CME,2026-08-31,bull_put,287.5,285.0,1.3529,1.275,1.0610980392156864,0.4691358024691358,2.3630303361537024,False,False,-114.71000000000001,LOSS
BLK,2026-08-31,bull_put,1160.0,1157.5,1.3401,1.1,1.2182727272727272,0.4,0.04330420749808982,False,False,-115.99,LOSS
FCX,2026-08-31,bull_put,76.0,75.0,0.5243,0.475,1.1037894736842107,0.21606648199445977,3.517167305659561,False,False,-47.57,LOSS
CVX,2026-08-31,bull_put,207.5,205.0,1.3131,1.185,1.1081012658227847,0.19554030874785602,16.291725294793824,False,False,131.31,WIN
WMT,2026-08-31,bull_put,105.0,104.0,0.4599,0.445,1.0334831460674156,0.07619047619047625,2.907358508478872,False,False,45.989999999999995,WIN
GILD,2026-09-01,bull_put,150.0,149.0,0.5298,-0.035,-15.137142857142857,1.0243902439024388,2.389594254036146,False,True,52.980000000000004,WIN
UPS,2026-09-01,bull_put,103.0,102.0,0.5031,0.47,1.0704255319148936,0.24561403508771928,3.5947476145702186,False,False,-20.689999999999376,PARTIAL
IBM,2026-09-01,bull_put,232.5,230.0,1.3046,1.325,0.9846037735849057,0.16438356164383564,6.0499576669973845,True,False,130.46,WIN
NFLX,2026-09-01,bull_put,81.0,80.0,0.506,0.475,1.065263157894737,0.046082949308755804,113.37971381692535,True,False,-49.4,LOSS
CVX,2026-09-01,bull_put,212.5,210.0,1.3692,1.31,1.0451908396946563,0.14400000000000004,25.202474485358845,False,False,-113.08,LOSS
CME,2026-09-01,bull_put,287.5,285.0,1.3005,1.2,1.08375,0.5109489051094891,8.634915979047364,False,True,-119.95,LOSS
NFLX,2026-09-02,bull_put,83.0,82.0,0.4579,0.46,0.9954347826086956,0.04081632653061228,81.05151280661009,True,False,-54.21,LOSS
FCX,2026-09-02,bull_put,74.0,73.0,0.5097,0.45,1.1326666666666667,0.23580786026200876,14.345707303396331,False,False,-49.03,LOSS
BMY,2026-09-02,bull_put,68.0,67.0,0.5337,0.59,0.9045762711864407,0.6077348066298341,12.178360472653472,False,True,-46.63,LOSS
JPM,2026-09-02,bull_put,357.5,355.0,1.2965,1.18,1.098728813559322,0.23316912972085385,4.519716052981978,False,False,129.65,WIN
EOG,2026-09-02,bull_put,150.0,149.0,0.6271,0.825,0.7601212121212122,1.0833333333333333,1.6080294086952773,False,True,-37.29,LOSS
ADP,2026-09-02,bull_put,282.5,280.0,1.3204,1.4,0.9431428571428572,0.9333333333333335,0.6309548009116814,False,True,-117.96,LOSS
ISRG,2026-09-03,bull_put,370.0,367.5,1.1261,0.7,1.608714285714286,1.1612903225806452,0.37720039467891914,False,True,-137.39,LOSS
NOW,2026-09-03,bull_put,146.0,145.0,0.4717,0.51,0.9249019607843137,0.08780487804878058,0.9005852527082207,True,False,-52.83,LOSS
SPY,2026-09-03,bull_put,774.0,773.0,0.5609,0.5,1.1218,0.012526096033403027,1.4838438929982987,False,False,-43.91,LOSS
FCX,2026-09-03,bull_put,73.0,72.0,0.4853,0.43,1.1286046511627907,0.2944162436548223,6.027446527777735,False,False,10.7650000000002,PARTIAL
IBM,2026-09-03,bull_put,235.0,232.5,1.1325,0.905,1.2513812154696133,0.20728291316526604,20.95644643117504,True,True,51.12499999999932,PARTIAL
CRM,2026-09-03,bull_put,265.0,262.5,1.1561,1.135,1.018590308370044,0.08141592920353981,2.0413442955193917,False,False,-134.39000000000001,LOSS
NFLX,2026-09-08,bull_put,77.0,76.0,0.4767,0.455,1.0476923076923077,0.04566210045662104,71.0778542932024,True,False,47.67,WIN
TJX,2026-09-08,bull_put,129.0,128.0,0.5717,0.475,1.203578947368421,0.3076923076923076,14.53918490882772,False,False,-42.83,LOSS
ACN,2026-09-08,bull_put,180.0,177.5,1.3071,2.35,0.5562127659574467,0.4615384615384615,4.095490672245812,False,False,130.70999999999998,WIN
QCOM,2026-09-08,bull_put,175.0,172.5,1.3493,1.225,1.1014693877551018,0.08383233532934124,3.668808362348698,False,False,134.93,WIN
CSCO,2026-09-08,bull_put,110.0,109.0,0.5885,0.485,1.2134020618556702,0.1286549707602339,0.874997105112435,False,False,58.85,WIN
GE,2026-09-08,bull_put,337.5,335.0,1.4563,1.7,0.8566470588235294,0.43037974683544294,0.14324707052720986,False,False,-104.37,LOSS
UNH,2026-09-09,bull_put,395.0,392.5,1.4149,1.275,1.1097254901960785,0.17840375586854465,0.09037904742453849,False,False,-108.50999999999999,LOSS
TXN,2026-09-09,bull_put,262.5,260.0,1.3064,1.245,1.049317269076305,0.3439490445859872,0.05357995092359672,False,False,130.64,WIN
DE,2026-09-09,bull_put,680.0,677.5,1.4867,0.65,2.287230769230769,0.5168539325842697,0.029541516604498375,False,True,-101.33000000000001,LOSS
NOW,2026-09-09,bull_put,132.0,131.0,0.5382,0.585,0.92,0.06322795341098168,0.20719724497714453,True,False,53.82,WIN
CSCO,2026-09-09,bull_put,110.0,109.0,0.5461,0.51,1.0707843137254902,0.2205882352941177,0.7166808663084397,False,False,54.61,WIN
FCX,2026-09-09,bull_put,77.0,76.0,0.5464,0.525,1.0407619047619048,0.4422442244224423,0.47337587456165164,False,False,-45.36,LOSS
DIS,2026-09-10,bull_put,106.0,105.0,0.4786,0.535,0.8945794392523364,0.5084745762711865,13.230963634507678,False,True,47.86,WIN
LOW,2026-09-10,bull_put,197.5,195.0,1.2708,1.9,0.6688421052631579,0.6415094339622641,6.140383506112761,False,True,29.539999999999655,PARTIAL
HD,2026-09-10,bull_put,307.5,305.0,1.5322,1.515,1.0113531353135314,0.3544303797468355,1.0631972336535451,False,False,153.22,WIN
EMR,2026-09-10,bull_put,149.0,148.0,0.5403,0.925,0.5841081081081081,0.7000000000000001,1.0610234076603864,False,True,54.03,WIN
NOW,2026-09-10,bull_put,132.0,131.0,0.5294,0.525,1.0083809523809524,0.053608247422680555,0.19213511961934004,True,False,52.94,WIN
GS,2026-09-10,bull_put,1022.5,1020.0,1.3862,0.95,1.4591578947368422,0.3073047858942064,0.005264472414602349,False,True,138.62,WIN
IBM,2026-09-14,bull_put,250.0,247.5,1.2093,1.35,0.8957777777777778,0.1215469613259668,0.933570145926853,True,False,-129.07,LOSS
CME,2026-09-14,bull_put,282.5,280.0,1.3197,1.3,1.0151538461538463,0.40963855421686746,1.6310925923012083,False,False,-118.02999999999999,LOSS
HON,2026-09-14,bull_put,202.5,200.0,1.2788,1.65,0.7750303030303031,0.6133333333333334,1.6371368604277707,False,True,127.88,WIN
UPS,2026-09-14,bull_put,103.0,102.0,0.5832,0.5,1.1664,0.13148788927335636,5.3110697310238075,False,False,-41.68,LOSS
CVX,2026-09-14,bull_put,212.5,210.0,1.1594,1.17,0.990940170940171,0.139384116693679,6.442132120524808,False,False,-134.06,LOSS
NFLX,2026-09-14,bull_put,81.0,80.0,0.5337,0.515,1.0363106796116504,0.025157232704402538,31.677422195484194,True,False,-46.63,LOSS
EOG,2026-09-15,bull_put,155.0,152.5,1.371,1.25,1.0968,0.22608695652173924,14.486758966050227,False,False,-112.9,LOSS
XOM,2026-09-15,bull_put,170.0,167.5,1.1888,1.115,1.066188340807175,0.08932038834951456,6.3484022386873935,False,False,-131.12,LOSS
FCX,2026-09-15,bull_put,70.0,69.0,0.5636,0.505,1.116039603960396,0.16909620991253646,2.2730802281923426,False,False,56.36,WIN
IBM,2026-09-15,bull_put,250.0,247.5,1.3829,1.3,1.0637692307692308,0.15384615384615385,1.7168068986108147,True,False,-111.71,LOSS
JNJ,2026-09-15,bull_put,267.5,265.0,1.19,1.11,1.072072072072072,0.3232323232323232,1.3815982031474856,False,False,119.0,WIN
AXP,2026-09-15,bull_put,325.0,322.5,1.2102,1.24,0.9759677419354839,0.20779220779220775,0.7559024204256927,False,False,-128.98000000000002,LOSS
UPS,2026-09-16,bull_put,99.0,98.0,0.4645,0.455,1.0208791208791208,0.2110552763819096,2.1456590120925556,False,False,46.45,WIN
RTX,2026-09-16,bull_put,197.5,195.0,1.1722,1.21,0.9687603305785123,1.125,3.122853442458997,False,True,-132.78,LOSS
FCX,2026-09-16,bull_put,70.0,69.0,0.5655,0.475,1.1905263157894737,0.1717791411042945,1.7539127612950225,False,False,56.55,WIN
BA,2026-09-16,bull_put,202.5,200.0,1.2327,1.14,1.0813157894736842,0.1362007168458781,3.7981291244524344,False,False,-126.73,LOSS
PNC,2026-09-16,bull_put,232.5,230.0,1.2407,1.125,1.1028444444444443,0.4070796460176991,5.479988359043683,False,False,124.07,WIN
BAC,2026-09-16,bull_put,58.0,57.5,0.2321,0.22,1.055,0.08130081300813015,3.5200239719199296,False,False,-3.7900000000003127,PARTIAL
SCHW,2026-09-17,bull_put,105.0,104.0,0.4782,0.45,1.0626666666666666,0.22485207100591711,23.520880341691324,False,False,47.82,WIN
TJX,2026-09-17,bull_put,127.0,126.0,0.5446,0.875,0.6224,1.0,18.639445751116615,False,True,54.459999999999994,WIN
CL,2026-09-17,bull_put,88.0,87.5,0.3038,0.525,0.5786666666666667,0.9473684210526315,18.148829058266315,False,True,-19.62,LOSS
AMGN,2026-09-17,bull_put,380.0,377.5,1.1977,0.55,2.1776363636363634,0.7692307692307693,4.368011660290379,False,True,119.77,WIN
BMY,2026-09-17,bull_put,63.0,62.5,0.26,0.195,1.3333333333333333,1.4634146341463414,2.63091629816518,False,True,26.0,WIN
NOW,2026-09-17,bull_put,139.0,138.0,0.509,0.5,1.018,0.05804749340369387,1.5805834270567367,True,False,-49.1,LOSS
CVX,2026-09-21,bull_put,205.0,202.5,1.3782,-0.645,-2.1367441860465117,0.2575757575757577,10.347078140941365,False,True,41.409999999999435,PARTIAL
WMT,2026-09-21,bull_put,108.0,107.0,0.5374,-0.075,-7.165333333333334,0.0805860805860805,13.182573684077626,False,True,25.8700000000002,PARTIAL
DHR,2026-09-21,bull_put,217.5,215.0,1.5914,-1.725,-0.9225507246376811,0.7050359712230216,2.6684465121613044,False,True,159.14,WIN
NFLX,2026-09-21,bull_put,74.0,73.0,0.5122,0.535,0.9573831775700934,0.04285714285714274,38.11816913295618,True,False,-48.78,LOSS
T,2026-09-21,bull_put,25.5,25.0,0.2489,0.195,1.2764102564102564,0.24999999999999986,57.8486595505449,False,True,6.4449999999999505,PARTIAL
SCHW,2026-09-21,bull_put,107.0,106.0,0.4788,0.355,1.3487323943661973,0.12280701754385955,17.839851120961274,False,True,-52.12,LOSS
FCX,2026-09-22,bull_put,75.0,74.0,0.5641,-1.765,-0.3196033994334278,0.13173652694610777,1.5226841745063944,False,True,-43.59,LOSS
HON,2026-09-22,bull_put,212.5,210.0,1.1654,1.125,1.035911111111111,0.16513761467889915,7.012539873618234,False,False,116.53999999999999,WIN
IBM,2026-09-22,bull_put,232.5,230.0,1.1817,1.23,0.9607317073170731,0.11111111111111109,0.4851628420304137,True,False,-131.83,LOSS
LOW,2026-09-22,bull_put,197.5,195.0,1.8832,-1.6,-1.1769999999999998,0.4313725490196079,73.01343411418921,False,True,-61.68,LOSS
KO,2026-09-22,bull_put,89.0,88.0,0.6195,0.855,0.724561403508772,0.1475409836065575,149.97301953267294,False,False,-38.05,LOSS
EMR,2026-09-22,bull_put,155.0,152.5,1.4337,2.4,0.597375,0.2903225806451613,45.321905867217446,False,False,143.37,WIN
CSX,2026-09-23,bull_put,47.5,47.0,0.3238,0.25,1.2952,0.28571428571428564,25.74544295256955,False,True,-17.62,LOSS
PM,2026-09-23,bull_put,192.5,190.0,1.464,2.1,0.6971428571428571,0.8333333333333333,9.60248283466766,False,True,-55.600000000001025,PARTIAL
ACN,2026-09-23,bull_put,185.0,182.5,1.4275,1.5,0.9516666666666667,0.33333333333333337,4.751019997483109,False,False,-107.25,LOSS
AXP,2026-09-23,bull_put,302.5,300.0,1.1772,1.17,1.0061538461538462,0.2262118491921005,2.1554421007484685,False,False,117.72,WIN
ABT,2026-09-23,bull_put,104.0,103.0,0.5585,0.525,1.0638095238095238,0.3846153846153846,1.5206188778024097,False,False,-44.15,LOSS
SCHW,2026-09-23,bull_put,100.0,99.0,0.4896,0.435,1.1255172413793102,0.23214285714285712,1.4432652731401387,False,False,-48.039999999999885,PARTIAL
EOG,2026-09-24,bull_put,143.0,142.0,0.5011,0.925,0.5417297297297297,0.9565217391304348,6.662179872023866,False,True,-49.89,LOSS
SCHW,2026-09-24,bull_put,100.0,99.0,0.5033,0.575,0.875304347826087,0.5046728971962617,11.962763755477162,False,True,-46.66999999999989,PARTIAL
MA,2026-09-24,bull_put,567.5,565.0,1.4384,2.85,0.5047017543859649,1.2452830188679245,2.3547807296967784,False,True,143.84,WIN
NFLX,2026-09-24,bull_put,72.0,71.0,0.5451,0.435,1.253103448275862,0.04878048780487809,664.1864488351505,True,True,-30.990000000000396,PARTIAL
CME,2026-09-24,bull_put,270.0,267.5,1.3394,0.75,1.7858666666666665,0.9906542056074766,42.987135738140005,False,True,-116.06,LOSS
MDT,2026-09-24,bull_put,89.0,88.0,0.5644,-0.025,-22.576,0.6315789473684209,1.0357988899132817,False,True,10.220000000000029,PARTIAL
