day,hm,ticker,spread_type,short_strike,long_strike,width,exp,DTE,entry_price,net_credit,model_credit,model_cw,quote_over_model,IV,p,q,ro,G,EV,D_ent,GROUND,G24,settle
2026-08-20,1531,ABT,bull_put,115.0,114.0,1.0,2026-08-21,1,114.57,0.475,0.4927,0.4927,0.9640755023340775,0.318,0.368836291913215,0.3530571992110454,0.2781065088757396,-2.343682510672681e-05,-2.3436550466438e-05,0.03825122132853376,-2.011150228073677e-05,-9.358335819250936e-06,116.64
2026-08-20,1531,ACN,bull_put,185.0,182.5,2.5,2026-08-21,1,183.93,0.925,1.3048,0.5219199999999999,0.7089209074187616,0.5797,0.36489151873767256,0.3136094674556213,0.3214990138067061,0.004842129334927461,0.0048538713877051,0.058994831565740036,0.0038335730692272032,0.0011780972691193298,185.28
2026-08-20,1531,ADI,bull_put,375.0,372.5,2.5,2026-08-21,1,372.895,1.325,1.3801,0.5520400000000001,0.9600753568581986,0.4784,0.35700197238658776,0.48717948717948717,0.15581854043392504,-0.0005237192878460523,-0.0005235821708378108,0.1430929208076901,-0.0002953976158409642,-1.6885645511063593e-05,373.09
2026-08-20,1531,ADP,bull_put,280.0,277.5,2.5,2026-08-21,1,280.02,0.1,1.0339,0.41356000000000004,0.09672115291614276,0.3746,0.4911242603550296,0.2781065088757396,0.23076923076923078,0.0010991072974690583,0.0010997115372493038,0.07962548084372267,0.0007997516661425447,0.00016268106787458887,280.81
2026-08-20,1531,AMGN,bull_put,432.5,430.0,2.5,2026-08-21,1,432.04,1.675,1.1314,0.45255999999999996,1.4804666784514762,0.4199,0.4358974358974359,0.39250493096646943,0.17159763313609466,-0.0005048916889309673,-0.0005047642525702889,0.14522187086367255,-0.0002823659741520642,-1.54678951151148e-05,439.33
2026-08-20,1531,AVGO,bull_put,365.0,362.5,2.5,2026-08-21,1,364.405,1.125,1.1606,0.46424000000000004,0.9693262105807341,0.4021,0.4477317554240631,0.4161735700197239,0.13609467455621302,-0.0004106360554138348,-0.00041055175596804716,0.10874999302564348,-0.0002657356530583012,-3.01897411195283e-05,368.45
2026-08-20,1531,AXP,bull_put,332.5,330.0,2.5,2026-08-21,1,332.0,1.115,1.0453,0.41811999999999994,1.066679422175452,0.248,0.4477317554240631,0.3096646942800789,0.24260355029585798,-0.00024810688316128466,-0.00024807610719379536,0.03963386134638669,-0.00021170634250112074,-9.58249328604113e-05,336.0
2026-08-20,1531,BMY,bull_put,66.0,65.0,1.0,2026-08-21,1,65.745,0.32,0.4347,0.4347,0.7361398665746492,0.3458,0.36489151873767256,0.22682445759368836,0.40828402366863903,4.860861210165919e-05,4.860979351928307e-05,0.016951611324893978,4.542299969811929e-05,3.2362047137645254e-05,67.01
2026-08-20,1531,CL,bull_put,90.0,89.0,1.0,2026-08-21,1,89.82,0.3,0.4029,0.4029,0.7446016381236039,0.2624,0.4516765285996055,0.26627218934911245,0.28205128205128205,-9.766600799290554e-05,-9.766123882359867e-05,0.025978586887551725,-8.802231800962332e-05,-5.235349296097071e-05,91.08
2026-08-20,1531,CME,bull_put,272.5,270.0,2.5,2026-08-21,1,271.79,0.625,1.1078,0.44311999999999996,0.5641812601552627,0.3819,0.4556213017751479,0.28994082840236685,0.25443786982248523,0.0018548343152109993,0.001856555584438091,0.065794708328625,0.0014269568522016739,0.0003827588719378651,274.98
2026-08-20,1531,COST,bull_put,932.5,930.0,2.5,2026-08-21,1,930.85,1.525,1.288,0.5152,1.1840062111801242,0.2713,0.41222879684418146,0.47928994082840237,0.10848126232741617,-0.0004593574113938058,-0.00045925192293105876,0.1840512389956499,-0.00021994861595157358,-5.542076085874424e-06,947.74
2026-08-20,1531,CRM,bull_put,207.5,205.0,2.5,2026-08-21,1,206.595,1.05,1.1734,0.46936,0.8948355207090507,0.4287,0.4280078895463511,0.3530571992110454,0.21893491124260356,0.00012033152404738578,0.00012033876417572031,0.036618022577084686,0.00010394258818103819,4.99727700685036e-05,209.17
2026-08-20,1531,CSCO,bull_put,110.0,109.0,1.0,2026-08-21,1,109.56,0.47,0.4899,0.4899,0.9593794651969789,0.2983,0.39644970414201186,0.3767258382642998,0.22682445759368836,-4.18017289539256e-05,-4.180085527383248e-05,0.025586923513525317,-3.773428532952467e-05,-2.2619913261633602e-05,111.04
2026-08-20,1531,DE,bull_put,625.0,622.5,2.5,2026-08-21,1,624.88,0.8,1.1755,0.4702,0.680561463207146,0.4966,0.47534516765285995,0.4358974358974359,0.08875739644970414,-0.000230753418743475,-0.00023072679722102585,0.2187756475687419,-9.617137192991236e-05,-1.209998080110984e-06,647.47
2026-08-20,1531,DHR,bull_put,220.0,217.5,2.5,2026-08-21,1,218.51,0.85,1.2997,0.51988,0.653997076248365,0.523,0.2938856015779093,0.40828402366863903,0.2978303747534517,-0.0009382665767106251,-0.0009378265422601562,0.07234234655898897,-0.0007021841016501104,-0.00016523169342841783,218.85
2026-08-20,1531,DIS,bull_put,108.0,107.0,1.0,2026-08-21,1,107.88,0.45,0.4114,0.4114,1.0938259601361207,0.2832,0.4319526627218935,0.27416173570019725,0.2938856015779093,-0.00018951045123476087,-0.00018949249526345469,0.04072139730153923,-0.00016100957442599724,-7.130995119757351e-05,107.78
2026-08-20,1531,EOG,bull_put,152.5,150.0,2.5,2026-08-21,1,151.935,1.05,1.0567,0.42268,0.9936595060092742,0.386,0.4161735700197239,0.1873767258382643,0.39644970414201186,0.004867079393329685,0.004878942863248081,0.019653563455816814,0.004510077404336272,0.0030442149355258356,153.05
2026-08-20,1531,GE,bull_put,345.0,342.5,2.5,2026-08-21,1,344.22,0.69,1.1948,0.47792,0.577502510880482,0.4308,0.4437869822485207,0.3806706114398422,0.1755424063116371,0.00021864365265206534,0.00021866755691757334,0.11315192858736911,0.00013906547385930874,1.4467522149388602e-05,348.37
2026-08-20,1531,GILD,bull_put,145.0,144.0,1.0,2026-08-21,1,144.42,0.62,0.5146,0.5146,1.2048192771084338,0.3507,0.36489151873767256,0.43984220907297833,0.1952662721893491,-0.0005725023840434463,-0.0005723385358229471,0.08913513442755705,-0.00040069082679980477,-6.738937980816453e-05,146.12
2026-08-20,1531,HD,bull_put,335.0,332.5,2.5,2026-08-21,1,334.785,1.07,1.0386,0.41544,1.0302330059695746,0.2811,0.4516765285996055,0.34911242603550297,0.1992110453648915,-0.0005984163390794096,-0.0005982373237323202,0.06026321287212677,-0.0004700949455738395,-0.00014084646955403191,335.61
2026-08-20,1531,HON,bull_put,220.0,217.5,2.5,2026-08-21,1,219.03,1.025,1.1579,0.46315999999999996,0.8852232489852319,0.3205,0.3530571992110454,0.26627218934911245,0.3806706114398422,0.00014012603992168225,0.00014013585803374085,0.01357419096881829,0.00013272981591355338,0.00010117298588629048,215.9
2026-08-20,1531,IBM,bull_put,235.0,232.5,2.5,2026-08-21,1,234.38,1.04,1.1075,0.44299999999999995,0.9390519187358918,0.3521,0.49506903353057197,0.34122287968441817,0.16370808678500987,0.0009689034319616888,0.0009693729705255727,0.03603607908098616,0.0008392470526883208,0.0004082107325430652,235.68
2026-08-20,1531,INTC,bull_put,93.0,92.5,0.5,2026-08-21,1,92.295,0.305,0.2831,0.5662,1.0773578240904274,0.6471,0.3727810650887574,0.5857988165680473,0.04142011834319527,-0.0010533793125723718,-0.001052824703339339,0.22180571157852969,-0.0004335508881612706,-5.1340506439775865e-06,90.07
2026-08-20,1531,ISRG,bull_put,377.5,375.0,2.5,2026-08-21,1,376.755,1.925,1.1787,0.47148,1.6331551709510477,0.4373,0.41222879684418146,0.388560157790927,0.1992110453648915,-0.00035159894895942694,-0.00035153714529256863,0.12949176124819173,-0.0002094213680036108,-1.5713388383190097e-05,378.81
2026-08-20,1531,JPM,bull_put,352.5,350.0,2.5,2026-08-21,1,352.4719,0.845,0.9351,0.37404000000000004,0.9036466688054753,0.2293,0.5266272189349113,0.2465483234714004,0.22682445759368836,0.0005637482738038609,0.0005639072097272102,0.060275286721973576,0.00044309693868109084,0.00013272546671574097,351.58
2026-08-20,1531,MO,bull_put,67.0,66.0,1.0,2026-08-21,1,67.005,0.295,0.3061,0.3061,0.9637373407383208,0.2886,0.5384615384615384,0.1282051282051282,0.3333333333333333,0.0004978657593824008,0.0004979897151098367,0.08323303419832695,0.0003569684089857652,6.755800780131559e-05,66.09
2026-08-20,1531,MRK,bull_put,150.0,148.0,2.0,2026-08-21,1,150.005,0.665,0.7392,0.3696,0.8996212121212122,0.362,0.43984220907297833,0.21104536489151873,0.34911242603550297,-0.00027273338435739904,-0.00027269619598879746,0.05714083348487553,-0.0002169777918023964,-6.919844122234193e-05,152.55
2026-08-20,1531,NOW,bull_put,131.0,130.0,1.0,2026-08-21,1,129.97,0.5,0.5647,0.5647,0.8854258898530193,0.5787,0.368836291913215,0.49506903353057197,0.13609467455621302,-0.00022159121212288278,-0.000221566662603645,0.156508044546536,-0.0001184737391959882,-5.178577656736861e-06,128.48
2026-08-20,1531,NVDA,bull_put,217.5,215.0,2.5,2026-08-21,1,217.25,0.925,0.94,0.376,0.9840425531914895,0.3457,0.47928994082840237,0.3136094674556213,0.20710059171597633,-0.0006844731596507138,-0.0006842389613347377,0.04410637045991472,-0.0005735710019046077,-0.0002374018617156707,214.72
2026-08-20,1531,ORCL,bull_put,143.0,142.0,1.0,2026-08-21,1,142.21,0.515,0.5382,0.5382,0.956893348197696,0.5744,0.39644970414201186,0.5305719921104537,0.07297830374753451,-0.0007387614345269293,-0.0007384886174847116,0.16369511929714609,-0.00038368626930756117,-1.4525748390319186e-05,146.47
2026-08-20,1531,PEP,bull_put,143.0,142.0,1.0,2026-08-21,1,142.67,0.465,0.4574,0.4574,1.0166156536947968,0.2567,0.39644970414201186,0.35700197238658776,0.2465483234714004,-0.0004536556391879377,-0.0004535527530273864,0.0393612160447776,-0.0003874809641516747,-0.00017634501734333497,143.48
2026-08-20,1531,PFE,bull_put,28.0,27.5,0.5,2026-08-21,1,27.915,0.17,0.1697,0.3394,1.0017678255745435,0.25,0.40039447731755423,0.15581854043392504,0.4437869822485207,-0.0005943814289827217,-0.0005942048193340321,0.11475687464436857,-0.00037547675871122267,-3.782835985961227e-05,28.07
2026-08-20,1531,PG,bull_put,143.0,142.0,1.0,2026-08-21,1,142.93,0.485,0.4025,0.4025,1.2049689440993787,0.2336,0.4990138067061144,0.3214990138067061,0.1794871794871795,-0.0001740136865936515,-0.000173998547090215,0.05438005113598088,-0.00013998380601249087,-4.71779075133989e-05,144.68
2026-08-20,1531,PM,bull_put,192.5,190.0,2.5,2026-08-21,1,191.81,1.125,1.1202,0.44808000000000003,1.0042849491162291,0.3694,0.4280078895463511,0.2583826429980276,0.3136094674556213,0.0032401675122570896,0.003245422529189801,0.019324109823369406,0.0030040131509029597,0.002041055171821789,188.23
2026-08-20,1531,PYPL,bull_put,63.0,62.5,0.5,2026-08-21,1,62.55,0.21,0.2908,0.5816,0.7221458046767537,0.6174,0.3530571992110454,0.4911242603550296,0.15581854043392504,-6.206324172263605e-05,-6.206131583952335e-05,0.15752177612036955,-3.3050469006480446e-05,-1.4156662022473034e-06,61.55
2026-08-20,1531,SBUX,bull_put,104.0,103.0,1.0,2026-08-21,1,103.58,0.505,0.475,0.475,1.063157894736842,0.3166,0.3806706114398422,0.3806706114398422,0.23865877712031558,-0.0005108663137337239,-0.0005107358437569376,0.028325437533237574,-0.00045602642919737165,-0.00025879649414024776,107.08
2026-08-20,1531,SCHW,bull_put,110.0,109.0,1.0,2026-08-21,1,109.74,0.465,0.4385,0.4385,1.0604332953249715,0.2493,0.47928994082840237,0.2781065088757396,0.24260355029585798,0.004173487511118304,0.004182208638405571,0.019188880818777898,0.003873211338248632,0.002638752716738218,112.3
2026-08-20,1531,TSLA,bull_put,345.0,342.5,2.5,2026-08-21,1,343.4,1.285,1.3239,0.52956,0.9706171160963818,0.4418,0.4358974358974359,0.4516765285996055,0.11242603550295859,0.0007601468466061322,0.0007604358314392545,0.11479592416406581,0.00048044273082447286,4.8365635508746005e-05,362.86
2026-08-20,1531,UNH,bull_put,385.0,382.5,2.5,2026-08-21,1,384.915,1.05,1.0741,0.42964,0.9775626105576762,0.2975,0.47534516765285995,0.3806706114398422,0.14398422090729784,-0.00043634236899561156,-0.00043624718550883124,0.08600757340238485,-0.00030925888087770257,-5.53694091746894e-05,390.11
2026-08-20,1531,V,bull_put,367.5,365.0,2.5,2026-08-21,1,366.8,1.2,1.1003,0.44012,1.0906116513678086,0.2056,0.4240631163708087,0.32938856015779094,0.2465483234714004,-0.0002537805414693922,-0.00025374834191171924,0.02552526634769836,-0.0002291190942522868,-0.00013751549527300428,371.04
2026-08-24,1531,ABBV,bull_put,265.0,262.5,2.5,2026-08-28,4,264.14,1.2,1.1899,0.47596,1.0084881082443904,0.3004,0.4280078895463511,0.4319526627218935,0.14003944773175542,-0.0005356865971562394,-0.0005355431427077617,0.12308663590451452,-0.0003273188945263415,-2.7916061109864248e-05,255.48
2026-08-24,1531,ABT,bull_put,117.0,116.0,1.0,2026-08-28,4,116.155,0.5,0.5461,0.5461,0.9155832265152902,0.2672,0.38461538461538464,0.48717948717948717,0.1282051282051282,-0.0002965159863995001,-0.0002964720298791468,0.12522584398960834,-0.00017965700472006053,-1.4680684114920707e-05,112.47
2026-08-24,1531,ACN,bull_put,187.5,185.0,2.5,2026-08-28,4,186.59,1.15,1.225,0.49000000000000005,0.9387755102040815,0.5391,0.4556213017751479,0.39644970414201186,0.14792899408284024,0.0009017932725669947,0.0009022000103755534,0.1584410191934973,0.00047869907290362445,2.0130816009820938e-05,189.61
2026-08-24,1531,ADI,bull_put,375.0,372.5,2.5,2026-08-28,4,372.17,1.4,1.3426,0.53704,1.0427528675703857,0.4303,0.3727810650887574,0.5305719921104537,0.09664694280078895,-0.001033003841984491,-0.0010324704771874638,0.22725362162478957,-0.0004160041534241914,-4.417715962261398e-06,361.78
2026-08-24,1531,ADP,bull_put,285.0,282.5,2.5,2026-08-28,4,282.63,1.3,1.4076,0.56304,0.923557828928673,0.328,0.32938856015779094,0.5187376725838264,0.15187376725838264,-0.0009962998602147458,-0.0009958037182914437,0.15394129751679686,-0.0005379604143115116,-2.4753305304934445e-05,287.48
2026-08-24,1531,AMGN,bull_put,447.5,445.0,2.5,2026-08-28,4,444.41,1.3,1.3289,0.53156,0.9782526901948981,0.3497,0.41222879684418146,0.534516765285996,0.05325443786982249,-0.0007206680552991635,-0.0007204084364462737,0.2249364877542449,-0.00029297063231792223,-3.2587465185041754e-06,432.42
2026-08-24,1531,AMZN,bull_put,262.5,260.0,2.5,2026-08-28,4,262.155,1.12,1.1448,0.45792,0.9783368273934312,0.3252,0.4714003944773176,0.41222879684418146,0.11637080867850098,-0.00026799661409393364,-0.00026796070620915824,0.13633651040659822,-0.00015532105690166186,-1.0163105972437786e-05,266.43
2026-08-24,1531,AVGO,bull_put,362.5,360.0,2.5,2026-08-28,4,360.73,1.275,1.2971,0.51884,0.9829619921363041,0.4455,0.42011834319526625,0.5187376725838264,0.0611439842209073,-0.0007075571167070981,-0.00070730685719822,0.2230719413265846,-0.00028979588594018593,-3.3459076666836654e-06,368.79
2026-08-24,1531,AXP,bull_put,340.0,337.5,2.5,2026-08-28,4,338.27,1.3,1.2996,0.5198400000000001,1.0003077870113881,0.268,0.43984220907297833,0.4516765285996055,0.10848126232741617,0.0003111184972290973,0.0003111668996083061,0.1446045160843259,0.00017449766467181506,9.677668713462389e-06,333.2
2026-08-24,1531,COST,bull_put,975.0,972.5,2.5,2026-08-28,4,969.89,1.2,1.4309,0.57236,0.8386330281640925,0.2323,0.40039447731755423,0.5502958579881657,0.04930966469428008,-0.00020726212600950377,-0.00020724064869892533,0.27161643313364514,-6.99244196599492e-05,-3.0577255947420677e-07,945.47
2026-08-24,1531,CRM,bull_put,212.5,210.0,2.5,2026-08-28,4,210.17,1.375,1.3397,0.5358799999999999,1.0263491826528328,0.9228,0.4280078895463511,0.4635108481262327,0.10848126232741617,0.00045639264266718327,0.0004564968056350871,0.2483017704731223,0.0001690804472012914,1.1786140463089974e-06,256.0
2026-08-24,1531,CSCO,bull_put,111.0,110.0,1.0,2026-08-28,4,110.26,0.545,0.525,0.525,1.0380952380952382,0.3236,0.39250493096646943,0.48717948717948717,0.1203155818540434,-0.0005819042024140198,-0.0005817349289988227,0.1438706178475455,-0.0003271871803617284,-1.841416245493385e-05,109.93
2026-08-24,1531,DE,bull_put,652.5,650.0,2.5,2026-08-28,4,647.775,1.2,1.357,0.5428,0.8843036109064112,0.3719,0.40039447731755423,0.5463510848126233,0.05325443786982249,-0.0007654187400898673,-0.0007651258818904827,0.2760197776042673,-0.00025365149586736087,-1.015687485956846e-06,630.33
2026-08-24,1531,DIS,bull_put,111.0,110.0,1.0,2026-08-28,4,110.24,0.565,0.5508,0.5508,1.0257806826434277,0.2616,0.3767258382642998,0.4714003944773176,0.15187376725838264,-0.0001464871587154512,-0.00014647642999554567,0.11233792873756066,-9.345806314460106e-05,-9.882388547975301e-06,108.1
2026-08-24,1531,F,bull_put,14.0,13.5,0.5,2026-08-28,4,13.93,0.175,0.181,0.362,0.9668508287292817,0.3515,0.39250493096646943,0.21104536489151873,0.39644970414201186,-0.000758758762336875,-0.0007584709776981002,0.04059271279579324,-0.0006447958042504107,-0.0002863112277882949,13.88
2026-08-24,1531,FCX,bull_put,78.0,77.0,1.0,2026-08-28,4,77.54,0.57,0.517,0.517,1.1025145067698259,0.6108,0.4911242603550296,0.40828402366863903,0.10059171597633136,0.007158236134521899,0.007183917548104102,0.18121417790874772,0.003479846355669547,9.280122711708934e-05,76.45
2026-08-24,1531,GE,bull_put,345.0,342.5,2.5,2026-08-28,4,341.955,1.35,1.3878,0.55512,0.972762645914397,0.3428,0.39644970414201186,0.5187376725838264,0.08481262327416174,-0.0002972088857577078,-0.00029716472357210755,0.1918202625570361,-0.00013796576292758408,-2.976060090621954e-06,342.58
2026-08-24,1531,GILD,bull_put,147.0,146.0,1.0,2026-08-28,4,146.315,0.395,0.5228,0.5228,0.7555470543228768,0.3176,0.40828402366863903,0.5069033530571992,0.08481262327416174,-0.000645887600567452,-0.0006456790600715134,0.18026516273260695,-0.00031395256837447237,-8.532980068294469e-06,145.68
2026-08-24,1531,GS,bull_put,1042.5,1040.0,2.5,2026-08-28,4,1035.98,1.325,1.399,0.5596,0.9471050750536096,0.3149,0.4240631163708087,0.5581854043392505,0.01775147928994083,-0.00025548454522284804,-0.00025545191182563265,0.3082688949170773,-7.443740718491237e-05,-1.563873560024701e-07,1033.99
2026-08-24,1531,HD,bull_put,337.5,335.0,2.5,2026-08-28,4,337.04,1.125,1.188,0.47519999999999996,0.946969696969697,0.2953,0.47928994082840237,0.4556213017751479,0.0650887573964497,-0.00028953169276828544,-0.0002894897825126419,0.15782126948559516,-0.00015398187872635766,-6.556189302567374e-06,330.19
2026-08-24,1531,HON,bull_put,215.0,212.5,2.5,2026-08-28,4,214.71,1.1,1.1066,0.44264000000000003,0.9940357852882704,0.3181,0.4714003944773176,0.34122287968441817,0.1873767258382643,0.0001497174179410296,0.00014972862615292293,0.10559051636381778,9.814661490741216e-05,1.187757423223811e-05,217.43
2026-08-24,1531,INTC,bull_put,89.0,88.0,1.0,2026-08-28,4,87.785,0.605,0.5707,0.5707,1.0601016295777115,0.6749,0.36489151873767256,0.5857988165680473,0.04930966469428008,-0.0010686635644715755,-0.0010680927469199908,0.2214130303270252,-0.00044052964257299394,-5.2578233514068795e-06,89.47
2026-08-24,1531,ISRG,bull_put,377.5,375.0,2.5,2026-08-28,4,374.905,0.9,1.39,0.5559999999999999,0.6474820143884893,0.3455,0.368836291913215,0.5542406311637081,0.07692307692307693,-0.0009802237990089438,-0.0009797435365952456,0.19998910310144657,-0.00044024633725938626,-8.065150446334288e-06,372.6
2026-08-24,1531,JNJ,bull_put,272.5,270.0,2.5,2026-08-28,4,272.456,1.32,1.1239,0.44955999999999996,1.174481715455112,0.254,0.47534516765285995,0.39250493096646943,0.13214990138067062,-0.0001994473857702449,-0.0001994274974626009,0.11015068094423874,-0.00012836118207495593,-1.4180026733162426e-05,268.04
2026-08-24,1531,JPM,bull_put,357.5,355.0,2.5,2026-08-28,4,355.92,1.245,1.2913,0.51652,0.9641446604197322,0.2247,0.4437869822485207,0.4714003944773176,0.08481262327416174,-2.173460979026584e-05,-2.1734373595316825e-05,0.12179795354105849,-1.3352494612777173e-05,-1.1685272076146914e-06,357.62
2026-08-24,1531,KO,bull_put,92.0,91.0,1.0,2026-08-28,4,91.515,0.47,0.4927,0.4927,0.9539273391516134,0.1892,0.3530571992110454,0.40828402366863903,0.23865877712031558,-0.00072531837941698,-0.0007250553996264175,0.03298007508383116,-0.0006354464132442063,-0.0003285622320973212,89.66
2026-08-24,1531,LOW,bull_put,217.5,215.0,2.5,2026-08-28,4,216.725,1.225,1.1964,0.47856,1.0239050484787697,0.335,0.43984220907297833,0.4477317554240631,0.11242603550295859,-0.0005277783394472485,-0.0005276390889583649,0.10934866892226958,-0.00034070528293118446,-3.8246209304449856e-05,208.05
2026-08-24,1531,MCD,bull_put,272.5,270.0,2.5,2026-08-28,4,272.17,1.09,1.1464,0.45856,0.9508025122121424,0.229,0.4714003944773176,0.3609467455621302,0.16765285996055226,0.0004616366870644744,0.00046174325767833757,0.09013124877570577,0.00032197825821674573,5.3083123171549464e-05,265.0
2026-08-24,1531,MDT,bull_put,93.0,92.0,1.0,2026-08-28,4,92.75,0.45,0.4728,0.4728,0.9517766497461929,0.2652,0.40828402366863903,0.4161735700197239,0.1755424063116371,-0.0006280511477916484,-0.0006278539649520187,0.08466612940673057,-0.0004474850287796943,-8.229583458117574e-05,91.23
2026-08-24,1531,MMM,bull_put,180.0,177.5,2.5,2026-08-28,4,178.69,1.24,1.2439,0.49756,0.9968646997347054,0.2569,0.388560157790927,0.4161735700197239,0.1952662721893491,-0.0003632324182140218,-0.0003631664573058302,0.041523063372687075,-0.00030759040244751634,-0.00013406272243167644,174.34
2026-08-24,1531,MS,bull_put,215.0,212.5,2.5,2026-08-28,4,214.38,1.115,1.1595,0.4638,0.9616213885295386,0.3331,0.4437869822485207,0.38461538461538464,0.17159763313609466,-0.00015925889395956936,-0.00015924621293506025,0.108309818833905,-0.00010325609258695396,-1.1834462922871303e-05,214.77
2026-08-24,1531,MSFT,bull_put,490.0,487.5,2.5,2026-08-28,4,488.77,1.175,1.2367,0.49467999999999995,0.9501091614781274,0.2917,0.4556213017751479,0.47928994082840237,0.0650887573964497,-0.0003852905798186444,-0.00038521636493493716,0.2065893149949849,-0.0001685863199680664,-2.706514388175963e-06,513.53
2026-08-24,1531,NEE,bull_put,84.0,83.0,1.0,2026-08-28,4,84.02,0.49,0.3928,0.3928,1.2474541751527495,0.2185,0.5108481262327417,0.34122287968441817,0.14792899408284024,-0.00039674834709210434,-0.0003966696528742153,0.06958277551067993,-0.0003002972218268749,-7.46728978764362e-05,81.84
2026-08-24,1531,NOW,bull_put,130.0,129.0,1.0,2026-08-28,4,128.79,0.5,0.5448,0.5448,0.9177679882525699,0.6326,0.40039447731755423,0.5266272189349113,0.07297830374753451,-0.0005291627836228425,-0.0005290228016892051,0.25482888477905385,-0.00019089355999474912,-1.1678194589180926e-06,144.71
2026-08-24,1531,NVDA,bull_put,212.5,210.0,2.5,2026-08-28,4,209.39,1.425,1.4196,0.56784,1.003803888419273,0.7219,0.38461538461538464,0.5542406311637081,0.0611439842209073,-0.0005495343015677803,-0.0005493833352484545,0.22452797406190328,-0.00022378472582151163,-2.5096042291380774e-06,217.55
2026-08-24,1531,ORCL,bull_put,145.0,144.0,1.0,2026-08-28,4,143.105,0.575,0.5787,0.5787,0.993606359080698,0.5985,0.39250493096646943,0.5660749506903353,0.04142011834319527,-0.0003344671557989733,-0.00033441122789534816,0.26874893353595064,-0.00011413428830755401,-5.285578875014071e-07,150.85
2026-08-24,1531,PEP,bull_put,145.0,144.0,1.0,2026-08-28,4,144.47,0.505,0.5092,0.5092,0.9917517674783976,0.2302,0.40433925049309666,0.4714003944773176,0.1242603550295858,-0.0005643656392020366,-0.0005642064148696502,0.1282251178750412,-0.0003378221916486117,-2.599794091615284e-05,141.07
2026-08-24,1531,PG,bull_put,147.0,146.0,1.0,2026-08-28,4,146.2,0.52,0.5333,0.5333,0.9750609413088318,0.2046,0.40828402366863903,0.5069033530571992,0.08481262327416174,-0.00045552565731042487,-0.00045542192125025416,0.11983440691822556,-0.0002819942444710274,-2.5666804997604635e-05,143.78
2026-08-24,1531,PNC,bull_put,245.0,242.5,2.5,2026-08-28,4,243.54,1.175,1.2243,0.48972,0.9597320918075636,0.2298,0.41222879684418146,0.45956607495069035,0.1282051282051282,-0.0007072929541264974,-0.000707042881426756,0.07163672439230262,-0.0005308844658559426,-0.00012669845984029086,242.22
2026-08-24,1531,PYPL,bull_put,62.0,61.0,1.0,2026-08-28,4,61.665,0.535,0.5069,0.5069,1.0554349970408365,0.4064,0.4280078895463511,0.3727810650887574,0.1992110453648915,0.002744322695600536,0.0027480917962168228,0.08352826279256576,0.0019675590771586504,0.00037017791836192385,53.66
2026-08-24,1531,QCOM,bull_put,160.0,157.5,2.5,2026-08-28,4,159.37,1.21,1.1816,0.47264,1.0240352064996614,0.4808,0.4437869822485207,0.4240631163708087,0.13214990138067062,-0.00037088598441438383,-0.00037081721470988427,0.11798503751296396,-0.00023131238394557679,-2.1847103682211596e-05,164.19
2026-08-24,1531,RTX,bull_put,210.0,207.5,2.5,2026-08-28,4,208.87,1.195,1.2253,0.49012,0.9752713621154003,0.2597,0.42011834319526625,0.4358974358974359,0.14398422090729784,-0.000389734290399772,-0.0003896583538565146,0.06462931778077619,-0.0003008925030754205,-8.261297187650701e-05,211.71
2026-08-24,1531,SBUX,bull_put,108.0,107.0,1.0,2026-08-28,4,107.25,0.52,0.5406,0.5406,0.9618941916389198,0.307,0.4240631163708087,0.46745562130177515,0.10848126232741617,0.0004740033269629053,0.0004741156842917871,0.13157095158426868,0.0002801058437876886,2.0160969122134583e-05,107.85
2026-08-24,1531,SCHW,bull_put,114.0,113.0,1.0,2026-08-28,4,113.61,0.475,0.4692,0.4692,1.0123614663256606,0.2285,0.4635108481262327,0.39644970414201186,0.14003944773175542,1.3460802360353366e-05,1.3460892957395387e-05,0.09331912557893829,9.2674861471127e-06,1.4335152573092376e-06,110.16
2026-08-24,1531,TJX,bull_put,141.0,140.0,1.0,2026-08-28,4,140.08,0.575,0.5603,0.5603,1.0262359450294485,0.2512,0.3806706114398422,0.5266272189349113,0.09270216962524655,-0.0004726251578857886,-0.000472513488209203,0.144327053065473,-0.00026527262765079504,-1.4793930856908687e-05,135.12
2026-08-24,1531,TSLA,bull_put,355.0,352.5,2.5,2026-08-28,4,351.56,1.425,1.422,0.5688,1.0021097046413503,0.4578,0.4240631163708087,0.5226824457593688,0.05325443786982249,0.000537765206745677,0.0005379098283775363,0.23174194539722237,0.00021287883610518092,2.0665576486428865e-06,348.75
2026-08-24,1531,TXN,bull_put,262.5,260.0,2.5,2026-08-28,4,260.06,1.4,1.3625,0.545,1.0275229357798163,0.4421,0.34516765285996054,0.534516765285996,0.1203155818540434,-0.001262212432789794,-0.001261416177726682,0.18419201499318472,-0.0006037874665204575,-1.5170943090049267e-05,258.64
2026-08-24,1531,UNH,bull_put,400.0,397.5,2.5,2026-08-28,4,398.325,1.225,1.2828,0.51312,0.9549423136888059,0.2894,0.4358974358974359,0.5187376725838264,0.045364891518737675,-0.0006436287701721026,-0.0006434216856061603,0.17893827479198954,-0.00031451985929921086,-8.778290843365006e-06,392.95
2026-08-24,1531,UPS,bull_put,103.0,102.0,1.0,2026-08-28,4,102.73,0.46,0.4524,0.4524,1.0167992926613616,0.2526,0.4477317554240631,0.42011834319526625,0.13214990138067062,-0.000653509127888452,-0.0006532956373068721,0.09423234441339545,-0.00044813762604807746,-6.80643443334382e-05,105.33
2026-08-24,1531,V,bull_put,382.5,380.0,2.5,2026-08-28,4,382.33,1.11,1.0855,0.4342,1.0225702441271305,0.2265,0.4714003944773176,0.41222879684418146,0.11637080867850098,-0.0006746918521082172,-0.0006744642987396299,0.14223570698822063,-0.0003818301653154639,-2.2203762945550118e-05,381.6
2026-08-24,1531,XOM,bull_put,165.0,162.5,2.5,2026-08-28,4,163.76,1.23,1.241,0.49640000000000006,0.991136180499597,0.3095,0.4280078895463511,0.38461538461538464,0.1873767258382643,0.0008064989582393101,0.0008068242659717839,0.05290519549244688,0.0006529399079544121,0.00022664415550484275,156.71
2026-08-25,1531,AAPL,bull_put,310.0,307.5,2.5,2026-08-28,3,308.905,1.185,1.2296,0.49184,0.9637280416395576,0.2606,0.4477317554240631,0.41222879684418146,0.14003944773175542,0.00021409961634396082,0.0002141225373026856,0.10217727969996404,0.00014228603130370798,1.8435787391878978e-05,319.7
2026-08-25,1531,ABBV,bull_put,267.5,265.0,2.5,2026-08-28,3,266.095058,1.1,1.2345,0.49379999999999996,0.8910490076954234,0.2986,0.4280078895463511,0.4556213017751479,0.11637080867850098,-0.000438401489747167,-0.0004383054058556546,0.10002049002213531,-0.0002937808205420117,-3.974262067641787e-05,255.48
2026-08-25,1531,ABT,bull_put,117.0,116.0,1.0,2026-08-28,3,116.25,0.55,0.5216,0.5216,1.0544478527607364,0.2921,0.36489151873767256,0.4477317554240631,0.1873767258382643,-0.0005429706109595887,-0.00054282322909327,0.11508629759422795,-0.0003425571590816966,-3.4285159048036136e-05,112.47
2026-08-25,1531,ACN,bull_put,190.0,187.5,2.5,2026-08-28,3,187.925,1.4,1.3458,0.53832,1.0402734433050973,0.5402,0.38461538461538464,0.4319526627218935,0.1834319526627219,0.00014301160040739412,0.00014302182705372424,0.14446124751154943,8.025044164064804e-05,4.463473680768511e-06,189.61
2026-08-25,1531,ADI,bull_put,375.0,372.5,2.5,2026-08-28,3,372.33,1.3,1.3777,0.55108,0.9436016549321333,0.4541,0.388560157790927,0.5226824457593688,0.08875739644970414,-0.000512331591209619,-0.0005122003717902279,0.2155888458739189,-0.000216233861935355,-2.899631322274016e-06,361.78
2026-08-25,1531,ADP,bull_put,285.0,282.5,2.5,2026-08-28,3,283.3,1.25,1.3349,0.53396,0.9363997303168777,0.3364,0.38461538461538464,0.4911242603550296,0.1242603550295858,-0.0005543303531920368,-0.0005541767405071729,0.13008032550732063,-0.00032936361723732397,-2.4423745856100954e-05,287.48
2026-08-25,1531,AMGN,bull_put,445.0,442.5,2.5,2026-08-28,3,443.12,1.3,1.2737,0.50948,1.020648504357384,0.3577,0.42011834319526625,0.5108481262327417,0.06903353057199212,-0.0007931295360636961,-0.000792815091970378,0.2034437583182842,-0.0003513612814016881,-6.007086282868929e-06,432.42
2026-08-25,1531,AVGO,bull_put,357.5,355.0,2.5,2026-08-28,3,355.915,1.275,1.3052,0.52208,0.976861783634692,0.4739,0.42011834319526625,0.5384615384615384,0.04142011834319527,-0.0008472309362457867,-0.0008468721374517152,0.21057158739374437,-0.0003647686709191988,-5.4077419782588265e-06,368.79
2026-08-25,1531,AXP,bull_put,337.5,335.0,2.5,2026-08-28,3,336.6,1.205,1.2032,0.48128000000000004,1.001496010638298,0.2687,0.49506903353057197,0.40433925049309666,0.10059171597633136,0.001584713984397499,0.0015859703071534614,0.12075841535666809,0.0009783994465923337,8.742223991959281e-05,333.2
2026-08-25,1531,BA,bull_put,212.5,210.0,2.5,2026-08-28,3,211.45,1.215,1.2189,0.48756000000000005,0.9968003937976865,0.3056,0.40828402366863903,0.42011834319526625,0.17159763313609466,-0.0003977461284248901,-0.0003976670379198799,0.06775230272332222,-0.0003032646498430465,-7.82226933425314e-05,209.82
2026-08-25,1531,BMY,bull_put,68.0,67.0,1.0,2026-08-28,3,67.87,0.405,0.4252,0.4252,0.9524929444967074,0.2972,0.4319526627218935,0.368836291913215,0.1992110453648915,-0.0007827881882014804,-0.0007824818894552887,0.04949945247043863,-0.0006419259586276624,-0.00023852733558906849,66.58
2026-08-25,1531,CME,bull_put,280.0,277.5,2.5,2026-08-28,3,278.16,1.425,1.3365,0.5346,1.0662177328843996,0.2838,0.39644970414201186,0.4635108481262327,0.14003944773175542,-0.00013042129240786304,-0.00013041278792080835,0.10968406312712398,-8.409679518451152e-05,-9.377256127562436e-06,285.8
2026-08-25,1531,COST,bull_put,965.0,962.5,2.5,2026-08-28,3,961.72,1.375,1.3831,0.55324,0.9941435904851421,0.2073,0.43984220907297833,0.514792899408284,0.045364891518737675,0.0003769265126037733,0.00037699755832787396,0.2360825447327668,0.00014662943179857417,1.305071250354118e-06,945.47
2026-08-25,1531,CRM,bull_put,210.0,207.5,2.5,2026-08-28,3,205.6,1.475,1.458,0.5831999999999999,1.0116598079561043,1.0204,0.2859960552268245,0.6173570019723866,0.09664694280078895,-0.00223063461603756,-0.002228148599450863,0.25517769156016734,-0.0008028882422050518,-4.877640982303833e-06,256.0
2026-08-25,1531,CSCO,bull_put,111.0,110.0,1.0,2026-08-28,3,110.75,0.485,0.4698,0.4698,1.0323541932737335,0.3288,0.45956607495069035,0.4358974358974359,0.10453648915187377,-0.00038628508709622877,-0.0003862104886177553,0.12103962729930684,-0.0002379888964332828,-2.1145592111233547e-05,109.93
2026-08-25,1531,CSX,bull_put,52.0,51.0,1.0,2026-08-28,3,51.635,0.45,0.452,0.452,0.995575221238938,0.2758,0.388560157790927,0.2702169625246548,0.34122287968441817,0.000385647272384838,0.00038572164385430874,0.006150935172094973,0.0003763472440914524,0.00033278396819115747,51.28
2026-08-25,1531,DE,bull_put,635.0,632.5,2.5,2026-08-28,3,631.27,1.45,1.3739,0.5495599999999999,1.0553897663585414,0.3614,0.3767258382642998,0.5779092702169625,0.045364891518737675,-0.0012397453145940778,-0.0012389771478480416,0.25329381617312086,-0.0004498283982153312,-2.837688604869711e-06,630.33
2026-08-25,1531,EOG,bull_put,148.0,147.0,1.0,2026-08-28,3,147.635,0.5,0.4929,0.4929,1.0144045445323595,0.353,0.47534516765285995,0.4319526627218935,0.09270216962524655,0.00046998101235271733,0.00047009147073251434,0.17468634076203882,0.00023373358270848167,7.102558818269451e-06,143.35
2026-08-25,1531,F,bull_put,14.0,13.5,0.5,2026-08-28,3,13.955,0.155,0.1548,0.3096,1.0012919896640826,0.3333,0.40828402366863903,0.16765285996055226,0.4240631163708087,-0.0010292752222651254,-0.001028745700213718,0.07818519481160568,-0.0007524652326626296,-0.00015753551058462576,13.88
2026-08-25,1531,FCX,bull_put,80.0,79.0,1.0,2026-08-28,3,79.43,0.545,0.5178,0.5178,1.052529934337582,0.5769,0.4437869822485207,0.4477317554240631,0.10848126232741617,0.0004335299918761665,0.00043362397958479626,0.15696123665236827,0.00023144281080712107,1.0025261648067377e-05,76.45
2026-08-25,1531,GE,bull_put,350.0,347.5,2.5,2026-08-28,3,349.495,1.1,1.131,0.4524,0.9725906277630416,0.3339,0.4714003944773176,0.4477317554240631,0.08086785009861933,-0.0006917017343735848,-0.0006914625638769767,0.16249968527830083,-0.0003609755656874075,-1.3996629706721365e-05,342.58
2026-08-25,1531,GILD,bull_put,149.0,148.0,1.0,2026-08-28,3,148.69,0.465,0.4696,0.4696,0.9902044293015332,0.3273,0.47534516765285995,0.4635108481262327,0.0611439842209073,-0.0005034546894772318,-0.0005033279774305788,0.16639738710941876,-0.00025869569593736847,-9.278544664853746e-06,145.68
2026-08-25,1531,GS,bull_put,1065.0,1062.5,2.5,2026-08-28,3,1061.145,1.75,1.3303,0.53212,1.3154927459971435,0.3362,0.4635108481262327,0.5108481262327417,0.02564102564102564,0.00011984718391137503,0.00011985436587202969,0.29281214319971516,3.715241646526621e-05,1.0632933698609035e-07,1033.99
2026-08-25,1531,HD,bull_put,340.0,337.5,2.5,2026-08-28,3,337.77,1.425,1.3659,0.54636,1.0432681748297827,0.2904,0.368836291913215,0.5266272189349113,0.10453648915187377,-0.000877086826091166,-0.000876702297870624,0.1400433050602825,-0.0005006935610692514,-3.04208478585476e-05,330.19
2026-08-25,1531,IBM,bull_put,235.0,232.5,2.5,2026-08-28,3,233.8451,1.345,1.2596,0.5038400000000001,1.0677993013655127,0.3693,0.47534516765285995,0.3806706114398422,0.14398422090729784,0.0059985459558642845,0.0060165732605026445,0.11268565431080124,0.003833488615135489,0.0004025492489217001,235.59
2026-08-25,1531,INTC,bull_put,89.0,88.0,1.0,2026-08-28,3,87.625,0.57,0.5934,0.5934,0.96056622851365,0.7107,0.3333333333333333,0.6055226824457594,0.0611439842209073,-0.001256131183418831,-0.0012553425808744523,0.21439231749970944,-0.0005325061874417944,-7.313691702408469e-06,89.47
2026-08-25,1531,ISRG,bull_put,372.5,370.0,2.5,2026-08-28,3,370.63,1.3,1.2965,0.5186,1.0026995757809487,0.3954,0.388560157790927,0.5463510848126233,0.0650887573964497,-0.001327537924222355,-0.0013266571355554646,0.19313568569893613,-0.0006126996708592037,-1.2873374273471323e-05,372.6
2026-08-25,1531,JNJ,bull_put,275.0,272.5,2.5,2026-08-28,3,273.1051,1.405,1.3852,0.55408,1.0142939647704303,0.2476,0.33727810650887574,0.5029585798816568,0.15976331360946747,-0.000889860825850252,-0.0008894650171191731,0.08074912412276603,-0.0006439516728556795,-0.00012807822354210562,268.04
2026-08-25,1531,JPM,bull_put,357.5,355.0,2.5,2026-08-28,3,356.735,1.085,1.1585,0.46340000000000003,0.9365558912386706,0.2199,0.49506903353057197,0.40828402366863903,0.09664694280078895,0.00010284614846840182,0.00010285143731492141,0.09993884838866607,6.896024625361805e-05,9.344175701116793e-06,357.62
2026-08-25,1531,KO,bull_put,92.0,91.0,1.0,2026-08-28,3,91.755,0.42,0.4291,0.4291,0.9787928221859706,0.1895,0.40828402366863903,0.33727810650887574,0.25443786982248523,-0.000648670492125638,-0.0006484601509051391,0.027434438367246683,-0.0005810651008882431,-0.0003356852728167611,89.66
2026-08-25,1531,MCD,bull_put,270.0,267.5,2.5,2026-08-28,3,268.71,1.24,1.2871,0.51484,0.9634061067516122,0.2129,0.38461538461538464,0.39644970414201186,0.21893491124260356,8.248424064638549e-05,8.248764256491015e-05,0.048742404397698724,6.787575336133121e-05,2.560610474055023e-05,265.0
2026-08-25,1531,MDT,bull_put,92.0,91.0,1.0,2026-08-28,3,91.805,0.475,0.4584,0.4584,1.0362129144851657,0.2751,0.40828402366863903,0.35700197238658776,0.23471400394477318,-0.0003272446974555035,-0.00032719115874979554,0.07017485714861071,-0.0002471128598729606,-6.0724546809364e-05,91.23
2026-08-25,1531,MRK,bull_put,157.5,155.0,2.5,2026-08-28,3,156.11,1.26,1.2929,0.51716,0.9745533297238766,0.3553,0.3333333333333333,0.47928994082840237,0.1873767258382643,-0.001265744800026762,-0.0012649440829475278,0.04812265943934735,-0.0010434549559014035,-0.0003985525545394512,148.35
2026-08-25,1531,MS,bull_put,217.5,215.0,2.5,2026-08-28,3,216.88,1.11,1.1316,0.45264,0.980911983032874,0.3232,0.4516765285996055,0.3767258382642998,0.17159763313609466,-0.00021497419782950857,-0.0002149510925323339,0.08494286072033108,-0.00015303078078750663,-2.7988168529844865e-05,214.77
2026-08-25,1531,MSFT,bull_put,492.5,490.0,2.5,2026-08-28,3,490.35,1.35,1.3184,0.52736,1.0239684466019419,0.277,0.40433925049309666,0.5187376725838264,0.07692307692307693,-0.0007269541944742433,-0.0007266900272901999,0.1831252975068438,-0.00034932363877097466,-8.966477258068679e-06,513.53
2026-08-25,1531,NEE,bull_put,84.0,83.0,1.0,2026-08-28,3,84.525,0.425,0.2742,0.2742,1.549963530269876,0.2334,0.5936883629191322,0.20710059171597633,0.1992110453648915,-0.00046348271306256763,-0.0004633753215419478,0.1626008161709167,-0.00024180559834397947,-9.356934884750382e-06,81.84
2026-08-25,1531,NOW,bull_put,128.0,127.0,1.0,2026-08-28,3,126.67,0.525,0.5575,0.5575,0.9417040358744395,0.6593,0.3530571992110454,0.5581854043392505,0.08875739644970414,-0.001189616510194792,-0.0011889091969791155,0.24399496871829018,-0.0004480082510044114,-3.4038674664411526e-06,144.71
2026-08-25,1531,NVDA,bull_put,215.0,212.5,2.5,2026-08-28,3,211.95,1.45,1.4442,0.57768,1.0040160642570282,0.8255,0.34516765285996054,0.5621301775147929,0.09270216962524655,-0.0009601432297836028,-0.0009596824397594128,0.22398763808127242,-0.00039176097082233946,-4.441086811564146e-06,217.55
2026-08-25,1531,ORCL,bull_put,145.0,144.0,1.0,2026-08-28,3,143.65,0.475,0.5626,0.5626,0.844294347671525,0.6195,0.39644970414201186,0.5660749506903353,0.03747534516765286,-0.0006224770692284083,-0.0006222833705705755,0.25039987440545364,-0.0002285593858933342,-1.5277538471328618e-06,150.85
2026-08-25,1531,PEP,bull_put,143.0,142.0,1.0,2026-08-28,3,142.27,0.545,0.5494,0.5494,0.9919912631962141,0.2272,0.34911242603550297,0.49506903353057197,0.15581854043392504,-0.000744751260231223,-0.0007444740018451856,0.10485219134516144,-0.0004894435657999968,-6.0112952789382056e-05,141.07
2026-08-25,1531,PG,bull_put,146.0,145.0,1.0,2026-08-28,3,145.44,0.505,0.5081,0.5081,0.9938988388112576,0.2063,0.42011834319526625,0.4437869822485207,0.13609467455621302,-0.00014292416356326103,-0.00014291395039156551,0.09250574653859789,-9.871330279716109e-05,-1.5519616225307566e-05,143.78
2026-08-25,1531,PM,bull_put,195.0,192.5,2.5,2026-08-28,3,193.73,1.275,1.2438,0.49752,1.0250844187168353,0.3052,0.39644970414201186,0.41222879684418146,0.1913214990138067,-0.0002464232159830322,-0.00024639285627614527,0.056619356642475305,-0.0001964582248026662,-6.331122726851255e-05,191.89
2026-08-25,1531,PNC,bull_put,245.0,242.5,2.5,2026-08-28,3,244.33,1.075,1.1091,0.44364,0.9692543503741773,0.2396,0.4437869822485207,0.35700197238658776,0.1992110453648915,-0.0002651840734578803,-0.0002651489152692976,0.06016686901950252,-0.00020843435269652554,-6.257005168839116e-05,242.22
2026-08-25,1531,PYPL,bull_put,63.0,62.0,1.0,2026-08-28,3,62.18,0.59,0.5953,0.5953,0.9910969259197042,0.5252,0.3096646942800789,0.4556213017751479,0.23471400394477318,-5.72610462076413e-05,-5.725940682521635e-05,0.11010495879839977,-3.686166437195549e-05,-4.075823976736138e-06,53.66
2026-08-25,1531,QCOM,bull_put,160.0,157.5,2.5,2026-08-28,3,159.69,1.17,1.1475,0.45899999999999996,1.0196078431372548,0.4852,0.46745562130177515,0.3727810650887574,0.15976331360946747,9.64651965699526e-05,9.646984948674664e-05,0.10023017167847259,6.460616452113105e-05,8.70333598477903e-06,164.19
2026-08-25,1531,SBUX,bull_put,106.0,105.0,1.0,2026-08-28,3,105.615,0.51,0.4933,0.4933,1.0338536387593755,0.3007,0.4477317554240631,0.4161735700197239,0.13609467455621302,0.0001909261723214567,0.0001909443998830973,0.09970011449361282,0.00012814748505475329,1.744720628819345e-05,107.85
2026-08-25,1531,T,bull_put,26.0,25.5,0.5,2026-08-28,3,25.855,0.205,0.2082,0.4164,0.9846301633045148,0.2501,0.4161735700197239,0.28994082840236685,0.2938856015779093,-0.0003764269935285472,-0.0003763561537767357,0.010121920273810536,-0.0003614227158966566,-0.00029518722793348825,26.01
2026-08-25,1531,TSLA,bull_put,355.0,352.5,2.5,2026-08-28,3,351.67,1.425,1.4403,0.57612,0.9893772130806083,0.4585,0.388560157790927,0.5463510848126233,0.0650887573964497,-0.00024543210397986494,-0.00024540198798483903,0.21483046211149004,-0.00010391526264806275,-1.4147693900250126e-06,348.75
2026-08-25,1531,TXN,bull_put,260.0,257.5,2.5,2026-08-28,3,259.13,1.2,1.2057,0.48228,0.9952724558347847,0.434,0.4319526627218935,0.47928994082840237,0.08875739644970414,-0.0008421976384384985,-0.0008418430895478224,0.1541495988748397,-0.0004544078973196096,-2.0821857356695634e-05,258.64
2026-08-25,1531,UNH,bull_put,397.5,395.0,2.5,2026-08-28,3,396.46,1.2,1.2255,0.4902,0.9791921664626683,0.2889,0.4477317554240631,0.4911242603550296,0.0611439842209073,-0.000663104721611938,-0.0006628849162633177,0.15625565120981522,-0.0003548087067383599,-1.558744473899187e-05,392.95
2026-08-25,1531,UPS,bull_put,106.0,105.0,1.0,2026-08-28,3,105.87,0.47,0.4419,0.4419,1.063589047295768,0.273,0.4911242603550296,0.34911242603550297,0.15976331360946747,0.0004041748028255094,0.00040425649246644824,0.09307216812462449,0.000278595493683425,4.3307140275946116e-05,105.33
2026-08-25,1531,XOM,bull_put,162.5,160.0,2.5,2026-08-28,3,161.56,1.085,1.1504,0.46016,0.9431502086230875,0.2969,0.4161735700197239,0.35700197238658776,0.22682445759368836,-0.000223014635920866,-0.00022298977000545506,0.031662982129243344,-0.0001964629703462152,-0.00010429405119848417,156.71
2026-08-26,1531,ABBV,bull_put,262.5,260.0,2.5,2026-08-28,2,261.95,1.245,1.1232,0.44928,1.108440170940171,0.2844,0.42011834319526625,0.388560157790927,0.1913214990138067,-0.0006680030075048664,-0.0006677799431678011,0.06570877130106112,-0.0005134350865580526,-0.00013795784695430242,255.48
2026-08-26,1531,ABT,bull_put,115.0,114.0,1.0,2026-08-28,2,114.35,0.8,0.528,0.528,1.5151515151515151,0.304,0.3767258382642998,0.4556213017751479,0.16765285996055226,-0.0003883226086986054,-0.0003882472212328736,0.08475814256217706,-0.0002766103216223819,-5.077717199202074e-05,112.47
2026-08-26,1531,ADI,bull_put,372.5,370.0,2.5,2026-08-28,2,371.74,1.325,1.2296,0.49184,1.0775862068965516,0.4484,0.43984220907297833,0.4437869822485207,0.11637080867850098,-0.0002422037476961427,-0.0002421744187363073,0.18117093517162774,-0.00011732812121058641,-3.1316366554624456e-06,361.78
2026-08-26,1531,ADP,bull_put,282.5,280.0,2.5,2026-08-28,2,282.08,1.425,1.1677,0.46708,1.2203476920441896,0.3635,0.4635108481262327,0.34911242603550297,0.1873767258382643,0.0014642360585960905,0.0014653085756226591,0.11121704924590925,0.0009391290790257753,0.00010155616032840657,287.48
2026-08-26,1531,AMGN,bull_put,442.5,440.0,2.5,2026-08-28,2,440.72,1.515,1.295,0.518,1.1698841698841698,0.3589,0.39250493096646943,0.4990138067061144,0.10848126232741617,-0.0008195550328680412,-0.0008192192893684558,0.17512657511524532,-0.0004066063425805676,-1.224740402044059e-05,432.42
2026-08-26,1531,AMZN,bull_put,260.0,257.5,2.5,2026-08-28,2,259.82,1.075,1.0911,0.43644,0.9852442489231051,0.3104,0.45956607495069035,0.3806706114398422,0.15976331360946747,-0.00046082979183834126,-0.0004607236260985026,0.08240732942639228,-0.00033134795141223443,-6.375339563213454e-05,266.43
2026-08-26,1531,AVGO,bull_put,355.0,352.5,2.5,2026-08-28,2,353.542,1.25,1.2958,0.51832,0.9646550393579255,0.5271,0.4358974358974359,0.49506903353057197,0.06903353057199212,-0.000310118299377396,-0.0003100702176680459,0.19623933505577673,-0.000141435168679404,-2.7928281021028296e-06,368.79
2026-08-26,1531,AXP,bull_put,337.5,335.0,2.5,2026-08-28,2,337.22,1.215,1.1254,0.45016,1.0796161364848056,0.2665,0.4832347140039448,0.3609467455621302,0.15581854043392504,0.00030703122003033524,0.00030707835893961644,0.09422418119855269,0.00021065173632037028,3.199957454041109e-05,333.2
2026-08-26,1531,BA,bull_put,212.5,210.0,2.5,2026-08-28,2,211.93,1.14,1.1328,0.45312,1.0063559322033897,0.3199,0.4477317554240631,0.368836291913215,0.1834319526627219,-0.00016982030641730884,-0.00016980588776527306,0.05129169759125496,-0.00013830884027296738,-4.9583355647598004e-05,209.82
2026-08-26,1531,BMY,bull_put,68.0,67.0,1.0,2026-08-28,2,67.74,0.47,0.4491,0.4491,1.0465375194834112,0.3253,0.39250493096646943,0.34911242603550297,0.2583826429980276,-0.0005607648960629158,-0.0005606076968138751,0.02786080083753606,-0.0005014872407407957,-0.00028725265173387525,66.58
2026-08-26,1531,CME,bull_put,282.5,280.0,2.5,2026-08-28,2,280.92,1.25,1.2607,0.50428,0.9915126517014358,0.2904,0.41222879684418146,0.40433925049309666,0.1834319526627219,0.00013556804617348168,0.00013557723593637938,0.0780563955437168,9.921764809618892e-05,2.0825703974699848e-05,285.8
2026-08-26,1531,COST,bull_put,962.5,960.0,2.5,2026-08-28,2,959.24,1.475,1.3778,0.5511199999999999,1.0705472492379156,0.2055,0.4556213017751479,0.5069033530571992,0.03747534516765286,0.0011624272032656029,0.0011631030836289913,0.21246490137934793,0.000497197424213963,7.097120592609757e-06,945.47
2026-08-26,1531,CRM,bull_put,207.5,205.0,2.5,2026-08-28,2,204.965,1.425,1.3482,0.53928,1.056964842011571,1.1924,0.3530571992110454,0.4832347140039448,0.16370808678500987,-0.0007480803865958429,-0.0007478006442244167,0.23637693756018185,-0.0002905072909160793,-2.5704729843869264e-06,256.0
2026-08-26,1531,CSCO,bull_put,113.0,112.0,1.0,2026-08-28,2,112.84,0.455,0.4442,0.4442,1.0243133723547952,0.3318,0.4635108481262327,0.36489151873767256,0.17159763313609466,-0.00014995292304652687,-0.00014994168066895242,0.1009452907953381,-0.00010012959127561052,-1.3297279213240026e-05,109.93
2026-08-26,1531,DE,bull_put,637.5,635.0,2.5,2026-08-28,2,635.17,0.65,1.2831,0.5132399999999999,0.5065856129685917,0.3473,0.40433925049309666,0.5226824457593688,0.07297830374753451,-0.001012098605271369,-0.0010115866062236911,0.22103756917713135,-0.0004178510368384331,-5.0247395123687114e-06,630.33
2026-08-26,1531,DIS,bull_put,110.0,109.0,1.0,2026-08-28,2,109.61,0.425,0.4885,0.4885,0.8700102354145343,0.2452,0.40039447731755423,0.40828402366863903,0.1913214990138067,-0.00034065112583243386,-0.00034059311082546007,0.04483562815594344,-0.00028467438798342615,-0.00011612108300297608,108.1
2026-08-26,1531,EOG,bull_put,145.0,144.0,1.0,2026-08-28,2,144.89,0.3,0.457,0.457,0.6564551422319475,0.3414,0.4990138067061144,0.368836291913215,0.13214990138067062,0.0011384557335981857,0.001139104020318804,0.14129004222061436,0.0006473176397139422,3.836080641130105e-05,143.35
2026-08-26,1531,GE,bull_put,357.5,355.0,2.5,2026-08-28,2,355.115,1.575,1.3348,0.53392,1.1799520527419838,0.3528,0.39644970414201186,0.4832347140039448,0.1203155818540434,-0.0003409400737106761,-0.0003408819602482849,0.14791284431880747,-0.00018864838441622655,-9.792609769822628e-06,342.58
2026-08-26,1531,GILD,bull_put,149.0,148.0,1.0,2026-08-28,2,148.77,0.435,0.4654,0.4654,0.9346798452943704,0.3399,0.4556213017751479,0.4319526627218935,0.11242603550295859,-0.0004647769286873619,-0.0004646689366220036,0.14238518954879376,-0.0002629028124760439,-1.5242394214304664e-05,145.68
2026-08-26,1531,INTC,bull_put,88.0,87.0,1.0,2026-08-28,2,87.455,0.535,0.5334,0.5334,1.0029996250468691,0.7409,0.3806706114398422,0.5502958579881657,0.06903353057199212,-0.00120365692426809,-0.0012029328198259748,0.17624481753273713,-0.0005943917420653985,-1.750772565935863e-05,89.47
2026-08-26,1531,ISRG,bull_put,372.5,370.0,2.5,2026-08-28,2,370.33,1.6,1.3365,0.5346,1.1971567527123084,0.3836,0.35700197238658776,0.5266272189349113,0.11637080867850098,-0.0012153111117152952,-0.0012145729202405198,0.1627546263653572,-0.0006334171960560109,-2.44354941910549e-05,372.6
2026-08-26,1531,MCD,bull_put,267.5,265.0,2.5,2026-08-28,2,267.475,1.055,0.9723,0.38892000000000004,1.0850560526586444,0.2151,0.49506903353057197,0.2465483234714004,0.2583826429980276,0.0005059513427246535,0.0005060793576940892,0.059592196703122546,0.00039874603224445933,0.0001210835459220347,265.0
2026-08-26,1531,MMM,bull_put,180.0,177.5,2.5,2026-08-28,2,179.1,1.06,1.1086,0.44344,0.9561609236875338,0.2651,0.40828402366863903,0.34911242603550297,0.24260355029585798,-0.0005152483604747614,-0.0005151156428334636,0.012896836020037217,-0.000489215985729415,-0.00037798985633489065,174.34
2026-08-26,1531,MS,bull_put,215.0,212.5,2.5,2026-08-28,2,213.9,1.22,1.1979,0.47916,1.0184489523332498,0.3264,0.4161735700197239,0.3806706114398422,0.20315581854043394,-9.598073544359476e-05,-9.59761294401229e-05,0.051319549791903674,-7.816494783946523e-05,-2.8006323217549092e-05,214.77
2026-08-26,1531,MSFT,bull_put,497.5,495.0,2.5,2026-08-28,2,496.08,1.2,1.2554,0.50216,0.9558706388402102,0.2937,0.40828402366863903,0.47928994082840237,0.11242603550295859,-0.0007193872538469792,-0.0007191285568746153,0.1620504473119857,-0.0003760937141283199,-1.4714441195428526e-05,513.53
2026-08-26,1531,NEE,bull_put,84.0,83.0,1.0,2026-08-28,2,84.39,0.425,0.2403,0.2403,1.768622555139409,0.2171,0.6134122287968442,0.1834319526627219,0.20315581854043394,-0.0006020050888139495,-0.000601823920107103,0.16655917328180947,-0.00030911958789911156,-1.1051263355522048e-05,81.84
2026-08-26,1531,NOW,bull_put,127.0,126.0,1.0,2026-08-28,2,125.768,0.545,0.5576,0.5576,0.9774031563845051,0.7033,0.3806706114398422,0.534516765285996,0.08481262327416174,-0.0006040939113298397,-0.000603911483339381,0.22623876882219607,-0.00024431846559544337,-2.6477154787499787e-06,144.71
2026-08-26,1531,NVDA,bull_put,212.5,210.0,2.5,2026-08-28,2,210.73,1.35,1.3509,0.54036,0.999333777481679,0.9905,0.388560157790927,0.45956607495069035,0.15187376725838264,-7.746149101034612e-05,-7.74584909465359e-05,0.21276100639666806,-3.3072369206560586e-05,-4.6929582082978326e-07,217.55
2026-08-26,1531,ORCL,bull_put,150.0,149.0,1.0,2026-08-28,2,148.8771,0.49,0.5591,0.5591,0.8764085136827042,0.6557,0.3727810650887574,0.5779092702169625,0.04930966469428008,-0.0011107117768785783,-0.00111009516486682,0.23509257507095827,-0.0004334735262009879,-3.9352689317064165e-06,150.85
2026-08-26,1531,PEP,bull_put,143.0,142.0,1.0,2026-08-28,2,142.555,0.67,0.4945,0.4945,1.3549039433771488,0.2277,0.4161735700197239,0.4358974358974359,0.14792899408284024,-0.0003456219433896285,-0.00034556222300619055,0.07062841160718203,-0.00026051464439358037,-6.343976315514327e-05,141.07
2026-08-26,1531,PM,bull_put,195.0,192.5,2.5,2026-08-28,2,194.325,1.1,1.1269,0.45076,0.9761292040110037,0.3064,0.45956607495069035,0.3333333333333333,0.20710059171597633,0.0004932656708070051,0.0004933873463233152,0.035693589409601545,0.00042774199579305406,0.00020948421952391707,191.89
2026-08-26,1531,PYPL,bull_put,62.0,61.0,1.0,2026-08-28,2,61.945,0.42,0.4225,0.4225,0.9940828402366864,0.3901,0.4714003944773176,0.24260355029585798,0.2859960552268245,0.004017624542795813,0.004025706015428954,0.05356284489899843,0.0032493303321125644,0.0011131479867257038,53.66
2026-08-26,1531,RTX,bull_put,212.5,210.0,2.5,2026-08-28,2,212.3,1.125,0.942,0.37679999999999997,1.194267515923567,0.2623,0.4714003944773176,0.2781065088757396,0.2504930966469428,-0.000449146710947135,-0.00044904585966276667,0.04925404491073282,-0.00036874628765136224,-0.0001376931890125467,211.71
2026-08-26,1531,SCHW,bull_put,110.0,109.0,1.0,2026-08-28,2,109.915,0.435,0.4009,0.4009,1.0850586181092543,0.2615,0.5187376725838264,0.3057199211045365,0.1755424063116371,0.00014025648537423305,0.00014026632177488452,0.07126147855870801,0.00010547743034897477,2.5362391534005645e-05,110.16
2026-08-26,1531,SO,bull_put,90.0,89.0,1.0,2026-08-28,2,89.94,0.375,0.3755,0.3755,0.9986684420772304,0.2179,0.4911242603550296,0.2465483234714004,0.26232741617357,-5.719565283077415e-05,-5.719401719062045e-05,0.04625617345431521,-4.753301891166134e-05,-1.884600839886607e-05,88.25
2026-08-26,1531,TSLA,bull_put,347.5,345.0,2.5,2026-08-28,2,345.88,1.325,1.3188,0.52752,1.0047012435547467,0.4778,0.4477317554240631,0.47534516765285995,0.07692307692307693,0.00029201047684266485,0.0002920531160521822,0.17903407222466206,0.0001427078311103367,3.975370521117952e-06,348.75
2026-08-26,1531,UNH,bull_put,402.5,400.0,2.5,2026-08-28,2,401.7,1.105,1.2068,0.48272000000000004,0.9156446801458401,0.2952,0.4437869822485207,0.46745562130177515,0.08875739644970414,-0.0006055735797350749,-0.0006053902570618552,0.13083887867630684,-0.0003587112647288758,-2.6199497071460305e-05,392.95
2026-08-26,1531,UPS,bull_put,106.0,105.0,1.0,2026-08-28,2,105.845,0.42,0.4501,0.4501,0.9331259720062208,0.2757,0.46745562130177515,0.33727810650887574,0.1952662721893491,0.0005825284483457205,0.0005826981509928775,0.06473974257916004,0.0004497583014834332,0.00012321311262404608,105.33
2026-08-26,1531,USB,bull_put,63.0,62.0,1.0,2026-08-28,2,62.825,0.36,0.3987,0.3987,0.9029345372460497,0.2615,0.43984220907297833,0.21893491124260356,0.34122287968441817,0.0002730236568009928,0.00027306093115186947,0.02696528417654598,0.0002451410660413692,0.00014295474920790536,62.47
2026-08-26,1531,V,bull_put,385.0,382.5,2.5,2026-08-28,2,383.66,1.12,1.2119,0.48475999999999997,0.9241686607805926,0.2183,0.388560157790927,0.4358974358974359,0.1755424063116371,-0.0007941948712520005,-0.0007938795819778521,0.07772293441566647,-0.0005817495636428777,-0.0001229258543924545,381.6
2026-08-27,1531,ADP,bull_put,285.0,282.5,2.5,2026-08-28,1,284.41,1.35,1.1568,0.46272,1.1670124481327802,0.3557,0.4319526627218935,0.3175542406311637,0.2504930966469428,0.0010710057500378754,0.0010715794815010504,0.05799587275667539,0.0008497188235408199,0.0002663970976211851,287.48
2026-08-27,1531,AMGN,bull_put,440.0,437.5,2.5,2026-08-28,1,437.805,0.655,1.3515,0.5406,0.48464668886422496,0.3795,0.28994082840236685,0.5069033530571992,0.20315581854043394,-0.001702582228163046,-0.0017011336572615443,0.13508152344881796,-0.0009910094510943862,-6.649279541940794e-05,432.42
2026-08-27,1531,AVGO,bull_put,370.0,367.5,2.5,2026-08-28,1,369.1476,1.275,1.2284,0.49135999999999996,1.037935525887333,0.5707,0.4319526627218935,0.42011834319526625,0.14792899408284024,-9.470714603757036e-05,-9.470266145739092e-05,0.16350145149417983,-4.9241477054484354e-05,-1.871438278321181e-06,368.79
2026-08-27,1531,BA,bull_put,210.0,207.5,2.5,2026-08-28,1,209.675,0.945,0.9517,0.38068,0.9929599663759587,0.2867,0.43984220907297833,0.2702169625246548,0.28994082840236685,-0.0005795973650855918,-0.0005794294309791059,0.034485347337846806,-0.0005047698033035056,-0.0002532546599499191,209.82
2026-08-27,1531,COST,bull_put,937.5,935.0,2.5,2026-08-28,1,936.22,1.2,1.301,0.5204,0.9223674096848579,0.2128,0.4240631163708087,0.47534516765285995,0.10059171597633136,-0.0002007781582721111,-0.00020075800368657415,0.15302906574503394,-0.00010885143359614246,-5.1008267940729566e-06,945.47
2026-08-27,1531,CSCO,bull_put,112.0,111.0,1.0,2026-08-28,1,111.78,0.45,0.4457,0.4457,1.0096477451200359,0.3656,0.4714003944773176,0.34516765285996054,0.1834319526627219,0.00019356104579421225,0.00019357977994216569,0.0628822223504486,0.00015052976482208977,4.279907073400473e-05,109.93
2026-08-27,1531,DE,bull_put,622.5,620.0,2.5,2026-08-28,1,620.325,1.775,1.3815,0.5526,1.2848353239232717,0.4013,0.3727810650887574,0.5029585798816568,0.1242603550295858,-0.0004787512665297318,-0.00047863668342851273,0.19073290354833783,-0.00022318704924053707,-4.920214537522901e-06,630.33
2026-08-27,1531,FCX,bull_put,79.0,78.0,1.0,2026-08-28,1,78.51,0.54,0.5106,0.5106,1.0575793184488835,0.5518,0.4240631163708087,0.38461538461538464,0.1913214990138067,0.001980706054135646,0.0019826689481301507,0.06278290551476529,0.0015423577753735478,0.00043939968245052934,76.45
2026-08-27,1531,GE,bull_put,342.5,340.0,2.5,2026-08-28,1,341.86,1.165,1.1534,0.46136,1.0100572221258888,0.3528,0.4635108481262327,0.368836291913215,0.16765285996055226,0.00018332381294887748,0.00018334061778602084,0.08479337466182058,0.000130604310740642,2.3958058288795286e-05,342.58
2026-08-27,1531,GILD,bull_put,149.0,148.0,1.0,2026-08-28,1,148.47,0.775,0.5087,0.5087,1.5234912522115194,0.3841,0.368836291913215,0.4319526627218935,0.1992110453648915,-0.0005419142587260672,-0.0005417674497146807,0.10592157733973995,-0.0003546567926031524,-4.2636853872030356e-05,145.68
2026-08-27,1531,GM,bull_put,87.0,86.0,1.0,2026-08-28,1,86.4,0.545,0.5376,0.5376,1.0137648809523812,0.3349,0.28994082840236685,0.4240631163708087,0.2859960552268245,-0.0009104835858742841,-0.000910069221461085,0.017720646288006625,-0.0008477943367886716,-0.0005947999635146135,86.27
2026-08-27,1531,GS,bull_put,1042.5,1040.0,2.5,2026-08-28,1,1039.72,1.325,1.3324,0.53296,0.9944461122785949,0.3332,0.4556213017751479,0.48717948717948717,0.05719921104536489,0.0004978411651737416,0.0004979651086538528,0.2340927229316414,0.0001952262456079499,1.8081507922162944e-06,1033.99
2026-08-27,1531,HON,bull_put,220.0,217.5,2.5,2026-08-28,1,219.495,1.2,1.0819,0.43276000000000003,1.1091598114428318,0.349,0.40828402366863903,0.23865877712031558,0.3530571992110454,0.0009903919636795808,0.0009908825637492402,0.03177271253579783,0.0008726243578341732,0.00046222460163464,217.43
2026-08-27,1531,INTC,bull_put,92.0,91.0,1.0,2026-08-28,1,91.15,0.52,0.5506,0.5506,0.9444242644387941,0.6953,0.35700197238658776,0.5502958579881657,0.09270216962524655,-0.0011832865043755574,-0.00118258669695126,0.12862331900911705,-0.0007069543946021443,-5.397385583494033e-05,89.47
2026-08-27,1531,LOW,bull_put,207.5,205.0,2.5,2026-08-28,1,206.91,1.325,1.1046,0.44184,1.1995292413543364,0.3847,0.40828402366863903,0.2938856015779093,0.2978303747534517,-4.489336784824997e-05,-4.489236015614573e-05,0.03203174471531689,-3.949367960029604e-05,-2.081150075213586e-05,208.05
2026-08-27,1531,MO,bull_put,68.0,67.0,1.0,2026-08-28,1,67.755,0.37,0.4117,0.4117,0.8987126548457615,0.2969,0.39644970414201186,0.1873767258382643,0.4161735700197239,0.0009664304310756655,0.0009668975754402176,0.023347787278010568,0.0008806862391725457,0.0005521091019757993,68.65
2026-08-27,1531,MS,bull_put,215.0,212.5,2.5,2026-08-28,1,214.515,1.125,1.0394,0.41576,1.0823552049259186,0.3452,0.4437869822485207,0.26627218934911245,0.28994082840236685,6.000204833596628e-05,6.000384849480511e-05,0.030795824281908413,5.3049498125903433e-05,2.8654454728496692e-05,214.77
2026-08-27,1531,MSFT,bull_put,507.5,505.0,2.5,2026-08-28,1,505.48,1.305,1.3362,0.5344800000000001,0.976650202065559,0.2977,0.3727810650887574,0.4635108481262327,0.16370808678500987,-0.000402792070275197,-0.00040271096043975607,0.1183282002423991,-0.0002508628270332695,-2.353155482699492e-05,513.53
2026-08-27,1531,NEE,bull_put,83.0,82.0,1.0,2026-08-28,1,83.57,0.36,0.1649,0.1649,2.183141297756216,0.2461,0.747534516765286,0.07692307692307693,0.1755424063116371,-4.281070475994583e-06,-4.281061312227941e-06,0.3162990030250923,-1.2080469164756495e-06,-2.1614518644827683e-09,81.84
2026-08-27,1531,NVDA,bull_put,227.5,225.0,2.5,2026-08-28,1,227.24,1.06,1.0373,0.41492000000000007,1.0218837366239275,0.4562,0.47534516765285995,0.3254437869822485,0.1992110453648915,-0.00020161603491652405,-0.00020159571176958657,0.06990607990945796,-0.00015242001175325696,-3.7656980690273435e-05,217.55
2026-08-27,1531,PFE,bull_put,28.0,27.5,0.5,2026-08-28,1,27.925,0.155,0.16,0.32,0.96875,0.2533,0.40828402366863903,0.14792899408284024,0.4437869822485207,-0.000746193936350716,-0.0007459156028899461,0.1008847825306145,-0.0004982357361701897,-6.624617187736815e-05,27.96
2026-08-27,1531,SCHW,bull_put,108.0,107.0,1.0,2026-08-28,1,107.705,0.525,0.4399,0.4399,1.193453057513071,0.2798,0.46745562130177515,0.28994082840236685,0.24260355029585798,0.0022313819312310794,0.00223387331662539,0.02439080590746645,0.0020262236069888387,0.0012440319164377196,110.16
2026-08-27,1531,SO,bull_put,89.0,88.0,1.0,2026-08-28,1,88.86,0.35,0.3618,0.3618,0.9673852957435046,0.2319,0.4358974358974359,0.16765285996055226,0.39644970414201186,-8.024192077888325e-05,-8.023870148210488e-05,0.040357014322520035,-6.827733749936081e-05,-3.046070879387585e-05,88.25
2026-08-27,1531,TJX,bull_put,135.0,134.0,1.0,2026-08-28,1,134.685,0.3,0.4559,0.4559,0.6580390436499232,0.253,0.40433925049309666,0.30177514792899407,0.2938856015779093,0.00014799307767147333,0.0001480040291872431,0.03644732927555716,0.0001279257708576854,6.171355476409233e-05,135.12
2026-08-27,1531,TSLA,bull_put,355.0,352.5,2.5,2026-08-28,1,354.715,1.095,1.1533,0.46132,0.9494494060521981,0.435,0.4990138067061144,0.42011834319526625,0.08086785009861933,-2.5110891722139768e-05,-2.511057644638548e-05,0.12219803581303723,-1.5401994076115966e-05,-1.3371443665161932e-06,348.75
2026-08-27,1531,TXN,bull_put,265.0,262.5,2.5,2026-08-28,1,264.23,0.98,1.1987,0.47948,0.8175523483774088,0.45,0.38461538461538464,0.41222879684418146,0.20315581854043394,-0.0006964534968542922,-0.0006962110294099766,0.07989118321802557,-0.000505773067092126,-0.00010233629709297105,258.64
2026-08-27,1531,UNH,bull_put,395.0,392.5,2.5,2026-08-28,1,394.0,1.115,1.2058,0.48231999999999997,0.9246972964007298,0.2915,0.4358974358974359,0.45956607495069035,0.10453648915187377,-0.000612067931271853,-0.0006118806559060053,0.07039033612084733,-0.000461727971930762,-0.00011297529764532536,392.95
2026-08-27,1531,V,bull_put,380.0,377.5,2.5,2026-08-28,1,379.655,1.055,1.0183,0.40732,1.0360404595895119,0.2161,0.45956607495069035,0.30177514792899407,0.23865877712031558,-0.00025886546497651047,-0.00025883196220299887,0.04578447644285233,-0.00021551729268165615,-8.625876051395727e-05,381.6
2026-08-31,1531,AAPL,bull_put,317.5,315.0,2.5,2026-09-04,4,315.89,1.24,1.2901,0.51604,0.9611658011006898,0.2483,0.4319526627218935,0.47534516765285995,0.09270216962524655,-0.00019590840206679117,-0.00019588921326885167,0.12106189736157791,-0.0001206992206968141,-1.0719491548289792e-05,319.97
2026-08-31,1531,ABT,bull_put,111.0,110.0,1.0,2026-09-04,4,110.32499999999999,0.525,0.5234,0.5234,1.0030569354222394,0.2639,0.39644970414201186,0.45956607495069035,0.14398422090729784,-0.00028873336635624244,-0.0002886916868893863,0.11152700548733252,-0.00018479576999817825,-1.9860069529220834e-05,108.33
2026-08-31,1531,ACN,bull_put,192.5,190.0,2.5,2026-09-04,4,191.225,1.275,1.2648,0.5059199999999999,1.0080645161290323,0.4282,0.4240631163708087,0.42011834319526625,0.15581854043392504,0.0001151002804500095,0.00011510690474136887,0.12757538024963888,6.910034904027167e-05,5.38734226477966e-06,186.72
2026-08-31,1531,ADP,bull_put,287.5,285.0,2.5,2026-09-04,4,286.465,1.375,1.2666,0.50664,1.085583451760619,0.2833,0.41222879684418146,0.4556213017751479,0.13214990138067062,-0.0003674859176267878,-0.0003674184029474059,0.1250129617857032,-0.00022283897246670774,-1.828699549142142e-05,277.62
2026-08-31,1531,AMGN,bull_put,432.5,430.0,2.5,2026-09-04,4,430.055,1.425,1.3476,0.53904,1.0574354407836155,0.3581,0.4358974358974359,0.5187376725838264,0.045364891518737675,-0.0001457392001027345,-0.00014572858066141947,0.2201137103635218,-6.0418238032095055e-05,-7.40090210794474e-07,437.23
2026-08-31,1531,AMZN,bull_put,260.0,257.5,2.5,2026-09-04,4,258.9339,1.19,1.2218,0.48872,0.9739728269765918,0.2958,0.4280078895463511,0.4437869822485207,0.1282051282051282,-0.00041670374485417404,-0.00041661693590699933,0.11727355769378844,-0.00026062248689739367,-2.4968169559821752e-05,258.51
2026-08-31,1531,AXP,bull_put,332.5,330.0,2.5,2026-09-04,4,331.12,1.315,1.2566,0.50264,1.04647461403788,0.2447,0.4477317554240631,0.4358974358974359,0.11637080867850098,0.00015405308815259755,0.00015406495493897054,0.12665023832158462,9.28303232445572e-05,7.372586386889218e-06,326.16
2026-08-31,1531,BLK,bull_put,1160.0,1157.5,2.5,2026-09-04,4,1154.415,1.9,1.3714,0.5485599999999999,1.3854455301152107,0.2572,0.4832347140039448,0.47928994082840237,0.03747534516765286,0.004953363416266739,0.004965651601738452,0.2945152813776829,0.0015288004409858289,4.228862540002733e-06,1122.29
2026-08-31,1531,CME,bull_put,287.5,285.0,2.5,2026-09-04,4,286.655,1.1,1.1703,0.46812,0.9399299324959414,0.2766,0.4714003944773176,0.40433925049309666,0.1242603550295858,-7.493617029332052e-06,-7.493588952245389e-06,0.12470245072966257,-4.550504225895515e-06,-3.7575762083468736e-07,281.29
2026-08-31,1531,COST,bull_put,945.0,942.5,2.5,2026-09-04,4,942.31947,1.375,1.3435,0.5374,1.0234462225530332,0.2117,0.4477317554240631,0.5029585798816568,0.04930966469428008,0.0001333486201720059,0.00013335751149456954,0.24914997137009764,4.9226578582659863e-05,3.373731353238608e-07,915.74
2026-08-31,1531,CRM,bull_put,262.5,260.0,2.5,2026-09-04,4,260.105,1.4,1.3705,0.5482,1.021524990879241,0.4302,0.4280078895463511,0.48717948717948717,0.08481262327416174,0.00046458104378116656,0.0004646889782684571,0.17952357296041743,0.00022661986857521024,6.251382046912686e-06,259.23
2026-08-31,1531,CSCO,bull_put,111.0,110.0,1.0,2026-09-04,4,110.77,0.465,0.4668,0.4668,0.9961439588688946,0.294,0.45956607495069035,0.4319526627218935,0.10848126232741617,-0.0004029884366018406,-0.00040290724766822716,0.12779476699014325,-0.00024165892056226168,-1.875821843700827e-05,109.2
2026-08-31,1531,DE,bull_put,655.0,652.5,2.5,2026-09-04,4,651.115,1.4,1.3832,0.55328,1.0121457489878543,0.3302,0.4240631163708087,0.5384615384615384,0.03747534516765286,-0.00019179266182939303,-0.00019177427079264397,0.2621746314315506,-6.719645422989991e-05,-3.549167063878456e-07,693.53
2026-08-31,1531,DHR,bull_put,215.0,212.5,2.5,2026-09-04,4,214.532,1.375,1.1547,0.46188,1.190785485407465,0.3324,0.4319526627218935,0.4437869822485207,0.1242603550295858,-0.0008565424805672545,-0.0008561757527701941,0.10884327573485997,-0.0005539655888251379,-6.28177110050597e-05,207.66
2026-08-31,1531,DIS,bull_put,108.0,107.0,1.0,2026-09-04,4,107.81,0.47,0.4555,0.4555,1.031833150384193,0.2307,0.4477317554240631,0.40039447731755423,0.15187376725838264,-0.000418362302339111,-0.00041827480103395764,0.08874165886387497,-0.00029329296787139475,-4.971659707509524e-05,105.31
2026-08-31,1531,EOG,bull_put,145.0,144.0,1.0,2026-09-04,4,144.09,0.575,0.5356,0.5356,1.073562359970127,0.3468,0.43984220907297833,0.49506903353057197,0.0650887573964497,6.907245164964899e-05,6.907483720630658e-05,0.19319048580081277,3.189434019949977e-05,6.693948757792948e-07,145.19
2026-08-31,1531,F,bull_put,14.0,13.5,0.5,2026-09-04,4,13.974,0.16,0.151,0.302,1.0596026490066226,0.3123,0.41222879684418146,0.1992110453648915,0.388560157790927,-0.0013262021762190381,-0.0013253231587407877,0.07215868746125675,-0.000993045865924187,-0.00023453459484625719,14.62
2026-08-31,1531,FCX,bull_put,76.0,75.0,1.0,2026-09-04,4,75.29,0.525,0.5408,0.5408,0.9707840236686391,0.4987,0.45956607495069035,0.4437869822485207,0.09664694280078895,0.004445831708297807,0.004455729080001136,0.1503408506544066,0.0024420242334243793,0.00012075522527923974,72.73
2026-08-31,1531,GE,bull_put,337.5,335.0,2.5,2026-09-04,4,336.285,1.175,1.2305,0.49219999999999997,0.954896383583909,0.3225,0.46745562130177515,0.43984220907297833,0.09270216962524655,7.956975851359724e-05,7.957292427085427e-05,0.16988780337234366,4.03310915567629e-05,1.3490040867668347e-06,337.12
2026-08-31,1531,GILD,bull_put,147.0,146.0,1.0,2026-09-04,4,146.27,0.43,0.5194,0.5194,0.8278783211397767,0.2886,0.40433925049309666,0.514792899408284,0.08086785009861933,-0.00082746047349998,-0.0008271182224885987,0.16727261789580716,-0.000423628616387167,-1.493048071176688e-05,151.0
2026-08-31,1531,GS,bull_put,1025.0,1022.5,2.5,2026-09-04,4,1026.855,1.05,1.1479,0.45915999999999996,0.9147138252461017,0.2921,0.514792899408284,0.4437869822485207,0.04142011834319527,-0.00013947856932870588,-0.00013946884264526282,0.28924258260337377,-4.385421755857037e-05,-1.3479761731308614e-07,1038.61
2026-08-31,1531,HD,bull_put,327.5,325.0,2.5,2026-09-04,4,327.77,1.325,1.0847,0.43388,1.2215359085461417,0.2577,0.48717948717948717,0.43984220907297833,0.07297830374753451,-0.0007862900987909336,-0.0007859810537361733,0.14202958851776237,-0.00044532944468975665,-2.6003276857246938e-05,321.05
2026-08-31,1531,INTC,bull_put,90.0,89.0,1.0,2026-09-04,4,89.465,0.525,0.5241,0.5241,1.0017172295363481,0.5867,0.38461538461538464,0.5226824457593688,0.09270216962524655,-0.0010405886188774279,-0.0010400473942875355,0.19571231375386522,-0.00047540748883829266,-9.487034077591845e-06,95.8
2026-08-31,1531,ISRG,bull_put,377.5,375.0,2.5,2026-09-04,4,375.57,1.35,1.2822,0.51288,1.0528778661675247,0.3494,0.39644970414201186,0.5266272189349113,0.07692307692307693,-0.0011404532670636252,-0.0011398031973846035,0.19823155752201904,-0.0005157822408357142,-9.786985687896124e-06,366.7
2026-08-31,1531,JNJ,bull_put,267.5,265.0,2.5,2026-09-04,4,265.975,1.285,1.2824,0.51296,1.0020274485339986,0.2385,0.38461538461538464,0.46745562130177515,0.14792899408284024,-0.0006684254885834457,-0.0006682021420327811,0.08967957162340845,-0.00046678671911630173,-7.765539430279453e-05,275.23
2026-08-31,1531,JPM,bull_put,357.5,355.0,2.5,2026-09-04,4,355.55,1.3,1.3286,0.53144,0.9784735812133073,0.206,0.4280078895463511,0.48717948717948717,0.08481262327416174,-6.918204351269528e-05,-6.917965049035857e-05,0.11511813590621478,-4.3651349914943835e-05,-4.366105795756794e-06,358.64
2026-08-31,1531,KO,bull_put,89.0,88.0,1.0,2026-09-04,4,88.73,0.425,0.4474,0.4474,0.9499329459097005,0.1921,0.39644970414201186,0.34911242603550297,0.25443786982248523,-0.0005541618475720629,-0.000554008328254918,0.03750303859519,-0.00047683359148266837,-0.00022522655197752088,88.07
2026-08-31,1531,MA,bull_put,590.0,587.5,2.5,2026-09-04,4,589.07,1.2,1.2084,0.48335999999999996,0.9930486593843099,0.218,0.47534516765285995,0.4714003944773176,0.05325443786982249,-0.0003283100793527961,-0.0003282561914961235,0.193462858284157,-0.00015140266481500076,-3.160359466406733e-06,579.21
2026-08-31,1531,MCD,bull_put,265.0,262.5,2.5,2026-09-04,4,265.6735,1.27,0.9482,0.37928,1.3393798776629402,0.2063,0.5463510848126233,0.28205128205128205,0.17159763313609466,0.0003413322123026769,0.00034139047277070844,0.10966928757074146,0.0002201589429238701,2.4556191005998778e-05,255.69
2026-08-31,1531,MMM,bull_put,172.5,170.0,2.5,2026-09-04,4,172.08,1.0,1.0367,0.41468,0.9645992090286486,0.2466,0.4358974358974359,0.3609467455621302,0.20315581854043394,-0.0008466828325376118,-0.0008463244977672257,0.04477187976371333,-0.0007075549781345998,-0.0002889858540049817,168.56
2026-08-31,1531,MRK,bull_put,149.0,148.0,1.0,2026-09-04,4,148.185,0.525,0.523,0.523,1.0038240917782026,0.3004,0.3727810650887574,0.5818540433925049,0.045364891518737675,-0.0017827674316774605,-0.0017811792457486098,0.17689087359545919,-0.0008778427059272393,-2.552478536631541e-05,150.33
2026-08-31,1531,MS,bull_put,215.0,212.5,2.5,2026-09-04,4,213.54,1.205,1.2716,0.50864,0.9476250393205411,0.2906,0.40828402366863903,0.4635108481262327,0.1282051282051282,-0.00045374085521854204,-0.0004536379304043159,0.08466440736755931,-0.0003233197398576208,-5.9462959715789086e-05,217.72
2026-08-31,1531,MSFT,bull_put,512.5,510.0,2.5,2026-09-04,4,509.7551,1.325,1.35,0.54,0.9814814814814814,0.2576,0.39250493096646943,0.514792899408284,0.09270216962524655,-0.0005930101422855563,-0.0005928343465223529,0.2017706755280414,-0.0002644976349495932,-4.675886634084251e-06,499.7
2026-08-31,1531,NOW,bull_put,150.0,149.0,1.0,2026-09-04,4,148.67,0.55,0.5426,0.5426,1.013638039071139,0.5939,0.40039447731755423,0.5384615384615384,0.0611439842209073,-0.0006899105061187192,-0.0006896725725862307,0.26385991801693653,-0.00024003320799442915,-1.2257818926228097e-06,141.26
2026-08-31,1531,NVDA,bull_put,220.0,217.5,2.5,2026-09-04,4,219.71,1.1,1.1174,0.44695999999999997,0.9844281367460177,0.3435,0.4635108481262327,0.43984220907297833,0.09664694280078895,-0.0007823166927707903,-0.0007820107628501161,0.11938253951861333,-0.0004850918942215608,-4.455335925556207e-05,230.36
2026-08-31,1531,ORCL,bull_put,152.5,150.0,2.5,2026-09-04,4,150.15,1.45,1.4423,0.57692,1.0053386951397074,0.5669,0.39250493096646943,0.5187376725838264,0.08875739644970414,0.00010924003012442642,0.00010924599703376892,0.14320447787974877,6.160754096822225e-05,3.5137882316656395e-06,158.78
2026-08-31,1531,PG,bull_put,146.0,145.0,1.0,2026-09-04,4,145.355,0.53,0.5258,0.5258,1.00798782807151,0.2079,0.4280078895463511,0.4990138067061144,0.07297830374753451,-0.0002955595907026881,-0.00029551591726961757,0.11526273108317941,-0.0001863584140203013,-1.858615883315211e-05,146.44
2026-08-31,1531,REGN,bull_put,802.5,800.0,2.5,2026-09-04,4,798.82,0.1,1.3535,0.5414,0.07388252678241597,0.292,0.4437869822485207,0.5266272189349113,0.029585798816568046,-8.433940166666012e-05,-8.433584519929038e-05,0.26837616991450264,-2.8826707608253826e-05,-1.3449596325556836e-07,827.72
2026-08-31,1531,RTX,bull_put,210.0,207.5,2.5,2026-09-04,4,208.895,1.21,1.2029,0.48116000000000003,1.0059024025272258,0.2452,0.42011834319526625,0.4240631163708087,0.15581854043392504,-0.00044044363074964305,-0.00044034664969250237,0.05632071688400275,-0.00035152449272393856,-0.00011396199911451789,200.79
2026-08-31,1531,SBUX,bull_put,107.0,106.0,1.0,2026-09-04,4,106.25,0.545,0.5377,0.5377,1.0135763436860705,0.2802,0.40828402366863903,0.46745562130177515,0.1242603550295858,2.3251545953283624e-05,2.3251816272606973e-05,0.11665850680263512,1.4581436119703788e-05,1.4142213330608535e-06,104.47
2026-08-31,1531,SCHW,bull_put,110.0,109.0,1.0,2026-09-04,4,109.89,0.435,0.4283,0.4283,1.015643240719122,0.2486,0.5029585798816568,0.3214990138067061,0.1755424063116371,0.0009062947514633206,0.0009067055606468699,0.1068713616694068,0.0005913052140884852,6.974913975811074e-05,109.29
2026-08-31,1531,TJX,bull_put,134.0,133.0,1.0,2026-09-04,4,133.495,0.475,0.4971,0.4971,0.9555421444377389,0.2251,0.40828402366863903,0.4832347140039448,0.10848126232741617,-0.0008469901483002034,-0.0008466315533938173,0.11418361814810096,-0.0005362128151833785,-5.464505701836609e-05,132.08
2026-08-31,1531,TMO,bull_put,622.5,620.0,2.5,2026-09-04,4,619.51,0.3,1.341,0.5364,0.22371364653243847,0.2979,0.4280078895463511,0.5226824457593688,0.04930966469428008,-0.00032937631577378487,-0.00032932207735014707,0.2427865400181961,-0.00012469740846792168,-9.706001086910851e-07,613.78
2026-08-31,1531,TSLA,bull_put,370.0,367.5,2.5,2026-09-04,4,366.76,1.375,1.4067,0.5626800000000001,0.9774649889813037,0.4928,0.42011834319526625,0.5226824457593688,0.05719921104536489,0.000131371642341711,0.0001313802719737911,0.24305305870330063,4.9693976212039286e-05,3.847438652012982e-07,354.08
2026-08-31,1531,TXN,bull_put,262.5,260.0,2.5,2026-09-04,4,260.96,1.3,1.2971,0.51884,1.0022357566879965,0.3867,0.3727810650887574,0.514792899408284,0.11242603550295859,-0.0011756213242578887,-0.001174930552230835,0.15988569077803028,-0.0006198153166133148,-2.532286497824313e-05,258.44
2026-08-31,1531,UNH,bull_put,392.5,390.0,2.5,2026-09-04,4,389.67,1.225,1.397,0.5588,0.8768790264853258,0.2836,0.42011834319526625,0.5266272189349113,0.05325443786982249,-5.2038054407579915e-06,-5.203791900942889e-06,0.18141846454075217,-2.5186265003672264e-06,-6.689335946305353e-08,397.14
2026-08-31,1531,USB,bull_put,62.0,61.0,1.0,2026-09-04,4,61.645,0.43,0.4492,0.4492,0.9572573463935886,0.2434,0.4161735700197239,0.3333333333333333,0.2504930966469428,-0.000200946033095012,-0.0002009258447931428,0.02188807956351524,-0.00018408241967913218,-0.00011882145628559306,63.37
2026-08-31,1531,VRTX,bull_put,547.5,545.0,2.5,2026-09-04,4,543.9,1.65,1.36,0.544,1.213235294117647,0.2891,0.3806706114398422,0.5581854043392505,0.0611439842209073,-0.0010954922960694823,-0.0010948924634414103,0.22946174206887748,-0.00043727595083651254,-4.4429990977082534e-06,546.12
2026-09-01,1531,AAPL,bull_put,327.5,325.0,2.5,2026-09-04,3,325.51,1.3,1.3433,0.53732,0.9677659495272837,0.2652,0.4280078895463511,0.46745562130177515,0.10453648915187377,0.00042065492219115624,0.00042074340988018655,0.11925121666917882,0.00026112998325328286,2.4046608552880752e-05,319.97
2026-09-01,1531,ADP,bull_put,285.0,282.5,2.5,2026-09-04,3,284.1,1.225,1.2287,0.49148,0.9969886872304062,0.324,0.4240631163708087,0.4358974358974359,0.14003944773175542,-0.00032552795485044344,-0.00032547497637458456,0.12289557195334222,-0.0001990793110633991,-1.704389123709627e-05,277.62
2026-09-01,1531,AMGN,bull_put,437.5,435.0,2.5,2026-09-04,3,436.55,1.4,1.2338,0.49352,1.1347057869995136,0.3658,0.4477317554240631,0.47534516765285995,0.07692307692307693,-0.0004455891146432113,-0.0004454898545572794,0.20296908268593783,-0.00019780825309220686,-3.4141087876719845e-06,437.23
2026-09-01,1531,AMZN,bull_put,255.0,252.5,2.5,2026-09-04,3,254.065,1.17,1.2122,0.48488,0.9651872628279162,0.3078,0.4161735700197239,0.4319526627218935,0.15187376725838264,-0.0004867548404294741,-0.0004866363945109642,0.09700785018302427,-0.000330129770238549,-4.743350410405899e-05,258.51
2026-09-01,1531,AXP,bull_put,325.0,322.5,2.5,2026-09-04,3,324.9,1.125,1.1004,0.44016,1.0223555070883314,0.2586,0.5108481262327417,0.388560157790927,0.10059171597633136,-1.2030667969668406e-05,-1.2030595601508765e-05,0.116966409032349,-7.535215279818766e-06,-7.26337295038604e-07,326.16
2026-09-01,1531,BA,bull_put,207.5,205.0,2.5,2026-09-04,3,206.14,1.26,1.2747,0.50988,0.9884678747940693,0.2978,0.38461538461538464,0.4516765285996055,0.16370808678500987,-0.0005589523375261205,-0.0005587961527696583,0.06201804521073018,-0.0004360306598828414,-0.00012613486068917515,212.25
2026-09-01,1531,BMY,bull_put,67.0,66.0,1.0,2026-09-04,3,66.76,0.455,0.4487,0.4487,1.014040561622465,0.2942,0.42011834319526625,0.3806706114398422,0.1992110453648915,-0.0006058452020685197,-0.0006056617149209353,0.03789960612949472,-0.0005204652793458385,-0.00024389335422291371,66.82
2026-09-01,1531,CL,bull_put,90.0,89.0,1.0,2026-09-04,3,89.775,0.425,0.4399,0.4399,0.9661286656058194,0.2525,0.4714003944773176,0.3214990138067061,0.20710059171597633,0.0005689642917042544,0.0005691261825888638,0.05710314751628154,0.00045290825686462475,0.00014455016806935841,88.77
2026-09-01,1531,CME,bull_put,287.5,285.0,2.5,2026-09-04,3,286.845,0.65,1.142,0.4568,0.5691768826619966,0.2921,0.47534516765285995,0.3806706114398422,0.14398422090729784,4.037141184390965e-05,4.037222678032748e-05,0.11218376356074455,2.577505176868669e-05,2.7339071245048712e-06,281.29
2026-09-01,1531,COST,bull_put,940.0,937.5,2.5,2026-09-04,3,936.735,1.175,1.3634,0.54536,0.8618160481150067,0.2453,0.4437869822485207,0.5187376725838264,0.03747534516765286,8.00804888707353e-05,8.008369539869165e-05,0.25045892332583986,2.940711309170679e-05,1.9633323604195804e-07,915.74
2026-09-01,1531,CRM,bull_put,260.0,257.5,2.5,2026-09-04,3,258.77,1.275,1.2649,0.50596,1.0079848209344613,0.451,0.40828402366863903,0.45956607495069035,0.13214990138067062,-0.00045871012832267646,-0.00045860493691651794,0.15922971087291948,-0.00024256513980650216,-1.0040993611007417e-05,259.23
2026-09-01,1531,CSCO,bull_put,110.0,109.0,1.0,2026-09-04,3,109.705,0.48,0.4669,0.4669,1.0280573998714928,0.3289,0.45956607495069035,0.4437869822485207,0.09664694280078895,-0.0005127834724541827,-0.0005126520214789876,0.1214895706207364,-0.00031533608665840863,-2.776698151193896e-05,109.2
2026-09-01,1531,CSX,bull_put,48.5,48.0,0.5,2026-09-04,3,48.405,0.175,0.2207,0.4414,0.7929315813321249,0.3132,0.47928994082840237,0.32938856015779094,0.1913214990138067,0.0006755039826712751,0.0006757321868680055,0.09849394413846047,0.00045569377948670344,6.355731930432643e-05,49.41
2026-09-01,1531,DE,bull_put,677.5,675.0,2.5,2026-09-04,3,673.52,1.65,1.3809,0.55236,1.1948729089724093,0.3696,0.3806706114398422,0.5857988165680473,0.03353057199211045,-0.001218979867023508,-0.001218237212856188,0.2627176913455549,-0.0004259361361817591,-2.2253975928131153e-06,693.53
2026-09-01,1531,DHR,bull_put,207.5,205.0,2.5,2026-09-04,3,206.76,1.1,1.2165,0.4866,0.9042334566378958,0.3572,0.40039447731755423,0.40433925049309666,0.1952662721893491,-0.0003376539464241728,-0.00033759694774582183,0.0889879054735061,-0.00023648885917729106,-3.989069107479485e-05,207.66
2026-09-01,1531,EMR,bull_put,148.0,147.0,1.0,2026-09-04,3,147.705,0.4,0.4708,0.4708,0.8496176720475787,0.3297,0.4556213017751479,0.43984220907297833,0.10453648915187377,-0.0004427718694408767,-0.00044267386044238854,0.16653996916556513,-0.00022739154866706983,-8.132545972312046e-06,152.82
2026-09-01,1531,EOG,bull_put,149.0,148.0,1.0,2026-09-04,3,148.495,0.5,0.5136,0.5136,0.9735202492211839,0.377,0.45956607495069035,0.4477317554240631,0.09270216962524655,0.0007349072730243461,0.0007351773835388986,0.18457674097552723,0.0003513577180859803,8.760649314235511e-06,145.19
2026-09-01,1531,FCX,bull_put,73.0,72.0,1.0,2026-09-04,3,72.83,0.455,0.4896,0.4896,0.9293300653594772,0.532,0.4635108481262327,0.41222879684418146,0.1242603550295858,0.000531160184926301,0.0005313012754768476,0.13037799585124965,0.0003153922968249422,2.3248888715207676e-05,72.73
2026-09-01,1531,GE,bull_put,332.5,330.0,2.5,2026-09-04,3,330.735,1.325,1.3216,0.52864,1.0025726392251815,0.3296,0.4319526627218935,0.48717948717948717,0.08086785009861933,-7.8843185805446e-05,-7.884007776315372e-05,0.15088479937437804,-4.311548749214417e-05,-2.1089417547453584e-06,337.12
2026-09-01,1531,GILD,bull_put,150.0,149.0,1.0,2026-09-04,3,149.32,0.52,0.5162,0.5162,1.0073614877954282,0.3039,0.4358974358974359,0.47928994082840237,0.08481262327416174,-0.00019076750845173785,-0.0001907493134876148,0.15667399058238785,-0.0001019277377531521,-4.440576885471619e-06,151.0
2026-09-01,1531,HD,bull_put,317.5,315.0,2.5,2026-09-04,3,319.245,1.1,0.8915,0.3566,1.233875490745934,0.2872,0.5581854043392505,0.3214990138067061,0.1203155818540434,-0.00041446763253383083,-0.0004143817526898186,0.17240982165006657,-0.0002079189562354608,-6.612434801768107e-06,321.05
2026-09-01,1531,HON,bull_put,210.0,207.5,2.5,2026-09-04,3,209.54,1.025,1.1077,0.44308,0.9253407962444705,0.3357,0.48717948717948717,0.33727810650887574,0.1755424063116371,0.0008048211375157877,0.0008051450929504878,0.08761654786619144,0.0005671117132213598,9.831979223246171e-05,209.61
2026-09-01,1531,IBM,bull_put,232.5,230.0,2.5,2026-09-04,3,230.57,1.285,1.3711,0.54844,0.9372037050543359,0.3606,0.41222879684418146,0.4240631163708087,0.16370808678500987,0.0028767606409112745,0.0028809024875520173,0.11281056491004515,0.001834663982899737,0.0001921747914323727,234.89
2026-09-01,1531,INTC,bull_put,89.0,88.0,1.0,2026-09-04,3,88.575,0.505,0.5069,0.5069,0.9962517261787335,0.6204,0.388560157790927,0.5542406311637081,0.05719921104536489,-0.0015963506798503191,-0.0015950771898394223,0.18203542602758682,-0.0007701118043958556,-2.0202920724353504e-05,95.8
2026-09-01,1531,ISRG,bull_put,370.0,367.5,2.5,2026-09-04,3,368.03,0.55,1.3172,0.52688,0.41755238384451876,0.3573,0.38461538461538464,0.5502958579881657,0.0650887573964497,-0.0012711447735075827,-0.0012703372112023992,0.17900248826403586,-0.0006208116357106321,-1.7304696635901487e-05,366.7
2026-09-01,1531,JNJ,bull_put,272.5,270.0,2.5,2026-09-04,3,271.11,1.26,1.2666,0.50664,0.9947891994315491,0.2543,0.3806706114398422,0.4556213017751479,0.16370808678500987,-0.0006899097405720879,-0.0006896718075676267,0.07951854541818015,-0.0005017699067655007,-0.00010228578949542021,275.23
2026-09-01,1531,JPM,bull_put,355.0,352.5,2.5,2026-09-04,3,354.75,0.975,1.092,0.4368,0.8928571428571428,0.23,0.5029585798816568,0.39250493096646943,0.10453648915187377,-0.0001764409771870699,-0.00017642541239326626,0.1118356157769066,-0.00011279316364863937,-1.2047334302295217e-05,358.64
2026-09-01,1531,KO,bull_put,88.0,87.0,1.0,2026-09-04,3,87.97,0.37,0.3778,0.3778,0.9793541556379036,0.1995,0.4714003944773176,0.27416173570019725,0.25443786982248523,-0.00040193519084089904,-0.00040185442571327723,0.05345612558598356,-0.0003244934644594387,-0.00011140173299507573,88.07
2026-09-01,1531,LOW,bull_put,200.0,197.5,2.5,2026-09-04,3,199.565,0.9,1.1114,0.44455999999999996,0.8097894547417672,0.2905,0.4358974358974359,0.39644970414201186,0.16765285996055226,-0.0006769510922716702,-0.0006767220125758477,0.061012563113322926,-0.0005301766853380965,-0.00015648482763905717,204.45
2026-09-01,1531,MA,bull_put,585.0,582.5,2.5,2026-09-04,3,582.66,1.55,1.318,0.5272,1.1760242792109257,0.2442,0.4161735700197239,0.4990138067061144,0.08481262327416174,-0.000400356464031801,-0.0004002763320768432,0.19119783128384082,-0.00018630103136782386,-4.069040360428151e-06,579.21
2026-09-01,1531,MCD,bull_put,262.5,260.0,2.5,2026-09-04,3,261.59,1.17,1.2148,0.48592,0.9631215014817253,0.2228,0.4280078895463511,0.3609467455621302,0.21104536489151873,0.0009615395322642439,0.0009620019596023877,0.0535859676153827,0.0007764037002659726,0.0002658555895424665,255.69
2026-09-01,1531,MO,bull_put,70.0,69.0,1.0,2026-09-04,3,69.78,0.42,0.4292,0.4292,0.9785647716682199,0.2561,0.4358974358974359,0.3175542406311637,0.2465483234714004,-0.00023215658594180665,-0.00023212963968688438,0.03592999649093098,-0.0002010545011672633,-9.800084406795553e-05,68.88
2026-09-01,1531,MS,bull_put,212.5,210.0,2.5,2026-09-04,3,211.46,1.155,1.214,0.4856,0.9514003294892917,0.3188,0.42011834319526625,0.40828402366863903,0.17159763313609466,-0.0002040681592109096,-0.00020404733872037006,0.07532782852250697,-0.0001509638954711163,-3.346446517943561e-05,217.72
2026-09-01,1531,MSFT,bull_put,502.5,500.0,2.5,2026-09-04,3,501.055,1.175,1.2509,0.5003599999999999,0.9393236869453995,0.2696,0.4280078895463511,0.4911242603550296,0.08086785009861933,-0.0006710370096644812,-0.0006708119146821012,0.1806526423721827,-0.00032566792336051047,-8.783064465904834e-06,499.7
2026-09-01,1531,NEE,bull_put,83.0,82.0,1.0,2026-09-04,3,82.6,0.415,0.4675,0.4675,0.8877005347593582,0.2245,0.4358974358974359,0.39644970414201186,0.16765285996055226,-0.0002766153975113429,-0.00027657714299966774,0.02652498001093373,-0.00024873544461008625,-0.00014633379217255646,83.43
2026-09-01,1531,NOW,bull_put,145.0,144.0,1.0,2026-09-04,3,143.975,0.525,0.5322,0.5322,0.9864712514092446,0.6315,0.3767258382642998,0.5384615384615384,0.08481262327416174,-0.001150034931610807,-0.0011493738948682442,0.2490570720729275,-0.00042442883421463224,-2.914222044559632e-06,141.26
2026-09-01,1531,ORCL,bull_put,142.0,141.0,1.0,2026-09-04,3,141.07,0.57,0.5418,0.5418,1.052048726467331,0.5721,0.40828402366863903,0.5266272189349113,0.0650887573964497,-0.0004933334291806635,-0.0004932117602530761,0.23410702455282406,-0.00019335164339239985,-1.790276409297866e-06,158.78
2026-09-01,1531,PG,bull_put,147.0,146.0,1.0,2026-09-04,3,146.4,0.46,0.5119,0.5119,0.8986130103535847,0.2219,0.41222879684418146,0.4437869822485207,0.14398422090729784,-0.00015942865231703338,-0.00015941594424484506,0.10451971094160561,-0.00010494516170147189,-1.2975250372342042e-05,146.44
2026-09-01,1531,PNC,bull_put,237.5,235.0,2.5,2026-09-04,3,237.19,0.925,1.0444,0.41776,0.8856759862121792,0.2533,0.4714003944773176,0.3136094674556213,0.21499013806706113,-8.551946414918615e-05,-8.551580746407605e-05,0.07100719133705646,-6.437159575607361e-05,-1.5557279270576774e-05,245.6
2026-09-01,1531,REGN,bull_put,827.5,825.0,2.5,2026-09-04,3,822.81,1.2,1.4062,0.56248,0.8533636751528944,0.3194,0.40828402366863903,0.5463510848126233,0.045364891518737675,-0.0002755264928200182,-0.00027548853888170743,0.2707869574023689,-9.326064401686063e-05,-4.1464151510401305e-07,827.72
2026-09-01,1531,RTX,bull_put,205.0,202.5,2.5,2026-09-04,3,204.355,1.03,1.1196,0.44783999999999996,0.9199714183637014,0.2703,0.4516765285996055,0.388560157790927,0.15976331360946747,-0.0004075195152965527,-0.0004074364904973482,0.05196157656709155,-0.0003309736492615004,-0.0001170741191678631,200.79
2026-09-01,1531,SBUX,bull_put,106.0,105.0,1.0,2026-09-04,3,105.685,0.535,0.4765,0.4765,1.1227701993704093,0.3035,0.45956607495069035,0.40039447731755423,0.14003944773175542,8.640581595386557e-05,8.640954904381992e-05,0.09951715370015057,5.8034030790066196e-05,7.9302653945243e-06,104.47
2026-09-01,1531,TJX,bull_put,134.0,133.0,1.0,2026-09-04,3,133.725,0.475,0.4723,0.4723,1.0057167054838025,0.2436,0.4240631163708087,0.41222879684418146,0.16370808678500987,-0.0004504449813245645,-0.0004503435462148708,0.10604732978575482,-0.00029465978168829315,-3.533502962937896e-05,132.08
2026-09-01,1531,TMO,bull_put,605.0,602.5,2.5,2026-09-04,3,600.975,1.25,1.4082,0.56328,0.8876580031245562,0.3484,0.3727810650887574,0.5542406311637081,0.07297830374753451,-0.0007929301394769975,-0.000792615853448364,0.24368486615213159,-0.00029904654129280086,-2.286224791968334e-06,613.78
2026-09-01,1531,TSLA,bull_put,357.5,355.0,2.5,2026-09-04,3,356.03,1.3,1.2937,0.51748,1.004869753420422,0.4685,0.4358974358974359,0.48717948717948717,0.07692307692307693,-0.00024641222650065905,-0.00024638186950143304,0.20811829899275114,-0.00010716925974585867,-1.6686976494483105e-06,354.08
2026-09-01,1531,TXN,bull_put,255.0,252.5,2.5,2026-09-04,3,253.34,1.2,1.2992,0.5196799999999999,0.9236453201970444,0.4181,0.3806706114398422,0.514792899408284,0.10453648915187377,-0.0010773148229977674,-0.001076734727717632,0.14638557315539225,-0.0005995300195509987,-3.2086474442850056e-05,258.44
2026-09-01,1531,UNH,bull_put,397.5,395.0,2.5,2026-09-04,3,395.61,1.325,1.3024,0.52096,1.0173525798525798,0.315,0.4319526627218935,0.514792899408284,0.05325443786982249,-0.0005016795363029583,-0.0005015537161657813,0.170481659992179,-0.00025360655567840945,-8.38253917565534e-06,397.14
2026-09-01,1531,UPS,bull_put,103.0,102.0,1.0,2026-09-04,3,102.51,0.485,0.5016,0.5016,0.9669059011164273,0.2616,0.4161735700197239,0.388560157790927,0.1952662721893491,0.0005663360157935372,0.0005664964143132778,0.0737532667818348,0.0004217689632976504,9.648546238536232e-05,102.29
2026-09-01,1531,V,bull_put,375.0,372.5,2.5,2026-09-04,3,373.645,1.15,1.2389,0.49555999999999994,0.9282427960287352,0.2075,0.36489151873767256,0.4714003944773176,0.16370808678500987,-0.001184954798914054,-0.0011842530171969345,0.09742684576157701,-0.0008020413029872765,-0.00011427675608601402,375.07
2026-09-01,1531,VRTX,bull_put,550.0,547.5,2.5,2026-09-04,3,547.85,0.75,1.3115,0.5246000000000001,0.571864277544796,0.3172,0.4240631163708087,0.5305719921104537,0.045364891518737675,-0.0006785555913948757,-0.00067832542461288,0.21592827177889062,-0.00028597776498151924,-3.8089312097133276e-06,546.12
2026-09-01,1531,XOM,bull_put,165.0,162.5,2.5,2026-09-04,3,164.56,1.07,1.0781,0.43124,0.9924867823021983,0.3163,0.4714003944773176,0.3096646942800789,0.21893491124260356,0.0003862152076964439,0.0003862897983921698,0.049615198358407,0.0003167545131423967,0.0001174277323116358,159.47
2026-09-02,1530,ABBV,bull_put,262.5,260.0,2.5,2026-09-04,2,261.125,1.3,1.2059,0.48236,1.0780330043950577,0.2851,0.388560157790927,0.4437869822485207,0.16765285996055226,-0.0009133396296287771,-0.0009129226619433162,0.062782512804614,-0.0007101818884691074,-0.00020232409898706926,256.46
2026-09-02,1530,ABT,bull_put,111.0,110.0,1.0,2026-09-04,2,110.92,0.425,0.4066,0.4066,1.045253320216429,0.2689,0.4556213017751479,0.34516765285996054,0.1992110453648915,-0.0006715643797223433,-0.0006713389308349305,0.0763197705241292,-0.0004947215308675501,-0.00010751169473504921,108.33
2026-09-02,1530,ADI,bull_put,355.0,352.5,2.5,2026-09-04,2,353.96,1.05,1.2435,0.4974,0.8443908323281062,0.3959,0.4240631163708087,0.4477317554240631,0.1282051282051282,-0.00033036079672097655,-0.00033030623360164046,0.15589696142727705,-0.00017705003195694725,-7.83415586106e-06,362.25
2026-09-02,1530,ADP,bull_put,282.5,280.0,2.5,2026-09-04,2,281.735,1.025,1.1744,0.46976000000000007,0.8727861035422342,0.3161,0.4358974358974359,0.36489151873767256,0.1992110453648915,6.954436579715943e-05,6.954678406256853e-05,0.08838333638383955,4.883593098223057e-05,8.33780176986025e-06,277.62
2026-09-02,1530,AMGN,bull_put,442.5,440.0,2.5,2026-09-04,2,441.435,1.45,1.2325,0.493,1.1764705882352942,0.3698,0.4161735700197239,0.4516765285996055,0.13214990138067062,-0.0005304803649752573,-0.0005303396851434883,0.1783180217401149,-0.0002598866643545891,-7.344011321017932e-06,437.23
2026-09-02,1530,BA,bull_put,210.0,207.5,2.5,2026-09-04,2,208.985,1.17,1.2156,0.48624,0.96248766041461,0.3056,0.40828402366863903,0.39644970414201186,0.1952662721893491,-0.0001907895628515087,-0.00019077136368028658,0.03677961088863069,-0.0001646722638053044,-7.891450102511962e-05,212.25
2026-09-02,1530,CME,bull_put,280.0,277.5,2.5,2026-09-04,2,278.83,1.175,1.1748,0.46992,1.0001702417432754,0.3265,0.4516765285996055,0.3727810650887574,0.1755424063116371,0.00021407309761880405,0.00021409601289956726,0.09200687375294425,0.00014817545491695552,2.352960940533656e-05,281.29
2026-09-02,1530,CRM,bull_put,260.0,257.5,2.5,2026-09-04,2,258.24,1.225,1.2934,0.51736,0.9471161280346374,0.4484,0.39644970414201186,0.46745562130177515,0.13609467455621302,-0.000471007806403613,-0.0004708968996400831,0.12980031630817246,-0.0002801815842330303,-2.0893363693646052e-05,259.23
2026-09-02,1530,CSCO,bull_put,110.0,109.0,1.0,2026-09-04,2,109.41,0.5,0.5056,0.5056,0.9889240506329113,0.3196,0.39644970414201186,0.4477317554240631,0.15581854043392504,-0.00046613736362260526,-0.0004660287384804507,0.0857648446861623,-0.00033069216384237836,-5.9494925923296995e-05,109.2
2026-09-02,1530,CVX,bull_put,212.5,210.0,2.5,2026-09-04,2,212.62,0.935,0.9317,0.37268,1.0035419126328218,0.2619,0.5266272189349113,0.2465483234714004,0.22682445759368836,0.00046062235746226546,0.0004607284602309303,0.06569647101880771,0.00035425711463288984,9.521081531956985e-05,208.6
2026-09-02,1530,DE,bull_put,697.5,695.0,2.5,2026-09-04,2,693.31,1.4,1.367,0.5468,1.024140453547915,0.3982,0.368836291913215,0.5739644970414202,0.05719921104536489,-0.0013450426113797397,-0.0013441384469918827,0.2542243441695754,-0.0004861956671858505,-3.0105544572473377e-06,693.53
2026-09-02,1530,DIS,bull_put,109.0,108.0,1.0,2026-09-04,2,108.465,0.515,0.5123,0.5123,1.0052703494046458,0.2379,0.38461538461538464,0.4280078895463511,0.1873767258382643,-0.00028253823322854036,-0.0002824983230607092,0.04193017903893992,-0.00023887774607128128,-0.00010327014456598973,105.31
2026-09-02,1530,EMR,bull_put,150.0,149.0,1.0,2026-09-04,2,149.26,0.525,0.5055,0.5055,1.0385756676557865,0.33,0.43984220907297833,0.48717948717948717,0.07297830374753451,-0.00042287981509036253,-0.00042279041402382145,0.14003117196771386,-0.00024147160614119273,-1.4674751821398906e-05,152.82
2026-09-02,1530,EOG,bull_put,150.0,149.0,1.0,2026-09-04,2,148.95,0.6,0.5623,0.5623,1.0670460608216255,0.3544,0.39644970414201186,0.48717948717948717,0.11637080867850098,0.0002152813941959271,0.00021530456889817806,0.15751894117254683,0.00011466076054839342,4.911596477294681e-06,145.19
2026-09-02,1530,FCX,bull_put,74.0,73.0,1.0,2026-09-04,2,73.76,0.44,0.4845,0.4845,0.9081527347781218,0.5185,0.4832347140039448,0.388560157790927,0.1282051282051282,0.002334048317954765,0.00233677432919821,0.09787109435807362,0.0015797823891190847,0.00022310008913515697,72.73
2026-09-02,1530,GE,bull_put,332.5,330.0,2.5,2026-09-04,2,330.39,1.305,1.3764,0.55056,0.9481255448997383,0.3295,0.42011834319526625,0.48717948717948717,0.09270216962524655,0.0003386834946693326,0.00033874085439955515,0.1242478506649558,0.0002060757812086939,1.717211689751215e-05,337.12
2026-09-02,1530,GILD,bull_put,150.0,149.0,1.0,2026-09-04,2,149.73,0.425,0.4657,0.4657,0.9126046811251879,0.2983,0.45956607495069035,0.43984220907297833,0.10059171597633136,-0.0004969011574866714,-0.0004967777225522996,0.12334813478987117,-0.0003033084118013474,-2.5733340652173786e-05,151.0
2026-09-02,1530,HD,bull_put,317.5,315.0,2.5,2026-09-04,2,317.84,1.35,1.0279,0.41116,1.3133573304796187,0.2649,0.5029585798816568,0.3333333333333333,0.16370808678500987,-9.756453958822183e-05,-9.755978032333079e-05,0.10423317117836073,-6.429826428863786e-05,-7.995422683399431e-06,321.05
2026-09-02,1530,IBM,bull_put,232.5,230.0,2.5,2026-09-04,2,231.605,1.205,1.2018,0.48072,1.0026626726576802,0.3456,0.4437869822485207,0.42011834319526625,0.13609467455621302,-0.00018344082952579353,-0.00018342400528559288,0.07079459801913246,-0.00013818896353604582,-3.353970930094568e-05,234.89
2026-09-02,1530,INTC,bull_put,91.0,90.0,1.0,2026-09-04,2,89.885,0.585,0.5833,0.5833,1.0029144522544144,0.6187,0.34122287968441817,0.5857988165680473,0.07297830374753451,-0.0011441315627715373,-0.0011434772938021531,0.1676030642330969,-0.0005848859667390542,-2.047809165492171e-05,95.8
2026-09-02,1530,ISRG,bull_put,372.5,370.0,2.5,2026-09-04,2,371.11,1.4,1.284,0.5136000000000001,1.0903426791277258,0.3975,0.3767258382642998,0.47928994082840237,0.14398422090729784,-0.0008599526450178028,-0.000859582991710961,0.16385280381176093,-0.00044631999085271073,-1.6843757052443742e-05,366.7
2026-09-02,1530,JPM,bull_put,357.5,355.0,2.5,2026-09-04,2,356.17,1.2,1.243,0.49720000000000003,0.9654062751407883,0.2355,0.4516765285996055,0.41222879684418146,0.13609467455621302,0.0006633817618634831,0.0006636018482089057,0.07668614033937837,0.0004883038141321613,0.0001053422923536498,358.64
2026-09-02,1530,LOW,bull_put,200.0,197.5,2.5,2026-09-04,2,199.825,1.0,1.0556,0.42224000000000006,0.94732853353543,0.3024,0.4516765285996055,0.3096646942800789,0.23865877712031558,-0.00014470837809264867,-0.00014469790834037433,0.05225242024480936,-0.00011740605682384657,-4.1288751104301146e-05,204.45
2026-09-02,1530,MA,bull_put,592.5,590.0,2.5,2026-09-04,2,589.7275,1.45,1.3612,0.54448,1.0652365559800177,0.2258,0.388560157790927,0.5108481262327417,0.10059171597633136,-0.0005172998181595181,-0.000517166041677064,0.1603358935034188,-0.00027233159218287745,-1.1026511866170361e-05,579.21
2026-09-02,1530,MDT,bull_put,93.0,92.0,1.0,2026-09-04,2,92.76,0.455,0.4653,0.4653,0.9778637438211907,0.3067,0.38461538461538464,0.3530571992110454,0.26232741617357,-0.0003861657242566689,-0.00038609117187016206,0.05609537864132741,-0.00030849080073468767,-0.00010046249268622434,94.17
2026-09-02,1530,MO,bull_put,70.0,69.0,1.0,2026-09-04,2,69.68,0.445,0.4426,0.4426,1.0054225033890647,0.2609,0.40828402366863903,0.2978303747534517,0.2938856015779093,-6.693873307634431e-05,-6.693649272937474e-05,0.011161113299275272,-6.401387437476657e-05,-5.120706859359725e-05,68.88
2026-09-02,1530,MRK,bull_put,152.5,150.0,2.5,2026-09-04,2,151.745,1.02,1.0281,0.41124,0.9921213889699445,0.2858,0.3767258382642998,0.3609467455621302,0.26232741617357,-0.0014011867573893522,-0.0014002055535615732,0.011356348446194708,-0.0013380236752167964,-0.0010661634957505146,150.33
2026-09-02,1530,MSFT,bull_put,500.0,497.5,2.5,2026-09-04,2,497.215,1.375,1.3968,0.55872,0.9843928980526918,0.2836,0.3609467455621302,0.5424063116370809,0.09664694280078895,-0.0009099826845711499,-0.0009095687758874371,0.1673257683261361,-0.0004657586312473626,-1.6397881910971818e-05,499.7
2026-09-02,1530,NOW,bull_put,138.0,137.0,1.0,2026-09-04,2,136.905,0.545,0.5478,0.5478,0.9948886454910553,0.5951,0.39250493096646943,0.5384615384615384,0.06903353057199212,-0.0006854417356168914,-0.0006852068740947903,0.2142041162092554,-0.00029087811592376815,-4.010123382800332e-06,141.26
2026-09-02,1530,NVDA,bull_put,225.0,222.5,2.5,2026-09-04,2,224.49,1.09,1.1138,0.44551999999999997,0.9786317112587539,0.3731,0.47928994082840237,0.39644970414201186,0.1242603550295858,-0.0002709385862502446,-0.0002709018857061096,0.08303067222146354,-0.0001943448233188988,-3.692986512379674e-05,230.36
2026-09-02,1530,ORCL,bull_put,147.0,146.0,1.0,2026-09-04,2,146.19,0.57,0.5472,0.5472,1.0416666666666665,0.5902,0.40039447731755423,0.5660749506903353,0.03353057199211045,-0.000879557803292309,-0.0008791711057102303,0.2170112454450538,-0.0003690508931966558,-4.8100604305913355e-06,158.78
2026-09-02,1530,PG,bull_put,148.0,147.0,1.0,2026-09-04,2,147.685,0.465,0.4742,0.4742,0.9805989034162801,0.2162,0.41222879684418146,0.41222879684418146,0.1755424063116371,-0.0005281162635708781,-0.000527976834722943,0.07125293316865378,-0.0003970414472766447,-9.548622660608089e-05,146.44
2026-09-02,1530,PNC,bull_put,242.5,240.0,2.5,2026-09-04,2,242.265,0.925,1.0066,0.40264,0.918935028809855,0.246,0.47928994082840237,0.28994082840236685,0.23076923076923078,-7.069532138553576e-05,-7.069282253013842e-05,0.05133926874293082,-5.756915798772137e-05,-2.0618765295840054e-05,245.6
2026-09-02,1530,RTX,bull_put,202.5,200.0,2.5,2026-09-04,2,201.675,0.96,1.084,0.43360000000000004,0.8856088560885608,0.2479,0.39250493096646943,0.32938856015779094,0.2781065088757396,-0.0006433592836604714,-0.0006431523724517163,0.01765691196943764,-0.0005992950330078151,-0.00042099282048258034,200.79
2026-09-02,1530,TJX,bull_put,132.0,131.0,1.0,2026-09-04,2,131.44,0.525,0.5185,0.5185,1.012536162005786,0.2475,0.39250493096646943,0.4161735700197239,0.1913214990138067,2.138330074342564e-05,2.1383529367868803e-05,0.07188104521938699,1.6040179435155298e-05,3.8094159549286344e-06,132.08
2026-09-02,1530,TMO,bull_put,612.5,610.0,2.5,2026-09-04,2,609.215,1.05,1.4154,0.56616,0.741839762611276,0.3342,0.38461538461538464,0.5542406311637081,0.0611439842209073,-0.0005835525305562155,-0.0005833822968932534,0.21708394979990486,-0.00024481600124344667,-3.1861966000199333e-06,613.78
2026-09-02,1530,TSLA,bull_put,355.0,352.5,2.5,2026-09-04,2,352.895,1.375,1.3639,0.5455599999999999,1.008138426570863,0.568,0.4358974358974359,0.48717948717948717,0.07692307692307693,0.0005875010772111965,0.0005876736897707513,0.2082619100788543,0.0002554749097340746,3.966507571402596e-06,354.08
2026-09-02,1530,TXN,bull_put,255.0,252.5,2.5,2026-09-04,2,254.68,0.965,1.1086,0.44344,0.8704672559985567,0.416,0.4477317554240631,0.4280078895463511,0.1242603550295858,-0.0008747928161073832,-0.0008744102964217682,0.1190073435757969,-0.0005432232286298442,-5.026824001191051e-05,258.44
2026-09-02,1530,USB,bull_put,63.0,62.0,1.0,2026-09-04,2,62.83,0.355,0.3765,0.3765,0.9428950863213811,0.257,0.4358974358974359,0.21893491124260356,0.34516765285996054,-0.00026049149454783287,-0.00026045756958426036,0.026219859622874653,-0.0002345246099263335,-0.0001388179463665098,63.37
2026-09-02,1530,V,bull_put,380.0,377.5,2.5,2026-09-04,2,379.7,1.07,1.035,0.414,1.033816425120773,0.2038,0.4714003944773176,0.368836291913215,0.15976331360946747,-0.0006229035330411557,-0.000622709568911195,0.07792724901691161,-0.00045594456425157267,-9.594990690057719e-05,375.07
2026-09-02,1530,XOM,bull_put,165.0,162.5,2.5,2026-09-04,2,164.74,0.9,0.9385,0.3754,0.9589770911028237,0.284,0.47928994082840237,0.2781065088757396,0.24260355029585798,-0.0004074828226734231,-0.00040739981282345017,0.037656312361294075,-0.00035043309188206216,-0.00016501618296712705,159.47
2026-09-02,1545,ABT,bull_put,111.0,110.0,1.0,2026-09-04,2,110.66,0.45,0.452,0.452,0.995575221238938,0.2621,0.4319526627218935,0.40828402366863903,0.15976331360946747,-0.0006951834081146435,-0.0006949418241141148,0.05955858525076896,-0.0005476266694994902,-0.00016640458627101526,108.33
2026-09-02,1545,ADI,bull_put,355.0,352.5,2.5,2026-09-04,2,354.2,1.1,1.1931,0.47724,0.9219679825664236,0.404,0.43984220907297833,0.43984220907297833,0.1203155818540434,-0.00047575076056303144,-0.00047563760911462083,0.16004573072721384,-0.0002507542349865436,-1.021195100349552e-05,362.25
2026-09-02,1545,ADP,bull_put,282.5,280.0,2.5,2026-09-04,2,281.73,1.175,1.1547,0.46188,1.017580323893652,0.2928,0.4358974358974359,0.36489151873767256,0.1992110453648915,-8.30155165228658e-05,-8.301207083016848e-05,0.07785544608434258,-6.079844692042092e-05,-1.2812936477910386e-05,277.62
2026-09-02,1545,AMGN,bull_put,445.0,442.5,2.5,2026-09-04,2,442.09,0.825,1.3798,0.55192,0.5979127409769532,0.3732,0.3530571992110454,0.5542406311637081,0.09270216962524655,-0.001248107345403415,-0.0012473287833739688,0.18928892639083172,-0.0005849953303232558,-1.3274240292187688e-05,437.23
2026-09-02,1545,BA,bull_put,210.0,207.5,2.5,2026-09-04,2,209.23,1.15,1.1715,0.4686,0.9816474605206998,0.3077,0.4280078895463511,0.38461538461538464,0.1873767258382643,-0.00021854384454645694,-0.00021851996557997744,0.041207412727115145,-0.00018531326829104166,-8.127995909440998e-05,212.25
2026-09-02,1545,CME,bull_put,280.0,277.5,2.5,2026-09-04,2,278.84,1.175,1.1807,0.47228000000000003,0.9951723553824002,0.3251,0.4516765285996055,0.3727810650887574,0.1755424063116371,0.00033537289264692904,0.0003354291364228157,0.09099405192495236,0.0002330922990964122,3.777144787887663e-05,281.29
2026-09-02,1545,CSCO,bull_put,110.0,109.0,1.0,2026-09-04,2,109.48,0.44,0.4924,0.4924,0.8935824532900081,0.3238,0.40828402366863903,0.43984220907297833,0.15187376725838264,-0.0005018091302703455,-0.0005016832451263387,0.08739733308170106,-0.00035367542089489697,-6.158589954036029e-05,109.2
2026-09-02,1545,CVX,bull_put,212.5,210.0,2.5,2026-09-04,2,212.26,0.98,1.039,0.41559999999999997,0.9432146294513957,0.2616,0.5029585798816568,0.2702169625246548,0.22682445759368836,0.002783917588745643,0.0027877962858051664,0.04375297421592328,0.002340207323300316,0.0009754855234400155,208.6
2026-09-02,1545,DE,bull_put,702.5,700.0,2.5,2026-09-04,2,700.36,0.15,1.2547,0.50188,0.11955049015700965,0.4185,0.40828402366863903,0.5266272189349113,0.0650887573964497,-0.0011997067421071874,-0.0011989873816762309,0.25248417990284744,-0.00043672159571115325,-2.7999801091024876e-06,693.53
2026-09-02,1545,DIS,bull_put,109.0,108.0,1.0,2026-09-04,2,108.565,0.485,0.4837,0.4837,1.0026876162910894,0.2414,0.39644970414201186,0.42011834319526625,0.1834319526627219,-0.000583368455723579,-0.0005831983294297682,0.04170412999641737,-0.0004935927557940027,-0.00021435385902985717,105.31
2026-09-02,1545,EMR,bull_put,150.0,149.0,1.0,2026-09-04,2,149.42,0.5,0.4828,0.4828,1.035625517812759,0.3219,0.4477317554240631,0.46745562130177515,0.08481262327416174,-0.000566160810110696,-0.0005660005713209459,0.13471821260327066,-0.0003302078277164155,-2.2317206773493682e-05,152.82
2026-09-02,1545,EOG,bull_put,149.0,148.0,1.0,2026-09-04,2,148.75,0.425,0.4828,0.4828,0.880281690140845,0.3442,0.4832347140039448,0.39644970414201186,0.1203155818540434,0.0015652241040680324,0.001566449706680073,0.1430848087078881,0.0008837973281123192,5.052819995382545e-05,145.19
2026-09-02,1545,FCX,bull_put,74.0,73.0,1.0,2026-09-04,2,73.87,0.44,0.462,0.462,0.9523809523809523,0.5168,0.5029585798816568,0.3806706114398422,0.11637080867850098,0.001224628751582503,0.0012253789155649564,0.10111846717246142,0.0008177294410992318,0.00010821956599803296,72.73
2026-09-02,1545,GILD,bull_put,150.0,149.0,1.0,2026-09-04,2,149.87,0.38,0.4439,0.4439,0.8560486596080198,0.3138,0.4635108481262327,0.4280078895463511,0.10848126232741617,-0.0007258859032100262,-0.0007256225117723281,0.13447605897880122,-0.00042374238475308324,-2.8777807232126577e-05,151.0
2026-09-02,1545,IBM,bull_put,232.5,230.0,2.5,2026-09-04,2,231.56,1.275,1.2104,0.48416,1.053370786516854,0.353,0.43984220907297833,0.4240631163708087,0.13609467455621302,-0.00019473176190558297,-0.00019471280290672688,0.07369096111664275,-0.00014500407171890887,-3.321304101702025e-05,234.89
2026-09-02,1545,INTC,bull_put,90.0,89.0,1.0,2026-09-04,2,89.715,0.49,0.4984,0.4984,0.9831460674157303,0.6147,0.39644970414201186,0.5187376725838264,0.08481262327416174,-0.0012964297201812584,-0.0012955897182119758,0.15245802346614634,-0.0007040780084475984,-3.337238254911854e-05,95.8
2026-09-02,1545,ISRG,bull_put,372.5,370.0,2.5,2026-09-04,2,371.22,1.325,1.2595,0.5038,1.0520047637951566,0.4044,0.3767258382642998,0.47534516765285995,0.14792899408284024,-0.0009717066226021735,-0.0009712346686012729,0.16639418356844282,-0.0004991922949096434,-1.7905496105010942e-05,366.7
2026-09-02,1545,JPM,bull_put,357.5,355.0,2.5,2026-09-04,2,355.93,1.16,1.2989,0.51956,0.8930633613057202,0.2359,0.4319526627218935,0.42011834319526625,0.14792899408284024,0.0011978736146482302,0.0011985913518040014,0.07698325298041553,0.0008809221537797222,0.0001889163267115755,358.64
2026-09-02,1545,LOW,bull_put,200.0,197.5,2.5,2026-09-04,2,199.89,1.025,0.9723,0.38892000000000004,1.05420137817546,0.2968,0.4635108481262327,0.30177514792899407,0.23471400394477318,-0.0005193321162804678,-0.0005191972866984695,0.05661508796399284,-0.0004139824524716313,-0.00013342263921133657,204.45
2026-09-02,1545,MA,bull_put,592.5,590.0,2.5,2026-09-04,2,590.175,1.175,1.294,0.5176000000000001,0.9080370942812983,0.2254,0.40039447731755423,0.5029585798816568,0.09664694280078895,-0.0007816804530500513,-0.0007813750204734848,0.15535298370387385,-0.0004197432772038106,-1.8776077864461574e-05,579.21
2026-09-02,1545,MO,bull_put,70.0,69.0,1.0,2026-09-04,2,69.81,0.395,0.393,0.393,1.005089058524173,0.2481,0.45956607495069035,0.2583826429980276,0.28205128205128205,-0.00012860852027029397,-0.0001286002505490602,0.023618956961915405,-0.00011700690290389007,-7.295580107084408e-05,68.88
2026-09-02,1545,MSFT,bull_put,497.5,495.0,2.5,2026-09-04,2,497.32,1.15,1.1521,0.46083999999999997,0.9981772415588924,0.2815,0.45956607495069035,0.4437869822485207,0.09664694280078895,-0.0006190409068874167,-0.0006188493405964168,0.15857027340924446,-0.0003281860777762475,-1.376563528370396e-05,499.7
2026-09-02,1545,NOW,bull_put,138.0,137.0,1.0,2026-09-04,2,136.93,0.58,0.5492,0.5492,1.0560815731973778,0.5979,0.39250493096646943,0.5305719921104537,0.07692307692307693,-0.0005795164893828203,-0.0005793486021348215,0.21436440008097446,-0.0002457824444032382,-3.377577615261405e-06,141.26
2026-09-02,1545,NVDA,bull_put,225.0,222.5,2.5,2026-09-04,2,224.17,1.12,1.1597,0.46387999999999996,0.965767008709149,0.3663,0.4437869822485207,0.40828402366863903,0.14792899408284024,-0.0003797216601095694,-0.00037964957496439133,0.07634451606076476,-0.00027974279504134264,-6.0762952577967134e-05,230.36
2026-09-02,1545,ORCL,bull_put,147.0,146.0,1.0,2026-09-04,2,146.0911,0.575,0.5538,0.5538,1.0382809678584326,0.5871,0.388560157790927,0.5700197238658777,0.04142011834319527,-0.0009359675772209449,-0.0009355296961929271,0.21734032206557496,-0.0003921920332614093,-5.078140540738642e-06,158.78
2026-09-02,1545,PG,bull_put,148.0,147.0,1.0,2026-09-04,2,147.87,0.415,0.4259,0.4259,0.9744071378257807,0.1986,0.4358974358974359,0.3806706114398422,0.1834319526627219,-0.000840979951279444,-0.0008406264267495356,0.06983723894178206,-0.000635745549745184,-0.0001572840844629625,146.44
2026-09-02,1545,SCHW,bull_put,109.0,108.0,1.0,2026-09-04,2,108.88,0.42,0.3947,0.3947,1.064099315936154,0.2554,0.514792899408284,0.3136094674556213,0.17159763313609466,-0.0001047272047130076,-0.00010472172101072541,0.06739528463597844,-7.997590624108876e-05,-2.0776441499803624e-05,109.29
2026-09-02,1545,TJX,bull_put,132.0,131.0,1.0,2026-09-04,2,131.38,0.55,0.5265,0.5265,1.0446343779677114,0.2409,0.3767258382642998,0.4319526627218935,0.1913214990138067,-0.0001754504704823013,-0.00017543507994866037,0.06936998596895516,-0.00013292553919565556,-3.319467250711679e-05,132.08
2026-09-02,1545,TMO,bull_put,610.0,607.5,2.5,2026-09-04,2,608.645,2.075,1.2887,0.5154799999999999,1.6101497633273845,0.3336,0.4319526627218935,0.4990138067061144,0.06903353057199212,-0.00044399326103234174,-0.00044389471061023755,0.2074695000585125,-0.00019358358747527746,-3.053594418610857e-06,613.78
2026-09-02,1545,TSLA,bull_put,357.5,355.0,2.5,2026-09-04,2,354.345,1.4,1.4418,0.57672,0.9710084616451657,0.5741,0.39644970414201186,0.5187376725838264,0.08481262327416174,0.00018371028451934918,0.0001837271602871393,0.21648606921261426,7.728559263567278e-05,1.0179452874103486e-06,354.08
2026-09-02,1545,TXN,bull_put,255.0,252.5,2.5,2026-09-04,2,254.54,1.09,1.1403,0.45612,0.9558888011926686,0.4272,0.4437869822485207,0.4358974358974359,0.1203155818540434,-0.0007717653251144,-0.0007714675908544466,0.12082141186481943,-0.00047580543253794024,-4.2460777956035105e-05,258.44
2026-09-02,1545,UNH,bull_put,400.0,397.5,2.5,2026-09-04,2,399.17,1.16,1.2209,0.48836,0.9501187648456055,0.2844,0.43984220907297833,0.4714003944773176,0.08875739644970414,-0.000579546336187624,-0.0005793784316474593,0.1238854218129738,-0.0003529809791545971,-2.9627581526899473e-05,397.14
2026-09-02,1545,USB,bull_put,63.0,62.0,1.0,2026-09-04,2,62.755,0.4,0.408,0.408,0.9803921568627452,0.2614,0.40828402366863903,0.23865877712031558,0.3530571992110454,-0.00014350030837203187,-0.00014349001269531314,0.015810629996263037,-0.00013469634044389772,-9.81807644614525e-05,63.37
2026-09-02,1545,V,bull_put,380.0,377.5,2.5,2026-09-04,2,379.66,1.06,1.0557,0.42228000000000004,1.0040731268352752,0.2034,0.46745562130177515,0.3727810650887574,0.15976331360946747,-0.0005572433579741553,-0.0005570881267293881,0.07705903021284177,-0.0004093159383753519,-8.764606527701886e-05,375.07
2026-09-02,1545,XOM,bull_put,165.0,162.5,2.5,2026-09-04,2,164.41,0.98,1.0613,0.42451999999999995,0.9233958352963347,0.287,0.4635108481262327,0.3057199211045365,0.23076923076923078,3.129418160044374e-05,3.129467126838925e-05,0.019847996349434238,2.890619264790875e-05,1.9435395687908006e-05,159.47
2026-09-03,1530,ADI,bull_put,355.0,352.5,2.5,2026-09-04,1,354.6101,1.1,1.1211,0.44844,0.9811791990009813,0.453,0.4714003944773176,0.3609467455621302,0.16765285996055226,3.274248838577333e-05,3.2743024426906686e-05,0.12871411456439508,1.956678501352097e-05,1.491155309855647e-06,362.25
2026-09-03,1530,AMGN,bull_put,445.0,442.5,2.5,2026-09-04,1,443.315,1.325,1.3287,0.53148,0.9972153232482878,0.4152,0.32938856015779094,0.4714003944773176,0.1992110453648915,-0.0010222466076663037,-0.0010217242915966374,0.14577245108439763,-0.0005702969309270433,-3.0898515323120406e-05,437.23
2026-09-03,1530,AVGO,bull_put,360.0,357.5,2.5,2026-09-04,1,358.19,1.35,1.3718,0.54872,0.9841084706225398,0.5674,0.38461538461538464,0.4714003944773176,0.14398422090729784,-8.932364013543997e-05,-8.931965089786775e-05,0.16033131397728495,-4.703520023727441e-05,-1.9045961342156532e-06,357.89
2026-09-03,1530,BMY,bull_put,68.0,67.0,1.0,2026-09-04,1,67.775,0.3,0.4585,0.4585,0.6543075245365321,0.3231,0.3767258382642998,0.21893491124260356,0.40433925049309666,0.004821131914186788,0.004832772269699026,0.02791915300488723,0.004322109787908684,0.002472823461879611,66.82
2026-09-03,1530,CL,bull_put,90.0,89.0,1.0,2026-09-04,1,89.84,0.3,0.3967,0.3967,0.7562389715149987,0.2705,0.4556213017751479,0.2583826429980276,0.2859960552268245,-0.00010081702573691217,-0.0001008119438713484,0.029189349886843186,-8.970257180698658e-05,-5.0034483720434844e-05,88.77
2026-09-03,1530,CME,bull_put,282.5,280.0,2.5,2026-09-04,1,282.13,0.975,0.9482,0.37928,1.0282640793081628,0.3708,0.5029585798816568,0.27416173570019725,0.22287968441814596,-0.00012541605801995965,-0.00012540819375495005,0.0753759714339981,-9.276506194829519e-05,-2.0543624563664167e-05,281.29
2026-09-03,1530,CSCO,bull_put,109.0,108.0,1.0,2026-09-04,1,108.671,0.4,0.4606,0.4606,0.8684324793747287,0.2961,0.4161735700197239,0.3530571992110454,0.23076923076923078,-0.00017830049032202576,-0.00017828459573432376,0.02651781693404387,-0.00016034213214772506,-9.434455122752453e-05,109.2
2026-09-03,1530,CVX,bull_put,212.5,210.0,2.5,2026-09-04,1,211.849,1.04,1.0421,0.41684,0.9979848383072641,0.2492,0.4240631163708087,0.2504930966469428,0.3254437869822485,4.0704010599838195e-05,4.070483901941202e-05,0.018993333657911338,3.7726910477133944e-05,2.580341822304865e-05,208.6
2026-09-03,1530,DE,bull_put,690.0,687.5,2.5,2026-09-04,1,687.91,1.25,1.314,0.5256000000000001,0.9512937595129376,0.3913,0.38461538461538464,0.5029585798816568,0.11242603550295859,-0.0008170824084274527,-0.0008167486874950391,0.20105328693752966,-0.0003654459160527094,-6.553849303759657e-06,693.53
2026-09-03,1530,FCX,bull_put,73.0,72.0,1.0,2026-09-04,1,72.47,0.495,0.5203,0.5203,0.9513742071881607,0.5443,0.41222879684418146,0.39644970414201186,0.1913214990138067,0.0014619822113359701,0.001463051428324258,0.04949995205124491,0.0012002435155881728,0.00044598294162925215,72.73
2026-09-03,1530,GS,bull_put,1040.0,1037.5,2.5,2026-09-04,1,1037.52,1.425,1.3001,0.5200400000000001,1.0960695331128374,0.3404,0.4516765285996055,0.4832347140039448,0.0650887573964497,1.0952292695308799e-05,1.09523526719002e-05,0.23534572213891725,4.272381501729429e-06,3.859073557733629e-08,1038.61
2026-09-03,1530,HON,bull_put,207.5,205.0,2.5,2026-09-04,1,207.33,0.8,0.9595,0.38380000000000003,0.8337675872850443,0.3507,0.4516765285996055,0.21499013806706113,0.3333333333333333,1.464070439531227e-05,1.4640811570876267e-05,0.04585201342173151,1.2187427510853977e-05,4.871318404392186e-06,209.61
2026-09-03,1530,ISRG,bull_put,372.5,370.0,2.5,2026-09-04,1,370.875,2.0,1.3115,0.5246000000000001,1.5249714067861226,0.4646,0.3727810650887574,0.45956607495069035,0.16765285996055226,-0.0005277159936472554,-0.0005275767760525296,0.13610608186858497,-0.0003060872139657761,-2.0120685936710742e-05,366.7
2026-09-03,1530,JPM,bull_put,362.5,360.0,2.5,2026-09-04,1,362.33,1.0,0.983,0.3932,1.017293997965412,0.2179,0.4990138067061144,0.2702169625246548,0.23076923076923078,0.00016022347958855737,0.00016023631605577293,0.0512789639056328,0.00013052096240313978,4.6803339966933415e-05,358.64
2026-09-03,1530,LOW,bull_put,202.5,200.0,2.5,2026-09-04,1,202.34,0.8,0.926,0.3704,0.8639308855291576,0.3188,0.4635108481262327,0.2465483234714004,0.28994082840236685,-0.0003564463009707664,-0.0003563827815353804,0.04527741320716583,-0.0002973457875491125,-0.00012022289344845904,204.45
2026-09-03,1530,MA,bull_put,585.0,582.5,2.5,2026-09-04,1,584.63,0.725,1.1398,0.45592,0.6360765046499386,0.2393,0.46745562130177515,0.368836291913215,0.16370808678500987,6.608038603309573e-05,6.608256938989143e-05,0.10856658537197728,4.280430450116585e-05,4.8807893681296785e-06,579.21
2026-09-03,1530,MCD,bull_put,260.0,257.5,2.5,2026-09-04,1,259.405,1.02,1.0178,0.40712000000000004,1.0021615248575357,0.2127,0.40828402366863903,0.2465483234714004,0.34516765285996054,-0.00022502309522439952,-0.0002249977794266389,0.019269818206719025,-0.00020830664734378956,-0.00014168622024344192,255.69
2026-09-03,1530,MDT,bull_put,93.0,92.0,1.0,2026-09-04,1,92.65,0.66,0.4705,0.4705,1.4027630180658874,0.3442,0.34911242603550297,0.2702169625246548,0.3806706114398422,0.00032208849063140345,0.0003221403666986422,0.025367400795508033,0.00029105660547881784,0.00017524232894539055,94.17
2026-09-03,1530,MO,bull_put,70.0,69.0,1.0,2026-09-04,1,69.83,0.34,0.3356,0.3356,1.0131108462455305,0.2597,0.4437869822485207,0.1794871794871795,0.3767258382642998,-0.0005012341626601594,-0.0005011085658026548,0.03595007780187842,-0.0004339904219471067,-0.00021145683938780468,68.88
2026-09-03,1530,MRK,bull_put,152.5,150.0,2.5,2026-09-04,1,152.08,0.815,0.9699,0.38795999999999997,0.8402928136921332,0.3371,0.3609467455621302,0.20710059171597633,0.4319526627218935,-0.0005921386518571796,-0.0005919633723640016,0.036927306221303136,-0.0005106761015480035,-0.00024400516977028582,150.33
2026-09-03,1530,MSFT,bull_put,512.5,510.0,2.5,2026-09-04,1,511.3,1.23,1.2716,0.50864,0.9672853098458634,0.2813,0.4280078895463511,0.41222879684418146,0.15976331360946747,0.0005463244681019729,0.0005464737304947676,0.10521912817149803,0.00035874424500498617,4.373843179465087e-05,499.7
2026-09-03,1530,NOW,bull_put,147.0,146.0,1.0,2026-09-04,1,146.24,0.53,0.5284,0.5284,1.0030280090840273,0.6131,0.41222879684418146,0.47534516765285995,0.11242603550295859,-0.00018428160266670962,-0.00018426462385512377,0.17637972991881268,-9.099949689533858e-05,-2.6731548843776724e-06,141.26
2026-09-03,1530,NVDA,bull_put,230.0,227.5,2.5,2026-09-04,1,229.64,1.005,1.0397,0.41588,0.966624987977301,0.3707,0.4635108481262327,0.33727810650887574,0.1992110453648915,-0.0003884537310987167,-0.00038837829271654023,0.047349833333012015,-0.00032136595244023383,-0.00012465922891708077,230.36
2026-09-03,1530,PM,bull_put,187.5,185.0,2.5,2026-09-04,1,187.42,0.85,0.9273,0.37092,0.9166397066752938,0.3477,0.5069033530571992,0.21104536489151873,0.28205128205128205,0.0011075497543517575,0.0011081633140759273,0.05120065784079442,0.0009029404645005584,0.00032429171434742804,182.53
2026-09-03,1530,SCHW,bull_put,111.0,110.0,1.0,2026-09-04,1,110.61,0.435,0.4458,0.4458,0.9757738896366084,0.2674,0.4280078895463511,0.3136094674556213,0.2583826429980276,2.443479378557486e-05,2.4435092317531826e-05,0.019441012455432283,2.2606924631678904e-05,1.53242418610944e-05,109.29
2026-09-03,1530,TJX,bull_put,132.0,131.0,1.0,2026-09-04,1,131.855,0.375,0.416,0.416,0.9014423076923077,0.2965,0.46745562130177515,0.2702169625246548,0.26232741617357,0.0006065285053255473,0.0006067124809330249,0.06258901044922394,0.00047233995254256545,0.00013508696494138336,132.08
2026-09-03,1530,TSLA,bull_put,382.5,380.0,2.5,2026-09-04,1,380.94,1.275,1.3153,0.5261199999999999,0.9693606021439976,0.7945,0.43984220907297833,0.4437869822485207,0.11637080867850098,0.0010099106296893728,0.001010420761143882,0.21448161336259275,0.0004284592630649177,5.874161917848767e-06,354.08
2026-09-03,1545,ABT,bull_put,109.0,108.0,1.0,2026-09-04,1,108.74,0.625,0.4249,0.4249,1.4709343374911743,0.2946,0.42011834319526625,0.28205128205128205,0.2978303747534517,-0.0001313471916992233,-0.00013133856603453342,0.03328835242588957,-0.00011496469175868478,-5.9077964543205964e-05,108.33
2026-09-03,1545,ADI,bull_put,355.0,352.5,2.5,2026-09-04,1,354.795,1.15,1.1235,0.44939999999999997,1.023587004895416,0.4455,0.4832347140039448,0.34911242603550297,0.16765285996055226,0.0006615397065628525,0.0006617585722146213,0.12744341782780488,0.0003974730462299306,3.107049847888873e-05,362.25
2026-09-03,1545,AMGN,bull_put,445.0,442.5,2.5,2026-09-04,1,443.68,2.14,1.2608,0.50432,1.697335025380711,0.4191,0.3530571992110454,0.4477317554240631,0.1992110453648915,-0.000925893146450571,-0.0009254646396519295,0.14666086997340522,-0.0005147351232868201,-2.7397041830383665e-05,437.23
2026-09-03,1545,AMZN,bull_put,260.0,257.5,2.5,2026-09-04,1,258.89,1.235,1.2491,0.49964000000000003,0.9887118725482348,0.3185,0.3767258382642998,0.40433925049309666,0.21893491124260356,-0.00032214105188746933,-0.000322089170030071,0.025205512678727393,-0.0002911988543426518,-0.00017589656589100857,258.51
2026-09-03,1545,AVGO,bull_put,360.0,357.5,2.5,2026-09-04,1,358.685,1.275,1.3192,0.5276799999999999,0.9664948453608248,0.5554,0.40039447731755423,0.4477317554240631,0.15187376725838264,-5.141584954219784e-05,-5.1414527770021756e-05,0.1556262643667472,-2.7588960656532032e-05,-1.2273905713836908e-06,357.89
2026-09-03,1545,BMY,bull_put,68.0,67.0,1.0,2026-09-04,1,67.815,0.335,0.392,0.392,0.8545918367346939,0.3066,0.39250493096646943,0.20710059171597633,0.40039447731755423,-0.000270789104396596,-0.0002707524443361642,0.03089411717324997,-0.00023927857170478957,-0.00012899144724036625,66.82
2026-09-03,1545,CL,bull_put,90.0,89.0,1.0,2026-09-04,1,89.905,0.35,0.3763,0.3763,0.9301089556205154,0.2732,0.47928994082840237,0.23471400394477318,0.2859960552268245,-4.370582400028706e-05,-4.3704868914695716e-05,0.040252771745506344,-3.720519588023323e-05,-1.6633071804930113e-05,88.77
2026-09-03,1545,CME,bull_put,282.5,280.0,2.5,2026-09-04,1,281.58,0.925,1.1097,0.44387999999999994,0.8335586194466974,0.3903,0.4437869822485207,0.3136094674556213,0.24260355029585798,0.00021653980896551954,0.00021656325540231336,0.0701179550496136,0.00016359778048007252,4.0247655605278287e-05,281.29
2026-09-03,1545,CRM,bull_put,265.0,262.5,2.5,2026-09-04,1,264.57,1.06,1.1088,0.44352,0.955988455988456,0.4404,0.4635108481262327,0.35700197238658776,0.1794871794871795,-9.067009231601437e-05,-9.066598190743402e-05,0.08141031823705736,-6.546665651326835e-05,-1.2849881473138991e-05,259.23
2026-09-03,1545,CSCO,bull_put,109.0,108.0,1.0,2026-09-04,1,108.66,0.45,0.4686,0.4686,0.9603072983354674,0.3085,0.4161735700197239,0.35700197238658776,0.22682445759368836,-6.823616495014052e-05,-6.82338369160096e-05,0.031125489801756556,-6.024614729818847e-05,-3.232784163381103e-05,109.2
2026-09-03,1545,EOG,bull_put,147.0,146.0,1.0,2026-09-04,1,146.9,0.475,0.4492,0.4492,1.0574354407836153,0.3874,0.4911242603550296,0.34911242603550297,0.15976331360946747,0.0009881914411341737,0.0009886798631679738,0.11179655210338901,0.0006321864543255479,6.757602978820057e-05,145.19
2026-09-03,1545,FCX,bull_put,73.0,72.0,1.0,2026-09-04,1,72.585,0.495,0.4896,0.4896,1.0110294117647058,0.5453,0.4280078895463511,0.3530571992110454,0.21893491124260356,0.0018819879252581079,0.0018837599760186396,0.05060643163796508,0.0015385555784580805,0.0005591795870703451,72.73
2026-09-03,1545,GS,bull_put,1042.5,1040.0,2.5,2026-09-04,1,1039.08,1.3,1.3865,0.5546,0.9376126938333934,0.3435,0.4358974358974359,0.5108481262327417,0.05325443786982249,0.00043124801598283004,0.0004313410167768872,0.24031413810004243,0.0001649500081481764,1.3489947494944424e-06,1038.61
2026-09-03,1545,HON,bull_put,207.5,205.0,2.5,2026-09-04,1,207.31,0.8,0.9649,0.38595999999999997,0.8291014612913256,0.3503,0.4516765285996055,0.21499013806706113,0.3333333333333333,6.045498757471877e-05,6.04568150142093e-05,0.04460655766360744,5.0577311079096056e-05,2.0725647123218976e-05,209.61
2026-09-03,1545,ISRG,bull_put,372.5,370.0,2.5,2026-09-04,1,370.7,1.5,1.3401,0.5360400000000001,1.1193194537721065,0.4766,0.3530571992110454,0.45956607495069035,0.1873767258382643,-0.0005631020516878313,-0.0005629435394817195,0.14083080965008765,-0.00032049161039327136,-1.9167955615843175e-05,366.7
2026-09-03,1545,LOW,bull_put,202.5,200.0,2.5,2026-09-04,1,202.29,0.875,0.9448,0.37792,0.9261219305673158,0.3141,0.45956607495069035,0.2504930966469428,0.28994082840236685,-0.0003036279504682227,-0.0003035818601669904,0.04152360802447097,-0.00025712358955620913,-0.00011206563226496741,204.45
2026-09-03,1545,MCD,bull_put,260.0,257.5,2.5,2026-09-04,1,259.575,0.9,0.926,0.3704,0.9719222462203023,0.2011,0.4319526627218935,0.22682445759368836,0.34122287968441817,-0.00044900112613686146,-0.0004489003402161629,0.031043701592816886,-0.00039648019778968296,-0.00021309798117345995,255.69
2026-09-03,1545,MDT,bull_put,93.0,92.0,1.0,2026-09-04,1,92.94,0.595,0.4012,0.4012,1.483050847457627,0.3422,0.4437869822485207,0.21893491124260356,0.33727810650887574,0.0006009504084947166,0.0006011310153681837,0.05029438911121242,0.0004915852385855393,0.0001797824605909462,94.17
2026-09-03,1545,MO,bull_put,70.0,69.0,1.0,2026-09-04,1,69.755,0.425,0.364,0.364,1.1675824175824177,0.2635,0.40828402366863903,0.1952662721893491,0.39644970414201186,-0.000481094949972876,-0.00048097924235357414,0.020247860172263765,-0.0004435598195644437,-0.00029585677525779236,68.88
2026-09-03,1545,MRK,bull_put,152.5,150.0,2.5,2026-09-04,1,151.855,0.82,1.0101,0.40404,0.8118008118008118,0.3294,0.3214990138067061,0.23865877712031558,0.43984220907297833,-0.0009350994011979451,-0.0009346623319979042,0.019493147007927814,-0.000864553106705817,-0.0005854318579630126,150.33
2026-09-03,1545,NOW,bull_put,147.0,146.0,1.0,2026-09-04,1,145.925,0.545,0.5638,0.5638,0.9666548421426039,0.6138,0.3767258382642998,0.49506903353057197,0.1282051282051282,-0.00013752909051757082,-0.000137519633825689,0.18260251249814619,-6.624477861354012e-05,-1.7182501158055285e-06,141.26
2026-09-03,1545,NVDA,bull_put,230.0,227.5,2.5,2026-09-04,1,228.99,1.165,1.1832,0.47328000000000003,0.9846179851250845,0.3586,0.4240631163708087,0.388560157790927,0.1873767258382643,-0.00020687084219860735,-0.0002068494459013248,0.028375333580125117,-0.00018465512199216188,-0.00010468786496378255,230.36
2026-09-03,1545,PM,bull_put,187.5,185.0,2.5,2026-09-04,1,187.255,0.85,0.9794,0.39176,0.8678782928323463,0.3537,0.4832347140039448,0.22682445759368836,0.28994082840236685,0.0012181324746422632,0.0012188746993506694,0.03902263723859378,0.0010427250290042608,0.00047777506229834064,182.53
2026-09-03,1545,SO,bull_put,89.0,88.0,1.0,2026-09-04,1,88.965,0.325,0.3524,0.3524,0.9222474460839956,0.2705,0.48717948717948717,0.13609467455621302,0.3767258382642998,0.003026505058949046,0.0030310895492124956,0.05283760088833267,0.002453637797294707,0.0008528425952979728,88.11
2026-09-03,1545,TSLA,bull_put,382.5,380.0,2.5,2026-09-04,1,379.13,1.4,1.4309,0.57236,0.9784051995247746,0.79,0.368836291913215,0.534516765285996,0.09664694280078895,-0.00046825495990885334,-0.000468145345664972,0.22300767266757116,-0.00019185658210241026,-2.217975119528938e-06,354.08
2026-09-03,1545,V,bull_put,380.0,377.5,2.5,2026-09-04,1,379.0098,1.02,1.1315,0.4526,0.901458241272647,0.1994,0.40433925049309666,0.3530571992110454,0.24260355029585798,-0.00042910438999741894,-0.0004290123378757338,0.021358027617266018,-0.00039388286481108567,-0.0002569529554247898,375.07
2026-09-04,1530,AMGN,bull_put,437.5,435.0,2.5,2026-09-04,0,437.0199,0.895,1.3884,0.5553600000000001,0.6446269086718525,0.8083,0.4358974358974359,0.40039447731755423,0.16370808678500987,0.009858592676981803,0.00990734869194787,0.23112902495649923,0.0039304765342629555,3.862637965951223e-05,437.23
2026-09-04,1530,GS,bull_put,1037.5,1035.0,2.5,2026-09-04,0,1037.005,1.365,1.1431,0.45724,1.1941212492345377,0.4372,0.49506903353057197,0.4240631163708087,0.08086785009861933,-0.00017254635495413898,-0.0001725314696879865,0.2660302520832871,-5.952870567161225e-05,-2.910831257242722e-07,1038.61
2026-09-04,1530,TSLA,bull_put,355.0,352.5,2.5,2026-09-04,0,354.86,0.74,1.0966,0.43864000000000003,0.6748130585445924,0.6392,0.5029585798816568,0.4161735700197239,0.08086785009861933,-0.0003563425914689961,-0.0003562791089884998,0.23156015786985829,-0.00014110069807253344,-1.3747482848682528e-06,354.08
2026-09-04,1545,MSFT,bull_put,500.0,497.5,2.5,2026-09-04,0,499.915,0.555,1.1899,0.47596,0.46642575006303055,0.4738,0.4990138067061144,0.3727810650887574,0.1282051282051282,0.003528808059107033,0.003535041632470648,0.19233142644444912,0.001637874509912161,3.4971243895883986e-05,499.7
2026-09-08,1530,AAPL,bull_put,317.5,315.0,2.5,2026-09-11,3,315.76,1.3,1.3221,0.52884,0.983284169124877,0.3932,0.4319526627218935,0.4516765285996055,0.11637080867850098,0.0005535739368572427,0.0005537271871862703,0.16930762115623166,0.00028130560451814467,9.518994426981076e-06,332.27
2026-09-08,1530,ABBV,bull_put,250.0,247.5,2.5,2026-09-11,3,249.55,1.17,1.1359,0.45436,1.0300202482612906,0.2933,0.4635108481262327,0.40039447731755423,0.13609467455621302,-0.0002942620966468524,-0.00029421880580249304,0.09231152549569699,-0.00020338030010958158,-3.209971385937443e-05,257.12
2026-09-08,1530,ABT,bull_put,106.0,105.0,1.0,2026-09-11,3,105.731,0.45,0.4696,0.4696,0.9582623509369677,0.3049,0.4280078895463511,0.3767258382642998,0.1952662721893491,-0.00012539611574506095,-0.0001253882539807849,0.10427694358408035,-8.26245771997602e-05,-1.0265290081789726e-05,101.95
2026-09-08,1530,ACN,bull_put,180.0,177.5,2.5,2026-09-11,3,178.93,1.4,1.2875,0.515,1.087378640776699,0.4805,0.4556213017751479,0.3806706114398422,0.16370808678500987,0.0059888465968314375,0.006006815591887094,0.11091261637646799,0.003854511540789668,0.00041936734007974174,183.9
2026-09-08,1530,ADI,bull_put,362.5,360.0,2.5,2026-09-11,3,361.055,1.25,1.2737,0.50948,0.9813927926513307,0.4253,0.43984220907297833,0.47534516765285995,0.08481262327416174,-0.00023250697700738076,-0.00023247994935493566,0.1980800616923436,-0.00010526529000369367,-2.0034736546784784e-06,378.78
2026-09-08,1530,AMGN,bull_put,397.5,395.0,2.5,2026-09-11,3,394.255,1.7,1.4558,0.58232,1.1677428218161836,0.4122,0.3806706114398422,0.5424063116370809,0.07692307692307693,-0.00018079786724663378,-0.00018078152429712446,0.2153432281257629,-7.63949306797153e-05,-1.029477898530095e-06,377.35
2026-09-08,1530,AVGO,bull_put,370.0,367.5,2.5,2026-09-11,3,368.755,1.275,1.298,0.5192,0.9822804314329737,0.4473,0.4280078895463511,0.5305719921104537,0.04142011834319527,-0.000735288289944412,-0.0007350180317530208,0.20657853970819007,-0.0003216875951112602,-5.165542231261759e-06,361.99
2026-09-08,1530,AXP,bull_put,327.5,325.0,2.5,2026-09-11,3,326.745,1.18,1.1827,0.47308000000000006,0.9977170880189395,0.2618,0.49506903353057197,0.4161735700197239,0.08875739644970414,0.0003459809721982083,0.0003460408305178131,0.1129175422253128,0.00022027716767488597,2.30239680385615e-05,324.69
2026-09-08,1530,BA,bull_put,212.5,210.0,2.5,2026-09-11,3,211.44,1.2,1.2503,0.50012,0.9597696552827322,0.329,0.40039447731755423,0.4240631163708087,0.1755424063116371,-0.0002760159044020152,-0.00027597781551669254,0.07895664998065133,-0.00020123912629392337,-4.148620176617169e-05,210.45
2026-09-08,1530,BMY,bull_put,65.0,64.0,1.0,2026-09-11,3,64.84,0.45,0.4248,0.4248,1.0593220338983051,0.3163,0.4358974358974359,0.36489151873767256,0.1992110453648915,-0.000720509960799802,-0.0007202504558270206,0.04874607180170387,-0.0005926563497486103,-0.00022356300672233897,63.64
2026-09-08,1530,CAT,bull_put,830.0,827.5,2.5,2026-09-11,3,825.0,1.625,1.3847,0.55388,1.1735393948147612,0.4102,0.40828402366863903,0.5660749506903353,0.02564102564102564,-0.0006514050049283068,-0.0006511928867488637,0.292308133591892,-0.00020226391548606177,-5.847392165164588e-07,818.57
2026-09-08,1530,CL,bull_put,89.0,88.0,1.0,2026-09-11,3,88.44,0.625,0.5072,0.5072,1.2322555205047319,0.2707,0.3767258382642998,0.39644970414201186,0.22682445759368836,-0.00012692940503354622,-0.00012692134983738335,0.05851307805393846,-0.00010043545574457349,-3.116369291879751e-05,86.8
2026-09-08,1530,CRM,bull_put,250.0,247.5,2.5,2026-09-11,3,249.44,1.2,1.1619,0.46475999999999995,1.0327911179963853,0.4787,0.4516765285996055,0.4161735700197239,0.13214990138067062,-0.0003646486103481435,-0.0003645821341240474,0.16393375779084063,-0.00018924014719324538,-7.1302170286113455e-06,247.72
2026-09-08,1530,CSCO,bull_put,110.0,109.0,1.0,2026-09-11,3,109.17,0.505,0.5511,0.5511,0.9163491199419342,0.328,0.3767258382642998,0.48717948717948717,0.13609467455621302,-0.00029953550879954945,-0.0002994906525177754,0.12457720727720523,-0.00018195772459834856,-1.5062831693057954e-05,112.13
2026-09-08,1530,CSX,bull_put,49.5,49.0,0.5,2026-09-11,3,49.18,0.225,0.2613,0.5226,0.8610792192881747,0.302,0.388560157790927,0.40039447731755423,0.21104536489151873,0.0003602420921792193,0.0003603069871540576,0.09186547853938176,0.00024950887757194676,3.9733113181813586e-05,48.95
2026-09-08,1530,DE,bull_put,687.5,685.0,2.5,2026-09-11,3,683.63,1.35,1.393,0.5572,0.9691313711414214,0.3432,0.39250493096646943,0.5779092702169625,0.029585798816568046,-0.0008998907607993961,-0.0008994859805371291,0.25660345548835406,-0.0003222764267618852,-1.9028267347806438e-06,675.74
2026-09-08,1530,DHR,bull_put,207.5,205.0,2.5,2026-09-11,3,206.68,1.15,1.1897,0.47587999999999997,0.9666302429183827,0.3576,0.39250493096646943,0.42011834319526625,0.1873767258382643,-0.0007608748628799324,-0.0007605854710031057,0.09011767697609252,-0.0005303927582410237,-8.74672332306017e-05,200.14
2026-09-08,1530,DIS,bull_put,105.0,104.0,1.0,2026-09-11,3,104.54,0.515,0.5032,0.5032,1.0234499205087442,0.263,0.39250493096646943,0.43984220907297833,0.16765285996055226,-0.00046494758537079465,-0.0004648395139920103,0.07713904939693439,-0.0003414277251503952,-7.299237833220219e-05,106.55
2026-09-08,1530,EOG,bull_put,147.0,146.0,1.0,2026-09-11,3,145.83,0.45,0.5638,0.5638,0.7981553742461867,0.3796,0.41222879684418146,0.5108481262327417,0.07692307692307693,0.0002019041409676639,0.00020192452498069002,0.1931959603851724,9.323378419133029e-05,1.956566085736261e-06,147.36
2026-09-08,1530,FCX,bull_put,78.0,77.0,1.0,2026-09-11,3,77.04,0.51,0.5609,0.5609,0.9092529862720629,0.561,0.39644970414201186,0.4832347140039448,0.1203155818540434,0.00023874021955329686,0.00023876872026762364,0.15664027668574332,0.00012760432675089836,5.562951124997776e-06,71.07
2026-09-08,1530,GE,bull_put,337.5,335.0,2.5,2026-09-11,3,336.36,1.2,1.2364,0.49456,0.9705596894208994,0.3274,0.4556213017751479,0.47534516765285995,0.06903353057199212,-0.0003483417198847927,-0.0003482810559519711,0.15051821625364414,-0.00019074489763582585,-9.398711409408923e-06,323.66
2026-09-08,1530,GILD,bull_put,147.0,146.0,1.0,2026-09-11,3,146.74,0.465,0.4966,0.4966,0.9363672976238422,0.345,0.49506903353057197,0.43984220907297833,0.0650887573964497,0.001255153117820488,0.0012559411521617658,0.17026273915169543,0.0006356127765062747,2.1101302172524212e-05,143.72
2026-09-08,1530,GM,bull_put,86.0,85.0,1.0,2026-09-11,3,85.94,0.415,0.4386,0.4386,0.9461924304605563,0.3586,0.4477317554240631,0.4161735700197239,0.13609467455621302,-0.0008472507219869237,-0.0008468919064367197,0.10397845122977323,-0.0005587260392698813,-6.983185197316784e-05,85.62
2026-09-08,1530,GS,bull_put,1040.0,1037.5,2.5,2026-09-11,3,1034.71,0.675,1.3804,0.55216,0.488988698927847,0.3492,0.4319526627218935,0.5305719921104537,0.03747534516765286,-3.927218068923259e-05,-3.927140954729236e-05,0.29767933590377305,-1.1938630681230364e-05,-3.099878403320328e-08,1029.18
2026-09-08,1530,HD,bull_put,315.0,312.5,2.5,2026-09-11,3,314.38,1.145,1.196,0.4784,0.9573578595317727,0.2998,0.4280078895463511,0.4437869822485207,0.1282051282051282,-0.0006056094778010457,-0.0006054261333948707,0.12739785003084503,-0.0003637042955745398,-2.8456715034939258e-05,308.74
2026-09-08,1530,HON,bull_put,210.0,207.5,2.5,2026-09-11,3,208.35,1.25,1.285,0.514,0.972762645914397,0.3098,0.41222879684418146,0.43984220907297833,0.14792899408284024,-8.366944327390692e-05,-8.366594308362174e-05,0.07314839526627037,-6.244201842504404e-05,-1.445832705890884e-05,202.36
2026-09-08,1530,INTC,bull_put,106.0,105.0,1.0,2026-09-11,3,104.81,0.56,0.5772,0.5772,0.9702009702009702,0.7442,0.368836291913215,0.5897435897435898,0.04142011834319527,-0.0009258862071887825,-0.0009254577068121828,0.2349228534398189,-0.0003616211148122913,-3.294122931061741e-06,102.94
2026-09-08,1530,ISRG,bull_put,352.5,350.0,2.5,2026-09-11,3,350.745,1.2,1.2912,0.5164799999999999,0.929368029739777,0.4821,0.388560157790927,0.5424063116370809,0.06903353057199212,-0.001322905460905353,-0.0013220308072133813,0.2122664879337578,-0.000565583743369532,-8.105384656476657e-06,369.15
2026-09-08,1530,JPM,bull_put,355.0,352.5,2.5,2026-09-11,3,353.88,1.18,1.2234,0.48936,0.9645250940003268,0.2492,0.4635108481262327,0.4161735700197239,0.1203155818540434,0.00038636355342823794,0.00038643820143935415,0.11681001985588746,0.00024219226229806485,2.3418621252475165e-05,356.23
2026-09-08,1530,LOW,bull_put,202.5,200.0,2.5,2026-09-11,3,202.13,1.05,1.1094,0.44376,0.9464575446187129,0.3159,0.4319526627218935,0.39644970414201186,0.17159763313609466,-0.0007256576836042858,-0.0007253944577418903,0.07468250593528447,-0.0005380683317583489,-0.00012082406075396275,196.82
2026-09-08,1530,MA,bull_put,570.0,567.5,2.5,2026-09-11,3,569.7,1.1,1.1356,0.45424,0.9686509334272633,0.2264,0.47928994082840237,0.4516765285996055,0.06903353057199212,-0.0006247518316550094,-0.0006245567148647213,0.18638767690219316,-0.0002963352557796087,-7.125913270284596e-06,569.19
2026-09-08,1530,MDT,bull_put,93.0,92.0,1.0,2026-09-11,3,92.89,0.445,0.4674,0.4674,0.9520753102267865,0.331,0.4240631163708087,0.35700197238658776,0.21893491124260356,-1.6773468440063524e-05,-1.677332776628404e-05,0.09919935646254041,-1.1279563696968162e-05,-1.5511637206141977e-06,90.96
2026-09-08,1530,MRK,bull_put,150.0,149.0,1.0,2026-09-11,3,149.02,0.63,0.5277,0.5277,1.1938601478112565,0.3315,0.3609467455621302,0.5857988165680473,0.05325443786982249,-0.001876985971403798,-0.0018752255348458702,0.1738254838910106,-0.0009355946167114484,-2.8924026110429434e-05,143.93
2026-09-08,1530,MS,bull_put,217.5,215.0,2.5,2026-09-11,3,217.21,1.1,1.1135,0.44539999999999996,0.9878760664571173,0.3336,0.46745562130177515,0.34122287968441817,0.1913214990138067,0.00018242642657330561,0.00018244306728565363,0.09301968663540405,0.0001257579990550673,1.9569371883856773e-05,214.38
2026-09-08,1530,MSFT,bull_put,495.0,492.5,2.5,2026-09-11,3,492.97,1.3,1.3264,0.53056,0.980096501809409,0.2848,0.42011834319526625,0.5108481262327417,0.06903353057199212,-0.00041265883172639673,-0.0004125736997812046,0.1874742752442059,-0.00019490607092974608,-4.58611036642387e-06,495.63
2026-09-08,1530,NOW,bull_put,135.0,134.0,1.0,2026-09-11,3,133.79,0.525,0.5501,0.5501,0.9543719323759317,0.6249,0.3609467455621302,0.5581854043392505,0.08086785009861933,-0.0012233600557199215,-0.001222612055862382,0.24213114143147152,-0.0004641558189985487,-3.6604917050441967e-06,132.53
2026-09-08,1530,PEP,bull_put,139.0,138.0,1.0,2026-09-11,3,138.71,0.565,0.4728,0.4728,1.1950084602368864,0.2242,0.40828402366863903,0.4240631163708087,0.16765285996055226,-0.0007032722087935068,-0.0007030249708556147,0.09826592536168377,-0.00047453183627113534,-6.648725019705756e-05,136.32
2026-09-08,1530,PFE,bull_put,28.0,27.5,0.5,2026-09-11,3,27.835,0.215,0.2268,0.4536,0.9479717813051146,0.2497,0.3609467455621302,0.2859960552268245,0.3530571992110454,-0.00019022801186699108,-0.00019020991966600675,0.007803289012357828,-0.00018436456826127518,-0.0001577244252617951,27.72
2026-09-08,1530,PG,bull_put,146.0,145.0,1.0,2026-09-11,3,145.78,0.47,0.4485,0.4485,1.0479375696767,0.2237,0.4714003944773176,0.388560157790927,0.14003944773175542,-0.0002178958319040366,-0.0002178720943314394,0.10896537853420707,-0.0001408994694149831,-1.5938524170436516e-05,145.27
2026-09-08,1530,PM,bull_put,187.5,185.0,2.5,2026-09-11,3,186.1,1.5,1.2868,0.51472,1.1656823127137084,0.3325,0.38461538461538464,0.43984220907297833,0.1755424063116371,-0.0003625603582682784,-0.0003624946412039698,0.06307303438938838,-0.0002816647555798135,-7.977872508408427e-05,191.06
2026-09-08,1530,QCOM,bull_put,175.0,172.5,2.5,2026-09-11,3,172.5799,1.475,1.4524,0.5809599999999999,1.0155604516662078,0.6087,0.33727810650887574,0.5069033530571992,0.15581854043392504,-0.0004506195866066168,-0.00045051807284934853,0.1533341303313993,-0.0002439740024378504,-1.1363188657670189e-05,181.97
2026-09-08,1530,REGN,bull_put,817.5,815.0,2.5,2026-09-11,3,814.74,1.2,1.3375,0.5349999999999999,0.897196261682243,0.3032,0.4358974358974359,0.4990138067061144,0.0650887573964497,-2.8723580616093862e-05,-2.872316809798825e-05,0.2570166134827403,-1.0274217420060126e-05,-6.01631839722198e-08,781.49
2026-09-08,1530,RTX,bull_put,200.0,197.5,2.5,2026-09-11,3,199.23,1.25,1.152,0.4608,1.0850694444444444,0.268,0.4358974358974359,0.39250493096646943,0.17159763313609466,-0.0003602543970751006,-0.0003601895132515631,0.04470554647763425,-0.00030121013157433535,-0.00012318622110596623,197.68
2026-09-08,1530,SCHW,bull_put,108.0,107.0,1.0,2026-09-11,3,107.61,0.475,0.472,0.472,1.00635593220339,0.2729,0.4437869822485207,0.34122287968441817,0.21499013806706113,0.0013913258295621261,0.001392294172385622,0.08962098619091319,0.0009728444514854399,0.0001620337230788577,107.25
2026-09-08,1530,TJX,bull_put,129.0,128.0,1.0,2026-09-11,3,128.725,0.475,0.4713,0.4713,1.0078506259282833,0.2486,0.4161735700197239,0.41222879684418146,0.17159763313609466,-0.0005427477771269939,-0.0005426005161952574,0.10296302736181129,-0.00035943064654105495,-4.584475030018794e-05,126.02
2026-09-08,1530,TMO,bull_put,610.0,607.5,2.5,2026-09-11,3,606.25,1.65,1.4044,0.56176,1.1748789518655651,0.3297,0.38461538461538464,0.5424063116370809,0.07297830374753451,-0.0005524868491476476,-0.0005523342563915623,0.2402475034638426,-0.0002112755881204653,-1.7301590086883252e-06,609.82
2026-09-08,1530,TSLA,bull_put,370.0,367.5,2.5,2026-09-11,3,368.36,1.325,1.3118,0.5247200000000001,1.0100625095288915,0.477,0.4280078895463511,0.5029585798816568,0.06903353057199212,-0.00035549138580275204,-0.0003554282062269154,0.21640733950352575,-0.00014955944202013892,-1.9729840230688123e-06,365.44
2026-09-08,1530,TXN,bull_put,257.5,255.0,2.5,2026-09-11,3,256.84,0.8,1.182,0.4728,0.6768189509306262,0.4285,0.4516765285996055,0.4714003944773176,0.07692307692307693,-0.0007447899940578413,-0.0007445127068347324,0.15141490276591618,-0.0004062912668906319,-1.966365982324469e-05,268.7
2026-09-08,1530,UNH,bull_put,405.0,402.5,2.5,2026-09-11,3,402.445,1.375,1.3052,0.52208,1.0534783941158443,0.44,0.40433925049309666,0.534516765285996,0.0611439842209073,-0.0009790208238571853,-0.0009785417393277651,0.2204705845775996,-0.0004051191024744336,-4.927192792076013e-06,379.09
2026-09-08,1530,UPS,bull_put,101.0,100.0,1.0,2026-09-11,3,100.83,0.44,0.4452,0.4452,0.9883198562443846,0.2596,0.47928994082840237,0.3530571992110454,0.16765285996055226,0.00016893217314794748,0.0001689464429910359,0.07732402607187283,0.00012400050708997725,2.6411648227839653e-05,100.28
2026-09-08,1530,USB,bull_put,63.0,62.0,1.0,2026-09-11,3,62.595,0.45,0.4624,0.4624,0.9731833910034603,0.25,0.40039447731755423,0.32938856015779094,0.2702169625246548,-7.037994772455831e-05,-7.037747111415804e-05,0.015165690286214506,-6.623509366198476e-05,-4.890583098881167e-05,62.84
2026-09-08,1530,V,bull_put,370.0,367.5,2.5,2026-09-11,3,368.995,1.175,1.1901,0.47603999999999996,0.9873119905890262,0.2186,0.40433925049309666,0.4437869822485207,0.15187376725838264,-0.0008726671773063681,-0.0008722865140440295,0.10629044569737733,-0.0005701823137107031,-6.804350257352655e-05,370.45
2026-09-08,1545,AAPL,bull_put,317.5,315.0,2.5,2026-09-11,3,316.225,1.275,1.2756,0.51024,0.9995296331138287,0.3865,0.4477317554240631,0.4319526627218935,0.1203155818540434,0.000649247019944215,0.0006494578264100159,0.16556258832000337,0.000334918610417152,1.2214646713333576e-05,332.27
2026-09-08,1545,ABBV,bull_put,250.0,247.5,2.5,2026-09-11,3,249.35,1.045,1.168,0.46719999999999995,0.8946917808219178,0.2924,0.45956607495069035,0.41222879684418146,0.1282051282051282,-0.0002097243002723917,-0.00020970230966865788,0.0892404789031025,-0.00014674949777588263,-2.4628823851915167e-05,257.12
2026-09-08,1545,ABT,bull_put,106.0,105.0,1.0,2026-09-11,3,105.7988,0.425,0.4611,0.4611,0.9217089568423336,0.3074,0.4477317554240631,0.36489151873767256,0.1873767258382643,1.205169281592042e-05,1.2051765437837147e-05,0.10703772448264393,7.854292994873676e-06,9.233986517401088e-07,101.95
2026-09-08,1545,ACN,bull_put,180.0,177.5,2.5,2026-09-11,3,179.31,1.3,1.2218,0.48872,1.0640039286298903,0.4773,0.48717948717948717,0.3530571992110454,0.15976331360946747,0.007450647719685663,0.00747847285757941,0.1114854578971789,0.0047878754582347804,0.00051498248849682,183.9
2026-09-08,1545,ADI,bull_put,362.5,360.0,2.5,2026-09-11,3,361.52,1.25,1.2447,0.49788,1.0042580541495942,0.427,0.4635108481262327,0.4635108481262327,0.07297830374753451,-8.81885482011558e-05,-8.818465970539258e-05,0.19813442064880504,-3.9920714079563184e-05,-7.589699651869231e-07,378.78
2026-09-08,1545,AMGN,bull_put,397.5,395.0,2.5,2026-09-11,3,394.055,1.05,1.5077,0.6030800000000001,0.6964250182397028,0.3925,0.3767258382642998,0.5502958579881657,0.07297830374753451,0.00017293702338987832,0.00017295197785904826,0.21190163718016997,7.409939907452138e-05,1.0696961958115048e-06,377.35
2026-09-08,1545,AVGO,bull_put,370.0,367.5,2.5,2026-09-11,3,368.235,1.325,1.3411,0.53644,0.987994929535456,0.4464,0.41222879684418146,0.5463510848126233,0.04142011834319527,-0.000748016618124782,-0.0007477369234374365,0.2074103947626258,-0.000326167035971767,-5.151055963808558e-06,361.99
2026-09-08,1545,AXP,bull_put,327.5,325.0,2.5,2026-09-11,3,326.53,1.215,1.2099,0.48396,1.0042152243987108,0.2612,0.47928994082840237,0.42011834319526625,0.10059171597633136,0.00040884355520287574,0.00040892714312024125,0.11161931465050079,0.00026166360996736403,2.8069215847682208e-05,324.69
2026-09-08,1545,BA,bull_put,212.5,210.0,2.5,2026-09-11,3,211.635,1.2,1.2045,0.48179999999999995,0.9962640099626402,0.3224,0.40433925049309666,0.41222879684418146,0.1834319526627219,-0.00046547041436420565,-0.00046536209981729026,0.077372636302389,-0.00034149234625618425,-7.266592303299693e-05,210.45
2026-09-08,1545,BMY,bull_put,65.0,64.0,1.0,2026-09-11,3,64.65,0.445,0.4747,0.4747,0.9374341689488098,0.2971,0.40433925049309666,0.39644970414201186,0.1992110453648915,-0.0004429235882578027,-0.00044282551208585375,0.031958514611426514,-0.0003896861829460613,-0.00020564912993661764,63.64
2026-09-08,1545,CAT,bull_put,827.5,825.0,2.5,2026-09-11,3,824.0,0.3,1.3369,0.53476,0.22439973072032313,0.411,0.4240631163708087,0.5542406311637081,0.021696252465483234,-0.0007238036903792289,-0.0007235418076758648,0.2880639079836129,-0.00022858375772922803,-7.193728689388501e-07,818.57
2026-09-08,1545,CL,bull_put,89.0,88.0,1.0,2026-09-11,3,88.475,0.6,0.4989,0.4989,1.2026458208057726,0.275,0.388560157790927,0.3767258382642998,0.23471400394477318,6.0647517438466685e-05,6.0649356536268684e-05,0.06056106635565217,4.76015231869608e-05,1.4177318988965491e-05,86.8
2026-09-08,1545,CRM,bull_put,250.0,247.5,2.5,2026-09-11,3,249.17,1.125,1.2031,0.48124,0.9350843653894106,0.4735,0.4161735700197239,0.4280078895463511,0.15581854043392504,-0.0005150469648669089,-0.0005149143509473042,0.16098248449989727,-0.00027044551102044153,-1.0809452145182393e-05,247.72
2026-09-08,1545,CSX,bull_put,49.5,49.0,0.5,2026-09-11,3,49.185,0.225,0.2603,0.5206,0.8643872454859778,0.303,0.388560157790927,0.40039447731755423,0.21104536489151873,0.0002710811295823807,0.00027111787539202403,0.09217116849300466,0.00018751690791362702,2.9679175760002176e-05,48.95
2026-09-08,1545,DE,bull_put,687.5,685.0,2.5,2026-09-11,3,683.998,1.3,1.3683,0.54732,0.9500840458963677,0.3481,0.39250493096646943,0.5779092702169625,0.029585798816568046,-0.001090998376240446,-0.0010904034538847807,0.25625307566678723,-0.00039122809194169897,-2.326184174893933e-06,675.74
2026-09-08,1545,DHR,bull_put,207.5,205.0,2.5,2026-09-11,3,206.085,0.9,1.2782,0.51128,0.7041151619464873,0.3531,0.36489151873767256,0.4477317554240631,0.1873767258382643,-0.0007023299519043325,-0.0007020833759528999,0.08770556927902162,-0.0004943431388046647,-8.555149740350343e-05,200.14
2026-09-08,1545,DIS,bull_put,105.0,104.0,1.0,2026-09-11,3,104.7472,0.46,0.463,0.463,0.9935205183585313,0.2586,0.42011834319526625,0.40039447731755423,0.1794871794871795,-0.0005410874883600824,-0.0005409411269243769,0.07886363203101587,-0.0003945934214894874,-8.149839130718536e-05,106.55
2026-09-08,1545,EOG,bull_put,147.0,146.0,1.0,2026-09-11,3,145.841,0.45,0.5614,0.5614,0.8015675097969363,0.379,0.41222879684418146,0.5108481262327417,0.07692307692307693,0.00011924662149906742,0.00011925373166010722,0.19269139551051329,5.5173779975128045e-05,1.1695978008738048e-06,147.36
2026-09-08,1545,FCX,bull_put,78.0,77.0,1.0,2026-09-11,3,76.91,0.525,0.5738,0.5738,0.9149529452771001,0.5658,0.3767258382642998,0.5029585798816568,0.1203155818540434,-1.6820016239154842e-05,-1.6819874783524646e-05,0.1622702742050227,-8.788816958811477e-06,-3.4234873416748854e-07,71.07
2026-09-08,1545,GE,bull_put,337.5,335.0,2.5,2026-09-11,3,335.815,1.275,1.2883,0.51532,0.9896763176278817,0.3355,0.43984220907297833,0.48717948717948717,0.07297830374753451,-0.00024452619566122345,-0.0002444963015677537,0.1553377096646873,-0.00013134787575903514,-5.877286350314618e-06,323.66
2026-09-08,1545,GILD,bull_put,147.0,146.0,1.0,2026-09-11,3,146.65,0.53,0.5077,0.5077,1.0439235769155013,0.3404,0.47928994082840237,0.4437869822485207,0.07692307692307693,0.0013391778673297432,0.0013400749664236322,0.16783093098847912,0.000684820741324832,2.3867996254848956e-05,143.72
2026-09-08,1545,GS,bull_put,1040.0,1037.5,2.5,2026-09-11,3,1034.1550000000002,0.8,1.3977,0.55908,0.5723688917507334,0.3502,0.4240631163708087,0.5305719921104537,0.045364891518737675,1.0825824560737295e-05,1.0825883160148209e-05,0.29968810321117945,3.264763884458398e-06,8.143179109067286e-09,1029.18
2026-09-08,1545,HD,bull_put,315.0,312.5,2.5,2026-09-11,3,314.31,1.125,1.2028,0.48112000000000005,0.935317592284669,0.3017,0.4280078895463511,0.4437869822485207,0.1282051282051282,-0.0005565431179748704,-0.000556388276580444,0.12821994589517371,-0.00033314792351898893,-2.5640873214864456e-05,308.74
2026-09-08,1545,HON,bull_put,210.0,207.5,2.5,2026-09-11,3,208.405,1.05,1.3005,0.5202,0.8073817762399078,0.3052,0.42011834319526625,0.4358974358974359,0.14398422090729784,0.00020676322997106693,0.0002067846069611079,0.06908801665945719,0.00015685560029830934,3.93921006707507e-05,202.36
2026-09-08,1545,INTC,bull_put,106.0,105.0,1.0,2026-09-11,3,105.218,0.55,0.5525,0.5525,0.9954751131221721,0.7397,0.38461538461538464,0.5700197238658777,0.045364891518737675,-0.0010093612513140142,-0.0010088520175941529,0.2291820921713127,-0.0004033642413643594,-4.1214215285044575e-06,102.94
2026-09-08,1545,ISRG,bull_put,352.5,350.0,2.5,2026-09-11,3,351.53,1.2,1.2226,0.48904,0.9815148045149681,0.4784,0.40433925049309666,0.5029585798816568,0.09270216962524655,-0.0012232590501836537,-0.001222511173811669,0.20911192674022705,-0.0005296490696367409,-8.084722096200946e-06,369.15
2026-09-08,1545,JPM,bull_put,355.0,352.5,2.5,2026-09-11,3,354.16,1.13,1.1814,0.47256,0.9564922972744201,0.2474,0.4832347140039448,0.41222879684418146,0.10453648915187377,0.00014580711933058314,0.0001458177497053459,0.1166289200434234,9.145452663515562e-05,8.875223083496653e-06,356.23
2026-09-08,1545,LOW,bull_put,202.5,200.0,2.5,2026-09-11,3,201.87,1.05,1.1515,0.4606,0.9118541033434651,0.3149,0.42011834319526625,0.4161735700197239,0.16370808678500987,-0.0007300972157296848,-0.0007298307596077525,0.06974069811005079,-0.000552166636627958,-0.00013687059487199968,196.82
2026-09-08,1545,MA,bull_put,572.5,570.0,2.5,2026-09-11,3,570.02,1.3,1.3056,0.52224,0.9957107843137255,0.2428,0.40433925049309666,0.514792899408284,0.08086785009861933,-0.0007779866199291597,-0.0007776840668045626,0.18883591854005255,-0.00036539416818988173,-8.366689720834116e-06,569.19
2026-09-08,1545,MDT,bull_put,93.0,92.0,1.0,2026-09-11,3,92.76,0.495,0.4987,0.4987,0.9925807098455985,0.3329,0.40433925049309666,0.3806706114398422,0.21499013806706113,0.0002827805237658309,0.00028282050994721253,0.0946493620804445,0.00019368149037466532,2.9172537379613465e-05,90.96
2026-09-08,1545,MRK,bull_put,150.0,149.0,1.0,2026-09-11,3,148.94,0.54,0.5351,0.5351,1.0091571668846944,0.3325,0.35700197238658776,0.5857988165680473,0.05719921104536489,-0.0018018493107266288,-0.0018002269548172967,0.17589563608154957,-0.0008907693055529137,-2.6421359526126226e-05,143.93
2026-09-08,1545,MS,bull_put,217.5,215.0,2.5,2026-09-11,3,217.08,1.15,1.1349,0.45396000000000003,1.0133051370164772,0.3338,0.4556213017751479,0.3530571992110454,0.1913214990138067,6.875111259745277e-05,6.875347600932002e-05,0.0909134252151238,4.779273280369351e-05,7.757073139022173e-06,214.38
2026-09-08,1545,MSFT,bull_put,495.0,492.5,2.5,2026-09-11,3,493.65,1.275,1.2717,0.50868,1.0025949516395376,0.2862,0.4280078895463511,0.4911242603550296,0.08086785009861933,-0.0005274374753807837,-0.0005272984046870155,0.18627684739247607,-0.000250299757981821,-6.032263320460329e-06,495.63
2026-09-08,1545,NOW,bull_put,135.0,134.0,1.0,2026-09-11,3,134.12,0.49,0.5289,0.5289,0.926451124976366,0.6212,0.38461538461538464,0.514792899408284,0.10059171597633136,-0.0008798562770876315,-0.0008794693170515178,0.23796992871149514,-0.00033948812277152904,-2.9096720803949e-06,132.53
2026-09-08,1545,PEP,bull_put,139.0,138.0,1.0,2026-09-11,3,138.62,0.485,0.4889,0.4889,0.9920229085702598,0.2249,0.39644970414201186,0.4319526627218935,0.17159763313609466,-0.0006042675214312067,-0.0006040849885805555,0.09685468427990429,-0.00041005699428437473,-5.90983186570988e-05,136.32
2026-09-08,1545,PFE,bull_put,28.0,27.5,0.5,2026-09-11,3,27.845,0.21,0.2168,0.4336,0.9686346863468634,0.2434,0.3727810650887574,0.28205128205128205,0.34516765285996054,-0.00039668515033287454,-0.00039660648118122754,0.010103148257890604,-0.000380898130278823,-0.0003112103342887694,27.72
2026-09-08,1545,PG,bull_put,146.0,145.0,1.0,2026-09-11,3,145.86,0.44,0.4479,0.4479,0.9823621344050011,0.2302,0.47534516765285995,0.38461538461538464,0.14003944773175542,-0.00015697146532407365,-0.00015695914594826554,0.11355832593656556,-9.965878993527447e-05,-1.0283963416943802e-05,145.27
2026-09-08,1545,PM,bull_put,187.5,185.0,2.5,2026-09-11,3,185.87,1.275,1.322,0.5288,0.964447806354009,0.338,0.3806706114398422,0.4516765285996055,0.16765285996055226,-0.0002912522609277565,-0.00029120985110542286,0.06753970580610691,-0.0002222683247072626,-5.757515890966982e-05,191.06
2026-09-08,1545,PNC,bull_put,245.0,242.5,2.5,2026-09-11,3,243.5325,1.05,1.275,0.51,0.823529411764706,0.251,0.3767258382642998,0.42011834319526625,0.20315581854043394,-0.00032157125368666075,-0.000321519555192773,0.06214505404042092,-0.0002507554472731982,-7.235445810133621e-05,244.24
2026-09-08,1545,QCOM,bull_put,175.0,172.5,2.5,2026-09-11,3,173.14,1.45,1.3969,0.55876,1.0380127425012526,0.6024,0.3727810650887574,0.46745562130177515,0.15976331360946747,-7.049033020607373e-06,-7.049008176274185e-06,0.14524515588406617,-3.942859806284623e-06,-2.158877205951062e-07,181.97
2026-09-08,1545,REGN,bull_put,815.0,812.5,2.5,2026-09-11,3,813.04,1.55,1.3034,0.5213599999999999,1.1891974835046801,0.3051,0.4516765285996055,0.4714003944773176,0.07692307692307693,0.00021070089988310323,0.0002107230988768194,0.2555857097921206,7.580786937362138e-05,4.5679887154621136e-07,781.49
2026-09-08,1545,RTX,bull_put,200.0,197.5,2.5,2026-09-11,3,199.2,1.17,1.1365,0.4546,1.029476462824461,0.267,0.4358974358974359,0.39250493096646943,0.17159763313609466,-0.00046948709164407274,-0.00046937689982473607,0.04482776572982017,-0.0003923267377010488,-0.00016005855108234483,197.68
2026-09-08,1545,SCHW,bull_put,108.0,107.0,1.0,2026-09-11,3,107.55,0.54,0.4867,0.4867,1.109513047051572,0.2741,0.4358974358974359,0.34911242603550297,0.21499013806706113,0.0023155079328275804,0.0023181907916483002,0.08909009089547992,0.0016232441145562142,0.0002732480929128204,107.25
2026-09-08,1545,TJX,bull_put,129.0,128.0,1.0,2026-09-11,3,128.685,0.475,0.4822,0.4822,0.9850684363334715,0.2491,0.41222879684418146,0.4161735700197239,0.17159763313609466,-0.00042057682489039013,-0.00042048839485520073,0.10143989869850412,-0.0002802430565683027,-3.685013609433455e-05,126.02
2026-09-08,1545,TMO,bull_put,607.5,605.0,2.5,2026-09-11,3,605.695,0.15,1.293,0.5172,0.1160092807424594,0.3302,0.43984220907297833,0.514792899408284,0.045364891518737675,-0.00048708619009526794,-0.00048696758287503084,0.23164464663106799,-0.0001927933653317165,-1.875220095468182e-06,609.82
2026-09-08,1545,TSLA,bull_put,370.0,367.5,2.5,2026-09-11,3,367.97,1.3,1.3328,0.53312,0.975390156062425,0.4755,0.42011834319526625,0.5029585798816568,0.07692307692307693,-0.0002848462948090505,-0.0002848057299549289,0.21711830605535565,-0.00011950211552318769,-1.55421089410619e-06,365.44
2026-09-08,1545,TXN,bull_put,257.5,255.0,2.5,2026-09-11,3,257.24,1.125,1.153,0.4612,0.9757155247181266,0.427,0.4516765285996055,0.4477317554240631,0.10059171597633136,-0.0007225280507976418,-0.0007222670902597983,0.15273509838873323,-0.0003920755724367858,-1.848117488578608e-05,268.7
2026-09-08,1545,UNH,bull_put,405.0,402.5,2.5,2026-09-11,3,401.895,1.4,1.3548,0.54192,1.0333628579864187,0.4325,0.39250493096646943,0.5463510848126233,0.0611439842209073,-0.0008748329738108183,-0.000874450419010131,0.22149076523382505,-0.0003605506822214322,-4.296570863111433e-06,379.09
2026-09-08,1545,UPS,bull_put,101.0,100.0,1.0,2026-09-11,3,100.955,0.445,0.4174,0.4174,1.066123622424533,0.2525,0.4911242603550296,0.33727810650887574,0.17159763313609466,-0.00012713559831313082,-0.00012712751692545154,0.08225015999441054,-9.148637124254595e-05,-1.7657962470628953e-05,100.28
2026-09-08,1545,USB,bull_put,63.0,62.0,1.0,2026-09-11,3,62.675,0.395,0.4521,0.4521,0.8737005087370051,0.2471,0.4161735700197239,0.30177514792899407,0.28205128205128205,0.0002446166963267042,0.0002446466174303996,0.022328606680572127,0.0002237435130454563,0.00014315503891192558,62.84
2026-09-08,1545,V,bull_put,370.0,367.5,2.5,2026-09-11,3,369.47,1.1,1.1198,0.44792,0.982318271119843,0.2186,0.4516765285996055,0.42011834319526625,0.1282051282051282,-0.0006935200209955,-0.0006932795915698398,0.10896838407426035,-0.00044834356854117207,-5.071350018964613e-05,370.45
2026-09-08,1545,VRTX,bull_put,530.0,527.5,2.5,2026-09-11,3,529.66,0.2,1.2122,0.48488,0.16498927569707972,0.3567,0.4516765285996055,0.4832347140039448,0.0650887573964497,-0.0006440548594502408,-0.0006438475006385058,0.22424904567374226,-0.00026255634723167353,-2.9608749078621805e-06,515.44
2026-09-09,1530,AAPL,bull_put,317.5,315.0,2.5,2026-09-11,2,315.55,1.35,1.3538,0.54152,0.9971930861279363,0.38,0.368836291913215,0.43984220907297833,0.1913214990138067,-8.9688248413506e-05,-8.968422654276331e-05,0.13606030949192882,-5.204213447467316e-05,-3.424130185434404e-06,332.27
2026-09-09,1530,ABT,bull_put,106.0,105.0,1.0,2026-09-11,2,105.45,0.8,0.5112,0.5112,1.564945226917058,0.3079,0.38461538461538464,0.4477317554240631,0.16765285996055226,-0.000498333048782244,-0.0004982089014915481,0.07276103387725508,-0.00037240252825524307,-8.689970668244002e-05,101.95
2026-09-09,1530,ACN,bull_put,177.5,175.0,2.5,2026-09-11,2,177.015,1.3,1.174,0.46959999999999996,1.1073253833049406,0.4709,0.4516765285996055,0.3214990138067061,0.22682445759368836,0.0031468184495112086,0.0031517748803207013,0.07912888945879248,0.0022966469017172424,0.00047183421297975424,183.9
2026-09-09,1530,ADI,bull_put,365.0,362.5,2.5,2026-09-11,2,362.59,1.25,1.363,0.5452,0.917094644167278,0.4465,0.388560157790927,0.534516765285996,0.07692307692307693,-0.0007418333116706189,-0.0007415582213673444,0.1824382422291394,-0.0003574518643678201,-9.302059835855538e-06,378.78
2026-09-09,1530,AMGN,bull_put,395.0,392.5,2.5,2026-09-11,2,392.34,1.7,1.4115,0.5646,1.20439249025859,0.3378,0.3609467455621302,0.5305719921104537,0.10848126232741617,-0.0006819781625236861,-0.0006817456682716161,0.1590808157561059,-0.00036080346970602633,-1.498001665226986e-05,377.35
2026-09-09,1530,AMZN,bull_put,252.5,250.0,2.5,2026-09-11,2,252.1986,1.085,1.1067,0.44268,0.9803921568627451,0.3261,0.4556213017751479,0.38461538461538464,0.15976331360946747,-0.0004252052045902637,-0.00042511481766871473,0.08279804507032207,-0.00030526098870523185,-5.82769245665063e-05,256.78
2026-09-09,1530,AVGO,bull_put,365.0,362.5,2.5,2026-09-11,2,363.79,1.2,1.2779,0.5111600000000001,0.9390406135065341,0.4299,0.4319526627218935,0.5029585798816568,0.0650887573964497,-0.0005616018493517626,-0.0005614441805502635,0.17121465129118452,-0.0002830585460541304,-9.219868056948504e-06,361.99
2026-09-09,1530,BAC,bull_put,63.0,62.0,1.0,2026-09-11,2,62.815,0.4,0.3737,0.3737,1.0703773080010706,0.2484,0.47928994082840237,0.23076923076923078,0.28994082840236685,-5.3271081303685706e-05,-5.326966242480413e-05,0.024046659808425463,-4.838454016479155e-05,-2.991162343337114e-05,62.69
2026-09-09,1530,CAT,bull_put,822.5,820.0,2.5,2026-09-11,2,817.75,1.9,1.3839,0.5535599999999999,1.372931570200159,0.4068,0.39644970414201186,0.5384615384615384,0.0650887573964497,-0.0005261969376176064,-0.0005260585202883084,0.27358932593853214,-0.00017610055341166862,-7.402766134474109e-07,818.57
2026-09-09,1530,CRM,bull_put,245.0,242.5,2.5,2026-09-11,2,244.16,1.185,1.2271,0.49084000000000005,0.9656914676880449,0.4729,0.45956607495069035,0.42011834319526625,0.1203155818540434,0.0002539225807126448,0.00025395482177992257,0.12576810199908917,0.0001535588645909542,1.2412722270650446e-05,247.72
2026-09-09,1530,CSCO,bull_put,110.0,109.0,1.0,2026-09-11,2,109.26,0.52,0.5408,0.5408,0.9615384615384617,0.327,0.3767258382642998,0.47534516765285995,0.14792899408284024,-0.0003665992705582438,-0.0003665320812564765,0.09101178738219073,-0.0002546879071580144,-4.12562721955541e-05,112.13
2026-09-09,1530,CSX,bull_put,48.5,48.0,0.5,2026-09-11,2,48.415,0.25,0.2207,0.4414,1.1327594019030358,0.3092,0.4556213017751479,0.3096646942800789,0.23471400394477318,0.0005524644249180893,0.000552617061496008,0.0685247622245797,0.0004201308616318822,0.00010670531755502019,48.95
2026-09-09,1530,CVX,bull_put,215.0,212.5,2.5,2026-09-11,2,213.9,1.235,1.2573,0.50292,0.9822635806887775,0.2803,0.40828402366863903,0.34911242603550297,0.24260355029585798,0.0026722295690489034,0.0026758031569238394,0.027987999619833115,0.00239240128279253,0.0013668893215589629,214.06
2026-09-09,1530,DE,bull_put,677.5,675.0,2.5,2026-09-11,2,675.71,1.6,1.2976,0.5190400000000001,1.2330456226880395,0.3506,0.41222879684418146,0.5226824457593688,0.0650887573964497,-0.0008282972276766176,-0.0008279542842208887,0.22754609937928472,-0.0003332102069911542,-3.5178554453568167e-06,675.74
2026-09-09,1530,DHR,bull_put,205.0,202.5,2.5,2026-09-11,2,204.965,0.925,1.0296,0.41184000000000004,0.8984071484071484,0.3627,0.4556213017751479,0.3214990138067061,0.22287968441814596,-0.0003862778178656246,-0.0003862032221945144,0.07812139495409398,-0.00028255638779267796,-5.92313068712791e-05,200.14
2026-09-09,1530,DIS,bull_put,105.0,104.0,1.0,2026-09-11,2,104.4,0.52,0.5092,0.5092,1.021209740769835,0.3271,0.36489151873767256,0.4477317554240631,0.1873767258382643,-0.0007336455891574392,-0.0007333765370325374,0.08236711845354927,-0.0005275221153281003,-0.00010158017825476436,106.55
2026-09-09,1530,EOG,bull_put,148.0,147.0,1.0,2026-09-11,2,147.8,0.325,0.4811,0.4811,0.6755352317605487,0.3787,0.48717948717948717,0.39250493096646943,0.1203155818540434,0.0018462798044793644,0.0018479852284394305,0.15652872093568837,0.0009880530347048011,4.31706970663108e-05,147.36
2026-09-09,1530,FCX,bull_put,77.0,76.0,1.0,2026-09-11,2,76.555,0.525,0.5019,0.5019,1.0460251046025104,0.5774,0.4477317554240631,0.4319526627218935,0.1203155818540434,0.00020783632436923404,0.00020785792383448687,0.11971144958902602,0.0001287675691261591,1.1749139427390828e-05,71.07
2026-09-09,1530,GE,bull_put,327.5,325.0,2.5,2026-09-11,2,326.15,1.435,1.2286,0.49144,1.1679960931141138,0.4008,0.4556213017751479,0.4477317554240631,0.09664694280078895,-0.00013442624257791955,-0.00013441720777540578,0.12980793788862566,-7.997520925858043e-05,-5.962905990877338e-06,323.66
2026-09-09,1530,GILD,bull_put,146.0,145.0,1.0,2026-09-11,2,145.86,0.52,0.4665,0.4665,1.1146838156484458,0.3349,0.4714003944773176,0.4280078895463511,0.10059171597633136,-0.0002607323792246999,-0.0002606983914918981,0.13800160068450817,-0.00015010840727411665,-9.500322396781957e-06,143.72
2026-09-09,1530,GM,bull_put,85.0,84.0,1.0,2026-09-11,2,84.851,0.39,0.4527,0.4527,0.8614976805831677,0.3908,0.4161735700197239,0.38461538461538464,0.1992110453648915,-0.0006095279540013544,-0.0006093422295746498,0.08158781237079515,-0.0004396719205676201,-8.599357346401864e-05,85.62
2026-09-09,1530,GS,bull_put,1035.0,1032.5,2.5,2026-09-11,2,1030.57,1.1,1.3761,0.55044,0.7993605115907274,0.3698,0.4240631163708087,0.5226824457593688,0.05325443786982249,-9.244682567252898e-05,-9.244255259643896e-05,0.28327091141777894,-2.977007674343175e-05,-1.031145806603016e-07,1029.18
2026-09-09,1530,HD,bull_put,312.5,310.0,2.5,2026-09-11,2,311.07,1.36,1.2787,0.5114799999999999,1.063580198639243,0.3066,0.3767258382642998,0.4358974358974359,0.1873767258382643,-0.00045710496821710616,-0.0004570005116576459,0.09780462032524517,-0.0003090385508640151,-4.3701115263888393e-05,308.74
2026-09-09,1530,IBM,bull_put,240.0,237.5,2.5,2026-09-11,2,238.615,1.61,1.317,0.5267999999999999,1.2224753227031133,0.4423,0.40828402366863903,0.46745562130177515,0.1242603550295858,-0.0001778915406315711,-0.0001778757188696245,0.11252984337581373,-0.00011340502747777125,-1.1945669847031357e-05,243.29
2026-09-09,1530,INTC,bull_put,107.0,106.0,1.0,2026-09-11,2,105.725,0.585,0.5798,0.5798,1.0089686098654709,0.7483,0.3530571992110454,0.6015779092702169,0.045364891518737675,-0.0012078125369059702,-0.0012070834249169327,0.21500321581418302,-0.0005107853652135431,-6.930175632992802e-06,102.94
2026-09-09,1530,ISRG,bull_put,355.0,352.5,2.5,2026-09-11,2,352.17,1.35,1.4061,0.5624399999999999,0.960102410923832,0.4587,0.33727810650887574,0.5621301775147929,0.10059171597633136,-0.0013418483830659788,-0.0013409485070684513,0.18578722854449636,-0.0006377737326749004,-1.5521699281851976e-05,369.15
2026-09-09,1530,KO,bull_put,88.0,87.0,1.0,2026-09-11,2,87.83,0.395,0.3993,0.3993,0.9892311545204108,0.2124,0.40039447731755423,0.26232741617357,0.33727810650887574,-0.0005496452742234743,-0.0005494942469315145,0.02827939565186499,-0.0004907234454421552,-0.0002787437242171617,88.29
2026-09-09,1530,MA,bull_put,570.0,567.5,2.5,2026-09-11,2,569.75,1.2,1.1017,0.44067999999999996,1.0892257420350369,0.237,0.4832347140039448,0.40039447731755423,0.11637080867850098,-0.00035516944079450833,-0.0003551063755952155,0.16273147280854672,-0.00018521021974893237,-7.1482105077763765e-06,569.19
2026-09-09,1530,MMM,bull_put,165.0,162.5,2.5,2026-09-11,2,164.59,1.13,0.9307,0.37228,1.2141398947029116,0.2828,0.4358974358974359,0.26627218934911245,0.2978303747534517,-0.0007051993122997491,-0.0007049507177043779,0.029296897908611008,-0.000626996090125517,-0.00034897571895832545,164.97
2026-09-09,1530,MO,bull_put,68.0,67.0,1.0,2026-09-11,2,67.9,0.39,0.3873,0.3873,1.0069713400464757,0.2568,0.49506903353057197,0.24260355029585798,0.26232741617357,0.0005378048820879038,0.0005379495250621424,0.03963752393165021,0.0004590754797526827,0.00020777674497962263,68.98
2026-09-09,1530,MSFT,bull_put,492.5,490.0,2.5,2026-09-11,2,491.795,1.2,1.2083,0.48331999999999997,0.9931308449888273,0.3024,0.4516765285996055,0.45956607495069035,0.08875739644970414,-0.00044195542879881845,-0.0004418577808841251,0.16449782337593521,-0.00022883398266067216,-8.525317846938704e-06,495.63
2026-09-09,1530,NOW,bull_put,133.0,132.0,1.0,2026-09-11,2,131.675,0.48,0.5683,0.5683,0.8446243181418265,0.6603,0.3767258382642998,0.5502958579881657,0.07297830374753451,-0.0006037100065863126,-0.0006035278103666553,0.22609760489813835,-0.00024430115393427846,-2.6550131396997804e-06,132.53
2026-09-09,1530,PG,bull_put,143.0,142.0,1.0,2026-09-11,2,142.58,0.34,0.4893,0.4893,0.6948702227672185,0.232,0.3806706114398422,0.4319526627218935,0.1873767258382643,-0.000750700268669149,-0.0007504185637188243,0.07444609705799166,-0.0005571568218377687,-0.00012570335508201684,145.27
2026-09-09,1530,PNC,bull_put,242.5,240.0,2.5,2026-09-11,2,241.385,1.1,1.2102,0.48407999999999995,0.9089406709634772,0.2671,0.39250493096646943,0.3609467455621302,0.2465483234714004,-3.8081817127913215e-05,-3.80810920247443e-05,0.04019466623964063,-3.242530776241745e-05,-1.4513015926469993e-05,244.24
2026-09-09,1530,PYPL,bull_put,53.0,52.0,1.0,2026-09-11,2,52.47,0.655,0.5421,0.5421,1.2082641579044457,0.6503,0.32938856015779094,0.3609467455621302,0.3096646942800789,0.0005139060111528423,0.0005140380834702807,0.08003638214518816,0.00037321394208358124,7.529578699059981e-05,53.72
2026-09-09,1530,QCOM,bull_put,177.5,175.0,2.5,2026-09-11,2,175.84,1.305,1.3639,0.5455599999999999,0.956815015763619,0.5765,0.35700197238658776,0.4635108481262327,0.1794871794871795,-0.0003981154237894663,-0.00039803618635969595,0.1082874794320422,-0.0002581118463392861,-2.9596124250805116e-05,181.97
2026-09-09,1530,SBUX,bull_put,101.0,100.0,1.0,2026-09-11,2,100.73,0.385,0.4492,0.4492,0.8570792520035619,0.3071,0.4358974358974359,0.42011834319526625,0.14398422090729784,-0.0008146827752680374,-0.0008143510113560737,0.07009638065679025,-0.0006152360210873415,-0.00015142316811791925,98.74
2026-09-09,1530,SCHW,bull_put,107.0,106.0,1.0,2026-09-11,2,106.905,0.515,0.4174,0.4174,1.2338284619070436,0.2817,0.514792899408284,0.3057199211045365,0.1794871794871795,0.0012230948026149963,0.0012238430881066353,0.07530756103892977,0.0009055305497165109,0.00020081212991349844,107.25
2026-09-09,1530,TMO,bull_put,610.0,607.5,2.5,2026-09-11,2,608.319,1.05,1.2805,0.5122,0.8199921905505663,0.3556,0.4319526627218935,0.5108481262327417,0.05719921104536489,-0.0006222506616161746,-0.0006220571038224598,0.2163524856773159,-0.0002618107599729922,-3.457591467648301e-06,609.82
2026-09-09,1530,TSLA,bull_put,370.0,367.5,2.5,2026-09-11,2,368.9,1.25,1.2655,0.5062,0.9877518767285657,0.4916,0.4635108481262327,0.4516765285996055,0.08481262327416174,0.00029363522879564084,0.0002936783438394208,0.19196562431774822,0.00013626787295127824,2.9309016797319318e-06,365.44
2026-09-09,1530,TXN,bull_put,262.5,260.0,2.5,2026-09-11,2,260.46,1.205,1.3533,0.54132,0.8904160200990173,0.4362,0.3767258382642998,0.5187376725838264,0.10453648915187377,-0.0007935161598809177,-0.0007932014091917017,0.12985635979265608,-0.00047184556255318945,-3.5146482362418914e-05,268.7
2026-09-09,1530,UNH,bull_put,395.0,392.5,2.5,2026-09-11,2,393.38,1.3,1.2859,0.51436,1.0109650828213703,0.3511,0.4280078895463511,0.49506903353057197,0.07692307692307693,-0.00046625214238501383,-0.0004661434637460715,0.1544660263946802,-0.00025129545119292207,-1.1442206181470936e-05,379.09
2026-09-09,1530,UPS,bull_put,100.0,99.0,1.0,2026-09-11,2,99.495,0.57,0.4914,0.4914,1.1599511599511598,0.26,0.42011834319526625,0.4161735700197239,0.16370808678500987,-0.00017074548566061928,-0.0001707309094798326,0.0411727653998466,-0.0001448063925868163,-6.355732907492032e-05,100.28
2026-09-09,1530,V,bull_put,370.0,367.5,2.5,2026-09-11,2,368.84,1.145,1.1884,0.47535999999999995,0.9634803096600472,0.2228,0.40828402366863903,0.4280078895463511,0.16370808678500987,-0.0006958515350750059,-0.0006956094865421258,0.07683339096114361,-0.0005115548720994529,-0.00011003373903312095,370.45
2026-09-09,1530,XOM,bull_put,165.0,162.5,2.5,2026-09-11,2,164.52,1.035,1.0577,0.42308,0.9785383379029969,0.3231,0.4635108481262327,0.2978303747534517,0.23865877712031558,9.523799251026904e-05,9.524252779180564e-05,0.03108567382317351,8.410650120464781e-05,4.5167165270655434e-05,165.99
2026-09-09,1545,AAPL,bull_put,317.5,315.0,2.5,2026-09-11,2,315.84,1.3,1.3198,0.5279200000000001,0.9849977269283224,0.3787,0.3767258382642998,0.4280078895463511,0.1952662721893491,-0.00011213614502789907,-0.0001121298580053498,0.13251793114907573,-6.599545800393588e-05,-4.660987327522854e-06,332.27
2026-09-09,1545,ACN,bull_put,177.5,175.0,2.5,2026-09-11,2,177.215,0.775,1.1364,0.45456,0.6819781766983456,0.473,0.45956607495069035,0.3136094674556213,0.22682445759368836,0.0019959086892306944,0.0019979018408073923,0.08347336390375104,0.0014307576006969984,0.00026947943934586154,183.9
2026-09-09,1545,ADI,bull_put,365.0,362.5,2.5,2026-09-11,2,363.145,1.0,1.3378,0.53512,0.7474958887726117,0.4399,0.40433925049309666,0.4911242603550296,0.10453648915187377,-0.00030822790343041674,-0.00030818040609026376,0.17659931018383868,-0.000152061965391545,-4.447321038814257e-06,378.78
2026-09-09,1545,AMGN,bull_put,392.5,390.0,2.5,2026-09-11,2,391.93,0.7,1.1953,0.47812,0.5856270392370115,0.3286,0.4477317554240631,0.40433925049309666,0.14792899408284024,-4.256238920624482e-05,-4.256148344061739e-05,0.14485962030025168,-2.384348986653297e-05,-1.315634176001929e-06,377.35
2026-09-09,1545,AMZN,bull_put,252.5,250.0,2.5,2026-09-11,2,252.235,1.115,1.0965,0.4386,1.0168718650250799,0.3272,0.4556213017751479,0.3767258382642998,0.16765285996055226,-0.0004239232367589073,-0.0004238333939995398,0.0845195073469025,-0.00030225239396503446,-5.5749713036818227e-05,256.78
2026-09-09,1545,AVGO,bull_put,365.0,362.5,2.5,2026-09-11,2,363.68,1.05,1.2886,0.51544,0.8148378084743133,0.4322,0.4280078895463511,0.5069033530571992,0.0650887573964497,-0.0005657540805222658,-0.0005655940718590768,0.17223407321795592,-0.00028399037322772777,-9.063531878391009e-06,361.99
2026-09-09,1545,CAT,bull_put,822.5,820.0,2.5,2026-09-11,2,818.42,2.0,1.3657,0.54628,1.4644504649630228,0.4071,0.4240631163708087,0.5266272189349113,0.04930966469428008,-0.0002175420847680496,-0.00021751842420447698,0.2707948565639663,-7.363379780748897e-05,-3.273278530623581e-07,818.57
2026-09-09,1545,CRM,bull_put,245.0,242.5,2.5,2026-09-11,2,244.515,1.355,1.1737,0.46948,1.1544687739626822,0.4603,0.47534516765285995,0.40039447731755423,0.1242603550295858,0.00011104135908279397,0.00011104752440260768,0.1251610316563776,6.7310357875186e-05,5.507404710098166e-06,247.72
2026-09-09,1545,CSCO,bull_put,110.0,109.0,1.0,2026-09-11,2,109.321898,0.515,0.5269,0.5269,0.9774150692731068,0.3244,0.388560157790927,0.46745562130177515,0.14398422090729784,-0.0003945418920238558,-0.0003944640706065039,0.08818251120749587,-0.00027721628548408916,-4.751986296811995e-05,112.13
2026-09-09,1545,CSX,bull_put,48.5,48.0,0.5,2026-09-11,2,48.48,0.225,0.2056,0.4112,1.0943579766536966,0.3199,0.48717948717948717,0.28205128205128205,0.23076923076923078,0.0005167579247673318,0.0005168914671458413,0.0694974512281672,0.00039144425592545847,9.750406747668585e-05,48.95
2026-09-09,1545,CVX,bull_put,215.0,212.5,2.5,2026-09-11,2,213.9,1.285,1.2477,0.49908,1.029895006812535,0.2836,0.40828402366863903,0.34911242603550297,0.24260355029585798,0.0021722292012599648,0.0021745902003456052,0.029479578509612248,0.0019327075957320103,0.0010717902154163952,214.06
2026-09-09,1545,DE,bull_put,680.0,677.5,2.5,2026-09-11,2,677.04,1.2,1.3645,0.5458000000000001,0.8794430194210333,0.3497,0.388560157790927,0.5384615384615384,0.07297830374753451,-0.0007703274089744579,-0.0007700307829872077,0.23175980723079703,-0.0003047193725396765,-2.957058778483655e-06,675.74
2026-09-09,1545,DHR,bull_put,205.0,202.5,2.5,2026-09-11,2,204.865,1.325,1.0461,0.41844000000000003,1.2666093107733485,0.3621,0.4477317554240631,0.3254437869822485,0.22682445759368836,-0.0003791950341850217,-0.0003791231488344815,0.07481833236745117,-0.00028106550436753265,-6.294246822856168e-05,200.14
2026-09-09,1545,EOG,bull_put,148.0,147.0,1.0,2026-09-11,2,147.44,0.35,0.5175,0.5175,0.6763285024154589,0.3802,0.4477317554240631,0.4358974358974359,0.11637080867850098,0.0010351751343368118,0.0010357111130441243,0.15605181446346328,0.0005548158615295643,2.4473722437886512e-05,147.36
2026-09-09,1545,FCX,bull_put,77.0,76.0,1.0,2026-09-11,2,76.57,0.345,0.4977,0.4977,0.6931886678722121,0.5782,0.4477317554240631,0.4280078895463511,0.1242603550295858,0.0001306107677257872,0.00013061929768354297,0.12013946406158205,8.077997586999444e-05,7.307782164009037e-06,71.07
2026-09-09,1545,GE,bull_put,327.5,325.0,2.5,2026-09-11,2,325.96,1.52,1.2504,0.5001599999999999,1.2156110044785668,0.3777,0.4437869822485207,0.4556213017751479,0.10059171597633136,-0.0001605067963671592,-0.00016049391584049832,0.12993840545881208,-9.54404423359166e-05,-7.0974410479786334e-06,323.66
2026-09-09,1545,GILD,bull_put,146.0,145.0,1.0,2026-09-11,2,145.82,0.525,0.4708,0.4708,1.115123194562447,0.3332,0.4714003944773176,0.4319526627218935,0.09664694280078895,-0.00021936769690360843,-0.0002193436375697022,0.13650351404068273,-0.00012705569900967045,-8.285900077434681e-06,143.72
2026-09-09,1545,GM,bull_put,85.0,84.0,1.0,2026-09-11,2,84.53,0.49,0.5006,0.5006,0.9788254095085895,0.3999,0.3727810650887574,0.4516765285996055,0.1755424063116371,-0.0008213371751463199,-0.0008209999700946602,0.07820740911775204,-0.0006004584438570057,-0.00012565565314721355,85.62
2026-09-09,1545,GS,bull_put,1035.0,1032.5,2.5,2026-09-11,2,1030.57,1.1,1.3641,0.54564,0.8063924932189722,0.3696,0.4240631163708087,0.5226824457593688,0.05325443786982249,-0.00019090441564147652,-0.00019088619455298605,0.28048615101984387,-6.216131160773479e-05,-2.276399160458485e-07,1029.18
2026-09-09,1545,HD,bull_put,312.5,310.0,2.5,2026-09-11,2,311.18,1.31,1.2432,0.49728000000000006,1.0537323037323036,0.3062,0.3806706114398422,0.4319526627218935,0.1873767258382643,-0.0006043964280030194,-0.0006042138172734912,0.0911451505668901,-0.00041961915878995784,-6.779202236524313e-05,308.74
2026-09-09,1545,IBM,bull_put,242.5,240.0,2.5,2026-09-11,2,240.61,1.275,1.387,0.5548,0.9192501802451333,0.4824,0.38461538461538464,0.48717948717948717,0.1282051282051282,-0.00013293068907851632,-0.00013292185418589675,0.13083914241294226,-7.875996610205835e-05,-5.752427704122697e-06,243.29
2026-09-09,1545,INTC,bull_put,107.0,106.0,1.0,2026-09-11,2,105.85,0.56,0.5748,0.5748,0.9742519137091163,0.732,0.35700197238658776,0.5936883629191322,0.04930966469428008,-0.0011730211010999164,-0.0011723333807778236,0.2096641504914638,-0.0005067890197208047,-7.650811896594966e-06,102.94
2026-09-09,1545,ISRG,bull_put,355.0,352.5,2.5,2026-09-11,2,352.64,1.25,1.3537,0.54148,0.9233951392479871,0.4928,0.34911242603550297,0.534516765285996,0.11637080867850098,-0.001273453377249819,-0.0012726428795779565,0.18423967069117775,-0.0006090451128725457,-1.528846967248003e-05,369.15
2026-09-09,1545,MA,bull_put,572.5,570.0,2.5,2026-09-11,2,569.565,1.35,1.3724,0.54896,0.9836782279218886,0.2628,0.388560157790927,0.5226824457593688,0.08875739644970414,-0.0005525230501397709,-0.0005523704373879834,0.17680660881149335,-0.0002723239821088491,-7.931643712820712e-06,569.19
2026-09-09,1545,MMM,bull_put,165.0,162.5,2.5,2026-09-11,2,164.29,0.96,1.0486,0.41944,0.9155063894716765,0.2917,0.41222879684418146,0.3096646942800789,0.2781065088757396,-0.0005308675482547367,-0.000530726663009462,0.017569315089448256,-0.0004947090784165253,-0.0003481326438479038,164.97
2026-09-09,1545,MO,bull_put,68.0,67.0,1.0,2026-09-11,2,67.86,0.27,0.3935,0.3935,0.6861499364675985,0.25,0.47534516765285995,0.25443786982248523,0.2702169625246548,4.5783918700578914e-05,4.57849668000776e-05,0.03271454913312799,4.0169082388255006e-05,2.0880310262887644e-05,68.98
2026-09-09,1545,MRK,bull_put,148.0,147.0,1.0,2026-09-11,2,147.91,0.675,0.4409,0.4409,1.5309594012247676,0.3141,0.4240631163708087,0.4477317554240631,0.1282051282051282,-0.0013044486758363358,-0.0013035982524804979,0.13371185229241134,-0.0007635939717131502,-5.265699832563218e-05,143.93
2026-09-09,1545,MSFT,bull_put,492.5,490.0,2.5,2026-09-11,2,491.42,1.25,1.2413,0.49652,1.0070087811165713,0.3084,0.4319526627218935,0.4714003944773176,0.09664694280078895,-0.0005054657932412089,-0.0005053380669284291,0.16666690649947768,-0.0002594489655622749,-9.255536275687987e-06,495.63
2026-09-09,1545,NOW,bull_put,133.0,132.0,1.0,2026-09-11,2,131.64,0.46,0.5699,0.5699,0.807159150728198,0.6575,0.368836291913215,0.5502958579881657,0.08086785009861933,-0.0006755229403151387,-0.0006752948260621006,0.22638851290036344,-0.00027303372524799713,-2.9500586905476837e-06,132.53
2026-09-09,1545,PG,bull_put,143.0,142.0,1.0,2026-09-11,2,142.87,0.555,0.4303,0.4303,1.2897978154775738,0.2339,0.4358974358974359,0.3767258382642998,0.1873767258382643,-0.0007356032394854111,-0.0007353327497509055,0.08666109704698255,-0.0005199219630870835,-9.187755699535399e-05,145.27
2026-09-09,1545,PNC,bull_put,242.5,240.0,2.5,2026-09-11,2,241.32,1.1,1.2233,0.48932000000000003,0.8992070628627483,0.2681,0.388560157790927,0.368836291913215,0.24260355029585798,-5.23138237592119e-05,-5.231245541503782e-05,0.04052917625495667,-4.44834758477456e-05,-1.9777289132147847e-05,244.24
2026-09-09,1545,PYPL,bull_put,53.0,52.0,1.0,2026-09-11,2,52.265,0.505,0.5762,0.5762,0.8764317945157931,0.9264,0.2978303747534517,0.4319526627218935,0.2702169625246548,-0.0003192371835282785,-0.0003191862327605044,0.13686064247088192,-0.00018462600130918208,-1.195463793616755e-05,53.72
2026-09-09,1545,QCOM,bull_put,177.5,175.0,2.5,2026-09-11,2,175.81,1.435,1.3612,0.54448,1.0542168674698795,0.5801,0.34911242603550297,0.46745562130177515,0.1834319526627219,-0.0005499109173487835,-0.0005497597440521362,0.10971755015635198,-0.00035446554682503663,-3.9498399418694706e-05,181.97
2026-09-09,1545,SBUX,bull_put,101.0,100.0,1.0,2026-09-11,2,100.64,0.405,0.4819,0.4819,0.8404233243411496,0.3084,0.42011834319526625,0.4280078895463511,0.15187376725838264,-0.00046510720512450395,-0.0004649990595354536,0.06672215130137671,-0.00035607692104930343,-9.37567583995949e-05,98.74
2026-09-09,1545,SCHW,bull_put,107.0,106.0,1.0,2026-09-11,2,106.71,0.465,0.4582,0.4582,1.01484068092536,0.2821,0.4714003944773176,0.32938856015779094,0.1992110453648915,0.0021622026775473847,0.002164541923427521,0.06313194511903086,0.001681491127892841,0.0004757047327829998,107.25
2026-09-09,1545,TMO,bull_put,610.0,607.5,2.5,2026-09-11,2,608.24,1.25,1.2839,0.51356,0.9735960744606278,0.3532,0.4280078895463511,0.5108481262327417,0.0611439842209073,-0.0006391799839361332,-0.0006389757519261741,0.21567583225479603,-0.000269660342879656,-3.609778931416933e-06,609.82
2026-09-09,1545,TSLA,bull_put,370.0,367.5,2.5,2026-09-11,2,368.82,1.25,1.2739,0.50956,0.9812387157547688,0.4948,0.45956607495069035,0.4556213017751479,0.08481262327416174,0.00025125007181433373,0.000251281637757117,0.19334615008932543,0.000115953560741003,2.426055702088402e-06,365.44
2026-09-09,1545,TXN,bull_put,262.5,260.0,2.5,2026-09-11,2,260.905,1.25,1.2892,0.5156799999999999,0.9695935463853553,0.4402,0.39644970414201186,0.4990138067061144,0.10453648915187377,-0.000816370209341344,-0.000816037069843234,0.1278724393901074,-0.0004892971751844276,-3.7921613906218346e-05,268.7
2026-09-09,1545,UNH,bull_put,392.5,390.0,2.5,2026-09-11,2,392.215,1.115,1.1274,0.45095999999999997,0.9890012417952813,0.3379,0.4635108481262327,0.4556213017751479,0.08086785009861933,-0.0008598631171038689,-0.0008594935407497672,0.1515116481569725,-0.0004688564838539058,-2.2647823484268177e-05,379.09
2026-09-09,1545,UPS,bull_put,100.0,99.0,1.0,2026-09-11,2,99.56,0.55,0.4729,0.4729,1.1630365827870588,0.2543,0.4240631163708087,0.40828402366863903,0.16765285996055226,-0.0004019945129878329,-0.0004019137240195425,0.03884158733505849,-0.0003440789371051463,-0.00015822836738280482,100.28
2026-09-09,1545,V,bull_put,370.0,367.5,2.5,2026-09-11,2,368.54999999999995,1.22,1.2381,0.49524,0.9853808254583636,0.2215,0.3806706114398422,0.4477317554240631,0.17159763313609466,-0.0007993307584592789,-0.0007990113787309516,0.07562160280701713,-0.000590452254109009,-0.0001301199502820054,370.45
2026-09-09,1545,VZ,bull_put,50.0,49.5,0.5,2026-09-11,2,49.785,0.39,0.2361,0.4722,1.6518424396442186,0.3269,0.3806706114398422,0.3609467455621302,0.2583826429980276,-0.00037321366413889303,-0.0003731440285825727,0.07316827933667192,-0.00027846471740156163,-6.445232328761573e-05,50.61
2026-09-09,1545,XOM,bull_put,165.0,162.5,2.5,2026-09-11,2,164.13,1.24,1.1598,0.46392,1.069149853423004,0.3173,0.45956607495069035,0.3333333333333333,0.20710059171597633,0.00186523402995082,0.0018669746610038285,0.018012790574489568,0.0017371887229200083,0.0012116854431910397,165.99
2026-09-10,1530,ADI,bull_put,362.5,360.0,2.5,2026-09-11,1,361.537095,1.275,1.222,0.4888,1.0433715220949262,0.4715,0.4240631163708087,0.40828402366863903,0.16765285996055226,-0.00010457682427328103,-0.00010457135630781433,0.13352340228998838,-6.129976839421205e-05,-4.243158914698636e-06,378.78
2026-09-10,1530,AMZN,bull_put,252.5,250.0,2.5,2026-09-11,1,251.5308,1.125,1.1908,0.47632,0.9447430298958682,0.3445,0.40039447731755423,0.388560157790927,0.21104536489151873,-0.0003752353989952429,-0.00037516500699774635,0.034338568184008045,-0.0003270168423129944,-0.0001645542513762397,256.78
2026-09-10,1530,AVGO,bull_put,362.5,360.0,2.5,2026-09-11,1,362.11,0.91,1.161,0.46440000000000003,0.7838070628768303,0.428,0.4477317554240631,0.41222879684418146,0.14003944773175542,-0.0003707579308647314,-0.0003706892086364766,0.12115921869599733,-0.00022831519858306353,-2.0237609915267823e-05,361.99
2026-09-10,1530,BMY,bull_put,64.0,63.0,1.0,2026-09-11,1,63.9299,0.375,0.3406,0.3406,1.1009982384028185,0.3321,0.4516765285996055,0.17159763313609466,0.3767258382642998,-0.0003093533950308228,-0.00030930555020314277,0.05160455640510864,-0.00025161783240049547,-8.964166922666942e-05,63.64
2026-09-10,1530,CL,bull_put,88.0,87.0,1.0,2026-09-11,1,87.97,0.225,0.3308,0.3308,0.6801692865779928,0.2445,0.49506903353057197,0.21499013806706113,0.28994082840236685,-0.00045353120516832164,-0.00045342837543738135,0.05948628588907434,-0.0003574130716103027,-0.0001087624839638755,86.8
2026-09-10,1530,CME,bull_put,275.0,272.5,2.5,2026-09-11,1,274.52,0.85,1.0566,0.42264,0.8044671588112815,0.3361,0.4911242603550296,0.28205128205128205,0.22682445759368836,0.0019927803958657044,0.0019947673023223977,0.05257963818406197,0.0016164119551656689,0.0005647433418148926,275.54
2026-09-10,1530,CSCO,bull_put,108.0,107.0,1.0,2026-09-11,1,107.94,0.4,0.3972,0.3972,1.0070493454179255,0.3269,0.4990138067061144,0.2702169625246548,0.23076923076923078,0.00037231282030237255,0.0003723821373227132,0.05692188249397501,0.00029655510355640054,9.49922584256903e-05,112.13
2026-09-10,1530,EMR,bull_put,148.0,147.0,1.0,2026-09-11,1,147.36,0.55,0.5225,0.5225,1.0526315789473686,0.3964,0.41222879684418146,0.40433925049309666,0.1834319526627219,0.0012209972554470434,0.0012217429760725818,0.11080672780763656,0.0007843119807552791,8.551333422916486e-05,152.19
2026-09-10,1530,EOG,bull_put,148.0,147.0,1.0,2026-09-11,1,147.58,0.55,0.5055,0.5055,1.0880316518298716,0.4194,0.4516765285996055,0.42011834319526625,0.1282051282051282,0.0009712145095163646,0.0009716862910493784,0.11931289858095107,0.0006029181274941792,5.545231379897954e-05,147.36
2026-09-10,1530,FCX,bull_put,72.0,71.0,1.0,2026-09-11,1,71.5,0.495,0.513,0.513,0.9649122807017544,0.6155,0.41222879684418146,0.39250493096646943,0.1952662721893491,0.0010267663419902262,0.001027293647008376,0.06525113433580532,0.0007913011047194914,0.0002145742585106619,71.07
2026-09-10,1530,GILD,bull_put,145.0,144.0,1.0,2026-09-11,1,144.75,0.745,0.4548,0.4548,1.6380826737027265,0.3332,0.4161735700197239,0.388560157790927,0.1952662721893491,-0.0006098382285248042,-0.0006096523149866639,0.08250195647613201,-0.00043829008835582047,-8.417027781088812e-05,143.72
2026-09-10,1530,GM,bull_put,86.0,85.0,1.0,2026-09-11,1,85.835,0.375,0.4275,0.4275,0.8771929824561404,0.4724,0.40433925049309666,0.28205128205128205,0.3136094674556213,-0.00022402446058645198,-0.0002239993689807651,0.06509371348450599,-0.00017265033788102334,-4.6964599283474895e-05,85.62
2026-09-10,1530,HD,bull_put,305.0,302.5,2.5,2026-09-11,1,304.97,0.985,1.0367,0.41468,0.9501302208932189,0.3995,0.46745562130177515,0.3136094674556213,0.21893491124260356,-0.00017115357878410902,-0.00017113893284592674,0.09670546075703701,-0.00011623963234721673,-1.6802784911950807e-05,308.74
2026-09-10,1530,HON,bull_put,202.5,200.0,2.5,2026-09-11,1,201.905,1.025,1.0107,0.40428,1.0141486098743444,0.2842,0.40828402366863903,0.23865877712031558,0.3530571992110454,-0.0002049245487316929,-0.0002049035531305199,0.01798220803824968,-0.00019068265684071026,-0.000133082122886357,202.36
2026-09-10,1530,INTC,bull_put,102.0,101.0,1.0,2026-09-11,1,101.105,0.525,0.5485,0.5485,0.9571558796718324,0.7284,0.36489151873767256,0.5384615384615384,0.09664694280078895,-0.0010055831574982245,-0.0010050777281861434,0.14593430630670368,-0.0005606422119794564,-3.0277256121995345e-05,102.94
2026-09-10,1530,JNJ,bull_put,267.5,265.0,2.5,2026-09-11,1,266.44,0.985,1.1934,0.47736,0.8253728841964136,0.2633,0.34911242603550297,0.2938856015779093,0.35700197238658776,7.724151112445052e-05,7.724449432688907e-05,0.011767061880812335,7.369296903628348e-05,5.823963619686392e-05,265.58
2026-09-10,1530,MA,bull_put,565.0,562.5,2.5,2026-09-11,1,564.06,1.2,1.1381,0.45524,1.054388893770319,0.2585,0.4280078895463511,0.4240631163708087,0.14792899408284024,-0.0008216973756135712,-0.0008213598747724982,0.11388503832128682,-0.0005208287001765995,-5.3395177388774215e-05,569.19
2026-09-10,1530,MDT,bull_put,92.0,91.0,1.0,2026-09-11,1,91.62,0.58,0.481,0.481,1.2058212058212059,0.3455,0.34516765285996054,0.2781065088757396,0.3767258382642998,0.0006806282456090773,0.0006808599255732073,0.02226608772555516,0.0006228416074258679,0.0003990036202908796,90.96
2026-09-10,1530,MRK,bull_put,145.0,144.0,1.0,2026-09-11,1,144.75,0.44,0.4719,0.4719,0.9324009324009325,0.3235,0.388560157790927,0.39250493096646943,0.21893491124260356,-0.0006046542060125556,-0.0006044714394968231,0.08188229741466269,-0.00043564392887304325,-8.470539410820317e-05,143.93
2026-09-10,1530,MSFT,bull_put,492.5,490.0,2.5,2026-09-11,1,490.27,1.375,1.3662,0.5464800000000001,1.0064412238325282,0.3394,0.36489151873767256,0.48717948717948717,0.14792899408284024,-0.0005257475555810933,-0.0005256093745521495,0.13878595991897158,-0.0003016943634145911,-1.879696207196826e-05,495.63
2026-09-10,1530,NOW,bull_put,132.0,131.0,1.0,2026-09-11,1,131.055,0.545,0.5448,0.5448,1.000367107195301,0.7331,0.368836291913215,0.4911242603550296,0.14003944773175542,-0.0005478036737882651,-0.0005476536567502466,0.18868355776537415,-0.0002574714506905538,-5.913498905032625e-06,132.53
2026-09-10,1530,PEP,bull_put,137.0,136.0,1.0,2026-09-11,1,136.95,0.455,0.4068,0.4068,1.1184857423795478,0.2218,0.4477317554240631,0.2702169625246548,0.28205128205128205,-9.932240932831755e-05,-9.931747702107696e-05,0.050084528881579216,-8.128678378462755e-05,-2.9853224714284073e-05,136.32
2026-09-10,1530,PM,bull_put,190.0,187.5,2.5,2026-09-11,1,189.57,1.15,1.0239,0.40956000000000004,1.1231565582576422,0.3822,0.4635108481262327,0.23865877712031558,0.2978303747534517,0.0014620195779232528,0.001463088849581684,0.03186241633923026,0.0012880123110755694,0.0006810305312579873,191.06
2026-09-10,1530,PNC,bull_put,242.5,240.0,2.5,2026-09-11,1,241.875,1.125,1.0782,0.43128,1.0434056761268782,0.2911,0.43984220907297833,0.2583826429980276,0.30177514792899407,0.0014396075229474135,0.001440644255293666,0.022172074191949998,0.0013183778986637252,0.0008461662991766293,244.24
2026-09-10,1530,QCOM,bull_put,180.0,177.5,2.5,2026-09-11,1,178.765,0.82,1.3077,0.52308,0.6270551349697943,0.6487,0.35700197238658776,0.3806706114398422,0.26232741617357,7.318938438646578e-05,7.319206279476909e-05,0.07203481073018869,5.4868956894508635e-05,1.2990931352938371e-05,181.97
2026-09-10,1530,RTX,bull_put,197.5,195.0,2.5,2026-09-11,1,197.015,0.915,0.9901,0.39604,0.9241490758509242,0.292,0.4240631163708087,0.22682445759368836,0.34911242603550297,-0.00010944029806242732,-0.00010943430969145851,0.023813277612718453,-9.949141383179114e-05,-6.179397050370169e-05,197.68
2026-09-10,1530,SO,bull_put,88.0,87.0,1.0,2026-09-11,1,87.91,0.275,0.3548,0.3548,0.7750845546786923,0.2384,0.46745562130177515,0.15187376725838264,0.3806706114398422,0.0006023563467704631,0.0006025377997860293,0.05016160690663041,0.000492997436387789,0.0001807783754281059,87.17
2026-09-10,1530,TMO,bull_put,605.0,602.5,2.5,2026-09-11,1,603.258136,0.95,1.2461,0.49844,0.7623786212984511,0.4189,0.39250493096646943,0.5108481262327417,0.09664694280078895,-0.0012558224967750492,-0.0012550342816906035,0.1921045172258954,-0.0005820172569317623,-1.248352473631205e-05,609.82
2026-09-10,1530,TSLA,bull_put,365.0,362.5,2.5,2026-09-11,1,363.9257,1.275,1.2508,0.50032,1.0193476175247842,0.4975,0.4516765285996055,0.4358974358974359,0.11242603550295859,0.00015054638673197597,0.00015055771940786222,0.1419851046697438,8.531976247311252e-05,4.9863491875398995e-06,365.44
2026-09-10,1530,TXN,bull_put,260.0,257.5,2.5,2026-09-11,1,258.7,1.14,1.2353,0.49412,0.922852748320246,0.488,0.36489151873767256,0.4240631163708087,0.21104536489151873,-0.0007397120477470646,-0.0007394385282363247,0.08831349774018271,-0.0005193807110830731,-8.879827346204289e-05,268.7
2026-09-10,1530,UNH,bull_put,390.0,387.5,2.5,2026-09-11,1,389.375,1.29,1.1542,0.46168,1.117657251776122,0.326,0.4635108481262327,0.4319526627218935,0.10453648915187377,-0.00045744561292882045,-0.00045734100063654637,0.09126704152605947,-0.0003174629500009514,-5.1163187949593055e-05,379.09
2026-09-10,1530,UPS,bull_put,100.0,99.0,1.0,2026-09-11,1,99.91,0.3,0.3875,0.3875,0.7741935483870968,0.3075,0.4990138067061144,0.26232741617357,0.23865877712031558,9.640276320161626e-05,9.640741009731002e-05,0.04612864325497501,8.016351561695176e-05,3.186459850372025e-05,100.28
2026-09-10,1530,V,bull_put,367.5,365.0,2.5,2026-09-11,1,366.42,1.235,1.1939,0.47756,1.034424993718067,0.2418,0.39250493096646943,0.3609467455621302,0.2465483234714004,-0.0001619864565593613,-0.00016197333746170717,0.0365755882338743,-0.00013992819318151936,-6.733078897400354e-05,370.45
2026-09-10,1530,VZ,bull_put,50.0,49.5,0.5,2026-09-11,1,49.885847,0.2,0.2134,0.4268,0.9372071227741331,0.3076,0.39644970414201186,0.26232741617357,0.34122287968441817,-0.0001315165972393395,-0.00013150794931082732,0.030755914157130304,-0.00011628494997105199,-6.286096363126496e-05,50.61
2026-09-10,1545,ABBV,bull_put,255.0,252.5,2.5,2026-09-11,1,254.465,1.705,0.9894,0.39576,1.7232666262381242,0.2922,0.41222879684418146,0.2859960552268245,0.30177514792899407,-0.0007042334231036605,-0.0007039855089464586,0.035652716816931385,-0.0006104197924342734,-0.00029919411250703426,257.12
2026-09-10,1545,ADI,bull_put,362.5,360.0,2.5,2026-09-11,1,361.505,1.25,1.2249,0.48996000000000006,1.0204914686913216,0.47,0.4240631163708087,0.40828402366863903,0.16765285996055226,-8.215911851144203e-05,-8.215574354353272e-05,0.1329646312192705,-4.826748919553053e-05,-3.378614141464875e-06,378.78
2026-09-10,1545,AMGN,bull_put,385.0,382.5,2.5,2026-09-11,1,383.3,1.78,1.3245,0.5298,1.3439033597583994,0.3839,0.3175542406311637,0.45956607495069035,0.22287968441814596,-0.0010607442812783844,-0.0010601818909315996,0.11266335260302007,-0.0006755602571465766,-7.097128120419292e-05,377.35
2026-09-10,1545,AMZN,bull_put,252.5,250.0,2.5,2026-09-11,1,251.43,1.12,1.2125,0.485,0.9237113402061857,0.3434,0.3806706114398422,0.40039447731755423,0.21893491124260356,-0.0005196948457638221,-0.000519559827787841,0.033090702094015434,-0.0004551464155958861,-0.00023481667840604182,256.78
2026-09-10,1545,AVGO,bull_put,362.5,360.0,2.5,2026-09-11,1,361.702328,1.575,1.2187,0.48747999999999997,1.2923607122343481,0.4245,0.4319526627218935,0.4240631163708087,0.14398422090729784,-0.00020808063863298788,-0.00020805899135833972,0.11778575073047137,-0.00012988879338590096,-1.2316793227634751e-05,361.99
2026-09-10,1545,BMY,bull_put,64.0,63.0,1.0,2026-09-11,1,63.95,0.33,0.3398,0.3398,0.9711595055915245,0.3141,0.4556213017751479,0.16765285996055226,0.3767258382642998,-0.0002611833038489251,-0.00026114919845909856,0.06369559895709243,-0.0002024128634068005,-5.662199481150795e-05,63.64
2026-09-10,1545,CL,bull_put,88.0,87.0,1.0,2026-09-11,1,87.955,0.5,0.3769,0.3769,1.3266118333775536,0.3067,0.4911242603550296,0.21499013806706113,0.2938856015779093,0.0007021515317486415,0.000702398097840895,0.048519491832007544,0.0005784906401020269,0.00021921051641389026,86.8
2026-09-10,1545,CME,bull_put,275.0,272.5,2.5,2026-09-11,1,274.615,0.85,1.0341,0.41364,0.8219707958611352,0.3344,0.4990138067061144,0.2781065088757396,0.22287968441814596,0.0015699243611703717,0.0015711573375623011,0.054973931382614305,0.0012610147827426094,0.00041997426318770886,275.54
2026-09-10,1545,CRM,bull_put,245.0,242.5,2.5,2026-09-11,1,243.4,1.295,1.3094,0.52376,0.989002596609134,0.4809,0.36489151873767256,0.4319526627218935,0.20315581854043394,-0.0003501661688655299,-0.0003501048678480334,0.07736283808421773,-0.0002569242719219746,-5.4681454843723483e-05,247.72
2026-09-10,1545,CSCO,bull_put,108.0,107.0,1.0,2026-09-11,1,107.9,0.4,0.4095,0.4095,0.9768009768009769,0.3167,0.4911242603550296,0.28994082840236685,0.21893491124260356,0.0002733814199378914,0.0002734187920439002,0.051158310786880934,0.00022282159155649707,8.009434062100525e-05,112.13
2026-09-10,1545,CSX,bull_put,49.0,48.5,0.5,2026-09-11,1,48.815,0.2,0.2328,0.4656,0.859106529209622,0.3306,0.34122287968441817,0.28994082840236685,0.368836291913215,-0.00019145003295388454,-0.00019143170756585892,0.02688557175465478,-0.00017191305237341004,-0.00010041156646435939,48.95
2026-09-10,1545,DE,bull_put,680.0,677.5,2.5,2026-09-11,1,677.595,0.7,1.3204,0.52816,0.5301423810966374,0.419,0.3767258382642998,0.5187376725838264,0.10453648915187377,-0.0010199867801242357,-0.0010194667704244154,0.20970468177175916,-0.00044063473564511435,-6.6467142377134145e-06,675.74
2026-09-10,1545,EMR,bull_put,148.0,147.0,1.0,2026-09-11,1,147.8816,0.55,0.4533,0.4533,1.213324509155085,0.3925,0.5226824457593688,0.33727810650887574,0.14003944773175542,0.0050214284100046705,0.005034056910498741,0.11381155893040207,0.003193060834954001,0.00032783291284307165,152.19
2026-09-10,1545,EOG,bull_put,148.0,147.0,1.0,2026-09-11,1,147.76,0.55,0.4761,0.4761,1.1552194917034238,0.4235,0.46745562130177515,0.3806706114398422,0.15187376725838264,0.0009002940229994628,0.0009006994093099241,0.12129084623242892,0.0005544675024044007,4.901818116130049e-05,147.36
2026-09-10,1545,GE,bull_put,325.0,322.5,2.5,2026-09-11,1,323.715,1.66,1.201,0.48040000000000005,1.38218151540383,0.3638,0.4161735700197239,0.40433925049309666,0.1794871794871795,-0.0003013781494593396,-0.00030133273962684726,0.07841461101589542,-0.00022020449941570635,-4.589078971261563e-05,323.66
2026-09-10,1545,GILD,bull_put,145.0,144.0,1.0,2026-09-11,1,144.92,0.74,0.4553,0.4553,1.6253019986821877,0.3321,0.4477317554240631,0.36489151873767256,0.1873767258382643,-9.419923913693822e-05,-9.419480252792489e-05,0.08227292835848732,-6.778041519338777e-05,-1.3076473827012074e-05,143.72
2026-09-10,1545,GM,bull_put,86.0,85.0,1.0,2026-09-11,1,85.84,0.415,0.4405,0.4405,0.9421112372304199,0.4888,0.40433925049309666,0.28205128205128205,0.3136094674556213,2.542103416710434e-06,2.542106647851483e-06,0.06789399895533887,1.937536131086243e-06,4.98344911292381e-07,85.62
2026-09-10,1545,HON,bull_put,202.5,200.0,2.5,2026-09-11,1,202.055,1.0,1.0035,0.40140000000000003,0.996512207274539,0.3474,0.42011834319526625,0.22287968441814596,0.35700197238658776,-2.0784211633811424e-05,-2.078399564353628e-05,0.029989246662224023,-1.843454340732764e-05,-1.0119268012151373e-05,202.36
2026-09-10,1545,ISRG,bull_put,362.5,360.0,2.5,2026-09-11,1,361.855,1.275,1.1163,0.44652000000000003,1.1421660843859176,0.4674,0.4319526627218935,0.3767258382642998,0.1913214990138067,-0.0005003783430758469,-0.0005002531747108074,0.13791505937470916,-0.0002881421924828991,-1.8268036524645022e-05,369.15
2026-09-10,1545,LOW,bull_put,197.5,195.0,2.5,2026-09-11,1,196.392,1.375,1.2362,0.49448,1.1122795664132017,0.4442,0.34122287968441817,0.3609467455621302,0.2978303747534517,-0.0003386681644570763,-0.00033861082286767985,0.03412367515033554,-0.0002954077874575596,-0.00014928888123883952,196.82
2026-09-10,1545,MDT,bull_put,92.0,91.0,1.0,2026-09-11,1,91.645,0.58,0.4764,0.4764,1.2174643157010914,0.3449,0.34911242603550297,0.2702169625246548,0.3806706114398422,0.0008164658415359041,0.0008167992405012647,0.02314552802049219,0.0007445732421500867,0.0004686708288243328,90.96
2026-09-10,1545,MRK,bull_put,145.0,144.0,1.0,2026-09-11,1,144.845,0.465,0.4558,0.4558,1.0201842913558579,0.3064,0.41222879684418146,0.38461538461538464,0.20315581854043394,-0.0005923007371143258,-0.0005921253616594235,0.08838403079298485,-0.00041579079987401953,-7.098734580046438e-05,143.93
2026-09-10,1545,MSFT,bull_put,492.5,490.0,2.5,2026-09-11,1,491.55,1.155,1.2063,0.48251999999999995,0.9574732653568765,0.3315,0.4358974358974359,0.41222879684418146,0.15187376725838264,-0.0001486905711618929,-0.00014867951726682538,0.12703574653979488,-8.944734359958387e-05,-7.049348362321244e-06,495.63
2026-09-10,1545,NOW,bull_put,132.0,131.0,1.0,2026-09-11,1,131.23,0.525,0.5303,0.5303,0.990005657175184,0.7326,0.40039447731755423,0.47928994082840237,0.1203155818540434,-0.0003218254000848077,-0.00032177361984564445,0.18600220180955485,-0.00015290846082749237,-3.705415547047649e-06,132.53
2026-09-10,1545,PEP,bull_put,137.0,136.0,1.0,2026-09-11,1,136.925,0.435,0.413,0.413,1.053268765133172,0.2238,0.4437869822485207,0.28205128205128205,0.27416173570019725,-0.0001298975859092685,-0.0001298891495831178,0.04656133946592056,-0.00010781707416095132,-4.2487471490266624e-05,136.32
2026-09-10,1545,PG,bull_put,143.0,142.0,1.0,2026-09-11,1,142.94,0.35,0.4064,0.4064,0.8612204724409449,0.2221,0.49506903353057197,0.3096646942800789,0.1952662721893491,-4.2505333002818e-05,-4.250442966391432e-05,0.05082513485317208,-3.4685015318125184e-05,-1.2551059212379632e-05,145.27
2026-09-10,1545,PM,bull_put,190.0,187.5,2.5,2026-09-11,1,189.835,0.8,0.9361,0.37444,0.8546095502617241,0.3349,0.5029585798816568,0.21893491124260356,0.2781065088757396,0.0008319442240610798,0.0008322903856461394,0.04493137839745143,0.0006953782120499025,0.0002831079630016022,191.06
2026-09-10,1545,PNC,bull_put,242.5,240.0,2.5,2026-09-11,1,242.19,1.0,1.0004,0.40015999999999996,0.9996001599360256,0.299,0.4714003944773176,0.23865877712031558,0.28994082840236685,0.0008236191332234525,0.0008239584005977907,0.03792346878337649,0.0007079873092820135,0.00033160907597027056,244.24
2026-09-10,1545,TMO,bull_put,605.0,602.5,2.5,2026-09-11,1,603.2975,0.95,1.2431,0.49724,0.7642184860429571,0.4159,0.39644970414201186,0.5069033530571992,0.09664694280078895,-0.0011981481390651843,-0.0011974306461665085,0.1910356424189783,-0.0005576830790909868,-1.222004937244843e-05,609.82
2026-09-10,1545,TSLA,bull_put,365.0,362.5,2.5,2026-09-11,1,363.81,1.025,1.2587,0.5034799999999999,0.8143322475570033,0.4976,0.43984220907297833,0.4358974358974359,0.1242603550295858,5.755234752088858e-05,5.755400368911978e-05,0.14220952083650706,3.2586093522039406e-05,1.8959029229631946e-06,365.44
2026-09-10,1545,TXN,bull_put,260.0,257.5,2.5,2026-09-11,1,258.78,1.095,1.2082,0.48328,0.9063069028306572,0.4826,0.3727810650887574,0.42011834319526625,0.20710059171597633,-0.000818996444397722,-0.0008186611583487213,0.08720145743752727,-0.0005775900970440378,-0.00010097119656802875,268.7
2026-09-10,1545,UNH,bull_put,390.0,387.5,2.5,2026-09-11,1,389.48,1.19,1.1405,0.45620000000000005,1.0434020166593598,0.3275,0.46745562130177515,0.4240631163708087,0.10848126232741617,-0.00044420680584956107,-0.00044410816061324354,0.09242578804814938,-0.0003068518278257208,-4.832017738149869e-05,379.09
2026-09-10,1545,UPS,bull_put,100.0,99.0,1.0,2026-09-11,1,99.86,0.305,0.402,0.402,0.7587064676616915,0.3012,0.4635108481262327,0.26232741617357,0.27416173570019725,1.934019880275471e-05,1.9340385825517004e-05,0.038348463372249286,1.659002458221569e-05,7.704713762511065e-06,100.28
2026-09-10,1545,V,bull_put,367.5,365.0,2.5,2026-09-11,1,367.01,1.085,1.0625,0.425,1.0211764705882354,0.2409,0.4516765285996055,0.32938856015779094,0.21893491124260356,-0.0002700180392360245,-0.0002699815876462397,0.04726132858558496,-0.00022347698836737672,-8.684126194252841e-05,370.45
2026-09-10,1545,VZ,bull_put,50.0,49.5,0.5,2026-09-11,1,49.915,0.2,0.2052,0.4104,0.9746588693957116,0.2972,0.4161735700197239,0.24260355029585798,0.34122287968441817,-7.038553599329018e-05,-7.038305898954267e-05,0.03448061211193232,-6.131534552270334e-05,-3.076623751544224e-05,50.61
2026-09-11,1530,ADI,bull_put,377.5,375.0,2.5,2026-09-11,0,377.29,0.6,1.1921,0.47684,0.5033134804127171,0.613,0.47928994082840237,0.3609467455621302,0.15976331360946747,0.0031084185323486876,0.003113254674854904,0.1793555569400127,0.0015192950896150551,4.205131299896859e-05,378.78
2026-09-11,1530,NOW,bull_put,133.0,132.0,1.0,2026-09-11,0,132.99,0.255,0.3393,0.3393,0.7515473032714413,0.6659,0.4990138067061144,0.40039447731755423,0.10059171597633136,-0.0017129542555076953,-0.0017114879867036192,0.21383832381845247,-0.0007276099659075649,-1.0104679841129852e-05,132.53
2026-09-14,1530,AAPL,bull_put,335.0,332.5,2.5,2026-09-18,4,334.325,1.09,1.1516,0.46064,0.9465092045849254,0.2749,0.46745562130177515,0.41222879684418146,0.1203155818540434,-0.00025552112255262764,-0.00025548847981093914,0.14697057020761595,-0.0001419244734503406,-7.5073582144424686e-06,336.13
2026-09-14,1530,ABBV,bull_put,262.5,260.0,2.5,2026-09-18,4,261.78,1.08,1.1551,0.46204,0.9349839840706433,0.2888,0.4280078895463511,0.41222879684418146,0.15976331360946747,-0.0005954581161330993,-0.0005952808661324749,0.11704538873921999,-0.0003727290630290609,-3.587153228443625e-05,263.96
2026-09-14,1530,ACN,bull_put,195.0,192.5,2.5,2026-09-18,4,194.42,1.05,1.2045,0.48179999999999995,0.8717310087173102,0.4976,0.4832347140039448,0.39250493096646943,0.1242603550295858,0.0016918364790823107,0.0016932684418533572,0.1524623767600357,0.000920177349250702,4.361141321953298e-05,181.29
2026-09-14,1530,ADI,bull_put,365.0,362.5,2.5,2026-09-18,4,363.21,0.85,1.2644,0.50576,0.6722556153116103,0.419,0.4280078895463511,0.5069033530571992,0.0650887573964497,-0.0007369656965793931,-0.0007366942040580859,0.21672843984266543,-0.0003095931842722394,-4.058000359505399e-06,375.72
2026-09-14,1530,ADP,bull_put,277.5,275.0,2.5,2026-09-18,4,276.5,0.975,1.242,0.4968,0.7850241545893719,0.3106,0.4319526627218935,0.4477317554240631,0.1203155818540434,-0.00026383189667060405,-0.00026379709609636315,0.13448496251643016,-0.0001540443244619485,-1.0459818763421651e-05,271.22
2026-09-14,1530,AMGN,bull_put,382.5,380.0,2.5,2026-09-18,4,380.3,1.1,1.3616,0.54464,0.8078730904817862,0.2903,0.4635108481262327,0.4911242603550296,0.045364891518737675,0.001747419640928713,0.0017489472683018814,0.1757207367541873,0.0008660012724646382,2.5776717005542316e-05,385.65
2026-09-14,1530,AMZN,bull_put,255.0,252.5,2.5,2026-09-18,4,253.59,1.29,1.2755,0.5102,1.0113680909447276,0.3414,0.40433925049309666,0.4635108481262327,0.13214990138067062,-0.0004684262364919147,-0.0004683165420509283,0.1364420566477461,-0.00027134096747448184,-1.7717185126267753e-05,253.71
2026-09-14,1530,AVGO,bull_put,347.5,345.0,2.5,2026-09-18,4,345.64,1.05,1.3059,0.52236,0.8040431886055593,0.3939,0.4358974358974359,0.514792899408284,0.04930966469428008,-0.00043262808226394566,-0.00043253451222935446,0.20222662910193834,-0.00019262698601297073,-3.3744185290888512e-06,357.61
2026-09-14,1530,AXP,bull_put,330.0,327.5,2.5,2026-09-18,4,327.52,1.3,1.3892,0.55568,0.9357903829542183,0.2733,0.40433925049309666,0.49506903353057197,0.10059171597633136,4.981895328574817e-05,4.98201942704668e-05,0.15021323422678057,2.7318591353299162e-05,1.3543244753364185e-06,311.56
2026-09-14,1530,CL,bull_put,89.0,88.0,1.0,2026-09-18,4,88.42,0.55,0.534,0.534,1.0299625468164795,0.2593,0.39250493096646943,0.4477317554240631,0.15976331360946747,-2.7626705559146043e-05,-2.762632394526232e-05,0.06966360776184621,-2.0907640226841677e-05,-5.190564707119676e-06,87.47
2026-09-14,1530,CME,bull_put,282.5,280.0,2.5,2026-09-18,4,280.66,1.875,1.2671,0.50684,1.4797569252624103,0.255,0.4319526627218935,0.4516765285996055,0.11637080867850098,-0.00012281013625646021,-0.0001228025954004286,0.11197171821717444,-7.846802977362921e-05,-8.3583155157282e-06,276.01
2026-09-14,1530,COST,bull_put,922.5,920.0,2.5,2026-09-18,4,918.99,1.375,1.3672,0.54688,1.0057050906963136,0.2092,0.43984220907297833,0.514792899408284,0.045364891518737675,0.00011185233681676367,0.00011185859252260677,0.2489120294948698,4.1329948764082526e-05,2.846049498840086e-07,895.31
2026-09-14,1530,CSCO,bull_put,111.0,110.0,1.0,2026-09-18,4,110.59,0.345,0.4915,0.4915,0.7019328585961342,0.3272,0.4319526627218935,0.46745562130177515,0.10059171597633136,-0.0005598330605858081,-0.0005596763832970142,0.1425393571998853,-0.00031646140813246265,-1.8291091845332068e-05,109.51
2026-09-14,1530,CVX,bull_put,212.5,210.0,2.5,2026-09-18,4,211.61,1.26,1.1846,0.47384000000000004,1.0636501772750295,0.3053,0.45956607495069035,0.368836291913215,0.17159763313609466,0.0008954882955544141,0.0008958893649069211,0.09656877458450053,0.0006088316729128174,8.824935073330588e-05,209.51
2026-09-14,1530,DE,bull_put,685.0,682.5,2.5,2026-09-18,4,680.12,0.75,1.3951,0.55804,0.5375958712637087,0.3563,0.39644970414201186,0.5542406311637081,0.04930966469428008,-0.0005958784954379652,-0.0005957009951053083,0.2772224672453586,-0.00019653666144232144,-7.68280514878957e-07,683.99
2026-09-14,1530,DIS,bull_put,109.0,108.0,1.0,2026-09-18,4,108.75,0.46,0.4619,0.4619,0.9958865555315004,0.2701,0.43984220907297833,0.4240631163708087,0.13609467455621302,-0.0005989203562234524,-0.0005987410392275239,0.11106435233585965,-0.00038397282178068896,-4.164930687230308e-05,102.67
2026-09-14,1530,EMR,bull_put,149.0,148.0,1.0,2026-09-18,4,148.46,0.525,0.4992,0.4992,1.0516826923076923,0.375,0.4635108481262327,0.4516765285996055,0.08481262327416174,5.7226061189783774e-05,5.722769863214516e-05,0.20444074778276733,2.5261336666896012e-05,4.2335681391824505e-07,149.92
2026-09-14,1530,EOG,bull_put,149.0,148.0,1.0,2026-09-18,4,148.07,0.525,0.5333,0.5333,0.9844365272829553,0.3894,0.4358974358974359,0.5029585798816568,0.0611439842209073,-0.0001021289948490529,-0.00010212377986074106,0.21162009784390412,-4.380312729334988e-05,-6.359109490559612e-07,144.23
2026-09-14,1530,F,bull_put,14.0,13.5,0.5,2026-09-18,4,13.865,0.19,0.2069,0.4138,0.9183180280328661,0.3597,0.36489151873767256,0.2465483234714004,0.388560157790927,-0.000482957583437949,-0.00048284097819684124,0.017594986347644337,-0.0004500269259252163,-0.00031652672886568506,13.21
2026-09-14,1530,FCX,bull_put,70.0,69.0,1.0,2026-09-18,4,69.38,0.585,0.5231,0.5231,1.1183330147199388,0.5102,0.4556213017751479,0.4358974358974359,0.10848126232741617,0.0020825574028184232,0.0020847274316282416,0.14079662196244092,0.001187026725596288,7.104222867831496e-05,71.54
2026-09-14,1530,GE,bull_put,320.0,317.5,2.5,2026-09-18,4,317.68,1.325,1.3228,0.52912,1.0016631387964923,0.3497,0.4280078895463511,0.4832347140039448,0.08875739644970414,-7.4038702831309e-05,-7.403596203414686e-05,0.1785636464675464,-3.6244815947223355e-05,-1.0192055317585466e-06,314.27
2026-09-14,1530,GM,bull_put,87.5,87.0,0.5,2026-09-18,4,87.10499999999999,0.27,0.2529,0.5058,1.0676156583629894,0.3557,0.388560157790927,0.5424063116370809,0.06903353057199212,-0.0014947730529449007,-0.0014936564361371918,0.2193376277074558,-0.0006211868149948054,-7.728225776302459e-06,82.2
2026-09-14,1530,HD,bull_put,312.5,310.0,2.5,2026-09-18,4,312.13,1.045,1.1404,0.45616,0.9163451420554191,0.295,0.45956607495069035,0.47928994082840237,0.0611439842209073,-0.0010276801040107215,-0.0010271522216594997,0.14832857276980616,-0.0005674945396758753,-2.9214339637160832e-05,299.98
2026-09-14,1530,HON,bull_put,202.5,200.0,2.5,2026-09-18,4,201.215,1.1,1.2713,0.5085200000000001,0.86525603712735,0.3221,0.41222879684418146,0.40433925049309666,0.1834319526627219,0.0002911324443419794,0.0002911748275049586,0.09116469863839627,0.00020220157058213996,3.26541221768954e-05,206.46
2026-09-14,1530,IBM,bull_put,250.0,247.5,2.5,2026-09-18,4,249.42,1.175,1.2133,0.48532000000000003,0.9684331987142504,0.393,0.4832347140039448,0.3806706114398422,0.13609467455621302,0.0031143599806026587,0.003119214638055867,0.15450531325983496,0.001681287717847461,7.649374802345528e-05,229.55
2026-09-14,1530,INTC,bull_put,99.0,98.0,1.0,2026-09-18,4,97.91,0.53,0.5475,0.5475,0.9680365296803654,0.6907,0.3767258382642998,0.5818540433925049,0.04142011834319527,-0.001317009308596467,-0.0013161424324400484,0.2338011759595775,-0.0005165931565759277,-4.8125741839229935e-06,108.6
2026-09-14,1530,ISRG,bull_put,380.0,377.5,2.5,2026-09-18,4,377.14,1.0,1.3294,0.53176,0.7522190461862495,0.3819,0.3727810650887574,0.5621301775147929,0.0650887573964497,-0.001439941717783332,-0.0014389054991325034,0.214922727328692,-0.0006090784786639165,-8.27709927271194e-06,393.33
2026-09-14,1530,JNJ,bull_put,267.5,265.0,2.5,2026-09-18,4,267.17,1.07,1.1123,0.44492000000000004,0.9619706913602445,0.2524,0.4635108481262327,0.41222879684418146,0.1242603550295858,-0.0005659771238292776,-0.0005658169889892761,0.10345729311367169,-0.0003740694638748701,-4.72425821547168e-05,269.99
2026-09-14,1530,JPM,bull_put,350.0,347.5,2.5,2026-09-18,4,349.08,1.2,1.1914,0.47656,1.0072183985227463,0.2926,0.45956607495069035,0.4516765285996055,0.08875739644970414,-0.00041412063098462265,-0.0004140348948715733,0.15973903503412823,-0.0002185454751782264,-8.955012367499394e-06,349.67
2026-09-14,1530,LOW,bull_put,200.0,197.5,2.5,2026-09-18,4,199.48,1.175,1.128,0.45119999999999993,1.0416666666666667,0.3186,0.4477317554240631,0.43984220907297833,0.11242603550295859,-0.0008545667796819559,-0.0008542017414820968,0.0926304105668736,-0.0005897187656494686,-9.248417451240575e-05,192.49
2026-09-14,1530,MA,bull_put,575.0,572.5,2.5,2026-09-18,4,572.4,1.4,1.2911,0.51644,1.0843466811246225,0.2511,0.4319526627218935,0.514792899408284,0.05325443786982249,-0.0005850662521153733,-0.000584895134229102,0.21233195145600947,-0.0002501610142661738,-3.580368537288616e-06,565.24
2026-09-14,1530,MDT,bull_put,94.0,93.0,1.0,2026-09-18,4,93.695,0.645,0.4755,0.4755,1.3564668769716088,0.2741,0.40039447731755423,0.4280078895463511,0.17159763313609466,-0.0007682650822026793,-0.0007679700421455715,0.09040619092559288,-0.0005349246848803304,-8.770703760849984e-05,92.13
2026-09-14,1530,MMM,bull_put,162.5,160.0,2.5,2026-09-18,4,162.24,0.965,1.0455,0.4182,0.9230033476805355,0.2893,0.47928994082840237,0.35700197238658776,0.16370808678500987,-0.0003854912551229778,-0.0003854169629157189,0.05879541774369179,-0.00030464406582161885,-9.399445046828828e-05,165.89
2026-09-14,1530,MS,bull_put,207.5,205.0,2.5,2026-09-18,4,206.42,1.11,1.1859,0.47436,0.9359979762205921,0.3756,0.42011834319526625,0.4240631163708087,0.15581854043392504,-0.0005636790143654039,-0.0005635201771956311,0.12077881289319281,-0.0003476123382072947,-3.104729323909773e-05,202.58
2026-09-14,1530,MSFT,bull_put,510.0,507.5,2.5,2026-09-18,4,507.095,1.325,1.3472,0.53888,0.983521377672209,0.2697,0.40039447731755423,0.5226824457593688,0.07692307692307693,-0.0006011223905079141,-0.0006009417526406935,0.20816963862184135,-0.0002613392725315584,-4.065052611648792e-06,493.78
2026-09-14,1530,NEE,bull_put,82.0,81.0,1.0,2026-09-18,4,81.82,0.405,0.4232,0.4232,0.9569943289224953,0.2359,0.47534516765285995,0.34516765285996054,0.1794871794871795,-0.000233303898059842,-0.00023327668482175934,0.05920180176047474,-0.00018408875961752852,-5.6338717314197896e-05,80.47
2026-09-14,1530,NOW,bull_put,144.0,143.0,1.0,2026-09-18,4,142.47,0.55,0.5597,0.5597,0.9826692871180991,0.6107,0.3727810650887574,0.5542406311637081,0.07297830374753451,-0.0008614567611699934,-0.0008610858138202726,0.2647969466253586,-0.00029857058799719283,-1.4964078180821564e-06,135.47
2026-09-14,1530,NVDA,bull_put,212.5,210.0,2.5,2026-09-18,4,212.13,1.08,1.0991,0.43964,0.9826221453916842,0.3755,0.45956607495069035,0.4437869822485207,0.09664694280078895,-0.0009728355830503684,-0.0009723625319273399,0.12611658051717023,-0.000587139469134436,-4.713099147521945e-05,222.27
2026-09-14,1530,ORCL,bull_put,145.0,144.0,1.0,2026-09-18,4,143.585,0.525,0.5743,0.5743,0.9141563642695455,0.5902,0.4280078895463511,0.5384615384615384,0.03353057199211045,0.0005799459766307954,0.000580114177813007,0.2603113955193417,0.0002047888319915758,1.1227167861946397e-06,147.61
2026-09-14,1530,PEP,bull_put,137.0,136.0,1.0,2026-09-18,4,136.56,0.515,0.5125,0.5125,1.0048780487804878,0.2188,0.40828402366863903,0.46745562130177515,0.1242603550295858,-0.0004282740952383053,-0.0004281823989787936,0.11088277368859656,-0.0002747930244374576,-2.991508003077672e-05,129.75
2026-09-14,1530,PG,bull_put,147.0,146.0,1.0,2026-09-18,4,146.2,0.37,0.541,0.541,0.6839186691312384,0.2006,0.40039447731755423,0.5108481262327417,0.08875739644970414,-0.00044254384515732444,-0.00044244593707332136,0.11555869122817763,-0.0002786853913407412,-2.7630208675445662e-05,146.39
2026-09-14,1530,PM,bull_put,195.0,192.5,2.5,2026-09-18,4,194.24,1.0,1.1394,0.45576,0.8776549060909251,0.3053,0.4556213017751479,0.388560157790927,0.15581854043392504,-0.0002322749594393797,-0.00023224798569942973,0.08224653015349426,-0.0001671379608183481,-3.2261964961316535e-05,188.62
2026-09-14,1530,PNC,bull_put,242.5,240.0,2.5,2026-09-18,4,242.2,1.175,1.0923,0.43692000000000003,1.0757118007873294,0.2776,0.4556213017751479,0.3530571992110454,0.1913214990138067,-0.00024106262411859123,-0.00024103357085880628,0.10424343114619217,-0.00015885033940858006,-1.974882260138386e-05,233.17
2026-09-14,1530,QCOM,bull_put,182.5,180.0,2.5,2026-09-18,4,180.77,1.325,1.3509,0.54036,0.9808275964172033,0.5536,0.4161735700197239,0.49506903353057197,0.08875739644970414,-0.00011154390118251183,-0.00011153768039284806,0.1597867890303707,-5.8863153545897814e-05,-2.4096452507894464e-06,177.72
2026-09-14,1530,SCHW,bull_put,108.0,107.0,1.0,2026-09-18,4,107.2,0.515,0.5343,0.5343,0.9638779711772413,0.315,0.39644970414201186,0.45956607495069035,0.14398422090729784,-9.620024328483266e-05,-9.6195616189787e-05,0.13645455770965287,-5.5732616833521294e-05,-3.638146693494845e-06,105.25
2026-09-14,1530,SO,bull_put,87.0,86.0,1.0,2026-09-18,4,86.82,0.375,0.4183,0.4183,0.8964857757590247,0.2211,0.4358974358974359,0.2859960552268245,0.2781065088757396,-0.00014191420952696602,-0.00014190414018189212,0.05853368716919394,-0.00011228238713493898,-3.482526985200812e-05,85.52
2026-09-14,1530,TJX,bull_put,127.0,126.0,1.0,2026-09-18,4,126.31,0.4,0.5319,0.5319,0.7520210565895845,0.2489,0.3767258382642998,0.514792899408284,0.10848126232741617,-0.0009172603038897637,-0.0009168397492530511,0.12316301350107417,-0.0005601925968408893,-4.7704244516501e-05,127.24
2026-09-14,1530,TSLA,bull_put,362.5,360.0,2.5,2026-09-18,4,360.25,1.35,1.3516,0.54064,0.998816217815922,0.4467,0.4280078895463511,0.5069033530571992,0.0650887573964497,-8.65581450933935e-05,-8.655439904525775e-05,0.22450658828755843,-3.525991455967984e-05,-3.9558681380275646e-07,364.27
2026-09-14,1530,TXN,bull_put,267.5,265.0,2.5,2026-09-18,4,265.105,1.35,1.3298,0.5319200000000001,1.01519025417356,0.4349,0.33727810650887574,0.5424063116370809,0.1203155818540434,-0.0016401952776285934,-0.0016388508924727319,0.1842484852609071,-0.0007842725959754643,-1.968362267400438e-05,266.64
2026-09-14,1530,UPS,bull_put,103.0,102.0,1.0,2026-09-18,4,102.43,0.475,0.4965,0.4965,0.9566968781470292,0.27,0.40433925049309666,0.4437869822485207,0.15187376725838264,-0.0005031177833449635,-0.0005029912408158754,0.10310071413225663,-0.0003330091275064739,-4.235792848381314e-05,99.06
2026-09-14,1530,USB,bull_put,63.0,62.5,0.5,2026-09-18,4,62.505,0.265,0.2709,0.5418,0.9782207456626063,0.2728,0.39644970414201186,0.5069033530571992,0.09664694280078895,-0.0004342163583080849,-0.00043412210002846674,0.14385026711530968,-0.00024418466493299657,-1.3748358294717598e-05,60.06
2026-09-14,1530,V,bull_put,375.0,372.5,2.5,2026-09-18,4,374.63,0.985,1.1067,0.44268,0.8900334327279299,0.2261,0.4437869822485207,0.4358974358974359,0.1203155818540434,-0.0009936432258304245,-0.0009931497258681699,0.13664191712075313,-0.000574967642633656,-3.7392697192371086e-05,368.29
2026-09-14,1530,XOM,bull_put,165.0,162.5,2.5,2026-09-18,4,164.285,1.045,1.1434,0.45736,0.9139408780829106,0.337,0.45956607495069035,0.3530571992110454,0.1873767258382643,0.0002803451740397839,0.0002803844744205808,0.06788915349160352,0.00021370684020564793,5.497189751786391e-05,163.54
2026-09-14,1545,AAPL,bull_put,335.0,332.5,2.5,2026-09-18,4,333.95,1.15,1.1969,0.47876,0.960815439886373,0.2735,0.4556213017751479,0.43984220907297833,0.10453648915187377,-0.00029737951250649944,-0.00029733529960207505,0.14464463458073118,-0.0001667143582929206,-9.23858954136981e-06,336.13
2026-09-14,1545,ABBV,bull_put,262.5,260.0,2.5,2026-09-18,4,261.53,0.84,1.2013,0.48052,0.699242487305419,0.2842,0.42011834319526625,0.4319526627218935,0.14792899408284024,-0.0005285121142163309,-0.0005283724762901176,0.11267998029015203,-0.0003366627075527277,-3.5356489555008245e-05,263.96
2026-09-14,1545,ABT,bull_put,103.0,102.0,1.0,2026-09-18,4,102.75,0.475,0.4723,0.4723,1.0057167054838025,0.2934,0.43984220907297833,0.41222879684418146,0.14792899408284024,-0.00030156288179739423,-0.00030151741628192674,0.1159888740256827,-0.00018959159977248994,-1.863599272029167e-05,102.61
2026-09-14,1545,ACN,bull_put,197.5,195.0,2.5,2026-09-18,4,195.21,1.85,1.3771,0.55084,1.3434028029917944,0.503,0.388560157790927,0.4832347140039448,0.1282051282051282,-0.0001204374497975674,-0.00012043019749907735,0.1616239486246127,-6.309077212153444e-05,-2.4895339996558058e-06,181.29
2026-09-14,1545,ADI,bull_put,365.0,362.5,2.5,2026-09-18,4,362.125,1.6,1.3398,0.5359200000000001,1.194208090759815,0.4228,0.3806706114398422,0.5305719921104537,0.08875739644970414,-0.0009616278000204332,-0.0009611655841792466,0.222385471910732,-0.0003948890386082866,-4.622313661663546e-06,375.72
2026-09-14,1545,ADP,bull_put,277.5,275.0,2.5,2026-09-18,4,276.54,1.325,1.2394,0.49576000000000003,1.069065676940455,0.3102,0.4319526627218935,0.4477317554240631,0.1203155818540434,-0.0002838299092005475,-0.0002837896333024448,0.1342030994540584,-0.0001659059129250212,-1.1328921140122451e-05,271.22
2026-09-14,1545,AMGN,bull_put,382.5,380.0,2.5,2026-09-18,4,381.69,1.475,1.2033,0.48132,1.2257957284135295,0.2953,0.4832347140039448,0.4714003944773176,0.045364891518737675,-0.0002904737137774168,-0.0002904315303726701,0.17526696921620744,-0.00014407009844046901,-4.3273727018084305e-06,385.65
2026-09-14,1545,AMZN,bull_put,255.0,252.5,2.5,2026-09-18,4,253.67000000000002,1.23,1.2613,0.5045200000000001,0.9751843336240386,0.3433,0.40828402366863903,0.4635108481262327,0.1282051282051282,-0.0005221316232407094,-0.0005219953362456398,0.1371334778979062,-0.00030160696876625645,-1.9422946646017906e-05,253.71
2026-09-14,1545,AVGO,bull_put,347.5,345.0,2.5,2026-09-18,4,344.59,1.35,1.3828,0.5531200000000001,0.9762800115707261,0.3968,0.39250493096646943,0.5384615384615384,0.06903353057199212,-0.0005833597009816246,-0.0005831895797935305,0.2091033191975744,-0.0002526737261393582,-3.857551487332776e-06,357.61
2026-09-14,1545,AXP,bull_put,330.0,327.5,2.5,2026-09-18,4,327.57,1.375,1.3975,0.5589999999999999,0.9838998211091234,0.2746,0.40433925049309666,0.4911242603550296,0.10453648915187377,0.0002015136252090429,0.00020153393044353152,0.1498772937371875,0.00011065846671562867,5.522897913243861e-06,311.56
2026-09-14,1545,CME,bull_put,282.5,280.0,2.5,2026-09-18,4,280.64,1.325,1.3139,0.52556,1.008448131516858,0.2607,0.4319526627218935,0.4516765285996055,0.11637080867850098,0.0003670721782719835,0.00036713955750800054,0.11429056820797379,0.00023242783009084163,2.363593927887426e-05,276.01
2026-09-14,1545,COST,bull_put,922.5,920.0,2.5,2026-09-18,4,919.808415,1.3,1.3403,0.53612,0.9699321047526673,0.2142,0.4516765285996055,0.5069033530571992,0.04142011834319527,0.00010301000110040075,0.00010301530681267046,0.24837030077479527,3.814506470841913e-05,2.65534731457018e-07,895.31
2026-09-14,1545,CSCO,bull_put,111.0,110.0,1.0,2026-09-18,4,110.29,0.475,0.5266,0.5266,0.9020129130269655,0.3296,0.388560157790927,0.48717948717948717,0.1242603550295858,-0.0005979208063318833,-0.0005977420873082284,0.14511423152466396,-0.0003345219315838496,-1.8364469863859032e-05,109.51
2026-09-14,1545,CVX,bull_put,212.5,210.0,2.5,2026-09-18,4,212.13,1.1,1.0987,0.43948,1.0011832165286247,0.3134,0.5187376725838264,0.35700197238658776,0.1242603550295858,0.0009662383975392493,0.0009667053562454342,0.10155289503575227,0.000643989337998719,8.448924679062907e-05,209.51
2026-09-14,1545,DE,bull_put,685.0,682.5,2.5,2026-09-18,4,680.33,0.75,1.3883,0.55532,0.540229057120219,0.3542,0.39644970414201186,0.5463510848126233,0.05719921104536489,-0.0005707743687328208,-0.0005706115080298391,0.2757509100826835,-0.00018937041533937472,-7.62377655549923e-07,683.99
2026-09-14,1545,DHR,bull_put,205.0,202.5,2.5,2026-09-18,4,203.16,1.775,1.3249,0.52996,1.3397237527360555,0.3466,0.3609467455621302,0.4911242603550296,0.14792899408284024,-0.0008891376822739864,-0.0008887425164926244,0.10886848844759944,-0.0005749790509654817,-6.516769287515469e-05,211.81
2026-09-14,1545,DIS,bull_put,109.0,108.0,1.0,2026-09-18,4,108.88,0.45,0.4432,0.4432,1.0153429602888087,0.2691,0.4477317554240631,0.40039447731755423,0.15187376725838264,-0.0006293737617754347,-0.000629175747653199,0.11552710826472268,-0.00039635179680326375,-3.932105111922557e-05,102.67
2026-09-14,1545,EMR,bull_put,149.0,148.0,1.0,2026-09-18,4,148.35,0.55,0.5275,0.5275,1.042654028436019,0.3758,0.4556213017751479,0.4556213017751479,0.08875739644970414,0.001380343261231133,0.0013812963734807227,0.20450123108000506,0.0006095815961921284,1.0203677477713125e-05,149.92
2026-09-14,1545,EOG,bull_put,149.0,148.0,1.0,2026-09-18,4,148.14,0.525,0.5275,0.5275,0.9952606635071091,0.392,0.4477317554240631,0.4911242603550296,0.0611439842209073,3.482736418406081e-05,3.48279706636756e-05,0.21171445965081404,1.4932842472128979e-05,2.163784733901931e-07,144.23
2026-09-14,1545,F,bull_put,14.0,13.5,0.5,2026-09-18,4,13.895,0.19,0.1939,0.3878,0.9798865394533265,0.3629,0.39250493096646943,0.23076923076923078,0.3767258382642998,-0.0005318871993673278,-0.0005317457724464125,0.02527981608187546,-0.000480605246332029,-0.0002898750354351076,13.21
2026-09-14,1545,FCX,bull_put,70.0,69.0,1.0,2026-09-18,4,69.44,0.545,0.5166,0.5166,1.0549748354626405,0.5218,0.46745562130177515,0.4280078895463511,0.10453648915187377,0.0026731002583486527,0.002676676176396775,0.14335650460636218,0.0015085512809224666,8.57790634119502e-05,71.54
2026-09-14,1545,GE,bull_put,320.0,317.5,2.5,2026-09-18,4,317.28,1.325,1.4042,0.56168,0.9435977780942886,0.3378,0.40828402366863903,0.514792899408284,0.07692307692307693,2.482780463633743e-05,2.482811284876263e-05,0.177066827353225,1.2227766206802895e-05,3.5429433280283437e-07,314.27
2026-09-14,1545,GM,bull_put,88.0,87.5,0.5,2026-09-18,4,87.29,0.325,0.2753,0.5506,1.1805303305484927,0.3702,0.34122287968441817,0.5897435897435898,0.06903353057199212,-0.0017718984820248558,-0.0017703295966815524,0.23237814151966574,-0.0006988306617164176,-6.698245487557357e-06,82.2
2026-09-14,1545,HD,bull_put,312.5,310.0,2.5,2026-09-18,4,311.73,1.15,1.1742,0.46968,0.9793902231306422,0.301,0.4516765285996055,0.48717948717948717,0.0611439842209073,-0.0009486048032422822,-0.0009481550199393896,0.14919368476375205,-0.0005220395091129944,-2.641335035771199e-05,299.98
2026-09-14,1545,HON,bull_put,202.5,200.0,2.5,2026-09-18,4,201.1474,1.1,1.2952,0.51808,0.8492896849907352,0.321,0.41222879684418146,0.4280078895463511,0.15976331360946747,0.00012703167170433766,0.00012703974056882394,0.09040380689800576,8.848957316982242e-05,1.4509572293967713e-05,206.46
2026-09-14,1545,IBM,bull_put,252.5,250.0,2.5,2026-09-18,4,249.89,1.375,1.4206,0.5682400000000001,0.9679008869491763,0.3925,0.38461538461538464,0.49506903353057197,0.1203155818540434,5.3298279604044145e-05,5.3299699982689575e-05,0.1651038590404098,2.7536578996817503e-05,1.0135287822211435e-06,229.55
2026-09-14,1545,INTC,bull_put,99.0,98.0,1.0,2026-09-18,4,97.47,0.55,0.5746,0.5746,0.9571876087713193,0.6926,0.368836291913215,0.5936883629191322,0.03747534516765286,-0.0010181362500574116,-0.0010176181252010696,0.24123425734191262,-0.0003877198236456217,-3.1130340454382746e-06,108.6
2026-09-14,1545,ISRG,bull_put,380.0,377.5,2.5,2026-09-18,4,377.805,1.25,1.29,0.516,0.9689922480620154,0.3894,0.38461538461538464,0.5305719921104537,0.08481262327416174,-0.001253685328810825,-0.001252899793664608,0.21394120273634032,-0.000532429858414311,-7.378918719411232e-06,393.33
2026-09-14,1545,JNJ,bull_put,267.5,265.0,2.5,2026-09-18,4,267.045,1.075,1.1209,0.44836,0.959050762779909,0.2478,0.4556213017751479,0.4161735700197239,0.1282051282051282,-0.0006145410709297145,-0.0006143522792412259,0.09962235475427694,-0.00041243519454284386,-5.624021071514464e-05,269.99
2026-09-14,1545,JPM,bull_put,352.5,350.0,2.5,2026-09-18,4,350.105,1.375,1.3269,0.53076,1.036249905795463,0.2874,0.40039447731755423,0.5029585798816568,0.09664694280078895,-0.0005514399377880503,-0.0005512879227291823,0.1639400357044829,-0.0002861445422525359,-1.0780040921744131e-05,349.67
2026-09-14,1545,LOW,bull_put,200.0,197.5,2.5,2026-09-18,4,198.76,1.525,1.2593,0.5037200000000001,1.210990232668943,0.3415,0.388560157790927,0.47534516765285995,0.13609467455621302,-0.0008534063387830235,-0.0008530422911610103,0.0982153267101975,-0.0005759079383930455,-8.07728815280106e-05,192.49
2026-09-14,1545,MA,bull_put,575.0,572.5,2.5,2026-09-18,4,572.37,1.35,1.3363,0.53452,1.0102521888797427,0.2521,0.4319526627218935,0.514792899408284,0.05325443786982249,-0.00024190597322234966,-0.00024187671633157937,0.21289412745115555,-0.00010321886635935715,-1.4607778982881563e-06,565.24
2026-09-14,1545,MDT,bull_put,94.0,92.5,1.5,2026-09-18,4,93.855,0.585,0.6166,0.4110666666666667,0.9487512163477132,0.2786,0.42011834319526625,0.32938856015779094,0.2504930966469428,-0.0007668379336365954,-0.0007665439885692349,0.052374188723185444,-0.0006216612502535303,-0.00021809081446955234,92.13
2026-09-14,1545,MMM,bull_put,162.5,160.0,2.5,2026-09-18,4,162.155,0.88,1.0726,0.42904,0.8204363229535707,0.2949,0.4516765285996055,0.3609467455621302,0.1873767258382643,-0.00047928395896367675,-0.000479169120754408,0.05831135057654824,-0.00037948239404586484,-0.00011822400729220406,165.89
2026-09-14,1545,MS,bull_put,207.5,205.0,2.5,2026-09-18,4,207.13,1.02,1.0873,0.43492,0.9381035592752691,0.3763,0.4635108481262327,0.3609467455621302,0.1755424063116371,-0.00027612062151691685,-0.0002760825037265713,0.12531318867584684,-0.0001672428575541674,-1.3642408585931294e-05,202.58
2026-09-14,1545,MSFT,bull_put,510.0,507.5,2.5,2026-09-18,4,506.795,1.35,1.3675,0.5469999999999999,0.987202925045704,0.2687,0.40039447731755423,0.5305719921104537,0.06903353057199212,-0.0005265985809890898,-0.0005264599522912805,0.20997541203600134,-0.00022730065591018106,-3.4101810229408456e-06,493.78
2026-09-14,1545,NEE,bull_put,82.0,81.0,1.0,2026-09-18,4,81.7,0.52,0.4506,0.4506,1.1540168664003552,0.2325,0.4437869822485207,0.3727810650887574,0.1834319526627219,-0.0002866329727500413,-0.0002865918974440662,0.04998263097592326,-0.00023465790256914086,-8.635581117705562e-05,80.47
2026-09-14,1545,NOW,bull_put,144.0,143.0,1.0,2026-09-18,4,142.66,0.55,0.5528,0.5528,0.9949348769898699,0.6081,0.38461538461538464,0.5542406311637081,0.0611439842209073,-0.0008450807161398685,-0.0008447237359975324,0.2620685553044433,-0.00029611130470014006,-1.5673155371424819e-06,135.47
2026-09-14,1545,NVDA,bull_put,212.5,210.0,2.5,2026-09-18,4,212.09,1.105,1.1055,0.4422,0.9995477159656264,0.368,0.4516765285996055,0.4437869822485207,0.10453648915187377,-0.0010020066023227604,-0.001001504761337202,0.12474574886802547,-0.0006080614304753805,-5.016717540675569e-05,222.27
2026-09-14,1545,ORCL,bull_put,145.0,144.0,1.0,2026-09-18,4,143.55,0.55,0.5758,0.5758,0.9551927752691908,0.5937,0.4280078895463511,0.5463510848126233,0.02564102564102564,0.00045171274329636017,0.0004518147808609818,0.26168591832835797,0.00015862273479510538,8.460390848252273e-07,147.61
2026-09-14,1545,PEP,bull_put,137.0,136.0,1.0,2026-09-18,4,136.3,0.69,0.5521,0.5521,1.2497735917406265,0.2275,0.38461538461538464,0.5029585798816568,0.11242603550295859,-0.00034295629985778286,-0.0003428974970683951,0.1185799656372295,-0.00021338791309335133,-1.991578005018563e-05,129.75
2026-09-14,1545,PM,bull_put,195.0,192.5,2.5,2026-09-18,4,194.135,0.9,1.1654,0.46616,0.7722670327784452,0.3036,0.4556213017751479,0.40039447731755423,0.14398422090729784,-0.00015409126648182865,-0.00015407939503242485,0.08463222058268083,-0.000109830595674494,-2.0212368676444935e-05,188.62
2026-09-14,1545,QCOM,bull_put,182.5,180.0,2.5,2026-09-18,4,180.085,1.35,1.4124,0.56496,0.9558198810535259,0.5493,0.36489151873767256,0.514792899408284,0.1203155818540434,-0.00046572221437829724,-0.0004656137826214435,0.1650141121860067,-0.00024063952072351158,-8.873043012077515e-06,177.72
2026-09-14,1545,SCHW,bull_put,108.0,107.0,1.0,2026-09-18,4,107.29,0.64,0.5287,0.5287,1.2105163608851903,0.3149,0.4161735700197239,0.4516765285996055,0.13214990138067062,0.00011832652199408183,0.00011833352285317567,0.13423599528546326,6.916971492527304e-05,4.7201624460018165e-06,105.25
2026-09-14,1545,SO,bull_put,87.0,86.0,1.0,2026-09-18,4,86.73,0.325,0.4275,0.4275,0.760233918128655,0.2061,0.40828402366863903,0.3096646942800789,0.28205128205128205,-0.00043221151910896984,-0.0004321181291655485,0.04562869090370336,-0.00036002887421691623,-0.00014454782422888645,85.52
2026-09-14,1545,TJX,bull_put,127.0,126.0,1.0,2026-09-18,4,126.2,0.4,0.5509,0.5509,0.7260845888546017,0.2488,0.368836291913215,0.514792899408284,0.11637080867850098,-0.0006769419742420242,-0.0006767129007164696,0.1252027310588293,-0.0004101144155071319,-3.3528021832800245e-05,127.24
2026-09-14,1545,TSLA,bull_put,362.5,360.0,2.5,2026-09-18,4,360.4,1.375,1.3376,0.53504,1.0279605263157896,0.4437,0.4319526627218935,0.5069033530571992,0.0611439842209073,-0.00015235310652966794,-0.00015234150138454527,0.22339046108399385,-6.23374816211997e-05,-7.151618876411952e-07,364.27
2026-09-14,1545,TXN,bull_put,265.0,262.5,2.5,2026-09-18,4,263.7825,1.075,1.252,0.5008,0.8586261980830671,0.4406,0.388560157790927,0.49506903353057197,0.11637080867850098,-0.001096977581162254,-0.001096376121204945,0.17945041174236653,-0.0005348380217387515,-1.4775282793389805e-05,266.64
2026-09-14,1545,UPS,bull_put,103.0,102.0,1.0,2026-09-18,4,102.24,0.455,0.5403,0.5403,0.8421247455117528,0.2805,0.388560157790927,0.47534516765285995,0.13609467455621302,-0.00023713721301274904,-0.00023710909820628956,0.11077959061822251,-0.00015223144126810765,-1.6606765795425167e-05,99.06
2026-09-14,1545,USB,bull_put,63.0,62.5,0.5,2026-09-18,4,62.605,0.24,0.2552,0.5104,0.9404388714733543,0.2801,0.4161735700197239,0.4832347140039448,0.10059171597633136,-0.0005405880513004013,-0.0005404419599061017,0.14316646258131693,-0.00030481998789956945,-1.7398641824911677e-05,60.06
2026-09-14,1545,V,bull_put,375.0,372.5,2.5,2026-09-18,4,374.24,1.11,1.1543,0.46172,0.9616217621069046,0.2181,0.4319526627218935,0.4635108481262327,0.10453648915187377,-0.0010434513862833004,-0.0010429071801861811,0.12931352120843098,-0.0006217346370042937,-4.6816839141741635e-05,368.29
2026-09-14,1545,XOM,bull_put,165.0,162.5,2.5,2026-09-18,4,164.62,1.1,1.062,0.4248,1.0357815442561205,0.3377,0.47534516765285995,0.3333333333333333,0.1913214990138067,-0.00010275714650207976,-0.00010275186716734996,0.07555501863803804,-7.595164977057547e-05,-1.6760024851568735e-05,163.54
2026-09-15,1530,ABBV,bull_put,262.5,260.0,2.5,2026-09-18,3,261.86,1.185,1.1676,0.46704,1.0149023638232273,0.2929,0.46745562130177515,0.4161735700197239,0.11637080867850098,-0.00017614198776008411,-0.00017612647567100126,0.09680325192458561,-0.00011958044694020906,-1.725193485228817e-05,263.96
2026-09-15,1530,ACN,bull_put,197.5,195.0,2.5,2026-09-18,3,194.99,0.9,1.4625,0.585,0.6153846153846154,0.5045,0.36489151873767256,0.4635108481262327,0.17159763313609466,0.0011012851226541338,0.0011018917597878097,0.14452539710934864,0.0006181197289406894,3.4335308693076827e-05,181.29
2026-09-15,1530,ADI,bull_put,365.0,362.5,2.5,2026-09-18,3,362.07,1.35,1.3771,0.55084,0.9803209643453635,0.4416,0.3806706114398422,0.5266272189349113,0.09270216962524655,-0.0006527138800513461,-0.0006525009086857381,0.2107664450035227,-0.00028082922708721445,-4.147135486647766e-06,375.72
2026-09-15,1530,AMGN,bull_put,377.5,375.0,2.5,2026-09-18,3,375.8,1.25,1.3172,0.52688,0.9489826905557243,0.3142,0.43984220907297833,0.4714003944773176,0.08875739644970414,0.00016708085579350725,0.00016709481457710673,0.16211083764780876,8.736703631693591e-05,3.4140569301047232e-06,385.65
2026-09-15,1530,AMZN,bull_put,250.0,247.5,2.5,2026-09-18,3,247.77,1.34,1.3767,0.5506800000000001,0.973342049829302,0.3502,0.36489151873767256,0.514792899408284,0.1203155818540434,-0.0007289671789496421,-0.0007287015469252811,0.12212338508707743,-0.00044709482437437794,-3.887311985379389e-05,253.71
2026-09-15,1530,AVGO,bull_put,342.5,340.0,2.5,2026-09-18,3,339.78,1.4,1.3996,0.55984,1.0002857959416975,0.4005,0.39250493096646943,0.5581854043392505,0.04930966469428008,-0.0006491578775483569,-0.0006489472201591795,0.18891962437949594,-0.00030480520212581734,-6.967666685809016e-06,357.61
2026-09-15,1530,AXP,bull_put,325.0,322.5,2.5,2026-09-18,3,324.43,1.185,1.1611,0.46444,1.0205839290328138,0.2849,0.49506903353057197,0.40828402366863903,0.09664694280078895,0.00013672011597012923,0.00013672946259113417,0.1260136260249778,8.259504937263627e-05,6.643754385986665e-06,311.56
2026-09-15,1530,BA,bull_put,210.0,207.5,2.5,2026-09-18,3,209.1,1.185,1.2259,0.49036,0.9666367566685701,0.3991,0.41222879684418146,0.40828402366863903,0.1794871794871795,-0.00018996602822629344,-0.0001899479858228359,0.10774335757216857,-0.0001234426709632467,-1.4309300266037803e-05,198.2
2026-09-15,1530,BAC,bull_put,60.0,59.0,1.0,2026-09-18,3,59.61,0.445,0.4564,0.4564,0.9750219106047328,0.305,0.4161735700197239,0.2938856015779093,0.28994082840236685,0.0008803169535526074,0.0008807045462484453,0.024120432877685838,0.0007997030540878923,0.000493652495289263,57.73
2026-09-15,1530,BMY,bull_put,64.0,63.0,1.0,2026-09-18,3,63.655,0.425,0.4581,0.4581,0.9277450338354071,0.2917,0.40433925049309666,0.39644970414201186,0.1992110453648915,-0.0007347921504905208,-0.0007345222568475585,0.026030940481270193,-0.0006618881177730078,-0.0003932626564455945,63.06
2026-09-15,1530,CL,bull_put,87.5,87.0,0.5,2026-09-18,3,87.0,0.325,0.2746,0.5492,1.1835396941005099,0.2689,0.40039447731755423,0.49506903353057197,0.10453648915187377,-0.00012716394792661005,-0.00012715586293454706,0.16681686299433052,-6.524478692919177e-05,-2.320560820220079e-06,87.47
2026-09-15,1530,CME,bull_put,277.5,275.0,2.5,2026-09-18,3,276.245,0.9,1.2081,0.48324,0.7449714427613608,0.2985,0.4477317554240631,0.40433925049309666,0.14792899408284024,5.7288038355358777e-05,5.7289679346261835e-05,0.10806210727681398,3.71837583434585e-05,4.282898143333405e-06,276.01
2026-09-15,1530,CSCO,bull_put,111.0,110.0,1.0,2026-09-18,3,110.15,0.51,0.5465,0.5465,0.9332113449222325,0.328,0.3767258382642998,0.48717948717948717,0.13609467455621302,-0.0003836373663819344,-0.00038356378697701476,0.13163940582986156,-0.00022654606736096037,-1.628362815766797e-05,109.51
2026-09-15,1530,CSX,bull_put,49.0,48.5,0.5,2026-09-18,3,48.655,0.175,0.2619,0.5238,0.6681939671630392,0.2962,0.3727810650887574,0.42011834319526625,0.20710059171597633,-0.00014428280930398486,-0.00014427240104009087,0.08919249235070836,-0.00010098108449770788,-1.6963828977860694e-05,47.1
2026-09-15,1530,CVX,bull_put,217.5,215.0,2.5,2026-09-18,3,216.66,1.05,1.1766,0.47064000000000006,0.8924018357980622,0.3179,0.47534516765285995,0.34911242603550297,0.1755424063116371,0.002789916833266036,0.0027938122730428727,0.07944646139779787,0.0020332209767885997,0.00041507003901159915,209.51
2026-09-15,1530,DE,bull_put,685.0,682.5,2.5,2026-09-18,3,681.3,1.45,1.3744,0.54976,1.0550058207217694,0.3839,0.388560157790927,0.5818540433925049,0.029585798816568046,-0.0011320948681769654,-0.0011314542905360714,0.26612057707555237,-0.000390245785061863,-1.9047775254458363e-06,683.99
2026-09-15,1530,DHR,bull_put,210.0,207.5,2.5,2026-09-18,3,208.99,1.075,1.2242,0.48968,0.8781244894625061,0.3695,0.38461538461538464,0.4358974358974359,0.1794871794871795,-0.0007442151214272826,-0.0007439382620390012,0.0959438643016024,-0.0005068335231950987,-7.438879361360458e-05,211.81
2026-09-15,1530,DIS,bull_put,107.0,106.0,1.0,2026-09-18,3,106.261,0.55,0.5316,0.5316,1.034612490594432,0.2842,0.35700197238658776,0.4911242603550296,0.15187376725838264,-0.0009070700226105968,-0.0009066587589553476,0.09677308914969363,-0.0006156470276525573,-8.887332215603752e-05,102.67
2026-09-15,1530,EMR,bull_put,148.0,147.0,1.0,2026-09-18,3,146.95,0.45,0.5464,0.5464,0.8235724743777453,0.3656,0.3806706114398422,0.5226824457593688,0.09664694280078895,-0.0006950293409787346,-0.0006947878640340965,0.18684225514255082,-0.00032905915821223,-7.841204391631334e-06,149.92
2026-09-15,1530,EOG,bull_put,155.0,152.5,2.5,2026-09-18,3,153.36,1.2,1.3334,0.53336,0.8999550022498876,0.3905,0.38461538461538464,0.4240631163708087,0.1913214990138067,0.00013061116424437514,0.0001306196942538751,0.060258256035950586,0.00010264300321754353,3.075620796383233e-05,144.23
2026-09-15,1530,FCX,bull_put,70.0,69.0,1.0,2026-09-18,3,69.14,0.52,0.5611,0.5611,0.9267510247727677,0.5595,0.40039447731755423,0.47928994082840237,0.1203155818540434,0.00047084907981726626,0.00047095994664503316,0.13752369437750733,0.0002716945001651177,1.7360619366160986e-05,71.54
2026-09-15,1530,GE,bull_put,310.0,307.5,2.5,2026-09-18,3,307.845,1.225,1.378,0.5511999999999999,0.8889695210449928,0.3476,0.41222879684418146,0.5029585798816568,0.08481262327416174,-2.2894785113984975e-05,-2.28945230303923e-05,0.15561225830768166,-1.2285855972112518e-05,-5.467320302724231e-07,314.27
2026-09-15,1530,GM,bull_put,86.0,85.0,1.0,2026-09-18,3,85.265,0.48,0.5393,0.5393,0.8900426478768774,0.4073,0.33727810650887574,0.49506903353057197,0.16765285996055226,-0.0010503293121222647,-0.0010497779093586734,0.11775258882318695,-0.0006554510014930174,-6.21948235819075e-05,82.2
2026-09-15,1530,HD,bull_put,307.5,305.0,2.5,2026-09-18,3,305.66,1.29,1.3333,0.53332,0.9675241881047026,0.3461,0.36489151873767256,0.5226824457593688,0.11242603550295859,-0.0011068158445288875,-0.001106203549792073,0.14692966353878556,-0.0006145993256001176,-3.2536979771849645e-05,299.98
2026-09-15,1530,IBM,bull_put,250.0,247.5,2.5,2026-09-18,3,248.7063,1.25,1.2949,0.51796,0.9653255077612172,0.4063,0.46745562130177515,0.39644970414201186,0.13609467455621302,0.0060306613316294735,0.006048882379585896,0.13569700286108344,0.003515161650215361,0.0002329679137014661,229.55
2026-09-15,1530,INTC,bull_put,98.0,97.5,0.5,2026-09-18,3,97.16,0.25,0.2732,0.5464,0.9150805270863837,0.6829,0.38461538461538464,0.5897435897435898,0.02564102564102564,-0.0013217821142776608,-0.001320908945054322,0.28963480386126816,-0.0004146920339584666,-1.2647065015507212e-06,108.6
2026-09-15,1530,ISRG,bull_put,377.5,375.0,2.5,2026-09-18,3,376.43,0.55,1.1907,0.47628000000000004,0.4619131603258587,0.4047,0.40433925049309666,0.514792899408284,0.08086785009861933,-0.001549964664449838,-0.0015487640895822663,0.19754766932694867,-0.0007027645071565792,-1.3518626381406345e-05,393.33
2026-09-15,1530,JNJ,bull_put,267.5,265.0,2.5,2026-09-18,3,265.81,1.46,1.3047,0.52188,1.1190311949107075,0.2723,0.35700197238658776,0.47928994082840237,0.16370808678500987,-0.0009413721878026335,-0.0009409292360097465,0.089377083395068,-0.0006581017813971824,-0.00011014723099464865,269.99
2026-09-15,1530,JPM,bull_put,355.0,352.5,2.5,2026-09-18,3,353.25,1.275,1.2938,0.51752,0.9854691606121502,0.292,0.4240631163708087,0.4477317554240631,0.1282051282051282,2.452983457384983e-05,2.4530135432687672e-05,0.14213594638284177,1.389263153003525e-05,8.094823304557195e-07,349.67
2026-09-15,1530,MA,bull_put,575.0,572.5,2.5,2026-09-18,3,572.385,1.4,1.2656,0.50624,1.1061946902654867,0.2592,0.40433925049309666,0.514792899408284,0.08086785009861933,-0.001049358225780504,-0.0010488078419709224,0.19856427658158948,-0.0004739739219432196,-8.934022769421917e-06,565.24
2026-09-15,1530,MDT,bull_put,94.0,93.0,1.0,2026-09-18,3,93.85,0.44,0.4629,0.4629,0.9505292719809895,0.3226,0.4161735700197239,0.368836291913215,0.21499013806706113,-0.0002840570575684048,-0.00028401671718214505,0.096427472661617,-0.00019312221157472974,-2.8072031372906295e-05,92.13
2026-09-15,1530,MMM,bull_put,165.0,162.5,2.5,2026-09-18,3,164.875,0.745,0.9877,0.39508,0.754277614660322,0.3243,0.4635108481262327,0.2938856015779093,0.24260355029585798,-0.00035739839600152463,-0.00035733453680275584,0.0637023414674176,-0.00027695722032638906,-7.746422567990844e-05,165.89
2026-09-15,1530,MS,bull_put,207.5,205.0,2.5,2026-09-18,3,205.99,1.255,1.2505,0.5002,1.0035985605757696,0.3979,0.388560157790927,0.4437869822485207,0.16765285996055226,-0.0005908271690347453,-0.0005906526650318877,0.1085061530112289,-0.00038268168171459873,-4.368830583005977e-05,202.58
2026-09-15,1530,MSFT,bull_put,497.5,495.0,2.5,2026-09-18,3,496.465,1.15,1.2278,0.49112,0.9366346310474017,0.2943,0.4358974358974359,0.48717948717948717,0.07692307692307693,-0.0007230668377708107,-0.0007228054879397927,0.19115889811734887,-0.00033646850835349334,-7.354604623709197e-06,493.78
2026-09-15,1530,NOW,bull_put,144.0,143.0,1.0,2026-09-18,3,142.61,0.55,0.5509,0.5509,0.9983663096750773,0.614,0.3530571992110454,0.5739644970414202,0.07297830374753451,-0.0014640171332746957,-0.0014629459829826885,0.24980738810935488,-0.0005386025558967168,-3.6430824988468573e-06,135.47
2026-09-15,1530,NVDA,bull_put,212.5,210.0,2.5,2026-09-18,3,212.1242,1.065,1.0856,0.43423999999999996,0.9810243183492999,0.3874,0.4516765285996055,0.4240631163708087,0.1242603550295858,-0.0009529583165347891,-0.000952504395958842,0.11114365553242589,-0.0006106476407114407,-6.613161939177903e-05,222.27
2026-09-15,1530,ORCL,bull_put,141.0,140.0,1.0,2026-09-18,3,140.175,0.55,0.5405,0.5405,1.0175763182238668,0.5806,0.4280078895463511,0.5029585798816568,0.06903353057199212,-4.971767748835048e-05,-4.9716441585134774e-05,0.2351846391429795,-1.9406288022537437e-05,-1.7585497233944336e-07,147.61
2026-09-15,1530,PEP,bull_put,136.0,135.0,1.0,2026-09-18,3,135.645,0.605,0.5051,0.5051,1.1977826173035042,0.2293,0.39250493096646943,0.4319526627218935,0.1755424063116371,-0.0003556283849532856,-0.00035556515667467536,0.09553002321110804,-0.00024264231916657796,-3.5908999882002115e-05,129.75
2026-09-15,1530,PG,bull_put,147.0,146.0,1.0,2026-09-18,3,146.5,0.505,0.4888,0.4888,1.0331423895253682,0.2343,0.4280078895463511,0.4477317554240631,0.1242603550295858,-0.0004539917683595348,-0.00045388872969021055,0.11330263869151269,-0.0002884845479210417,-2.992184305430785e-05,146.39
2026-09-15,1530,PM,bull_put,195.0,192.5,2.5,2026-09-18,3,194.14,1.325,1.1769,0.47076,1.1258390687399098,0.3221,0.4280078895463511,0.39644970414201186,0.1755424063116371,-0.00029115907999145794,-0.0002911166972999757,0.06533341925051306,-0.0002241668255164384,-6.068655330479872e-05,188.62
2026-09-15,1530,PYPL,bull_put,54.0,53.0,1.0,2026-09-18,3,53.905,0.405,0.4167,0.4167,0.9719222462203024,0.3562,0.4911242603550296,0.27416173570019725,0.23471400394477318,0.001738335482404301,0.0017398472633962658,0.046771658206375966,0.0014429804000070012,0.0005662483776667025,52.41
2026-09-15,1530,QCOM,bull_put,190.0,187.5,2.5,2026-09-18,3,187.55,1.375,1.4385,0.5753999999999999,0.9558567952728537,0.6063,0.36489151873767256,0.4990138067061144,0.13609467455621302,-0.00010360613499387893,-0.0001036007680635942,0.1644517553387258,-5.366374974085157e-05,-2.0011111782645854e-06,177.72
2026-09-15,1530,SBUX,bull_put,97.0,96.0,1.0,2026-09-18,3,96.705,0.415,0.4848,0.4848,0.8560231023102309,0.3273,0.4556213017751479,0.39250493096646943,0.15187376725838264,0.0006324447795212629,0.0006326448148890051,0.0995997932860826,0.0004247539149579282,5.7946148892066743e-05,95.83
2026-09-15,1530,SCHW,bull_put,109.0,108.0,1.0,2026-09-18,3,108.19,0.47,0.5325,0.5325,0.8826291079812206,0.302,0.3609467455621302,0.4280078895463511,0.21104536489151873,-0.000213542924324895,-0.0002135201256574515,0.11082558939810228,-0.00013706136373327636,-1.4938129156166387e-05,105.25
2026-09-15,1530,T,bull_put,27.0,26.5,0.5,2026-09-18,3,26.83,0.205,0.2163,0.4326,0.9477577438742487,0.2603,0.40828402366863903,0.3096646942800789,0.28205128205128205,-0.0003464216368095443,-0.000346361639762649,0.007382953261636516,-0.0003362825125345956,-0.0002901193971505537,25.4
2026-09-15,1530,TJX,bull_put,125.0,124.0,1.0,2026-09-18,3,124.935,0.425,0.4328,0.4328,0.9819778188539741,0.2718,0.4280078895463511,0.3767258382642998,0.1952662721893491,-0.0007642011735891716,-0.0007639092462408126,0.1191424598742229,-0.0004743185559690097,-4.3773558920714306e-05,127.24
2026-09-15,1530,TSLA,bull_put,357.5,355.0,2.5,2026-09-18,3,355.91,1.3,1.299,0.5196,1.0007698229407238,0.4829,0.4319526627218935,0.4911242603550296,0.07692307692307693,-0.00028905491061425714,-0.00028901313826845687,0.21287421586151944,-0.00012334376380296032,-1.7462855120140051e-06,364.27
2026-09-15,1530,TXN,bull_put,265.0,262.5,2.5,2026-09-18,3,263.03,1.175,1.3457,0.53828,0.8731515196551981,0.4518,0.388560157790927,0.5108481262327417,0.10059171597633136,-0.0006305051206378295,-0.0006303063940524822,0.16470937460370771,-0.0003261536347237941,-1.2099704737404693e-05,266.64
2026-09-15,1530,UNH,bull_put,377.5,375.0,2.5,2026-09-18,3,376.82,1.2,1.2041,0.48163999999999996,0.9965949671954156,0.3076,0.4477317554240631,0.45956607495069035,0.09270216962524655,-0.0005106923696728237,-0.0005105619885203971,0.15822776011448192,-0.0002711307066178156,-1.1450642186191706e-05,376.9
2026-09-15,1530,UPS,bull_put,103.0,102.0,1.0,2026-09-18,3,102.71000000000001,0.47,0.4717,0.4717,0.9963960144159423,0.2868,0.4516765285996055,0.368836291913215,0.1794871794871795,0.0004219261643310761,0.00042201518769524604,0.0901046402328638,0.0002943067945874401,4.854688041615421e-05,99.06
2026-09-15,1530,USB,bull_put,62.5,62.0,0.5,2026-09-18,3,62.365,0.14,0.2259,0.4518,0.619743249225321,0.2954,0.45956607495069035,0.388560157790927,0.15187376725838264,-0.00026675278980779586,-0.00026671721444571084,0.12692791957635485,-0.00016052943106846025,-1.267864275937069e-05,60.06
2026-09-15,1530,V,bull_put,377.5,375.0,2.5,2026-09-18,3,375.805,1.345,1.269,0.5075999999999999,1.0598896769109536,0.2189,0.368836291913215,0.49506903353057197,0.13609467455621302,-0.0011928545846878135,-0.0011921434164592348,0.10816145589552528,-0.0007734510100835552,-8.891076396990597e-05,368.29
2026-09-15,1530,XOM,bull_put,170.0,167.5,2.5,2026-09-18,3,168.725,1.26,1.2195,0.4878,1.033210332103321,0.3485,0.39644970414201186,0.3806706114398422,0.22287968441814596,-0.0001211889142190242,-0.00012118157113916173,0.057076971594449244,-9.644588968151901e-05,-3.079778249585827e-05,163.54
2026-09-15,1545,AAPL,bull_put,332.5,330.0,2.5,2026-09-18,3,330.24,1.35,1.3461,0.53844,1.0028972587474927,0.2824,0.40039447731755423,0.4832347140039448,0.11637080867850098,-0.00021284139460333966,-0.00021281874548062518,0.13263238460972215,-0.00012519985553775386,-8.822132427474275e-06,336.13
2026-09-15,1545,ABBV,bull_put,262.5,260.0,2.5,2026-09-18,3,261.59,1.22,1.196,0.4784,1.020066889632107,0.2952,0.4635108481262327,0.4319526627218935,0.10453648915187377,-0.0001527260500254644,-0.00015271438799602244,0.09654440876278758,-0.00010379230101866515,-1.505189085368084e-05,263.96
2026-09-15,1545,ACN,bull_put,195.0,192.5,2.5,2026-09-18,3,194.07,1.175,1.2456,0.49824,0.943320488118176,0.4986,0.47534516765285995,0.388560157790927,0.13609467455621302,0.004019978668792716,0.00402806962122737,0.13015300134210217,0.002393304994670886,0.00017721620880430052,181.29
2026-09-15,1545,ADI,bull_put,365.0,362.5,2.5,2026-09-18,3,362.205,1.3,1.3716,0.54864,0.9477981918926801,0.4439,0.38461538461538464,0.5187376725838264,0.09664694280078895,-0.0005665716325081544,-0.0005664111611083378,0.21040868890820308,-0.00024412624570038904,-3.6310131489747514e-06,375.72
2026-09-15,1545,ADP,bull_put,277.5,275.0,2.5,2026-09-18,3,276.975,1.175,1.1765,0.4706,0.9987250318742031,0.3285,0.4437869822485207,0.40039447731755423,0.15581854043392504,-0.00018312745853647783,-0.00018311069172693983,0.12321606854706668,-0.00011185759271175335,-9.515339662319809e-06,271.22
2026-09-15,1545,AMGN,bull_put,377.5,375.0,2.5,2026-09-18,3,375.63,1.3,1.3477,0.53908,0.9646063664020184,0.3015,0.4319526627218935,0.47928994082840237,0.08875739644970414,0.0003145703090430083,0.00031461979147118235,0.15702416777056538,0.00016788315433546118,7.262941209744476e-06,385.65
2026-09-15,1545,AVGO,bull_put,342.5,340.0,2.5,2026-09-18,3,339.5999,1.375,1.4148,0.56592,0.9718688153802657,0.4023,0.38461538461538464,0.5581854043392505,0.05719921104536489,-0.0006280373218613307,-0.00062784014770223,0.19095196074720322,-0.00029250382666527936,-6.420131075632323e-06,357.61
2026-09-15,1545,AXP,bull_put,325.0,322.5,2.5,2026-09-18,3,324.165,1.125,1.2007,0.48028000000000004,0.9369534438244357,0.2856,0.4832347140039448,0.42011834319526625,0.09664694280078895,0.0003110808995395644,0.0003111292902202578,0.1247326573345624,0.00018891136194470863,1.5589923466875932e-05,311.56
2026-09-15,1545,BA,bull_put,210.0,207.5,2.5,2026-09-18,3,209.385,1.145,1.1865,0.4746,0.9650231774125578,0.3857,0.4240631163708087,0.40828402366863903,0.16765285996055226,-0.00037104714275057894,-0.0003709783132728184,0.11013078946010535,-0.00023879858314404884,-2.6390514835679534e-05,198.2
2026-09-15,1545,BAC,bull_put,60.0,59.0,1.0,2026-09-18,3,59.585,0.435,0.4644,0.4644,0.9366925064599484,0.3024,0.40039447731755423,0.3096646942800789,0.28994082840236685,0.0002710473965241503,0.00027108413318877034,0.02293024888857964,0.00024732622933349016,0.0001563509646887299,57.73
2026-09-15,1545,BMY,bull_put,64.0,63.0,1.0,2026-09-18,3,63.715,0.43,0.4329,0.4329,0.9933009933009933,0.2973,0.41222879684418146,0.388560157790927,0.1992110453648915,-0.001006179360193773,-0.0010056733314741662,0.033841941195216885,-0.0008783497061759857,-0.00044639579402551096,63.06
2026-09-15,1545,CL,bull_put,87.5,87.0,0.5,2026-09-18,3,87.105,0.3,0.2652,0.5304,1.1312217194570136,0.2639,0.4161735700197239,0.4714003944773176,0.11242603550295859,-6.351636000863012e-05,-6.351434288731639e-05,0.15971956486572214,-3.3528220700425764e-05,-1.3743710329139793e-06,87.47
2026-09-15,1545,CME,bull_put,277.5,275.0,2.5,2026-09-18,3,275.745,1.075,1.3472,0.53888,0.7979513064133017,0.301,0.40828402366863903,0.4477317554240631,0.14398422090729784,0.0004314512122585955,0.0004315443007201214,0.10931844223816856,0.00027868898281758136,3.130342630999657e-05,276.01
2026-09-15,1545,CSCO,bull_put,111.0,110.0,1.0,2026-09-18,3,109.92,0.565,0.5746,0.5746,0.9832927253741732,0.3333,0.35700197238658776,0.514792899408284,0.1282051282051282,-0.0003839899548170652,-0.0003839162401099161,0.14170091786874106,-0.0002178094793212892,-1.2802012373288946e-05,109.51
2026-09-15,1545,CSX,bull_put,49.0,48.5,0.5,2026-09-18,3,48.685,0.175,0.2605,0.521,0.6717850287907868,0.2956,0.38461538461538464,0.40039447731755423,0.21499013806706113,0.00018847263517914915,0.00018849039726220873,0.08682560302642495,0.00013318573404133156,2.3458492668936878e-05,47.1
2026-09-15,1545,CVX,bull_put,217.5,215.0,2.5,2026-09-18,3,216.91,1.23,1.1151,0.44604,1.1030400860909335,0.3175,0.4911242603550296,0.32938856015779094,0.1794871794871795,0.0018021451277914664,0.0018037699672410756,0.08276106253074778,0.0012954195904881943,0.0002474896292568696,209.51
2026-09-15,1545,DHR,bull_put,210.0,207.5,2.5,2026-09-18,3,209.085,1.1,1.2068,0.48272000000000004,0.9115014915478953,0.3693,0.38461538461538464,0.4280078895463511,0.1873767258382643,-0.0007916827126914624,-0.0007913694146156613,0.09634287085686055,-0.0005382878194974994,-7.837742821260449e-05,211.81
2026-09-15,1545,EMR,bull_put,148.0,147.0,1.0,2026-09-18,3,146.93,0.15,0.5559,0.5559,0.26983270372369134,0.3977,0.3806706114398422,0.5226824457593688,0.09664694280078895,-0.0005176848189784519,-0.0005175508433126197,0.19767766084934846,-0.0002347208943948789,-4.5034506222510224e-06,149.92
2026-09-15,1545,FCX,bull_put,70.0,69.0,1.0,2026-09-18,3,69.2003,0.445,0.5539,0.5539,0.8033941144610941,0.5541,0.40828402366863903,0.4714003944773176,0.1203155818540434,0.0005769922613979104,0.0005771587534528777,0.13460910823085448,0.000336864553683488,2.2816837884149446e-05,71.54
2026-09-15,1545,GE,bull_put,310.0,307.5,2.5,2026-09-18,3,308.05,1.3,1.3424,0.53696,0.968414779499404,0.3348,0.4161735700197239,0.4990138067061144,0.08481262327416174,-0.00021690686215205483,-0.00021688333955938166,0.15682229570753647,-0.00011582384049663539,-5.031028851718145e-06,314.27
2026-09-15,1545,GM,bull_put,86.0,85.0,1.0,2026-09-18,3,85.12,0.46,0.5604,0.5604,0.820842255531763,0.4049,0.3214990138067061,0.5266272189349113,0.15187376725838264,-0.0012202297416331305,-0.0012194855640419444,0.12128922476771475,-0.0007507160473840336,-6.636985653469276e-05,82.2
2026-09-15,1545,HD,bull_put,307.5,305.0,2.5,2026-09-18,3,305.0343,1.325,1.3909,0.55636,0.9526206053634337,0.3351,0.34122287968441817,0.5384615384615384,0.1203155818540434,-0.0011591219065778154,-0.0011584503842644311,0.14878986017159868,-0.0006388559986158193,-3.2585971421760246e-05,299.98
2026-09-15,1545,IBM,bull_put,250.0,247.5,2.5,2026-09-18,3,247.91,1.3,1.3871,0.55484,0.9372071227741331,0.3959,0.40828402366863903,0.4280078895463511,0.16370808678500987,0.0031212348940262424,0.003126111019515987,0.13864586957045377,0.0017953612729695188,0.0001121732056269538,229.55
2026-09-15,1545,INTC,bull_put,98.0,97.5,0.5,2026-09-18,3,97.3789,0.235,0.2654,0.5308,0.8854559155990955,0.6923,0.39644970414201186,0.5818540433925049,0.021696252465483234,-0.001388022721103251,-0.0013870598631071651,0.2879204253038459,-0.00043845618134571984,-1.3838249558728418e-06,108.6
2026-09-15,1545,ISRG,bull_put,380.0,377.5,2.5,2026-09-18,3,377.31,1.05,1.3243,0.52972,0.7928717058068414,0.4009,0.36489151873767256,0.5818540433925049,0.05325443786982249,-0.0017606924369231126,-0.0017591433272963197,0.20236799474362344,-0.0007829824208398671,-1.3677475419855974e-05,393.33
2026-09-15,1545,JNJ,bull_put,267.5,265.0,2.5,2026-09-18,3,266.075,1.39,1.2422,0.49688,1.1189824504910642,0.2698,0.388560157790927,0.4635108481262327,0.14792899408284024,-0.0008490287574497838,-0.0008486684345163642,0.08645769194019737,-0.0006005451378326901,-0.0001065574170361953,269.99
2026-09-15,1545,JPM,bull_put,355.0,352.5,2.5,2026-09-18,3,354.045,1.18,1.2131,0.48524,0.9727145330145907,0.2932,0.47928994082840237,0.4161735700197239,0.10453648915187377,0.0006315252879056515,0.0006317247419849181,0.14210052106960747,0.0003578277338261174,2.086433535029285e-05,349.67
2026-09-15,1545,LOW,bull_put,195.0,192.5,2.5,2026-09-18,3,194.845,0.875,1.088,0.43520000000000003,0.8042279411764706,0.359,0.4437869822485207,0.3727810650887574,0.1834319526627219,-0.0005507075721139644,-0.0005505559605314403,0.09078415760992331,-0.0003829069367104162,-6.230918348327674e-05,192.49
2026-09-15,1545,MA,bull_put,575.0,572.5,2.5,2026-09-18,3,571.735,1.4,1.3414,0.5365599999999999,1.0436857015058894,0.2609,0.39250493096646943,0.5305719921104537,0.07692307692307693,-0.0008142016612849804,-0.0008138702890531091,0.20409993252676872,-0.0003597470958840915,-6.070267192308931e-06,565.24
2026-09-15,1545,MDT,bull_put,94.0,93.0,1.0,2026-09-18,3,93.68,0.44,0.4905,0.4905,0.8970438328236494,0.3116,0.388560157790927,0.40433925049309666,0.20710059171597633,-0.0003795537648883028,-0.0003794817434703557,0.08574735432623637,-0.00026929759563530686,-4.8466361745411024e-05,92.13
2026-09-15,1545,MS,bull_put,207.5,205.0,2.5,2026-09-18,3,205.455,1.215,1.332,0.5328,0.9121621621621622,0.3936,0.34516765285996054,0.46745562130177515,0.1873767258382643,-0.0007840322203274842,-0.0007837249473754415,0.11140201390059334,-0.0005019246810885077,-5.4077045204473896e-05,202.58
2026-09-15,1545,MSFT,bull_put,497.5,495.0,2.5,2026-09-18,3,496.045,1.25,1.2502,0.50008,0.9998400255959047,0.2929,0.4240631163708087,0.4911242603550296,0.08481262327416174,-0.0007150516726702229,-0.0007147960841462631,0.19063299716396398,-0.00033344079266737196,-7.365488486343253e-06,493.78
2026-09-15,1545,NOW,bull_put,144.0,143.0,1.0,2026-09-18,3,142.43,0.55,0.5614,0.5614,0.9796936230851443,0.6284,0.34122287968441817,0.5976331360946746,0.0611439842209073,-0.001666539039876875,-0.0016651511347975934,0.2544518307633775,-0.0006017631003776358,-3.7092408447493018e-06,135.47
2026-09-15,1545,NVDA,bull_put,212.5,210.0,2.5,2026-09-18,3,211.93,1.12,1.1118,0.44471999999999995,1.0073754272351143,0.3845,0.4319526627218935,0.4280078895463511,0.14003944773175542,-0.0009954066360361312,-0.000994911383190189,0.10852847149350131,-0.0006445418698321548,-7.355036099755696e-05,222.27
2026-09-15,1545,ORCL,bull_put,141.0,140.0,1.0,2026-09-18,3,140.32,0.385,0.535,0.535,0.719626168224299,0.5886,0.4319526627218935,0.49506903353057197,0.07297830374753451,-3.4204278750621896e-05,-3.420369379092403e-05,0.23507028124841522,-1.3357159307622616e-05,-1.2131641990189833e-07,147.61
2026-09-15,1545,PEP,bull_put,136.0,135.0,1.0,2026-09-18,3,135.54,0.495,0.5308,0.5308,0.9325546345139412,0.2331,0.3767258382642998,0.4556213017751479,0.16765285996055226,-0.0003412221593400086,-0.000341163949679979,0.09606440798390592,-0.00023231762779699427,-3.4015535984708695e-05,129.75
2026-09-15,1545,PFE,bull_put,27.5,27.0,0.5,2026-09-18,3,27.46,0.105,0.1819,0.3638,0.577240241891149,0.2521,0.4516765285996055,0.2465483234714004,0.30177514792899407,-0.000549159522088059,-0.000549008761596137,0.04202692992716672,-0.0004640566711489032,-0.00020023027562021483,27.66
2026-09-15,1545,PG,bull_put,147.0,146.0,1.0,2026-09-18,3,146.328538,0.47,0.5248,0.5248,0.8955792682926828,0.2407,0.39644970414201186,0.46745562130177515,0.13609467455621302,-0.00034378615967920606,-0.0003437270719888197,0.11801219491885262,-0.00021439051048337629,-2.023786326701581e-05,146.39
2026-09-15,1545,PM,bull_put,195.0,192.5,2.5,2026-09-18,3,194.17,1.35,1.1685,0.46740000000000004,1.1553273427471116,0.3198,0.4280078895463511,0.39250493096646943,0.1794871794871795,-0.00031496952086860217,-0.0003149199231764488,0.06472650064622743,-0.0002430852954382971,-6.661184262031065e-05,188.62
2026-09-15,1545,PYPL,bull_put,54.0,53.0,1.0,2026-09-18,3,53.91,0.54,0.4156,0.4156,1.2993262752646775,0.354,0.4911242603550296,0.27416173570019725,0.23471400394477318,0.0015907816092667892,0.0015920475735329287,0.04718377674310181,0.001318224641658308,0.0005130460498829927,52.41
2026-09-15,1545,QCOM,bull_put,190.0,187.5,2.5,2026-09-18,3,187.62,1.525,1.4236,0.56944,1.0712278729980331,0.5992,0.36489151873767256,0.4990138067061144,0.13609467455621302,-0.0002209932312210389,-0.00022096881401567625,0.1623607071863632,-0.00011542012701757047,-4.48780898498333e-06,177.72
2026-09-15,1545,SBUX,bull_put,97.0,96.0,1.0,2026-09-18,3,96.75,0.425,0.4708,0.4708,0.9027187765505522,0.3279,0.45956607495069035,0.38461538461538464,0.15581854043392504,0.00016306002224396494,0.0001630733172519605,0.10183439548361262,0.00010851216829047748,1.4156507426374913e-05,95.83
2026-09-15,1545,TJX,bull_put,125.0,124.0,1.0,2026-09-18,3,124.42,0.55,0.5255,0.5255,1.0466222645099907,0.2688,0.3806706114398422,0.45956607495069035,0.15976331360946747,-0.00042611055294422984,-0.00042601978073597557,0.10790153566019889,-0.00027668498926897953,-3.197162923039018e-05,127.24
2026-09-15,1545,TSLA,bull_put,357.5,355.0,2.5,2026-09-18,3,355.165,1.35,1.3537,0.54148,0.9972667503878261,0.4861,0.40828402366863903,0.514792899408284,0.07692307692307693,-0.00038054060708640584,-0.0003804682106931523,0.21547916130747047,-0.00016069143647643813,-2.1595562403147106e-06,364.27
2026-09-15,1545,TXN,bull_put,265.0,262.5,2.5,2026-09-18,3,263.135,1.15,1.3332,0.53328,0.8625862586258626,0.436,0.388560157790927,0.5108481262327417,0.10059171597633136,-0.0007196321017614513,-0.0007193732286819854,0.1665799883861051,-0.00036946660729583806,-1.3203218107548036e-05,266.64
2026-09-15,1545,UNH,bull_put,377.5,375.0,2.5,2026-09-18,3,376.33000000000004,1.3,1.2634,0.50536,1.0289694475225581,0.3092,0.4358974358974359,0.47534516765285995,0.08875739644970414,-0.0003465311283098356,-0.0003464710933333004,0.15771882995799236,-0.00018436621354224437,-7.86598267456388e-06,376.9
2026-09-15,1545,UPS,bull_put,103.0,102.0,1.0,2026-09-18,3,102.575,0.485,0.4902,0.4902,0.989392084863321,0.2858,0.4280078895463511,0.39644970414201186,0.1755424063116371,8.678602859278368e-05,8.678979460907676e-05,0.08776033613933243,6.109607936268167e-05,1.0561771013010826e-05,99.06
2026-09-15,1545,USB,bull_put,62.5,62.0,0.5,2026-09-18,3,62.295,0.22,0.2397,0.4794,0.917813934084272,0.2958,0.43984220907297833,0.4161735700197239,0.14398422090729784,-0.00020787148344894417,-0.000207849879669042,0.12413298043306309,-0.00012650529500448222,-1.0565823101611274e-05,60.06
2026-09-15,1545,XOM,bull_put,170.0,167.5,2.5,2026-09-18,3,168.805,1.17,1.215,0.48600000000000004,0.9629629629629628,0.3495,0.40039447731755423,0.3806706114398422,0.21893491124260356,-0.00011746261302001413,-0.00011745571455734627,0.056744564433515166,-9.360493509075512e-05,-3.0089967746845333e-05,163.54
2026-09-16,1530,AAPL,bull_put,332.5,330.0,2.5,2026-09-18,2,331.6,1.15,1.1692,0.46768,0.9835785152240848,0.3034,0.4358974358974359,0.3609467455621302,0.20315581854043394,6.710789700226354e-05,6.711014878746369e-05,0.10619206191393982,4.388475676965458e-05,5.247363685305988e-06,336.13
2026-09-16,1530,ABBV,bull_put,262.5,260.0,2.5,2026-09-18,2,262.23,1.175,1.0951,0.43804,1.072961373390558,0.3297,0.4556213017751479,0.36489151873767256,0.1794871794871795,-0.0003275541805875526,-0.000327500540573733,0.09060264899973491,-0.00022793924170283142,-3.7226695678952005e-05,263.96
2026-09-16,1530,ACN,bull_put,190.0,187.5,2.5,2026-09-18,2,189.71,1.175,1.0812,0.43248,1.086755456899741,0.4811,0.4635108481262327,0.3214990138067061,0.21499013806706113,3.172913962370006e-05,3.172964299813508e-05,0.09866056336567464,2.1383275564945433e-05,2.9724836035336742e-06,181.29
2026-09-16,1530,ADI,bull_put,362.5,360.0,2.5,2026-09-18,2,360.835,1.25,1.2715,0.5086,0.9830908375933936,0.4772,0.40828402366863903,0.47534516765285995,0.11637080867850098,-0.0005733491865418808,-0.0005731848533052641,0.18698308719264534,-0.00027131375590184136,-6.4469953056444045e-06,375.72
2026-09-16,1530,ADP,bull_put,275.0,272.5,2.5,2026-09-18,2,273.32,1.275,1.3191,0.52764,0.966568114623607,0.3752,0.36489151873767256,0.4477317554240631,0.1873767258382643,-0.0004465056649744798,-0.00044640599615486387,0.11064013164091624,-0.0002867665059915177,-3.137042856853887e-05,271.22
2026-09-16,1530,AMGN,bull_put,377.5,375.0,2.5,2026-09-18,2,375.53,1.55,1.3574,0.54296,1.141888905260056,0.3148,0.38461538461538464,0.46745562130177515,0.14792899408284024,-0.0001558126652093485,-0.00015580052704644576,0.13452048894505975,-9.096679597081162e-05,-6.172381732034048e-06,385.65
2026-09-16,1530,AMZN,bull_put,245.0,242.5,2.5,2026-09-18,2,244.64,1.095,1.0922,0.43688000000000005,1.0025636330342427,0.3585,0.4556213017751479,0.3767258382642998,0.16765285996055226,-0.00045308654433849583,-0.0004529839161305782,0.09152355192203943,-0.00031411602120140286,-5.036474233828538e-05,253.71
2026-09-16,1530,AVGO,bull_put,337.5,335.0,2.5,2026-09-18,2,336.72,0.85,1.2122,0.48488,0.7012044217125887,0.4236,0.4516765285996055,0.4556213017751479,0.09270216962524655,-0.00037463717702460996,-0.00037456700928018005,0.15795501665741996,-0.00019912856080070863,-8.455780726859765e-06,357.61
2026-09-16,1530,BAC,bull_put,57.5,57.0,0.5,2026-09-18,2,57.385,0.215,0.2254,0.4508,0.9538598047914818,0.3412,0.4990138067061144,0.3333333333333333,0.16765285996055226,0.0027722887262220594,0.002776135072185326,0.10531130130327027,0.0018217808166316478,0.00022170413023620098,57.73
2026-09-16,1530,CL,bull_put,87.0,86.0,1.0,2026-09-18,2,86.79,0.425,0.4366,0.4366,0.9734310581768209,0.2804,0.40433925049309666,0.30177514792899407,0.2938856015779093,-0.00024254089428909923,-0.00024251148362419706,0.04211291723299859,-0.00020491543779482666,-8.826459378549512e-05,87.47
2026-09-16,1530,CME,bull_put,272.5,270.0,2.5,2026-09-18,2,271.98,1.15,1.1158,0.44631999999999994,1.030650654239111,0.3418,0.47928994082840237,0.3333333333333333,0.1873767258382643,0.0009341307474471962,0.0009345671834593006,0.09904940779847382,0.0006288456804672822,8.673848996977226e-05,276.01
2026-09-16,1530,CSCO,bull_put,108.0,107.0,1.0,2026-09-18,2,107.84,0.445,0.448,0.448,0.9933035714285714,0.3479,0.4556213017751479,0.35700197238658776,0.1873767258382643,-8.17160013097118e-05,-8.171266264822563e-05,0.10077122874991351,-5.46049241417674e-05,-7.2768602834347e-06,109.51
2026-09-16,1530,CSX,bull_put,48.0,47.0,1.0,2026-09-18,2,47.77,0.275,0.4046,0.4046,0.6796836381611469,0.328,0.3609467455621302,0.1834319526627219,0.4556213017751479,-0.00012968040113812908,-0.0001296719929984036,0.01806928953248721,-0.00012063035748849555,-8.404439594975757e-05,47.1
2026-09-16,1530,DE,bull_put,670.0,667.5,2.5,2026-09-18,2,666.6349,1.45,1.3952,0.55808,1.0392775229357798,0.4027,0.3767258382642998,0.5581854043392505,0.0650887573964497,-0.0008822467514427055,-0.0008818576862030802,0.24745931728140702,-0.0003277310886191645,-2.3233429487437193e-06,683.99
2026-09-16,1530,DHR,bull_put,210.0,207.5,2.5,2026-09-18,2,208.86,1.025,1.2408,0.49632,0.8260799484203739,0.3909,0.368836291913215,0.4161735700197239,0.21499013806706113,-0.0005817155203680403,-0.0005815463566980483,0.07314727408712707,-0.00043402476366302944,-0.00010049983742754537,211.81
2026-09-16,1530,DIS,bull_put,107.0,106.0,1.0,2026-09-18,2,106.37,0.48,0.5255,0.5255,0.9134157944814463,0.2896,0.3609467455621302,0.45956607495069035,0.1794871794871795,-0.0006433480061662829,-0.0006431411022105316,0.06657798949302718,-0.0004927747562442539,-0.00013012459257378132,102.67
2026-09-16,1530,EMR,bull_put,145.0,144.0,1.0,2026-09-18,2,144.9,0.425,0.4718,0.4718,0.900805426027978,0.404,0.47534516765285995,0.4240631163708087,0.10059171597633136,-8.86574370910628e-05,-8.865350713660458e-05,0.16423891343175367,-4.596039004757123e-05,-1.721165488568076e-06,149.92
2026-09-16,1530,EOG,bull_put,145.0,144.0,1.0,2026-09-18,2,144.72,0.375,0.4881,0.4881,0.7682851874615858,0.4473,0.47928994082840237,0.40039447731755423,0.1203155818540434,0.0017295431308479749,0.001731039653211086,0.1768728369078616,0.0008531932839559957,2.481701177839497e-05,144.23
2026-09-16,1530,FCX,bull_put,69.0,68.0,1.0,2026-09-18,2,68.16,0.59,0.5633,0.5633,1.047399254393751,0.6237,0.39644970414201186,0.4635108481262327,0.14003944773175542,0.001029045432608934,0.0010295750815221272,0.12183272257780575,0.0006324306457377045,5.530791972046838e-05,71.54
2026-09-16,1530,GE,bull_put,315.0,312.5,2.5,2026-09-18,2,312.72,1.225,1.3813,0.55252,0.8868457250416275,0.4093,0.40433925049309666,0.4911242603550296,0.10453648915187377,2.5990667134912458e-05,2.5991004895198344e-05,0.14960451753906878,1.4286748687494027e-05,7.169437392440618e-07,314.27
2026-09-16,1530,GILD,bull_put,148.0,147.0,1.0,2026-09-18,2,147.22,0.475,0.5283,0.5283,0.8991103539655498,0.3426,0.40433925049309666,0.47928994082840237,0.11637080867850098,-0.00031363155748526453,-0.00031358238024969953,0.14381439388518769,-0.0001764088876715045,-9.939499310522701e-06,150.11
2026-09-16,1530,GM,bull_put,84.0,83.0,1.0,2026-09-18,2,83.72,0.515,0.4679,0.4679,1.1006625347296433,0.414,0.40039447731755423,0.40828402366863903,0.1913214990138067,-0.0007133822346993197,-0.0007131278380905215,0.08469473221670554,-0.0005082034052814491,-9.340894646412727e-05,82.2
2026-09-16,1530,HD,bull_put,305.0,302.5,2.5,2026-09-18,2,302.91,1.35,1.3704,0.54816,0.9851138353765324,0.3163,0.3214990138067061,0.4832347140039448,0.1952662721893491,-0.0009798018683043253,-0.0009793220191856022,0.12199920256141672,-0.0006011615526657839,-5.2398588483015656e-05,299.98
2026-09-16,1530,HON,bull_put,207.5,205.0,2.5,2026-09-18,2,206.74,1.15,1.2034,0.48136,0.9556257271065314,0.4329,0.40433925049309666,0.3096646942800789,0.2859960552268245,0.0023203441638416714,0.0023230382456904675,0.08772496823362097,0.0016355449386683337,0.0002829391788864055,206.46
2026-09-16,1530,IBM,bull_put,237.5,235.0,2.5,2026-09-18,2,236.03,1.385,1.3035,0.5214000000000001,1.062523973916379,0.4171,0.40828402366863903,0.4635108481262327,0.1282051282051282,-0.000234535373674777,-0.00023450787240408832,0.1006562380906999,-0.0001567832386722505,-2.0941638382955844e-05,229.55
2026-09-16,1530,INTC,bull_put,101.0,100.0,1.0,2026-09-18,2,100.05,0.535,0.5383,0.5383,0.9938695894482631,0.7513,0.368836291913215,0.5700197238658777,0.0611439842209073,-0.0014534712102368405,-0.0014524154325334937,0.20328796281862993,-0.0006440854565123183,-1.1046041819098125e-05,108.6
2026-09-16,1530,ISRG,bull_put,382.5,380.0,2.5,2026-09-18,2,381.62,1.5,1.2118,0.48472,1.237828024426473,0.4353,0.40828402366863903,0.4635108481262327,0.1282051282051282,-0.0008737181381971654,-0.0008733365576439889,0.18104936995570298,-0.0004233179367393892,-1.1326398154525513e-05,393.33
2026-09-16,1530,JPM,bull_put,347.5,345.0,2.5,2026-09-18,2,346.26,1.48,1.2104,0.48416,1.2227362855254462,0.3142,0.4477317554240631,0.40433925049309666,0.14792899408284024,8.06245983733106e-05,8.06278486236156e-05,0.11875486626397669,5.0140278201133074e-05,4.663318484897178e-06,349.67
2026-09-16,1530,LOW,bull_put,195.0,192.5,2.5,2026-09-18,2,193.76,1.225,1.276,0.5104,0.9600313479623825,0.3599,0.36489151873767256,0.40039447731755423,0.23471400394477318,-0.00023985547664260058,-0.00023982671361744146,0.04990352147452137,-0.00019642929605840734,-7.240186947764579e-05,192.49
2026-09-16,1530,MA,bull_put,567.5,565.0,2.5,2026-09-18,2,566.75,1.375,1.1497,0.45987999999999996,1.195964164564669,0.2459,0.4714003944773176,0.4319526627218935,0.09664694280078895,-0.0004163823815479077,-0.00041629570643453295,0.15757424458906932,-0.0002216498450594531,-9.484073996105014e-06,565.24
2026-09-16,1530,MDT,bull_put,93.0,92.5,0.5,2026-09-18,2,92.645,0.33,0.2685,0.537,1.229050279329609,0.3584,0.36489151873767256,0.48717948717948717,0.14792899408284024,-0.0006885607879901154,-0.0006883237844109713,0.18120268704865639,-0.00033343521743261985,-8.894159763005959e-06,92.13
2026-09-16,1530,MMM,bull_put,162.5,160.0,2.5,2026-09-18,2,161.76,1.135,1.119,0.4476,1.0142984807864164,0.3273,0.40828402366863903,0.30177514792899407,0.28994082840236685,-1.3184034541292855e-05,-1.3183947632278148e-05,0.0227022489556985,-1.2039477058646262e-05,-7.645720091807101e-06,165.89
2026-09-16,1530,MRK,bull_put,145.0,144.0,1.0,2026-09-18,2,144.15,0.515,0.5356,0.5356,0.9615384615384617,0.3493,0.3727810650887574,0.5305719921104537,0.09664694280078895,-0.0010576861719581165,-0.0010571270190924409,0.14518251611157584,-0.0005914517356995654,-3.242500101181587e-05,146.87
2026-09-16,1530,MS,bull_put,202.5,200.0,2.5,2026-09-18,2,201.435,1.41,1.2127,0.48507999999999996,1.1626948132266843,0.4291,0.42011834319526625,0.3767258382642998,0.20315581854043394,0.00011543221846030752,0.00011543888101517297,0.08256255185084349,8.297098876961272e-05,1.5914648537793978e-05,202.58
2026-09-16,1530,MSFT,bull_put,490.0,487.5,2.5,2026-09-18,2,488.5532,1.25,1.2575,0.503,0.9940357852882703,0.3079,0.40828402366863903,0.4911242603550296,0.10059171597633136,-0.0008246037574557432,-0.0008242638652092849,0.1723530481392489,-0.0004136741186589505,-1.3171001383720703e-05,493.78
2026-09-16,1530,NOW,bull_put,140.0,139.0,1.0,2026-09-18,2,138.955,0.63,0.54,0.54,1.1666666666666665,0.6584,0.40828402366863903,0.5226824457593688,0.06903353057199212,-0.0004881487070461082,-0.00048802958185045764,0.2272603699529474,-0.00019663211429091324,-2.0878339556271823e-06,135.47
2026-09-16,1530,NVDA,bull_put,215.0,212.5,2.5,2026-09-18,2,213.2795,1.22,1.2772,0.51088,0.955214531788287,0.386,0.388560157790927,0.4635108481262327,0.14792899408284024,-0.0006210238887474021,-0.0006208310933244476,0.07936560529363201,-0.0004519613341858638,-9.24145585650297e-05,222.27
2026-09-16,1530,ORCL,bull_put,143.0,142.0,1.0,2026-09-18,2,141.76,0.795,0.5745,0.5745,1.3838120104438643,0.6299,0.38461538461538464,0.5739644970414202,0.04142011834319527,-0.0006102951701643083,-0.0006101089779462221,0.22693735471057397,-0.0002461369712647755,-2.6304135588217796e-06,147.61
2026-09-16,1530,PEP,bull_put,135.0,134.0,1.0,2026-09-18,2,134.6201,0.545,0.4895,0.4895,1.1133810010214507,0.2351,0.42011834319526625,0.42011834319526625,0.15976331360946747,-0.00024602178116759493,-0.0002459915202908114,0.06562035649225817,-0.00018920207787938618,-5.092777788421325e-05,129.75
2026-09-16,1530,PFE,bull_put,27.5,27.0,0.5,2026-09-18,2,27.395,0.12,0.1967,0.3934,0.6100660904931366,0.2633,0.40828402366863903,0.23076923076923078,0.3609467455621302,-0.00031486430020253534,-0.00031481473564098916,0.027571127149493835,-0.0002819415602715447,-0.00016243489468439456,27.66
2026-09-16,1530,PG,bull_put,148.0,147.0,1.0,2026-09-18,2,147.285,0.525,0.5287,0.5287,0.9930017022886326,0.2461,0.36489151873767256,0.48717948717948717,0.14792899408284024,-0.0008257869802213011,-0.0008254461119875378,0.09336256074295246,-0.0005682001531854305,-8.781413900317614e-05,146.39
2026-09-16,1530,PNC,bull_put,230.0,227.5,2.5,2026-09-18,2,229.7,1.275,1.0974,0.43895999999999996,1.1618370694368507,0.3278,0.4635108481262327,0.2859960552268245,0.2504930966469428,0.0021110954768497406,0.0021133254078289365,0.08770671520742623,0.0014880043632609318,0.00025750955946206365,233.17
2026-09-16,1530,QCOM,bull_put,187.5,185.0,2.5,2026-09-18,2,185.32,1.325,1.3395,0.5357999999999999,0.9891750653228817,0.5886,0.3254437869822485,0.5187376725838264,0.15581854043392504,-0.0014785866045495281,-0.0014774940339290499,0.128077536313018,-0.0008851813737230758,-6.832268436804409e-05,177.72
2026-09-16,1530,SBUX,bull_put,97.0,96.0,1.0,2026-09-18,2,96.332762,0.565,0.5259,0.5259,1.0743487355010457,0.3548,0.3806706114398422,0.4556213017751479,0.16370808678500987,-0.0003797697898592148,-0.0003796976864404167,0.08326304550714192,-0.0002721417831495418,-5.147325137293353e-05,95.83
2026-09-16,1530,SCHW,bull_put,105.0,104.0,1.0,2026-09-18,2,104.51,0.635,0.4798,0.4798,1.3234681117132139,0.3408,0.40828402366863903,0.3530571992110454,0.23865877712031558,0.0001447927427644189,0.00014480322573962034,0.08890773970129096,0.00010146813396505096,1.7143001320944976e-05,105.25
2026-09-16,1530,UNH,bull_put,377.5,375.0,2.5,2026-09-18,2,376.59,1.19,1.2427,0.49707999999999997,0.957592339261286,0.3185,0.43984220907297833,0.47534516765285995,0.08481262327416174,-0.0004563000216875057,-0.0004561959326651044,0.13091963495080894,-0.0002702220029569167,-1.9704581167985972e-05,376.9
2026-09-16,1530,V,bull_put,370.0,367.5,2.5,2026-09-18,2,368.9451,1.2,1.1966,0.47864000000000007,1.0028413839211097,0.2608,0.4161735700197239,0.4280078895463511,0.15581854043392504,-0.0005621813134869327,-0.000562023319180871,0.09985900420422478,-0.0003769480295980341,-5.115842760239111e-05,368.29
2026-09-16,1530,VZ,bull_put,49.5,49.0,0.5,2026-09-18,2,49.375,0.155,0.2126,0.4252,0.729068673565381,0.3155,0.42011834319526625,0.3136094674556213,0.26627218934911245,-0.00040228550665482926,-0.0004022046006898483,0.07414574631144766,-0.00029898037352106874,-6.786110241185429e-05,48.09
2026-09-16,1545,AAPL,bull_put,332.5,330.0,2.5,2026-09-18,2,331.65,1.18,1.1668,0.46672,1.0113129928008227,0.3007,0.4358974358974359,0.3530571992110454,0.21104536489151873,0.00016913140151075985,0.00016914570503256954,0.10450538622564332,0.0001113567440976834,1.3771913078860629e-05,336.13
2026-09-16,1545,ABBV,bull_put,262.5,260.0,2.5,2026-09-18,2,261.93,1.16,1.1468,0.45872,1.0115102895012207,0.3213,0.42011834319526625,0.40039447731755423,0.1794871794871795,-0.0006156485779662203,-0.0006154591052652814,0.08169021906659135,-0.00044390369052211697,-8.664360790681803e-05,263.96
2026-09-16,1545,ADI,bull_put,362.5,360.0,2.5,2026-09-18,2,359.45,1.55,1.4168,0.56672,1.0940146809712028,0.451,0.3609467455621302,0.5424063116370809,0.09664694280078895,-0.0007608762828340311,-0.000760586889877235,0.18908701122889537,-0.000357002331966124,-8.13358746873137e-06,375.72
2026-09-16,1545,ADP,bull_put,275.0,272.5,2.5,2026-09-18,2,273.33,1.35,1.3093,0.52372,1.031085312762545,0.375,0.36489151873767256,0.4437869822485207,0.1913214990138067,-0.0004697415360917405,-0.00046963122480969677,0.11063764778208396,-0.00030168914544095713,-3.300450977203106e-05,271.22
2026-09-16,1545,AMGN,bull_put,377.5,375.0,2.5,2026-09-18,2,375.47,1.435,1.3644,0.54576,1.0517443564936968,0.3149,0.38461538461538464,0.4714003944773176,0.14398422090729784,-0.00014419794838494392,-0.000144187552360453,0.13507252882861898,-8.40006707357507e-05,-5.637125132016701e-06,385.65
2026-09-16,1545,AVGO,bull_put,340.0,337.5,2.5,2026-09-18,2,338.67,1.225,1.2551,0.50204,0.9760178471834914,0.4161,0.4240631163708087,0.4832347140039448,0.09270216962524655,-0.0006027029584055928,-0.0006025213694608178,0.15631495237987136,-0.00032242266956909705,-1.4147872728849282e-05,357.61
2026-09-16,1545,AXP,bull_put,312.5,310.0,2.5,2026-09-18,2,311.145,1.175,1.2627,0.50508,0.9305456561336819,0.3077,0.4161735700197239,0.4477317554240631,0.13609467455621302,-0.00027420979772971484,-0.00027417220565928435,0.09789799680192846,-0.0001853348908793099,-2.6159292301644672e-05,311.56
2026-09-16,1545,CL,bull_put,87.0,86.0,1.0,2026-09-18,2,86.78,0.5,0.455,0.455,1.0989010989010988,0.2925,0.40039447731755423,0.3057199211045365,0.2938856015779093,1.3520456616596035e-05,1.3520548018286505e-05,0.04445591669492366,1.1317915773910602e-05,4.651866807497424e-06,87.47
2026-09-16,1545,CME,bull_put,272.5,270.0,2.5,2026-09-18,2,271.8,1.3,1.1767,0.47068000000000004,1.1047845670094332,0.3581,0.46745562130177515,0.34122287968441817,0.1913214990138067,0.0028518804067680995,0.0028559508862824323,0.09807207241908622,0.001929221508308899,0.00027135566803544655,276.01
2026-09-16,1545,CSCO,bull_put,108.0,107.0,1.0,2026-09-18,2,107.9099,0.42,0.4505,0.4505,0.9322974472807991,0.3549,0.4635108481262327,0.3530571992110454,0.1834319526627219,8.13999535481981e-05,8.140326661432162e-05,0.10368405722805529,5.376803650958542e-05,6.759831942216871e-06,109.51
2026-09-16,1545,CSX,bull_put,48.0,47.5,0.5,2026-09-18,2,47.895,0.125,0.2288,0.4576,0.5463286713286714,0.3682,0.43984220907297833,0.3136094674556213,0.2465483234714004,0.0011556145309227286,0.0011562825106790076,0.08901743204297152,0.0008098877660252725,0.00013653036399593395,47.1
2026-09-16,1545,DE,bull_put,672.5,670.0,2.5,2026-09-18,2,668.228,0.65,1.425,0.5700000000000001,0.45614035087719296,0.4315,0.368836291913215,0.5857988165680473,0.045364891518737675,-0.0010303713589694449,-0.0010298407086720696,0.2592656682138601,-0.00036507278498979965,-2.0437439192255774e-06,683.99
2026-09-16,1545,DHR,bull_put,210.0,207.5,2.5,2026-09-18,2,208.455,1.175,1.3105,0.5242,0.8966043494849294,0.3935,0.33727810650887574,0.4437869822485207,0.21893491124260356,-0.000764656555124752,-0.0007643642798026429,0.07572158482354974,-0.0005646229381547941,-0.0001241792946413624,211.81
2026-09-16,1545,DIS,bull_put,107.0,106.0,1.0,2026-09-18,2,106.62,0.51,0.4681,0.4681,1.0895107882930997,0.3023,0.41222879684418146,0.4161735700197239,0.17159763313609466,-0.0006736683884068085,-0.00067344152480453,0.07362669102555164,-0.0005016458562618823,-0.0001150492830253122,102.67
2026-09-16,1545,EMR,bull_put,146.0,145.0,1.0,2026-09-18,2,145.3,0.725,0.5286,0.5286,1.371547483919788,0.42,0.4358974358974359,0.4714003944773176,0.09270216962524655,0.0001485122228182239,0.0001485232513043222,0.16981209906681505,7.530097810463548e-05,2.522501689008417e-06,149.92
2026-09-16,1545,EOG,bull_put,145.0,144.0,1.0,2026-09-18,2,144.585,0.6,0.5041,0.5041,1.1902400317397341,0.435,0.4635108481262327,0.40433925049309666,0.13214990138067062,0.002533175470356301,0.002536386670276558,0.17202922488315497,0.0012745887759576114,4.084540700004285e-05,144.23
2026-09-16,1545,FCX,bull_put,69.0,68.0,1.0,2026-09-18,2,68.67,0.52,0.4857,0.4857,1.0706197241095325,0.6118,0.46745562130177515,0.40433925049309666,0.1282051282051282,0.0006847062811401253,0.0006849407459958989,0.1114792191357663,0.0004385244005595457,4.717344239269221e-05,71.54
2026-09-16,1545,GE,bull_put,315.0,312.5,2.5,2026-09-18,2,312.625,1.375,1.3948,0.55792,0.9858044164037855,0.4235,0.388560157790927,0.49506903353057197,0.11637080867850098,-0.00010253433683534915,-0.00010252908036989528,0.15534165625740637,-5.507962382558675e-05,-2.4643959311062165e-06,314.27
2026-09-16,1545,GILD,bull_put,148.0,147.0,1.0,2026-09-18,2,147.3,0.555,0.5183,0.5183,1.0708084121165349,0.3457,0.41222879684418146,0.47928994082840237,0.10848126232741617,-0.0004052145357116288,-0.0004051324473898221,0.14386482683750623,-0.00022786531640400738,-1.2825792725934974e-05,150.11
2026-09-16,1545,HD,bull_put,305.0,302.5,2.5,2026-09-18,2,303.11,1.5,1.3325,0.533,1.125703564727955,0.3445,0.3333333333333333,0.4714003944773176,0.1952662721893491,-0.0009548535640531096,-0.0009543978364513483,0.1141999015425812,-0.0006044270579569446,-6.157666395338565e-05,299.98
2026-09-16,1545,IBM,bull_put,237.5,235.0,2.5,2026-09-18,2,237.22,1.175,1.139,0.4556,1.0316066725197541,0.4171,0.4832347140039448,0.36489151873767256,0.15187376725838264,0.0005207637437040762,0.0005208993646836912,0.10748152546797307,0.0003388748154515998,3.9488135269729336e-05,229.55
2026-09-16,1545,INTC,bull_put,101.0,100.0,1.0,2026-09-18,2,100.547,0.5,0.5009,0.5009,0.9982032341784787,0.7351,0.39250493096646943,0.5502958579881657,0.05719921104536489,-0.0016110890145093221,-0.0016097919072816103,0.19643980499559333,-0.0007337005530537468,-1.442993516340422e-05,108.6
2026-09-16,1545,ISRG,bull_put,382.5,380.0,2.5,2026-09-18,2,381.53,1.25,1.2042,0.48168,1.0380335492443116,0.4403,0.40039447731755423,0.46745562130177515,0.13214990138067062,-0.0010410793502112678,-0.001040537615117243,0.1826383962886663,-0.0005011669158802699,-1.298988899535721e-05,393.33
2026-09-16,1545,JPM,bull_put,347.5,345.0,2.5,2026-09-18,2,346.9,1.13,1.1118,0.44471999999999995,1.0163698506925707,0.3485,0.48717948717948717,0.36489151873767256,0.14792899408284024,8.198899421666024e-05,8.199235540606864e-05,0.118625877992237,5.101514269256706e-05,4.756941617218126e-06,349.67
2026-09-16,1545,KO,bull_put,88.0,87.5,0.5,2026-09-18,2,87.875,0.225,0.2196,0.4392,1.0245901639344264,0.2064,0.4161735700197239,0.40039447731755423,0.1834319526627219,-0.0009764405416355583,-0.0009759639786942609,0.09411510408198409,-0.0006697906911631329,-0.00010196842236425087,88.25
2026-09-16,1545,LOW,bull_put,195.0,192.5,2.5,2026-09-18,2,193.915,1.325,1.2243,0.48972,1.0822510822510822,0.3697,0.3727810650887574,0.38461538461538464,0.24260355029585798,-0.00035384023161072,-0.00035377763753896563,0.054784625099632,-0.00028415790092407443,-9.499626460053584e-05,192.49
2026-09-16,1545,MA,bull_put,570.0,567.5,2.5,2026-09-18,2,567.18,1.8,1.3762,0.5504800000000001,1.3079494259555298,0.2378,0.39250493096646943,0.514792899408284,0.09270216962524655,-0.00039643787513114585,-0.00039635930401993313,0.16257347793935528,-0.000206856894134801,-8.008933953044402e-06,565.24
2026-09-16,1545,MDT,bull_put,93.0,92.5,0.5,2026-09-18,2,92.46,0.48,0.2921,0.5842,1.6432728517630946,0.3623,0.3333333333333333,0.5502958579881657,0.11637080867850098,-0.0008799124133028469,-0.0008795254038951317,0.1884377032156075,-0.000413902995246875,-9.553213318696415e-06,92.13
2026-09-16,1545,MMM,bull_put,162.5,160.0,2.5,2026-09-18,2,161.92,1.12,1.0642,0.42568,1.0524337530539374,0.3253,0.4240631163708087,0.28205128205128205,0.2938856015779093,-8.373900491035705e-05,-8.373549889773013e-05,0.027575910415176264,-7.499034459856122e-05,-4.320002864201273e-05,165.89
2026-09-16,1545,MRK,bull_put,145.0,144.0,1.0,2026-09-18,2,144.27,0.45,0.5266,0.5266,0.8545385491834411,0.3477,0.3806706114398422,0.5226824457593688,0.09664694280078895,-0.0010420145534111944,-0.0010414718447662175,0.14196165597918076,-0.0005902484813497984,-3.451211712836042e-05,146.87
2026-09-16,1545,MS,bull_put,202.5,200.0,2.5,2026-09-18,2,201.01,1.32,1.2615,0.5046,1.0463733650416172,0.4224,0.3767258382642998,0.41222879684418146,0.21104536489151873,-0.0003252289803818676,-0.00032517609917004364,0.07991074182307445,-0.0002362106311595661,-4.7775314614006684e-05,202.58
2026-09-16,1545,MSFT,bull_put,490.0,487.5,2.5,2026-09-18,2,488.96,1.175,1.2224,0.48895999999999995,0.9612238219895289,0.3107,0.4358974358974359,0.47534516765285995,0.08875739644970414,-0.0006457403115285986,-0.0006455318661232612,0.16569199176200544,-0.0003327217677990032,-1.2103162394268554e-05,493.78
2026-09-16,1545,NOW,bull_put,141.0,140.0,1.0,2026-09-18,2,139.58,0.575,0.5693,0.5693,1.0100122958018618,0.6243,0.3767258382642998,0.5581854043392505,0.0650887573964497,-0.0006630050324591789,-0.000662785293188084,0.2285225270087483,-0.0002656981761330268,-2.750851357142859e-06,135.47
2026-09-16,1545,NVDA,bull_put,215.0,212.5,2.5,2026-09-18,2,213.69,1.175,1.2073,0.48292,0.9732460863082912,0.3744,0.42011834319526625,0.43984220907297833,0.14003944773175542,-0.0005613962789560341,-0.0005612387255496953,0.07173650254228603,-0.00042123898821041383,-0.00010033055550816639,222.27
2026-09-16,1545,ORCL,bull_put,143.0,142.0,1.0,2026-09-18,2,142.48,0.51,0.5232,0.5232,0.9747706422018348,0.6147,0.41222879684418146,0.5187376725838264,0.06903353057199212,-0.0007146757924836886,-0.0007144204725667569,0.21683333839053454,-0.00030010677637998983,-3.925412984920253e-06,147.61
2026-09-16,1545,PEP,bull_put,135.0,134.0,1.0,2026-09-18,2,134.52,0.555,0.5059,0.5059,1.0970547539039337,0.2365,0.40039447731755423,0.43984220907297833,0.15976331360946747,-0.0003418409112668861,-0.00034178249031968644,0.0661980514782936,-0.0002622720530907513,-6.978515485840321e-05,129.75
2026-09-16,1545,PFE,bull_put,27.5,27.0,0.5,2026-09-18,2,27.395,0.19,0.195,0.39,0.9743589743589743,0.2595,0.40828402366863903,0.23076923076923078,0.3609467455621302,-0.0003687520748439617,-0.0003686840941539149,0.028112266085397186,-0.00032947190989831275,-0.00018777525168261035,27.66
2026-09-16,1545,PM,bull_put,192.5,190.0,2.5,2026-09-18,2,191.89,1.05,1.1339,0.45355999999999996,0.9260075844430727,0.3374,0.4516765285996055,0.32938856015779094,0.21893491124260356,0.0005616418545889863,0.0005617996049069873,0.045753939311374836,0.00046784144892157204,0.00018736351642135562,188.62
2026-09-16,1545,PNC,bull_put,230.0,227.5,2.5,2026-09-18,2,230.16,1.05,1.0039,0.40156000000000003,1.0459209084570176,0.385,0.534516765285996,0.25443786982248523,0.21104536489151873,0.004712019797316849,0.004723138820093897,0.10130854653622534,0.0031494864150155124,0.0004152263299532556,233.17
2026-09-16,1545,RTX,bull_put,197.5,195.0,2.5,2026-09-18,2,196.42,1.35,1.1681,0.46724,1.1557229689238937,0.3025,0.3767258382642998,0.35700197238658776,0.26627218934911245,-0.0004622251243145896,-0.0004621183147391905,0.0314012981750984,-0.00040757124758780255,-0.0002174980303449308,194.0
2026-09-16,1545,SBUX,bull_put,97.0,96.0,1.0,2026-09-18,2,96.5,0.495,0.4961,0.4961,0.9977827050997783,0.3672,0.39644970414201186,0.4319526627218935,0.17159763313609466,-0.00047050969276042414,-0.0004703990204331099,0.08611455804854695,-0.0003333266972865323,-5.9550930488120464e-05,95.83
2026-09-16,1545,SCHW,bull_put,105.0,104.0,1.0,2026-09-18,2,104.68,0.53,0.4563,0.4563,1.1615165461319308,0.3482,0.4556213017751479,0.32938856015779094,0.21499013806706113,0.0009739555954501322,0.0009744300442191545,0.0939574230952156,0.000669159895072101,0.00010219416434055534,105.25
2026-09-16,1545,SO,bull_put,86.0,85.0,1.0,2026-09-18,2,85.9,0.225,0.3905,0.3905,0.5761843790012804,0.2393,0.47534516765285995,0.25443786982248523,0.2702169625246548,-7.312106351733613e-06,-7.31207961834901e-06,0.04141781825161561,-6.195705865855958e-06,-2.7060772710119127e-06,85.52
2026-09-16,1545,TJX,bull_put,123.0,122.0,1.0,2026-09-18,2,122.95,0.5,0.4176,0.4176,1.1973180076628351,0.3106,0.47534516765285995,0.3214990138067061,0.20315581854043394,-0.00012258853813805612,-0.00012258102447026964,0.10897548225803977,-7.927083707231785e-05,-8.965291854383703e-06,127.24
2026-09-16,1545,TSLA,bull_put,360.0,357.5,2.5,2026-09-18,2,357.775,1.35,1.3588,0.54352,0.9935236973800413,0.4951,0.4319526627218935,0.5029585798816568,0.0650887573964497,5.790062972910702e-05,5.790230600299928e-05,0.19235515946976967,2.6825061287958986e-05,5.724862186054473e-07,364.27
2026-09-16,1545,TXN,bull_put,260.0,257.5,2.5,2026-09-18,2,258.78,1.26,1.2642,0.50568,0.9966777408637874,0.462,0.42011834319526625,0.4556213017751479,0.1242603550295858,-0.0003032497145923716,-0.00030320373904513254,0.13220758834110313,-0.000178676093345111,-1.269772527793874e-05,266.64
2026-09-16,1545,UNH,bull_put,377.5,375.0,2.5,2026-09-18,2,375.935,1.27,1.311,0.5244,0.9687261632341725,0.3171,0.4161735700197239,0.4990138067061144,0.08481262327416174,-0.000451610033357191,-0.0004515080728954013,0.1303777605341454,-0.0002680255229133474,-1.975737817459748e-05,376.9
2026-09-16,1545,UPS,bull_put,99.0,98.0,1.0,2026-09-18,2,98.53,0.495,0.4849,0.4849,1.0208290369148278,0.3065,0.4319526627218935,0.40828402366863903,0.15976331360946747,-0.00010297723921368334,-0.00010297193723973752,0.06308670786320314,-8.0006642755572e-05,-2.265488514597028e-05,99.06
2026-09-16,1545,V,bull_put,370.0,367.5,2.5,2026-09-18,2,368.99,1.13,1.1813,0.47252,0.9565732667400321,0.2625,0.42011834319526625,0.4280078895463511,0.15187376725838264,-0.0006340742499713736,-0.0006338732673756287,0.10024153250597179,-0.00042448764933146975,-5.7171313513408416e-05,368.29
2026-09-16,1545,VZ,bull_put,49.5,49.0,0.5,2026-09-18,2,49.385,0.21,0.2153,0.4306,0.9753831862517418,0.3103,0.4319526627218935,0.3096646942800789,0.2583826429980276,-0.00017306388828099845,-0.00017304891359015695,0.0718866560445115,-0.00012980426576568308,-3.082402896404061e-05,48.09
2026-09-17,1530,AAPL,bull_put,337.5,335.0,2.5,2026-09-18,1,337.02,1.065,1.0417,0.41668000000000005,1.022367284246904,0.2702,0.4556213017751479,0.2978303747534517,0.2465483234714004,-0.00010266343334053686,-0.00010265816363064229,0.05134841529560874,-8.359728202618689e-05,-2.9935429199856327e-05,336.13
2026-09-17,1530,ABT,bull_put,103.0,102.0,1.0,2026-09-18,1,102.575,0.8,0.4998,0.4998,1.600640256102441,0.3298,0.3530571992110454,0.3254437869822485,0.3214990138067061,0.0005458948202468443,0.0005460438479407692,0.0314697500765555,0.0004814586161600925,0.0002565760926872953,102.61
2026-09-17,1530,ADI,bull_put,362.5,360.0,2.5,2026-09-18,1,362.3225,1.15,1.1239,0.44955999999999996,1.0232227066464987,0.4499,0.5029585798816568,0.3333333333333333,0.16370808678500987,0.0028830632679709145,0.00288722329178448,0.1322409306297072,0.001701195976079429,0.0001208159345635374,375.72
2026-09-17,1530,ADP,bull_put,272.5,270.0,2.5,2026-09-18,1,272.24,1.1,1.0432,0.41728,1.0544478527607364,0.358,0.45956607495069035,0.2938856015779093,0.2465483234714004,-2.47052388645491e-05,-2.4704933692665243e-05,0.06449554660128776,-1.9087253990051923e-05,-5.254631351402316e-06,271.22
2026-09-17,1530,BMY,bull_put,63.0,62.5,0.5,2026-09-18,1,62.9,0.245,0.223,0.446,1.0986547085201794,0.2846,0.43984220907297833,0.3609467455621302,0.1992110453648915,-0.00029511689665692514,-0.0002950733539490713,0.04607055156474993,-0.0002454128210979964,-9.766377821587727e-05,63.06
2026-09-17,1530,CAT,bull_put,797.5,795.0,2.5,2026-09-18,1,796.54,1.025,1.2491,0.49964000000000003,0.8205908253942837,0.3552,0.4990138067061144,0.4437869822485207,0.05719921104536489,0.0015765474971107009,0.0015777909014589309,0.20555267831931545,0.0006933745093624504,1.1364752780713819e-05,808.99
2026-09-17,1530,CL,bull_put,87.5,87.0,0.5,2026-09-18,1,87.4,0.05,0.2277,0.4554,0.21958717610891523,0.2889,0.47534516765285995,0.38461538461538464,0.14003944773175542,-2.188903513302993e-05,-2.1888795569857677e-05,0.09205369311238187,-1.5146358130578946e-05,-2.4029238180219806e-06,87.47
2026-09-17,1530,CME,bull_put,272.5,270.0,2.5,2026-09-18,1,271.93,0.9,1.0861,0.43444000000000005,0.8286529785470951,0.3174,0.47534516765285995,0.2938856015779093,0.23076923076923078,0.001699120221930337,0.0017005645446046547,0.04205404822148884,0.0014372679982029757,0.000619813361363794,276.01
2026-09-17,1530,DE,bull_put,687.5,685.0,2.5,2026-09-18,1,686.73,1.75,1.1153,0.44611999999999996,1.5690845512418183,0.3938,0.4516765285996055,0.4437869822485207,0.10453648915187377,-0.0009385139348292108,-0.000938073668369066,0.20176172992772323,-0.0004185438083570584,-7.400495558729868e-06,683.99
2026-09-17,1530,DIS,bull_put,106.0,105.0,1.0,2026-09-18,1,105.77,0.58,0.4333,0.4333,1.33856450496192,0.2665,0.4280078895463511,0.3057199211045365,0.26627218934911245,-0.00012606243301632953,-0.00012605448748170822,0.023834913998234786,-0.00011459161084601814,-7.114188888663391e-05,102.67
2026-09-17,1530,EMR,bull_put,148.0,147.0,1.0,2026-09-18,1,147.45,0.55,0.5275,0.5275,1.042654028436019,0.4405,0.4516765285996055,0.40433925049309666,0.14398422090729784,0.005212399154499545,0.005226007340464411,0.1251866495312054,0.0031673680458522142,0.00025902465803479235,149.92
2026-09-17,1530,EOG,bull_put,146.0,145.0,1.0,2026-09-18,1,145.27,0.625,0.5487,0.5487,1.1390559504282851,0.4107,0.3727810650887574,0.4516765285996055,0.1755424063116371,-3.448180149670955e-05,-3.448120700622059e-05,0.11485907621469038,-2.177969570939177e-05,-2.1897702332740826e-06,144.23
2026-09-17,1530,FCX,bull_put,71.0,70.0,1.0,2026-09-18,1,70.72,0.445,0.4619,0.4619,0.9634119939380819,0.4747,0.4635108481262327,0.3096646942800789,0.22682445759368836,0.003961608666210037,0.003969466210567596,0.03443107392077249,0.00345875028389628,0.0017372195159979001,71.54
2026-09-17,1530,GE,bull_put,315.0,312.5,2.5,2026-09-18,1,314.035,0.76,1.2259,0.49036,0.6199526878211926,0.3636,0.4556213017751479,0.3727810650887574,0.17159763313609466,0.002444786932443623,0.002447777860913769,0.07171003648586716,0.0018373796833249367,0.0004378581593210087,314.27
2026-09-17,1530,GILD,bull_put,150.0,149.0,1.0,2026-09-18,1,149.9103,0.25,0.4179,0.4179,0.5982292414453219,0.3208,0.4556213017751479,0.368836291913215,0.1755424063116371,-0.0006953890377890998,-0.0006951473108668393,0.09351881987324107,-0.00047820929948775084,-7.367563181041414e-05,150.11
2026-09-17,1530,GM,bull_put,87.5,87.0,0.5,2026-09-18,1,87.045,0.255,0.2732,0.5464,0.9333821376281113,0.3691,0.3530571992110454,0.4990138067061144,0.14792899408284024,-0.0007877912945358154,-0.0007874810684437294,0.13217956778684048,-0.00046410975221017716,-3.3000730693717056e-05,82.2
2026-09-17,1530,INTC,bull_put,110.0,109.0,1.0,2026-09-18,1,109.7801,0.445,0.4854,0.4854,0.9167696744952617,0.682,0.43984220907297833,0.4556213017751479,0.10453648915187377,-0.000479412893707014,-0.0004792979937079389,0.14803187099269755,-0.0002651233094150559,-1.3729648470815924e-05,108.6
2026-09-17,1530,ISRG,bull_put,387.5,385.0,2.5,2026-09-18,1,385.06,1.15,1.4048,0.56192,0.8186218678815489,0.4288,0.34516765285996054,0.4990138067061144,0.15581854043392504,-0.0006159864889430655,-0.0006157968082146636,0.13740273222063926,-0.0003554221093118335,-2.2765619449594432e-05,393.33
2026-09-17,1530,JNJ,bull_put,270.0,267.5,2.5,2026-09-18,1,269.39,1.035,1.0621,0.42484,0.9744845118162131,0.265,0.4161735700197239,0.24260355029585798,0.34122287968441817,0.00042735808096453116,0.0004274494114391292,0.021275179714173698,0.0003925779933690783,0.00025652641260272816,269.99
2026-09-17,1530,JPM,bull_put,350.0,347.5,2.5,2026-09-18,1,349.66,0.96,1.0159,0.40636,0.9449748991042425,0.2313,0.4911242603550296,0.2702169625246548,0.23865877712031558,0.0007848286728455809,0.0007851367314541946,0.046233958511349815,0.0006525723725070855,0.0002588484818986212,349.67
2026-09-17,1530,MA,bull_put,567.5,565.0,2.5,2026-09-18,1,566.69,0.675,1.1472,0.45888,0.5883891213389122,0.2052,0.4280078895463511,0.40039447731755423,0.17159763313609466,-0.0005402619477867165,-0.0005401160325793075,0.07845008556764244,-0.00039464382503783956,-8.218575070923719e-05,565.24
2026-09-17,1530,MMM,bull_put,165.0,162.5,2.5,2026-09-18,1,164.87,0.935,0.9113,0.36452,1.0260068034675738,0.3459,0.47928994082840237,0.16765285996055226,0.3530571992110454,0.001474676497664664,0.0014757643677374421,0.054408290259704284,0.0011871350815356298,0.0003998671567124641,165.89
2026-09-17,1530,MS,bull_put,205.0,202.5,2.5,2026-09-18,1,204.31,1.085,1.068,0.4272,1.0159176029962547,0.3174,0.41222879684418146,0.2702169625246548,0.3175542406311637,-5.65876413856207e-05,-5.658604033520476e-05,0.015130978002579232,-5.326281354477788e-05,-3.9354835258176815e-05,202.58
2026-09-17,1530,MSFT,bull_put,497.5,495.0,2.5,2026-09-18,1,495.905,1.255,1.3073,0.5229199999999999,0.9599938805170963,0.2717,0.41222879684418146,0.4280078895463511,0.15976331360946747,0.00030807416282419876,0.0003081216225426786,0.09742116572172232,0.00020868165742115945,2.9736837767062843e-05,493.78
2026-09-17,1530,NOW,bull_put,139.0,138.0,1.0,2026-09-18,1,138.82,0.48,0.4829,0.4829,0.9939946158624974,0.5762,0.4714003944773176,0.4319526627218935,0.09664694280078895,8.56566517797204e-06,8.565701863361141e-06,0.15784272550564848,4.555772781221732e-06,1.938909603085898e-07,135.47
2026-09-17,1530,NVDA,bull_put,220.0,217.5,2.5,2026-09-18,1,219.58,0.95,0.9731,0.38924,0.9762614325351968,0.3167,0.4832347140039448,0.32938856015779094,0.1873767258382643,-0.0005806739090980328,-0.0005805053506311442,0.031040086399864775,-0.000512724504562476,-0.00027559625341968175,222.27
2026-09-17,1530,ORCL,bull_put,150.0,149.0,1.0,2026-09-18,1,149.455,0.675,0.5228,0.5228,1.2911247130833972,0.5662,0.43984220907297833,0.4990138067061144,0.0611439842209073,-0.00022273712842865983,-0.00022271232435611132,0.16421202621428344,-0.00011547254643387319,-4.326644434586782e-06,147.61
2026-09-17,1530,PM,bull_put,190.0,187.5,2.5,2026-09-18,1,189.85,0.9,0.9029,0.36116000000000004,0.9967881271458633,0.3491,0.5029585798816568,0.21893491124260356,0.2781065088757396,3.128790942407171e-05,3.1288398895767955e-05,0.04531808300928586,2.610103723898806e-05,1.0544594872888919e-05,188.62
2026-09-17,1530,SBUX,bull_put,97.0,96.0,1.0,2026-09-18,1,96.96,0.355,0.3683,0.3683,0.963888134672821,0.3194,0.46745562130177515,0.28994082840236685,0.24260355029585798,-0.0007028308857606825,-0.0007025839579866133,0.05376936391423426,-0.0005666191877588632,-0.0001933109772501982,95.83
2026-09-17,1530,SCHW,bull_put,105.0,104.0,1.0,2026-09-18,1,104.9101,0.425,0.3688,0.3688,1.1523861171366594,0.2945,0.5029585798816568,0.2465483234714004,0.2504930966469428,-6.895126814182714e-05,-6.894889105779622e-05,0.04870065449527683,-5.674473648222668e-05,-2.1424814641531462e-05,105.25
2026-09-17,1530,T,bull_put,25.5,25.0,0.5,2026-09-18,1,25.395,0.08,0.1838,0.3676,0.43525571273122965,0.3088,0.40039447731755423,0.14003944773175542,0.45956607495069035,-4.993950240592929e-05,-4.993825544974406e-05,0.07075444659144359,-3.762879436712319e-05,-9.14018506545055e-06,25.4
2026-09-17,1530,TSLA,bull_put,367.5,365.0,2.5,2026-09-18,1,366.8043,1.155,1.1902,0.47607999999999995,0.9704251386321627,0.4506,0.5029585798816568,0.42011834319526625,0.07692307692307693,0.0006662361548125106,0.000666458139414905,0.12871286835644247,0.00039826828361965024,3.0352184459370548e-05,364.27
2026-09-17,1530,UPS,bull_put,101.0,100.0,1.0,2026-09-18,1,100.74,0.455,0.3963,0.3963,1.1481201110269998,0.25,0.46745562130177515,0.2859960552268245,0.2465483234714004,-0.0002396335602257646,-0.00023960485039753454,0.017142693008403986,-0.0002237256082337358,-0.00015878744398206546,99.06
2026-09-17,1545,ABT,bull_put,103.0,102.0,1.0,2026-09-18,1,102.605,0.8,0.4615,0.4615,1.733477789815818,0.3376,0.3727810650887574,0.3214990138067061,0.3057199211045365,-0.0002686656109335108,-0.0002686295235601044,0.03327683005223592,-0.00023515053282812924,-0.00012086681939370766,102.61
2026-09-17,1545,ADI,bull_put,365.0,362.5,2.5,2026-09-18,1,362.73,1.7,1.3515,0.5406,1.2578616352201257,0.4748,0.368836291913215,0.4635108481262327,0.16765285996055226,-0.00034348883985685537,-0.00034342985431912165,0.14206229337284115,-0.00019455865945933957,-1.1353066017891845e-05,375.72
2026-09-17,1545,AMZN,bull_put,252.5,250.0,2.5,2026-09-18,1,251.69,1.13,1.1477,0.45908,0.9845778513548836,0.3153,0.42011834319526625,0.3609467455621302,0.21893491124260356,-0.00024281226679785358,-0.0002427827902852231,0.025739721575211094,-0.00021902990875806625,-0.00013089740633947695,253.71
2026-09-17,1545,AVGO,bull_put,350.0,347.5,2.5,2026-09-18,1,348.73,1.26,1.2767,0.51068,0.9869194015822041,0.3311,0.4240631163708087,0.4280078895463511,0.14792899408284024,0.00011928116275017851,0.0001192882770308934,0.07246547901521994,8.927139783666309e-05,2.095488017784565e-05,357.61
2026-09-17,1545,AXP,bull_put,312.5,310.0,2.5,2026-09-18,1,312.114,0.955,1.0452,0.41807999999999995,0.913700727133563,0.2487,0.4832347140039448,0.2781065088757396,0.23865877712031558,0.0011706435276593458,0.0011713289982482333,0.03491771055717563,0.001018639749001946,0.0005066747230065263,311.56
2026-09-17,1545,CAT,bull_put,797.5,795.0,2.5,2026-09-18,1,796.628,1.05,1.2009,0.48036,0.874344241818636,0.3574,0.5029585798816568,0.43984220907297833,0.05719921104536489,0.00030206041528800867,0.0003021060401289244,0.20781714932314932,0.00013156611286503848,2.060948880281e-06,808.99
2026-09-17,1545,CL,bull_put,87.5,87.0,0.5,2026-09-18,1,87.38499999999999,0.05,0.2267,0.4534,0.22055580061755625,0.2665,0.4714003944773176,0.39250493096646943,0.13609467455621302,-0.00016678505576691411,-0.0001667711479127476,0.07983084904518001,-0.00012118267339614769,-2.4549270126923696e-05,87.47
2026-09-17,1545,CME,bull_put,272.5,270.0,2.5,2026-09-18,1,271.39,0.775,1.1761,0.47043999999999997,0.6589575716350651,0.3015,0.40828402366863903,0.3333333333333333,0.2583826429980276,0.0001699694989861448,0.000169983944619867,0.022539297576288808,0.00015532920981852383,9.896446510294643e-05,276.01
2026-09-17,1545,DE,bull_put,687.5,685.0,2.5,2026-09-18,1,685.79,1.4,1.1849,0.47396000000000005,1.1815343066925477,0.3622,0.40433925049309666,0.47928994082840237,0.11637080867850098,-0.001247878068903854,-0.0012470997928313299,0.1909066746988084,-0.0005811153475941284,-1.2766387954435837e-05,683.99
2026-09-17,1545,DIS,bull_put,106.0,105.0,1.0,2026-09-18,1,105.72,0.465,0.437,0.437,1.0640732265446224,0.2606,0.42011834319526625,0.3136094674556213,0.26627218934911245,-0.00020164384000375107,-0.00020162351125108113,0.01730892281476981,-0.00018813625508491233,-0.0001330849977750721,102.67
2026-09-17,1545,EMR,bull_put,148.0,147.0,1.0,2026-09-18,1,147.34,0.55,0.5433,0.5433,1.0123320449107307,0.4473,0.4240631163708087,0.40828402366863903,0.16765285996055226,0.0046523556867672095,0.004663194695941897,0.12882324225228725,0.0027854454349065558,0.00021181181921023858,149.92
2026-09-17,1545,EOG,bull_put,146.0,145.0,1.0,2026-09-18,1,145.37,0.55,0.5275,0.5275,1.042654028436019,0.4114,0.40039447731755423,0.4358974358974359,0.16370808678500987,6.600035704605513e-05,6.600253511757082e-05,0.11337582705548055,4.193789543924167e-05,4.343468849014704e-06,144.23
2026-09-17,1545,FCX,bull_put,71.0,70.0,1.0,2026-09-18,1,70.875,0.485,0.397,0.397,1.2216624685138537,0.4591,0.4990138067061144,0.2938856015779093,0.20710059171597633,-3.309209304220694e-05,-3.309154550490412e-05,0.04622457572067584,-2.750532229817203e-05,-1.091227180545178e-05,71.54
2026-09-17,1545,GE,bull_put,315.0,312.5,2.5,2026-09-18,1,314.56,0.89,1.0532,0.42128,0.8450436764147361,0.3907,0.4911242603550296,0.33727810650887574,0.17159763313609466,-6.113588467636507e-05,-6.113401591623102e-05,0.0920282594127022,-4.2307120233472104e-05,-6.71531145355614e-06,314.27
2026-09-17,1545,GM,bull_put,87.0,86.0,1.0,2026-09-18,1,86.87,0.385,0.4265,0.4265,0.9026963657678782,0.3727,0.43984220907297833,0.26627218934911245,0.2938856015779093,0.0005186344750285048,0.0005187689891414937,0.04251039184197247,0.00043764895178686385,0.0001870188235046926,82.2
2026-09-17,1545,INTC,bull_put,110.0,109.0,1.0,2026-09-18,1,109.29,0.565,0.5384,0.5384,1.0494056463595838,0.6978,0.388560157790927,0.5187376725838264,0.09270216962524655,-0.0007076351916916242,-0.0007073848769566515,0.15161092813728239,-0.00038572750927143767,-1.859536996093208e-05,108.6
2026-09-17,1545,ISRG,bull_put,387.5,385.0,2.5,2026-09-18,1,385.74,1.45,1.3391,0.53564,1.0828168172653274,0.3961,0.36489151873767256,0.4516765285996055,0.1834319526627219,-0.00035456185768152713,-0.0003544990080542876,0.11823819668388569,-0.0002209094217300167,-2.0759185582553257e-05,393.33
2026-09-17,1545,JNJ,bull_put,270.0,267.5,2.5,2026-09-18,1,269.38,1.0,1.0668,0.42672,0.9373828271466067,0.2584,0.41222879684418146,0.24260355029585798,0.34516765285996054,0.00042241486172326856,0.00042250409144450884,0.02119713089788977,0.0003881572756291927,0.00025403396767805707,269.99
2026-09-17,1545,JPM,bull_put,350.0,347.5,2.5,2026-09-18,1,349.355,1.11,1.0812,0.43248,1.0266370699223086,0.2445,0.4714003944773176,0.2859960552268245,0.24260355029585798,0.0017313546587025205,0.0017328543185357592,0.03859015351545514,0.0014849919182345374,0.0006863320432247906,349.67
2026-09-17,1545,LOW,bull_put,195.0,192.5,2.5,2026-09-18,1,194.19,0.875,1.1323,0.45292000000000004,0.7727634019252848,0.3396,0.40039447731755423,0.2938856015779093,0.3057199211045365,0.00011143121735412206,0.00011143742604291518,0.016479452615311363,0.00010432858832217423,7.503512739779245e-05,192.49
2026-09-17,1545,MA,bull_put,567.5,565.0,2.5,2026-09-18,1,566.29,1.225,1.2434,0.49736,0.985201865851697,0.2103,0.4161735700197239,0.4477317554240631,0.13609467455621302,-0.0004092245561919663,-0.0004091408352439041,0.07829684750544286,-0.000299128141119314,-6.24855354457883e-05,565.24
2026-09-17,1545,MMM,bull_put,165.0,162.5,2.5,2026-09-18,1,164.755,0.87,0.9438,0.37751999999999997,0.9218054672600128,0.3417,0.4516765285996055,0.1794871794871795,0.368836291913215,0.0006578105242008633,0.0006580269289921947,0.045001199822176874,0.0005496276542654963,0.0002234565661515368,165.89
2026-09-17,1545,MS,bull_put,205.0,202.5,2.5,2026-09-18,1,204.13,1.05,1.1106,0.44424,0.9454349000540249,0.3204,0.39644970414201186,0.28205128205128205,0.3214990138067061,-1.061254481524946e-06,-1.0612539184107206e-06,0.010106019777215591,-1.019209240059946e-06,-8.326904423105957e-07,202.58
2026-09-17,1545,MSFT,bull_put,497.5,495.0,2.5,2026-09-18,1,497.07,1.11,1.1143,0.44572,0.9961410751144216,0.2735,0.4832347140039448,0.3806706114398422,0.13609467455621302,-8.885474607310062e-05,-8.885079860709855e-05,0.10365257943845829,-5.8694629092098866e-05,-7.383860732419929e-06,493.78
2026-09-17,1545,NOW,bull_put,140.0,139.0,1.0,2026-09-18,1,138.96,0.565,0.5681,0.5681,0.9945432142228479,0.5822,0.36489151873767256,0.4990138067061144,0.13609467455621302,-0.0002469446428782626,-0.00024691415455968535,0.16785189872487072,-0.00012617036904634851,-4.395560940169445e-06,135.47
2026-09-17,1545,NVDA,bull_put,220.0,217.5,2.5,2026-09-18,1,219.46,0.98,0.9979,0.39916,0.9820623308948793,0.3106,0.47534516765285995,0.33727810650887574,0.1873767258382643,-0.0005570513728172244,-0.0005568962485066331,0.024288059855841704,-0.000505337596964553,-0.0003108981969661777,222.27
2026-09-17,1545,PEP,bull_put,134.0,133.0,1.0,2026-09-18,1,133.92,0.49,0.3806,0.3806,1.2874408828166053,0.2211,0.43984220907297833,0.2702169625246548,0.28994082840236685,-0.0005808119544073466,-0.000580643315794882,0.04617330431844491,-0.00048272321557773416,-0.00019170876095547492,129.75
2026-09-17,1545,PNC,bull_put,232.5,230.0,2.5,2026-09-18,1,232.02,0.75,1.036,0.4144,0.7239382239382239,0.2948,0.4635108481262327,0.22682445759368836,0.3096646942800789,0.003304688612327099,0.003310155115777924,0.02670546181449196,0.0029747892727678515,0.00174379533970831,233.17
2026-09-17,1545,QCOM,bull_put,190.0,187.5,2.5,2026-09-18,1,189.77,1.11,1.1034,0.44136,1.0059815116911366,0.5407,0.4911242603550296,0.3057199211045365,0.20315581854043394,0.0029927659428631292,0.0029972487377272206,0.06658254380625794,0.002296450351247359,0.0006063570524924316,177.72
2026-09-17,1545,SCHW,bull_put,105.0,104.0,1.0,2026-09-18,1,104.6881,0.39,0.436,0.436,0.8944954128440368,0.3174,0.45956607495069035,0.2938856015779093,0.2465483234714004,0.0009692355870636014,0.000969705447664726,0.03504582239011378,0.0008428669139732824,0.00041817191413940946,105.25
2026-09-17,1545,T,bull_put,25.5,25.0,0.5,2026-09-18,1,25.4,0.09,0.1842,0.3684,0.48859934853420195,0.3217,0.4161735700197239,0.14003944773175542,0.4437869822485207,0.00017335306016685696,0.00017336808667689496,0.06612360000159723,0.00013307629400147032,3.546160645185094e-05,25.4
2026-09-17,1545,TSLA,bull_put,367.5,365.0,2.5,2026-09-18,1,366.755,1.265,1.1985,0.47939999999999994,1.0554860241969128,0.4413,0.5029585798816568,0.4240631163708087,0.07297830374753451,0.0007689525006051787,0.0007692482203724982,0.12676310939351643,0.0004632937319385091,3.671183105927719e-05,364.27
2026-09-17,1545,TXN,bull_put,260.0,257.5,2.5,2026-09-18,1,258.78,1.285,1.3029,0.52116,0.9862614168393583,0.4005,0.38461538461538464,0.4161735700197239,0.1992110453648915,-1.922252854856532e-05,-1.9222343796920782e-05,0.055275028214536226,-1.540933090688173e-05,-5.101183974694043e-06,266.64
2026-09-17,1545,UNH,bull_put,377.5,375.0,2.5,2026-09-18,1,376.54,1.205,1.221,0.48840000000000006,0.9868959868959869,0.3116,0.4556213017751479,0.43984220907297833,0.10453648915187377,-0.00011529954817165403,-0.00011529290143419413,0.07120690928299256,-8.671685077740044e-05,-2.0874118379669776e-05,376.9
2026-09-17,1545,VZ,bull_put,48.5,47.5,1.0,2026-09-18,1,48.385,0.26,0.2786,0.2786,0.9332376166547021,0.2796,0.40828402366863903,0.08481262327416174,0.5069033530571992,-0.0008367607843744927,-0.0008364107976945867,0.08428188914485424,-0.0005970449004016274,-0.0001106480604578573,48.09
2026-09-18,1530,IBM,bull_put,232.5,230.0,2.5,2026-09-18,0,232.35,0.44,1.1445,0.45780000000000004,0.3844473569244211,0.6673,0.5266272189349113,0.3096646942800789,0.16370808678500987,0.01075988152540891,0.010817977231298626,0.14998248903759293,0.005937447650662706,0.000295711657895731,229.55
2026-09-18,1545,JPM,bull_put,347.5,345.0,2.5,2026-09-18,0,347.22,0.5,1.1216,0.44864,0.4457917261055635,1.0704,0.48717948717948717,0.27416173570019725,0.23865877712031558,0.008242180789157061,0.00827624107393743,0.2423811635689409,0.0031388743063010265,2.463076427918403e-05,349.67
2026-09-21,1530,AAPL,bull_put,340.0,337.5,2.5,2026-09-25,4,339.415,1.115,1.1383,0.45532000000000006,0.9795308793815338,0.2458,0.47534516765285995,0.41222879684418146,0.11242603550295859,-0.0002782129161236365,-0.0002781742184990721,0.13302060998625276,-0.0001633941144842378,-1.1424417639218421e-05,341.07
2026-09-21,1530,ACN,bull_put,187.5,185.0,2.5,2026-09-25,4,186.35,0.95,1.2651,0.5060399999999999,0.7509287803335705,0.4947,0.47928994082840237,0.39250493096646943,0.1282051282051282,0.0054388061642681035,0.005453623320882395,0.14510887986873877,0.0030521452310333028,0.00016757355336176805,176.11
2026-09-21,1530,ADI,bull_put,385.0,382.5,2.5,2026-09-25,4,382.26,1.4,1.3356,0.5342399999999999,1.0482180293501049,0.4287,0.39644970414201186,0.5266272189349113,0.07692307692307693,-0.000771271482511395,-0.0007709741291132,0.22925882626801974,-0.0003081601184388888,-3.1438337277459492e-06,393.6
2026-09-21,1530,ADP,bull_put,272.5,270.0,2.5,2026-09-25,4,270.625,1.2,1.3522,0.54088,0.8874426859931962,0.3296,0.36489151873767256,0.4832347140039448,0.15187376725838264,-0.0005830818884806624,-0.0005829119292712903,0.14322474763323845,-0.0003286972517577488,-1.873966062572651e-05,263.67
2026-09-21,1530,AMGN,bull_put,395.0,392.5,2.5,2026-09-25,4,392.88,1.275,1.2956,0.51824,0.9841000308737263,0.2904,0.46745562130177515,0.47928994082840237,0.05325443786982249,0.00027243828335405534,0.00027247539803365584,0.1805156172619803,0.00013235475540256805,3.5793224162490863e-06,414.61
2026-09-21,1530,AMZN,bull_put,260.0,257.5,2.5,2026-09-25,4,258.97,1.21,1.2413,0.49652,0.974784500120841,0.3204,0.4240631163708087,0.4437869822485207,0.13214990138067062,-0.0003078194245665364,-0.0003077720530282324,0.1289636876419764,-0.00018373686836059748,-1.3932593035051802e-05,249.67
2026-09-21,1530,AXP,bull_put,315.0,312.5,2.5,2026-09-25,4,313.62,1.215,1.2894,0.51576,0.9422987436016752,0.2479,0.4556213017751479,0.4358974358974359,0.10848126232741617,0.0012831911329779337,0.0012840147749788589,0.11883407433407411,0.0007982411093368973,7.412324695268776e-05,308.89
2026-09-21,1530,BA,bull_put,202.5,200.0,2.5,2026-09-25,4,201.07,1.48,1.2832,0.51328,1.1533665835411473,0.332,0.38461538461538464,0.4556213017751479,0.15976331360946747,-0.0005443487724832033,-0.000544200641569681,0.09696807013341036,-0.00036923958852488263,-5.309508283959496e-05,198.07
2026-09-21,1530,BLK,bull_put,1092.5,1090.0,2.5,2026-09-25,4,1088.35,1.3,1.3359,0.5343600000000001,0.9731267310427427,0.296,0.5069033530571992,0.46745562130177515,0.02564102564102564,0.005820007579777832,0.0058369767281103435,0.296701217760323,0.0017814152064445875,4.716839755313319e-06,1086.31
2026-09-21,1530,BMY,bull_put,63.0,62.0,1.0,2026-09-25,4,62.895,0.48,0.4072,0.4072,1.1787819253438114,0.2682,0.4437869822485207,0.3727810650887574,0.1834319526627219,-0.0009959607606070358,-0.0009954649563028717,0.04921279978821169,-0.0008175881466648151,-0.0003055467289581039,62.86
2026-09-21,1530,CAT,bull_put,822.5,820.0,2.5,2026-09-25,4,818.18,2.0,1.3498,0.5399200000000001,1.481700992739665,0.3685,0.4516765285996055,0.534516765285996,0.013806706114398421,-0.00010235157946984676,-0.00010234634172567869,0.29242449000905957,-3.1774516755781325e-05,-9.164570292183477e-08,821.58
2026-09-21,1530,CL,bull_put,87.0,86.0,1.0,2026-09-25,4,86.3877,0.6,0.5139,0.5139,1.1675423234092235,0.2453,0.3767258382642998,0.4516765285996055,0.17159763313609466,-0.000577698557979932,-0.0005775317222964649,0.06292364817995444,-0.0004490206054459242,-0.00012756114457678576,86.06
2026-09-21,1530,CRM,bull_put,240.0,237.5,2.5,2026-09-25,4,237.68,1.125,1.3725,0.549,0.819672131147541,0.4,0.4280078895463511,0.47534516765285995,0.09664694280078895,0.0009457220180898833,0.0009461693541650273,0.15738338717844147,0.0005041571503055852,2.165465151747274e-05,234.02
2026-09-21,1530,CSCO,bull_put,111.0,110.0,1.0,2026-09-25,4,110.68,0.475,0.4828,0.4828,0.9838442419221209,0.329,0.43984220907297833,0.4437869822485207,0.11637080867850098,-0.00041208611840576944,-0.0004120012225831138,0.14359418046556427,-0.000231979636688027,-1.312824460079238e-05,106.7
2026-09-21,1530,CSX,bull_put,46.0,45.5,0.5,2026-09-25,4,45.935,0.3,0.2288,0.4576,1.311188811188811,0.2901,0.5187376725838264,0.3136094674556213,0.16765285996055226,0.008894113678331574,0.008933783830452402,0.09988409368393847,0.005991271449502686,0.0008127122061692147,46.78
2026-09-21,1530,CVX,bull_put,205.0,202.5,2.5,2026-09-25,4,203.68,1.275,1.2466,0.49863999999999997,1.0227819669501044,0.3006,0.40039447731755423,0.39250493096646943,0.20710059171597633,1.2125329651869153e-05,1.2125403163976145e-05,0.08329102276270306,8.68970156080365e-06,1.6426620722001027e-06,204.45
2026-09-21,1530,DE,bull_put,690.0,687.5,2.5,2026-09-25,4,686.87,1.3,1.3334,0.53336,0.9749512524373782,0.3176,0.43984220907297833,0.5226824457593688,0.03747534516765286,-0.0002543408897555258,-0.0002543085478534657,0.26036041410498645,-8.975705474756431e-05,-4.915942227013105e-07,690.46
2026-09-21,1530,DIS,bull_put,105.0,104.0,1.0,2026-09-25,4,104.48,0.605,0.5007,0.5007,1.2083083682844018,0.2745,0.42011834319526625,0.4477317554240631,0.13214990138067062,-0.0003078749903023476,-0.00030782760166092604,0.1069730697767155,-0.00020066715943413833,-2.362218273023696e-05,106.15
2026-09-21,1530,EMR,bull_put,152.5,150.0,2.5,2026-09-25,4,151.82,1.15,1.1275,0.45099999999999996,1.0199556541019956,0.3147,0.4556213017751479,0.388560157790927,0.15581854043392504,-0.00031668541346980715,-0.0003166352739372158,0.05028022694531464,-0.00025894861602626554,-9.472946662444328e-05,158.23
2026-09-21,1530,EOG,bull_put,142.0,141.0,1.0,2026-09-25,4,141.54,0.5,0.5015,0.5015,0.9970089730807579,0.3655,0.4635108481262327,0.46745562130177515,0.06903353057199212,-5.8382368212756344e-05,-5.838066399543873e-05,0.19387247681937492,-2.6883019226556497e-05,-5.565742440793424e-07,140.35
2026-09-21,1530,FCX,bull_put,73.0,72.0,1.0,2026-09-25,4,71.99,0.84,0.5644,0.5644,1.4883061658398298,0.5146,0.4437869822485207,0.46745562130177515,0.08875739644970414,0.004863771265939239,0.004875618601191567,0.1573345608570318,0.0025984334534159244,0.0001117174378750913,72.31
2026-09-21,1530,GE,bull_put,322.5,320.0,2.5,2026-09-25,4,320.47,1.65,1.3181,0.52724,1.251801835976026,0.3505,0.43984220907297833,0.47928994082840237,0.08086785009861933,6.158819962002928e-05,6.159009621220513e-05,0.1775971045970629,3.026865423830533e-05,8.677692605745154e-07,327.09
2026-09-21,1530,GM,bull_put,85.0,84.0,1.0,2026-09-25,4,84.54,0.48,0.4834,0.4834,0.9929664873810509,0.363,0.3767258382642998,0.48717948717948717,0.13609467455621302,-0.0014312964675179136,-0.0014302726512487318,0.1183428852699463,-0.0008909148260198303,-8.354547745800979e-05,82.63
2026-09-21,1530,GOOGL,bull_put,357.5,355.0,2.5,2026-09-25,4,356.2,1.25,1.261,0.5044,0.9912767644726408,0.3385,0.4240631163708087,0.5069033530571992,0.06903353057199212,-0.000800434979087025,-0.0008001147164646838,0.18386601282445503,-0.0003834813780232847,-9.698495837457923e-06,343.92
2026-09-21,1530,HD,bull_put,300.0,297.5,2.5,2026-09-25,4,299.1,1.205,1.2244,0.48976,0.9841555047370142,0.2708,0.4358974358974359,0.49506903353057197,0.06903353057199212,-0.0008254046227795363,-0.0008250640700881995,0.12539940348666612,-0.0004996278044300059,-4.0685646335327586e-05,293.2
2026-09-21,1530,IBM,bull_put,232.5,230.0,2.5,2026-09-25,4,230.17,1.45,1.4121,0.56484,1.02683945896183,0.3808,0.40433925049309666,0.45956607495069035,0.13609467455621302,0.0018899533200962236,0.0018917404075322608,0.1460188127254025,0.0010548747135986879,5.687188061671228e-05,225.51
2026-09-21,1530,INTC,bull_put,123.0,122.0,1.0,2026-09-25,4,121.15,0.6,0.5953,0.5953,1.0078951789013941,0.779,0.39644970414201186,0.5739644970414202,0.029585798816568046,2.0630264690800308e-05,2.063047749611968e-05,0.2773989303853388,6.801707958351502e-06,2.6494851265979518e-08,123.0
2026-09-21,1530,ISRG,bull_put,405.0,402.5,2.5,2026-09-25,4,402.135,1.35,1.3629,0.54516,0.9905348888399736,0.3793,0.3767258382642998,0.5700197238658777,0.05325443786982249,-0.0012403923306347243,-0.001239623362041531,0.22128630029004848,-0.0005115358500507459,-6.1207930117330054e-06,405.18
2026-09-21,1530,IWM,bull_put,287.0,286.0,1.0,2026-09-25,4,286.05,0.5,0.5209,0.5209,0.9598771357266269,0.1614,0.42011834319526625,0.5108481262327417,0.06903353057199212,-0.0005911241750240536,-0.0005909494955497197,0.18274838605049115,-0.00028450106974008897,-7.357861199537464e-06,281.97
2026-09-21,1530,JNJ,bull_put,270.0,267.5,2.5,2026-09-25,4,269.83,0.86,1.0948,0.43792,0.7855316039459261,0.2497,0.4832347140039448,0.39644970414201186,0.1203155818540434,-0.00036709004492795246,-0.00036702267562116475,0.10567174715650896,-0.00024050398136800803,-2.9058228634305273e-05,271.22
2026-09-21,1530,JPM,bull_put,352.5,350.0,2.5,2026-09-25,4,351.51,1.42,1.1812,0.47248,1.2021672875042329,0.2445,0.4556213017751479,0.4556213017751479,0.08875739644970414,-0.0005627993929291112,-0.0005626410510570778,0.13594342117924407,-0.0003266431123552981,-2.154189732781021e-05,343.06
2026-09-21,1530,KO,bull_put,88.0,87.0,1.0,2026-09-25,4,87.66,0.44,0.4605,0.4605,0.9554831704668838,0.1898,0.3727810650887574,0.35700197238658776,0.2702169625246548,-0.0006174669802267939,-0.0006172763867213771,0.031294878364974466,-0.0005446467191270858,-0.00029126683197300946,87.81
2026-09-21,1530,LOW,bull_put,192.5,190.0,2.5,2026-09-25,4,192.33,1.05,1.0826,0.43304,0.9698873083317938,0.2974,0.4556213017751479,0.4240631163708087,0.1203155818540434,-0.0009373774648649743,-0.0009369382638522161,0.08317931200638329,-0.0006717593357211931,-0.00012727039337689315,189.28
2026-09-21,1530,MA,bull_put,570.0,567.5,2.5,2026-09-25,4,567.25,2.05,1.3175,0.5269999999999999,1.555977229601518,0.2243,0.4280078895463511,0.514792899408284,0.05719921104536489,-0.0004314978166462509,-0.0004314047348520367,0.19821277581028562,-0.00019523336882197625,-3.705951681984555e-06,567.65
2026-09-21,1530,MCD,bull_put,250.0,247.5,2.5,2026-09-25,4,248.65,1.235,1.2889,0.51556,0.9581813949879744,0.3038,0.40828402366863903,0.4240631163708087,0.16765285996055226,6.161026063000816e-05,6.161215858102587e-05,0.11474024812814443,3.8935181012477975e-05,3.923928324267176e-06,236.5
2026-09-21,1530,MO,bull_put,69.0,68.0,1.0,2026-09-25,4,68.585,0.385,0.4795,0.4795,0.8029197080291971,0.2496,0.4240631163708087,0.38461538461538464,0.1913214990138067,-5.217070389297324e-05,-5.216934302543219e-05,0.03243211378090116,-4.5822102812773346e-05,-2.3953735758440917e-05,68.82
2026-09-21,1530,MS,bull_put,207.5,205.0,2.5,2026-09-25,4,206.5,1.47,1.1917,0.47668,1.2335319291768063,0.3215,0.4358974358974359,0.40828402366863903,0.15581854043392504,-0.00022032817841039897,-0.0002203039079398117,0.09597274491142405,-0.0001500722752690916,-2.20136367796702e-05,196.31
2026-09-21,1530,MSFT,bull_put,502.5,500.0,2.5,2026-09-25,4,500.31,1.325,1.3298,0.5319200000000001,0.9963904346518272,0.2814,0.4240631163708087,0.5069033530571992,0.06903353057199212,-0.0003027266070735994,-0.0003026807899977335,0.2073468312039537,-0.00013206463040195908,-2.088309324441376e-06,516.17
2026-09-21,1530,NEE,bull_put,80.0,79.0,1.0,2026-09-25,4,79.755,0.33,0.4308,0.4308,0.766016713091922,0.2226,0.45956607495069035,0.36489151873767256,0.1755424063116371,-0.00041568906230630455,-0.00041560267557849695,0.044498922421828624,-0.0003478370097901281,-0.00014284434757633386,76.08
2026-09-21,1530,NFLX,bull_put,74.0,73.0,1.0,2026-09-25,4,73.81,0.44,0.4601,0.4601,0.9563138448163443,0.3455,0.4516765285996055,0.3806706114398422,0.16765285996055226,-0.00011695756071687354,-0.00011695072144801699,0.09145653253962105,-8.11197559807345e-05,-1.3024026981310894e-05,71.14
2026-09-21,1530,NOW,bull_put,139.0,138.0,1.0,2026-09-25,4,137.415,0.575,0.5707,0.5707,1.0075346066234447,0.5856,0.36489151873767256,0.5542406311637081,0.08086785009861933,-0.0007514932022308993,-0.0007512109019344182,0.2583605983163818,-0.0002672659011292137,-1.5235331539209836e-06,135.62
2026-09-21,1530,ORCL,bull_put,150.0,149.0,1.0,2026-09-25,4,148.16,0.55,0.5901,0.5901,0.9320454160311813,0.5421,0.4240631163708087,0.5266272189349113,0.04930966469428008,0.0025487922440792857,0.002552043176428098,0.26205532275162446,0.0008946461455342445,4.736610601465845e-06,137.1
2026-09-21,1530,PG,bull_put,147.0,146.0,1.0,2026-09-25,4,146.61,0.485,0.4858,0.4858,0.9983532317826266,0.2055,0.4437869822485207,0.4556213017751479,0.10059171597633136,-0.00043385219381459825,-0.00043375809356061,0.11477777357220376,-0.00027406790284940967,-2.760012839927206e-05,146.23
2026-09-21,1530,PYPL,bull_put,53.0,52.0,1.0,2026-09-25,4,52.72,0.46,0.4645,0.4645,0.9903121636167922,0.2996,0.45956607495069035,0.3057199211045365,0.23471400394477318,0.004553956775826935,0.004564341795310511,0.02660612925897099,0.00410353912086977,0.0024102421422063387,55.04
2026-09-21,1530,QCOM,bull_put,195.0,192.5,2.5,2026-09-25,4,193.785,1.375,1.3435,0.5374,1.0234462225530332,0.6331,0.4477317554240631,0.46745562130177515,0.08481262327416174,0.001301896317649192,0.0013027441525512717,0.18552986367430746,0.0006202413959315948,1.5172908120332633e-05,201.97
2026-09-21,1530,RTX,bull_put,195.0,192.5,2.5,2026-09-25,4,194.34,1.09,1.1288,0.45152000000000003,0.9656272147413183,0.2597,0.43984220907297833,0.40828402366863903,0.15187376725838264,-0.0006316429305404342,-0.0006314434861393048,0.05800237461363311,-0.0005006959085615108,-0.00015695379388911071,189.4
2026-09-21,1530,SPY,bull_put,776.0,775.0,1.0,2026-09-25,4,774.07,0.515,0.5389,0.5389,0.9556503989608461,0.1069,0.4516765285996055,0.514792899408284,0.03353057199211045,7.584338502126739e-05,7.584626120360483e-05,0.261456409897167,2.6652495153837276e-05,1.4280925433220377e-07,771.35
2026-09-21,1530,TJX,bull_put,132.0,131.0,1.0,2026-09-25,4,131.21,0.35,0.5472,0.5472,0.6396198830409356,0.266,0.3727810650887574,0.5187376725838264,0.10848126232741617,-0.0007355047129933507,-0.0007352342957037683,0.13994615467783333,-0.0004200629577171748,-2.5571578139871046e-05,130.06
2026-09-21,1530,TSLA,bull_put,377.5,375.0,2.5,2026-09-25,4,375.225,1.35,1.3476,0.53904,1.0017809439002672,0.4347,0.46745562130177515,0.48717948717948717,0.045364891518737675,0.0015794593498448667,0.0015807073527338567,0.2265139192390927,0.0006387876228227806,6.88464559357009e-06,372.11
2026-09-21,1530,TXN,bull_put,272.5,270.0,2.5,2026-09-25,4,269.46,1.4,1.4197,0.5678799999999999,0.986123828977953,0.404,0.3214990138067061,0.5700197238658777,0.10848126232741617,-0.0015313610380848983,-0.0015301891030652381,0.18360740389518582,-0.0007341526580198513,-1.8663484420095858e-05,278.07
2026-09-21,1530,UNH,bull_put,377.5,375.0,2.5,2026-09-25,4,376.15,1.2,1.2632,0.5052800000000001,0.9499683343888536,0.297,0.4516765285996055,0.48717948717948717,0.0611439842209073,-0.00030653903509981085,-0.0003064920568101037,0.17358183072279498,-0.00015306528295349432,-4.755148386394292e-06,376.59
2026-09-21,1530,V,bull_put,370.0,367.5,2.5,2026-09-25,4,369.695,1.075,1.091,0.4364,0.9853345554537122,0.2048,0.45956607495069035,0.4240631163708087,0.11637080867850098,-0.0008486197124146729,-0.0008482597365412348,0.12113685047774192,-0.0005225075743376324,-4.6335224979229056e-05,367.38
2026-09-21,1530,VRTX,bull_put,515.0,512.5,2.5,2026-09-25,4,511.43,1.3,1.3612,0.54448,0.9550396708786365,0.3241,0.38461538461538464,0.5581854043392505,0.05719921104536489,-0.0010399273962475525,-0.0010393868591421773,0.23465600222619576,-0.0004065724943026771,-3.723418531318421e-06,526.19
2026-09-21,1530,VZ,bull_put,48.0,47.5,0.5,2026-09-25,4,47.825,0.225,0.2318,0.4636,0.9706643658326143,0.2426,0.4240631163708087,0.39250493096646943,0.1834319526627219,-0.0004199785299564083,-0.00041989035131839714,0.0764262157549307,-0.00030929290665479634,-6.707184986129131e-05,47.08
2026-09-21,1530,WMT,bull_put,108.0,107.0,1.0,2026-09-25,4,107.515,0.485,0.4975,0.4975,0.9748743718592965,0.2452,0.4556213017751479,0.40828402366863903,0.13609467455621302,0.0010380505206728056,0.0010385894815878594,0.0928078874516789,0.0007165064533962499,0.00011196983504094019,107.98
2026-09-21,1530,XOM,bull_put,160.0,157.5,2.5,2026-09-25,4,158.53,1.26,1.3259,0.53036,0.9502979108530054,0.3294,0.39250493096646943,0.4240631163708087,0.1834319526627219,0.0001994903863993952,0.0001995102859297937,0.058987336671876944,0.00015757734969074495,4.843243400796156e-05,160.59
2026-09-21,1545,AAPL,bull_put,340.0,337.5,2.5,2026-09-25,4,339.26,1.15,1.1601,0.46403999999999995,0.9912938539781053,0.2454,0.4714003944773176,0.4161735700197239,0.11242603550295859,-0.00019427274179630895,-0.00019425387206917222,0.13181647440812383,-0.00011465183619690501,-8.211786798959563e-06,341.07
2026-09-21,1545,ACN,bull_put,187.5,185.0,2.5,2026-09-25,4,185.42,1.45,1.391,0.5564,1.0424155283968368,0.502,0.4280078895463511,0.4358974358974359,0.13609467455621302,0.004673643182968618,0.004684581687519618,0.15196556558144558,0.0025508186880030944,0.0001221021914703339,176.11
2026-09-21,1545,ADI,bull_put,385.0,382.5,2.5,2026-09-25,4,383.4,1.25,1.271,0.5084,0.983477576711251,0.4297,0.4437869822485207,0.4990138067061144,0.05719921104536489,-0.00044929571709915756,-0.0004491947988930489,0.2257419817888321,-0.000182087750601233,-1.9930160238541785e-06,393.6
2026-09-21,1545,ADP,bull_put,272.5,270.0,2.5,2026-09-25,4,270.3,1.1,1.3807,0.55228,0.7966973274426016,0.3305,0.3530571992110454,0.5029585798816568,0.14398422090729784,-0.0007264470832599431,-0.000726183284460058,0.14677812546775404,-0.0004037072308027556,-2.143719354764769e-05,263.67
2026-09-21,1545,AMGN,bull_put,395.0,392.5,2.5,2026-09-25,4,393.41,1.275,1.262,0.5048,1.0103011093502376,0.2893,0.47534516765285995,0.47534516765285995,0.04930966469428008,4.369288690763643e-05,4.3693841455638704e-05,0.1776830490988447,2.1466100459547864e-05,6.143527441097497e-07,414.61
2026-09-21,1545,AMZN,bull_put,260.0,257.5,2.5,2026-09-25,4,258.8,1.33,1.2632,0.5052800000000001,1.0528815706143129,0.324,0.41222879684418146,0.4556213017751479,0.13214990138067062,-0.00039022268438670005,-0.00039014655741742565,0.13063478738723222,-0.00023136193608953325,-1.6967293165627474e-05,249.67
2026-09-21,1545,AXP,bull_put,315.0,312.5,2.5,2026-09-25,4,313.93,1.21,1.2342,0.49368,0.9803921568627451,0.2473,0.47928994082840237,0.42011834319526625,0.10059171597633136,0.001205011099432697,0.0012057374170184598,0.11871278466609536,0.000749941710680372,6.980738392715849e-05,308.89
2026-09-21,1545,BA,bull_put,202.5,200.0,2.5,2026-09-25,4,201.125,1.235,1.2762,0.51048,0.9677166588309043,0.3287,0.388560157790927,0.4556213017751479,0.15581854043392504,-0.0005481555618806313,-0.0005480053520680039,0.09528343712448373,-0.0003743350698245899,-5.567229143909641e-05,198.07
2026-09-21,1545,BLK,bull_put,1092.5,1090.0,2.5,2026-09-25,4,1087.68,1.35,1.3662,0.5464800000000001,0.9881422924901185,0.2942,0.5069033530571992,0.4714003944773176,0.021696252465483234,0.008199665806538733,0.008233375138302357,0.2978896117790203,0.00250086728412481,6.466277717184776e-06,1086.31
2026-09-21,1545,BMY,bull_put,63.0,62.0,1.0,2026-09-25,4,62.84,0.42,0.4281,0.4281,0.9810791871058164,0.2794,0.4280078895463511,0.3767258382642998,0.1952662721893491,-0.0008399139527065025,-0.000839561323715432,0.04709518387352607,-0.0006954080435198867,-0.00027112910476653437,62.86
2026-09-21,1545,CAT,bull_put,822.5,820.0,2.5,2026-09-25,4,818.3,1.45,1.3474,0.53896,1.0761466528128247,0.3705,0.4516765285996055,0.5305719921104537,0.01775147928994083,-8.291078336649608e-05,-8.290734636251518e-05,0.29255042856155655,-2.5726509572062112e-05,-7.401506613344725e-08,821.58
2026-09-21,1545,CRM,bull_put,240.0,237.5,2.5,2026-09-25,4,237.45,1.375,1.3968,0.55872,0.9843928980526918,0.401,0.42011834319526625,0.47928994082840237,0.10059171597633136,0.0012120716449433577,0.001212806500648922,0.1603945819250393,0.0006384951293712041,2.5821885530140273e-05,234.02
2026-09-21,1545,CSCO,bull_put,112.0,111.0,1.0,2026-09-25,4,110.945,0.575,0.5557,0.5557,1.0347309699478136,0.3325,0.34911242603550297,0.5305719921104537,0.1203155818540434,-0.000993048442879136,-0.0009925555334486802,0.15695264411006993,-0.0005297855953654473,-2.2952331125663936e-05,106.7
2026-09-21,1545,CVX,bull_put,205.0,202.5,2.5,2026-09-25,4,204.065,1.165,1.1665,0.4666,0.9987141020145734,0.3062,0.4319526627218935,0.38461538461538464,0.1834319526627219,-0.00021826721140623655,-0.0002182433928513694,0.08739132592470322,-0.00015386038760886446,-2.6795101709126313e-05,204.45
2026-09-21,1545,DE,bull_put,690.0,687.5,2.5,2026-09-25,4,686.595,1.25,1.3551,0.54204,0.9224411482547413,0.3183,0.43984220907297833,0.5226824457593688,0.03747534516765286,-7.774353768709007e-05,-7.774051573661289e-05,0.26150941199073585,-2.731234810755036e-05,-1.461898253329677e-07,690.46
2026-09-21,1545,DIS,bull_put,105.0,104.0,1.0,2026-09-25,4,104.505,0.485,0.4944,0.4944,0.9809870550161812,0.2737,0.42011834319526625,0.4437869822485207,0.13609467455621302,-0.0003871191872626646,-0.00038704426629820876,0.10697609202886871,-0.0002523039979586897,-2.969898472839334e-05,106.15
2026-09-21,1545,EMR,bull_put,152.5,150.0,2.5,2026-09-25,4,151.705,0.95,1.1446,0.45784,0.8299842739821771,0.3305,0.4477317554240631,0.39250493096646943,0.15976331360946747,-0.0003039887983721785,-0.00030394259845889504,0.055928602223902724,-0.0002430153120295937,-7.94042909786218e-05,158.23
2026-09-21,1545,EOG,bull_put,142.0,141.0,1.0,2026-09-25,4,141.64,0.4,0.4881,0.4881,0.8195041999590249,0.3738,0.4714003944773176,0.45956607495069035,0.06903353057199212,-0.00016130370524328717,-0.00016129069650006045,0.19716796848159945,-7.329822780406031e-05,-1.4207388620389378e-06,140.35
2026-09-21,1545,FCX,bull_put,73.0,72.0,1.0,2026-09-25,4,72.08,0.54,0.5528,0.5528,0.9768451519536905,0.5109,0.4477317554240631,0.45956607495069035,0.09270216962524655,0.003910021852242318,0.003917675960343425,0.1535316562946567,0.002119906503415998,9.83462228230651e-05,72.31
2026-09-21,1545,GE,bull_put,322.5,320.0,2.5,2026-09-25,4,320.38,1.45,1.3203,0.52812,1.098235249564493,0.3492,0.4358974358974359,0.47928994082840237,0.08481262327416174,3.4366825597488895e-05,3.436741614359917e-05,0.17766980449282732,1.6885068191228802e-05,4.833731301138268e-07,327.09
2026-09-21,1545,GM,bull_put,85.0,84.0,1.0,2026-09-25,4,84.7,0.45,0.4618,0.4618,0.97444781290602,0.3644,0.40039447731755423,0.45956607495069035,0.14003944773175542,-0.0012973143981464086,-0.0012964732496065778,0.1202228094139921,-0.0008015214502582909,-7.238908628105366e-05,82.63
2026-09-21,1545,GOOGL,bull_put,357.5,355.0,2.5,2026-09-25,4,356.0,1.2,1.2823,0.51292,0.9358184512204633,0.3347,0.41222879684418146,0.5069033530571992,0.08086785009861933,-0.0007762673161932554,-0.0007759660986669248,0.18380168249732365,-0.0003720030681501964,-9.420314288658976e-06,343.92
2026-09-21,1545,HD,bull_put,300.0,297.5,2.5,2026-09-25,4,299.065,1.21,1.2303,0.49212,0.9834999593595058,0.2743,0.4358974358974359,0.49506903353057197,0.06903353057199212,-0.0007829425278624907,-0.0007826361083363986,0.12720872706200193,-0.00047051739959098,-3.695342729997212e-05,293.2
2026-09-21,1545,HON,bull_put,207.5,205.0,2.5,2026-09-25,4,207.04,1.3,1.1233,0.44932,1.157304371049586,0.3293,0.4714003944773176,0.33727810650887574,0.1913214990138067,0.0006747075737780495,0.0006749352401329567,0.1033916587530429,0.0004463262160208034,5.6442190403754916e-05,212.55
2026-09-21,1545,IBM,bull_put,232.5,230.0,2.5,2026-09-25,4,230.1101,1.45,1.4141,0.5656399999999999,1.0253871720528958,0.3789,0.40039447731755423,0.46745562130177515,0.13214990138067062,0.0012823389748889483,0.0012831615230697313,0.14623085094695187,0.0007149115635746745,3.8380204881329237e-05,225.51
2026-09-21,1545,INTC,bull_put,124.0,123.0,1.0,2026-09-25,4,122.205,0.575,0.5904,0.5904,0.9739159891598914,0.7909,0.40039447731755423,0.5700197238658777,0.029585798816568046,1.2227547226267843e-06,1.2227554702093357e-06,0.27857857349836224,4.012352361437675e-07,1.5264982841385908e-09,123.0
2026-09-21,1545,ISRG,bull_put,405.0,402.5,2.5,2026-09-25,4,403.23,1.4,1.2897,0.51588,1.085523765216717,0.3741,0.40039447731755423,0.5266272189349113,0.07297830374753451,-0.0010487349807759465,-0.0010481852504365952,0.21499991044487288,-0.0004435524121190428,-6.01837785836353e-06,405.18
2026-09-21,1545,IWM,bull_put,287.0,286.0,1.0,2026-09-25,4,286.27,0.485,0.5005,0.5005,0.9690309690309691,0.1615,0.43984220907297833,0.49506903353057197,0.0650887573964497,-0.0005903161754133718,-0.0005901419730997004,0.180213691587348,-0.00028700750750612565,-7.808669120531866e-06,281.97
2026-09-21,1545,JNJ,bull_put,270.0,267.5,2.5,2026-09-25,4,269.635,1.1,1.118,0.44720000000000004,0.9838998211091234,0.2554,0.4714003944773176,0.40828402366863903,0.1203155818540434,-0.0004202072194859287,-0.0004201189447972098,0.10636378264158819,-0.00027453609406253145,-3.271412983711822e-05,271.22
2026-09-21,1545,JPM,bull_put,352.5,350.0,2.5,2026-09-25,4,351.525,1.41,1.1734,0.46936,1.2016362706664394,0.2387,0.4556213017751479,0.4556213017751479,0.08875739644970414,-0.000618083653935092,-0.0006178926795815665,0.13240981368285032,-0.00036382592674046277,-2.575114922868512e-05,343.06
2026-09-21,1545,KO,bull_put,88.0,87.0,1.0,2026-09-25,4,87.685,0.44,0.4553,0.4553,0.9663957830002197,0.1885,0.3806706114398422,0.3530571992110454,0.26627218934911245,-0.000598247544080176,-0.0005980686296983562,0.03175354430630595,-0.0005267317130523187,-0.00027911404155431,87.81
2026-09-21,1545,LOW,bull_put,192.5,190.0,2.5,2026-09-25,4,192.09,1.1,1.1092,0.44367999999999996,0.9917057338622431,0.2965,0.43984220907297833,0.4358974358974359,0.1242603550295858,-0.0010128319209157508,-0.001012319179787169,0.07831722368745497,-0.0007400592868972029,-0.00015452962517603075,189.28
2026-09-21,1545,MA,bull_put,570.0,567.5,2.5,2026-09-25,4,566.9,2.2,1.3507,0.54028,1.6287850744058638,0.2267,0.42011834319526625,0.5226824457593688,0.05719921104536489,-0.0003445351583110934,-0.00034447581288921114,0.2022198875906268,-0.00015341464109849392,-2.6878633289772893e-06,567.65
2026-09-21,1545,MCD,bull_put,250.0,247.5,2.5,2026-09-25,4,248.66,1.26,1.2994,0.51976,0.9696783130675696,0.3113,0.40828402366863903,0.42011834319526625,0.17159763313609466,0.0002640154177619685,0.000264050272899663,0.11808489417874202,0.00016464636574209187,1.551957378975562e-05,236.5
2026-09-21,1545,MO,bull_put,69.0,68.0,1.0,2026-09-25,4,68.685,0.46,0.4608,0.4608,0.998263888888889,0.2448,0.4319526627218935,0.36489151873767256,0.20315581854043394,-0.00013925034068777275,-0.00013924064580905782,0.03262077454389978,-0.00012220752238932352,-6.364400362346793e-05,68.82
2026-09-21,1545,MS,bull_put,207.5,205.0,2.5,2026-09-25,4,206.505,1.425,1.2098,0.48392,1.1778806414283354,0.3197,0.4358974358974359,0.40433925049309666,0.15976331360946747,-4.523536587766521e-05,-4.523434277392546e-05,0.09421536040621925,-3.1031262144156576e-05,-4.7147125276135315e-06,196.31
2026-09-21,1545,MSFT,bull_put,502.5,500.0,2.5,2026-09-25,4,499.94,1.3,1.3543,0.54172,0.9599054862290483,0.279,0.40828402366863903,0.5069033530571992,0.08481262327416174,-0.00029663926470933563,-0.00029659527163283794,0.20836811529855226,-0.00012888184140098926,-1.996775681759473e-06,516.17
2026-09-21,1545,NEE,bull_put,80.0,79.0,1.0,2026-09-25,4,79.745,0.405,0.4387,0.4387,0.9231821290175519,0.2138,0.4556213017751479,0.368836291913215,0.1755424063116371,-0.0003515505940822833,-0.0003514888074127587,0.038761184143452754,-0.0003010068830660433,-0.00013864399338030595,76.08
2026-09-21,1545,NFLX,bull_put,74.0,73.0,1.0,2026-09-25,4,73.7025,0.485,0.484,0.484,1.0020661157024793,0.3422,0.4477317554240631,0.388560157790927,0.16370808678500987,0.0004423968746537204,0.00044249474658331067,0.08715097711637587,0.00031225641205033023,5.46421269686287e-05,71.14
2026-09-21,1545,NOW,bull_put,139.0,138.0,1.0,2026-09-25,4,137.44,0.575,0.5704,0.5704,1.0080645161290323,0.5913,0.368836291913215,0.5542406311637081,0.07692307692307693,-0.0007053189833903387,-0.0007050703044255702,0.25882235248426344,-0.00025038709753762476,-1.4141958431341173e-06,135.62
2026-09-21,1545,ORCL,bull_put,150.0,149.0,1.0,2026-09-25,4,148.5399,0.575,0.5704,0.5704,1.0080645161290323,0.5384,0.4358974358974359,0.5187376725838264,0.045364891518737675,0.00141462338331097,0.0014156244349505798,0.2555378460103682,0.0005093699783425599,3.0722730821713295e-06,137.1
2026-09-21,1545,PEP,bull_put,130.0,129.0,1.0,2026-09-25,4,129.81,0.36,0.4654,0.4654,0.7735281478298238,0.2208,0.4280078895463511,0.4516765285996055,0.1203155818540434,-0.0009074665491951659,-0.000907054925947115,0.10952408133199465,-0.0005852895492581807,-6.547216262016945e-05,128.63
2026-09-21,1545,PG,bull_put,147.0,146.0,1.0,2026-09-25,4,146.51,0.26,0.4975,0.4975,0.5226130653266332,0.2042,0.4358974358974359,0.46745562130177515,0.09664694280078895,-0.0004085162709101791,-0.0004084328394997616,0.11359758019427357,-0.0002592874190361859,-2.673532082542899e-05,146.23
2026-09-21,1545,PNC,bull_put,235.0,232.5,2.5,2026-09-25,4,233.5,1.225,1.2348,0.49391999999999997,0.9920634920634922,0.2456,0.41222879684418146,0.4635108481262327,0.1242603550295858,-0.0006696367829480288,-0.0006694126262748457,0.07615187597781437,-0.0004936334051029277,-0.00010763604982988774,225.64
2026-09-21,1545,PYPL,bull_put,53.0,52.0,1.0,2026-09-25,4,52.74,0.45,0.4533,0.4533,0.9927200529450696,0.3073,0.46745562130177515,0.3057199211045365,0.22682445759368836,0.003080781069728776,0.003085531552875498,0.031083250721921862,0.002724788858565676,0.0014633464875308958,55.04
2026-09-21,1545,QCOM,bull_put,195.0,192.5,2.5,2026-09-25,4,193.855,1.325,1.3361,0.53444,0.9916922386048947,0.6268,0.4477317554240631,0.46745562130177515,0.08481262327416174,0.001028022440793485,0.001028551036983627,0.18396698420180568,0.0004927679599597832,1.2437283679795086e-05,201.97
2026-09-21,1545,REGN,bull_put,800.0,797.5,2.5,2026-09-25,4,796.85,0.8,1.319,0.5276,0.6065200909780137,0.3079,0.4635108481262327,0.5108481262327417,0.02564102564102564,1.3831600140559383e-05,1.3831695797605903e-05,0.271481592602806,4.669427088689509e-06,2.0474082377347184e-08,788.04
2026-09-21,1545,RTX,bull_put,195.0,192.5,2.5,2026-09-25,4,194.485,0.89,1.0599,0.42396,0.8397018586659118,0.2588,0.4437869822485207,0.40433925049309666,0.15187376725838264,-0.0010100888912700106,-0.0010095789232046348,0.06290745212566962,-0.0007849804450315212,-0.00022307538511358847,189.4
2026-09-21,1545,SBUX,bull_put,96.0,95.0,1.0,2026-09-25,4,95.31,0.515,0.5271,0.5271,0.9770442041358376,0.2993,0.40039447731755423,0.45956607495069035,0.14003944773175542,-0.00018063705090067862,-0.00018062073701086145,0.10888232183651991,-0.00011684755890435287,-1.3239750861012582e-05,94.86
2026-09-21,1545,SCHW,bull_put,107.0,106.0,1.0,2026-09-25,4,106.715,0.435,0.4473,0.4473,0.9725016767270289,0.2517,0.48717948717948717,0.3530571992110454,0.15976331360946747,0.0004990431399405984,0.0004991676826848757,0.10017904850868475,0.0003343625497998043,4.508929750808781e-05,99.03
2026-09-21,1545,SPY,bull_put,776.0,775.0,1.0,2026-09-25,4,774.45,0.505,0.5213,0.5213,0.9687320161135623,0.108,0.4714003944773176,0.5029585798816568,0.02564102564102564,5.0854867837771614e-05,5.0856160968448805e-05,0.25771676623104567,1.8140267842687254e-05,1.0474765419662715e-07,771.35
2026-09-21,1545,T,bull_put,25.5,24.5,1.0,2026-09-25,4,25.475,0.265,0.2669,0.2669,0.9928812289246909,0.2847,0.5029585798816568,0.10848126232741617,0.388560157790927,-0.000499928029641323,-0.0004998030864455938,0.12248083552719047,-0.00030621603562725467,-2.6434610123716863e-05,25.38
2026-09-21,1545,TJX,bull_put,132.0,131.0,1.0,2026-09-25,4,131.275,0.55,0.5327,0.5327,1.0324760653275766,0.2634,0.38461538461538464,0.5108481262327417,0.10453648915187377,-0.0007745628616546213,-0.0007742629652758293,0.13765267338006337,-0.0004464381508488668,-2.8452823592442906e-05,130.06
2026-09-21,1545,TSLA,bull_put,377.5,375.0,2.5,2026-09-25,4,374.99,1.325,1.3601,0.5440400000000001,0.9741930740386735,0.4356,0.46745562130177515,0.48717948717948717,0.045364891518737675,0.002179491583517955,0.002181868401737397,0.22783732799540535,0.0008770706446478905,9.205866849475678e-06,372.11
2026-09-21,1545,TXN,bull_put,272.5,270.0,2.5,2026-09-25,4,271.0,1.25,1.2743,0.50972,0.9809307070548536,0.4092,0.3806706114398422,0.47928994082840237,0.14003944773175542,-0.0008798111313660971,-0.000879424211033264,0.17351589213264096,-0.00043930934320405586,-1.3665658082801029e-05,278.07
2026-09-21,1545,UNH,bull_put,377.5,375.0,2.5,2026-09-25,4,376.86,1.25,1.2081,0.48324,1.034682559390779,0.2942,0.4714003944773176,0.4635108481262327,0.0650887573964497,-0.0002918103063413065,-0.0002917677338549751,0.17268170871459276,-0.00014623738396187446,-4.625558149197724e-06,376.59
2026-09-21,1545,UPS,bull_put,95.0,94.0,1.0,2026-09-25,4,94.9,0.42,0.441,0.441,0.9523809523809523,0.2827,0.46745562130177515,0.39250493096646943,0.14003944773175542,-0.0004193621892619602,-0.0004192742692296081,0.10353451121376656,-0.00027710243559612443,-3.4942261125874286e-05,93.96
2026-09-21,1545,VRTX,bull_put,515.0,512.5,2.5,2026-09-25,4,512.22,1.2,1.3161,0.52644,0.9117848187827672,0.3241,0.40828402366863903,0.5424063116370809,0.04930966469428008,-0.0009376580991188772,-0.000937218635129855,0.23032220208026044,-0.00037301841259449435,-3.7254354351585873e-06,526.19
2026-09-21,1545,VZ,bull_put,48.0,47.5,0.5,2026-09-25,4,47.885,0.225,0.2233,0.4466,1.0076130765785938,0.2454,0.4477317554240631,0.368836291913215,0.1834319526627219,-0.0002852718729735586,-0.00028523118682177717,0.08119368904921465,-0.00020613375971383798,-4.063588308465967e-05,47.08
2026-09-21,1545,WMT,bull_put,108.0,107.0,1.0,2026-09-25,4,107.47,0.495,0.5045,0.5045,0.981169474727453,0.2467,0.4516765285996055,0.41222879684418146,0.13609467455621302,0.0012909751353915554,0.0012918088025009045,0.0930611396294565,0.0008902961224080392,0.00013842537013443576,107.98
2026-09-21,1545,XOM,bull_put,160.0,157.5,2.5,2026-09-25,4,158.95,1.165,1.2054,0.48216000000000003,0.9664841546374647,0.3218,0.41222879684418146,0.38461538461538464,0.20315581854043394,-0.00011501769589474919,-0.00011501108161315887,0.0562354653318804,-9.184355351222521e-05,-2.982590519130736e-05,160.59
2026-09-22,1530,ABBV,bull_put,267.5,265.0,2.5,2026-09-25,3,265.65,1.5,1.3334,0.53336,1.1249437528123594,0.2722,0.388560157790927,0.4635108481262327,0.14792899408284024,-0.00024246540273474126,-0.0002424360103745471,0.09053869183742114,-0.00016877779604005722,-2.75998185027518e-05,264.34
2026-09-22,1530,ADI,bull_put,390.0,387.5,2.5,2026-09-25,3,388.01,1.2,1.3106,0.52424,0.9156111704562795,0.4075,0.41222879684418146,0.4990138067061144,0.08875739644970414,-0.0004977504975212507,-0.0004976266402931806,0.20354180384575749,-0.00022045263447515847,-3.7616089769063054e-06,393.6
2026-09-22,1530,AMGN,bull_put,410.0,407.5,2.5,2026-09-25,3,409.27,1.25,1.244,0.4976,1.004823151125402,0.3145,0.5029585798816568,0.42011834319526625,0.07692307692307693,0.003303896096522811,0.0033093599769384863,0.1727617349589925,0.001658158866728289,5.2364477451858284e-05,414.61
2026-09-22,1530,AMZN,bull_put,257.5,255.0,2.5,2026-09-25,3,255.85,1.335,1.3435,0.5374,0.9936732415333086,0.318,0.38461538461538464,0.4990138067061144,0.11637080867850098,-0.000572952883128682,-0.0005727887769687579,0.10444638916351467,-0.00037718337141413454,-4.67027795534436e-05,249.67
2026-09-22,1530,AVGO,bull_put,367.5,365.0,2.5,2026-09-25,3,365.29,1.35,1.3894,0.55576,0.9716424355837053,0.3793,0.40433925049309666,0.5463510848126233,0.04930966469428008,-0.00046396434414468484,-0.00046385672933213495,0.18681022553254056,-0.00021971578601962983,-5.238998314865e-06,352.81
2026-09-22,1530,AXP,bull_put,307.5,305.0,2.5,2026-09-25,3,305.915,1.255,1.3166,0.52664,0.9532128209023241,0.2916,0.4635108481262327,0.4319526627218935,0.10453648915187377,0.003512030162266519,0.003518204566312022,0.11909166542393268,0.0021849307428248393,0.00020184621627689103,308.89
2026-09-22,1530,BLK,bull_put,1075.0,1072.5,2.5,2026-09-25,3,1069.87,1.0,1.4041,0.5616399999999999,0.7121999857560003,0.3106,0.43984220907297833,0.5384615384615384,0.021696252465483234,0.0002504159677913821,0.00025044732448709084,0.29104026632457314,7.818576139505732e-05,2.3183768753365783e-07,1086.31
2026-09-22,1530,CAT,bull_put,810.0,807.5,2.5,2026-09-25,3,805.69,1.05,1.3686,0.54744,0.7672073651907059,0.3755,0.40039447731755423,0.5779092702169625,0.021696252465483234,-0.000993863315544883,-0.000993369596976379,0.2809797267987513,-0.0003228487314992383,-1.1706853587491624e-06,821.58
2026-09-22,1530,CME,bull_put,270.0,267.5,2.5,2026-09-25,3,268.61,1.125,1.2729,0.50916,0.8838086259721896,0.2859,0.4319526627218935,0.42011834319526625,0.14792899408284024,0.0004420254685305637,0.0004421231761839728,0.09576694864395274,0.00030142484893304724,4.4397437550594005e-05,264.48
2026-09-22,1530,CRM,bull_put,235.0,232.5,2.5,2026-09-25,3,233.61,1.12,1.2758,0.51032,0.8778805455400533,0.4128,0.43984220907297833,0.4161735700197239,0.14398422090729784,0.0009982223326824025,0.0009987207224160244,0.13039850392128405,0.0005928142823584243,4.368090666977916e-05,234.02
2026-09-22,1530,CSCO,bull_put,106.0,105.0,1.0,2026-09-25,3,105.6099,0.475,0.4862,0.4862,0.9769642122583299,0.3325,0.41222879684418146,0.4477317554240631,0.14003944773175542,-0.0006549638792900849,-0.0006547494372682872,0.11629631570448118,-0.0004111949204646762,-4.017082745622396e-05,106.7
2026-09-22,1530,DE,bull_put,702.5,700.0,2.5,2026-09-25,3,698.7,1.0,1.3875,0.5549999999999999,0.7207207207207208,0.3272,0.39250493096646943,0.5779092702169625,0.029585798816568046,-0.0009431713582435863,-0.0009427267119416216,0.2536657252900879,-0.0003417616391116513,-2.1399854428590695e-06,690.46
2026-09-22,1530,DIS,bull_put,104.0,103.0,1.0,2026-09-25,3,103.91,0.42,0.4167,0.4167,1.0079193664506838,0.2746,0.47534516765285995,0.3767258382642998,0.14792899408284024,-0.0006139105848629841,-0.0006137221803164117,0.09537427094102813,-0.0004190730577650615,-6.221274287343077e-05,106.15
2026-09-22,1530,EMR,bull_put,155.0,152.5,2.5,2026-09-25,3,154.57,1.1,1.07,0.42800000000000005,1.0280373831775702,0.3266,0.4437869822485207,0.32938856015779094,0.22682445759368836,-0.00028787671199507125,-0.0002878352794702943,0.0460709172659477,-0.0002393925567007088,-9.526727437640314e-05,158.23
2026-09-22,1530,EOG,bull_put,141.0,140.0,1.0,2026-09-25,3,140.03,0.425,0.547,0.547,0.7769652650822668,0.3866,0.41222879684418146,0.514792899408284,0.07297830374753451,-0.00022596921856286954,-0.0002259436894419542,0.18589851473544328,-0.00010741413105873183,-2.6083594299858015e-06,140.35
2026-09-22,1530,FCX,bull_put,75.0,74.0,1.0,2026-09-25,3,74.3,0.6,0.5328,0.5328,1.126126126126126,0.5204,0.4240631163708087,0.45956607495069035,0.11637080867850098,0.0002864675249038204,0.00028650856064360575,0.13348122812350027,0.00016797976123328093,1.1637340546669488e-05,72.31
2026-09-22,1530,GE,bull_put,320.0,317.5,2.5,2026-09-25,3,319.54,1.15,1.2089,0.48356000000000005,0.9512780213417155,0.344,0.47534516765285995,0.4556213017751479,0.06903353057199212,-0.00017101896306392656,-0.00017100434015471233,0.15065037687313587,-9.360533967907391e-05,-4.600108509538843e-06,327.09
2026-09-22,1530,GM,bull_put,84.0,83.0,1.0,2026-09-25,3,83.47,0.485,0.5066,0.5066,0.9573628108961705,0.3639,0.3806706114398422,0.47534516765285995,0.14398422090729784,-0.0008887603864106489,-0.0008883655558770132,0.0937120574230621,-0.0006106567947384739,-9.371834384288906e-05,82.63
2026-09-22,1530,GOOGL,bull_put,355.0,352.5,2.5,2026-09-25,3,353.29,1.325,1.3186,0.52744,1.0048536326406794,0.3596,0.4280078895463511,0.4911242603550296,0.08086785009861933,-0.0001852876446708689,-0.0001852704799754079,0.1712449645545363,-9.339491990539992e-05,-3.040243655161119e-06,343.92
2026-09-22,1530,HD,bull_put,307.5,305.0,2.5,2026-09-25,3,305.475,1.32,1.3582,0.54328,0.9718745398321308,0.2922,0.36489151873767256,0.5029585798816568,0.13214990138067062,-0.000740038299199189,-0.0007397645383924178,0.1235921868747416,-0.0004512236870516482,-3.809638741789713e-05,293.2
2026-09-22,1530,HON,bull_put,212.5,210.0,2.5,2026-09-25,3,211.46,1.2,1.2116,0.48464,0.9904258831297458,0.3293,0.4714003944773176,0.3806706114398422,0.14792899408284024,0.0021208926194487415,0.0021231433030719504,0.08045701830318452,0.001538902665395695,0.00030787212568548757,212.55
2026-09-22,1530,INTC,bull_put,124.0,123.0,1.0,2026-09-25,3,122.835,0.55,0.5708,0.5708,0.9635599159074983,0.7485,0.38461538461538464,0.5897435897435898,0.02564102564102564,-0.0008457735631403991,-0.0008454159974939923,0.25189845209189843,-0.00030865835024797565,-2.002238812488134e-06,123.0
2026-09-22,1530,ISRG,bull_put,405.0,402.5,2.5,2026-09-25,3,401.935,1.95,1.3522,0.54088,1.442094364738944,0.3839,0.36489151873767256,0.5739644970414202,0.0611439842209073,-0.0014949466799226083,-0.0014938298037607822,0.20739376681136856,-0.0006516602727843447,-1.0294893914812843e-05,405.18
2026-09-22,1530,IWM,bull_put,288.0,287.5,0.5,2026-09-25,3,287.375,0.23,0.267,0.534,0.8614232209737828,0.1631,0.42011834319526625,0.5187376725838264,0.0611439842209073,-0.00042663092852917965,-0.00042653993449537353,0.2528186328739691,-0.0001551560623265195,-9.881298197302902e-07,281.97
2026-09-22,1530,JNJ,bull_put,270.0,267.5,2.5,2026-09-25,3,269.3,1.165,1.1414,0.45655999999999997,1.0206763623620116,0.2484,0.4280078895463511,0.40828402366863903,0.16370808678500987,-0.0006535042930605646,-0.0006532908056375852,0.0776197725840293,-0.0004789246497807831,-0.00010140757839718865,271.22
2026-09-22,1530,JPM,bull_put,342.5,340.0,2.5,2026-09-25,3,340.48,1.315,1.3204,0.52816,0.9959103302029687,0.2674,0.39644970414201186,0.4635108481262327,0.14003944773175542,-0.0002453836174487632,-0.0002453535133513096,0.1269557180119505,-0.00014765481375613343,-1.165532141916286e-05,343.06
2026-09-22,1530,KO,bull_put,89.0,88.0,1.0,2026-09-25,3,88.865,0.43,0.3875,0.3875,1.1096774193548387,0.1988,0.4477317554240631,0.28994082840236685,0.26232741617357,-0.0005726055648758634,-0.0005724416575956237,0.041247328864781885,-0.00048537486341284145,-0.0002127196133638752,87.81
2026-09-22,1530,LOW,bull_put,197.5,195.0,2.5,2026-09-25,3,195.855,1.15,1.3285,0.5314,0.8656379375235227,0.3147,0.34122287968441817,0.47928994082840237,0.1794871794871795,-0.000969278113119921,-0.0009688085148257253,0.06461208192971135,-0.0007481613427102353,-0.0002054858170838808,189.28
2026-09-22,1530,MA,bull_put,560.0,557.5,2.5,2026-09-25,3,558.64,1.15,1.241,0.49640000000000006,0.9266720386784849,0.2407,0.4477317554240631,0.4714003944773176,0.08086785009861933,-0.00035181743781338704,-0.00035175555731570274,0.1801228229280658,-0.00017113371383813296,-4.664537769667573e-06,567.65
2026-09-22,1530,MCD,bull_put,252.5,250.0,2.5,2026-09-25,3,251.04,1.3,1.2962,0.51848,1.0029316463508717,0.3623,0.39250493096646943,0.39644970414201186,0.21104536489151873,0.0004032375365583974,0.00040331884774280624,0.12192386772655794,0.00024765383975633784,2.1618611974444673e-05,236.5
2026-09-22,1530,MO,bull_put,69.0,67.0,2.0,2026-09-25,3,68.88,0.525,0.5319,0.26595,0.9870276367738297,0.2279,0.46745562130177515,0.1282051282051282,0.40433925049309666,-0.0008892353121343832,-0.0008888400595804535,0.1164691236921418,-0.0005578225014827416,-5.430728284019441e-05,68.82
2026-09-22,1530,MSFT,bull_put,500.0,497.5,2.5,2026-09-25,3,499.05,1.25,1.236,0.4944,1.0113268608414239,0.2787,0.4516765285996055,0.4714003944773176,0.07692307692307693,-0.00035099697035296216,-0.0003509353781228075,0.18270937540755194,-0.00016897733558640614,-4.373558976803186e-06,516.17
2026-09-22,1530,NOW,bull_put,139.0,138.0,1.0,2026-09-25,3,137.889,0.575,0.5492,0.5492,1.046977421704297,0.5845,0.38461538461538464,0.5305719921104537,0.08481262327416174,-0.0006750523733182684,-0.0006748245767259631,0.23673802731774263,-0.00026177900658075733,-2.29961131491413e-06,135.62
2026-09-22,1530,NVDA,bull_put,230.0,227.5,2.5,2026-09-25,3,229.665,1.065,1.0976,0.43904,0.970298833819242,0.3114,0.4556213017751479,0.4280078895463511,0.11637080867850098,-0.0008760772588734212,-0.0008756936152336525,0.09153718338514616,-0.0006072056566023333,-9.733161644832875e-05,225.07
2026-09-22,1530,ORCL,bull_put,152.5,150.0,2.5,2026-09-25,3,150.2,1.505,1.4715,0.5886,1.0227658851512063,0.5683,0.39644970414201186,0.49506903353057197,0.10848126232741617,0.002025242309816072,0.002027294498181842,0.12242632741449266,0.0012423401700820842,0.00010736406820883878,137.1
2026-09-22,1530,PFE,bull_put,28.0,27.5,0.5,2026-09-25,3,27.895,0.19,0.2018,0.4036,0.9415262636273538,0.2185,0.40828402366863903,0.2583826429980276,0.3333333333333333,-0.00038239510464610103,-0.00038232200095655866,0.024941917862637775,-0.0003460196331055638,-0.00021011545372246566,28.67
2026-09-22,1530,PM,bull_put,192.5,190.0,2.5,2026-09-25,3,191.34,1.6,1.2352,0.49408,1.2953367875647668,0.2991,0.40828402366863903,0.4161735700197239,0.1755424063116371,-0.00023528051162201996,-0.0002352528353330996,0.051129950879410524,-0.0001917401418209019,-6.896106084446334e-05,190.48
2026-09-22,1530,PNC,bull_put,230.0,227.5,2.5,2026-09-25,3,228.88,1.0,1.1953,0.47812,0.8366100560528738,0.2952,0.40828402366863903,0.3727810650887574,0.21893491124260356,-0.00011492242687949914,-0.00011491582355038776,0.07688922300929923,-8.449082927460583e-05,-1.8153412126510145e-05,225.64
2026-09-22,1530,QCOM,bull_put,197.5,195.0,2.5,2026-09-25,3,196.45,1.3,1.2829,0.51316,1.0133291760854315,0.6343,0.4280078895463511,0.4437869822485207,0.1282051282051282,2.765320239928818e-05,2.765358475254054e-05,0.1677699239460142,1.413530645160678e-05,4.932580530673374e-07,201.97
2026-09-22,1530,QQQ,bull_put,749.0,748.0,1.0,2026-09-25,3,747.292,0.51,0.5224,0.5224,0.9762633996937213,0.1559,0.4714003944773176,0.49506903353057197,0.03353057199211045,0.00019962976018382365,0.00019964968753050094,0.27597350579475644,6.619932359169057e-05,2.6532497842422444e-07,744.5
2026-09-22,1530,REGN,bull_put,812.5,810.0,2.5,2026-09-25,3,808.815,0.95,1.3637,0.54548,0.69663415707267,0.3149,0.4358974358974359,0.49506903353057197,0.06903353057199212,0.0003518544068681056,0.00035191631489062125,0.26325020318863357,0.0001227798105249631,6.346945172867607e-07,788.04
2026-09-22,1530,RTX,bull_put,192.5,190.0,2.5,2026-09-25,3,191.64,1.035,1.1398,0.45592,0.9080540445692227,0.2613,0.42011834319526625,0.41222879684418146,0.16765285996055226,-0.0007731445256669543,-0.0007728457264480904,0.03756363567169951,-0.0006650251824571815,-0.0003137361025681773,189.4
2026-09-22,1530,SCHW,bull_put,102.0,101.0,1.0,2026-09-25,3,101.21,0.54,0.5211,0.5211,1.0362694300518136,0.3455,0.35700197238658776,0.42011834319526625,0.22287968441814596,-0.0003587080470116885,-0.0003586437189720959,0.12102631876809211,-0.00022101359033893425,-1.964254386064472e-05,99.03
2026-09-22,1530,SPY,bull_put,775.0,774.0,1.0,2026-09-25,3,774.31,0.475,0.4844,0.4844,0.9805945499587118,0.0991,0.47928994082840237,0.4714003944773176,0.04930966469428008,-0.0002708027352312948,-0.000270766071480244,0.22665324163133582,-0.00010935968113873144,-1.1753634795792898e-06,771.35
2026-09-22,1530,TJX,bull_put,131.0,130.0,1.0,2026-09-25,3,130.71,0.475,0.477,0.477,0.9958071278825996,0.2701,0.4280078895463511,0.41222879684418146,0.15976331360946747,-0.00032737808745739996,-0.0003273245050987583,0.11743104973983054,-0.00020463498891194846,-1.9542798500046026e-05,130.06
2026-09-22,1530,TSLA,bull_put,382.5,380.0,2.5,2026-09-25,3,379.18,1.425,1.4431,0.57724,0.9874575566488809,0.4364,0.40433925049309666,0.5187376725838264,0.07692307692307693,0.00043989321503058905,0.0004399899822393749,0.21788997499040985,0.00018404716550986277,2.3570069184922324e-06,372.11
2026-09-22,1530,TXN,bull_put,272.5,270.0,2.5,2026-09-25,3,269.86,1.35,1.4061,0.5624399999999999,0.960102410923832,0.4124,0.368836291913215,0.5226824457593688,0.10848126232741617,-0.0005423212249462015,-0.000542174195370948,0.1627255737485943,-0.0002827844787953226,-1.0915388400910243e-05,278.07
2026-09-22,1530,UNH,bull_put,375.0,372.5,2.5,2026-09-25,3,373.83,1.3,1.258,0.5032,1.0333863275039745,0.3069,0.43984220907297833,0.4714003944773176,0.08875739644970414,-0.0003050589319300275,-0.00030501240618519,0.1560426993075934,-0.00016339680917897893,-7.208981422376856e-06,376.59
2026-09-22,1530,UPS,bull_put,96.0,95.0,1.0,2026-09-25,3,95.825,0.445,0.4292,0.4292,1.0368126747437092,0.2749,0.48717948717948717,0.34911242603550297,0.16370808678500987,-6.234994136956927e-05,-6.234799765236776e-05,0.07981662817380042,-4.5307158499587036e-05,-9.180966486109142e-06,93.96
2026-09-22,1530,VRTX,bull_put,520.0,517.5,2.5,2026-09-25,3,518.27,1.7,1.2751,0.5100399999999999,1.333228766371265,0.323,0.4319526627218935,0.4990138067061144,0.06903353057199212,-0.0005419458491570358,-0.0005417990230304204,0.2099372086546455,-0.0002339590948722009,-3.512760229990454e-06,526.19
2026-09-22,1530,VZ,bull_put,46.5,46.0,0.5,2026-09-25,3,46.255,0.115,0.2473,0.4946,0.46502224019409627,0.2584,0.3767258382642998,0.3806706114398422,0.24260355029585798,-0.00018295809714515433,-0.0001829413613331221,0.058206643239993916,-0.00014494278794452992,-4.5250161258316916e-05,47.08
2026-09-22,1530,WMT,bull_put,110.0,109.0,1.0,2026-09-25,3,109.915,0.43,0.4416,0.4416,0.9737318840579711,0.2725,0.5226824457593688,0.34911242603550297,0.1282051282051282,0.001890379039593021,0.0018921669324705181,0.09886101443945172,0.0012741491718661685,0.00017641049369417213,107.98
2026-09-22,1530,XOM,bull_put,160.0,157.5,2.5,2026-09-25,3,158.76,1.23,1.232,0.4928,0.9983766233766234,0.3254,0.38461538461538464,0.388560157790927,0.22682445759368836,-0.00021844193710590177,-0.0002184180804031266,0.03819408435686311,-0.00018747297257342948,-8.733514870785303e-05,160.59
2026-09-22,1545,ABBV,bull_put,267.5,265.0,2.5,2026-09-25,3,265.685,1.895,1.3099,0.52396,1.4466753187266204,0.2795,0.388560157790927,0.4635108481262327,0.14792899408284024,-0.00040506363960429986,-0.00040498161240398733,0.09486779588364724,-0.0002770977913003174,-4.155486338366172e-05,264.34
2026-09-22,1545,ACN,bull_put,187.5,185.0,2.5,2026-09-25,3,185.26,1.925,1.3942,0.5576800000000001,1.3807201262372686,0.5018,0.39644970414201186,0.43984220907297833,0.16370808678500987,0.0017001266170919432,0.0017015726517135565,0.13345870132859305,0.0009977207088975484,6.915147302542482e-05,176.11
2026-09-22,1545,ADI,bull_put,392.5,390.0,2.5,2026-09-25,3,389.235,1.9,1.368,0.5472,1.3888888888888886,0.4077,0.3767258382642998,0.5266272189349113,0.09664694280078895,-0.0007674112388303695,-0.0007671168541351081,0.21246025702456972,-0.0003279293254118632,-4.68138016437212e-06,393.6
2026-09-22,1545,ADP,bull_put,270.0,267.5,2.5,2026-09-25,3,269.84,0.9,1.1219,0.44875999999999994,0.802210535698369,0.3329,0.4714003944773176,0.3767258382642998,0.15187376725838264,-0.00010536409186595814,-0.00010535854126503263,0.12527518013718264,-6.383288468828183e-05,-5.210964111316009e-06,263.67
2026-09-22,1545,AMGN,bull_put,412.5,410.0,2.5,2026-09-25,3,409.995,1.5,1.3455,0.5382,1.1148272017837235,0.3189,0.4516765285996055,0.4635108481262327,0.08481262327416174,0.0018493914377665233,0.0018511026168288591,0.18196717130238582,0.0008939662872190145,2.3484124469451013e-05,414.61
2026-09-22,1545,AMZN,bull_put,257.5,255.0,2.5,2026-09-25,3,255.995,1.29,1.3256,0.5302399999999999,0.9731442365721183,0.3164,0.388560157790927,0.4832347140039448,0.1282051282051282,-0.0004953795450255037,-0.0004952568648373123,0.10323832347622464,-0.0003277080933823589,-4.156908672320887e-05,249.67
2026-09-22,1545,AVGO,bull_put,367.5,365.0,2.5,2026-09-25,3,365.035,1.4,1.4174,0.56696,0.987724001693241,0.3792,0.40433925049309666,0.5463510848126233,0.04930966469428008,-0.00023153340056684436,-0.0002315065987775755,0.18832120602671254,-0.00010899734819554533,-2.521614656177627e-06,352.81
2026-09-22,1545,AXP,bull_put,307.5,305.0,2.5,2026-09-25,3,306.55,1.035,1.2226,0.48904,0.84655651889416,0.2885,0.48717948717948717,0.41222879684418146,0.10059171597633136,0.0015666398194814392,0.001567867640744236,0.11685559656447131,0.0009824499473756931,9.491079657035114e-05,308.89
2026-09-22,1545,BLK,bull_put,1072.5,1070.0,2.5,2026-09-25,3,1069.28,1.05,1.3407,0.53628,0.7831729693443724,0.3044,0.4556213017751479,0.5029585798816568,0.04142011834319527,0.0002585627855943382,0.00025859621583257386,0.2838407500528588,8.308837768837828e-05,2.845318251228921e-07,1086.31
2026-09-22,1545,CAT,bull_put,810.0,807.5,2.5,2026-09-25,3,807.615,0.825,1.2886,0.51544,0.640229706658389,0.3855,0.42011834319526625,0.534516765285996,0.045364891518737675,-0.0009267582371228315,-0.000926328929339526,0.27857566379435406,-0.00030396930674800305,-1.1565176403305568e-06,821.58
2026-09-22,1545,CME,bull_put,270.0,267.5,2.5,2026-09-25,3,268.41,0.975,1.2966,0.51864,0.7519666820916242,0.2855,0.41222879684418146,0.4477317554240631,0.14003944773175542,-8.206392148216602e-05,-8.206055433068737e-05,0.0968678169870183,-5.570033572147837e-05,-8.025547046575238e-06,264.48
2026-09-22,1545,CRM,bull_put,235.0,232.5,2.5,2026-09-25,3,233.515,1.8,1.2954,0.5181600000000001,1.3895321908290874,0.4113,0.42011834319526625,0.4161735700197239,0.16370808678500987,0.0007045991527136405,0.0007048474410078498,0.12986825445536543,0.0004192671749854757,3.1222633881677454e-05,234.02
2026-09-22,1545,DE,bull_put,705.0,702.5,2.5,2026-09-25,3,700.93,1.5,1.3889,0.55556,1.0799913600691193,0.3193,0.388560157790927,0.5779092702169625,0.03353057199211045,-0.0009811995801764324,-0.0009807183612717818,0.25308089219811747,-0.0003563672342514211,-2.2576939406229e-06,690.46
2026-09-22,1545,EMR,bull_put,155.0,152.5,2.5,2026-09-25,3,154.48,1.05,1.0909,0.43635999999999997,0.9625080209001742,0.3299,0.4319526627218935,0.34122287968441817,0.22682445759368836,-0.00035443242814007375,-0.0003543696243871741,0.04444772629220384,-0.00029664899353223846,-0.00012194804264678529,158.23
2026-09-22,1545,EOG,bull_put,141.0,140.0,1.0,2026-09-25,3,139.85,0.45,0.5644,0.5644,0.7973068745570517,0.3993,0.40828402366863903,0.514792899408284,0.07692307692307693,8.436928546969556e-05,8.437284465800943e-05,0.19388208424400344,3.885035704412696e-05,8.041862215465945e-07,140.35
2026-09-22,1545,FCX,bull_put,75.0,74.0,1.0,2026-09-25,3,74.65,0.47,0.4869,0.4869,0.9652906140891353,0.5127,0.45956607495069035,0.4240631163708087,0.11637080867850098,4.902054630539186e-05,4.902174783194546e-05,0.12916959143326323,2.9241404499239083e-05,2.208235628555579e-06,72.31
2026-09-22,1545,GE,bull_put,320.0,317.5,2.5,2026-09-25,3,319.65,1.1,1.1799,0.47196,0.9322823968132894,0.3411,0.47534516765285995,0.4556213017751479,0.06903353057199212,-0.0003860739104619955,-0.00038599939351979806,0.15054486721095062,-0.000211379760685499,-1.0409917788199828e-05,327.09
2026-09-22,1545,GM,bull_put,84.0,83.0,1.0,2026-09-25,3,83.77,0.435,0.4621,0.4621,0.9413546851330881,0.3509,0.4161735700197239,0.4358974358974359,0.14792899408284024,-0.0009251811749151576,-0.0009247533267677799,0.09126887463926736,-0.0006419121970563128,-0.00010344851370833229,82.63
2026-09-22,1545,GOOGL,bull_put,355.0,352.5,2.5,2026-09-25,3,352.53,1.4,1.3943,0.55772,1.0040880728681056,0.3568,0.39644970414201186,0.514792899408284,0.08875739644970414,-0.00020582486389276143,-0.00020580368340861188,0.1760801924953208,-0.00010175845851738228,-3.0071659830024557e-06,343.92
2026-09-22,1545,HD,bull_put,307.5,305.0,2.5,2026-09-25,3,306.06,1.265,1.2735,0.5094000000000001,0.9933254809579897,0.293,0.39644970414201186,0.4714003944773176,0.13214990138067062,-0.0006425380536886124,-0.0006423316703187965,0.11935151529276289,-0.0003984965056965432,-3.662270574848326e-05,293.2
2026-09-22,1545,HON,bull_put,212.5,210.0,2.5,2026-09-25,3,211.895,1.625,1.1475,0.45899999999999996,1.4161220043572986,0.3302,0.4990138067061144,0.34122287968441817,0.15976331360946747,0.003471255886356321,0.003477287672342122,0.08406481446949488,0.0024843059568363047,0.00046241017279606046,212.55
2026-09-22,1545,INTC,bull_put,125.0,124.0,1.0,2026-09-25,3,123.21,0.575,0.5984,0.5984,0.9608957219251335,0.7514,0.3530571992110454,0.6094674556213018,0.03747534516765286,-0.0009034678725689657,-0.0009030598683527069,0.262102757871745,-0.000316517274263427,-1.6741786079582674e-06,123.0
2026-09-22,1545,ISRG,bull_put,405.0,402.5,2.5,2026-09-25,3,402.375,1.75,1.3285,0.5314,1.3172751223184043,0.3868,0.3806706114398422,0.5660749506903353,0.05325443786982249,-0.0013966703938586202,-0.0013956955036836804,0.20519931429099658,-0.0006142185944429277,-1.0138748779028954e-05,405.18
2026-09-22,1545,IWM,bull_put,289.0,288.0,1.0,2026-09-25,3,287.85,0.585,0.569,0.569,1.0281195079086116,0.1688,0.38461538461538464,0.5266272189349113,0.08875739644970414,-0.00024836845441487,-0.00024833761352360817,0.17552361760331603,-0.00012306278777163642,-3.6774601701524766e-06,281.97
2026-09-22,1545,JNJ,bull_put,270.0,267.5,2.5,2026-09-25,3,269.39,1.28,1.1204,0.44816,1.1424491253123883,0.2458,0.4358974358974359,0.39644970414201186,0.16765285996055226,-0.0006163095617841225,-0.0006161196820564374,0.07757100799578853,-0.00045176277217355706,-9.574965661764014e-05,271.22
2026-09-22,1545,KO,bull_put,89.0,88.0,1.0,2026-09-25,3,88.93,0.4,0.3801,0.3801,1.0523546435148645,0.1938,0.45956607495069035,0.27416173570019725,0.26627218934911245,-0.00046164831293508,-0.0004615417697484414,0.04708402098654374,-0.0003823117879674491,-0.00014909088028868518,87.81
2026-09-22,1545,LOW,bull_put,197.5,195.0,2.5,2026-09-25,3,196.21,1.175,1.2573,0.50292,0.9345422731249503,0.3115,0.36489151873767256,0.4516765285996055,0.1834319526627219,-0.0008662667050911474,-0.0008658916044091969,0.06071197391929184,-0.0006791974203593119,-0.000201677998470427,189.28
2026-09-22,1545,MA,bull_put,560.0,557.5,2.5,2026-09-25,3,557.585,1.35,1.3431,0.5372399999999999,1.0051373687737326,0.2393,0.40828402366863903,0.5108481262327417,0.08086785009861933,-0.0004215357693248467,-0.0004214469356050854,0.18344964776749806,-0.0002023290402458984,-5.159823270073952e-06,567.65
2026-09-22,1545,MCD,bull_put,252.5,250.0,2.5,2026-09-25,3,251.1725,1.085,1.2993,0.51972,0.8350650350188563,0.3606,0.40433925049309666,0.388560157790927,0.20710059171597633,0.0013968296933934803,0.0013978057143817502,0.11996239030874034,0.0008650690911683396,7.853634974987004e-05,236.5
2026-09-22,1545,MO,bull_put,69.0,68.0,1.0,2026-09-25,3,68.86,0.435,0.381,0.381,1.141732283464567,0.2343,0.4635108481262327,0.2938856015779093,0.24260355029585798,-0.0005762861971951236,-0.0005761201761980139,0.034864718441301346,-0.0005011259187827307,-0.00024952597938817934,68.82
2026-09-22,1545,MRK,bull_put,152.5,150.0,2.5,2026-09-25,3,151.36,1.21,1.274,0.5096,0.9497645211930926,0.3076,0.3530571992110454,0.4556213017751479,0.1913214990138067,-0.0009292783343933632,-0.0009288466889986191,0.022554505640287825,-0.0008487168958075961,-0.0005405761752004002,148.78
2026-09-22,1545,MSFT,bull_put,500.0,497.5,2.5,2026-09-25,3,498.85,1.075,1.242,0.4968,0.8655394524959742,0.273,0.4437869822485207,0.47928994082840237,0.07692307692307693,-0.0004619776678239807,-0.0004618709725721093,0.18046628434945533,-0.00022439781455266708,-6.074470029883444e-06,516.17
2026-09-22,1545,NOW,bull_put,139.0,138.0,1.0,2026-09-25,3,137.7,0.55,0.5639,0.5639,0.9753502394041498,0.5874,0.3806706114398422,0.534516765285996,0.08481262327416174,-0.0004813559093846502,-0.00048124007621530573,0.23984111975385192,-0.00018438054210606188,-1.5222346054708517e-06,135.62
2026-09-22,1545,NVDA,bull_put,230.0,227.5,2.5,2026-09-25,3,229.225,1.15,1.1619,0.46475999999999995,0.9897581547465358,0.3094,0.4280078895463511,0.4437869822485207,0.1282051282051282,-0.00084420714978945,-0.0008438509071881928,0.0847435518840014,-0.0006012444683958952,-0.00011040225766791949,225.07
2026-09-22,1545,ORCL,bull_put,150.0,149.0,1.0,2026-09-25,3,149.395,0.535,0.535,0.535,1.0,0.5489,0.4714003944773176,0.48717948717948717,0.04142011834319527,0.0013778225043950473,0.0013787721379139306,0.23360908610009723,0.000541591638275562,5.064880583124699e-06,137.1
2026-09-22,1545,PEP,bull_put,132.0,131.0,1.0,2026-09-25,3,131.29,0.5,0.5326,0.5326,0.938790837401427,0.2234,0.34516765285996054,0.4911242603550296,0.16370808678500987,-0.0010250356812306054,-0.0010245105116112319,0.09182393196686589,-0.0007095808900189804,-0.00011309134564033076,128.63
2026-09-22,1545,PFE,bull_put,28.0,27.5,0.5,2026-09-25,3,27.9225,0.18,0.1898,0.3796,0.9483667017913593,0.2197,0.4280078895463511,0.2504930966469428,0.3214990138067061,-0.0005312297873906542,-0.0005310887098297634,0.033193867800834775,-0.0004650540325698083,-0.00023943362579708624,28.67
2026-09-22,1545,PM,bull_put,192.5,190.0,2.5,2026-09-25,3,191.675,0.975,1.1722,0.46887999999999996,0.8317693226411875,0.3015,0.4280078895463511,0.388560157790927,0.1834319526627219,-0.00025073907475822504,-0.0002507076423435839,0.05424829807541376,-0.00020180346866861368,-6.819207357870067e-05,190.48
2026-09-22,1545,PNC,bull_put,230.0,227.5,2.5,2026-09-25,3,229.055,1.0,1.1559,0.46236,0.8651267410675665,0.2948,0.4280078895463511,0.36489151873767256,0.20710059171597633,-0.00014727533988849548,-0.00014726449540802822,0.0778514297099282,-0.00010785896991381851,-2.273250742971103e-05,225.64
2026-09-22,1545,PYPL,bull_put,53.0,52.0,1.0,2026-09-25,3,52.9421,0.43,0.4471,0.4471,0.9617535227018564,0.4197,0.5305719921104537,0.25443786982248523,0.21499013806706113,0.01929582290931732,0.01948319049712377,0.059706928095419,0.015343997506608326,0.004648691553846878,55.04
2026-09-22,1545,QCOM,bull_put,200.0,197.5,2.5,2026-09-25,3,197.605,1.275,1.4175,0.567,0.8994708994708994,0.6189,0.3609467455621302,0.5029585798816568,0.13609467455621302,-0.000359095948984714,-0.00035903148175131516,0.17322259903894666,-0.0001795618436371972,-5.618516722049219e-06,201.97
2026-09-22,1545,QQQ,bull_put,749.0,748.0,1.0,2026-09-25,3,747.61,0.5,0.51,0.51,0.9803921568627451,0.1573,0.4911242603550296,0.48717948717948717,0.021696252465483234,0.00028255907080342903,0.0002825989943777696,0.2749717601060554,9.407966010881161e-05,3.846992838652969e-07,744.5
2026-09-22,1545,RTX,bull_put,192.5,190.0,2.5,2026-09-25,3,191.60000000000002,1.13,1.1325,0.453,0.9977924944812361,0.261,0.42011834319526625,0.4161735700197239,0.16370808678500987,-0.000858510451807955,-0.0008581420371468473,0.03764529567396768,-0.0007381805538206253,-0.0003476800061065964,189.4
2026-09-22,1545,SBUX,bull_put,96.0,95.0,1.0,2026-09-25,3,95.45,0.49,0.5049,0.5049,0.9704892057833234,0.2891,0.42011834319526625,0.4319526627218935,0.14792899408284024,-7.862609070784926e-05,-7.862299975780473e-05,0.08009422829312562,-5.707050088810087e-05,-1.1500641257998665e-05,94.86
2026-09-22,1545,SCHW,bull_put,101.0,100.0,1.0,2026-09-25,3,100.9,0.44,0.4357,0.4357,1.0098691760385587,0.353,0.5029585798816568,0.3214990138067061,0.1755424063116371,0.0017423971245476393,0.0017439159804393256,0.12467905874432561,0.0010590972697791603,8.749581967601073e-05,99.03
2026-09-22,1545,SPY,bull_put,776.0,775.0,1.0,2026-09-25,3,774.54,0.515,0.5353,0.5353,0.9620773398094526,0.0997,0.4477317554240631,0.4990138067061144,0.05325443786982249,0.00012838284055943956,0.00012839108198892113,0.2336865772940101,5.041731283651647e-05,4.707646830709208e-07,771.35
2026-09-22,1545,TJX,bull_put,131.0,130.0,1.0,2026-09-25,3,130.845,0.45,0.4647,0.4647,0.9683666881859264,0.2706,0.4319526627218935,0.39250493096646943,0.1755424063116371,-0.0003269575450468858,-0.00032690410025359995,0.12013686758949482,-0.00020217211440698316,-1.8290504297705885e-05,130.06
2026-09-22,1545,TSLA,bull_put,382.5,380.0,2.5,2026-09-25,3,379.885,1.375,1.3921,0.55684,0.9877163996839309,0.4315,0.4280078895463511,0.5029585798816568,0.06903353057199212,0.000517679371962539,0.0005178133910539451,0.21092721281148707,0.00022271792872067774,3.2784207275706962e-06,372.11
2026-09-22,1545,TXN,bull_put,272.5,270.0,2.5,2026-09-25,3,270.48,1.275,1.327,0.5307999999999999,0.9608138658628484,0.4141,0.38461538461538464,0.514792899408284,0.10059171597633136,-0.0008471642336614913,-0.0008468054913537415,0.15711982069303143,-0.00045168802949278934,-1.950352712535561e-05,278.07
2026-09-22,1545,UNH,bull_put,375.0,372.5,2.5,2026-09-25,3,373.905,1.325,1.2507,0.50028,1.0594067322299512,0.3024,0.43984220907297833,0.4714003944773176,0.08875739644970414,-0.0003562766185121113,-0.0003562131595341578,0.15368565936302192,-0.00019263297162487526,-8.909102346738988e-06,376.59
2026-09-22,1545,UPS,bull_put,96.0,95.0,1.0,2026-09-25,3,95.875,0.525,0.4304,0.4304,1.2197955390334574,0.2726,0.4911242603550296,0.34122287968441817,0.16765285996055226,7.053880944622379e-05,7.054129736649983e-05,0.08049463776409893,5.112224705146041e-05,1.0219799950071338e-05,93.96
2026-09-22,1545,VRTX,bull_put,520.0,517.5,2.5,2026-09-25,3,518.1,1.7,1.2824,0.51296,1.3256394260761073,0.3252,0.4280078895463511,0.5069033530571992,0.0650887573964497,-0.0006102600770440635,-0.0006100739062360194,0.21123786908885323,-0.0002620744519750858,-3.8338566296233925e-06,526.19
2026-09-22,1545,VZ,bull_put,46.5,46.0,0.5,2026-09-25,3,46.335,0.23,0.232,0.464,0.9913793103448276,0.2786,0.4280078895463511,0.368836291913215,0.20315581854043394,-0.00015422469432962776,-0.0001542128023127587,0.0712048213324794,-0.00011599118495255885,-2.79220798909459e-05,47.08
2026-09-22,1545,XOM,bull_put,160.0,157.5,2.5,2026-09-25,3,158.79,1.285,1.2179,0.48716,1.0550948353723621,0.3301,0.38461538461538464,0.388560157790927,0.22682445759368836,-0.0003256401253721561,-0.00032558711038133126,0.04107758303289022,-0.00027625371865399776,-0.00012148223684361118,160.59
2026-09-23,1530,AAPL,bull_put,337.5,335.0,2.5,2026-09-25,2,336.34000000000003,1.155,1.2265,0.4906,0.9417040358744395,0.27,0.4161735700197239,0.39644970414201186,0.1873767258382643,-3.006869533695236e-05,-3.0068243278225104e-05,0.08925504394534056,-2.1040505188380653e-05,-3.5301787940287145e-06,341.07
2026-09-23,1530,ABT,bull_put,103.0,102.0,1.0,2026-09-25,2,102.93,0.475,0.4202,0.4202,1.1304140885292717,0.2967,0.4714003944773176,0.3214990138067061,0.20710059171597633,-0.00011233725701309798,-0.00011233094741969207,0.07777000592114591,-8.229985766258337e-05,-1.7373903121562982e-05,101.29
2026-09-23,1530,ACN,bull_put,185.0,182.5,2.5,2026-09-25,2,184.78,0.875,1.1418,0.45671999999999996,0.766333858819408,0.4803,0.46745562130177515,0.3175542406311637,0.21499013806706113,0.0025986272841560867,0.0026020066426342137,0.09200177544636667,0.0018008807147214462,0.0002860010840656312,176.11
2026-09-23,1530,ADI,bull_put,385.0,382.5,2.5,2026-09-25,2,384.225,1.3,1.2061,0.48244,1.0778542409418788,0.4411,0.43984220907297833,0.4319526627218935,0.1282051282051282,-0.0003038065765722294,-0.0003037604320274001,0.18375799429650674,-0.00014565012782201102,-3.691553879884098e-06,393.6
2026-09-23,1530,AMGN,bull_put,410.0,407.5,2.5,2026-09-25,2,408.8554,1.885,1.2657,0.5062800000000001,1.4892944615627715,0.3505,0.4280078895463511,0.4477317554240631,0.1242603550295858,-0.0001332428768012926,-0.0001332340003634691,0.15899932374402181,-7.053504570775014e-05,-2.933285757530978e-06,414.61
2026-09-23,1530,AVGO,bull_put,355.0,352.5,2.5,2026-09-25,2,354.54,0.945,1.195,0.47800000000000004,0.7907949790794978,0.36,0.45956607495069035,0.45956607495069035,0.08086785009861933,-0.00046374677823932727,-0.0004636392643225795,0.14363937225166246,-0.0002610075445612513,-1.4757654070637611e-05,352.81
2026-09-23,1530,AXP,bull_put,302.5,300.0,2.5,2026-09-25,2,301.765,1.1,1.1485,0.45940000000000003,0.957771005659556,0.2755,0.4477317554240631,0.3609467455621302,0.1913214990138067,1.735755632222306e-05,1.735770696553729e-05,0.0785682223111932,1.2676675423108246e-05,2.6337252209126326e-06,308.89
2026-09-23,1530,BA,bull_put,200.0,197.5,2.5,2026-09-25,2,199.44,1.155,1.1825,0.47300000000000003,0.9767441860465116,0.3804,0.4477317554240631,0.3727810650887574,0.1794871794871795,0.00026875973375142283,0.0002687958528844181,0.06270395061265632,0.00020916771155804457,5.968360535820353e-05,198.07
2026-09-23,1530,CAT,bull_put,815.0,812.5,2.5,2026-09-25,2,811.135,1.4,1.3668,0.54672,1.0242903131401813,0.3923,0.4280078895463511,0.534516765285996,0.03747534516765286,-0.00024057525802613066,-0.00024054632211922833,0.26580330288481147,-8.307131593670505e-05,-4.0804958068604795e-07,821.58
2026-09-23,1530,CME,bull_put,272.5,270.0,2.5,2026-09-25,2,272.26,0.8,1.0807,0.43228,0.7402609419820487,0.2947,0.514792899408284,0.32938856015779094,0.15581854043392504,0.001522300914123132,0.001523460202346838,0.08175913109944055,0.0010985022621940357,0.00021411651493775344,264.48
2026-09-23,1530,CRM,bull_put,240.0,237.5,2.5,2026-09-25,2,238.99,1.28,1.2326,0.49304,1.038455297744605,0.4325,0.4556213017751479,0.4319526627218935,0.11242603550295859,5.355584562568606e-05,5.3557279765525934e-05,0.10884431859698052,3.465265882991841e-05,3.929405274007517e-06,234.02
2026-09-23,1530,CSCO,bull_put,107.0,106.0,1.0,2026-09-25,2,106.425,0.48,0.5084,0.5084,0.944138473642801,0.3269,0.40039447731755423,0.4516765285996055,0.14792899408284024,-0.00041998965813055955,-0.0004199014748198504,0.08232376787316653,-0.00030209001277255767,-5.8221207071622934e-05,106.7
2026-09-23,1530,CSX,bull_put,47.5,47.0,0.5,2026-09-25,2,47.305,0.225,0.2366,0.4732,0.9509721048182587,0.3083,0.3806706114398422,0.34911242603550297,0.2702169625246548,-0.00024207865663871016,-0.0002420493579649019,0.05788263896819501,-0.0001920222225964285,-6.033777318886687e-05,46.78
2026-09-23,1530,DE,bull_put,710.0,707.5,2.5,2026-09-25,2,706.42,1.7,1.3828,0.5531200000000001,1.2293896442001735,0.3581,0.3806706114398422,0.5581854043392505,0.0611439842209073,-0.0009271698589322971,-0.0009267401697672373,0.24219643420929549,-0.0003517383227733911,-2.770308854326657e-06,690.46
2026-09-23,1530,DIS,bull_put,104.0,103.0,1.0,2026-09-25,2,103.41499999999999,0.62,0.5127,0.5127,1.209284181782719,0.3049,0.368836291913215,0.4516765285996055,0.1794871794871795,-0.000679158222368156,-0.0006789276466246941,0.0694621184572275,-0.0005142276618726792,-0.00012817848672929278,106.15
2026-09-23,1530,EMR,bull_put,155.0,152.5,2.5,2026-09-25,2,154.57,0.975,1.0416,0.41664,0.9360599078341013,0.332,0.4556213017751479,0.33727810650887574,0.20710059171597633,-0.0004433936049787436,-0.0004432953205610879,0.031133047154581872,-0.0003913898011083744,-0.0002099864603397521,158.23
2026-09-23,1530,EOG,bull_put,142.0,141.0,1.0,2026-09-25,2,141.65,0.575,0.4966,0.4966,1.1578735400724929,0.3926,0.47928994082840237,0.388560157790927,0.13214990138067062,0.0040670553812529875,0.004075337074552321,0.15443656463070154,0.002197251371014192,0.00010010615658732685,140.35
2026-09-23,1530,F,bull_put,13.0,12.5,0.5,2026-09-25,2,12.984,0.135,0.1261,0.2522,1.0705789056304522,0.3597,0.4240631163708087,0.09270216962524655,0.4832347140039448,-0.0011078797847043232,-0.001107266312467714,0.1376486123081262,-0.0006384574456522191,-4.069408620146451e-05,12.71
2026-09-23,1530,FCX,bull_put,73.0,72.0,1.0,2026-09-25,2,72.59,0.7,0.4932,0.4932,1.4193025141930249,0.5268,0.4516765285996055,0.42011834319526625,0.1282051282051282,0.00018505318770306763,0.00018507031110037708,0.09758655234312186,0.0001252597527878721,1.7790392362121835e-05,72.31
2026-09-23,1530,GE,bull_put,320.0,317.5,2.5,2026-09-25,2,319.69,1.13,1.1434,0.45736,0.9882805667308028,0.3563,0.4911242603550296,0.40828402366863903,0.10059171597633136,-6.0409813910726126e-05,-6.0407989274646745e-05,0.12887622134937116,-3.60755908734808e-05,-2.740367557750244e-06,327.09
2026-09-23,1530,GOOGL,bull_put,340.0,337.5,2.5,2026-09-25,2,339.025,1.245,1.2567,0.50268,0.9906899021246123,0.3694,0.4319526627218935,0.4556213017751479,0.11242603550295859,-0.00023498373675178482,-0.00023495613023594153,0.13821327917752768,-0.0001351716835074711,-8.518839448595846e-06,343.92
2026-09-23,1530,HON,bull_put,212.5,210.0,2.5,2026-09-25,2,212.37,1.625,1.0357,0.41428000000000004,1.5689871584435646,0.3339,0.43984220907297833,0.28994082840236685,0.2702169625246548,-0.00020969902292420186,-0.0002096770376208701,0.07027156554325953,-0.00015829844894613268,-3.882447542912888e-05,212.55
2026-09-23,1530,IBM,bull_put,235.0,232.5,2.5,2026-09-25,2,233.58,1.325,1.3305,0.5322,0.9958662157083803,0.3857,0.4280078895463511,0.4556213017751479,0.11637080867850098,0.00048693596994476597,0.00048705454250908,0.08746378598293458,0.0003432712564728007,5.9694820041466706e-05,225.51
2026-09-23,1530,INTC,bull_put,123.0,122.0,1.0,2026-09-25,2,121.6301,0.59,0.5715,0.5715,1.0323709536307961,0.7523,0.36489151873767256,0.5897435897435898,0.045364891518737675,-0.0010926496575667253,-0.0010920529332862916,0.23296848919950774,-0.00043006685443698427,-4.073778259203193e-06,123.0
2026-09-23,1530,ISRG,bull_put,400.0,397.5,2.5,2026-09-25,2,397.165,1.9,1.391,0.5564,1.3659237958303379,0.4085,0.3530571992110454,0.5779092702169625,0.06903353057199212,-0.001407387220117834,-0.0014063973151717812,0.18640046868083404,-0.0006672633150489297,-1.6041439929604418e-05,405.18
2026-09-23,1530,IWM,bull_put,283.0,282.0,1.0,2026-09-25,2,282.5,0.465,0.4845,0.4845,0.9597523219814242,0.1856,0.4319526627218935,0.47534516765285995,0.09270216962524655,-0.0007644473375521179,-0.0007641552221265835,0.1477825505951892,-0.00042311361504657376,-2.202084984029033e-05,281.97
2026-09-23,1530,JNJ,bull_put,270.0,267.5,2.5,2026-09-25,2,268.7,1.155,1.2414,0.49656,0.930401159980667,0.2597,0.3727810650887574,0.4161735700197239,0.21104536489151873,-0.0005382536114950289,-0.0005381087790066186,0.051701526525366415,-0.00043757784661298846,-0.00015558996145262843,271.22
2026-09-23,1530,KO,bull_put,88.0,87.0,1.0,2026-09-25,2,87.805,0.425,0.4082,0.4082,1.041156295933366,0.2212,0.39250493096646943,0.2583826429980276,0.34911242603550297,-0.0004407480411199225,-0.00044065092597034283,0.0266986312241706,-0.00039601753319549137,-0.00023217371465374646,87.81
2026-09-23,1530,LOW,bull_put,192.5,190.0,2.5,2026-09-25,2,191.645,1.175,1.2371,0.49484000000000006,0.9498019561878587,0.3383,0.388560157790927,0.368836291913215,0.24260355029585798,5.839569420846083e-05,5.839739927027132e-05,0.03872396428143232,5.001762776892128e-05,2.305531233710479e-05,189.28
2026-09-23,1530,MA,bull_put,560.0,557.5,2.5,2026-09-25,2,559.19,1.1,1.1732,0.46928000000000003,0.9376065461984316,0.2556,0.46745562130177515,0.43984220907297833,0.09270216962524655,-0.00035900859248361,-0.00035894415661008594,0.16030671335622448,-0.00018903647206768568,-7.658420054091755e-06,567.65
2026-09-23,1530,MCD,bull_put,237.5,235.0,2.5,2026-09-25,2,237.385,1.02,1.0246,0.40984,0.9955104430997463,0.282,0.48717948717948717,0.24260355029585798,0.2702169625246548,0.0030117119008030296,0.003016251661429381,0.06568176050292607,0.002319352024242815,0.0006235368814742352,236.5
2026-09-23,1530,MRK,bull_put,148.0,147.0,1.0,2026-09-25,2,147.87,0.775,0.4598,0.4598,1.685515441496303,0.3203,0.4319526627218935,0.4556213017751479,0.11242603550295859,-0.0010017658991109744,-0.0010012642991619192,0.13447676900041627,-0.0005847074891238758,-3.970893890093914e-05,148.78
2026-09-23,1530,MSFT,bull_put,502.5,500.0,2.5,2026-09-25,2,500.315,1.4,1.3634,0.54536,1.0268446530731994,0.3001,0.39250493096646943,0.5069033530571992,0.10059171597633136,-0.0004143004993214629,-0.0004142146887204934,0.16938946505082886,-0.00021036130471516266,-7.1066946623878695e-06,516.17
2026-09-23,1530,NFLX,bull_put,72.0,71.0,1.0,2026-09-25,2,71.555,0.5,0.5056,0.5056,0.9889240506329113,0.336,0.40433925049309666,0.34516765285996054,0.2504930966469428,0.0030479149591909477,0.0030525645746675156,0.026618244492867094,0.0027442535398225455,0.00161146582263751,71.14
2026-09-23,1530,NOW,bull_put,142.0,141.0,1.0,2026-09-25,2,140.83,0.57,0.5567,0.5567,1.023890784982935,0.5982,0.39644970414201186,0.5384615384615384,0.0650887573964497,-0.00046407128035811946,-0.00046396361593681323,0.21945534944296274,-0.0001928638958823892,-2.3937896758841154e-06,135.62
2026-09-23,1530,ORCL,bull_put,146.0,145.0,1.0,2026-09-25,2,145.26,0.54,0.5289,0.5289,1.0209869540555871,0.5443,0.40828402366863903,0.5424063116370809,0.04930966469428008,-0.0008931350974658607,-0.0008927363710290459,0.20545959512713918,-0.0003924671892928953,-6.444719008225329e-06,137.1
2026-09-23,1530,PEP,bull_put,130.0,129.0,1.0,2026-09-25,2,129.65,0.59,0.4819,0.4819,1.2243203984229092,0.2286,0.41222879684418146,0.41222879684418146,0.1755424063116371,-0.0003878359953419846,-0.00038776079668423336,0.059451076658609825,-0.00030569391986615813,-9.308963128806436e-05,128.63
2026-09-23,1530,PG,bull_put,148.0,147.0,1.0,2026-09-25,2,147.68,0.46,0.4659,0.4659,0.9873363382700151,0.2159,0.40433925049309666,0.42011834319526625,0.1755424063116371,-0.0008226513336449456,-0.0008223130488064223,0.0723240270366563,-0.0006157401575443143,-0.00014494357251919622,146.23
2026-09-23,1530,PM,bull_put,190.0,187.5,2.5,2026-09-25,2,189.36,1.1,1.1135,0.44539999999999996,0.9878760664571173,0.3112,0.4437869822485207,0.3333333333333333,0.22287968441814596,-1.9819757196631264e-05,-1.981956078656033e-05,0.03531693806603098,-1.720846848236803e-05,-8.491476154168127e-06,190.48
2026-09-23,1530,PYPL,bull_put,53.0,52.0,1.0,2026-09-25,2,52.675,0.53,0.4869,0.4869,1.088519203121791,0.4056,0.368836291913215,0.2978303747534517,0.3333333333333333,0.001511040718920026,0.0015121829161768297,0.01882567279366243,0.001402493264030777,0.0009624608390972081,55.04
2026-09-23,1530,QCOM,bull_put,200.0,197.5,2.5,2026-09-25,2,197.6,1.45,1.4325,0.5730000000000001,1.0122164048865618,0.5925,0.3175542406311637,0.534516765285996,0.14792899408284024,-0.001139086510178227,-0.001138437997400099,0.13922386298264444,-0.000652308084255051,-4.028743817454708e-05,201.97
2026-09-23,1530,QQQ,bull_put,742.0,741.0,1.0,2026-09-25,2,740.94,0.465,0.49,0.49,0.9489795918367347,0.1782,0.47534516765285995,0.47928994082840237,0.045364891518737675,-0.0002806792053064054,-0.0002806398185833947,0.26532627945709064,-9.710248284175661e-05,-4.815435312618263e-07,744.5
2026-09-23,1530,REGN,bull_put,805.0,802.5,2.5,2026-09-25,2,802.88,1.05,1.2958,0.51832,0.8103102330606575,0.3228,0.4477317554240631,0.5029585798816568,0.04930966469428008,-0.0002627459553238131,-0.00026271144062817164,0.23871944583028315,-0.0001011069090622834,-8.536701047575946e-07,788.04
2026-09-23,1530,SBUX,bull_put,94.0,93.0,1.0,2026-09-25,2,93.52,0.625,0.5057,0.5057,1.2359106189440379,0.332,0.39250493096646943,0.4358974358974359,0.17159763313609466,-0.00038574511596091345,-0.0003856707258791392,0.0650419905940618,-0.00029732208166960986,-8.096169887089781e-05,94.86
2026-09-23,1530,SCHW,bull_put,100.0,99.0,1.0,2026-09-25,2,99.9,0.42,0.4292,0.4292,0.9785647716682199,0.325,0.5108481262327417,0.2978303747534517,0.1913214990138067,0.003273238656356668,0.0032786015517565215,0.08369541770725242,0.002345820665121368,0.0004398713198781653,99.03
2026-09-23,1530,SPY,bull_put,769.0,768.0,1.0,2026-09-25,2,767.73,0.47,0.5178,0.5178,0.9076863653920432,0.1149,0.4635108481262327,0.4832347140039448,0.05325443786982249,0.00010331953155410384,0.00010332486920083817,0.22455226101942038,4.208406015797811e-05,4.7171694316564155e-07,771.35
2026-09-23,1530,T,bull_put,25.5,25.0,0.5,2026-09-25,2,25.445,0.175,0.1773,0.3546,0.9870276367738295,0.2986,0.4516765285996055,0.1992110453648915,0.34911242603550297,-0.00031468986072502635,-0.0003146403510643214,0.03938998442793418,-0.00026877384636775733,-0.00012225030431273153,25.38
2026-09-23,1530,TSLA,bull_put,382.5,380.0,2.5,2026-09-25,2,379.74,1.425,1.4123,0.5649200000000001,1.0089924237060115,0.4371,0.4280078895463511,0.5069033530571992,0.0650887573964497,0.0009786927412823408,0.0009791718173000064,0.18888266162156508,0.00045997699782540977,1.0522578176273985e-05,372.11
2026-09-23,1530,TXN,bull_put,272.5,270.0,2.5,2026-09-25,2,271.975,1.145,1.1574,0.46296,0.9892863314325212,0.4398,0.45956607495069035,0.4280078895463511,0.11242603550295859,-0.000434440175372427,-0.00043434581990386967,0.13441698055543294,-0.0002537052384607833,-1.7250368464885393e-05,278.07
2026-09-23,1530,USB,bull_put,59.0,58.0,1.0,2026-09-25,2,58.715,0.525,0.416,0.416,1.2620192307692308,0.2781,0.34911242603550297,0.2504930966469428,0.40039447731755423,-0.0006158513123481861,-0.000615661714852056,0.010980154021861921,-0.0005892066861678836,-0.0004730371619809854,59.33
2026-09-23,1530,V,bull_put,362.5,360.0,2.5,2026-09-25,2,361.11,1.26,1.2367,0.49467999999999995,1.018840462521226,0.2158,0.388560157790927,0.4516765285996055,0.15976331360946747,-0.0007710329055535441,-0.0007707357360635658,0.06888030169604797,-0.000585124329226946,-0.00014755755739969968,367.38
2026-09-23,1530,VRTX,bull_put,517.5,515.0,2.5,2026-09-25,2,514.6,1.25,1.3655,0.5462,0.9154155986818016,0.3239,0.3806706114398422,0.534516765285996,0.08481262327416174,-0.0008176228592345911,-0.0008172886967438009,0.18995265012153761,-0.00038229088349287123,-8.560244831137032e-06,526.19
2026-09-23,1545,AAPL,bull_put,337.5,335.0,2.5,2026-09-25,2,336.46,1.185,1.2036,0.48144,0.9845463609172483,0.2683,0.4358974358974359,0.368836291913215,0.1952662721893491,0.0005587250181541565,0.0005588811340511146,0.09000346048215713,0.000389912739133533,6.444768172679789e-05,341.07
2026-09-23,1545,ACN,bull_put,185.0,182.5,2.5,2026-09-25,2,184.53,1.05,1.1718,0.46871999999999997,0.896057347670251,0.4935,0.45956607495069035,0.3333333333333333,0.20710059171597633,0.0025830802260966776,0.002586419252195604,0.09241596175057509,0.0017871292187966238,0.0002814758315648004,176.11
2026-09-23,1545,ADI,bull_put,385.0,382.5,2.5,2026-09-25,2,383.57,1.2,1.2684,0.50736,0.9460737937559129,0.4314,0.4240631163708087,0.4635108481262327,0.11242603550295859,-0.0003134351434654825,-0.0003133860278025091,0.1804644393084368,-0.00015225823427877333,-4.121796874590055e-06,393.6
2026-09-23,1545,ADP,bull_put,265.0,262.5,2.5,2026-09-25,2,264.41,1.225,1.2247,0.48988,1.0002449579488857,0.3387,0.4319526627218935,0.3530571992110454,0.21499013806706113,0.0021973735672610947,0.0021997895618481866,0.08746657076227282,0.0015503728013858496,0.00026959458210091885,263.67
2026-09-23,1545,AMGN,bull_put,410.0,407.5,2.5,2026-09-25,2,408.025,1.65,1.364,0.5456000000000001,1.2096774193548385,0.3628,0.39250493096646943,0.48717948717948717,0.1203155818540434,-0.00021156324947601939,-0.00021154087154995338,0.16654603738467788,-0.00010866112303446961,-3.885739560179763e-06,414.61
2026-09-23,1545,AMZN,bull_put,250.0,247.5,2.5,2026-09-25,2,249.44,1.155,1.1558,0.46231999999999995,0.9993078387264234,0.3276,0.45956607495069035,0.42011834319526625,0.1203155818540434,-0.0003720241096246465,-0.0003719549172362946,0.07664871880168156,-0.0002737397346678219,-5.9098373652526965e-05,249.67
2026-09-23,1545,AVGO,bull_put,357.5,355.0,2.5,2026-09-25,2,355.19,0.925,1.3968,0.55872,0.6622279495990836,0.3664,0.40828402366863903,0.5266272189349113,0.0650887573964497,-0.00015580630129468243,-0.00015579416412325742,0.15185056695690746,-8.487108069369251e-05,-4.071950277243425e-06,352.81
2026-09-23,1545,AXP,bull_put,302.5,300.0,2.5,2026-09-25,2,301.970525,1.115,1.119,0.4476,0.9964253798033958,0.2722,0.4477317554240631,0.34122287968441817,0.21104536489151873,-1.6422183732593687e-05,-1.6422048889297436e-05,0.07974875361082323,-1.1936845318814508e-05,-2.422148096634028e-06,308.89
2026-09-23,1545,BA,bull_put,200.0,197.5,2.5,2026-09-25,2,199.665,1.115,1.133,0.4532,0.9841129744042365,0.3602,0.45956607495069035,0.3530571992110454,0.1873767258382643,0.00010378177318685726,0.00010378715870129618,0.06148161883220671,8.11594530531458e-05,2.373102821291112e-05,198.07
2026-09-23,1545,BAC,bull_put,56.0,55.0,1.0,2026-09-25,2,55.965,0.34,0.3281,0.3281,1.0362694300518136,0.2575,0.5266272189349113,0.1952662721893491,0.2781065088757396,-0.0001095653084078373,-0.00010955930634859445,0.06440496099317716,-8.467718214109251e-05,-2.3353501949457437e-05,56.7
2026-09-23,1545,BLK,bull_put,1067.5,1065.0,2.5,2026-09-25,2,1063.01,1.9,1.4374,0.57496,1.3218310839014886,0.3431,0.41222879684418146,0.534516765285996,0.05325443786982249,0.0002081439118504693,0.00020816557529745872,0.2802167363964624,6.786136353658382e-05,2.4985666253750985e-07,1086.31
2026-09-23,1545,CAT,bull_put,817.5,815.0,2.5,2026-09-25,2,814.405,1.25,1.3299,0.53196,0.9399202947590044,0.4034,0.4358974358974359,0.5305719921104537,0.03353057199211045,-0.00040609217910340077,-0.0004060097348348446,0.2661111498029849,-0.00014004062198086289,-6.836628046761828e-07,821.58
2026-09-23,1545,CL,bull_put,86.0,85.0,1.0,2026-09-25,2,85.86,0.6,0.4211,0.4211,1.4248397055331277,0.299,0.4240631163708087,0.28205128205128205,0.2938856015779093,-0.00016199913467372694,-0.00016198601352246378,0.0533867081842454,-0.0001308384246719321,-4.4980497133898866e-05,86.06
2026-09-23,1545,CME,bull_put,272.5,270.0,2.5,2026-09-25,2,271.79,1.1,1.1553,0.46212,0.9521336449407081,0.3087,0.47534516765285995,0.34122287968441817,0.1834319526627219,0.0021116838716752385,0.002113915046297654,0.08025856769456952,0.0015334305724425592,0.00030799740410800385,264.48
2026-09-23,1545,CRM,bull_put,240.0,237.5,2.5,2026-09-25,2,238.82,1.155,1.2652,0.5060800000000001,0.9128991463800189,0.4318,0.4556213017751479,0.4319526627218935,0.11242603550295859,0.0006690697853034729,0.0006692936624193013,0.10819284600915724,0.00043417667523418404,4.987872787977143e-05,234.02
2026-09-23,1545,CSX,bull_put,47.5,47.0,0.5,2026-09-25,2,47.295,0.25,0.2398,0.4796,1.042535446205171,0.3022,0.3767258382642998,0.35700197238658776,0.26627218934911245,-0.00023639070709138713,-0.00023636276900962372,0.05435332440760887,-0.00019017686051318625,-6.412844311477847e-05,46.78
2026-09-23,1545,DE,bull_put,715.0,712.5,2.5,2026-09-25,2,711.12,1.0,1.3821,0.55284,0.7235366471311772,0.3653,0.3806706114398422,0.5739644970414202,0.045364891518737675,-0.0010910238688998453,-0.0010904289187465555,0.24659220501564916,-0.0004066519180029361,-2.9332572086498e-06,690.46
2026-09-23,1545,EMR,bull_put,155.0,152.5,2.5,2026-09-25,2,154.595,1.0,1.0355,0.4142,0.9657170449058425,0.3362,0.4556213017751479,0.32938856015779094,0.21499013806706113,-0.0004153715452592057,-0.00041528529044188023,0.033018019722568015,-0.00036390529383258693,-0.0001880171641915386,158.23
2026-09-23,1545,EOG,bull_put,143.0,142.0,1.0,2026-09-25,2,142.1,0.625,0.5469,0.5469,1.1428049003474126,0.3958,0.40828402366863903,0.4437869822485207,0.14792899408284024,0.0011648983728988621,0.0011655771305441043,0.16190302759975617,0.0006099393487590181,2.393397438617448e-05,140.35
2026-09-23,1545,F,bull_put,13.0,12.5,0.5,2026-09-25,2,12.98,0.13,0.1258,0.2516,1.0333863275039747,0.3539,0.41222879684418146,0.09270216962524655,0.49506903353057197,-0.0011940725907077362,-0.0011933599697003805,0.13545515629707228,-0.0006941634741281501,-4.622886378807669e-05,12.71
2026-09-23,1545,FCX,bull_put,73.0,72.0,1.0,2026-09-25,2,72.625,0.355,0.4895,0.4895,0.7252298263534218,0.5285,0.4556213017751479,0.4161735700197239,0.1282051282051282,0.00019536266396877854,0.00019538174849675904,0.0980129164290231,0.00013201343050746168,1.8590400309572864e-05,72.31
2026-09-23,1545,GE,bull_put,322.5,320.0,2.5,2026-09-25,2,320.445,1.5,1.3318,0.5327200000000001,1.1262952395254542,0.3613,0.40828402366863903,0.47534516765285995,0.11637080867850098,-0.0001490913947500474,-0.0001490802811803249,0.13305586867817942,-8.755450257311635e-05,-6.117442471923774e-06,327.09
2026-09-23,1545,GOOGL,bull_put,340.0,337.5,2.5,2026-09-25,2,338.06,1.325,1.3639,0.5455599999999999,0.9714788474228316,0.3775,0.368836291913215,0.48717948717948717,0.14398422090729784,-0.0004947669765212291,-0.0004946445995241966,0.14462407981132142,-0.00027736746200405,-1.537682657813549e-05,343.92
2026-09-23,1545,IBM,bull_put,235.0,232.5,2.5,2026-09-25,2,233.29,1.425,1.3743,0.54972,1.0368915084042785,0.3822,0.40039447731755423,0.47534516765285995,0.1242603550295858,8.481031682123965e-05,8.481391331782717e-05,0.08876002005061312,5.946688014069391e-05,1.0076632407526526e-05,225.51
2026-09-23,1545,INTC,bull_put,123.0,122.0,1.0,2026-09-25,2,121.72,0.565,0.5706,0.5706,0.99018576936558,0.7667,0.368836291913215,0.5857988165680473,0.045364891518737675,-0.0010185428954800737,-0.001018024356731373,0.23345343714657663,-0.00040013635411215794,-3.7536797719481036e-06,123.0
2026-09-23,1545,ISRG,bull_put,400.0,397.5,2.5,2026-09-25,2,397.883,1.85,1.2914,0.51656,1.4325538175623354,0.4079,0.3767258382642998,0.5384615384615384,0.08481262327416174,-0.001407723383961783,-0.0014067330061794392,0.18110382864925756,-0.0006817138284760284,-1.8220245946643715e-05,405.18
2026-09-23,1545,IWM,bull_put,283.0,282.0,1.0,2026-09-25,2,282.11,0.51,0.5269,0.5269,0.9679256025811349,0.1888,0.38461538461538464,0.5187376725838264,0.09664694280078895,-0.0009536345336970996,-0.000953179968792961,0.1536770306328562,-0.00051547850632536,-2.384453367672432e-05,281.97
2026-09-23,1545,JNJ,bull_put,270.0,267.5,2.5,2026-09-25,2,268.595,1.515,1.2586,0.50344,1.2037184172890514,0.2703,0.3727810650887574,0.42011834319526625,0.20710059171597633,-0.0004619003808778942,-0.0004617937213196033,0.05765246876557173,-0.0003666869275926545,-0.00011575305090750137,271.22
2026-09-23,1545,KO,bull_put,88.0,87.0,1.0,2026-09-25,2,87.945,0.445,0.3722,0.3722,1.1955937667920473,0.2283,0.43984220907297833,0.23865877712031558,0.3214990138067061,-0.0004537706356583884,-0.00045366769733423684,0.04751081640537591,-0.00037514841470515374,-0.00014505389922054822,87.81
2026-09-23,1545,LOW,bull_put,192.5,190.0,2.5,2026-09-25,2,192.087132,1.5,1.1125,0.445,1.348314606741573,0.3582,0.4240631163708087,0.3333333333333333,0.24260355029585798,-0.00020406216741608845,-0.00020404134814822061,0.056977470424069754,-0.00016245690695155097,-5.1980225641305743e-05,189.28
2026-09-23,1545,MA,bull_put,560.0,557.5,2.5,2026-09-25,2,559.715,1.1,1.1021,0.44084,0.99809454677434,0.263,0.4832347140039448,0.40433925049309666,0.11242603550295859,-0.00038788905072110634,-0.0003878138314891144,0.16770660039972896,-0.0001982837344355055,-6.927971095554241e-06,567.65
2026-09-23,1545,MRK,bull_put,149.0,148.0,1.0,2026-09-25,2,148.21,0.785,0.547,0.547,1.4351005484460695,0.3657,0.388560157790927,0.5266272189349113,0.08481262327416174,-0.0006289964670148857,-0.000628798690206267,0.15382941167649988,-0.00033984631863181693,-1.5672463854641802e-05,148.78
2026-09-23,1545,MSFT,bull_put,502.5,500.0,2.5,2026-09-25,2,499.8,1.4,1.3998,0.55992,1.0001428775539363,0.3067,0.3806706114398422,0.5305719921104537,0.08875739644970414,-0.0005196530429077383,-0.0005195180466499583,0.17695140296104717,-0.00025597913483067314,-7.434028290097697e-06,516.17
2026-09-23,1545,NOW,bull_put,142.0,141.0,1.0,2026-09-25,2,140.62,0.57,0.572,0.572,0.9965034965034965,0.6062,0.38461538461538464,0.5660749506903353,0.04930966469428008,-0.0005831014410827414,-0.0005829314704757227,0.2248928102274158,-0.0002371038882600413,-2.639639058720602e-06,135.62
2026-09-23,1545,ORCL,bull_put,145.0,144.0,1.0,2026-09-25,2,144.53,0.515,0.5156,0.5156,0.9988363072148954,0.5497,0.4161735700197239,0.5266272189349113,0.05719921104536489,-0.0008863986681641846,-0.0008860059329133252,0.20453504763418606,-0.00039095147848414624,-6.539642521490541e-06,137.1
2026-09-23,1545,PEP,bull_put,130.0,129.0,1.0,2026-09-25,2,129.87,0.405,0.4502,0.4502,0.8996001776988006,0.2427,0.4635108481262327,0.368836291913215,0.16765285996055226,-7.88825441666711e-05,-7.887943302054001e-05,0.07587381140772642,-5.823143194659464e-05,-1.2768089477208578e-05,128.63
2026-09-23,1545,PM,bull_put,190.0,187.5,2.5,2026-09-25,2,189.48,1.175,1.0902,0.43608,1.0777838928636947,0.3175,0.4556213017751479,0.3254437869822485,0.21893491124260356,-9.349783510041645e-06,-9.349739800934564e-06,0.04066483668092924,-7.946162974291743e-06,-3.5232802109572635e-06,190.48
2026-09-23,1545,QQQ,bull_put,742.0,741.0,1.0,2026-09-25,2,740.71,0.47,0.4997,0.4997,0.9405643386031619,0.1801,0.4714003944773176,0.4911242603550296,0.03747534516765286,-0.0002511960624572013,-0.0002511645153678854,0.2676464090469911,-8.610112933943666e-05,-4.0762581194193177e-07,744.5
2026-09-23,1545,REGN,bull_put,805.0,802.5,2.5,2026-09-25,2,802.63,1.05,1.3094,0.52376,0.8018939972506492,0.3215,0.43984220907297833,0.514792899408284,0.045364891518737675,-0.0003629442062687005,-0.00036287834998793844,0.23890091808379,-0.00013955572470689985,-1.1740339275419806e-06,788.04
2026-09-23,1545,SCHW,bull_put,100.0,99.0,1.0,2026-09-25,2,99.71,0.445,0.4643,0.4643,0.9584320482446694,0.324,0.46745562130177515,0.3254437869822485,0.20710059171597633,0.003186034076218862,0.003191114877221679,0.07452630908822755,0.002368519581172418,0.0005335187460009057,99.03
2026-09-23,1545,SPY,bull_put,769.0,768.0,1.0,2026-09-25,2,767.745,0.485,0.5193,0.5193,0.9339495474677451,0.1171,0.4635108481262327,0.4832347140039448,0.05325443786982249,0.00014958458783962542,0.0001495957761719069,0.2269358860894466,6.0351951695968375e-05,6.44987440060784e-07,771.35
2026-09-23,1545,T,bull_put,25.5,25.0,0.5,2026-09-25,2,25.365,0.3,0.2075,0.415,1.4457831325301205,0.29,0.388560157790927,0.25443786982248523,0.35700197238658776,-0.00032956283790942916,-0.00032950853804258884,0.01577690184401992,-0.000309356600476748,-0.00022564356798230519,25.38
2026-09-23,1545,TJX,bull_put,132.0,131.0,1.0,2026-09-25,2,131.44,0.75,0.5114,0.5114,1.4665623777864687,0.2948,0.39250493096646943,0.43984220907297833,0.16765285996055226,-0.0003337050699164044,-0.000333649396572544,0.09996210783766735,-0.0002236857800525849,-3.0295528963884722e-05,130.06
2026-09-23,1545,TSLA,bull_put,380.0,377.5,2.5,2026-09-25,2,379.49,1.2,1.2184,0.48735999999999996,0.9848982271831911,0.433,0.4832347140039448,0.4358974358974359,0.08086785009861933,0.0002649909625771201,0.0002650260757837142,0.1790181222594085,0.00012950969345745016,3.6088648831671197e-06,372.11
2026-09-23,1545,TXN,bull_put,275.0,272.5,2.5,2026-09-25,2,272.58,1.475,1.3653,0.5461199999999999,1.0803486413242511,0.4404,0.3609467455621302,0.5226824457593688,0.11637080867850098,-0.000936051110016196,-0.0009356131508373444,0.14272724606444653,-0.0005286323006828323,-3.043971545179556e-05,278.07
2026-09-23,1545,UNH,bull_put,372.5,370.0,2.5,2026-09-25,2,370.96,1.5,1.2926,0.5170399999999999,1.1604518025684667,0.3021,0.4161735700197239,0.49506903353057197,0.08875739644970414,-0.0005438822596934029,-0.0005437343825476226,0.12128193960805222,-0.00033473296742789503,-2.959763056498313e-05,376.59
2026-09-23,1545,USB,bull_put,59.0,58.0,1.0,2026-09-25,2,58.685,0.43,0.4406,0.4406,0.9759418974126192,0.2943,0.32938856015779094,0.2583826429980276,0.41222879684418146,-0.00045059271006827294,-0.0004504912084190016,0.009310947264473901,-0.00043402180407254757,-0.00036027795377101767,59.33
2026-09-23,1545,V,bull_put,362.5,360.0,2.5,2026-09-25,2,361.2,1.225,1.203,0.4812,1.0182876142975894,0.2167,0.39644970414201186,0.4437869822485207,0.15976331360946747,-0.0008578911652457697,-0.0008575232818288647,0.06950864259827672,-0.0006493772060902081,-0.00016171587010577773,367.38
2026-09-23,1545,VRTX,bull_put,517.5,515.0,2.5,2026-09-25,2,515.91,1.025,1.2605,0.5042,0.8131693772312574,0.324,0.4280078895463511,0.4911242603550296,0.08086785009861933,-0.000605353192743162,-0.0006051700034658269,0.1824199358491445,-0.00029173027879234454,-7.5945505381270186e-06,526.19
2026-09-24,1530,ADP,bull_put,265.0,262.5,2.5,2026-09-25,1,263.755,1.575,1.2487,0.49948,1.2613117642348042,0.3469,0.32938856015779094,0.3609467455621302,0.3096646942800789,-0.00036010451881262956,-0.00036003968896247684,0.03999574600225553,-0.0003068108053761801,-0.00013787071089453172,263.67
2026-09-24,1530,AMGN,bull_put,407.5,405.0,2.5,2026-09-25,1,407.47,1.48,1.0397,0.41588,1.4234875444839856,0.3254,0.47534516765285995,0.34516765285996054,0.1794871794871795,-0.0003553621122931632,-0.00035529897865638205,0.10796083548493574,-0.00023069956658624535,-2.66263033991309e-05,414.61
2026-09-24,1530,AMZN,bull_put,250.0,247.5,2.5,2026-09-25,1,249.44,0.925,1.0998,0.43992000000000003,0.8410620112747772,0.2963,0.4280078895463511,0.3767258382642998,0.1952662721893491,-0.0006471032467855668,-0.0006468939206338842,0.026544014398919735,-0.0005817299099230507,-0.0003421078299914272,249.67
2026-09-24,1530,AVGO,bull_put,350.0,347.5,2.5,2026-09-25,1,349.58,1.12,1.1223,0.44892000000000004,0.9979506370845586,0.3247,0.4556213017751479,0.41222879684418146,0.13214990138067062,-0.000569045621030741,-0.0005688837452776374,0.07724969865147213,-0.0004176640096127948,-8.909322839361718e-05,352.81
2026-09-24,1530,AXP,bull_put,305.0,302.5,2.5,2026-09-25,1,304.205,1.19,1.1343,0.45372,1.0491051749977958,0.2848,0.4280078895463511,0.3136094674556213,0.2583826429980276,0.00032615635325239714,0.0003262095480189853,0.03757159516998554,0.0002806907640427234,0.0001323992099213048,308.89
2026-09-24,1530,BLK,bull_put,1072.5,1070.0,2.5,2026-09-25,1,1068.48,1.6,1.4233,0.56932,1.1241481065130332,0.3796,0.38461538461538464,0.5660749506903353,0.04930966469428008,-0.0006382873816938315,-0.0006380837196369171,0.25666606938610703,-0.00022856147679273996,-1.3478137448547288e-06,1086.31
2026-09-24,1530,BMY,bull_put,61.0,60.0,1.0,2026-09-25,1,60.725,0.35,0.4111,0.4111,0.8513743614692288,0.321,0.34911242603550297,0.1992110453648915,0.4516765285996055,-0.0002558802789421233,-0.0002558475443756869,0.018830817236309416,-0.00023728417378335068,-0.0001628194834513632,62.86
2026-09-24,1530,CAT,bull_put,807.5,805.0,2.5,2026-09-25,1,804.44,1.525,1.3544,0.54176,1.1259598346131128,0.3505,0.4240631163708087,0.5266272189349113,0.04930966469428008,-0.0003086459865567128,-0.00030859836028418464,0.21249914086144284,-0.00013190000044107882,-1.88148478773342e-06,821.58
2026-09-24,1530,CL,bull_put,86.0,85.0,1.0,2026-09-25,1,85.635,0.475,0.5006,0.5006,0.9488613663603674,0.3159,0.40433925049309666,0.3096646942800789,0.2859960552268245,0.006409413239970005,0.006429997483151428,0.0092138363866483,0.00619733153163662,0.005154355438883052,86.06
2026-09-24,1530,CRM,bull_put,240.0,237.5,2.5,2026-09-25,1,239.69,1.055,1.0839,0.43356000000000006,0.9733370237106743,0.4238,0.4556213017751479,0.34122287968441817,0.20315581854043394,-0.00019373230515272498,-0.00019371354026154197,0.06426022198036763,-0.0001498057692424955,-4.143538159326332e-05,234.02
2026-09-24,1530,CSCO,bull_put,107.0,106.0,1.0,2026-09-25,1,106.56,0.315,0.4582,0.4582,0.6874727193365343,0.3056,0.39250493096646943,0.388560157790927,0.21893491124260356,-0.0007686792570570709,-0.0007683838988403746,0.028473511385230577,-0.0006856692927826459,-0.0003879689083490137,106.7
2026-09-24,1530,CSX,bull_put,47.0,46.5,0.5,2026-09-25,1,46.905,0.275,0.2078,0.4156,1.3233878729547641,0.3303,0.40039447731755423,0.24260355029585798,0.35700197238658776,-0.00011685267886158302,-0.00011684585185323115,0.035067101267657996,-0.00010155364240987677,-5.036241335920348e-05,46.78
2026-09-24,1530,DE,bull_put,692.5,690.0,2.5,2026-09-25,1,691.725,0.475,1.2858,0.51432,0.36941981645668065,0.3667,0.4319526627218935,0.4635108481262327,0.10453648915187377,-0.00010824574122902681,-0.00010823988287012032,0.18988919339740018,-5.0642600446223565e-05,-1.1354275320110653e-06,690.46
2026-09-24,1530,EOG,bull_put,143.0,142.0,1.0,2026-09-25,1,142.969,0.575,0.4472,0.4472,1.285778175313059,0.4268,0.5226824457593688,0.3175542406311637,0.15976331360946747,0.006049965886945223,0.006068303893347338,0.12344860423129789,0.003703523725211712,0.00031358420451950875,140.35
2026-09-24,1530,GE,bull_put,322.5,320.0,2.5,2026-09-25,1,320.81,0.825,1.3395,0.5357999999999999,0.6159014557670772,0.3997,0.39644970414201186,0.4240631163708087,0.1794871794871795,0.0005928408570773855,0.0005930166219501043,0.09090913481701457,0.00041223183178724666,6.691366412349178e-05,327.09
2026-09-24,1530,GM,bull_put,81.0,80.0,1.0,2026-09-25,1,80.51,0.45,0.5103,0.5103,0.8818342151675486,0.4485,0.3214990138067061,0.3767258382642998,0.30177514792899407,-0.00045332295440361726,-0.00045322021907778787,0.03749787852311082,-0.00039009356792127467,-0.0001842749724614524,82.63
2026-09-24,1530,GOOGL,bull_put,342.5,340.0,2.5,2026-09-25,1,342.06,1.135,1.1386,0.45544,0.9968382223783594,0.3396,0.43984220907297833,0.3727810650887574,0.1873767258382643,-0.00023666301112192393,-0.0002366350086405733,0.08014246597231578,-0.00017173439054433374,-3.457392284046503e-05,343.92
2026-09-24,1530,HD,bull_put,292.5,290.0,2.5,2026-09-25,1,291.485,1.025,1.2216,0.48864,0.839063523248199,0.3273,0.40433925049309666,0.40039447731755423,0.1952662721893491,-0.0002220839244668144,-0.0002220592656575482,0.04540157938780642,-0.00018518178997601473,-7.468702657479216e-05,293.2
2026-09-24,1530,HON,bull_put,212.5,210.0,2.5,2026-09-25,1,211.585,0.925,1.161,0.46440000000000003,0.7967269595176573,0.3513,0.368836291913215,0.26627218934911245,0.36489151873767256,0.0007839284393414709,0.0007842357915492926,0.01853613349950156,0.0007281923247546667,0.0005026240753993008,212.55
2026-09-24,1530,IBM,bull_put,227.5,225.0,2.5,2026-09-25,1,227.04,1.06,1.0668,0.42672,0.9936257967754032,0.3321,0.4832347140039448,0.32938856015779094,0.1873767258382643,3.3589335469599683e-05,3.3589899597563644e-05,0.03248306774424092,2.9497135106190743e-05,1.5404070438770322e-05,225.51
2026-09-24,1530,INTC,bull_put,127.0,126.0,1.0,2026-09-25,1,126.28,0.545,0.5457,0.5457,0.9987172439069087,0.7533,0.38461538461538464,0.534516765285996,0.08086785009861933,-0.0007796436761105374,-0.0007793398329479784,0.1833059369843032,-0.0003743620754839198,-9.57451332092716e-06,123.0
2026-09-24,1530,ISRG,bull_put,402.5,400.0,2.5,2026-09-25,1,400.44,1.55,1.3367,0.53468,1.1595720804967458,0.4235,0.34516765285996054,0.4911242603550296,0.16370808678500987,-0.0009923985721271523,-0.000991906307518553,0.13759191799421866,-0.0005720697833381844,-3.650402844655797e-05,405.18
2026-09-24,1530,IWM,bull_put,282.0,281.0,1.0,2026-09-25,1,281.37,0.51,0.5167,0.5167,0.9870330946390554,0.2073,0.4556213017751479,0.4358974358974359,0.10848126232741617,0.001374773308366009,0.0013757187423935058,0.11040056703996703,0.0008845944815957051,9.723376097670363e-05,281.97
2026-09-24,1530,JNJ,bull_put,272.5,270.0,2.5,2026-09-25,1,272.155,1.29,1.0014,0.40056,1.2881965248651888,0.2432,0.4358974358974359,0.22287968441814596,0.34122287968441817,0.00016216988798130848,0.00016218303822834734,0.03323866894866634,0.00014199202403086976,7.303928946792596e-05,271.22
2026-09-24,1530,JPM,bull_put,337.5,335.0,2.5,2026-09-25,1,337.09,1.12,1.0357,0.41428000000000004,1.0813942261272569,0.2654,0.4714003944773176,0.27416173570019725,0.25443786982248523,0.00046738964998055237,0.0004674988935420288,0.051788644595520905,0.0003800270382918823,0.00013489133274633458,343.06
2026-09-24,1530,MA,bull_put,565.0,562.5,2.5,2026-09-25,1,564.05,1.3,1.1687,0.46748,1.1123470522803114,0.2491,0.4280078895463511,0.41222879684418146,0.15976331360946747,-0.0004997022633812264,-0.0004995774329987768,0.10597036039786123,-0.00032697416625601276,-3.9270514006590466e-05,567.65
2026-09-24,1530,MRK,bull_put,149.0,148.0,1.0,2026-09-25,1,148.91,0.24,0.4505,0.4505,0.5327413984461709,0.3648,0.4240631163708087,0.3767258382642998,0.1992110453648915,-0.0005033060452533976,-0.0005031794080124774,0.10486042813481866,-0.00033079705813799466,-4.0621460359414295e-05,148.78
2026-09-24,1530,NEE,bull_put,76.0,75.0,1.0,2026-09-25,1,75.895,0.31,0.3467,0.3467,0.8941447937698298,0.2733,0.4437869822485207,0.15581854043392504,0.40039447731755423,-0.0001577702756495891,-0.0001577578305741456,0.04315759196467983,-0.00013274510312168397,-5.599592566890085e-05,76.08
2026-09-24,1530,NFLX,bull_put,72.0,71.0,1.0,2026-09-25,1,71.805,0.405,0.4068,0.4068,0.9955752212389382,0.3141,0.4319526627218935,0.22682445759368836,0.34122287968441817,0.00028271041126338645,0.0002827503776179352,0.026162300739567046,0.00025465641579027664,0.00015090782693187552,71.14
2026-09-24,1530,NOW,bull_put,139.0,138.0,1.0,2026-09-25,1,138.38,0.65,0.5239,0.5239,1.2406947890818858,0.5542,0.40828402366863903,0.46745562130177515,0.1242603550295858,-0.00022987162147605853,-0.00022984520301916334,0.15154426939167165,-0.00012536493631901504,-6.051726399252385e-06,135.62
2026-09-24,1530,ORCL,bull_put,140.0,139.0,1.0,2026-09-25,1,139.34,0.54,0.549,0.549,0.9836065573770492,0.5861,0.40828402366863903,0.534516765285996,0.05719921104536489,-0.0004320590481521223,-0.0004319657240825503,0.16081554674034415,-0.0002270304287224767,-9.104539369188713e-06,137.1
2026-09-24,1530,PEP,bull_put,129.0,128.0,1.0,2026-09-25,1,128.655,0.44,0.4717,0.4717,0.9327962688149247,0.2412,0.38461538461538464,0.33727810650887574,0.2781065088757396,-0.00011992269147897321,-0.00011991550104040183,0.022601072090352003,-0.00010955021716630987,-6.971124273702979e-05,128.63
2026-09-24,1530,PFE,bull_put,28.5,28.0,0.5,2026-09-25,1,28.41,0.235,0.1725,0.345,1.3623188405797102,0.267,0.368836291913215,0.15976331360946747,0.4714003944773176,-0.0007848975310618298,-0.0007845895795700608,0.06635973180106114,-0.0006016776430822582,-0.0001595770997206749,28.67
2026-09-24,1530,PM,bull_put,192.5,190.0,2.5,2026-09-25,1,191.95,1.275,1.0704,0.42816,1.1911434977578474,0.3801,0.4437869822485207,0.2465483234714004,0.3096646942800789,0.002168464363622939,0.0021708171828318523,0.026869179516293196,0.0019496053364900746,0.0011391055739700482,190.48
2026-09-24,1530,QCOM,bull_put,195.0,192.5,2.5,2026-09-25,1,194.8721,1.03,1.0836,0.43343999999999994,0.9505352528608344,0.5101,0.47534516765285995,0.3096646942800789,0.21499013806706113,0.0006944280706715801,0.0006946692416662792,0.06682625671215736,0.0005317273160727538,0.0001397151434145717,201.97
2026-09-24,1530,QQQ,bull_put,742.0,741.0,1.0,2026-09-25,1,740.87,0.5,0.5302,0.5302,0.9430403621274991,0.1754,0.4516765285996055,0.5108481262327417,0.03747534516765286,-6.527996809091094e-05,-6.527783740017945e-05,0.22681980784505185,-2.6347498862841044e-05,-2.822328593981759e-07,744.5
2026-09-24,1530,REGN,bull_put,797.5,795.0,2.5,2026-09-25,1,795.23,0.575,1.2766,0.51064,0.45041516528278236,0.4193,0.40828402366863903,0.5305719921104537,0.0611439842209073,-0.0010941174756333863,-0.0010935191473419037,0.2283401269613381,-0.0004386912410424993,-4.558498545802604e-06,788.04
2026-09-24,1530,RTX,bull_put,190.0,187.5,2.5,2026-09-25,1,189.235,0.745,1.0006,0.40024,0.7445532680391765,0.2619,0.388560157790927,0.2465483234714004,0.36489151873767256,-0.0005009556882289001,-0.0005008302308785462,0.009725398788652972,-0.0004817212310803445,-0.00039657199949103775,189.4
2026-09-24,1530,SBUX,bull_put,94.0,93.0,1.0,2026-09-25,1,93.845,0.475,0.417,0.417,1.1390887290167866,0.3253,0.4280078895463511,0.3175542406311637,0.25443786982248523,-0.0005035228862888381,-0.0005033961399144582,0.03693528318110384,-0.0004342568945541313,-0.00020745835449462318,94.86
2026-09-24,1530,SPY,bull_put,768.0,767.0,1.0,2026-09-25,1,767.62,0.44,0.4709,0.4709,0.9343809726056488,0.1275,0.47534516765285995,0.4714003944773176,0.05325443786982249,-0.0005551639685628341,-0.0005550098935604986,0.18740211690123065,-0.00026227077756390947,-6.180104212510169e-06,771.35
2026-09-24,1530,TJX,bull_put,132.0,131.0,1.0,2026-09-25,1,131.55,0.55,0.4975,0.4975,1.105527638190955,0.3326,0.36489151873767256,0.33727810650887574,0.2978303747534517,0.0003642647695412289,0.00036433112200873197,0.06470483628525536,0.00028124995255901573,7.710337540125913e-05,130.06
2026-09-24,1530,TSLA,bull_put,380.0,377.5,2.5,2026-09-25,1,379.725,1.165,1.1604,0.46416,1.0039641502930023,0.4296,0.49506903353057197,0.4240631163708087,0.08086785009861933,-4.6120877618321954e-05,-4.6119814066991616e-05,0.13012473381456036,-2.7405500149416507e-05,-2.0304329625128065e-06,372.11
2026-09-24,1530,UPS,bull_put,92.0,91.0,1.0,2026-09-25,1,91.98,0.365,0.3644,0.3644,1.0016465422612513,0.3016,0.5187376725838264,0.23076923076923078,0.2504930966469428,0.0002092986382694886,0.00020932054275757395,0.05308981510088384,0.0001692721058761545,5.8540054487407e-05,93.96
2026-09-24,1530,V,bull_put,367.5,365.0,2.5,2026-09-25,1,367.11,0.94,1.0203,0.40812,0.9212976575517005,0.2319,0.4437869822485207,0.2978303747534517,0.2583826429980276,-0.0003451550973300583,-0.0003450955381619769,0.04533002075686943,-0.00028786776283741127,-0.00011626834084576633,367.38
2026-09-24,1530,VRTX,bull_put,525.0,522.5,2.5,2026-09-25,1,523.03,1.2,1.3124,0.52496,0.9143553794574825,0.3484,0.39250493096646943,0.49506903353057197,0.11242603550295859,-0.0006618849823049801,-0.0006616659847598072,0.14692178209720075,-0.00036762880442375135,-1.9465391687774646e-05,526.19
2026-09-24,1530,XOM,bull_put,162.5,160.0,2.5,2026-09-25,1,162.185,0.825,0.8483,0.33932,0.9725333018979133,0.3179,0.4714003944773176,0.1755424063116371,0.3530571992110454,-0.00020907613857075718,-0.00020905428367801182,0.035307023462450626,-0.00018152000262043976,-8.958835864105176e-05,160.59
2026-09-24,1545,AAPL,bull_put,337.5,335.0,2.5,2026-09-25,1,336.78,1.17,1.0927,0.43708,1.0707421982245813,0.2364,0.4161735700197239,0.3254437869822485,0.2583826429980276,-0.0003408814858231559,-0.00034082339233065806,0.030671581192778685,-0.0003014722907488118,-0.00016324407662761755,341.07
2026-09-24,1545,ADI,bull_put,382.5,380.0,2.5,2026-09-25,1,381.79,0.875,1.1921,0.47684,0.7339988256018791,0.4395,0.4319526627218935,0.41222879684418146,0.15581854043392504,-0.00029278673655039507,-0.0002927438786967107,0.13194212816484896,-0.0001726954398797618,-1.2338038073328938e-05,393.6
2026-09-24,1545,ADP,bull_put,265.0,262.5,2.5,2026-09-25,1,264.0,1.45,1.1888,0.47552000000000005,1.2197173620457604,0.3405,0.368836291913215,0.3333333333333333,0.2978303747534517,-0.00016016887339664974,-0.0001601560470474439,0.038776070019122644,-0.00013714576714041248,-6.315063811721878e-05,263.67
2026-09-24,1545,AMZN,bull_put,250.0,247.5,2.5,2026-09-25,1,249.305,0.91,1.1313,0.45252,0.8043843366039071,0.2948,0.4161735700197239,0.3806706114398422,0.20315581854043394,-0.0005763826850586351,-0.000576216608468294,0.02091062829415269,-0.0005299809874656323,-0.0003488453034389734,249.67
2026-09-24,1545,AVGO,bull_put,350.0,347.5,2.5,2026-09-25,1,349.56,1.245,1.135,0.454,1.0969162995594715,0.334,0.4556213017751479,0.4161735700197239,0.1282051282051282,-0.0005179058049789536,-0.0005177717149171812,0.0793607194442758,-0.000376942087862086,-7.708256912836487e-05,352.81
2026-09-24,1545,AXP,bull_put,305.0,302.5,2.5,2026-09-25,1,304.46,1.025,1.0718,0.42872000000000005,0.9563351371524537,0.2819,0.4714003944773176,0.28994082840236685,0.23865877712031558,0.0010282901933129605,0.0010288190649361262,0.04257576292451337,0.0008677154452414297,0.0003703129927367689,308.89
2026-09-24,1545,BLK,bull_put,1075.0,1072.5,2.5,2026-09-25,1,1071.45,1.3,1.3484,0.5393600000000001,0.9641056066449125,0.3739,0.39250493096646943,0.5542406311637081,0.05325443786982249,-0.001001190826717224,-0.0010006898024024213,0.2528625330842381,-0.000363942071682734,-2.3157741774976075e-06,1086.31
2026-09-24,1545,CRM,bull_put,240.0,237.5,2.5,2026-09-25,1,239.03,0.96,1.1951,0.47804,0.8032800602460044,0.4131,0.42011834319526625,0.3727810650887574,0.20710059171597633,-3.5602687622738292e-06,-3.560262424540106e-06,0.05003716529807445,-2.9144630362424555e-06,-1.0713743780829565e-06,234.02
2026-09-24,1545,CSCO,bull_put,107.0,106.0,1.0,2026-09-25,1,106.72,0.6,0.421,0.421,1.4251781472684086,0.3131,0.4280078895463511,0.35700197238658776,0.21499013806706113,-0.0007806743195222297,-0.0007803696726075282,0.03668355220901054,-0.0006738675227530924,-0.0003235528576485402,106.7
2026-09-24,1545,CSX,bull_put,47.0,46.5,0.5,2026-09-25,1,46.935,0.275,0.2007,0.4014,1.3702042850024914,0.3394,0.4280078895463511,0.22682445759368836,0.34516765285996054,1.180669952049497e-05,1.1806769219857571e-05,0.043535281330493,9.919791514256333e-06,4.152980535389034e-06,46.78
2026-09-24,1545,DE,bull_put,695.0,692.5,2.5,2026-09-25,1,694.31,1.2,1.2181,0.48724,0.9851407930383383,0.3279,0.4319526627218935,0.45956607495069035,0.10848126232741617,-0.000560626560531725,-0.0005604694388251508,0.17671365976461284,-0.000276419621013991,-8.065912769748184e-06,690.46
2026-09-24,1545,EOG,bull_put,143.0,142.0,1.0,2026-09-25,1,142.69,0.575,0.4835,0.4835,1.189245087900724,0.4277,0.47928994082840237,0.3727810650887574,0.14792899408284024,0.0031859887895977837,0.003191069446086825,0.1166998567686568,0.0020008191727864254,0.00019389462215258654,140.35
2026-09-24,1545,FCX,bull_put,72.0,71.0,1.0,2026-09-25,1,71.875,0.4,0.4407,0.4407,0.9076469253460405,0.563,0.47534516765285995,0.3175542406311637,0.20710059171597633,0.000991469293462447,0.0009919609616202418,0.06393950632868739,0.0007681044511414348,0.0002138202270408811,72.31
2026-09-24,1545,GE,bull_put,322.5,320.0,2.5,2026-09-25,1,321.03,0.825,1.2695,0.5078,0.6498621504529342,0.3667,0.40433925049309666,0.4161735700197239,0.1794871794871795,-3.251054552355897e-05,-3.251001706150447e-05,0.07787497051965286,-2.3808636120028854e-05,-5.015579492846733e-06,327.09
2026-09-24,1545,GILD,bull_put,150.0,149.0,1.0,2026-09-25,1,149.85,0.475,0.4127,0.4127,1.1509571117034165,0.2731,0.4319526627218935,0.3806706114398422,0.1873767258382643,-0.001079855615675352,-0.001079272781411178,0.07038692567116334,-0.0008144353410764508,-0.00019928909847737053,150.93
2026-09-24,1545,GOOGL,bull_put,342.5,340.0,2.5,2026-09-25,1,342.05,1.115,1.1323,0.45292000000000004,0.98472136359622,0.3397,0.43984220907297833,0.3727810650887574,0.1873767258382643,-0.0002814924216812671,-0.00028145280640679005,0.07977053762034947,-0.00020456435751000892,-4.1490806817063514e-05,343.92
2026-09-24,1545,HD,bull_put,292.5,290.0,2.5,2026-09-25,1,292.3,1.045,1.0602,0.42408,0.9856630824372759,0.3293,0.4635108481262327,0.32938856015779094,0.20710059171597633,-0.000183085875510879,-0.0001830691163148268,0.06308882105773028,-0.00014223896311975814,-4.027504558602509e-05,293.2
2026-09-24,1545,HON,bull_put,212.5,210.0,2.5,2026-09-25,1,211.57,0.925,1.164,0.46559999999999996,0.7946735395189004,0.3486,0.3609467455621302,0.2702169625246548,0.368836291913215,0.0003849161699595108,0.00038499025969418454,0.017588757220294626,0.0003588351194144168,0.0002524183578503213,212.55
2026-09-24,1545,IBM,bull_put,227.5,225.0,2.5,2026-09-25,1,227.26,0.915,0.9866,0.39464,0.927427528887087,0.3325,0.5108481262327417,0.3136094674556213,0.1755424063116371,-0.00013820998949251682,-0.00013820043893186806,0.04358044975781006,-0.00011609203577325775,-4.855874456796521e-05,225.51
2026-09-24,1545,INTC,bull_put,128.0,127.0,1.0,2026-09-25,1,127.375,0.545,0.5317,0.5317,1.0250141056987025,0.7648,0.388560157790927,0.5305719921104537,0.08086785009861933,-0.0009456361525461065,-0.0009451891795819733,0.18577975103345168,-0.00044955854644375707,-1.0942683645212343e-05,123.0
2026-09-24,1545,ISRG,bull_put,400.0,397.5,2.5,2026-09-25,1,399.275,0.8,1.2141,0.48563999999999996,0.6589243060703402,0.4331,0.41222879684418146,0.40039447731755423,0.1873767258382643,-0.00020256325298763974,-0.000202542738437117,0.13581295545019545,-0.000117648233064876,-7.7790948441606e-06,405.18
2026-09-24,1545,IWM,bull_put,282.0,281.0,1.0,2026-09-25,1,281.76,0.425,0.4649,0.4649,0.9141750914175092,0.2111,0.514792899408284,0.42011834319526625,0.0650887573964497,0.0003225133732064796,0.0003225653862359845,0.11672837720016793,0.00020222730861359432,1.9586191661721865e-05,281.97
2026-09-24,1545,JNJ,bull_put,272.5,270.0,2.5,2026-09-25,1,272.04,1.255,1.0404,0.41616,1.2062668204536715,0.2475,0.4161735700197239,0.23076923076923078,0.3530571992110454,0.0002551507689595514,0.00025518332268559263,0.02709428799596214,0.00022897321860072,0.00013318235607779924,271.22
2026-09-24,1545,MO,bull_put,69.0,68.0,1.0,2026-09-25,1,68.935,0.325,0.3043,0.3043,1.0680249753532698,0.2554,0.5069033530571992,0.13214990138067062,0.3609467455621302,-0.0001325564155624508,-0.0001325476303489781,0.06682815824124622,-0.0001014564276623018,-2.6657385918477536e-05,68.82
2026-09-24,1545,MRK,bull_put,149.0,148.0,1.0,2026-09-25,1,148.75,0.24,0.4709,0.4709,0.5096623486939902,0.3833,0.39250493096646943,0.40828402366863903,0.1992110453648915,-0.0007351381905718467,-0.0007348680426949583,0.1075019877162876,-0.00047803454439128337,-5.568123767599505e-05,148.78
2026-09-24,1545,MSFT,bull_put,497.5,495.0,2.5,2026-09-25,1,497.375,1.065,1.0858,0.43432000000000004,0.980843617609136,0.2734,0.4832347140039448,0.40039447731755423,0.11637080867850098,-0.00046326564807233064,-0.00046315835711074893,0.10884482596976164,-0.00029967235137450795,-3.398071630896028e-05,516.17
2026-09-24,1545,NOW,bull_put,139.0,138.0,1.0,2026-09-25,1,138.23,0.505,0.5375,0.5375,0.9395348837209303,0.5603,0.388560157790927,0.4832347140039448,0.1282051282051282,-0.0003670103698255739,-0.0003669430297582599,0.1546204643506931,-0.0001976948630613989,-8.973855984322057e-06,135.62
2026-09-24,1545,ORCL,bull_put,140.0,139.0,1.0,2026-09-25,1,139.23,0.52,0.5544,0.5544,0.937950937950938,0.5676,0.39250493096646943,0.5384615384615384,0.06903353057199212,-0.0005584388556651365,-0.0005582829577085446,0.15840449919078092,-0.00029626310559250447,-1.2467907538117194e-05,137.1
2026-09-24,1545,PM,bull_put,192.5,190.0,2.5,2026-09-25,1,191.69,1.05,1.1269,0.45076,0.9317596947377762,0.3727,0.40828402366863903,0.26627218934911245,0.3254437869822485,0.0014353893591874216,0.0014364200235694735,0.017788495618749955,0.0013377645048941364,0.0009372830404215081,190.48
2026-09-24,1545,QCOM,bull_put,195.0,192.5,2.5,2026-09-25,1,194.8301,0.84,1.0847,0.43388,0.7744076703235917,0.5071,0.47534516765285995,0.3136094674556213,0.21104536489151873,0.0005664326603146575,0.0005665931135878655,0.065290321040266,0.00043636548006586106,0.00011823494785869279,201.97
2026-09-24,1545,QQQ,bull_put,742.0,741.0,1.0,2026-09-25,1,741.06,0.495,0.5162,0.5162,0.9589306470360326,0.1765,0.45956607495069035,0.5029585798816568,0.03747534516765286,-0.00017744578503295794,-0.0001774300424608466,0.2259972372799064,-7.185049164257921e-05,-7.824249353207606e-07,744.5
2026-09-24,1545,REGN,bull_put,797.5,795.0,2.5,2026-09-25,1,794.315,1.625,1.3198,0.5279200000000001,1.231247158660403,0.4471,0.3806706114398422,0.5542406311637081,0.0650887573964497,-0.0013369486212904888,-0.0013360553036334544,0.2389963600495687,-0.0005136239115132965,-4.312699779585303e-06,788.04
2026-09-24,1545,RTX,bull_put,190.0,187.5,2.5,2026-09-25,1,189.465,0.955,0.9306,0.37224,1.0262196432409199,0.2707,0.4161735700197239,0.22287968441814596,0.3609467455621302,-0.0005148753225722939,-0.0005147427970191298,0.021114120415096638,-0.0004730546263739167,-0.00031011043087822036,189.4
2026-09-24,1545,SBUX,bull_put,94.0,93.0,1.0,2026-09-25,1,93.94,0.515,0.3994,0.3994,1.2894341512268404,0.3337,0.4477317554240631,0.2938856015779093,0.2583826429980276,-0.00041923329625965155,-0.00041914543026055906,0.04964447352623336,-0.0003436556211137335,-0.00012732598183586393,94.86
2026-09-24,1545,SPY,bull_put,768.0,767.0,1.0,2026-09-25,1,767.64,0.42,0.4655,0.4655,0.9022556390977443,0.126,0.47534516765285995,0.4635108481262327,0.0611439842209073,-0.0005760254228560913,-0.0005758595520622967,0.18559606097482473,-0.00027409631352520584,-6.6963214234521174e-06,771.35
2026-09-24,1545,TJX,bull_put,132.0,131.0,1.0,2026-09-25,1,131.54,0.55,0.4997,0.4997,1.1006603962377428,0.3261,0.36489151873767256,0.34122287968441817,0.2938856015779093,0.00037689851703542714,0.00037696955220556383,0.061712205046419166,0.0002945107781694246,8.571874241852571e-05,130.06
2026-09-24,1545,TSLA,bull_put,380.0,377.5,2.5,2026-09-25,1,379.22,1.53,1.2112,0.48448,1.263210039630119,0.4179,0.46745562130177515,0.43984220907297833,0.09270216962524655,-7.589280861081647e-05,-7.588992882445744e-05,0.12221344358097697,-4.6545494526741133e-05,-4.0396632704231425e-06,372.11
2026-09-24,1545,UPS,bull_put,92.0,91.0,1.0,2026-09-25,1,91.67,0.435,0.4618,0.4618,0.9419662191424859,0.2999,0.4161735700197239,0.28994082840236685,0.2938856015779093,0.0017838048651339124,0.0017853967914536195,0.012147664777650391,0.0017007171644564938,0.0013338863220338005,93.96
2026-09-24,1545,VRTX,bull_put,525.0,522.5,2.5,2026-09-25,1,523.115,1.1,1.2983,0.51932,0.8472618038974044,0.3663,0.39250493096646943,0.49506903353057197,0.11242603550295859,-0.0007577848570395201,-0.0007574978106057451,0.1536744946323113,-0.0004096580013508118,-1.895054660899787e-05,526.19
2026-09-24,1545,VZ,bull_put,47.5,46.5,1.0,2026-09-25,1,47.34,0.23,0.3185,0.3185,0.7221350078492936,0.2738,0.38461538461538464,0.09270216962524655,0.5226824457593688,-0.0005322569690167318,-0.0005321153454039829,0.12312979754276587,-0.00032516771336156455,-2.770866387287856e-05,47.08
2026-09-24,1545,WMT,bull_put,108.0,107.0,1.0,2026-09-25,1,107.855,0.405,0.4214,0.4214,0.9610821072615093,0.2797,0.4714003944773176,0.2859960552268245,0.24260355029585798,0.0005459303234333253,0.0005460793705143185,0.03589960506007728,0.00047303335888175166,0.00023071283784344813,107.98
2026-09-24,1545,XOM,bull_put,162.5,160.0,2.5,2026-09-25,1,162.25,0.81,0.8069,0.32276,1.0038418639236586,0.3037,0.4832347140039448,0.16765285996055226,0.34911242603550297,-0.00030228848105121574,-0.00030224279649171404,0.04248221789254947,-0.0002550097512678878,-0.00010903374558547099,160.59
