day,ticker,ss_v,ls_v,w_v,quote_v,model_v,IV_v,EV_v,Dent_v,G24_v,p_v,q_v,ro_v,settle_v,hist_ok,gated_out,floor_pass,gate_pass,elig,rank_v,pick_v,ss_i,ls_i,w_i,quote_i,model_i,IV_i,EV_i,Dent_i,G24_i,p_i,q_i,ro_i,settle_i,floor_i,gate_i,elig_i,rank_i,pick_1530,entry_price,_merge,pick_i
2026-08-20,AAPL,312.5,310.0,2.5,1.16,1.1905,0.2859,-0.0004494411546620558,0.04034608974497034,-0.00017066435282033513,0.3609467455621302,0.35700197238658776,0.28205128205128205,309.35,True,False,True,False,False,,False,,,,,,,,,,,,,,,,,,,,left_only,False
2026-08-20,ABBV,262.5,260.0,2.5,1.26,1.083,0.2982,-0.00043957615432765884,0.02973060755560719,-0.0002153525377426164,0.388560157790927,0.30177514792899407,0.3096646942800789,264.96,True,False,False,True,False,,False,,,,,,,,,,,,,,,,,,,,left_only,False
2026-08-20,ABT,,,,,,,,,,,,,,,,,,,,,115.0,114.0,1.0,0.475,0.4927,0.318,-2.3436550466438e-05,0.0382512213285337,-9.358335819250936e-06,0.368836291913215,0.3530571992110454,0.2781065088757396,116.64,True,False,False,,False,114.57,right_only,False
2026-08-20,ACN,182.5,180.0,2.5,1.25,0.9238,0.4957,-0.001809818009081754,0.046663779640281344,-0.0005905479651520931,0.36489151873767256,0.32938856015779094,0.3057199211045365,185.28,True,False,False,True,False,,False,185.0,182.5,2.5,0.925,1.3048,0.5797,0.0048538713877051,0.05899483156574,0.0011780972691193,0.3648915187376725,0.3136094674556213,0.3214990138067061,185.28,True,False,False,,False,183.93,both,False
2026-08-20,ADI,372.5,370.0,2.5,1.25,1.3605,0.4222,-0.0007057262634405648,0.135307651176784,-2.743566488747637e-05,0.3530571992110454,0.48717948717948717,0.15976331360946747,373.09,True,False,True,False,False,,False,375.0,372.5,2.5,1.325,1.3801,0.4784,-0.0005235821708378,0.1430929208076901,-1.6885645511063593e-05,0.3570019723865877,0.4871794871794871,0.155818540433925,373.09,True,False,False,,False,372.895,both,False
2026-08-20,ADP,,,,,,,,,,,,,,,,,,,,,280.0,277.5,2.5,0.1,1.0339,0.3746,0.0010997115372493,0.0796254808437226,0.0001626810678745,0.4911242603550296,0.2781065088757396,0.2307692307692307,280.81,False,False,False,,False,280.02,right_only,False
2026-08-20,AMGN,435.0,432.5,2.5,2.175,1.4138,0.5886,-0.00039869458355401566,0.16037775642341434,-8.492042214049189e-06,0.32938856015779094,0.4635108481262327,0.20710059171597633,439.33,True,True,True,True,False,,False,432.5,430.0,2.5,1.675,1.1314,0.4199,-0.0005047642525702,0.1452218708636725,-1.54678951151148e-05,0.4358974358974359,0.3925049309664694,0.1715976331360946,439.33,True,True,True,3.0,True,432.04,both,True
2026-08-20,AVGO,365.0,362.5,2.5,1.22,1.2388,0.4127,-9.156161746148861e-05,0.1192318032937918,-5.235429482073576e-06,0.4280078895463511,0.4240631163708087,0.14792899408284024,368.45,True,False,True,False,False,,False,365.0,362.5,2.5,1.125,1.1606,0.4021,-0.000410551755968,0.1087499930256434,-3.01897411195283e-05,0.4477317554240631,0.4161735700197239,0.136094674556213,368.45,True,False,False,,False,364.405,both,False
2026-08-20,AXP,,,,,,,,,,,,,,,,,,,,,332.5,330.0,2.5,1.115,1.0453,0.248,-0.0002480761071937,0.0396338613463866,-9.58249328604113e-05,0.4477317554240631,0.3096646942800789,0.2426035502958579,336.0,False,True,False,,False,332.0,right_only,False
2026-08-20,BAC,62.0,61.0,1.0,0.26,0.2867,0.2,-0.0008458438500218435,0.0422076453796576,-0.00030715462307423085,0.4516765285996055,0.14398422090729784,0.40433925049309666,61.69,True,False,False,False,False,,False,,,,,,,,,,,,,,,,,,,,left_only,False
2026-08-20,BLK,1140.0,1137.5,2.5,0.05,1.1406,0.2276,-0.0008072160793217709,0.22185621616623408,-3.9315832239552046e-06,0.45956607495069035,0.4556213017751479,0.08481262327416174,1156.55,True,False,True,False,False,,False,,,,,,,,,,,,,,,,,,,,left_only,False
2026-08-20,BMY,,,,,,,,,,,,,,,,,,,,,66.0,65.0,1.0,0.32,0.4347,0.3458,4.860979351928307e-05,0.0169516113248939,3.2362047137645254e-05,0.3648915187376725,0.2268244575936883,0.408284023668639,67.01,False,False,False,,False,65.745,right_only,False
2026-08-20,CL,90.0,89.0,1.0,0.3,0.2045,0.263,-0.003083941442313276,0.03302779749477325,-0.0013959027353146892,0.40828402366863903,0.3057199211045365,0.2859960552268245,91.08,True,False,False,True,False,,False,90.0,89.0,1.0,0.3,0.4029,0.2624,-9.766123882359869e-05,0.0259785868875517,-5.235349296097071e-05,0.4516765285996055,0.2662721893491124,0.282051282051282,91.08,False,False,False,,False,89.82,both,False
2026-08-20,CME,,,,,,,,,,,,,,,,,,,,,272.5,270.0,2.5,0.625,1.1078,0.3819,0.001856555584438,0.065794708328625,0.0003827588719378,0.4556213017751479,0.2899408284023668,0.2544378698224852,274.98,False,False,False,,False,271.79,right_only,False
2026-08-20,COST,935.0,932.5,2.5,1.475,1.2148,0.256,-0.0011984898930575971,0.19303423135669795,-1.1658039971404622e-05,0.40433925049309666,0.49506903353057197,0.10059171597633136,947.74,True,False,True,True,True,2.0,True,932.5,930.0,2.5,1.525,1.288,0.2713,-0.000459251922931,0.1840512389956499,-5.542076085874424e-06,0.4122287968441814,0.4792899408284023,0.1084812623274161,947.74,True,True,True,2.0,True,930.85,both,True
2026-08-20,CRM,,,,,,,,,,,,,,,,,,,,,207.5,205.0,2.5,1.05,1.1734,0.4287,0.0001203387641757,0.0366180225770846,4.99727700685036e-05,0.4280078895463511,0.3530571992110454,0.2189349112426035,209.17,True,False,False,,False,206.595,right_only,False
2026-08-20,CSCO,110.0,109.0,1.0,0.46,0.4743,0.2958,-0.00033624847319857487,0.029418985484929827,-0.00016596795683248704,0.39644970414201186,0.3767258382642998,0.22682445759368836,111.04,True,False,True,False,False,,False,110.0,109.0,1.0,0.47,0.4899,0.2983,-4.180085527383248e-05,0.0255869235135253,-2.26199132616336e-05,0.3964497041420118,0.3767258382642998,0.2268244575936883,111.04,True,False,False,,False,109.56,both,False
2026-08-20,DE,622.5,620.0,2.5,0.95,1.1691,0.4141,-0.00042575464957772535,0.20063809022606383,-3.4506032642784418e-06,0.46745562130177515,0.4437869822485207,0.08875739644970414,647.47,True,True,True,False,False,,False,625.0,622.5,2.5,0.8,1.1755,0.4966,-0.000230726797221,0.2187756475687419,-1.209998080110984e-06,0.4753451676528599,0.4358974358974359,0.0887573964497041,647.47,True,False,False,,False,624.88,both,False
2026-08-20,DHR,,,,,,,,,,,,,,,,,,,,,220.0,217.5,2.5,0.85,1.2997,0.523,-0.0009378265422601,0.0723423465589889,-0.0001652316934284,0.2938856015779093,0.408284023668639,0.2978303747534517,218.85,True,False,False,,False,218.51,right_only,False
2026-08-20,DIS,,,,,,,,,,,,,,,,,,,,,108.0,107.0,1.0,0.45,0.4114,0.2832,-0.0001894924952634,0.0407213973015392,-7.130995119757351e-05,0.4319526627218935,0.2741617357001972,0.2938856015779093,107.78,False,True,False,,False,107.88,right_only,False
2026-08-20,EOG,,,,,,,,,,,,,,,,,,,,,152.5,150.0,2.5,1.05,1.0567,0.386,0.004878942863248,0.0196535634558168,0.0030442149355258,0.4161735700197239,0.1873767258382643,0.3964497041420118,153.05,False,False,False,,False,151.935,right_only,False
2026-08-20,GE,345.0,342.5,2.5,1.57,1.055,0.6216,-0.00045903806186131657,0.09600571233910693,-4.5832618590560615e-05,0.4714003944773176,0.36489151873767256,0.16370808678500987,348.37,True,False,False,True,False,,False,345.0,342.5,2.5,0.69,1.1948,0.4308,0.0002186675569175,0.1131519285873691,1.4467522149388602e-05,0.4437869822485207,0.3806706114398422,0.1755424063116371,348.37,True,False,False,,False,344.22,both,False
2026-08-20,GILD,,,,,,,,,,,,,,,,,,,,,145.0,144.0,1.0,0.62,0.5146,0.3507,-0.0005723385358229,0.089135134427557,-6.738937980816453e-05,0.3648915187376725,0.4398422090729783,0.1952662721893491,146.12,True,True,True,5.0,True,144.42,right_only,True
2026-08-20,HD,335.0,332.5,2.5,1.14,1.0423,0.3106,-0.0012170803626955218,0.06316660818259656,-0.000267257209956839,0.40828402366863903,0.3806706114398422,0.21104536489151873,335.61,True,False,False,True,False,,False,335.0,332.5,2.5,1.07,1.0386,0.2811,-0.0005982373237323,0.0602632128721267,-0.000140846469554,0.4516765285996055,0.3491124260355029,0.1992110453648915,335.61,False,True,False,,False,334.785,both,False
2026-08-20,HON,,,,,,,,,,,,,,,,,,,,,220.0,217.5,2.5,1.025,1.1579,0.3205,0.0001401358580337,0.0135741909688182,0.0001011729858862,0.3530571992110454,0.2662721893491124,0.3806706114398422,215.9,True,False,False,,False,219.03,right_only,False
2026-08-20,IBM,,,,,,,,,,,,,,,,,,,,,235.0,232.5,2.5,1.04,1.1075,0.3521,0.0009693729705255,0.0360360790809861,0.000408210732543,0.4950690335305719,0.3412228796844181,0.1637080867850098,235.68,False,False,False,,False,234.38,right_only,False
2026-08-20,INTC,92.5,92.0,0.5,0.255,0.2594,0.6204,-0.0013629356243628488,0.21025429992838218,-8.76961583921504e-06,0.388560157790927,0.5502958579881657,0.0611439842209073,90.07,True,False,True,False,False,,False,93.0,92.5,0.5,0.305,0.2831,0.6471,-0.0010528247033393,0.2218057115785296,-5.1340506439775865e-06,0.3727810650887574,0.5857988165680473,0.0414201183431952,90.07,True,True,True,1.0,True,92.295,both,True
2026-08-20,ISRG,375.0,372.5,2.5,1.25,1.2448,0.3589,0.001599512006005055,0.13069557211704397,6.946063120917337e-05,0.4358974358974359,0.3806706114398422,0.1834319526627219,378.81,True,False,True,True,True,1.0,True,377.5,375.0,2.5,1.925,1.1787,0.4373,-0.0003515371452925,0.1294917612481917,-1.5713388383190097e-05,0.4122287968441814,0.388560157790927,0.1992110453648915,378.81,True,True,True,4.0,True,376.755,both,True
2026-08-20,IWM,298.0,297.5,0.5,0.22,0.2376,0.18,-0.00047725102553475285,0.2080737112964931,-3.23579141782984e-06,0.46745562130177515,0.4635108481262327,0.06903353057199212,299.96,True,False,True,False,False,,False,,,,,,,,,,,,,,,,,,,,left_only,False
2026-08-20,JNJ,267.5,265.0,2.5,0.87,0.7448,0.198,-0.0010391644297870206,0.05980927545495285,-0.000247336467287884,0.45956607495069035,0.1992110453648915,0.34122287968441817,270.24,True,False,False,True,False,,False,,,,,,,,,,,,,,,,,,,,left_only,False
2026-08-20,JPM,352.5,350.0,2.5,1.02,0.9684,0.1736,-0.0008974292432749609,0.02197364897207188,-0.000529623673503678,0.4358974358974359,0.3175542406311637,0.2465483234714004,351.58,True,False,False,True,False,,False,352.5,350.0,2.5,0.845,0.9351,0.2293,0.0005639072097272,0.0602752867219735,0.0001327254667157,0.5266272189349113,0.2465483234714004,0.2268244575936883,351.58,False,False,False,,False,352.4719,both,False
2026-08-20,LOW,217.5,215.0,2.5,0.5,0.8743,0.3378,-0.0009364122423911603,0.07199405864293573,-0.00016636736776788613,0.4556213017751479,0.27416173570019725,0.2702169625246548,216.09,True,False,False,False,False,,False,,,,,,,,,,,,,,,,,,,,left_only,False
2026-08-20,MA,575.0,572.5,2.5,0.825,1.1796,0.2016,-0.000721624511112684,0.10975358507141286,-5.180148900827723e-05,0.4280078895463511,0.4437869822485207,0.1282051282051282,580.63,True,False,True,False,False,,False,,,,,,,,,,,,,,,,,,,,left_only,False
2026-08-20,MO,67.0,66.0,1.0,0.28,0.3218,0.255,0.00010783079392306938,0.08633965622260331,1.3577466264388084e-05,0.5029585798816568,0.13609467455621302,0.3609467455621302,66.09,True,False,False,False,False,,False,67.0,66.0,1.0,0.295,0.3061,0.2886,0.0004979897151098,0.0832330341983269,6.755800780131559e-05,0.5384615384615384,0.1282051282051282,0.3333333333333333,66.09,False,False,False,,False,67.005,both,False
2026-08-20,MRK,,,,,,,,,,,,,,,,,,,,,150.0,148.0,2.0,0.665,0.7392,0.362,-0.0002726961959887,0.0571408334848755,-6.919844122234193e-05,0.4398422090729783,0.2110453648915187,0.3491124260355029,152.55,False,False,False,,False,150.005,right_only,False
2026-08-20,MS,207.5,205.0,2.5,0.915,0.7983,0.3523,-0.0007022130277229977,0.061071163150129726,-0.0001621511460689132,0.5069033530571992,0.23865877712031558,0.25443786982248523,214.2,True,False,False,True,False,,False,,,,,,,,,,,,,,,,,,,,left_only,False
2026-08-20,MSFT,482.5,480.0,2.5,1.25,1.2007,0.2811,-0.000607522475939537,0.0983455407817404,-5.734560426943458e-05,0.40433925049309666,0.4240631163708087,0.17159763313609466,483.24,True,True,True,True,False,,False,,,,,,,,,,,,,,,,,,,,left_only,False
2026-08-20,NOW,130.0,129.0,1.0,0.445,0.4755,0.5692,0.009044748292713178,0.14694378445568035,0.0002659447930113723,0.5226824457593688,0.34911242603550297,0.1282051282051282,128.48,True,False,True,False,False,,False,131.0,130.0,1.0,0.5,0.5647,0.5787,-0.0002215666626036,0.156508044546536,-5.178577656736861e-06,0.368836291913215,0.4950690335305719,0.136094674556213,128.48,True,False,False,,False,129.97,both,False
2026-08-20,NVDA,217.5,215.0,2.5,0.985,1.04,0.3299,-0.0006220378334819143,0.02657879746099079,-0.0003286882645311906,0.4358974358974359,0.33727810650887574,0.22682445759368836,214.72,True,False,False,False,False,,False,217.5,215.0,2.5,0.925,0.94,0.3457,-0.0006842389613347,0.0441063704599147,-0.0002374018617156,0.4792899408284023,0.3136094674556213,0.2071005917159763,214.72,False,False,False,,False,217.25,both,False
2026-08-20,ORCL,143.0,142.0,1.0,0.48,0.582,0.6049,-2.4040954498483202e-05,0.17069685346503816,-3.997301159628547e-07,0.39250493096646943,0.5424063116370809,0.0650887573964497,146.47,True,False,True,False,False,,False,143.0,142.0,1.0,0.515,0.5382,0.5744,-0.0007384886174847,0.163695119297146,-1.4525748390319186e-05,0.3964497041420118,0.5305719921104537,0.0729783037475345,146.47,True,False,False,,False,142.21,both,False
2026-08-20,PEP,,,,,,,,,,,,,,,,,,,,,143.0,142.0,1.0,0.465,0.4574,0.2567,-0.0004535527530273,0.0393612160447776,-0.0001763450173433,0.3964497041420118,0.3570019723865877,0.2465483234714004,143.48,True,True,True,6.0,True,142.67,right_only,True
2026-08-20,PFE,,,,,,,,,,,,,,,,,,,,,28.0,27.5,0.5,0.17,0.1697,0.25,-0.000594204819334,0.1147568746443685,-3.782835985961227e-05,0.4003944773175542,0.155818540433925,0.4437869822485207,28.07,False,True,False,,False,27.915,right_only,False
2026-08-20,PG,143.0,142.0,1.0,0.34,0.2853,0.3764,-0.0015878138284424193,0.08505499510853576,-0.0002061890601944409,0.5069033530571992,0.30177514792899407,0.1913214990138067,144.68,True,False,False,True,False,,False,143.0,142.0,1.0,0.485,0.4025,0.2336,-0.0001739985470902,0.0543800511359808,-4.71779075133989e-05,0.4990138067061144,0.3214990138067061,0.1794871794871795,144.68,False,True,False,,False,142.93,both,False
2026-08-20,PM,192.5,190.0,2.5,0.625,0.9035,0.5899,-0.0014495525468145587,0.08355264186571132,-0.0001951457654829649,0.38461538461538464,0.28994082840236685,0.3254437869822485,188.23,True,False,False,False,False,,False,192.5,190.0,2.5,1.125,1.1202,0.3694,0.0032454225291898,0.0193241098233694,0.0020410551718217,0.4280078895463511,0.2583826429980276,0.3136094674556213,188.23,False,True,False,,False,191.81,both,False
2026-08-20,PNC,242.5,240.0,2.5,1.175,0.899,0.2551,-0.001288096572525932,0.018259764909743348,-0.000831047143828817,0.388560157790927,0.2702169625246548,0.34122287968441817,243.13,True,False,False,True,False,,False,,,,,,,,,,,,,,,,,,,,left_only,False
2026-08-20,PYPL,62.5,62.0,0.5,0.23,0.235,0.5636,-0.0002305325988130047,0.15742951518641113,-5.270282226230049e-06,0.4319526627218935,0.39250493096646943,0.1755424063116371,61.55,True,False,True,False,False,,False,63.0,62.5,0.5,0.21,0.2908,0.6174,-6.206131583952335e-05,0.1575217761203695,-1.4156662022473034e-06,0.3530571992110454,0.4911242603550296,0.155818540433925,61.55,True,False,False,,False,62.55,both,False
2026-08-20,QQQ,712.0,711.0,1.0,0.455,0.4723,0.1984,-0.0007925607719165839,0.23688366322210652,-2.6913993674186326e-06,0.4714003944773176,0.49506903353057197,0.03353057199211045,713.44,True,False,True,False,False,,False,,,,,,,,,,,,,,,,,,,,left_only,False
2026-08-20,RTX,212.5,210.0,2.5,0.85,0.6881,0.2692,-0.0015373967091482088,0.05408302597795234,-0.00041983139613725176,0.4477317554240631,0.21893491124260356,0.3333333333333333,209.91,True,False,False,True,False,,False,,,,,,,,,,,,,,,,,,,,left_only,False
2026-08-20,SBUX,,,,,,,,,,,,,,,,,,,,,104.0,103.0,1.0,0.505,0.475,0.3166,-0.0005107358437569,0.0283254375332375,-0.0002587964941402,0.3806706114398422,0.3806706114398422,0.2386587771203155,107.08,True,True,True,7.0,False,103.58,right_only,False
2026-08-20,SCHW,110.0,109.0,1.0,0.4,0.3961,0.232,0.0003121721610983563,0.02334062987474783,0.00017828434454837823,0.4911242603550296,0.26232741617357,0.2465483234714004,112.3,True,False,False,True,False,,False,110.0,109.0,1.0,0.465,0.4385,0.2493,0.0041822086384055,0.0191888808187778,0.0026387527167382,0.4792899408284023,0.2781065088757396,0.2426035502958579,112.3,False,True,False,,False,109.74,both,False
2026-08-20,SPY,763.0,762.0,1.0,0.405,0.4238,0.1285,-0.0011866852122435212,0.19451976573384977,-1.1138914473699546e-05,0.47928994082840237,0.45956607495069035,0.0611439842209073,765.72,True,False,False,False,False,,False,,,,,,,,,,,,,,,,,,,,left_only,False
2026-08-20,TJX,141.0,140.0,1.0,0.875,0.3618,0.647,-0.001909602681376188,0.11488413737022207,-0.00012119867997666325,0.3806706114398422,0.34516765285996054,0.27416173570019725,140.53,True,False,False,True,False,,False,,,,,,,,,,,,,,,,,,,,left_only,False
2026-08-20,TSLA,,,,,,,,,,,,,,,,,,,,,345.0,342.5,2.5,1.285,1.3239,0.4418,0.0007604358314392,0.1147959241640658,4.8365635508746005e-05,0.4358974358974359,0.4516765285996055,0.1124260355029585,362.86,True,False,False,,False,343.4,right_only,False
2026-08-20,UNH,385.0,382.5,2.5,1.125,1.0944,0.3154,-0.00033386450868200246,0.0895613021851076,-3.891049449498518e-05,0.47534516765285995,0.38461538461538464,0.14003944773175542,390.11,True,False,False,True,False,,False,385.0,382.5,2.5,1.05,1.0741,0.2975,-0.0004362471855088,0.0860075734023848,-5.53694091746894e-05,0.4753451676528599,0.3806706114398422,0.1439842209072978,390.11,False,False,False,,False,384.915,both,False
2026-08-20,V,,,,,,,,,,,,,,,,,,,,,367.5,365.0,2.5,1.2,1.1003,0.2056,-0.0002537483419117,0.0255252663476983,-0.000137515495273,0.4240631163708087,0.3293885601577909,0.2465483234714004,371.04,False,True,False,,False,366.8,right_only,False
2026-08-20,WMT,104.0,103.0,1.0,0.445,0.4541,0.6208,-7.658812202759879e-05,0.07183235943914212,-1.3659911471559369e-05,0.41222879684418146,0.3254437869822485,0.26232741617357,103.7,True,True,True,False,False,,False,,,,,,,,,,,,,,,,,,,,left_only,False
2026-08-24,AAPL,312.5,310.0,2.5,1.3,1.3411,0.2547,-0.0001475700800444013,0.13327645535891497,-6.023498599855481e-06,0.4161735700197239,0.4911242603550296,0.09270216962524655,319.7,True,False,True,False,False,,False,,,,,,,,,,,,,,,,,,,,left_only,False
2026-08-24,ABBV,265.0,262.5,2.5,1.37,1.1129,0.2951,-0.0007387581115222419,0.12327239765674436,-3.8337671580698715e-05,0.4437869822485207,0.41222879684418146,0.14398422090729784,255.48,True,False,False,True,False,,False,265.0,262.5,2.5,1.2,1.1899,0.3004,-0.0005355431427077,0.1230866359045145,-2.7916061109864248e-05,0.4280078895463511,0.4319526627218935,0.1400394477317554,255.48,True,True,True,15.0,False,264.14,both,False
2026-08-24,ABT,117.0,116.0,1.0,0.025,0.4865,0.2052,-0.00022666976952867568,0.1111464214546205,-1.5736456390080882e-05,0.4319526627218935,0.4240631163708087,0.14398422090729784,112.47,True,False,True,False,False,,False,117.0,116.0,1.0,0.5,0.5461,0.2672,-0.0002964720298791,0.1252258439896083,-1.4680684114920708e-05,0.3846153846153846,0.4871794871794871,0.1282051282051282,112.47,True,False,False,,False,116.155,both,False
2026-08-24,ACN,187.5,185.0,2.5,1.725,1.2362,0.5662,0.0003481857555645007,0.16604924092725526,6.472447591243711e-06,0.4477317554240631,0.41222879684418146,0.14003944773175542,189.61,True,False,True,True,True,7.0,False,187.5,185.0,2.5,1.15,1.225,0.5391,0.0009022000103755,0.1584410191934973,2.0130816009820935e-05,0.4556213017751479,0.3964497041420118,0.1479289940828402,189.61,True,False,False,,False,186.59,both,False
2026-08-24,ADI,372.5,370.0,2.5,1.25,1.3151,0.4149,-0.0001642971422459727,0.2193595026802182,-8.496324515583018e-07,0.4358974358974359,0.49506903353057197,0.06903353057199212,361.78,True,False,True,False,False,,False,375.0,372.5,2.5,1.4,1.3426,0.4303,-0.0010324704771874,0.2272536216247895,-4.417715962261398e-06,0.3727810650887574,0.5305719921104537,0.0966469428007889,361.78,True,True,True,8.0,False,372.17,both,False
2026-08-24,ADP,,,,,,,,,,,,,,,,,,,,,285.0,282.5,2.5,1.3,1.4076,0.328,-0.0009958037182914,0.1539412975167968,-2.4753305304934445e-05,0.3293885601577909,0.5187376725838264,0.1518737672583826,287.48,True,False,False,,False,282.63,right_only,False
2026-08-24,AMGN,445.0,442.5,2.5,0.375,1.1731,0.3394,-0.000993648150378279,0.21958817190034385,-5.110345655701909e-06,0.45956607495069035,0.4990138067061144,0.04142011834319527,432.42,True,False,True,False,False,,False,447.5,445.0,2.5,1.3,1.3289,0.3497,-0.0007204084364462,0.2249364877542449,-3.2587465185041754e-06,0.4122287968441814,0.534516765285996,0.0532544378698224,432.42,True,False,False,,False,444.41,both,False
2026-08-24,AMZN,262.5,260.0,2.5,1.125,1.1336,0.325,-0.0003474296056260595,0.1375980967119339,-1.2784170803508127e-05,0.4714003944773176,0.41222879684418146,0.11637080867850098,266.43,True,False,True,False,False,,False,262.5,260.0,2.5,1.12,1.1448,0.3252,-0.0002679607062091,0.1363365104065982,-1.0163105972437786e-05,0.4714003944773176,0.4122287968441814,0.1163708086785009,266.43,True,False,False,,False,262.155,both,False
2026-08-24,AVGO,362.5,360.0,2.5,1.4,1.3571,0.443,-0.001334521914914344,0.23254490313658926,-5.029148649672785e-06,0.368836291913215,0.5660749506903353,0.0650887573964497,368.79,True,False,True,True,True,10.0,False,362.5,360.0,2.5,1.275,1.2971,0.4455,-0.0007073068571982,0.2230719413265846,-3.3459076666836654e-06,0.4201183431952662,0.5187376725838264,0.0611439842209073,368.79,True,False,False,,False,360.73,both,False
2026-08-24,AXP,337.5,335.0,2.5,0.98,1.0604,0.2579,-0.00022062207370288078,0.14835358867266812,-6.271183142369334e-06,0.5226824457593688,0.39250493096646943,0.08481262327416174,333.2,True,False,False,False,False,,False,340.0,337.5,2.5,1.3,1.2996,0.268,0.0003111668996083,0.1446045160843259,9.677668713462389e-06,0.4398422090729783,0.4516765285996055,0.1084812623274161,333.2,True,True,True,3.0,True,338.27,both,True
2026-08-24,CL,93.0,92.0,1.0,-0.325,0.6852,0.2854,0.05888831348063661,0.09234345316922332,0.006419882285984389,0.40433925049309666,0.41222879684418146,0.1834319526627219,90.75,True,False,True,False,False,,False,,,,,,,,,,,,,,,,,,,,left_only,False
2026-08-24,COST,975.0,972.5,2.5,1.775,1.3712,0.346,0.00016380521571179862,0.26247000268302756,3.0101293205200016e-07,0.43984220907297833,0.514792899408284,0.045364891518737675,945.47,True,False,True,True,True,8.0,False,975.0,972.5,2.5,1.2,1.4309,0.2323,-0.0002072406486989,0.2716164331336451,-3.057725594742068e-07,0.4003944773175542,0.5502958579881657,0.04930966469428,945.47,True,False,False,,False,969.89,both,False
2026-08-24,CRM,212.5,210.0,2.5,1.325,1.3481,0.9417,-0.0009277815740604822,0.25109383294306553,-2.240153391047102e-06,0.36489151873767256,0.514792899408284,0.1203155818540434,256.0,True,True,True,False,False,,False,212.5,210.0,2.5,1.375,1.3397,0.9228,0.000456496805635,0.2483017704731223,1.1786140463089974e-06,0.4280078895463511,0.4635108481262327,0.1084812623274161,256.0,True,True,True,6.0,True,210.17,both,True
2026-08-24,CSCO,111.0,110.0,1.0,0.5,0.5201,0.3167,-0.001154829988843753,0.14052639251376653,-3.960973795501116e-05,0.3727810650887574,0.514792899408284,0.11242603550295859,109.93,True,False,True,False,False,,False,111.0,110.0,1.0,0.545,0.525,0.3236,-0.0005817349289988,0.1438706178475455,-1.841416245493385e-05,0.3925049309664694,0.4871794871794871,0.1203155818540434,109.93,True,True,True,13.0,False,110.26,both,False
2026-08-24,DE,652.5,650.0,2.5,1.3,1.345,0.342,-0.0002460428771289269,0.2697719600717824,-3.794542572350231e-07,0.4358974358974359,0.5266272189349113,0.03747534516765286,630.33,True,False,True,False,False,,False,652.5,650.0,2.5,1.2,1.357,0.3719,-0.0007651258818904,0.2760197776042673,-1.015687485956846e-06,0.4003944773175542,0.5463510848126233,0.0532544378698224,630.33,True,False,False,,False,647.775,both,False
2026-08-24,DIS,111.0,110.0,1.0,0.455,0.5483,0.2692,0.006152682980097524,0.10783276300328293,0.0004625049272992886,0.4358974358974359,0.4161735700197239,0.14792899408284024,108.1,True,False,True,False,False,,False,111.0,110.0,1.0,0.565,0.5508,0.2616,-0.0001464764299955,0.1123379287375606,-9.8823885479753e-06,0.3767258382642998,0.4714003944773176,0.1518737672583826,108.1,True,True,True,10.0,False,110.24,both,False
2026-08-24,F,14.0,13.5,0.5,0.185,0.1796,0.36,-0.0007987764114978368,0.02871590090637821,-0.0004009751476416433,0.39250493096646943,0.21104536489151873,0.39644970414201186,13.88,True,False,False,True,False,,False,14.0,13.5,0.5,0.175,0.181,0.3515,-0.0007584709776981,0.0405927127957932,-0.0002863112277882,0.3925049309664694,0.2110453648915187,0.3964497041420118,13.88,False,False,False,,False,13.93,both,False
2026-08-24,FCX,79.0,78.0,1.0,0.53,0.5799,0.6188,0.006633214577743685,0.1972391213257082,5.832937974826571e-05,0.4319526627218935,0.46745562130177515,0.10059171597633136,76.45,True,False,True,False,False,,False,78.0,77.0,1.0,0.57,0.517,0.6108,0.0071839175481041,0.1812141779087477,9.280122711708934e-05,0.4911242603550296,0.408284023668639,0.1005917159763313,76.45,True,True,True,2.0,True,77.54,both,True
2026-08-24,GE,342.5,340.0,2.5,1.3,1.2243,0.3453,0.000520884685196954,0.17628181734576853,7.574331277965383e-06,0.47928994082840237,0.4280078895463511,0.09270216962524655,342.58,True,False,True,True,True,6.0,True,345.0,342.5,2.5,1.35,1.3878,0.3428,-0.0002971647235721,0.1918202625570361,-2.976060090621954e-06,0.3964497041420118,0.5187376725838264,0.0848126232741617,342.58,True,False,False,,False,341.955,both,False
2026-08-24,GILD,147.0,146.0,1.0,0.61,0.4989,0.3352,-0.0004209104997660029,0.16888903256382193,-7.308831707992121e-06,0.4319526627218935,0.46745562130177515,0.10059171597633136,145.68,True,False,True,True,True,13.0,False,147.0,146.0,1.0,0.395,0.5228,0.3176,-0.0006456790600715,0.1802651627326069,-8.532980068294469e-06,0.408284023668639,0.5069033530571992,0.0848126232741617,145.68,True,False,False,,False,146.315,both,False
2026-08-24,GOOGL,350.0,347.5,2.5,1.175,1.3309,0.2994,-0.0006413061440648793,0.1753004552827202,-9.547659252165486e-06,0.40039447731755423,0.514792899408284,0.08481262327416174,346.59,True,False,True,False,False,,False,,,,,,,,,,,,,,,,,,,,left_only,False
2026-08-24,GS,1042.5,1040.0,2.5,1.325,1.3515,0.3226,-0.00047720612475876667,0.3075450013729345,-2.97264932843529e-07,0.4319526627218935,0.5502958579881657,0.01775147928994083,1033.99,True,False,True,False,False,,False,1042.5,1040.0,2.5,1.325,1.399,0.3149,-0.0002554519118256,0.3082688949170773,-1.563873560024701e-07,0.4240631163708087,0.5581854043392505,0.0177514792899408,1033.99,True,False,False,,False,1035.98,both,False
2026-08-24,HD,340.0,337.5,2.5,1.525,1.4811,0.3037,0.00047670394477128397,0.16421150405256113,9.261069512328646e-06,0.3727810650887574,0.5069033530571992,0.1203155818540434,330.19,True,False,True,True,True,5.0,True,337.5,335.0,2.5,1.125,1.188,0.2953,-0.0002894897825126,0.1578212694855951,-6.556189302567374e-06,0.4792899408284023,0.4556213017751479,0.0650887573964497,330.19,True,False,False,,False,337.04,both,False
2026-08-24,HON,215.0,212.5,2.5,0.35,1.1017,0.4124,0.0011821410950871858,0.1179372432815966,6.972707702407701e-05,0.4832347140039448,0.3214990138067061,0.1952662721893491,217.43,True,False,False,False,False,,False,215.0,212.5,2.5,1.1,1.1066,0.3181,0.0001497286261529,0.1055905163638177,1.187757423223811e-05,0.4714003944773176,0.3412228796844181,0.1873767258382643,217.43,False,False,False,,False,214.71,both,False
2026-08-24,IBM,232.5,230.0,2.5,1.3,1.1581,0.3666,-0.0006485209188701324,0.1404754911968613,-2.227093514939107e-05,0.4319526627218935,0.4240631163708087,0.14398422090729784,235.59,True,False,True,True,True,18.0,False,,,,,,,,,,,,,,,,,,,,left_only,False
2026-08-24,INTC,88.0,87.0,1.0,0.59,0.5506,0.6755,-0.0010134879267862384,0.20982819401776198,-6.58817514221971e-06,0.3806706114398422,0.5621301775147929,0.05719921104536489,89.47,True,False,True,True,True,12.0,False,89.0,88.0,1.0,0.605,0.5707,0.6749,-0.0010680927469199,0.2214130303270252,-5.25782335140688e-06,0.3648915187376725,0.5857988165680473,0.04930966469428,89.47,True,True,True,9.0,False,87.785,both,False
2026-08-24,ISRG,375.0,372.5,2.5,1.35,1.1309,0.3094,-0.0018080808845652996,0.18862004089231243,-1.955322619491233e-05,0.40828402366863903,0.5069033530571992,0.08481262327416174,372.6,True,False,True,True,True,17.0,False,377.5,375.0,2.5,0.9,1.39,0.3455,-0.0009797435365952,0.1999891031014465,-8.065150446334288e-06,0.368836291913215,0.5542406311637081,0.0769230769230769,372.6,True,False,False,,False,374.905,both,False
2026-08-24,IWM,299.0,298.0,1.0,0.485,0.499,0.1682,-0.000933037834041528,0.1966125937866814,-8.329000825796813e-06,0.4319526627218935,0.5187376725838264,0.04930966469428008,295.75,True,False,True,False,False,,False,,,,,,,,,,,,,,,,,,,,left_only,False
2026-08-24,JNJ,275.0,272.5,2.5,1.61,1.5957,0.3255,0.009159741832932111,0.11481408278030547,0.0005823288289441872,0.368836291913215,0.4832347140039448,0.14792899408284024,268.04,True,True,True,True,False,,False,272.5,270.0,2.5,1.32,1.1239,0.254,-0.0001994274974626,0.1101506809442387,-1.4180026733162426e-05,0.4753451676528599,0.3925049309664694,0.1321499013806706,268.04,False,True,False,,False,272.456,both,False
2026-08-24,JPM,357.5,355.0,2.5,1.15,1.3225,0.4483,0.003921967477610977,0.12262109600113091,0.00020673595729203822,0.4714003944773176,0.43984220907297833,0.08875739644970414,357.62,True,False,True,False,False,,False,357.5,355.0,2.5,1.245,1.2913,0.2247,-2.1734373595316825e-05,0.1217979535410584,-1.1685272076146914e-06,0.4437869822485207,0.4714003944773176,0.0848126232741617,357.62,True,False,False,,False,355.92,both,False
2026-08-24,KO,,,,,,,,,,,,,,,,,,,,,92.0,91.0,1.0,0.47,0.4927,0.1892,-0.0007250553996264,0.0329800750838311,-0.0003285622320973,0.3530571992110454,0.408284023668639,0.2386587771203155,89.66,True,False,False,,False,91.515,right_only,False
2026-08-24,LOW,217.5,215.0,2.5,0.925,1.108,0.3339,-0.0007725119862239671,0.1120718459509471,-5.245329853389593e-05,0.45956607495069035,0.4280078895463511,0.11242603550295859,208.05,True,False,False,False,False,,False,217.5,215.0,2.5,1.225,1.1964,0.335,-0.0005276390889583,0.1093486689222695,-3.8246209304449856e-05,0.4398422090729783,0.4477317554240631,0.1124260355029585,208.05,True,True,True,16.0,False,216.725,both,False
2026-08-24,MCD,,,,,,,,,,,,,,,,,,,,,272.5,270.0,2.5,1.09,1.1464,0.229,0.0004617432576783,0.0901312487757057,5.308312317154946e-05,0.4714003944773176,0.3609467455621302,0.1676528599605522,265.0,True,False,False,,False,272.17,right_only,False
2026-08-24,MDT,93.0,92.0,1.0,0.52,0.3822,0.2854,-0.0016465750664973466,0.10000251642938407,-0.0001493648989083165,0.4319526627218935,0.39644970414201186,0.17159763313609466,91.23,True,False,False,True,False,,False,93.0,92.0,1.0,0.45,0.4728,0.2652,-0.000627853964952,0.0846661294067305,-8.229583458117574e-05,0.408284023668639,0.4161735700197239,0.1755424063116371,91.23,True,False,False,,False,92.75,both,False
2026-08-24,MMM,180.0,177.5,2.5,1.315,1.2238,0.2742,-8.991298998972663e-05,0.031108213793421102,-4.261666158232727e-05,0.4161735700197239,0.40039447731755423,0.1834319526627219,174.34,True,True,True,True,False,,False,180.0,177.5,2.5,1.24,1.2439,0.2569,-0.0003631664573058,0.041523063372687,-0.0001340627224316,0.388560157790927,0.4161735700197239,0.1952662721893491,174.34,True,False,False,,False,178.69,both,False
2026-08-24,MO,69.0,68.0,1.0,0.645,0.5688,0.3086,0.010647707079794122,0.046053987955675835,0.00352559374496285,0.40828402366863903,0.388560157790927,0.20315581854043394,68.65,True,False,True,True,True,1.0,True,,,,,,,,,,,,,,,,,,,,left_only,False
2026-08-24,MS,215.0,212.5,2.5,1.16,1.1483,0.3179,-0.0006064341733048595,0.10784861213393138,-4.556908362589403e-05,0.4358974358974359,0.4161735700197239,0.14792899408284024,214.77,True,False,True,True,True,20.0,False,215.0,212.5,2.5,1.115,1.1595,0.3331,-0.000159246212935,0.108309818833905,-1.1834462922871305e-05,0.4437869822485207,0.3846153846153846,0.1715976331360946,214.77,True,False,False,,False,214.38,both,False
2026-08-24,MSFT,490.0,487.5,2.5,1.5,1.2616,0.285,-0.0011551770809142825,0.2076884440089829,-7.904927283314147e-06,0.39250493096646943,0.5108481262327417,0.09664694280078895,513.53,True,False,True,True,True,14.0,False,490.0,487.5,2.5,1.175,1.2367,0.2917,-0.0003852163649349,0.2065893149949849,-2.706514388175963e-06,0.4556213017751479,0.4792899408284023,0.0650887573964497,513.53,True,False,False,,False,488.77,both,False
2026-08-24,NEE,,,,,,,,,,,,,,,,,,,,,84.0,83.0,1.0,0.49,0.3928,0.2185,-0.0003966696528742,0.0695827755106799,-7.46728978764362e-05,0.5108481262327417,0.3412228796844181,0.1479289940828402,81.84,False,True,False,,False,84.02,right_only,False
2026-08-24,NOW,129.0,128.0,1.0,0.525,0.5012,0.6443,0.00465943473986008,0.2509238898767212,1.1296309305780498e-05,0.5108481262327417,0.42011834319526625,0.06903353057199212,144.71,True,False,True,True,True,4.0,True,130.0,129.0,1.0,0.5,0.5448,0.6326,-0.0005290228016892,0.2548288847790538,-1.1678194589180926e-06,0.4003944773175542,0.5266272189349113,0.0729783037475345,144.71,True,False,False,,False,128.79,both,False
2026-08-24,NVDA,210.0,207.5,2.5,1.325,1.313,0.7285,-0.00019163257932819366,0.21657513899195546,-1.0594782325800827e-06,0.4240631163708087,0.4832347140039448,0.09270216962524655,217.55,True,True,True,True,False,,False,212.5,210.0,2.5,1.425,1.4196,0.7219,-0.0005493833352484,0.2245279740619032,-2.509604229138077e-06,0.3846153846153846,0.5542406311637081,0.0611439842209073,217.55,True,True,True,7.0,False,209.39,both,False
2026-08-24,ORCL,144.0,143.0,1.0,0.475,0.5625,0.6171,-0.00039396657276014047,0.26662616581327236,-6.552346163839418e-07,0.40828402366863903,0.5581854043392505,0.03353057199211045,150.85,True,False,True,False,False,,False,145.0,144.0,1.0,0.575,0.5787,0.5985,-0.0003344112278953,0.2687489335359506,-5.285578875014071e-07,0.3925049309664694,0.5660749506903353,0.0414201183431952,150.85,True,False,False,,False,143.105,both,False
2026-08-24,PEP,145.0,144.0,1.0,0.475,0.4897,0.2111,-0.0003990495227037538,0.13940734812976263,-1.4059652507783195e-05,0.4358974358974359,0.4516765285996055,0.11242603550295859,141.07,True,False,True,False,False,,False,145.0,144.0,1.0,0.505,0.5092,0.2302,-0.0005642064148696,0.1282251178750412,-2.599794091615284e-05,0.4043392504930966,0.4714003944773176,0.1242603550295858,141.07,True,False,False,,False,144.47,both,False
2026-08-24,PFE,28.0,27.5,0.5,0.175,0.1578,0.2313,-0.0010692846751800822,0.04396894656061101,-0.00037222200301500406,0.46745562130177515,0.24260355029585798,0.28994082840236685,27.96,True,False,False,True,False,,False,,,,,,,,,,,,,,,,,,,,left_only,False
2026-08-24,PG,147.0,146.0,1.0,0.55,0.502,0.2471,-0.00028649192889873554,0.11591684058773533,-1.773794606441046e-05,0.43984220907297833,0.46745562130177515,0.09270216962524655,143.78,True,False,True,True,True,16.0,False,147.0,146.0,1.0,0.52,0.5333,0.2046,-0.0004554219212502,0.1198344069182255,-2.5666804997604635e-05,0.408284023668639,0.5069033530571992,0.0848126232741617,143.78,True,False,False,,False,146.2,both,False
2026-08-24,PM,192.5,190.0,2.5,1.1,1.3144,0.2893,0.004901771054809156,0.06526950740344684,0.0010233979373376995,0.4477317554240631,0.40039447731755423,0.15187376725838264,191.89,True,False,True,False,False,,False,,,,,,,,,,,,,,,,,,,,left_only,False
2026-08-24,PNC,245.0,242.5,2.5,1.2,1.3411,0.23,0.0006047706287821697,0.07237241543794437,0.00010647511433766415,0.4240631163708087,0.4556213017751479,0.1203155818540434,242.22,True,False,True,False,False,,False,245.0,242.5,2.5,1.175,1.2243,0.2298,-0.0007070428814267,0.0716367243923026,-0.0001266984598402,0.4122287968441814,0.4595660749506903,0.1282051282051282,242.22,True,False,False,,False,243.54,both,False
2026-08-24,PYPL,62.0,61.0,1.0,0.55,0.4847,0.3912,0.0005084945482096703,0.09304066879493966,5.451513900666708e-05,0.4319526627218935,0.3727810650887574,0.1952662721893491,53.66,True,False,True,True,True,2.0,True,62.0,61.0,1.0,0.535,0.5069,0.4064,0.0027480917962168,0.0835282627925657,0.0003701779183619,0.4280078895463511,0.3727810650887574,0.1992110453648915,53.66,True,True,True,1.0,True,61.665,both,True
2026-08-24,QCOM,160.0,157.5,2.5,1.36,1.2543,0.4819,-0.0008446394024710369,0.12003195992208981,-4.7377278418310614e-05,0.39250493096646943,0.47534516765285995,0.13214990138067062,164.19,True,False,True,True,True,21.0,False,160.0,157.5,2.5,1.21,1.1816,0.4808,-0.0003708172147098,0.1179850375129639,-2.18471036822116e-05,0.4437869822485207,0.4240631163708087,0.1321499013806706,164.19,True,True,True,14.0,False,159.37,both,False
2026-08-24,QQQ,708.0,707.0,1.0,0.475,0.4828,0.201,-0.000645203554848095,0.3061969139053261,-4.1513144340324537e-07,0.47534516765285995,0.5029585798816568,0.021696252465483234,716.43,True,False,True,False,False,,False,,,,,,,,,,,,,,,,,,,,left_only,False
2026-08-24,RTX,210.0,207.5,2.5,1.455,1.1824,0.3642,-0.00017693569588095315,0.06798249209075591,-3.461221160228956e-05,0.4437869822485207,0.40433925049309666,0.15187376725838264,211.71,True,False,True,True,True,19.0,False,210.0,207.5,2.5,1.195,1.2253,0.2597,-0.0003896583538565,0.0646293177807761,-8.261297187650701e-05,0.4201183431952662,0.4358974358974359,0.1439842209072978,211.71,True,False,False,,False,208.87,both,False
2026-08-24,SBUX,108.0,107.0,1.0,0.545,0.5187,0.3086,0.00047974220194269,0.12222319369298473,2.5530970169975614e-05,0.43984220907297833,0.4437869822485207,0.11637080867850098,107.85,True,False,True,True,True,3.0,True,108.0,107.0,1.0,0.52,0.5406,0.307,0.0004741156842917,0.1315709515842686,2.0160969122134583e-05,0.4240631163708087,0.4674556213017751,0.1084812623274161,107.85,True,False,False,,False,107.25,both,False
2026-08-24,SCHW,114.0,113.0,1.0,0.48,0.489,0.3536,0.004642743910605596,0.09536276823316014,0.0004707628165065935,0.47928994082840237,0.368836291913215,0.15187376725838264,110.16,True,False,True,False,False,,False,114.0,113.0,1.0,0.475,0.4692,0.2285,1.3460892957395387e-05,0.0933191255789382,1.4335152573092376e-06,0.4635108481262327,0.3964497041420118,0.1400394477317554,110.16,True,True,True,5.0,True,113.61,both,True
2026-08-24,SPY,765.0,764.0,1.0,0.455,0.5,0.1259,-0.0006777029032861703,0.275139820892625,-9.188368472885635e-07,0.4358974358974359,0.4990138067061144,0.0650887573964497,769.35,True,False,True,False,False,,False,,,,,,,,,,,,,,,,,,,,left_only,False
2026-08-24,TJX,141.0,140.0,1.0,0.875,0.5045,0.3154,-4.3870690356162534e-05,0.13190628308818708,-1.8505736226826064e-06,0.4437869822485207,0.4516765285996055,0.10453648915187377,135.12,True,False,True,True,True,9.0,False,141.0,140.0,1.0,0.575,0.5603,0.2512,-0.0004725134882092,0.144327053065473,-1.4793930856908689e-05,0.3806706114398422,0.5266272189349113,0.0927021696252465,135.12,True,True,True,11.0,False,140.08,both,False
2026-08-24,TSLA,352.5,350.0,2.5,1.4,1.4028,0.4477,4.85337400379926e-06,0.23111422200059817,1.892886650015308e-08,0.42011834319526625,0.5305719921104537,0.04930966469428008,348.75,True,False,True,False,False,,False,355.0,352.5,2.5,1.425,1.422,0.4578,0.0005379098283775,0.2317419453972223,2.0665576486428865e-06,0.4240631163708087,0.5226824457593688,0.0532544378698224,348.75,True,True,True,4.0,True,351.56,both,True
2026-08-24,TXN,260.0,257.5,2.5,1.325,1.3093,0.4434,-0.0007225472444523096,0.17219608360340155,-1.1589236757115512e-05,0.39250493096646943,0.4990138067061144,0.10848126232741617,258.64,True,False,True,True,True,15.0,False,262.5,260.0,2.5,1.4,1.3625,0.4421,-0.0012614161777266,0.1841920149931847,-1.5170943090049269e-05,0.3451676528599605,0.534516765285996,0.1203155818540434,258.64,True,True,True,12.0,False,260.06,both,False
2026-08-24,UNH,400.0,397.5,2.5,1.275,1.2608,0.2844,-0.0004038263666853448,0.17794484698531998,-5.6423952918992935e-06,0.4437869822485207,0.48717948717948717,0.06903353057199212,392.95,True,False,True,True,True,11.0,False,400.0,397.5,2.5,1.225,1.2828,0.2894,-0.0006434216856061,0.1789382747919895,-8.778290843365006e-06,0.4358974358974359,0.5187376725838264,0.0453648915187376,392.95,True,False,False,,False,398.325,both,False
2026-08-24,UPS,103.0,102.0,1.0,0.495,0.4954,0.2671,0.00019542331418431758,0.08146130695650045,2.766302491000546e-05,0.4477317554240631,0.42011834319526625,0.13214990138067062,105.33,True,False,True,False,False,,False,103.0,102.0,1.0,0.46,0.4524,0.2526,-0.0006532956373068,0.0942323444133954,-6.80643443334382e-05,0.4477317554240631,0.4201183431952662,0.1321499013806706,105.33,True,True,True,17.0,False,102.73,both,False
2026-08-24,V,,,,,,,,,,,,,,,,,,,,,382.5,380.0,2.5,1.11,1.0855,0.2265,-0.0006744642987396,0.1422357069882206,-2.220376294555012e-05,0.4714003944773176,0.4122287968441814,0.1163708086785009,381.6,False,True,False,,False,382.33,right_only,False
2026-08-24,WMT,107.0,106.0,1.0,0.485,0.5223,0.2456,0.00693753769602834,0.09221464110450439,0.0007586577892681961,0.47534516765285995,0.40433925049309666,0.1203155818540434,103.09,True,False,True,False,False,,False,,,,,,,,,,,,,,,,,,,,left_only,False
2026-08-24,XOM,165.0,162.5,2.5,1.16,1.3071,0.6149,0.007260585146385834,0.060532081836083496,0.0016984065028321491,0.4358974358974359,0.36489151873767256,0.1992110453648915,156.71,True,False,True,False,False,,False,165.0,162.5,2.5,1.23,1.241,0.3095,0.0008068242659717,0.0529051954924468,0.0002266441555048,0.4280078895463511,0.3846153846153846,0.1873767258382643,156.71,True,False,False,,False,163.76,both,False
2026-08-25,AAPL,310.0,307.5,2.5,1.045,1.0368,0.388,-0.0001730673459580112,0.11637563891107683,-1.059800173600217e-05,0.5029585798816568,0.34911242603550297,0.14792899408284024,319.7,True,False,False,True,False,,False,310.0,307.5,2.5,1.185,1.2296,0.2606,0.0002141225373026,0.102177279699964,1.8435787391878975e-05,0.4477317554240631,0.4122287968441814,0.1400394477317554,319.7,True,False,False,,False,308.905,both,False
2026-08-25,ABBV,267.5,265.0,2.5,1.24,1.2462,0.3004,-0.0006627911216505744,0.10956125226908486,-4.779828861333984e-05,0.40039447731755423,0.45956607495069035,0.14003944773175542,255.48,True,False,True,False,False,,False,267.5,265.0,2.5,1.1,1.2345,0.2986,-0.0004383054058556,0.1000204900221353,-3.974262067641787e-05,0.4280078895463511,0.4556213017751479,0.1163708086785009,255.48,True,False,False,,False,266.095058,both,False
2026-08-25,ABT,,,,,,,,,,,,,,,,,,,,,117.0,116.0,1.0,0.55,0.5216,0.2921,-0.0005428232290932,0.1150862975942279,-3.4285159048036136e-05,0.3648915187376725,0.4477317554240631,0.1873767258382643,112.47,True,True,True,18.0,False,116.25,right_only,False
2026-08-25,ACN,187.5,185.0,2.5,1.4,1.1327,0.5376,0.0004904849821987245,0.13184953979413028,2.0718058393968423e-05,0.47928994082840237,0.35700197238658776,0.16370808678500987,189.61,True,False,True,True,True,4.0,True,190.0,187.5,2.5,1.4,1.3458,0.5402,0.0001430218270537,0.1444612475115494,4.463473680768511e-06,0.3846153846153846,0.4319526627218935,0.1834319526627219,189.61,True,True,True,7.0,False,187.925,both,False
2026-08-25,ADI,375.0,372.5,2.5,1.25,1.3056,0.4333,0.00024691944441124214,0.20143000663511057,1.9635262976626804e-06,0.4516765285996055,0.4714003944773176,0.07692307692307693,361.78,True,False,True,False,False,,False,375.0,372.5,2.5,1.3,1.3777,0.4541,-0.0005122003717902,0.2155888458739189,-2.899631322274016e-06,0.388560157790927,0.5226824457593688,0.0887573964497041,361.78,True,False,False,,False,372.33,both,False
2026-08-25,ADP,285.0,282.5,2.5,1.2,1.2614,0.3187,-0.0021115802700371056,0.13588746167963517,-8.095494853269176e-05,0.32938856015779094,0.5424063116370809,0.1282051282051282,287.48,True,False,True,False,False,,False,285.0,282.5,2.5,1.25,1.3349,0.3364,-0.0005541767405071,0.1300803255073206,-2.4423745856100954e-05,0.3846153846153846,0.4911242603550296,0.1242603550295858,287.48,True,False,False,,False,283.3,both,False
2026-08-25,AMGN,445.0,442.5,2.5,1.25,1.2324,0.3326,-0.0013904249743353914,0.20102870030336673,-1.1163794510316124e-05,0.4161735700197239,0.5384615384615384,0.045364891518737675,432.42,True,False,True,True,True,14.0,False,445.0,442.5,2.5,1.3,1.2737,0.3577,-0.0007928150919703,0.2034437583182842,-6.007086282868929e-06,0.4201183431952662,0.5108481262327417,0.0690335305719921,432.42,True,True,True,12.0,False,443.12,both,False
2026-08-25,AMZN,262.5,260.0,2.5,1.26,1.2684,0.3142,-0.00047499688468854995,0.10625513181895829,-3.7083980421988634e-05,0.40828402366863903,0.4635108481262327,0.1282051282051282,266.43,True,False,True,False,False,,False,,,,,,,,,,,,,,,,,,,,left_only,False
2026-08-25,AVGO,360.0,357.5,2.5,1.375,1.4436,0.5901,-0.0003499546301092282,0.21939172144562247,-1.808327171209823e-06,0.38461538461538464,0.5542406311637081,0.0611439842209073,368.79,True,False,True,False,False,,False,357.5,355.0,2.5,1.275,1.3052,0.4739,-0.0008468721374517,0.2105715873937443,-5.4077419782588265e-06,0.4201183431952662,0.5384615384615384,0.0414201183431952,368.79,True,False,False,,False,355.915,both,False
2026-08-25,AXP,337.5,335.0,2.5,1.31,1.2865,0.2485,0.001386452231814994,0.11919465036397825,7.93470923838664e-05,0.4556213017751479,0.4319526627218935,0.11242603550295859,333.2,True,False,True,True,True,2.0,True,337.5,335.0,2.5,1.205,1.2032,0.2687,0.0015859703071534,0.120758415356668,8.742223991959281e-05,0.4950690335305719,0.4043392504930966,0.1005917159763313,333.2,True,True,True,2.0,True,336.6,both,True
2026-08-25,BA,212.5,210.0,2.5,1.255,1.2113,0.2979,-0.0007992612256760845,0.07539652727314339,-0.00013086564399662816,0.40039447731755423,0.4477317554240631,0.15187376725838264,209.82,True,False,True,True,True,21.0,False,212.5,210.0,2.5,1.215,1.2189,0.3056,-0.0003976670379198,0.0677523027233222,-7.82226933425314e-05,0.408284023668639,0.4201183431952662,0.1715976331360946,209.82,True,False,False,,False,211.45,both,False
2026-08-25,BMY,68.0,67.0,1.0,0.71,0.4241,0.4283,-0.0008000307858996303,0.04954844612797982,-0.0002435902480089734,0.4319526627218935,0.368836291913215,0.1992110453648915,66.58,True,False,False,True,False,,False,68.0,67.0,1.0,0.405,0.4252,0.2972,-0.0007824818894552,0.0494994524704386,-0.000238527335589,0.4319526627218935,0.368836291913215,0.1992110453648915,66.58,False,False,False,,False,67.87,both,False
2026-08-25,CME,,,,,,,,,,,,,,,,,,,,,280.0,277.5,2.5,1.425,1.3365,0.2838,-0.0001304127879208,0.1096840631271239,-9.377256127562436e-06,0.3964497041420118,0.4635108481262327,0.1400394477317554,285.8,True,True,True,14.0,False,278.16,right_only,False
2026-08-25,COST,962.5,960.0,2.5,0.925,1.2325,0.1905,-0.000884306371075394,0.23184562601301462,-3.388910732449566e-06,0.43984220907297833,0.5108481262327417,0.04930966469428008,945.47,True,False,True,False,False,,False,965.0,962.5,2.5,1.375,1.3831,0.2073,0.0003769975583278,0.2360825447327668,1.305071250354118e-06,0.4398422090729783,0.514792899408284,0.0453648915187376,945.47,True,False,False,,False,961.72,both,False
2026-08-25,CRM,210.0,207.5,2.5,1.375,1.4569,1.041,-0.0023294153571680187,0.25681065626181576,-4.903341174627421e-06,0.28205128205128205,0.621301775147929,0.09664694280078895,256.0,True,True,True,False,False,,False,210.0,207.5,2.5,1.475,1.458,1.0204,-0.0022281485994508,0.2551776915601673,-4.877640982303833e-06,0.2859960552268245,0.6173570019723866,0.0966469428007889,256.0,True,True,True,11.0,False,205.6,both,False
2026-08-25,CSCO,,,,,,,,,,,,,,,,,,,,,111.0,110.0,1.0,0.485,0.4698,0.3288,-0.0003862104886177,0.1210396272993068,-2.1145592111233547e-05,0.4595660749506903,0.4358974358974359,0.1045364891518737,109.93,True,True,True,16.0,False,110.75,right_only,False
2026-08-25,CSX,,,,,,,,,,,,,,,,,,,,,52.0,51.0,1.0,0.45,0.452,0.2758,0.0003857216438543,0.0061509351720949,0.0003327839681911,0.388560157790927,0.2702169625246548,0.3412228796844181,51.28,True,False,False,,False,51.635,right_only,False
2026-08-25,CVX,200.0,197.5,2.5,1.0,0.8336,0.2721,-0.0010709581899636111,0.07281010943399768,-0.00018658117609600034,0.5069033530571992,0.3136094674556213,0.1794871794871795,201.86,True,False,False,True,False,,False,,,,,,,,,,,,,,,,,,,,left_only,False
2026-08-25,DE,632.5,630.0,2.5,1.8,1.2297,0.313,-0.0014854026876486293,0.2323187520223604,-5.628208221964781e-06,0.40433925049309666,0.534516765285996,0.0611439842209073,630.33,True,False,True,True,True,11.0,False,635.0,632.5,2.5,1.45,1.3739,0.3614,-0.001238977147848,0.2532938161731208,-2.837688604869711e-06,0.3767258382642998,0.5779092702169625,0.0453648915187376,630.33,True,True,True,9.0,False,631.27,both,False
2026-08-25,DHR,217.5,215.0,2.5,1.55,1.2911,0.4047,-0.0008655154866880066,0.1001977212002394,-7.814608494917909e-05,0.35700197238658776,0.4635108481262327,0.1794871794871795,216.07,True,False,True,True,True,20.0,False,,,,,,,,,,,,,,,,,,,,left_only,False
2026-08-25,EOG,148.0,147.0,1.0,-0.025,0.3784,0.3102,-0.002938264495367271,0.18489640396915696,-3.474586885504443e-05,0.41222879684418146,0.5305719921104537,0.05719921104536489,143.35,True,False,False,False,False,,False,148.0,147.0,1.0,0.5,0.4929,0.353,0.0004700914707325,0.1746863407620388,7.102558818269451e-06,0.4753451676528599,0.4319526627218935,0.0927021696252465,143.35,True,True,True,6.0,True,147.635,both,True
2026-08-25,F,14.0,13.5,0.5,0.16,0.1507,0.34,-0.0011622747457147309,0.060894634647735923,-0.00026952553085380374,0.40828402366863903,0.17159763313609466,0.42011834319526625,13.88,True,False,False,True,False,,False,14.0,13.5,0.5,0.155,0.1548,0.3333,-0.0010287457002137,0.0781851948116056,-0.0001575355105846,0.408284023668639,0.1676528599605522,0.4240631163708087,13.88,False,True,False,,False,13.955,both,False
2026-08-25,FCX,81.0,80.0,1.0,0.605,0.5676,0.5963,-0.00023721154666711541,0.17085959359407255,-3.928753102089029e-06,0.38461538461538464,0.5226824457593688,0.09270216962524655,76.45,True,False,True,True,True,8.0,False,80.0,79.0,1.0,0.545,0.5178,0.5769,0.0004336239795847,0.1569612366523682,1.0025261648067377e-05,0.4437869822485207,0.4477317554240631,0.1084812623274161,76.45,True,True,True,4.0,True,79.43,both,True
2026-08-25,GE,350.0,347.5,2.5,1.555,1.1616,0.3745,-0.00022171739893428466,0.1668107891909837,-4.046873681734087e-06,0.48717948717948717,0.4358974358974359,0.07692307692307693,342.58,True,False,True,True,True,9.0,False,350.0,347.5,2.5,1.1,1.131,0.3339,-0.0006914625638769,0.1624996852783008,-1.3996629706721364e-05,0.4714003944773176,0.4477317554240631,0.0808678500986193,342.58,True,False,False,,False,349.495,both,False
2026-08-25,GILD,,,,,,,,,,,,,,,,,,,,,149.0,148.0,1.0,0.465,0.4696,0.3273,-0.0005033279774305,0.1663973871094187,-9.278544664853746e-06,0.4753451676528599,0.4635108481262327,0.0611439842209073,145.68,True,False,False,,False,148.69,right_only,False
2026-08-25,GM,86.0,85.0,1.0,0.395,0.4002,0.3174,-0.001792190132618554,0.10815432188532426,-0.0001336854915753396,0.42011834319526625,0.4319526627218935,0.14792899408284024,86.27,True,False,False,False,False,,False,,,,,,,,,,,,,,,,,,,,left_only,False
2026-08-25,GOOGL,347.5,345.0,2.5,1.16,1.1935,0.3039,-0.0001718408388696746,0.1447605297308161,-5.324484926287692e-06,0.46745562130177515,0.4358974358974359,0.09664694280078895,346.59,True,False,True,False,False,,False,,,,,,,,,,,,,,,,,,,,left_only,False
2026-08-25,GS,1062.5,1060.0,2.5,1.6,1.3008,0.32,0.00028601472806233375,0.29066860640990566,2.6713443441268274e-07,0.47534516765285995,0.4911242603550296,0.03353057199211045,1033.99,True,False,True,True,True,6.0,True,1065.0,1062.5,2.5,1.75,1.3303,0.3362,0.000119854365872,0.2928121431997151,1.0632933698609037e-07,0.4635108481262327,0.5108481262327417,0.0256410256410256,1033.99,True,True,True,8.0,False,1061.145,both,False
2026-08-25,HD,340.0,337.5,2.5,1.385,1.398,0.2817,-0.00042465805354563457,0.1366857273040798,-1.5971834222437653e-05,0.3767258382642998,0.514792899408284,0.10848126232741617,330.19,True,False,True,False,False,,False,340.0,337.5,2.5,1.425,1.3659,0.2904,-0.0008767022978706,0.1400433050602825,-3.04208478585476e-05,0.368836291913215,0.5266272189349113,0.1045364891518737,330.19,True,True,True,17.0,False,337.77,both,False
2026-08-25,IBM,235.0,232.5,2.5,1.33,1.2415,0.3768,0.007320158812700095,0.11359402028891585,0.00047920611880434313,0.48717948717948717,0.368836291913215,0.14398422090729784,235.59,True,False,True,True,True,1.0,True,235.0,232.5,2.5,1.345,1.2596,0.3693,0.0060165732605026,0.1126856543108012,0.0004025492489217,0.4753451676528599,0.3806706114398422,0.1439842209072978,235.59,True,True,True,1.0,True,233.8451,both,True
2026-08-25,INTC,88.0,87.0,1.0,0.52,0.5302,0.8901,-0.0010459529752487873,0.2000432254885809,-8.599003076021602e-06,0.39250493096646943,0.5424063116370809,0.0650887573964497,89.47,True,False,True,False,False,,False,89.0,88.0,1.0,0.57,0.5934,0.7107,-0.0012553425808744,0.2143923174997094,-7.313691702408469e-06,0.3333333333333333,0.6055226824457594,0.0611439842209073,89.47,True,False,False,,False,87.625,both,False
2026-08-25,ISRG,375.0,372.5,2.5,2.55,1.4388,0.4562,-0.0010260257822383156,0.18983671773497168,-1.0776490206592659e-05,0.3609467455621302,0.5857988165680473,0.05325443786982249,372.6,True,False,True,True,True,13.0,False,372.5,370.0,2.5,1.3,1.2965,0.3954,-0.0013266571355554,0.1931356856989361,-1.2873374273471324e-05,0.388560157790927,0.5463510848126233,0.0650887573964497,372.6,True,True,True,15.0,False,370.63,both,False
2026-08-25,IWM,300.0,299.0,1.0,0.475,0.4834,0.1673,-0.0010510263136780384,0.17687668111068566,-1.50666254222984e-05,0.42011834319526625,0.4911242603550296,0.08875739644970414,295.75,True,False,True,False,False,,False,,,,,,,,,,,,,,,,,,,,left_only,False
2026-08-25,JNJ,,,,,,,,,,,,,,,,,,,,,275.0,272.5,2.5,1.405,1.3852,0.2476,-0.0008894650171191,0.080749124122766,-0.0001280782235421,0.3372781065088757,0.5029585798816568,0.1597633136094674,268.04,True,True,True,21.0,False,273.1051,right_only,False
2026-08-25,JPM,357.5,355.0,2.5,1.205,1.1736,0.2184,0.00036668519617322204,0.10086465517910126,3.258173904910176e-05,0.49506903353057197,0.40828402366863903,0.09664694280078895,357.62,True,False,True,True,True,3.0,True,357.5,355.0,2.5,1.085,1.1585,0.2199,0.0001028514373149,0.099938848388666,9.344175701116792e-06,0.4950690335305719,0.408284023668639,0.0966469428007889,357.62,True,False,False,,False,356.735,both,False
2026-08-25,KO,92.0,91.0,1.0,0.44,0.4548,0.1856,-0.0008247538912684593,0.020130751973400196,-0.0005087450367090304,0.3806706114398422,0.3767258382642998,0.24260355029585798,89.66,True,False,True,False,False,,False,92.0,91.0,1.0,0.42,0.4291,0.1895,-0.0006484601509051,0.0274344383672466,-0.0003356852728167,0.408284023668639,0.3372781065088757,0.2544378698224852,89.66,False,False,False,,False,91.755,both,False
2026-08-25,LOW,215.0,212.5,2.5,1.175,1.045,0.3287,-0.001066985669861631,0.08452809120354443,-0.00014031903227170614,0.43984220907297833,0.39644970414201186,0.16370808678500987,208.05,True,False,False,True,False,,False,,,,,,,,,,,,,,,,,,,,left_only,False
2026-08-25,MA,600.0,597.5,2.5,1.35,1.2958,0.2499,0.0017940769895601338,0.18942899345619013,1.9028733262051953e-05,0.47534516765285995,0.4516765285996055,0.07297830374753451,595.3,True,False,True,True,True,5.0,True,,,,,,,,,,,,,,,,,,,,left_only,False
2026-08-25,MCD,,,,,,,,,,,,,,,,,,,,,270.0,267.5,2.5,1.24,1.2871,0.2129,8.248764256491015e-05,0.0487424043976987,2.560610474055023e-05,0.3846153846153846,0.3964497041420118,0.2189349112426035,265.0,True,False,False,,False,268.71,right_only,False
2026-08-25,MDT,,,,,,,,,,,,,,,,,,,,,92.0,91.0,1.0,0.475,0.4584,0.2751,-0.0003271911587497,0.0701748571486107,-6.0724546809364e-05,0.408284023668639,0.3570019723865877,0.2347140039447731,91.23,True,True,True,19.0,False,91.805,right_only,False
2026-08-25,MMM,180.0,177.5,2.5,1.035,0.8963,0.2475,-0.0015228261533913878,0.040488218257801245,-0.0005762870923340453,0.4516765285996055,0.3609467455621302,0.1873767258382643,174.34,True,False,False,True,False,,False,,,,,,,,,,,,,,,,,,,,left_only,False
2026-08-25,MRK,157.5,155.0,2.5,1.085,1.2407,0.3409,-0.0010136850301690759,0.04837741269016882,-0.0003174402495405703,0.35700197238658776,0.4477317554240631,0.1952662721893491,148.35,True,False,True,False,False,,False,157.5,155.0,2.5,1.26,1.2929,0.3553,-0.0012649440829475,0.0481226594393473,-0.0003985525545394,0.3333333333333333,0.4792899408284023,0.1873767258382643,148.35,True,False,False,,False,156.11,both,False
2026-08-25,MS,217.5,215.0,2.5,1.3,1.1273,0.3179,-0.0003177134876015675,0.07885173314810712,-4.788050360555308e-05,0.4516765285996055,0.38461538461538464,0.16370808678500987,214.77,True,False,True,True,True,18.0,False,217.5,215.0,2.5,1.11,1.1316,0.3232,-0.0002149510925323,0.084942860720331,-2.7988168529844865e-05,0.4516765285996055,0.3767258382642998,0.1715976331360946,214.77,True,False,False,,False,216.88,both,False
2026-08-25,MSFT,492.5,490.0,2.5,1.4,1.2077,0.2908,-0.0009423285099058321,0.18103429687310502,-1.2225584247894109e-05,0.4280078895463511,0.48717948717948717,0.08481262327416174,513.53,True,False,True,True,True,15.0,False,492.5,490.0,2.5,1.35,1.3184,0.277,-0.0007266900272901,0.1831252975068438,-8.966477258068679e-06,0.4043392504930966,0.5187376725838264,0.0769230769230769,513.53,True,True,True,13.0,False,490.35,both,False
2026-08-25,NEE,,,,,,,,,,,,,,,,,,,,,84.0,83.0,1.0,0.425,0.2742,0.2334,-0.0004633753215419,0.1626008161709167,-9.356934884750382e-06,0.5936883629191322,0.2071005917159763,0.1992110453648915,81.84,False,True,False,,False,84.525,right_only,False
2026-08-25,NOW,128.0,127.0,1.0,0.5,0.5404,0.7613,0.005292048233420887,0.23952062368288796,1.6868798471121536e-05,0.47928994082840237,0.4556213017751479,0.0650887573964497,144.71,True,False,True,False,False,,False,128.0,127.0,1.0,0.525,0.5575,0.6593,-0.0011889091969791,0.2439949687182901,-3.4038674664411526e-06,0.3530571992110454,0.5581854043392505,0.0887573964497041,144.71,True,False,False,,False,126.67,both,False
2026-08-25,NVDA,215.0,212.5,2.5,1.375,1.3363,0.8512,-0.00041470096808315926,0.21673808743929335,-2.283806579270031e-06,0.39250493096646943,0.48717948717948717,0.1203155818540434,217.55,True,True,True,True,False,,False,215.0,212.5,2.5,1.45,1.4442,0.8255,-0.0009596824397594,0.2239876380812724,-4.441086811564146e-06,0.3451676528599605,0.5621301775147929,0.0927021696252465,217.55,True,True,True,10.0,False,211.95,both,False
2026-08-25,ORCL,146.0,145.0,1.0,0.475,0.5653,0.594,-0.0002780140895352057,0.24787151509497862,-7.25245857303192e-07,0.40039447731755423,0.5424063116370809,0.05719921104536489,150.85,True,False,True,False,False,,False,145.0,144.0,1.0,0.475,0.5626,0.6195,-0.0006222833705705,0.2503998744054536,-1.5277538471328618e-06,0.3964497041420118,0.5660749506903353,0.0374753451676528,150.85,True,False,False,,False,143.65,both,False
2026-08-25,PEP,143.0,142.0,1.0,0.145,0.4963,0.1523,-0.0016410334686673966,0.12091585822341333,-9.011628472133583e-05,0.34516765285996054,0.4990138067061144,0.15581854043392504,141.07,True,False,True,False,False,,False,143.0,142.0,1.0,0.545,0.5494,0.2272,-0.0007444740018451,0.1048521913451614,-6.0112952789382056e-05,0.3491124260355029,0.4950690335305719,0.155818540433925,141.07,True,False,False,,False,142.27,both,False
2026-08-25,PG,146.0,145.0,1.0,0.435,0.5021,0.1913,-0.00044274356304263573,0.07691988883079959,-6.988935901006225e-05,0.40828402366863903,0.4516765285996055,0.14003944773175542,143.78,True,False,True,False,False,,False,146.0,145.0,1.0,0.505,0.5081,0.2063,-0.0001429139503915,0.0925057465385978,-1.5519616225307566e-05,0.4201183431952662,0.4437869822485207,0.136094674556213,143.78,True,False,False,,False,145.44,both,False
2026-08-25,PM,195.0,192.5,2.5,1.425,1.1644,0.2914,-0.0006028557445294513,0.040325911650687774,-0.00022903070072154236,0.41222879684418146,0.40433925049309666,0.1834319526627219,191.89,True,False,True,True,True,22.0,False,195.0,192.5,2.5,1.275,1.2438,0.3052,-0.0002463928562761,0.0566193566424753,-6.331122726851255e-05,0.3964497041420118,0.4122287968441814,0.1913214990138067,191.89,True,True,True,20.0,False,193.73,both,False
2026-08-25,PNC,245.0,242.5,2.5,1.1,1.1094,0.2226,-0.00043999490937607355,0.04549757229722573,-0.0001476465766152999,0.4280078895463511,0.3609467455621302,0.21104536489151873,242.22,True,False,False,False,False,,False,245.0,242.5,2.5,1.075,1.1091,0.2396,-0.0002651489152692,0.0601668690195025,-6.257005168839116e-05,0.4437869822485207,0.3570019723865877,0.1992110453648915,242.22,False,False,False,,False,244.33,both,False
2026-08-25,PYPL,63.0,62.0,1.0,0.575,0.5417,0.4815,-0.0006358914780921765,0.10398305698037968,-5.2427672303159566e-05,0.3254437869822485,0.4437869822485207,0.23076923076923078,53.66,True,False,True,True,True,19.0,False,63.0,62.0,1.0,0.59,0.5953,0.5252,-5.725940682521635e-05,0.1101049587983997,-4.075823976736138e-06,0.3096646942800789,0.4556213017751479,0.2347140039447731,53.66,True,False,False,,False,62.18,both,False
2026-08-25,QCOM,162.5,160.0,2.5,1.535,1.4133,0.516,-8.505109275613876e-05,0.10673612894279816,-6.563900879760314e-06,0.35700197238658776,0.46745562130177515,0.1755424063116371,164.19,True,False,True,True,True,12.0,False,160.0,157.5,2.5,1.17,1.1475,0.4852,9.646984948674664e-05,0.1002301716784725,8.70333598477903e-06,0.4674556213017751,0.3727810650887574,0.1597633136094674,164.19,True,True,True,5.0,True,159.69,both,True
2026-08-25,QQQ,712.5,712.0,0.5,0.255,0.2665,0.2039,0.005559081758121698,0.34265564940619675,1.4910083506034887e-06,0.5108481262327417,0.4714003944773176,0.01775147928994083,716.43,True,False,True,False,False,,False,,,,,,,,,,,,,,,,,,,,left_only,False
2026-08-25,SBUX,106.0,105.0,1.0,0.7,0.4677,0.3415,-5.190152898315592e-05,0.09982966500850265,-4.727688007713676e-06,0.4635108481262327,0.40039447731755423,0.13609467455621302,107.85,True,False,True,True,True,10.0,False,106.0,105.0,1.0,0.51,0.4933,0.3007,0.000190944399883,0.0997001144936128,1.744720628819345e-05,0.4477317554240631,0.4161735700197239,0.136094674556213,107.85,True,True,True,3.0,True,105.615,both,True
2026-08-25,SO,90.0,89.0,1.0,0.325,0.4299,0.4136,0.005399229332498923,0.07619782137486664,0.0008671949377186066,0.49506903353057197,0.26627218934911245,0.23865877712031558,88.25,True,False,False,False,False,,False,,,,,,,,,,,,,,,,,,,,left_only,False
2026-08-25,SPY,767.0,766.0,1.0,0.485,0.5072,0.1358,0.00045714760603954296,0.2611091626970148,8.679565902211857e-07,0.47928994082840237,0.4635108481262327,0.05719921104536489,769.35,True,False,True,False,False,,False,,,,,,,,,,,,,,,,,,,,left_only,False
2026-08-25,T,,,,,,,,,,,,,,,,,,,,,26.0,25.5,0.5,0.205,0.2082,0.2501,-0.0003763561537767,0.0101219202738105,-0.0002951872279334,0.4161735700197239,0.2899408284023668,0.2938856015779093,26.01,False,False,False,,False,25.855,right_only,False
2026-08-25,TJX,140.0,139.0,1.0,0.625,0.4082,0.2515,-0.0018483913779890893,0.12510117330953463,-9.18028052075241e-05,0.41222879684418146,0.4437869822485207,0.14398422090729784,135.12,True,False,False,True,False,,False,,,,,,,,,,,,,,,,,,,,left_only,False
2026-08-25,TSLA,352.5,350.0,2.5,1.35,1.3427,0.45,-0.00037311926385852345,0.2056526297998006,-2.681121013248305e-06,0.4161735700197239,0.514792899408284,0.06903353057199212,348.75,True,False,True,True,True,7.0,False,355.0,352.5,2.5,1.425,1.4403,0.4585,-0.0002454019879848,0.21483046211149,-1.4147693900250126e-06,0.388560157790927,0.5463510848126233,0.0650887573964497,348.75,True,False,False,,False,351.67,both,False
2026-08-25,TXN,262.5,260.0,2.5,1.275,1.3813,0.4153,-0.0005814664469749875,0.1615567252211657,-1.2039487399345021e-05,0.3806706114398422,0.5226824457593688,0.09664694280078895,258.64,True,False,True,False,False,,False,260.0,257.5,2.5,1.2,1.2057,0.434,-0.0008418430895478,0.1541495988748397,-2.0821857356695637e-05,0.4319526627218935,0.4792899408284023,0.0887573964497041,258.64,True,False,False,,False,259.13,both,False
2026-08-25,UNH,397.5,395.0,2.5,1.25,1.1492,0.2886,-0.0011512541825879907,0.15881354350650057,-2.545932744127163e-05,0.4477317554240631,0.48717948717948717,0.0650887573964497,392.95,True,False,True,True,True,17.0,False,397.5,395.0,2.5,1.2,1.2255,0.2889,-0.0006628849162633,0.1562556512098152,-1.558744473899187e-05,0.4477317554240631,0.4911242603550296,0.0611439842209073,392.95,True,False,False,,False,396.46,both,False
2026-08-25,UPS,,,,,,,,,,,,,,,,,,,,,106.0,105.0,1.0,0.47,0.4419,0.273,0.0004042564924664,0.0930721681246244,4.330714027594612e-05,0.4911242603550296,0.3491124260355029,0.1597633136094674,105.33,False,True,False,,False,105.87,right_only,False
2026-08-25,V,385.0,382.5,2.5,1.16,1.2322,0.2254,-0.00029811359907094825,0.10332336376898543,-2.4970968456608554e-05,0.4161735700197239,0.4280078895463511,0.15581854043392504,381.6,True,False,True,False,False,,False,,,,,,,,,,,,,,,,,,,,left_only,False
2026-08-25,WMT,106.0,105.0,1.0,0.525,0.5022,0.2494,-0.0001239341567704777,0.07269877969601457,-2.164944281494551e-05,0.40039447731755423,0.41222879684418146,0.1873767258382643,103.09,True,False,True,True,True,16.0,False,,,,,,,,,,,,,,,,,,,,left_only,False
2026-08-25,XOM,,,,,,,,,,,,,,,,,,,,,162.5,160.0,2.5,1.085,1.1504,0.2969,-0.0002229897700054,0.0316629821292433,-0.0001042940511984,0.4161735700197239,0.3570019723865877,0.2268244575936883,156.71,True,False,False,,False,161.56,right_only,False
2026-08-26,AAPL,315.0,312.5,2.5,1.32,1.2807,0.2766,-0.00032716644609753764,0.08305720615721768,-4.4571565153697126e-05,0.3727810650887574,0.42011834319526625,0.20710059171597633,319.7,True,False,True,True,True,14.0,False,,,,,,,,,,,,,,,,,,,,left_only,False
2026-08-26,ABBV,,,,,,,,,,,,,,,,,,,,,262.5,260.0,2.5,1.245,1.1232,0.2844,-0.0006677799431678,0.0657087713010611,-0.0001379578469543,0.4201183431952662,0.388560157790927,0.1913214990138067,255.48,False,True,False,,False,261.95,right_only,False
2026-08-26,ABT,,,,,,,,,,,,,,,,,,,,,115.0,114.0,1.0,0.8,0.528,0.304,-0.0003882472212328,0.084758142562177,-5.077717199202074e-05,0.3767258382642998,0.4556213017751479,0.1676528599605522,112.47,True,True,True,13.0,False,114.35,right_only,False
2026-08-26,ACN,182.5,180.0,2.5,0.925,1.1743,0.8437,-0.0008276775854323404,0.10792601874730712,-6.207847056435015e-05,0.36489151873767256,0.388560157790927,0.2465483234714004,189.61,True,False,True,False,False,,False,,,,,,,,,,,,,,,,,,,,left_only,False
2026-08-26,ADI,372.5,370.0,2.5,1.2,1.2704,0.7696,0.0002820887547116957,0.1721106439795721,4.533826563513388e-06,0.4477317554240631,0.43984220907297833,0.11242603550295859,361.78,True,False,True,False,False,,False,372.5,370.0,2.5,1.325,1.2296,0.4484,-0.0002421744187363,0.1811709351716277,-3.1316366554624456e-06,0.4398422090729783,0.4437869822485207,0.1163708086785009,361.78,True,True,True,6.0,True,371.74,both,True
2026-08-26,ADP,282.5,280.0,2.5,1.55,1.0815,0.401,-0.0011136403292819619,0.09926323449555297,-0.00010282945880936308,0.39250493096646943,0.3806706114398422,0.22682445759368836,287.48,True,False,False,True,False,,False,282.5,280.0,2.5,1.425,1.1677,0.3635,0.0014653085756226,0.1112170492459092,0.0001015561603284,0.4635108481262327,0.3491124260355029,0.1873767258382643,287.48,True,True,True,1.0,True,282.08,both,True
2026-08-26,AMGN,442.5,440.0,2.5,1.45,1.3072,0.3462,-0.0012718500158758195,0.17367424871837722,-1.9688719463278872e-05,0.368836291913215,0.5266272189349113,0.10453648915187377,432.42,True,False,True,True,True,11.0,False,442.5,440.0,2.5,1.515,1.295,0.3589,-0.0008192192893684,0.1751265751152453,-1.224740402044059e-05,0.3925049309664694,0.4990138067061144,0.1084812623274161,432.42,True,True,True,8.0,False,440.72,both,False
2026-08-26,AMZN,,,,,,,,,,,,,,,,,,,,,260.0,257.5,2.5,1.075,1.0911,0.3104,-0.0004607236260985,0.0824073294263922,-6.375339563213454e-05,0.4595660749506903,0.3806706114398422,0.1597633136094674,266.43,False,False,False,,False,259.82,right_only,False
2026-08-26,AVGO,357.5,355.0,2.5,1.775,1.3576,0.54,-0.0001244346757216519,0.19518504962318983,-1.1495145171602593e-06,0.4240631163708087,0.5108481262327417,0.0650887573964497,368.79,True,False,True,True,True,5.0,True,355.0,352.5,2.5,1.25,1.2958,0.5271,-0.000310070217668,0.1962393350557767,-2.7928281021028296e-06,0.4358974358974359,0.4950690335305719,0.0690335305719921,368.79,True,False,False,,False,353.542,both,False
2026-08-26,AXP,337.5,335.0,2.5,1.26,1.2468,0.515,-0.00010805397057689348,0.08348191813058325,-1.4571459615931833e-05,0.4319526627218935,0.4358974358974359,0.13214990138067062,333.2,True,False,True,True,True,9.0,False,337.5,335.0,2.5,1.215,1.1254,0.2665,0.0003070783589396,0.0942241811985526,3.199957454041109e-05,0.4832347140039448,0.3609467455621302,0.155818540433925,333.2,True,True,True,2.0,True,337.22,both,True
2026-08-26,BA,212.5,210.0,2.5,1.035,1.0308,0.3071,-0.0007160389954831148,0.061118970435168896,-0.00016515415954703296,0.45956607495069035,0.36489151873767256,0.1755424063116371,209.82,True,False,False,True,False,,False,212.5,210.0,2.5,1.14,1.1328,0.3199,-0.0001698058877652,0.0512916975912549,-4.9583355647598e-05,0.4477317554240631,0.368836291913215,0.1834319526627219,209.82,True,True,True,12.0,False,211.93,both,False
2026-08-26,BMY,68.0,67.0,1.0,0.52,0.4282,0.3706,-0.0017330015843373126,0.03226344271182735,-0.0007989413819825565,0.3530571992110454,0.40433925049309666,0.24260355029585798,66.58,True,False,False,True,False,,False,68.0,67.0,1.0,0.47,0.4491,0.3253,-0.0005606076968138,0.027860800837536,-0.0002872526517338,0.3925049309664694,0.3491124260355029,0.2583826429980276,66.58,False,True,False,,False,67.74,both,False
2026-08-26,CME,,,,,,,,,,,,,,,,,,,,,282.5,280.0,2.5,1.25,1.2607,0.2904,0.0001355772359363,0.0780563955437168,2.0825703974699848e-05,0.4122287968441814,0.4043392504930966,0.1834319526627219,285.8,True,False,False,,False,280.92,right_only,False
2026-08-26,COST,957.5,955.0,2.5,1.7,1.1515,0.2073,-0.0006611034495045409,0.20319859829945686,-5.038679143153795e-06,0.47534516765285995,0.4635108481262327,0.0611439842209073,945.47,True,False,True,True,True,8.0,False,962.5,960.0,2.5,1.475,1.3778,0.2055,0.0011631030836289,0.2124649013793479,7.097120592609757e-06,0.4556213017751479,0.5069033530571992,0.0374753451676528,945.47,True,True,True,3.0,True,959.24,both,True
2026-08-26,CRM,210.0,207.5,2.5,1.275,1.4426,1.1536,-0.003098594917992692,0.2524524442801457,-7.241623146235498e-06,0.23471400394477318,0.6252465483234714,0.14003944773175542,256.0,True,True,True,False,False,,False,207.5,205.0,2.5,1.425,1.3482,1.1924,-0.0007478006442244,0.2363769375601818,-2.5704729843869264e-06,0.3530571992110454,0.4832347140039448,0.1637080867850098,256.0,True,True,True,5.0,True,204.965,both,True
2026-08-26,CSCO,113.0,112.0,1.0,0.535,0.508,0.3474,-0.00038594741462172344,0.09861421323330999,-3.6196412475540604e-05,0.40433925049309666,0.4516765285996055,0.14398422090729784,109.93,True,False,True,True,True,13.0,False,113.0,112.0,1.0,0.455,0.4442,0.3318,-0.0001499416806689,0.1009452907953381,-1.3297279213240026e-05,0.4635108481262327,0.3648915187376725,0.1715976331360946,109.93,False,True,False,,False,112.84,both,False
2026-08-26,CSX,52.0,51.0,1.0,0.75,0.5334,0.51,0.038719863980925195,0.04151510674961911,0.01429614881734386,0.3727810650887574,0.20315581854043394,0.4240631163708087,51.28,True,False,True,True,True,1.0,True,,,,,,,,,,,,,,,,,,,,left_only,False
2026-08-26,DE,637.5,635.0,2.5,1.375,1.403,0.3238,-0.00038391643901980466,0.21887014092833446,-2.008808057408228e-06,0.39250493096646943,0.534516765285996,0.07297830374753451,630.33,True,False,True,False,False,,False,637.5,635.0,2.5,0.65,1.2831,0.3473,-0.0010115866062236,0.2210375691771313,-5.024739512368712e-06,0.4043392504930966,0.5226824457593688,0.0729783037475345,630.33,True,False,False,,False,635.17,both,False
2026-08-26,DIS,110.0,109.0,1.0,0.395,0.4153,0.2313,-0.0014785063995702563,0.04132096101161453,-0.0005484436849460952,0.40828402366863903,0.40828402366863903,0.1834319526627219,108.1,True,False,False,False,False,,False,110.0,109.0,1.0,0.425,0.4885,0.2452,-0.0003405931108254,0.0448356281559434,-0.0001161210830029,0.4003944773175542,0.408284023668639,0.1913214990138067,108.1,True,False,False,,False,109.61,both,False
2026-08-26,EOG,145.0,144.0,1.0,1.225,0.399,0.4529,-0.0010874241518172845,0.1600486393097481,-2.334539320824233e-05,0.47928994082840237,0.40433925049309666,0.11637080867850098,143.35,True,False,False,True,False,,False,145.0,144.0,1.0,0.3,0.457,0.3414,0.0011391040203188,0.1412900422206143,3.836080641130105e-05,0.4990138067061144,0.368836291913215,0.1321499013806706,143.35,True,False,False,,False,144.89,both,False
2026-08-26,GE,355.0,352.5,2.5,1.06,1.0698,0.3513,-0.0007080761764335364,0.13904660311106953,-2.5164473222658056e-05,0.4832347140039448,0.4161735700197239,0.10059171597633136,342.58,True,False,False,False,False,,False,357.5,355.0,2.5,1.575,1.3348,0.3528,-0.0003408819602482,0.1479128443188074,-9.792609769822628e-06,0.3964497041420118,0.4832347140039448,0.1203155818540434,342.58,True,True,True,7.0,False,355.115,both,False
2026-08-26,GILD,,,,,,,,,,,,,,,,,,,,,149.0,148.0,1.0,0.435,0.4654,0.3399,-0.000464668936622,0.1423851895487937,-1.5242394214304664e-05,0.4556213017751479,0.4319526627218935,0.1124260355029585,145.68,True,False,False,,False,148.77,right_only,False
2026-08-26,GOOGL,342.5,340.0,2.5,1.11,1.1494,0.2973,-0.0006731947516094294,0.11486145691833505,-4.274959407700532e-05,0.4477317554240631,0.4358974358974359,0.11637080867850098,346.59,True,False,True,False,False,,False,,,,,,,,,,,,,,,,,,,,left_only,False
2026-08-26,GS,1045.0,1042.5,2.5,1.375,1.4234,0.3456,0.0017047358104018695,0.27957549408360605,2.077891275893804e-06,0.4358974358974359,0.5108481262327417,0.05325443786982249,1033.99,True,False,True,False,False,,False,,,,,,,,,,,,,,,,,,,,left_only,False
2026-08-26,HD,335.0,332.5,2.5,1.34,0.9544,0.4417,-0.001173572984009441,0.10852659962746491,-8.676209352547334e-05,0.45956607495069035,0.36489151873767256,0.1755424063116371,330.19,True,False,False,True,False,,False,,,,,,,,,,,,,,,,,,,,left_only,False
2026-08-26,IBM,230.0,227.5,2.5,1.12,0.967,0.5417,-0.000811887567872871,0.09168062366213259,-8.992957818849758e-05,0.4832347140039448,0.3530571992110454,0.16370808678500987,235.59,True,False,False,True,False,,False,,,,,,,,,,,,,,,,,,,,left_only,False
2026-08-26,INTC,89.0,88.0,1.0,0.55,0.5557,0.7425,-0.001024884342510024,0.18166729215833688,-1.3096172825928686e-05,0.368836291913215,0.5581854043392505,0.07297830374753451,89.47,True,False,True,False,False,,False,88.0,87.0,1.0,0.535,0.5334,0.7409,-0.0012029328198259,0.1762448175327371,-1.750772565935863e-05,0.3806706114398422,0.5502958579881657,0.0690335305719921,89.47,True,True,True,9.0,False,87.455,both,False
2026-08-26,ISRG,372.5,370.0,2.5,0.625,1.4104,0.4334,-0.0008420883296509363,0.1700116424943785,-1.4233601803322354e-05,0.34911242603550297,0.5305719921104537,0.1203155818540434,372.6,True,False,True,False,False,,False,372.5,370.0,2.5,1.6,1.3365,0.3836,-0.0012145729202405,0.1627546263653572,-2.44354941910549e-05,0.3570019723865877,0.5266272189349113,0.1163708086785009,372.6,True,True,True,10.0,False,370.33,both,False
2026-08-26,IWM,299.0,298.0,1.0,0.4,0.4125,0.1713,-0.001321817538693093,0.16695902240730853,-2.404065736597896e-05,0.47928994082840237,0.4556213017751479,0.0650887573964497,295.75,True,False,False,False,False,,False,,,,,,,,,,,,,,,,,,,,left_only,False
2026-08-26,JPM,357.5,355.0,2.5,1.22,1.1787,0.2338,0.0002753484514232962,0.08327029921626283,3.7320777551381187e-05,0.47534516765285995,0.39644970414201186,0.1282051282051282,357.62,True,False,True,True,True,3.0,True,,,,,,,,,,,,,,,,,,,,left_only,False
2026-08-26,MA,600.0,597.5,2.5,1.325,1.2126,0.2268,-0.0006390946222945004,0.14994754296911805,-1.7484442593186073e-05,0.4319526627218935,0.4635108481262327,0.10453648915187377,595.3,True,False,True,True,True,10.0,False,,,,,,,,,,,,,,,,,,,,left_only,False
2026-08-26,MCD,267.5,265.0,2.5,0.945,1.0569,0.2016,-0.00010089101683674606,0.03869112704856614,-3.986321001863943e-05,0.4437869822485207,0.2978303747534517,0.2583826429980276,265.0,True,False,False,False,False,,False,267.5,265.0,2.5,1.055,0.9723,0.2151,0.000506079357694,0.0595921967031225,0.000121083545922,0.4950690335305719,0.2465483234714004,0.2583826429980276,265.0,False,True,False,,False,267.475,both,False
2026-08-26,MMM,,,,,,,,,,,,,,,,,,,,,180.0,177.5,2.5,1.06,1.1086,0.2651,-0.0005151156428334,0.0128968360200372,-0.0003779898563348,0.408284023668639,0.3491124260355029,0.2426035502958579,174.34,False,False,False,,False,179.1,right_only,False
2026-08-26,MS,215.0,212.5,2.5,1.095,1.1714,0.6298,0.00024914521408114787,0.05876708566712052,6.0802193130449294e-05,0.4437869822485207,0.3609467455621302,0.1952662721893491,214.77,True,False,True,False,False,,False,215.0,212.5,2.5,1.22,1.1979,0.3264,-9.59761294401229e-05,0.0513195497919036,-2.800632321754909e-05,0.4161735700197239,0.3806706114398422,0.2031558185404339,214.77,True,True,True,11.0,False,213.9,both,False
2026-08-26,MSFT,497.5,495.0,2.5,1.2,1.2099,0.2922,-0.0012317614667619603,0.161980405796466,-2.5246076855520366e-05,0.40433925049309666,0.49506903353057197,0.10059171597633136,513.53,True,False,True,False,False,,False,497.5,495.0,2.5,1.2,1.2554,0.2937,-0.0007191285568746,0.1620504473119857,-1.4714441195428526e-05,0.408284023668639,0.4792899408284023,0.1124260355029585,513.53,True,False,False,,False,496.08,both,False
2026-08-26,NEE,,,,,,,,,,,,,,,,,,,,,84.0,83.0,1.0,0.425,0.2403,0.2171,-0.0006018239201071,0.1665591732818094,-1.1051263355522048e-05,0.6134122287968442,0.1834319526627219,0.2031558185404339,81.84,False,True,False,,False,84.39,right_only,False
2026-08-26,NFLX,82.0,81.0,1.0,0.52,0.5525,0.3925,0.06274370486436509,0.0635747980457928,0.013643498379884813,0.5029585798816568,0.2781065088757396,0.21893491124260356,81.72,True,False,True,False,False,,False,,,,,,,,,,,,,,,,,,,,left_only,False
2026-08-26,NOW,127.0,126.0,1.0,0.59,0.5408,0.7312,9.430015757372345e-06,0.22939397137762896,3.8328652883389216e-08,0.41222879684418146,0.47928994082840237,0.10848126232741617,144.71,True,False,True,True,True,4.0,True,127.0,126.0,1.0,0.545,0.5576,0.7033,-0.0006039114833393,0.226238768822196,-2.6477154787499787e-06,0.3806706114398422,0.534516765285996,0.0848126232741617,144.71,True,False,False,,False,125.768,both,False
2026-08-26,NVDA,212.5,210.0,2.5,1.525,1.393,1.0036,-0.0008764869855226731,0.21965981312376426,-4.5000402493958065e-06,0.33727810650887574,0.5069033530571992,0.15581854043392504,217.55,True,True,True,True,False,,False,212.5,210.0,2.5,1.35,1.3509,0.9905,-7.74584909465359e-05,0.212761006396668,-4.692958208297833e-07,0.388560157790927,0.4595660749506903,0.1518737672583826,217.55,True,False,False,,False,210.73,both,False
2026-08-26,ORCL,150.0,149.0,1.0,0.595,0.5496,0.6578,-0.001142668721989093,0.23328958387535104,-4.2298721869322805e-06,0.38461538461538464,0.5779092702169625,0.03747534516765286,150.85,True,False,True,True,True,7.0,False,150.0,149.0,1.0,0.49,0.5591,0.6557,-0.0011100951648668,0.2350925750709582,-3.9352689317064165e-06,0.3727810650887574,0.5779092702169625,0.04930966469428,150.85,True,False,False,,False,148.8771,both,False
2026-08-26,PEP,,,,,,,,,,,,,,,,,,,,,143.0,142.0,1.0,0.67,0.4945,0.2277,-0.0003455622230061,0.070628411607182,-6.343976315514327e-05,0.4161735700197239,0.4358974358974359,0.1479289940828402,141.07,True,True,True,14.0,False,142.555,right_only,False
2026-08-26,PM,195.0,192.5,2.5,1.1,0.896,0.2886,-0.0014928023209548336,0.023507903410740605,-0.0008491371387436321,0.43984220907297833,0.34516765285996054,0.21499013806706113,191.89,True,False,False,True,False,,False,195.0,192.5,2.5,1.1,1.1269,0.3064,0.0004933873463233,0.0356935894096015,0.0002094842195239,0.4595660749506903,0.3333333333333333,0.2071005917159763,191.89,True,False,False,,False,194.325,both,False
2026-08-26,PNC,245.0,242.5,2.5,1.075,0.8256,0.2158,-0.0012001103887698816,0.06207195391354592,-0.00027054594290940704,0.46745562130177515,0.2859960552268245,0.2465483234714004,242.22,True,False,False,True,False,,False,,,,,,,,,,,,,,,,,,,,left_only,False
2026-08-26,PYPL,62.0,61.0,1.0,0.41,0.4171,0.3713,-0.0005346221955173647,0.048041409098624754,-0.00016877500599790502,0.41222879684418146,0.3057199211045365,0.28205128205128205,53.66,True,False,False,False,False,,False,62.0,61.0,1.0,0.42,0.4225,0.3901,0.0040257060154289,0.0535628448989984,0.0011131479867257,0.4714003944773176,0.2426035502958579,0.2859960552268245,53.66,False,False,False,,False,61.945,both,False
2026-08-26,QCOM,165.0,162.5,2.5,1.25,1.3876,0.6246,0.00034929589617282986,0.07457947585764102,5.832390143184815e-05,0.3609467455621302,0.4240631163708087,0.21499013806706113,164.19,True,False,True,False,False,,False,,,,,,,,,,,,,,,,,,,,left_only,False
2026-08-26,QQQ,713.0,712.5,0.5,0.175,0.2488,0.1839,-0.0005670211373464129,0.3372616012872597,-1.7310068689837692e-07,0.4635108481262327,0.5108481262327417,0.02564102564102564,716.43,True,False,True,False,False,,False,,,,,,,,,,,,,,,,,,,,left_only,False
2026-08-26,RTX,212.5,210.0,2.5,1.4,1.0101,0.6035,-0.0005765498433356608,0.039730811036779334,-0.00022218765766643587,0.4319526627218935,0.3057199211045365,0.26232741617357,211.71,True,False,False,True,False,,False,212.5,210.0,2.5,1.125,0.942,0.2623,-0.0004490458596627,0.0492540449107328,-0.0001376931890125,0.4714003944773176,0.2781065088757396,0.2504930966469428,211.71,False,True,False,,False,212.3,both,False
2026-08-26,SBUX,109.0,108.0,1.0,0.9,0.5378,0.413,0.0006449341604859438,0.08389946608733401,8.610444608545173e-05,0.41222879684418146,0.4437869822485207,0.14398422090729784,107.85,True,False,True,True,True,2.0,True,,,,,,,,,,,,,,,,,,,,left_only,False
2026-08-26,SCHW,110.0,109.0,1.0,0.52,0.5281,0.2899,1.4067276480789204e-05,0.07387603076729699,2.3888845576856726e-06,0.3806706114398422,0.42011834319526625,0.1992110453648915,110.16,True,False,True,False,False,,False,110.0,109.0,1.0,0.435,0.4009,0.2615,0.0001402663217748,0.071261478558708,2.5362391534005645e-05,0.5187376725838264,0.3057199211045365,0.1755424063116371,110.16,False,True,False,,False,109.915,both,False
2026-08-26,SO,,,,,,,,,,,,,,,,,,,,,90.0,89.0,1.0,0.375,0.3755,0.2179,-5.719401719062045e-05,0.0462561734543152,-1.884600839886607e-05,0.4911242603550296,0.2465483234714004,0.26232741617357,88.25,False,False,False,,False,89.94,right_only,False
2026-08-26,SPY,767.0,766.0,1.0,0.435,0.4826,0.1295,-0.0003048284401238055,0.2518273654844593,-7.231723925329796e-07,0.4832347140039448,0.47534516765285995,0.04142011834319527,769.35,True,False,True,False,False,,False,,,,,,,,,,,,,,,,,,,,left_only,False
2026-08-26,T,26.0,25.5,0.5,0.19,0.1963,0.24,-0.0005879400056091333,0.017310684939747967,-0.00038806330085977954,0.39644970414201186,0.2504930966469428,0.3530571992110454,26.01,True,False,False,False,False,,False,,,,,,,,,,,,,,,,,,,,left_only,False
2026-08-26,TJX,137.0,136.0,1.0,0.35,0.3316,0.2477,-0.002011051971736899,0.12010393708626887,-0.00011260867361823166,0.4437869822485207,0.3727810650887574,0.1834319526627219,135.12,True,False,False,True,False,,False,,,,,,,,,,,,,,,,,,,,left_only,False
2026-08-26,TSLA,347.5,345.0,2.5,1.35,1.3231,0.4641,-0.00010693366370562174,0.17926491862087612,-1.4475183825993318e-06,0.4319526627218935,0.4911242603550296,0.07692307692307693,348.75,True,False,True,True,True,6.0,True,347.5,345.0,2.5,1.325,1.3188,0.4778,0.0002920531160521,0.179034072224662,3.975370521117952e-06,0.4477317554240631,0.4753451676528599,0.0769230769230769,348.75,True,True,True,4.0,True,345.88,both,True
2026-08-26,TXN,262.5,260.0,2.5,1.2,1.2515,0.4297,-0.00023112575759542953,0.12170908381352064,-1.2452780807941178e-05,0.4319526627218935,0.4516765285996055,0.11637080867850098,258.64,True,False,True,False,False,,False,,,,,,,,,,,,,,,,,,,,left_only,False
2026-08-26,UNH,402.5,400.0,2.5,1.495,1.2505,0.3015,-0.0006339048510375367,0.13770173572491906,-2.3267492355949626e-05,0.4280078895463511,0.48717948717948717,0.08481262327416174,392.95,True,False,True,True,True,12.0,False,402.5,400.0,2.5,1.105,1.2068,0.2952,-0.0006053902570618,0.1308388786763068,-2.6199497071460305e-05,0.4437869822485207,0.4674556213017751,0.0887573964497041,392.95,True,False,False,,False,401.7,both,False
2026-08-26,UPS,106.0,105.0,1.0,0.475,0.4229,0.27,-0.0009913996691158777,0.0580373856617733,-0.00024621878139375117,0.43984220907297833,0.39644970414201186,0.16370808678500987,105.33,True,False,False,True,False,,False,106.0,105.0,1.0,0.42,0.4501,0.2757,0.0005826981509928,0.06473974257916,0.000123213112624,0.4674556213017751,0.3372781065088757,0.1952662721893491,105.33,True,False,False,,False,105.845,both,False
2026-08-26,USB,63.0,62.0,1.0,0.38,0.3772,0.2395,-0.00043986446121802025,0.022374834585834114,-0.00025710141211000474,0.4240631163708087,0.23076923076923078,0.34516765285996054,62.47,True,False,False,True,False,,False,63.0,62.0,1.0,0.36,0.3987,0.2615,0.0002730609311518,0.0269652841765459,0.0001429547492079,0.4398422090729783,0.2189349112426035,0.3412228796844181,62.47,False,False,False,,False,62.825,both,False
2026-08-26,V,385.0,382.5,2.5,1.24,1.305,0.225,0.0004966437093545384,0.0704292055719733,9.161288728786782e-05,0.41222879684418146,0.42011834319526625,0.16765285996055226,381.6,True,False,True,False,False,,False,385.0,382.5,2.5,1.12,1.2119,0.2183,-0.0007938795819778,0.0777229344156664,-0.0001229258543924,0.388560157790927,0.4358974358974359,0.1755424063116371,381.6,True,False,False,,False,383.66,both,False
2026-08-27,AAPL,315.0,312.5,2.5,1.045,1.0232,0.2502,-0.0003927623321652307,0.038746737538387865,-0.00015497796960717986,0.4358974358974359,0.2978303747534517,0.26627218934911245,319.7,True,False,False,True,False,,False,,,,,,,,,,,,,,,,,,,,left_only,False
2026-08-27,ACN,187.5,185.0,2.5,1.8,0.9699,0.6906,0.0005779212898431307,0.07435218428957291,9.702660892582041e-05,0.5029585798816568,0.2504930966469428,0.2465483234714004,189.61,True,False,False,True,False,,False,,,,,,,,,,,,,,,,,,,,left_only,False
2026-08-27,ADI,375.0,372.5,2.5,0.85,1.169,0.38,0.00040099723556141775,0.11696734940417075,2.4209331250861008e-05,0.46745562130177515,0.3767258382642998,0.15581854043392504,361.78,True,False,True,False,False,,False,,,,,,,,,,,,,,,,,,,,left_only,False
2026-08-27,ADP,,,,,,,,,,,,,,,,,,,,,285.0,282.5,2.5,1.35,1.1568,0.3557,0.001071579481501,0.0579958727566753,0.0002663970976211,0.4319526627218935,0.3175542406311637,0.2504930966469428,287.48,True,True,True,2.0,True,284.41,right_only,True
2026-08-27,AMGN,437.5,435.0,2.5,0.16,1.1236,0.2743,-0.0010959837826252095,0.12775668426624764,-5.107255394556408e-05,0.40828402366863903,0.4240631163708087,0.16765285996055226,432.42,True,False,False,False,False,,False,440.0,437.5,2.5,0.655,1.3515,0.3795,-0.0017011336572615,0.1350815234488179,-6.649279541940794e-05,0.2899408284023668,0.5069033530571992,0.2031558185404339,432.42,True,False,False,,False,437.805,both,False
2026-08-27,AVGO,372.5,370.0,2.5,1.125,1.2508,0.5569,0.0003396510331308278,0.16282986190101245,6.820972327853241e-06,0.4437869822485207,0.42011834319526625,0.13609467455621302,368.79,True,False,True,False,False,,False,370.0,367.5,2.5,1.275,1.2284,0.5707,-9.470266145739092e-05,0.1635014514941798,-1.871438278321181e-06,0.4319526627218935,0.4201183431952662,0.1479289940828402,368.79,True,True,True,4.0,True,369.1476,both,True
2026-08-27,AXP,335.0,332.5,2.5,1.145,1.1422,0.2522,4.722433950088423e-05,0.03593957170841877,1.9932662264681278e-05,0.4280078895463511,0.3333333333333333,0.23865877712031558,333.2,True,False,True,True,True,1.0,True,,,,,,,,,,,,,,,,,,,,left_only,False
2026-08-27,BA,210.0,207.5,2.5,0.87,0.8683,0.2806,-0.0008483779983174955,0.05016411041722968,-0.00025452209237385984,0.45956607495069035,0.26232741617357,0.2781065088757396,209.82,True,False,False,True,False,,False,210.0,207.5,2.5,0.945,0.9517,0.2867,-0.0005794294309791,0.0344853473378468,-0.0002532546599499,0.4398422090729783,0.2702169625246548,0.2899408284023668,209.82,False,False,False,,False,209.675,both,False
2026-08-27,BMY,67.0,66.0,1.0,0.145,0.2983,0.2882,-0.0010056552874895264,0.04619452758803444,-0.0003318642412048677,0.4516765285996055,0.1873767258382643,0.3609467455621302,66.58,True,False,False,False,False,,False,,,,,,,,,,,,,,,,,,,,left_only,False
2026-08-27,COST,935.0,932.5,2.5,1.025,1.1896,0.2268,-0.0004257093402599832,0.16943766644001468,-7.2954642467054005e-06,0.4437869822485207,0.4358974358974359,0.1203155818540434,945.47,True,False,True,False,False,,False,937.5,935.0,2.5,1.2,1.301,0.2128,-0.0002007580036865,0.1530290657450339,-5.1008267940729566e-06,0.4240631163708087,0.4753451676528599,0.1005917159763313,945.47,True,False,False,,False,936.22,both,False
2026-08-27,CSCO,,,,,,,,,,,,,,,,,,,,,112.0,111.0,1.0,0.45,0.4457,0.3656,0.0001935797799421,0.0628822223504486,4.279907073400473e-05,0.4714003944773176,0.3451676528599605,0.1834319526627219,109.93,False,True,False,,False,111.78,right_only,False
2026-08-27,CVX,200.0,197.5,2.5,0.85,0.8908,0.265,-0.0003201064303248735,0.04508641208505115,-0.00010848149931551216,0.45956607495069035,0.21104536489151873,0.32938856015779094,201.86,True,False,False,False,False,,False,,,,,,,,,,,,,,,,,,,,left_only,False
2026-08-27,DE,625.0,622.5,2.5,0.325,1.327,0.3096,-0.0011033523926238242,0.1654005136020833,-2.083212210418966e-05,0.368836291913215,0.5226824457593688,0.10848126232741617,630.33,True,False,True,False,False,,False,622.5,620.0,2.5,1.775,1.3815,0.4013,-0.0004786366834285,0.1907329035483378,-4.920214537522901e-06,0.3727810650887574,0.5029585798816568,0.1242603550295858,630.33,True,True,True,5.0,True,620.325,both,True
2026-08-27,DIS,107.0,106.0,1.0,0.35,0.2419,0.2599,-0.0026656129166403586,0.032914714205084517,-0.001209831238702757,0.42011834319526625,0.3057199211045365,0.27416173570019725,108.1,True,False,False,True,False,,False,,,,,,,,,,,,,,,,,,,,left_only,False
2026-08-27,FCX,,,,,,,,,,,,,,,,,,,,,79.0,78.0,1.0,0.54,0.5106,0.5518,0.0019826689481301,0.0627829055147652,0.0004393996824505,0.4240631163708087,0.3846153846153846,0.1913214990138067,76.45,True,True,True,1.0,True,78.51,right_only,True
2026-08-27,GE,,,,,,,,,,,,,,,,,,,,,342.5,340.0,2.5,1.165,1.1534,0.3528,0.000183340617786,0.0847933746618205,2.395805828879529e-05,0.4635108481262327,0.368836291913215,0.1676528599605522,342.58,True,True,True,3.0,True,341.86,right_only,True
2026-08-27,GILD,,,,,,,,,,,,,,,,,,,,,149.0,148.0,1.0,0.775,0.5087,0.3841,-0.0005417674497146,0.1059215773397399,-4.263685387203036e-05,0.368836291913215,0.4319526627218935,0.1992110453648915,145.68,True,True,True,6.0,True,148.47,right_only,True
2026-08-27,GM,,,,,,,,,,,,,,,,,,,,,87.0,86.0,1.0,0.545,0.5376,0.3349,-0.000910069221461,0.0177206462880066,-0.0005947999635146,0.2899408284023668,0.4240631163708087,0.2859960552268245,86.27,True,True,True,7.0,False,86.4,right_only,False
2026-08-27,GS,1042.5,1040.0,2.5,1.65,1.3399,0.3247,0.0040146287716138485,0.221868562735418,1.9547641818984032e-05,0.46745562130177515,0.4477317554240631,0.08481262327416174,1033.99,True,False,True,True,True,2.0,True,1042.5,1040.0,2.5,1.325,1.3324,0.3332,0.0004979651086538,0.2340927229316414,1.8081507922162944e-06,0.4556213017751479,0.4871794871794871,0.0571992110453648,1033.99,True,False,False,,False,1039.72,both,False
2026-08-27,HON,,,,,,,,,,,,,,,,,,,,,220.0,217.5,2.5,1.2,1.0819,0.349,0.0009908825637492,0.0317727125357978,0.0004622246016346,0.408284023668639,0.2386587771203155,0.3530571992110454,217.43,False,True,False,,False,219.495,right_only,False
2026-08-27,IBM,240.0,237.5,2.5,1.23,1.3548,0.4759,0.006606927361202386,0.03470407038537737,0.002872609957898883,0.4161735700197239,0.3806706114398422,0.20315581854043394,235.59,True,False,True,False,False,,False,,,,,,,,,,,,,,,,,,,,left_only,False
2026-08-27,INTC,92.5,92.0,0.5,0.255,0.2814,0.6875,-0.0005713576483151739,0.22569216524301572,-2.5380686100994838e-06,0.38461538461538464,0.5463510848126233,0.06903353057199212,89.47,True,False,True,False,False,,False,92.0,91.0,1.0,0.52,0.5506,0.6953,-0.0011825866969512,0.128623319009117,-5.397385583494033e-05,0.3570019723865877,0.5502958579881657,0.0927021696252465,89.47,True,False,False,,False,91.15,both,False
2026-08-27,IWM,300.0,299.0,1.0,0.405,0.4206,0.208,-0.0004513305535397416,0.13892042287446937,-1.6088582464638945e-05,0.5187376725838264,0.40828402366863903,0.07297830374753451,295.75,True,False,False,False,False,,False,,,,,,,,,,,,,,,,,,,,left_only,False
2026-08-27,JPM,355.0,352.5,2.5,1.05,1.0939,0.2111,5.796768585564216e-05,0.025423452155641346,3.1491663598220435e-05,0.4437869822485207,0.3096646942800789,0.2465483234714004,357.62,True,False,False,False,False,,False,,,,,,,,,,,,,,,,,,,,left_only,False
2026-08-27,LOW,207.5,205.0,2.5,1.15,0.9404,0.3241,-0.0014703459651870254,0.02423625714443145,-0.0008218704926173395,0.388560157790927,0.3214990138067061,0.28994082840236685,208.05,True,False,False,True,False,,False,207.5,205.0,2.5,1.325,1.1046,0.3847,-4.489236015614573e-05,0.0320317447153168,-2.081150075213586e-05,0.408284023668639,0.2938856015779093,0.2978303747534517,208.05,False,True,False,,False,206.91,both,False
2026-08-27,MA,592.5,590.0,2.5,1.125,1.1394,0.4454,-0.0007768811504005324,0.1077905276078428,-5.8458360618060595e-05,0.4358974358974359,0.4280078895463511,0.13609467455621302,595.3,True,False,True,False,False,,False,,,,,,,,,,,,,,,,,,,,left_only,False
2026-08-27,MO,,,,,,,,,,,,,,,,,,,,,68.0,67.0,1.0,0.37,0.4117,0.2969,0.0009668975754402,0.0233477872780105,0.0005521091019757,0.3964497041420118,0.1873767258382643,0.4161735700197239,68.65,False,False,False,,False,67.755,right_only,False
2026-08-27,MRK,150.0,149.0,1.0,0.61,0.3538,0.2883,-0.003690250789066263,0.07800256476692358,-0.0005675836530997751,0.3214990138067061,0.5029585798816568,0.1755424063116371,148.35,True,False,False,True,False,,False,,,,,,,,,,,,,,,,,,,,left_only,False
2026-08-27,MS,215.0,212.5,2.5,0.82,0.9582,0.3096,3.7285916034024424e-05,0.046557497979211826,1.219755738837256e-05,0.49506903353057197,0.25443786982248523,0.2504930966469428,214.77,True,False,False,False,False,,False,215.0,212.5,2.5,1.125,1.0394,0.3452,6.000384849480511e-05,0.0307958242819084,2.865445472849669e-05,0.4437869822485207,0.2662721893491124,0.2899408284023668,214.77,False,True,False,,False,214.515,both,False
2026-08-27,MSFT,,,,,,,,,,,,,,,,,,,,,507.5,505.0,2.5,1.305,1.3362,0.2977,-0.0004027109604397,0.1183282002423991,-2.353155482699492e-05,0.3727810650887574,0.4635108481262327,0.1637080867850098,513.53,True,False,False,,False,505.48,right_only,False
2026-08-27,NEE,,,,,,,,,,,,,,,,,,,,,83.0,82.0,1.0,0.36,0.1649,0.2461,-4.281061312227941e-06,0.3162990030250923,-2.1614518644827683e-09,0.747534516765286,0.0769230769230769,0.1755424063116371,81.84,False,True,False,,False,83.57,right_only,False
2026-08-27,NFLX,80.0,79.0,1.0,0.4,0.4058,0.3335,0.024835756510193763,0.029992051017170063,0.012091166989283383,0.5621301775147929,0.1913214990138067,0.2465483234714004,81.72,True,False,False,False,False,,False,,,,,,,,,,,,,,,,,,,,left_only,False
2026-08-27,NOW,139.0,138.0,1.0,0.495,0.5191,0.6287,0.012400188483356,0.16979914518875439,0.0002106688495510756,0.5069033530571992,0.39250493096646943,0.10059171597633136,144.71,True,False,True,False,False,,False,,,,,,,,,,,,,,,,,,,,left_only,False
2026-08-27,NVDA,,,,,,,,,,,,,,,,,,,,,227.5,225.0,2.5,1.06,1.0373,0.4562,-0.0002015957117695,0.0699060799094579,-3.765698069027344e-05,0.4753451676528599,0.3254437869822485,0.1992110453648915,217.55,False,True,False,,False,227.24,right_only,False
2026-08-27,ORCL,152.5,150.0,2.5,1.09,1.1137,0.6,-0.00041076093633218846,0.04892467038603976,-0.00012695329876541675,0.4319526627218935,0.36489151873767256,0.20315581854043394,150.85,True,False,False,False,False,,False,,,,,,,,,,,,,,,,,,,,left_only,False
2026-08-27,PEP,140.0,139.0,1.0,0.375,0.34,0.16,-0.002087010098290265,0.019886430258790444,-0.00129493194356085,0.39644970414201186,0.34911242603550297,0.25443786982248523,141.07,True,False,False,True,False,,False,,,,,,,,,,,,,,,,,,,,left_only,False
2026-08-27,PFE,,,,,,,,,,,,,,,,,,,,,28.0,27.5,0.5,0.155,0.16,0.2533,-0.0007459156028899,0.1008847825306145,-6.624617187736815e-05,0.408284023668639,0.1479289940828402,0.4437869822485207,27.96,False,False,False,,False,27.925,right_only,False
2026-08-27,QCOM,165.0,162.5,2.5,0.915,1.013,0.4856,0.001334628164205709,0.05001863259501693,0.00040180255894856564,0.48717948717948717,0.25443786982248523,0.2583826429980276,164.19,True,False,False,False,False,,False,,,,,,,,,,,,,,,,,,,,left_only,False
2026-08-27,QQQ,722.0,721.0,1.0,0.49,0.5373,0.1882,0.006440341504844405,0.22155375855870196,3.1596509037270696e-05,0.49506903353057197,0.4556213017751479,0.04930966469428008,716.43,True,False,True,False,False,,False,,,,,,,,,,,,,,,,,,,,left_only,False
2026-08-27,RTX,212.5,210.0,2.5,0.67,1.0593,0.2502,0.002180038494271619,0.030387592657925344,0.0010513134747855886,0.4358974358974359,0.23076923076923078,0.3333333333333333,211.71,True,False,False,False,False,,False,,,,,,,,,,,,,,,,,,,,left_only,False
2026-08-27,SCHW,,,,,,,,,,,,,,,,,,,,,108.0,107.0,1.0,0.525,0.4399,0.2798,0.0022338733166253,0.0243908059074664,0.0012440319164377,0.4674556213017751,0.2899408284023668,0.2426035502958579,110.16,False,True,False,,False,107.705,right_only,False
2026-08-27,SO,,,,,,,,,,,,,,,,,,,,,89.0,88.0,1.0,0.35,0.3618,0.2319,-8.023870148210488e-05,0.04035701432252,-3.046070879387585e-05,0.4358974358974359,0.1676528599605522,0.3964497041420118,88.25,False,False,False,,False,88.86,right_only,False
2026-08-27,SPY,772.0,771.0,1.0,0.495,0.5272,0.2055,0.003306512849018617,0.19550131813773186,3.0314245719608477e-05,0.4832347140039448,0.4556213017751479,0.0611439842209073,769.35,True,False,True,False,False,,False,,,,,,,,,,,,,,,,,,,,left_only,False
2026-08-27,TJX,,,,,,,,,,,,,,,,,,,,,135.0,134.0,1.0,0.3,0.4559,0.253,0.0001480040291872,0.0364473292755571,6.171355476409233e-05,0.4043392504930966,0.301775147928994,0.2938856015779093,135.12,True,False,False,,False,134.685,right_only,False
2026-08-27,TSLA,355.0,352.5,2.5,1.12,1.1481,0.8627,4.630665669158596e-05,0.12212832963158005,2.4699695253192124e-06,0.5069033530571992,0.4161735700197239,0.07692307692307693,348.75,True,False,True,False,False,,False,355.0,352.5,2.5,1.095,1.1533,0.435,-2.511057644638548e-05,0.1221980358130372,-1.3371443665161932e-06,0.4990138067061144,0.4201183431952662,0.0808678500986193,348.75,True,False,False,,False,354.715,both,False
2026-08-27,TXN,267.5,265.0,2.5,1.135,1.3239,0.4267,-4.497799763458765e-05,0.07145953889743617,-8.094173608074445e-06,0.3767258382642998,0.4240631163708087,0.1992110453648915,258.64,True,False,True,False,False,,False,265.0,262.5,2.5,0.98,1.1987,0.45,-0.0006962110294099,0.0798911832180255,-0.0001023362970929,0.3846153846153846,0.4122287968441814,0.2031558185404339,258.64,True,False,False,,False,264.23,both,False
2026-08-27,UNH,,,,,,,,,,,,,,,,,,,,,395.0,392.5,2.5,1.115,1.2058,0.2915,-0.000611880655906,0.0703903361208473,-0.0001129752976453,0.4358974358974359,0.4595660749506903,0.1045364891518737,392.95,True,False,False,,False,394.0,right_only,False
2026-08-27,UPS,106.0,105.0,1.0,0.325,0.362,0.1965,-0.0014126573280909271,0.015647292806694635,-0.0009703849148094005,0.42011834319526625,0.3214990138067061,0.2583826429980276,105.33,True,False,False,False,False,,False,,,,,,,,,,,,,,,,,,,,left_only,False
2026-08-27,V,380.0,377.5,2.5,0.94,1.0449,0.3071,-0.00018347562975773446,0.04166243270482495,-6.750377119675035e-05,0.45956607495069035,0.3136094674556213,0.22682445759368836,381.6,True,False,False,False,False,,False,380.0,377.5,2.5,1.055,1.0183,0.2161,-0.0002588319622029,0.0457844764428523,-8.625876051395727e-05,0.4595660749506903,0.301775147928994,0.2386587771203155,381.6,False,True,False,,False,379.655,both,False
2026-08-27,VZ,49.5,49.0,0.5,0.205,0.1807,0.2479,-0.000861501175344781,0.031787753776025385,-0.00040172602629419906,0.41222879684418146,0.24260355029585798,0.34516765285996054,50.1,True,False,False,True,False,,False,,,,,,,,,,,,,,,,,,,,left_only,False
2026-08-31,AAPL,317.5,315.0,2.5,1.1,1.1566,0.2366,-0.00014556793771991483,0.12109353472449036,-7.959753803407933e-06,0.46745562130177515,0.40433925049309666,0.1282051282051282,319.97,True,False,True,False,False,,False,317.5,315.0,2.5,1.24,1.2901,0.2483,-0.0001958892132688,0.1210618973615779,-1.0719491548289792e-05,0.4319526627218935,0.4753451676528599,0.0927021696252465,319.97,True,False,False,,False,315.89,both,False
2026-08-31,ABBV,257.5,255.0,2.5,1.41,1.1414,0.4362,-0.0010891395940042514,0.10467687525065794,-8.831396898048898e-05,0.40828402366863903,0.4358974358974359,0.15581854043392504,256.46,True,False,True,True,True,13.0,False,,,,,,,,,,,,,,,,,,,,left_only,False
2026-08-31,ABT,111.0,110.0,1.0,0.3,0.4988,0.4417,-0.0007355127993267097,0.158305623320931,-1.646493523622069e-05,0.39644970414201186,0.4635108481262327,0.14003944773175542,108.33,True,False,True,False,False,,False,111.0,110.0,1.0,0.525,0.5234,0.2639,-0.0002886916868893,0.1115270054873325,-1.9860069529220837e-05,0.3964497041420118,0.4595660749506903,0.1439842209072978,108.33,True,True,True,17.0,False,110.325,both,False
2026-08-31,ACN,190.0,187.5,2.5,1.1,1.0245,0.4,-0.0006559220566594304,0.1270803017404507,-3.1066023314433694e-05,0.47534516765285995,0.368836291913215,0.15581854043392504,186.72,True,False,False,True,False,,False,192.5,190.0,2.5,1.275,1.2648,0.4282,0.0001151069047413,0.1275753802496388,5.38734226477966e-06,0.4240631163708087,0.4201183431952662,0.155818540433925,186.72,True,True,True,3.0,True,191.225,both,True
2026-08-31,ADI,365.0,362.5,2.5,1.4,1.5107,0.3885,0.000987701605509983,0.20182585599926817,7.780029184730745e-06,0.38461538461538464,0.534516765285996,0.08086785009861933,362.25,True,True,True,False,False,,False,,,,,,,,,,,,,,,,,,,,left_only,False
2026-08-31,ADP,,,,,,,,,,,,,,,,,,,,,287.5,285.0,2.5,1.375,1.2666,0.2833,-0.0003674184029474,0.1250129617857032,-1.828699549142142e-05,0.4122287968441814,0.4556213017751479,0.1321499013806706,277.62,True,True,True,15.0,False,286.465,right_only,False
2026-08-31,AMGN,432.5,430.0,2.5,1.175,1.3416,0.3447,-0.00045503951409620047,0.22034636590467638,-2.2980742224826508e-06,0.42011834319526625,0.5266272189349113,0.05325443786982249,437.23,True,False,True,False,False,,False,432.5,430.0,2.5,1.425,1.3476,0.3581,-0.0001457285806614,0.2201137103635218,-7.40090210794474e-07,0.4358974358974359,0.5187376725838264,0.0453648915187376,437.23,True,True,True,10.0,False,430.055,both,False
2026-08-31,AMZN,260.0,257.5,2.5,1.365,1.0117,0.3212,-0.0012675827015635743,0.1286640577098208,-5.779657952060255e-05,0.45956607495069035,0.4161735700197239,0.1242603550295858,258.51,True,False,False,True,False,,False,260.0,257.5,2.5,1.19,1.2218,0.2958,-0.0004166169359069,0.1172735576937884,-2.4968169559821752e-05,0.4280078895463511,0.4437869822485207,0.1282051282051282,258.51,True,False,False,,False,258.9339,both,False
2026-08-31,AVGO,377.5,375.0,2.5,1.2,1.4542,1.0032,-0.0022726165759583417,0.31858000250999086,-1.0862887422861435e-06,0.30177514792899407,0.6410256410256411,0.05719921104536489,357.895,True,False,True,False,False,,False,,,,,,,,,,,,,,,,,,,,left_only,False
2026-08-31,AXP,,,,,,,,,,,,,,,,,,,,,332.5,330.0,2.5,1.315,1.2566,0.2447,0.0001540649549389,0.1266502383215846,7.372586386889218e-06,0.4477317554240631,0.4358974358974359,0.1163708086785009,326.16,True,True,True,1.0,True,331.12,right_only,True
2026-08-31,BAC,62.0,61.0,1.0,0.445,0.3961,0.2861,0.00012003081445266517,0.045334027722146786,4.043645912508493e-05,0.4911242603550296,0.2702169625246548,0.23865877712031558,62.68,True,True,False,True,False,,False,,,,,,,,,,,,,,,,,,,,left_only,False
2026-08-31,BLK,1160.0,1157.5,2.5,1.1,1.3401,0.2676,0.004526264598632146,0.2896661490937721,4.3304207498089815e-06,0.49506903353057197,0.4714003944773176,0.03353057199211045,1122.29,True,False,True,False,False,,False,1160.0,1157.5,2.5,1.9,1.3714,0.2572,0.0049656516017384,0.2945152813776829,4.228862540002733e-06,0.4832347140039448,0.4792899408284023,0.0374753451676528,1122.29,True,True,True,4.0,True,1154.415,both,True
2026-08-31,BMY,67.0,66.0,1.0,0.33,0.3431,0.2285,-0.002292092994852446,0.07576498561741363,-0.0003719877768726021,0.4161735700197239,0.40039447731755423,0.1834319526627219,66.82,True,False,False,False,False,,False,,,,,,,,,,,,,,,,,,,,left_only,False
2026-08-31,CL,90.0,89.0,1.0,0.9,0.315,0.34,-0.0022906464261717163,0.11332202476933062,-0.00015093673030741066,0.43984220907297833,0.3806706114398422,0.1794871794871795,88.77,True,False,False,True,False,,False,,,,,,,,,,,,,,,,,,,,left_only,False
2026-08-31,CME,287.5,285.0,2.5,1.275,1.3529,0.2523,0.004146820457582079,0.11937425594521911,0.00023630303361537024,0.45956607495069035,0.4477317554240631,0.09270216962524655,281.29,True,False,True,False,False,,False,287.5,285.0,2.5,1.1,1.1703,0.2766,-7.493588952245389e-06,0.1247024507296625,-3.757576208346874e-07,0.4714003944773176,0.4043392504930966,0.1242603550295858,281.29,True,False,False,,False,286.655,both,False
2026-08-31,COST,947.5,945.0,2.5,1.275,1.3335,0.2128,-0.0004724342153018535,0.25618036986207515,-1.0096155690322502e-06,0.4240631163708087,0.5266272189349113,0.04930966469428008,915.74,True,False,True,False,False,,False,945.0,942.5,2.5,1.375,1.3435,0.2117,0.0001333575114945,0.2491499713700976,3.373731353238608e-07,0.4477317554240631,0.5029585798816568,0.04930966469428,915.74,True,True,True,8.0,False,942.31947,both,False
2026-08-31,CRM,260.0,257.5,2.5,1.35,1.3129,0.4447,-0.00039803196392629303,0.17874013454481052,-5.456290069488631e-06,0.4161735700197239,0.49506903353057197,0.08875739644970414,259.23,True,False,True,True,True,7.0,False,262.5,260.0,2.5,1.4,1.3705,0.4302,0.0004646889782684,0.1795235729604174,6.251382046912686e-06,0.4280078895463511,0.4871794871794871,0.0848126232741617,259.23,True,True,True,2.0,True,260.105,both,True
2026-08-31,CSCO,111.0,110.0,1.0,0.525,0.4868,0.2891,-0.0008380083884450551,0.13154274449250836,-3.565902400822896e-05,0.4240631163708087,0.47928994082840237,0.09664694280078895,109.2,True,False,True,True,True,11.0,False,111.0,110.0,1.0,0.465,0.4668,0.294,-0.0004029072476682,0.1277947669901432,-1.875821843700827e-05,0.4595660749506903,0.4319526627218935,0.1084812623274161,109.2,True,False,False,,False,110.77,both,False
2026-08-31,CVX,207.5,205.0,2.5,1.185,1.3131,0.2606,0.008857508408531611,0.07054971965728263,0.0016291725294793826,0.4516765285996055,0.3727810650887574,0.1755424063116371,208.6,True,False,True,False,False,,False,,,,,,,,,,,,,,,,,,,,left_only,False
2026-08-31,DE,,,,,,,,,,,,,,,,,,,,,655.0,652.5,2.5,1.4,1.3832,0.3302,-0.0001917742707926,0.2621746314315506,-3.549167063878456e-07,0.4240631163708087,0.5384615384615384,0.0374753451676528,693.53,True,True,True,9.0,False,651.115,right_only,False
2026-08-31,DHR,215.0,212.5,2.5,1.0,1.1792,0.2802,-0.0015824044098342593,0.10929595417080451,-0.00011484666003040939,0.3806706114398422,0.48717948717948717,0.13214990138067062,207.66,True,False,True,False,False,,False,215.0,212.5,2.5,1.375,1.1547,0.3324,-0.0008561757527701,0.1088432757348599,-6.28177110050597e-05,0.4319526627218935,0.4437869822485207,0.1242603550295858,207.66,True,True,True,21.0,False,214.532,both,False
2026-08-31,DIS,108.0,107.0,1.0,0.51,0.4807,0.2285,-0.0007536703351607166,0.08828863445028046,-9.056137741584984e-05,0.4161735700197239,0.4516765285996055,0.13214990138067062,105.31,True,False,True,True,True,14.0,False,108.0,107.0,1.0,0.47,0.4555,0.2307,-0.0004182748010339,0.0887416588638749,-4.971659707509524e-05,0.4477317554240631,0.4003944773175542,0.1518737672583826,105.31,True,True,True,20.0,False,107.81,both,False
2026-08-31,EOG,146.0,145.0,1.0,0.775,0.5696,0.4173,0.005664689143212387,0.20416339043349485,4.218589520539026e-05,0.4516765285996055,0.47928994082840237,0.06903353057199212,145.19,True,False,True,True,True,1.0,True,145.0,144.0,1.0,0.575,0.5356,0.3468,6.907483720630658e-05,0.1931904858008127,6.693948757792948e-07,0.4398422090729783,0.4950690335305719,0.0650887573964497,145.19,True,True,True,7.0,False,144.09,both,False
2026-08-31,F,14.0,13.5,0.5,0.155,0.1491,0.3,-0.001653249155673775,0.03980870665163172,-0.0006359302300915211,0.38461538461538464,0.21104536489151873,0.40433925049309666,14.62,True,False,False,True,False,,False,14.0,13.5,0.5,0.16,0.151,0.3123,-0.0013253231587407,0.0721586874612567,-0.0002345345948462,0.4122287968441814,0.1992110453648915,0.388560157790927,14.62,False,True,False,,False,13.974,both,False
2026-08-31,FCX,76.0,75.0,1.0,0.475,0.5243,0.5331,0.012597920425957865,0.14910253853544364,0.0003517167305659561,0.5069033530571992,0.40039447731755423,0.09270216962524655,72.73,True,False,True,False,False,,False,76.0,75.0,1.0,0.525,0.5408,0.4987,0.0044557290800011,0.1503408506544066,0.0001207552252792,0.4595660749506903,0.4437869822485207,0.0966469428007889,72.73,True,False,False,,False,75.29,both,False
2026-08-31,GE,337.5,335.0,2.5,1.625,1.2496,0.3325,-0.0005218369573635195,0.1713630906447512,-8.538975377646879e-06,0.4319526627218935,0.47928994082840237,0.08875739644970414,337.12,True,False,True,True,True,8.0,False,337.5,335.0,2.5,1.175,1.2305,0.3225,7.957292427085427e-05,0.1698878033723436,1.3490040867668347e-06,0.4674556213017751,0.4398422090729783,0.0927021696252465,337.12,True,False,False,,False,336.285,both,False
2026-08-31,GILD,147.0,146.0,1.0,0.305,0.4715,0.2406,-0.0016248340806259698,0.17024313679802572,-2.7311987330402355e-05,0.40433925049309666,0.514792899408284,0.08086785009861933,150.995,True,False,True,False,False,,False,147.0,146.0,1.0,0.43,0.5194,0.2886,-0.0008271182224885,0.1672726178958071,-1.493048071176688e-05,0.4043392504930966,0.514792899408284,0.0808678500986193,151.0,True,False,False,,False,146.27,both,False
2026-08-31,GM,87.0,86.0,1.0,0.525,0.4825,0.348,-0.0021301820078074574,0.1052070880969449,-0.00017054387421604558,0.34122287968441817,0.5226824457593688,0.13609467455621302,87.76,True,True,True,True,False,,False,,,,,,,,,,,,,,,,,,,,left_only,False
2026-08-31,GOOGL,340.0,337.5,2.5,0.93,1.1922,0.5513,-0.0010495452986377662,0.150063475809185,-2.8633829859677563e-05,0.4319526627218935,0.4911242603550296,0.07692307692307693,338.46,True,True,True,False,False,,False,,,,,,,,,,,,,,,,,,,,left_only,False
2026-08-31,GS,1030.0,1027.5,2.5,1.15,1.4842,0.357,0.0032799364970728107,0.2901284523366464,3.103394413250308e-06,0.4319526627218935,0.534516765285996,0.03353057199211045,1038.61,True,True,True,False,False,,False,1025.0,1022.5,2.5,1.05,1.1479,0.2921,-0.0001394688426452,0.2892425826033737,-1.3479761731308614e-07,0.514792899408284,0.4437869822485207,0.0414201183431952,1038.61,True,False,False,,False,1026.855,both,False
2026-08-31,HD,330.0,327.5,2.5,1.6,1.5326,0.3506,0.0029813199478041508,0.16424703884138014,5.786961627446618e-05,0.3806706114398422,0.5108481262327417,0.10848126232741617,321.05,True,True,True,True,False,,False,327.5,325.0,2.5,1.325,1.0847,0.2577,-0.0007859810537361,0.1420295885177623,-2.6003276857246935e-05,0.4871794871794871,0.4398422090729783,0.0729783037475345,321.05,False,True,False,,False,327.77,both,False
2026-08-31,HON,215.0,212.5,2.5,1.65,1.1822,0.3729,-0.0010388059012795825,0.10010936022151284,-9.399132730664567e-05,0.39644970414201186,0.4477317554240631,0.15581854043392504,209.61,True,False,True,True,True,15.0,False,,,,,,,,,,,,,,,,,,,,left_only,False
2026-08-31,IBM,235.0,232.5,2.5,1.365,1.222,0.3405,4.770949114041301e-05,0.11542288661927469,2.9891261134331473e-06,0.4556213017751479,0.4240631163708087,0.1203155818540434,234.89,True,False,True,True,True,3.0,True,,,,,,,,,,,,,,,,,,,,left_only,False
2026-08-31,INTC,90.0,89.0,1.0,0.515,0.5173,0.6619,-0.0010685452695957665,0.20487931679210558,-7.8220747938905e-06,0.39250493096646943,0.5226824457593688,0.08481262327416174,95.8,True,False,True,False,False,,False,90.0,89.0,1.0,0.525,0.5241,0.5867,-0.0010400473942875,0.1957123137538652,-9.487034077591844e-06,0.3846153846153846,0.5226824457593688,0.0927021696252465,95.8,True,True,True,13.0,False,89.465,both,False
2026-08-31,ISRG,380.0,377.5,2.5,1.3,1.4746,0.3433,-0.0009419426497817573,0.20423862950726646,-7.00215026929685e-06,0.34911242603550297,0.5897435897435898,0.0611439842209073,366.7,True,False,True,False,False,,False,377.5,375.0,2.5,1.35,1.2822,0.3494,-0.0011398031973846,0.198231557522019,-9.786985687896124e-06,0.3964497041420118,0.5266272189349113,0.0769230769230769,366.7,True,True,True,14.0,False,375.57,both,False
2026-08-31,IWM,295.0,294.0,1.0,0.47,0.5043,0.1552,-0.0010004405608803335,0.1899788002089433,-1.0471994860571759e-05,0.4161735700197239,0.5187376725838264,0.0650887573964497,296.01,True,False,True,False,False,,False,,,,,,,,,,,,,,,,,,,,left_only,False
2026-08-31,JNJ,267.5,265.0,2.5,1.54,1.2615,0.249,-0.0009990473806951172,0.08278750426644588,-0.00013698920173270697,0.3727810650887574,0.47534516765285995,0.15187376725838264,275.23,True,False,True,True,True,16.0,False,267.5,265.0,2.5,1.285,1.2824,0.2385,-0.0006682021420327,0.0896795716234084,-7.765539430279453e-05,0.3846153846153846,0.4674556213017751,0.1479289940828402,275.23,True,True,True,22.0,False,265.975,both,False
2026-08-31,JPM,357.5,355.0,2.5,1.14,1.2486,0.2039,-0.00037143124845551156,0.11726905511245933,-2.226256257983535e-05,0.4358974358974359,0.46745562130177515,0.09664694280078895,358.64,True,False,True,False,False,,False,357.5,355.0,2.5,1.3,1.3286,0.206,-6.917965049035857e-05,0.1151181359062147,-4.366105795756794e-06,0.4280078895463511,0.4871794871794871,0.0848126232741617,358.64,True,False,False,,False,355.55,both,False
2026-08-31,KO,89.0,88.0,1.0,0.435,0.4074,0.1868,-0.0015220539185438753,0.03663352905350581,-0.0006318242478467658,0.368836291913215,0.3609467455621302,0.2702169625246548,88.07,True,False,False,True,False,,False,89.0,88.0,1.0,0.425,0.4474,0.1921,-0.0005540083282549,0.03750303859519,-0.0002252265519775,0.3964497041420118,0.3491124260355029,0.2544378698224852,88.07,False,False,False,,False,88.73,both,False
2026-08-31,LOW,205.0,202.5,2.5,1.125,1.0443,0.2607,-0.0012085492402614806,0.0930017211361771,-0.00012968839829154917,0.4556213017751479,0.4280078895463511,0.11637080867850098,204.45,True,False,False,True,False,,False,,,,,,,,,,,,,,,,,,,,left_only,False
2026-08-31,MA,590.0,587.5,2.5,1.25,1.2083,0.2184,-0.00029101041062473687,0.18617745591476775,-3.3370931041015073e-06,0.47928994082840237,0.4714003944773176,0.04930966469428008,579.21,True,False,True,True,True,5.0,True,590.0,587.5,2.5,1.2,1.2084,0.218,-0.0003282561914961,0.193462858284157,-3.160359466406733e-06,0.4753451676528599,0.4714003944773176,0.0532544378698224,579.21,True,False,False,,False,589.07,both,False
2026-08-31,MCD,265.0,262.5,2.5,1.48,1.5089,0.5616,0.01211930115299742,0.08339463570673433,0.001637757718313821,0.39644970414201186,0.4280078895463511,0.1755424063116371,255.69,True,True,True,False,False,,False,265.0,262.5,2.5,1.27,0.9482,0.2063,0.0003413904727707,0.1096692875707414,2.4556191005998775e-05,0.5463510848126233,0.282051282051282,0.1715976331360946,255.69,False,True,False,,False,265.6735,both,False
2026-08-31,MDT,92.0,91.0,1.0,0.47,0.5634,0.6212,-0.0028480283425614816,0.22697863417874609,-1.2266782555661279e-05,0.2583826429980276,0.6134122287968442,0.1282051282051282,94.17,True,False,True,False,False,,False,,,,,,,,,,,,,,,,,,,,left_only,False
2026-08-31,MMM,172.5,170.0,2.5,1.09,0.9444,0.2234,-0.001609460330622814,0.03422248905713188,-0.000707908229572749,0.4161735700197239,0.368836291913215,0.21499013806706113,168.56,True,False,False,True,False,,False,172.5,170.0,2.5,1.0,1.0367,0.2466,-0.0008463244977672,0.0447718797637133,-0.0002889858540049,0.4358974358974359,0.3609467455621302,0.2031558185404339,168.56,False,False,False,,False,172.08,both,False
2026-08-31,MRK,148.0,147.0,1.0,0.46,0.4262,0.2792,-0.0025239107263149707,0.17865301319515825,-3.467061632477966e-05,0.39644970414201186,0.534516765285996,0.06903353057199212,150.33,True,False,False,True,False,,False,149.0,148.0,1.0,0.525,0.523,0.3004,-0.0017811792457486,0.1768908735954591,-2.552478536631541e-05,0.3727810650887574,0.5818540433925049,0.0453648915187376,150.33,True,True,True,19.0,False,148.185,both,False
2026-08-31,MS,,,,,,,,,,,,,,,,,,,,,215.0,212.5,2.5,1.205,1.2716,0.2906,-0.0004536379304043,0.0846644073675593,-5.9462959715789086e-05,0.408284023668639,0.4635108481262327,0.1282051282051282,217.72,True,False,False,,False,213.54,right_only,False
2026-08-31,MSFT,510.0,507.5,2.5,1.45,1.343,0.2801,-0.0007230695565257905,0.20568056713218652,-5.19227431299911e-06,0.39250493096646943,0.5226824457593688,0.08481262327416174,499.7,True,False,True,True,True,6.0,True,512.5,510.0,2.5,1.325,1.35,0.2576,-0.0005928343465223,0.2017706755280414,-4.675886634084251e-06,0.3925049309664694,0.514792899408284,0.0927021696252465,499.7,True,False,False,,False,509.7551,both,False
2026-08-31,NOW,149.0,148.0,1.0,0.525,0.5009,0.6016,0.0016941722369023804,0.25962701389413667,3.3330946983257205e-06,0.5069033530571992,0.4516765285996055,0.04142011834319527,141.26,True,False,True,True,True,2.0,True,150.0,149.0,1.0,0.55,0.5426,0.5939,-0.0006896725725862,0.2638599180169365,-1.2257818926228095e-06,0.4003944773175542,0.5384615384615384,0.0611439842209073,141.26,True,True,True,11.0,False,148.67,both,False
2026-08-31,NVDA,222.5,220.0,2.5,1.39,1.3157,0.3642,-0.00029434426455288154,0.11453595799701766,-1.883820631167373e-05,0.42011834319526625,0.4911242603550296,0.08875739644970414,230.36,True,False,True,True,True,10.0,False,220.0,217.5,2.5,1.1,1.1174,0.3435,-0.0007820107628501,0.1193825395186133,-4.455335925556207e-05,0.4635108481262327,0.4398422090729783,0.0966469428007889,230.36,False,False,False,,False,219.71,both,False
2026-08-31,ORCL,150.0,149.0,1.0,0.55,0.5006,0.5522,-0.0009443396167426732,0.24971270081131547,-2.356979780607385e-06,0.4319526627218935,0.5226824457593688,0.045364891518737675,158.78,True,False,True,True,True,4.0,True,152.5,150.0,2.5,1.45,1.4423,0.5669,0.0001092459970337,0.1432044778797487,3.5137882316656395e-06,0.3925049309664694,0.5187376725838264,0.0887573964497041,158.78,True,True,True,5.0,True,150.15,both,True
2026-08-31,PEP,141.0,140.0,1.0,0.345,0.6559,0.323,0.022608328376692466,0.14765674671677598,0.0006534798564033506,0.40039447731755423,0.4832347140039448,0.11637080867850098,137.63,True,True,True,False,False,,False,,,,,,,,,,,,,,,,,,,,left_only,False
2026-08-31,PFE,28.5,28.0,0.5,0.19,0.1743,0.263,-0.0007081930932920644,0.049411793756572786,-0.0002163362125229314,0.4516765285996055,0.23865877712031558,0.3096646942800789,28.45,True,False,False,True,False,,False,,,,,,,,,,,,,,,,,,,,left_only,False
2026-08-31,PG,,,,,,,,,,,,,,,,,,,,,146.0,145.0,1.0,0.53,0.5258,0.2079,-0.0002955159172696,0.1152627310831794,-1.858615883315211e-05,0.4280078895463511,0.4990138067061144,0.0729783037475345,146.44,True,True,True,16.0,False,145.355,right_only,False
2026-08-31,PM,187.5,185.0,2.5,0.85,0.9637,0.2506,-0.0006395514128664237,0.07485942482222141,-0.00010607440877973218,0.5069033530571992,0.3530571992110454,0.14003944773175542,182.53,True,False,False,False,False,,False,,,,,,,,,,,,,,,,,,,,left_only,False
2026-08-31,PNC,240.0,237.5,2.5,1.05,0.9703,0.2231,-0.001081579614479078,0.0822052682807699,-0.00015039293246350748,0.4516765285996055,0.35700197238658776,0.1913214990138067,245.6,True,False,False,True,False,,False,,,,,,,,,,,,,,,,,,,,left_only,False
2026-08-31,PYPL,53.0,52.0,1.0,0.49,0.4676,0.3825,-8.647688462171121e-05,0.04504292394982534,-2.933692535575748e-05,0.41222879684418146,0.3530571992110454,0.23471400394477318,54.96,True,True,True,True,False,,False,,,,,,,,,,,,,,,,,,,,left_only,False
2026-08-31,QCOM,172.5,170.0,2.5,1.525,1.4609,0.5442,7.06180850935656e-05,0.13519291103500686,2.7529041518243844e-06,0.3727810650887574,0.5108481262327417,0.11637080867850098,168.74,True,True,True,True,False,,False,,,,,,,,,,,,,,,,,,,,left_only,False
2026-08-31,QQQ,718.0,717.5,0.5,0.23,0.2451,0.1529,-0.00031761853462963785,0.3356873492872814,-1.0069639323617253e-07,0.49506903353057197,0.5029585798816568,0.0019723865877712033,718.96,True,False,True,False,False,,False,,,,,,,,,,,,,,,,,,,,left_only,False
2026-08-31,REGN,802.5,800.0,2.5,1.0,1.1123,0.2423,-0.0016709265291646735,0.2578955827273368,-3.4268434962406965e-06,0.4477317554240631,0.5187376725838264,0.03353057199211045,827.72,True,False,False,False,False,,False,802.5,800.0,2.5,0.1,1.3535,0.292,-8.433584519929038e-05,0.2683761699145026,-1.3449596325556838e-07,0.4437869822485207,0.5266272189349113,0.029585798816568,827.72,True,False,False,,False,798.82,both,False
2026-08-31,RTX,,,,,,,,,,,,,,,,,,,,,210.0,207.5,2.5,1.21,1.2029,0.2452,-0.0004403466496925,0.0563207168840027,-0.0001139619991145,0.4201183431952662,0.4240631163708087,0.155818540433925,200.79,True,True,True,23.0,False,208.895,right_only,False
2026-08-31,SBUX,107.0,106.0,1.0,0.89,0.4819,0.3516,-0.0009992556890144888,0.12902799150383304,-4.516574270685848e-05,0.40828402366863903,0.4714003944773176,0.1203155818540434,104.47,True,False,True,True,True,12.0,False,107.0,106.0,1.0,0.545,0.5377,0.2802,2.3251816272606973e-05,0.1166585068026351,1.4142213330608535e-06,0.408284023668639,0.4674556213017751,0.1242603550295858,104.47,True,True,True,6.0,True,106.25,both,True
2026-08-31,SCHW,110.0,109.0,1.0,0.405,0.4272,0.2671,-6.291410042891243e-05,0.11136234202388207,-4.345210057384237e-06,0.49506903353057197,0.3530571992110454,0.15187376725838264,109.29,True,False,False,False,False,,False,110.0,109.0,1.0,0.435,0.4283,0.2486,0.0009067055606468,0.1068713616694068,6.974913975811074e-05,0.5029585798816568,0.3214990138067061,0.1755424063116371,109.29,False,True,False,,False,109.89,both,False
2026-08-31,SPY,768.0,767.0,1.0,0.445,0.4752,0.1057,-0.0006290107316270221,0.25638464761904867,-1.3376532532697383e-06,0.47534516765285995,0.48717948717948717,0.03747534516765286,770.19,True,False,True,False,False,,False,,,,,,,,,,,,,,,,,,,,left_only,False
2026-08-31,T,26.0,25.5,0.5,0.185,0.2022,0.2044,-0.0007381436233943051,0.020409769918154685,-0.00045228112265475583,0.4437869822485207,0.33727810650887574,0.21893491124260356,25.68,True,False,False,False,False,,False,,,,,,,,,,,,,,,,,,,,left_only,False
2026-08-31,TJX,134.0,133.0,1.0,0.575,0.4299,0.4579,-0.0008479305127666592,0.1394944080497541,-2.9812652881862155e-05,0.45956607495069035,0.41222879684418146,0.1282051282051282,132.08,True,False,False,True,False,,False,134.0,133.0,1.0,0.475,0.4971,0.2251,-0.0008466315533938,0.1141836181481009,-5.464505701836609e-05,0.408284023668639,0.4832347140039448,0.1084812623274161,132.08,True,False,False,,False,133.495,both,False
2026-08-31,TMO,,,,,,,,,,,,,,,,,,,,,622.5,620.0,2.5,0.3,1.341,0.2979,-0.0003293220773501,0.2427865400181961,-9.706001086910851e-07,0.4280078895463511,0.5226824457593688,0.04930966469428,613.78,True,False,False,,False,619.51,right_only,False
2026-08-31,TSLA,370.0,367.5,2.5,1.275,1.3358,0.4875,-0.0002008215056568119,0.236029637227114,-6.960771260593293e-07,0.4358974358974359,0.514792899408284,0.04930966469428008,354.08,True,False,True,False,False,,False,370.0,367.5,2.5,1.375,1.4067,0.4928,0.0001313802719737,0.2430530587033006,3.847438652012982e-07,0.4201183431952662,0.5226824457593688,0.0571992110453648,354.08,True,False,False,,False,366.76,both,False
2026-08-31,TXN,262.5,260.0,2.5,1.25,1.3616,0.3879,-0.0006475787631379237,0.1645798842803392,-1.246996814751666e-05,0.3806706114398422,0.514792899408284,0.10453648915187377,258.44,True,False,True,False,False,,False,262.5,260.0,2.5,1.3,1.2971,0.3867,-0.0011749305522308,0.1598856907780302,-2.532286497824313e-05,0.3727810650887574,0.514792899408284,0.1124260355029585,258.44,True,True,True,18.0,False,260.96,both,False
2026-08-31,UNH,390.0,387.5,2.5,1.225,1.1662,0.272,-0.0006697097820919096,0.16785757322812445,-1.1920536869515239e-05,0.4714003944773176,0.4714003944773176,0.05719921104536489,397.14,True,False,True,True,True,9.0,False,392.5,390.0,2.5,1.225,1.397,0.2836,-5.203791900942889e-06,0.1814184645407521,-6.689335946305353e-08,0.4201183431952662,0.5266272189349113,0.0532544378698224,397.14,True,False,False,,False,389.67,both,False
2026-08-31,USB,,,,,,,,,,,,,,,,,,,,,62.0,61.0,1.0,0.43,0.4492,0.2434,-0.0002009258447931,0.0218880795635152,-0.0001188214562855,0.4161735700197239,0.3333333333333333,0.2504930966469428,63.37,False,False,False,,False,61.645,right_only,False
2026-08-31,V,380.0,377.5,2.5,1.045,1.0739,0.185,-0.0013725462330993476,0.11889685759526558,-7.911466658456324e-05,0.4358974358974359,0.4477317554240631,0.11637080867850098,375.07,True,False,False,False,False,,False,,,,,,,,,,,,,,,,,,,,left_only,False
2026-08-31,VRTX,547.5,545.0,2.5,1.175,1.3964,0.2738,-0.0007735924826749452,0.2243384044860275,-3.5499145014512696e-06,0.38461538461538464,0.5581854043392505,0.05719921104536489,546.12,True,False,True,False,False,,False,547.5,545.0,2.5,1.65,1.36,0.2891,-0.0010948924634414,0.2294617420688774,-4.442999097708253e-06,0.3806706114398422,0.5581854043392505,0.0611439842209073,546.12,True,True,True,12.0,False,543.9,both,False
2026-08-31,WMT,105.0,104.0,1.0,0.445,0.4599,0.2303,0.002181443575205222,0.08397195838341442,0.0002907358508478872,0.514792899408284,0.3727810650887574,0.11242603550295859,107.14,True,False,True,False,False,,False,,,,,,,,,,,,,,,,,,,,left_only,False
2026-09-01,AAPL,,,,,,,,,,,,,,,,,,,,,327.5,325.0,2.5,1.3,1.3433,0.2652,0.0004207434098801,0.1192512166691788,2.4046608552880752e-05,0.4280078895463511,0.4674556213017751,0.1045364891518737,319.97,True,False,False,,False,325.51,right_only,False
2026-09-01,ABT,109.0,108.0,1.0,0.6,0.3686,0.332,-0.0008574305172112107,0.11719240650241836,-5.148664173346561e-05,0.5029585798816568,0.34516765285996054,0.15187376725838264,108.33,True,False,False,True,False,,False,,,,,,,,,,,,,,,,,,,,left_only,False
2026-09-01,ACN,190.0,187.5,2.5,1.175,1.3134,0.43,-6.030167625414862e-05,0.11112697297400354,-4.188373827255084e-06,0.39250493096646943,0.4358974358974359,0.17159763313609466,186.72,True,False,True,False,False,,False,,,,,,,,,,,,,,,,,,,,left_only,False
2026-09-01,ADI,357.5,355.0,2.5,1.25,1.457,0.3793,-0.00040435053682197353,0.1898951589662029,-4.240996867923945e-06,0.3609467455621302,0.5384615384615384,0.10059171597633136,362.25,True,True,True,False,False,,False,,,,,,,,,,,,,,,,,,,,left_only,False
2026-09-01,ADP,285.0,282.5,2.5,1.4,1.3292,0.2902,-0.00018291798881486798,0.10473839742710012,-1.4810203450960047e-05,0.39644970414201186,0.4635108481262327,0.14003944773175542,277.62,True,False,True,True,True,12.0,False,285.0,282.5,2.5,1.225,1.2287,0.324,-0.0003254749763745,0.1228955719533422,-1.704389123709627e-05,0.4240631163708087,0.4358974358974359,0.1400394477317554,277.62,True,False,False,,False,284.1,both,False
2026-09-01,AMGN,440.0,437.5,2.5,1.25,1.3235,0.3562,-9.936693884537995e-05,0.20719678218396875,-6.880434277796802e-07,0.4358974358974359,0.49506903353057197,0.06903353057199212,437.23,True,False,True,False,False,,False,437.5,435.0,2.5,1.4,1.2338,0.3658,-0.0004454898545572,0.2029690826859378,-3.4141087876719845e-06,0.4477317554240631,0.4753451676528599,0.0769230769230769,437.23,True,True,True,6.0,True,436.55,both,True
2026-09-01,AMZN,,,,,,,,,,,,,,,,,,,,,255.0,252.5,2.5,1.17,1.2122,0.3078,-0.0004866363945109,0.0970078501830242,-4.743350410405899e-05,0.4161735700197239,0.4319526627218935,0.1518737672583826,258.51,True,False,False,,False,254.065,right_only,False
2026-09-01,AVGO,377.5,375.0,2.5,1.7,1.4979,1.174,-0.001769051845371239,0.32288313179745565,-7.626194235765413e-07,0.3175542406311637,0.6449704142011834,0.03747534516765286,357.895,True,False,True,True,True,6.0,True,,,,,,,,,,,,,,,,,,,,left_only,False
2026-09-01,AXP,325.0,322.5,2.5,1.16,1.1704,0.3113,-4.472606941041679e-05,0.10711729372877232,-3.420345229970745e-06,0.47928994082840237,0.4161735700197239,0.10453648915187377,326.16,True,False,True,False,False,,False,325.0,322.5,2.5,1.125,1.1004,0.2586,-1.2030595601508765e-05,0.116966409032349,-7.26337295038604e-07,0.5108481262327417,0.388560157790927,0.1005917159763313,326.16,False,True,False,,False,324.9,both,False
2026-09-01,BA,,,,,,,,,,,,,,,,,,,,,207.5,205.0,2.5,1.26,1.2747,0.2978,-0.0005587961527696,0.0620180452107301,-0.0001261348606891,0.3846153846153846,0.4516765285996055,0.1637080867850098,212.25,True,False,False,,False,206.14,right_only,False
2026-09-01,BMY,67.0,66.0,1.0,0.4,0.3146,0.2671,-0.0020065644695091978,0.06264537468076559,-0.00044616566408273004,0.4477317554240631,0.34911242603550297,0.20315581854043394,66.82,True,False,False,True,False,,False,67.0,66.0,1.0,0.455,0.4487,0.2942,-0.0006056617149209,0.0378996061294947,-0.0002438933542229,0.4201183431952662,0.3806706114398422,0.1992110453648915,66.82,False,True,False,,False,66.76,both,False
2026-09-01,CL,90.0,89.0,1.0,0.425,0.367,0.2279,-0.0015020212135230526,0.05291740284672475,-0.0004218076006411163,0.4280078895463511,0.34911242603550297,0.22287968441814596,88.77,True,False,False,True,False,,False,90.0,89.0,1.0,0.425,0.4399,0.2525,0.0005691261825888,0.0571031475162815,0.0001445501680693,0.4714003944773176,0.3214990138067061,0.2071005917159763,88.77,False,False,False,,False,89.775,both,False
2026-09-01,CME,287.5,285.0,2.5,1.2,1.3005,0.562,0.011014317438257537,0.10608196347865229,0.0008634915979047364,0.4832347140039448,0.3806706114398422,0.13609467455621302,281.29,True,False,True,False,False,,False,287.5,285.0,2.5,0.65,1.142,0.2921,4.037222678032748e-05,0.1121837635607445,2.7339071245048712e-06,0.4753451676528599,0.3806706114398422,0.1439842209072978,281.29,True,False,False,,False,286.845,both,False
2026-09-01,COST,942.5,940.0,2.5,1.7,1.4073,0.299,0.0022083199429629996,0.25541368841133283,4.806930721150901e-06,0.4477317554240631,0.5029585798816568,0.04930966469428008,915.74,True,False,True,True,True,3.0,True,940.0,937.5,2.5,1.175,1.3634,0.2453,8.008369539869165e-05,0.2504589233258398,1.9633323604195807e-07,0.4437869822485207,0.5187376725838264,0.0374753451676528,915.74,True,False,False,,False,936.735,both,False
2026-09-01,CRM,260.0,257.5,2.5,1.3,1.3734,0.4579,-0.0004503850680277477,0.16189548979197355,-9.24988545844682e-06,0.3767258382642998,0.4990138067061144,0.1242603550295858,259.23,True,False,True,False,False,,False,260.0,257.5,2.5,1.275,1.2649,0.451,-0.0004586049369165,0.1592297108729194,-1.0040993611007417e-05,0.408284023668639,0.4595660749506903,0.1321499013806706,259.23,True,True,True,10.0,False,258.77,both,False
2026-09-01,CSCO,110.0,109.0,1.0,0.505,0.4847,0.34,-0.00018633752908381318,0.12197274778307454,-9.976314712911737e-06,0.45956607495069035,0.4437869822485207,0.09664694280078895,109.2,True,False,True,True,True,11.0,False,110.0,109.0,1.0,0.48,0.4669,0.3289,-0.0005126520214789,0.1214895706207364,-2.776698151193896e-05,0.4595660749506903,0.4437869822485207,0.0966469428007889,109.2,True,True,True,11.0,False,109.705,both,False
2026-09-01,CSX,,,,,,,,,,,,,,,,,,,,,48.5,48.0,0.5,0.175,0.2207,0.3132,0.000675732186868,0.0984939441384604,6.355731930432643e-05,0.4792899408284023,0.3293885601577909,0.1913214990138067,49.41,False,False,False,,False,48.405,right_only,False
2026-09-01,CVX,212.5,210.0,2.5,1.31,1.3692,0.3114,0.012999340639684442,0.06835589773270345,0.0025202474485358844,0.4477317554240631,0.3806706114398422,0.17159763313609466,208.6,True,False,True,False,False,,False,,,,,,,,,,,,,,,,,,,,left_only,False
2026-09-01,DE,680.0,677.5,2.5,1.85,1.3551,0.3763,-0.0013677426392942893,0.26585249471189587,-2.3174259796985573e-06,0.3806706114398422,0.5818540433925049,0.03747534516765286,693.53,True,False,True,True,True,8.0,False,677.5,675.0,2.5,1.65,1.3809,0.3696,-0.0012182372128561,0.2627176913455549,-2.2253975928131157e-06,0.3806706114398422,0.5857988165680473,0.0335305719921104,693.53,True,True,True,5.0,True,673.52,both,True
2026-09-01,DHR,207.5,205.0,2.5,1.625,1.0853,0.3453,-0.0008465813741698192,0.09001793822265847,-9.759007617910224e-05,0.4161735700197239,0.3767258382642998,0.20710059171597633,207.66,True,False,False,True,False,,False,207.5,205.0,2.5,1.1,1.2165,0.3572,-0.0003375969477458,0.0889879054735061,-3.989069107479485e-05,0.4003944773175542,0.4043392504930966,0.1952662721893491,207.66,True,False,False,,False,206.76,both,False
2026-09-01,EMR,148.0,147.0,1.0,-0.05,0.4023,0.2441,-0.001731703456963718,0.17428720834622324,-2.641594644827747e-05,0.43984220907297833,0.4477317554240631,0.11242603550295859,152.82,True,False,False,False,False,,False,148.0,147.0,1.0,0.4,0.4708,0.3297,-0.0004426738604423,0.1665399691655651,-8.132545972312046e-06,0.4556213017751479,0.4398422090729783,0.1045364891518737,152.82,True,False,False,,False,147.705,both,False
2026-09-01,EOG,149.0,148.0,1.0,0.575,0.5236,0.4666,0.0033950344102833263,0.1869834710729974,3.818588213814008e-05,0.47928994082840237,0.4437869822485207,0.07692307692307693,145.19,True,False,True,True,True,2.0,True,149.0,148.0,1.0,0.5,0.5136,0.377,0.0007351773835388,0.1845767409755272,8.760649314235511e-06,0.4595660749506903,0.4477317554240631,0.0927021696252465,145.19,True,False,False,,False,148.495,both,False
2026-09-01,FCX,73.0,72.0,1.0,0.535,0.4389,0.5202,-0.001475354490513836,0.12560230821761575,-7.239941181291445e-05,0.42011834319526625,0.45956607495069035,0.1203155818540434,72.73,True,False,False,True,False,,False,73.0,72.0,1.0,0.455,0.4896,0.532,0.0005313012754768,0.1303779958512496,2.324888871520768e-05,0.4635108481262327,0.4122287968441814,0.1242603550295858,72.73,True,False,False,,False,72.83,both,False
2026-09-01,GE,332.5,330.0,2.5,1.82,1.3216,0.3792,9.505485950134229e-05,0.1529517067398677,2.4196266020937422e-06,0.43984220907297833,0.47928994082840237,0.08086785009861933,337.12,True,False,True,True,True,4.0,True,332.5,330.0,2.5,1.325,1.3216,0.3296,-7.884007776315372e-05,0.150884799374378,-2.1089417547453584e-06,0.4319526627218935,0.4871794871794871,0.0808678500986193,337.12,True,True,True,4.0,True,330.735,both,True
2026-09-01,GILD,150.0,149.0,1.0,-0.035,0.5298,0.3,0.011613953127118437,0.16181953086231493,0.0002389594254036146,0.5029585798816568,0.41222879684418146,0.08481262327416174,150.995,True,False,True,False,False,,False,150.0,149.0,1.0,0.52,0.5162,0.3039,-0.0001907493134876,0.1566739905823878,-4.440576885471619e-06,0.4358974358974359,0.4792899408284023,0.0848126232741617,151.0,True,True,True,8.0,False,149.32,both,False
2026-09-01,GM,86.0,85.0,1.0,0.46,0.4789,0.3669,-0.001200687154791602,0.08111799313658352,-0.00017136871540311227,0.38461538461538464,0.4635108481262327,0.15187376725838264,87.76,True,True,True,False,False,,False,,,,,,,,,,,,,,,,,,,,left_only,False
2026-09-01,HD,320.0,317.5,2.5,1.15,1.3854,0.3877,0.005111182193493047,0.13010093334664719,0.00022514927015353462,0.4319526627218935,0.4319526627218935,0.13609467455621302,321.05,True,True,True,False,False,,False,317.5,315.0,2.5,1.1,0.8915,0.2872,-0.0004143817526898,0.1724098216500665,-6.612434801768107e-06,0.5581854043392505,0.3214990138067061,0.1203155818540434,321.05,False,True,False,,False,319.245,both,False
2026-09-01,HON,,,,,,,,,,,,,,,,,,,,,210.0,207.5,2.5,1.025,1.1077,0.3357,0.0008051450929504,0.0876165478661914,9.831979223246173e-05,0.4871794871794871,0.3372781065088757,0.1755424063116371,209.61,False,False,False,,False,209.54,right_only,False
2026-09-01,IBM,232.5,230.0,2.5,1.325,1.3046,0.3703,0.006892887367114131,0.10137599507302741,0.0006049957666997384,0.4635108481262327,0.39250493096646943,0.14398422090729784,234.89,True,False,True,True,True,1.0,True,232.5,230.0,2.5,1.285,1.3711,0.3606,0.002880902487552,0.1128105649100451,0.0001921747914323,0.4122287968441814,0.4240631163708087,0.1637080867850098,234.89,True,False,False,,False,230.57,both,False
2026-09-01,INTC,90.0,89.0,1.0,0.545,0.5631,0.626,-0.0013831064516397484,0.19279042429680116,-1.3532810133679605e-05,0.3609467455621302,0.5976331360946746,0.04142011834319527,95.8,True,False,True,False,False,,False,89.0,88.0,1.0,0.505,0.5069,0.6204,-0.0015950771898394,0.1820354260275868,-2.0202920724353504e-05,0.388560157790927,0.5542406311637081,0.0571992110453648,95.8,True,False,False,,False,88.575,both,False
2026-09-01,ISRG,,,,,,,,,,,,,,,,,,,,,370.0,367.5,2.5,0.55,1.3172,0.3573,-0.0012703372112023,0.1790024882640358,-1.7304696635901487e-05,0.3846153846153846,0.5502958579881657,0.0650887573964497,366.7,True,False,False,,False,368.03,right_only,False
2026-09-01,IWM,291.0,290.0,1.0,0.435,0.4819,0.2038,-0.0010768139772362462,0.19377384221697103,-1.029017674357302e-05,0.42011834319526625,0.4911242603550296,0.08875739644970414,296.01,True,False,True,False,False,,False,,,,,,,,,,,,,,,,,,,,left_only,False
2026-09-01,JNJ,272.5,270.0,2.5,1.25,1.2409,0.2427,-0.00034824219387852295,0.07664862079579238,-5.533088756223467e-05,0.40433925049309666,0.4280078895463511,0.16765285996055226,275.23,True,False,True,True,True,14.0,False,272.5,270.0,2.5,1.26,1.2666,0.2543,-0.0006896718075676,0.0795185454181801,-0.0001022857894954,0.3806706114398422,0.4556213017751479,0.1637080867850098,275.23,True,False,False,,False,271.11,both,False
2026-09-01,JPM,,,,,,,,,,,,,,,,,,,,,355.0,352.5,2.5,0.975,1.092,0.23,-0.0001764254123932,0.1118356157769066,-1.2047334302295216e-05,0.5029585798816568,0.3925049309664694,0.1045364891518737,358.64,False,False,False,,False,354.75,right_only,False
2026-09-01,KO,,,,,,,,,,,,,,,,,,,,,88.0,87.0,1.0,0.37,0.3778,0.1995,-0.0004018544257132,0.0534561255859835,-0.000111401732995,0.4714003944773176,0.2741617357001972,0.2544378698224852,88.07,False,False,False,,False,87.97,right_only,False
2026-09-01,LOW,,,,,,,,,,,,,,,,,,,,,200.0,197.5,2.5,0.9,1.1114,0.2905,-0.0006767220125758,0.0610125631133229,-0.000156484827639,0.4358974358974359,0.3964497041420118,0.1676528599605522,204.45,False,False,False,,False,199.565,right_only,False
2026-09-01,MA,582.5,580.0,2.5,0.625,1.1087,0.2001,-0.0013009474132321674,0.17516188348096196,-1.943280959644879e-05,0.4477317554240631,0.47534516765285995,0.07692307692307693,579.21,True,False,False,False,False,,False,585.0,582.5,2.5,1.55,1.318,0.2442,-0.0004002763320768,0.1911978312838408,-4.069040360428151e-06,0.4161735700197239,0.4990138067061144,0.0848126232741617,579.21,True,True,True,7.0,False,582.66,both,False
2026-09-01,MCD,262.5,260.0,2.5,1.21,1.3247,0.2081,0.00024251836975630603,0.05287650761960161,6.817250126016258e-05,0.3806706114398422,0.40828402366863903,0.21104536489151873,255.69,True,True,True,False,False,,False,262.5,260.0,2.5,1.17,1.2148,0.2228,0.0009620019596023,0.0535859676153827,0.0002658555895424,0.4280078895463511,0.3609467455621302,0.2110453648915187,255.69,True,False,False,,False,261.59,both,False
2026-09-01,MO,,,,,,,,,,,,,,,,,,,,,70.0,69.0,1.0,0.42,0.4292,0.2561,-0.0002321296396868,0.0359299964909309,-9.800084406795551e-05,0.4358974358974359,0.3175542406311637,0.2465483234714004,68.88,False,False,False,,False,69.78,right_only,False
2026-09-01,MRK,150.0,149.0,1.0,0.425,0.5151,0.3035,-0.0003776540922172389,0.15787787411912035,-8.541269907403932e-06,0.42011834319526625,0.47928994082840237,0.10059171597633136,150.33,True,False,True,False,False,,False,,,,,,,,,,,,,,,,,,,,left_only,False
2026-09-01,MS,,,,,,,,,,,,,,,,,,,,,212.5,210.0,2.5,1.155,1.214,0.3188,-0.0002040473387203,0.0753278285225069,-3.346446517943561e-05,0.4201183431952662,0.408284023668639,0.1715976331360946,217.72,True,False,False,,False,211.46,right_only,False
2026-09-01,MSFT,502.5,500.0,2.5,1.125,1.2898,0.2605,-0.0006823147528398632,0.1794231948522773,-9.201204407559915e-06,0.4161735700197239,0.5069033530571992,0.07692307692307693,499.7,True,False,True,False,False,,False,502.5,500.0,2.5,1.175,1.2509,0.2696,-0.0006708119146821,0.1806526423721827,-8.783064465904834e-06,0.4280078895463511,0.4911242603550296,0.0808678500986193,499.7,True,False,False,,False,501.055,both,False
2026-09-01,NEE,83.0,82.0,1.0,0.46,0.4102,0.2828,-1.2445875154698527e-05,0.05464216488137508,-3.353408522557172e-06,0.4990138067061144,0.3175542406311637,0.1834319526627219,83.43,True,False,False,True,False,,False,83.0,82.0,1.0,0.415,0.4675,0.2245,-0.0002765771429996,0.0265249800109337,-0.0001463337921725,0.4358974358974359,0.3964497041420118,0.1676528599605522,83.43,True,False,False,,False,82.6,both,False
2026-09-01,NFLX,81.0,80.0,1.0,0.475,0.506,0.3469,0.07312784847452503,0.07766882777073514,0.011337971381692534,0.6015779092702169,0.26627218934911245,0.13214990138067062,78.25,True,False,True,False,False,,False,,,,,,,,,,,,,,,,,,,,left_only,False
2026-09-01,NOW,144.0,143.0,1.0,0.575,0.5125,0.6599,-1.2515952928171536e-05,0.24537674683259758,-3.4664545457218515e-08,0.4556213017751479,0.47534516765285995,0.06903353057199212,141.26,True,False,True,True,True,5.0,True,145.0,144.0,1.0,0.525,0.5322,0.6315,-0.0011493738948682,0.2490570720729275,-2.914222044559632e-06,0.3767258382642998,0.5384615384615384,0.0848126232741617,141.26,True,False,False,,False,143.975,both,False
2026-09-01,ORCL,142.0,141.0,1.0,0.565,0.5403,0.5896,-0.00048230730380771636,0.23367903287379244,-1.7687705163496146e-06,0.40828402366863903,0.5226824457593688,0.06903353057199212,158.78,True,False,True,True,True,7.0,False,142.0,141.0,1.0,0.57,0.5418,0.5721,-0.000493211760253,0.234107024552824,-1.790276409297866e-06,0.408284023668639,0.5266272189349113,0.0650887573964497,158.78,True,True,True,3.0,True,141.07,both,True
2026-09-01,PEP,140.0,139.0,1.0,0.51,0.5925,0.3945,0.020798536044706717,0.15032274322855543,0.0005639085219737969,0.4437869822485207,0.4161735700197239,0.14003944773175542,137.63,True,True,True,False,False,,False,,,,,,,,,,,,,,,,,,,,left_only,False
2026-09-01,PG,,,,,,,,,,,,,,,,,,,,,147.0,146.0,1.0,0.46,0.5119,0.2219,-0.0001594159442448,0.1045197109416056,-1.2975250372342042e-05,0.4122287968441814,0.4437869822485207,0.1439842209072978,146.44,True,False,False,,False,146.4,right_only,False
2026-09-01,PM,187.5,185.0,2.5,0.425,0.9981,0.4791,-0.0005220876000333607,0.07373048227601009,-8.897040757944574e-05,0.46745562130177515,0.3254437869822485,0.20710059171597633,182.53,True,False,False,False,False,,False,,,,,,,,,,,,,,,,,,,,left_only,False
2026-09-01,PNC,,,,,,,,,,,,,,,,,,,,,237.5,235.0,2.5,0.925,1.0444,0.2533,-8.551580746407605e-05,0.0710071913370564,-1.5557279270576774e-05,0.4714003944773176,0.3136094674556213,0.2149901380670611,245.6,False,False,False,,False,237.19,right_only,False
2026-09-01,QCOM,167.5,165.0,2.5,1.4,1.374,0.5783,0.0013884412627025444,0.09890989110340698,0.00012929538806679045,0.40433925049309666,0.43984220907297833,0.15581854043392504,168.74,True,True,True,True,False,,False,,,,,,,,,,,,,,,,,,,,left_only,False
2026-09-01,QQQ,709.0,708.0,1.0,0.465,0.4714,0.1811,-0.0007324932913574944,0.284227011556789,-7.985209339556944e-07,0.4635108481262327,0.47928994082840237,0.05719921104536489,718.96,True,False,True,False,False,,False,,,,,,,,,,,,,,,,,,,,left_only,False
2026-09-01,REGN,,,,,,,,,,,,,,,,,,,,,827.5,825.0,2.5,1.2,1.4062,0.3194,-0.0002754885388817,0.2707869574023689,-4.1464151510401305e-07,0.408284023668639,0.5463510848126233,0.0453648915187376,827.72,True,False,False,,False,822.81,right_only,False
2026-09-01,RTX,,,,,,,,,,,,,,,,,,,,,205.0,202.5,2.5,1.03,1.1196,0.2703,-0.0004074364904973,0.0519615765670915,-0.0001170741191678,0.4516765285996055,0.388560157790927,0.1597633136094674,200.79,False,False,False,,False,204.355,right_only,False
2026-09-01,SBUX,,,,,,,,,,,,,,,,,,,,,106.0,105.0,1.0,0.535,0.4765,0.3035,8.640954904381992e-05,0.0995171537001505,7.9302653945243e-06,0.4595660749506903,0.4003944773175542,0.1400394477317554,104.47,True,True,True,1.0,True,105.685,right_only,True
2026-09-01,SPY,763.0,762.0,1.0,0.465,0.5205,0.1376,-0.00038239378731030893,0.26428060232317385,-6.728159112616054e-07,0.4437869822485207,0.514792899408284,0.04142011834319527,770.19,True,False,True,False,False,,False,,,,,,,,,,,,,,,,,,,,left_only,False
2026-09-01,TJX,134.0,133.0,1.0,0.525,0.4869,0.2226,-0.0012956610354527553,0.10885552886644312,-9.503484398942931e-05,0.38461538461538464,0.48717948717948717,0.1282051282051282,132.08,True,False,True,True,True,15.0,False,134.0,133.0,1.0,0.475,0.4723,0.2436,-0.0004503435462148,0.1060473297857548,-3.533502962937896e-05,0.4240631163708087,0.4122287968441814,0.1637080867850098,132.08,True,True,True,12.0,False,133.725,both,False
2026-09-01,TMO,602.5,600.0,2.5,1.9,1.2404,0.3333,-0.0009834969460211784,0.23890332268399195,-3.1817609080236757e-06,0.4280078895463511,0.514792899408284,0.05719921104536489,613.78,True,False,True,True,True,9.0,False,605.0,602.5,2.5,1.25,1.4082,0.3484,-0.0007926158534483,0.2436848661521315,-2.286224791968334e-06,0.3727810650887574,0.5542406311637081,0.0729783037475345,613.78,True,False,False,,False,600.975,both,False
2026-09-01,TSLA,357.5,355.0,2.5,1.275,1.2938,0.9299,-0.0006516857467189219,0.21278195059345073,-3.9463679435036436e-06,0.42011834319526625,0.5108481262327417,0.06903353057199212,354.08,True,False,True,False,False,,False,357.5,355.0,2.5,1.3,1.2937,0.4685,-0.0002463818695014,0.2081182989927511,-1.6686976494483105e-06,0.4358974358974359,0.4871794871794871,0.0769230769230769,354.08,True,True,True,2.0,True,356.03,both,True
2026-09-01,TXN,255.0,252.5,2.5,1.385,1.3395,0.3975,-0.000934890961463819,0.1369474775849857,-3.4942031365386164e-05,0.3727810650887574,0.5187376725838264,0.10848126232741617,258.44,True,False,True,True,True,13.0,False,255.0,252.5,2.5,1.2,1.2992,0.4181,-0.0010767347277176,0.1463855731553922,-3.2086474442850056e-05,0.3806706114398422,0.514792899408284,0.1045364891518737,258.44,True,False,False,,False,253.34,both,False
2026-09-01,UNH,397.5,395.0,2.5,1.325,1.2445,0.3238,-0.0005617200117454813,0.17743683448513703,-7.944814870769027e-06,0.4477317554240631,0.49506903353057197,0.05719921104536489,397.14,True,False,True,True,True,10.0,False,397.5,395.0,2.5,1.325,1.3024,0.315,-0.0005015537161657,0.170481659992179,-8.38253917565534e-06,0.4319526627218935,0.514792899408284,0.0532544378698224,397.14,True,True,True,9.0,False,395.61,both,False
2026-09-01,UPS,103.0,102.0,1.0,0.47,0.5031,0.263,0.001924040540694394,0.06989744716350721,0.0003594747614570219,0.43984220907297833,0.388560157790927,0.17159763313609466,102.29,True,False,True,False,False,,False,103.0,102.0,1.0,0.485,0.5016,0.2616,0.0005664964143132,0.0737532667818348,9.648546238536232e-05,0.4161735700197239,0.388560157790927,0.1952662721893491,102.29,True,False,False,,False,102.51,both,False
2026-09-01,V,,,,,,,,,,,,,,,,,,,,,375.0,372.5,2.5,1.15,1.2389,0.2075,-0.0011842530171969,0.097426845761577,-0.000114276756086,0.3648915187376725,0.4714003944773176,0.1637080867850098,375.07,True,False,False,,False,373.645,right_only,False
2026-09-01,VRTX,550.0,547.5,2.5,1.25,1.3194,0.2993,-0.0006193301295773779,0.20310346808761093,-4.731088125299857e-06,0.4240631163708087,0.5305719921104537,0.045364891518737675,546.12,True,False,True,False,False,,False,550.0,547.5,2.5,0.75,1.3115,0.3172,-0.0006783254246128,0.2159282717788906,-3.808931209713328e-06,0.4240631163708087,0.5305719921104537,0.0453648915187376,546.12,True,False,False,,False,547.85,both,False
2026-09-01,WMT,106.0,105.0,1.0,0.44,0.4363,0.2472,0.0017539967265169931,0.08455812051603728,0.00023050151019781835,0.5187376725838264,0.33727810650887574,0.14398422090729784,107.14,True,False,False,True,False,,False,,,,,,,,,,,,,,,,,,,,left_only,False
2026-09-01,XOM,165.0,162.5,2.5,1.07,1.0933,0.4022,0.0037702483033521528,0.04896387544960512,0.0011641693768239625,0.49506903353057197,0.2938856015779093,0.21104536489151873,159.47,True,False,False,False,False,,False,165.0,162.5,2.5,1.07,1.0781,0.3163,0.0003862897983921,0.049615198358407,0.0001174277323116,0.4714003944773176,0.3096646942800789,0.2189349112426035,159.47,False,False,False,,False,164.56,both,False
2026-09-02,ABBV,262.5,260.0,2.5,1.63,1.2331,0.3741,2.128368588616425e-05,0.054569379590513334,5.744688841634145e-06,0.42011834319526625,0.40039447731755423,0.1794871794871795,256.46,True,False,True,True,True,6.0,True,262.5,260.0,2.5,1.3,1.2059,0.2851,-0.0009129226619433,0.062782512804614,-0.000202324098987,0.388560157790927,0.4437869822485207,0.1676528599605522,256.46,True,True,True,14.0,False,261.125,both,False
2026-09-02,ABT,111.0,110.0,1.0,0.275,0.4076,0.251,-0.0019891882868672273,0.07833811991018491,-0.00030349558414224215,0.39644970414201186,0.4437869822485207,0.15976331360946747,108.33,True,False,False,False,False,,False,111.0,110.0,1.0,0.425,0.4066,0.2689,-0.0006713389308349,0.0763197705241292,-0.000107511694735,0.4556213017751479,0.3451676528599605,0.1992110453648915,108.33,False,True,False,,False,110.92,both,False
2026-09-02,ADI,357.5,355.0,2.5,1.275,1.3304,0.3685,-0.0002833025834748648,0.14945349345971004,-7.843080538225658e-06,0.40433925049309666,0.4832347140039448,0.11242603550295859,362.25,True,False,True,False,False,,False,355.0,352.5,2.5,1.05,1.2435,0.3959,-0.0003303062336016,0.155896961427277,-7.83415586106e-06,0.4240631163708087,0.4477317554240631,0.1282051282051282,362.25,True,False,False,,False,353.96,both,False
2026-09-02,ADP,282.5,280.0,2.5,1.4,1.3204,0.2774,0.00026945593040861304,0.0604898215562788,6.309548009116815e-05,0.3806706114398422,0.40433925049309666,0.21499013806706113,277.62,True,False,True,True,True,4.0,True,282.5,280.0,2.5,1.025,1.1744,0.3161,6.954678406256853e-05,0.0883833363838395,8.33780176986025e-06,0.4358974358974359,0.3648915187376725,0.1992110453648915,277.62,True,False,False,,False,281.735,both,False
2026-09-02,AMGN,445.0,442.5,2.5,1.075,1.3076,0.4254,-0.0010611682074096462,0.18588757825811053,-1.225364917573313e-05,0.3806706114398422,0.5187376725838264,0.10059171597633136,437.23,True,False,True,False,False,,False,442.5,440.0,2.5,1.45,1.2325,0.3698,-0.0005303396851434,0.1783180217401149,-7.344011321017932e-06,0.4161735700197239,0.4516765285996055,0.1321499013806706,437.23,True,True,True,7.0,False,441.435,both,False
2026-09-02,AVGO,372.5,370.0,2.5,1.25,1.4215,1.3524,-0.0015767619950923795,0.30937307505720624,-9.400472412055957e-07,0.34122287968441817,0.6015779092702169,0.05719921104536489,357.895,True,False,True,False,False,,False,,,,,,,,,,,,,,,,,,,,left_only,False
2026-09-02,BA,210.0,207.5,2.5,1.17,1.1857,0.2977,-0.0004881302910939578,0.03648386546897564,-0.00020335832868614945,0.40433925049309666,0.40039447731755423,0.1952662721893491,212.25,True,False,True,False,False,,False,210.0,207.5,2.5,1.17,1.2156,0.3056,-0.0001907713636802,0.0367796108886306,-7.891450102511962e-05,0.408284023668639,0.3964497041420118,0.1952662721893491,212.25,True,False,False,,False,208.985,both,False
2026-09-02,BMY,68.0,67.0,1.0,0.59,0.5337,0.3673,0.0022742024129980276,0.026023077132034222,0.0012178360472653472,0.3767258382642998,0.368836291913215,0.25443786982248523,66.82,True,False,True,True,True,2.0,True,,,,,,,,,,,,,,,,,,,,left_only,False
2026-09-02,CME,,,,,,,,,,,,,,,,,,,,,280.0,277.5,2.5,1.175,1.1748,0.3265,0.0002140960128995,0.0920068737529442,2.352960940533656e-05,0.4516765285996055,0.3727810650887574,0.1755424063116371,281.29,True,True,True,1.0,True,278.83,right_only,True
2026-09-02,CRM,257.5,255.0,2.5,1.11,1.1591,0.4356,-0.00012760797537647584,0.13329705389245172,-5.206113345832131e-06,0.4714003944773176,0.40828402366863903,0.1203155818540434,259.23,True,False,True,False,False,,False,260.0,257.5,2.5,1.225,1.2934,0.4484,-0.00047089689964,0.1298003163081724,-2.089336369364605e-05,0.3964497041420118,0.4674556213017751,0.136094674556213,259.23,True,False,False,,False,258.24,both,False
2026-09-02,CSCO,110.0,109.0,1.0,0.47,0.4823,0.3154,-0.0006479389639233446,0.08556856213813169,-8.310883460314619e-05,0.40828402366863903,0.4358974358974359,0.15581854043392504,109.2,True,False,True,False,False,,False,110.0,109.0,1.0,0.5,0.5056,0.3196,-0.0004660287384804,0.0857648446861623,-5.9494925923297e-05,0.3964497041420118,0.4477317554240631,0.155818540433925,109.2,True,False,False,,False,109.41,both,False
2026-09-02,CSX,49.0,48.5,0.5,0.675,0.2526,0.8434,-0.0009955607319851456,0.1577698153107855,-2.257471694278903e-05,0.3214990138067061,0.4240631163708087,0.25443786982248523,49.41,True,False,True,True,True,9.0,False,,,,,,,,,,,,,,,,,,,,left_only,False
2026-09-02,CVX,212.5,210.0,2.5,1.055,1.0597,0.2457,-8.259271062693863e-05,0.030323668711851992,-3.989110546943381e-05,0.4556213017751479,0.3096646942800789,0.23471400394477318,208.6,True,False,False,False,False,,False,212.5,210.0,2.5,0.935,0.9317,0.2619,0.0004607284602309,0.0656964710188077,9.521081531956984e-05,0.5266272189349113,0.2465483234714004,0.2268244575936883,208.6,False,True,False,,False,212.62,both,False
2026-09-02,DE,,,,,,,,,,,,,,,,,,,,,697.5,695.0,2.5,1.4,1.367,0.3982,-0.0013441384469918,0.2542243441695754,-3.0105544572473377e-06,0.368836291913215,0.5739644970414202,0.0571992110453648,693.53,True,True,True,5.0,True,693.31,right_only,True
2026-09-02,DIS,,,,,,,,,,,,,,,,,,,,,109.0,108.0,1.0,0.515,0.5123,0.2379,-0.0002824983230607,0.0419301790389399,-0.0001032701445659,0.3846153846153846,0.4280078895463511,0.1873767258382643,105.31,True,True,True,13.0,False,108.465,right_only,False
2026-09-02,EMR,150.0,149.0,1.0,0.175,0.4942,0.3347,-0.001289605248704806,0.16580287312079933,-2.4114721071833942e-05,0.40039447731755423,0.514792899408284,0.08481262327416174,152.82,True,False,True,False,False,,False,150.0,149.0,1.0,0.525,0.5055,0.33,-0.0004227904140238,0.1400311719677138,-1.4674751821398906e-05,0.4398422090729783,0.4871794871794871,0.0729783037475345,152.82,True,True,True,9.0,False,149.26,both,False
2026-09-02,EOG,150.0,149.0,1.0,0.825,0.6271,0.6289,0.008508720955691551,0.16536113607189606,0.00016080294086952772,0.39250493096646943,0.4990138067061144,0.10848126232741617,145.19,True,False,True,True,True,3.0,True,150.0,149.0,1.0,0.6,0.5623,0.3544,0.0002153045688981,0.1575189411725468,4.911596477294681e-06,0.3964497041420118,0.4871794871794871,0.1163708086785009,145.19,True,True,True,2.0,True,148.95,both,True
2026-09-02,FCX,74.0,73.0,1.0,0.45,0.5097,0.5114,0.01443555443122313,0.09620118997299065,0.0014345707303396332,0.514792899408284,0.3727810650887574,0.11242603550295859,72.73,True,False,True,False,False,,False,74.0,73.0,1.0,0.44,0.4845,0.5185,0.0023367743291982,0.0978710943580736,0.0002231000891351,0.4832347140039448,0.388560157790927,0.1282051282051282,72.73,True,False,False,,False,73.76,both,False
2026-09-02,GE,330.0,327.5,2.5,1.095,1.0566,0.3041,-0.0006560076740546039,0.11821542641838778,-3.8436297214180326e-05,0.4911242603550296,0.40828402366863903,0.10059171597633136,337.12,True,False,False,True,False,,False,332.5,330.0,2.5,1.305,1.3764,0.3295,0.0003387408543995,0.1242478506649558,1.717211689751215e-05,0.4201183431952662,0.4871794871794871,0.0927021696252465,337.12,True,False,False,,False,330.39,both,False
2026-09-02,GILD,150.0,149.0,1.0,0.18,0.4734,0.3249,-0.0006200636947257809,0.1339118387920426,-2.492666403194851e-05,0.43984220907297833,0.4477317554240631,0.11242603550295859,150.995,True,False,True,False,False,,False,150.0,149.0,1.0,0.425,0.4657,0.2983,-0.0004967777225522,0.1233481347898711,-2.5733340652173783e-05,0.4595660749506903,0.4398422090729783,0.1005917159763313,151.0,True,False,False,,False,149.73,both,False
2026-09-02,GM,85.0,84.0,1.0,0.455,0.4282,0.3742,-0.0009063772815643967,0.07597579967786472,-0.00014635518666610207,0.4161735700197239,0.3727810650887574,0.21104536489151873,87.76,True,True,False,True,False,,False,,,,,,,,,,,,,,,,,,,,left_only,False
2026-09-02,GOOGL,337.5,335.0,2.5,1.055,1.1474,0.3078,-0.0005410831637658875,0.11170097389702316,-3.7067835124955324e-05,0.4556213017751479,0.4280078895463511,0.11637080867850098,338.46,True,True,True,False,False,,False,,,,,,,,,,,,,,,,,,,,left_only,False
2026-09-02,HD,320.0,317.5,2.5,1.275,1.5363,0.3944,0.0103058245442611,0.11223604948884214,0.0006970096922915064,0.3767258382642998,0.4358974358974359,0.1873767258382643,321.05,True,True,True,False,False,,False,317.5,315.0,2.5,1.35,1.0279,0.2649,-9.75597803233308e-05,0.1042331711783607,-7.995422683399431e-06,0.5029585798816568,0.3333333333333333,0.1637080867850098,321.05,False,True,False,,False,317.84,both,False
2026-09-02,IBM,232.5,230.0,2.5,1.175,1.1616,0.3671,-0.0002930224751831467,0.06851550105028181,-5.6592546427545996e-05,0.4556213017751479,0.41222879684418146,0.13214990138067062,234.89,True,False,True,True,True,11.0,False,232.5,230.0,2.5,1.205,1.2018,0.3456,-0.0001834240052855,0.0707945980191324,-3.353970930094568e-05,0.4437869822485207,0.4201183431952662,0.136094674556213,234.89,True,True,True,12.0,False,231.605,both,False
2026-09-02,INTC,91.0,90.0,1.0,0.55,0.585,0.7606,-0.000920897793039277,0.16421902625093798,-1.7887326157481265e-05,0.34911242603550297,0.5779092702169625,0.07297830374753451,95.8,True,False,True,False,False,,False,91.0,90.0,1.0,0.585,0.5833,0.6187,-0.0011434772938021,0.1676030642330969,-2.047809165492171e-05,0.3412228796844181,0.5857988165680473,0.0729783037475345,95.8,True,True,True,11.0,False,89.885,both,False
2026-09-02,ISRG,372.5,370.0,2.5,1.375,1.2611,0.4205,-0.00024528368108300835,0.17492560630046894,-3.6847433333421725e-06,0.4161735700197239,0.4437869822485207,0.14003944773175542,366.7,True,False,True,True,True,7.0,False,372.5,370.0,2.5,1.4,1.284,0.3975,-0.0008595829917109,0.1638528038117609,-1.6843757052443742e-05,0.3767258382642998,0.4792899408284023,0.1439842209072978,366.7,True,True,True,10.0,False,371.11,both,False
2026-09-02,JPM,357.5,355.0,2.5,1.18,1.2965,0.2304,0.004429781539368127,0.09510359125785794,0.00045197160529819775,0.45956607495069035,0.40433925049309666,0.13609467455621302,358.64,True,False,True,False,False,,False,357.5,355.0,2.5,1.2,1.243,0.2355,0.0006636018482089,0.0766861403393783,0.0001053422923536,0.4516765285996055,0.4122287968441814,0.136094674556213,358.64,True,False,False,,False,356.17,both,False
2026-09-02,LOW,200.0,197.5,2.5,0.95,0.9495,0.2869,-0.0006582554978485922,0.05939577577590005,-0.00015823709854827735,0.4635108481262327,0.30177514792899407,0.23471400394477318,204.45,True,False,False,True,False,,False,200.0,197.5,2.5,1.0,1.0556,0.3024,-0.0001446979083403,0.0522524202448093,-4.1288751104301146e-05,0.4516765285996055,0.3096646942800789,0.2386587771203155,204.45,False,False,False,,False,199.825,both,False
2026-09-02,MA,590.0,587.5,2.5,1.3,1.1598,0.19,-0.001116816333251891,0.14251731468479967,-3.6518603092369446e-05,0.4280078895463511,0.4714003944773176,0.10059171597633136,579.21,True,False,True,True,True,10.0,False,592.5,590.0,2.5,1.45,1.3612,0.2258,-0.000517166041677,0.1603358935034188,-1.102651186617036e-05,0.388560157790927,0.5108481262327417,0.1005917159763313,579.21,True,True,True,8.0,False,589.7275,both,False
2026-09-02,MDT,,,,,,,,,,,,,,,,,,,,,93.0,92.0,1.0,0.455,0.4653,0.3067,-0.0003860911718701,0.0560953786413274,-0.0001004624926862,0.3846153846153846,0.3530571992110454,0.26232741617357,94.17,True,False,False,,False,92.76,right_only,False
2026-09-02,MO,,,,,,,,,,,,,,,,,,,,,70.0,69.0,1.0,0.445,0.4426,0.2609,-6.693649272937474e-05,0.0111611132992752,-5.120706859359725e-05,0.408284023668639,0.2978303747534517,0.2938856015779093,68.88,False,True,False,,False,69.68,right_only,False
2026-09-02,MRK,152.5,150.0,2.5,0.91,1.2043,0.265,-0.0001586822598068638,0.009007206844483528,-0.0001278337859180041,0.3806706114398422,0.35700197238658776,0.26232741617357,150.33,True,False,True,False,False,,False,152.5,150.0,2.5,1.02,1.0281,0.2858,-0.0014002055535615,0.0113563484461947,-0.0010661634957505,0.3767258382642998,0.3609467455621302,0.26232741617357,150.33,False,False,False,,False,151.745,both,False
2026-09-02,MS,212.5,210.0,2.5,1.17,1.0116,0.3238,-0.0008676053372654868,0.05495521240420875,-0.0002320172756705212,0.4437869822485207,0.3530571992110454,0.20315581854043394,217.72,True,False,False,True,False,,False,,,,,,,,,,,,,,,,,,,,left_only,False
2026-09-02,MSFT,497.5,495.0,2.5,0.795,1.1597,0.2419,-0.0008235781866577918,0.15525225089267702,-1.9838102715383093e-05,0.4477317554240631,0.45956607495069035,0.09270216962524655,499.7,True,False,True,False,False,,False,500.0,497.5,2.5,1.375,1.3968,0.2836,-0.0009095687758874,0.1673257683261361,-1.6397881910971818e-05,0.3609467455621302,0.5424063116370809,0.0966469428007889,499.7,True,False,False,,False,497.215,both,False
2026-09-02,NFLX,83.0,82.0,1.0,0.46,0.4579,0.348,0.03342779615605984,0.05903699808350482,0.00810515128066101,0.5660749506903353,0.25443786982248523,0.1794871794871795,78.25,True,False,True,True,True,1.0,True,,,,,,,,,,,,,,,,,,,,left_only,False
2026-09-02,NOW,138.0,137.0,1.0,0.605,0.5674,0.6118,0.0012088218179435728,0.2211650378305976,5.986102617017173e-06,0.41222879684418146,0.48717948717948717,0.10059171597633136,141.26,True,False,True,True,True,5.0,True,138.0,137.0,1.0,0.545,0.5478,0.5951,-0.0006852068740947,0.2142041162092554,-4.010123382800332e-06,0.3925049309664694,0.5384615384615384,0.0690335305719921,141.26,True,False,False,,False,136.905,both,False
2026-09-02,NVDA,225.0,222.5,2.5,1.125,1.1198,0.4081,-0.00022876064340604518,0.0784170743388386,-3.4836526468657965e-05,0.47928994082840237,0.39644970414201186,0.1242603550295858,230.36,True,False,False,True,False,,False,225.0,222.5,2.5,1.09,1.1138,0.3731,-0.0002709018857061,0.0830306722214635,-3.692986512379674e-05,0.4792899408284023,0.3964497041420118,0.1242603550295858,230.36,False,False,False,,False,224.49,both,False
2026-09-02,ORCL,147.0,146.0,1.0,0.575,0.5729,0.8736,-0.0008277823598962231,0.22398504074124648,-3.830936505374114e-06,0.3767258382642998,0.5818540433925049,0.04142011834319527,158.78,True,False,True,True,True,8.0,False,147.0,146.0,1.0,0.57,0.5472,0.5902,-0.0008791711057102,0.2170112454450538,-4.810060430591336e-06,0.4003944773175542,0.5660749506903353,0.0335305719921104,158.78,True,True,True,6.0,True,146.19,both,True
2026-09-02,PEP,141.0,140.0,1.0,0.99,0.6696,0.5536,0.04527904402124494,0.14500649258131726,0.0013947127765327146,0.4161735700197239,0.43984220907297833,0.14398422090729784,137.63,True,True,True,True,False,,False,,,,,,,,,,,,,,,,,,,,left_only,False
2026-09-02,PG,148.0,147.0,1.0,0.335,0.3868,0.17,-0.002033931974452563,0.06910209429716141,-0.000387329545213137,0.39644970414201186,0.4161735700197239,0.1873767258382643,146.44,True,False,False,False,False,,False,148.0,147.0,1.0,0.465,0.4742,0.2162,-0.0005279768347229,0.0712529331686537,-9.548622660608088e-05,0.4122287968441814,0.4122287968441814,0.1755424063116371,146.44,True,False,False,,False,147.685,both,False
2026-09-02,PNC,,,,,,,,,,,,,,,,,,,,,242.5,240.0,2.5,0.925,1.0066,0.246,-7.069282253013842e-05,0.0513392687429308,-2.061876529584005e-05,0.4792899408284023,0.2899408284023668,0.2307692307692307,245.6,False,False,False,,False,242.265,right_only,False
2026-09-02,PYPL,55.0,54.0,1.0,0.475,0.4435,0.4584,-0.0002621666165462111,0.01707296516437995,-0.00017403024025922602,0.3767258382642998,0.28994082840236685,0.3333333333333333,54.96,True,True,False,True,False,,False,,,,,,,,,,,,,,,,,,,,left_only,False
2026-09-02,QQQ,710.0,709.0,1.0,0.43,0.4652,0.162,-0.00010271843830444993,0.2561963225205319,-2.1943041688344128e-07,0.514792899408284,0.4516765285996055,0.03353057199211045,718.96,True,False,True,False,False,,False,,,,,,,,,,,,,,,,,,,,left_only,False
2026-09-02,RTX,,,,,,,,,,,,,,,,,,,,,202.5,200.0,2.5,0.96,1.084,0.2479,-0.0006431523724517,0.0176569119694376,-0.0004209928204825,0.3925049309664694,0.3293885601577909,0.2781065088757396,200.79,False,False,False,,False,201.675,right_only,False
2026-09-02,SBUX,107.0,106.0,1.0,0.705,0.4222,0.4028,-0.0013106028916431978,0.08346748512349111,-0.00017680066119545599,0.4358974358974359,0.4280078895463511,0.13609467455621302,104.47,True,False,False,True,False,,False,,,,,,,,,,,,,,,,,,,,left_only,False
2026-09-02,SPY,766.0,765.0,1.0,0.445,0.4654,0.1172,-0.0004310469384282145,0.2254234082098605,-1.9271749864258543e-06,0.49506903353057197,0.46745562130177515,0.03747534516765286,770.19,True,False,True,False,False,,False,,,,,,,,,,,,,,,,,,,,left_only,False
2026-09-02,T,26.0,25.5,0.5,0.16,0.1662,0.237,-0.0005177395322802925,0.0669874774386412,-0.00010372807628166135,0.45956607495069035,0.1913214990138067,0.34911242603550297,25.68,True,False,False,False,False,,False,,,,,,,,,,,,,,,,,,,,left_only,False
2026-09-02,TJX,,,,,,,,,,,,,,,,,,,,,132.0,131.0,1.0,0.525,0.5185,0.2475,2.1383529367868803e-05,0.0718810452193869,3.8094159549286335e-06,0.3925049309664694,0.4161735700197239,0.1913214990138067,132.08,True,True,True,4.0,True,131.44,right_only,True
2026-09-02,TMO,610.0,607.5,2.5,1.0,1.2524,0.3368,-0.0007004849580628525,0.21693853861598467,-3.839138396911028e-06,0.4319526627218935,0.4990138067061144,0.06903353057199212,613.78,True,False,True,False,False,,False,612.5,610.0,2.5,1.05,1.4154,0.3342,-0.0005833822968932,0.2170839497999048,-3.1861966000199333e-06,0.3846153846153846,0.5542406311637081,0.0611439842209073,613.78,True,False,False,,False,609.215,both,False
2026-09-02,TSLA,360.0,357.5,2.5,0.625,1.4152,0.5601,0.0003252236695960864,0.21508490387602286,1.8635354567773682e-06,0.4161735700197239,0.514792899408284,0.06903353057199212,354.08,True,False,True,False,False,,False,355.0,352.5,2.5,1.375,1.3639,0.568,0.0005876736897707,0.2082619100788543,3.966507571402596e-06,0.4358974358974359,0.4871794871794871,0.0769230769230769,354.08,True,True,True,3.0,True,352.895,both,True
2026-09-02,TXN,255.0,252.5,2.5,1.115,1.0942,0.4,-0.0008973649441280651,0.11365875589808505,-5.8653807230283976e-05,0.4516765285996055,0.4240631163708087,0.1242603550295858,258.44,True,False,False,True,False,,False,255.0,252.5,2.5,0.965,1.1086,0.416,-0.0008744102964217,0.1190073435757969,-5.026824001191051e-05,0.4477317554240631,0.4280078895463511,0.1242603550295858,258.44,False,False,False,,False,254.68,both,False
2026-09-02,UNH,400.0,397.5,2.5,1.005,1.1181,0.2774,-0.0008852314357982172,0.1287963602349863,-4.023496825295037e-05,0.46745562130177515,0.4556213017751479,0.07692307692307693,397.14,True,False,False,False,False,,False,,,,,,,,,,,,,,,,,,,,left_only,False
2026-09-02,USB,63.0,62.0,1.0,0.41,0.3898,0.2548,-0.00017812226332758474,0.01778759398180041,-0.00011622964490755977,0.4280078895463511,0.22682445759368836,0.34516765285996054,63.37,True,False,False,True,False,,False,63.0,62.0,1.0,0.355,0.3765,0.257,-0.0002604575695842,0.0262198596228746,-0.0001388179463665,0.4358974358974359,0.2189349112426035,0.3451676528599605,63.37,False,False,False,,False,62.83,both,False
2026-09-02,V,,,,,,,,,,,,,,,,,,,,,380.0,377.5,2.5,1.07,1.035,0.2038,-0.0006227095689111,0.0779272490169116,-9.59499069005772e-05,0.4714003944773176,0.368836291913215,0.1597633136094674,375.07,False,True,False,,False,379.7,right_only,False
2026-09-02,XOM,165.0,162.5,2.5,1.07,1.0536,0.2721,-0.0003302671993420381,0.00916639385961937,-0.00026504737117970305,0.45956607495069035,0.33727810650887574,0.20315581854043394,159.47,True,False,False,True,False,,False,165.0,162.5,2.5,0.9,0.9385,0.284,-0.0004073998128234,0.037656312361294,-0.0001650161829671,0.4792899408284023,0.2781065088757396,0.2426035502958579,159.47,False,False,False,,False,164.74,both,False
2026-09-03,ADI,357.5,355.0,2.5,1.2,1.2803,0.3781,0.0002492742838773321,0.09122080510072306,2.791752169563882e-05,0.4240631163708087,0.4240631163708087,0.15187376725838264,362.25,True,False,True,False,False,,False,355.0,352.5,2.5,1.1,1.1211,0.453,3.2743024426906686e-05,0.128714114564395,1.491155309855647e-06,0.4714003944773176,0.3609467455621302,0.1676528599605522,362.25,False,False,False,,False,354.6101,both,False
2026-09-03,AMGN,445.0,442.5,2.5,2.31,1.2372,0.4193,-0.0002983233606954627,0.14385518989287016,-9.446586353226661e-06,0.40828402366863903,0.4240631163708087,0.16765285996055226,437.23,True,False,True,True,True,5.0,True,445.0,442.5,2.5,1.325,1.3287,0.4152,-0.0010217242915966,0.1457724510843976,-3.0898515323120406e-05,0.3293885601577909,0.4714003944773176,0.1992110453648915,437.23,True,False,False,,False,443.315,both,True
2026-09-03,AMZN,260.0,257.5,2.5,1.215,1.1978,0.3071,-0.0006265373411813435,0.02481223049921888,-0.00034540403350439105,0.38461538461538464,0.40433925049309666,0.21104536489151873,258.51,True,False,True,True,True,7.0,False,,,,,,,,,,,,,,,,,,,,left_only,False
2026-09-03,AVGO,357.5,355.0,2.5,1.165,1.172,0.5355,-0.0006622482084314152,0.15371193557780072,-1.655277843507458e-05,0.4240631163708087,0.4280078895463511,0.14792899408284024,357.895,True,False,True,False,False,,False,360.0,357.5,2.5,1.35,1.3718,0.5674,-8.931965089786775e-05,0.1603313139772849,-1.9045961342156528e-06,0.3846153846153846,0.4714003944773176,0.1439842209072978,357.89,True,False,False,,False,358.19,both,False
2026-09-03,AXP,330.0,327.5,2.5,0.955,0.9622,0.2344,-9.971138540265656e-05,0.04988918283950006,-3.0112473229254993e-05,0.49506903353057197,0.27416173570019725,0.23076923076923078,326.16,True,False,False,False,False,,False,,,,,,,,,,,,,,,,,,,,left_only,False
2026-09-03,BMY,,,,,,,,,,,,,,,,,,,,,68.0,67.0,1.0,0.3,0.4585,0.3231,0.004832772269699,0.0279191530048872,0.0024728234618796,0.3767258382642998,0.2189349112426035,0.4043392504930966,66.82,True,False,False,,False,67.775,right_only,False
2026-09-03,CL,,,,,,,,,,,,,,,,,,,,,90.0,89.0,1.0,0.3,0.3967,0.2705,-0.0001008119438713,0.0291893498868431,-5.003448372043485e-05,0.4556213017751479,0.2583826429980276,0.2859960552268245,88.77,False,False,False,,False,89.84,right_only,False
2026-09-03,CME,282.5,280.0,2.5,0.8,0.9958,0.3408,2.1419085983964692e-05,0.06434382173984154,4.572365432939254e-06,0.5029585798816568,0.2938856015779093,0.20315581854043394,281.29,True,False,False,False,False,,False,282.5,280.0,2.5,0.975,0.9482,0.3708,-0.0001254081937549,0.0753759714339981,-2.0543624563664167e-05,0.5029585798816568,0.2741617357001972,0.2228796844181459,281.29,False,True,False,,False,282.13,both,False
2026-09-03,CRM,265.0,262.5,2.5,1.135,1.1561,0.4637,0.0016194828047417786,0.08629514065455424,0.00020413442955193915,0.4714003944773176,0.34516765285996054,0.1834319526627219,259.23,True,False,True,False,False,,False,,,,,,,,,,,,,,,,,,,,left_only,False
2026-09-03,CSCO,109.0,108.0,1.0,0.445,0.4173,0.2986,-0.0011767865698527613,0.03719420100579818,-0.0004819700294983035,0.40039447731755423,0.368836291913215,0.23076923076923078,109.2,True,False,False,True,False,,False,109.0,108.0,1.0,0.4,0.4606,0.2961,-0.0001782845957343,0.0265178169340438,-9.434455122752453e-05,0.4161735700197239,0.3530571992110454,0.2307692307692307,109.2,True,False,False,,False,108.671,both,False
2026-09-03,CSX,49.5,49.0,0.5,0.275,0.243,0.8966,-0.0035243229891644967,0.21347484417267948,-2.099002609084192e-05,0.1913214990138067,0.5226824457593688,0.2859960552268245,49.41,True,False,True,True,True,6.0,True,,,,,,,,,,,,,,,,,,,,left_only,False
2026-09-03,CVX,,,,,,,,,,,,,,,,,,,,,212.5,210.0,2.5,1.04,1.0421,0.2492,4.070483901941202e-05,0.0189933336579113,2.580341822304865e-05,0.4240631163708087,0.2504930966469428,0.3254437869822485,208.6,False,False,False,,False,211.849,right_only,False
2026-09-03,DE,697.5,695.0,2.5,1.6,1.5143,0.4145,-8.558052297380492e-06,0.20624733200802037,-6.062406580279313e-08,0.35700197238658776,0.5424063116370809,0.10059171597633136,693.53,True,False,True,True,True,4.0,True,690.0,687.5,2.5,1.25,1.314,0.3913,-0.000816748687495,0.2010532869375296,-6.553849303759657e-06,0.3846153846153846,0.5029585798816568,0.1124260355029585,693.53,True,False,False,,False,687.91,both,False
2026-09-03,EOG,146.0,145.0,1.0,0.55,0.3623,0.3427,-0.0009781035312340647,0.11468209960482156,-6.238002638014463e-05,0.49506903353057197,0.34122287968441817,0.16370808678500987,145.19,True,False,False,True,False,,False,,,,,,,,,,,,,,,,,,,,left_only,False
2026-09-03,FCX,73.0,72.0,1.0,0.43,0.4853,0.4936,0.0018553628498971797,0.04684757986172117,0.0006027446527777735,0.4280078895463511,0.34516765285996054,0.22682445759368836,72.73,True,False,True,False,False,,False,73.0,72.0,1.0,0.495,0.5203,0.5443,0.0014630514283242,0.0494999520512449,0.0004459829416292,0.4122287968441814,0.3964497041420118,0.1913214990138067,72.73,True,False,False,,False,72.47,both,True
2026-09-03,GS,1040.0,1037.5,2.5,0.9,1.236,0.3263,-0.00011689171288098432,0.2325317382650729,-4.4064586953040426e-07,0.4635108481262327,0.45956607495069035,0.07692307692307693,1038.61,True,False,True,False,False,,False,1040.0,1037.5,2.5,1.425,1.3001,0.3404,1.09523526719002e-05,0.2353457221389172,3.8590735577336296e-08,0.4516765285996055,0.4832347140039448,0.0650887573964497,1038.61,True,True,True,2.0,True,1037.52,both,True
2026-09-03,HON,,,,,,,,,,,,,,,,,,,,,207.5,205.0,2.5,0.8,0.9595,0.3507,1.4640811570876268e-05,0.0458520134217315,4.871318404392186e-06,0.4516765285996055,0.2149901380670611,0.3333333333333333,209.61,False,False,False,,False,207.33,right_only,False
2026-09-03,IBM,235.0,232.5,2.5,0.905,1.1325,0.3364,0.007628158445143418,0.053832718643882504,0.002095644643117504,0.5187376725838264,0.3136094674556213,0.16765285996055226,234.89,True,False,True,False,False,,False,,,,,,,,,,,,,,,,,,,,left_only,False
2026-09-03,INTC,92.0,91.0,1.0,0.495,0.5059,0.6652,-0.000779260822383554,0.11976548324432712,-4.39905223197419e-05,0.388560157790927,0.4714003944773176,0.14003944773175542,95.8,True,False,True,False,False,,False,,,,,,,,,,,,,,,,,,,,left_only,False
2026-09-03,ISRG,370.0,367.5,2.5,0.7,1.1261,0.393,0.0011027826650067407,0.14064168566042468,3.772003946789191e-05,0.49506903353057197,0.3530571992110454,0.15187376725838264,366.7,True,False,True,False,False,,False,372.5,370.0,2.5,2.0,1.3115,0.4646,-0.0005275767760525,0.1361060818685849,-2.0120685936710745e-05,0.3727810650887574,0.4595660749506903,0.1676528599605522,366.7,True,True,True,4.0,True,370.875,both,True
2026-09-03,JPM,362.5,360.0,2.5,1.03,1.0737,0.2209,0.0031844242971386105,0.04912818884764336,0.0009794099170882908,0.4832347140039448,0.27416173570019725,0.24260355029585798,358.64,True,False,False,False,False,,False,362.5,360.0,2.5,1.0,0.983,0.2179,0.0001602363160557,0.0512789639056328,4.6803339966933415e-05,0.4990138067061144,0.2702169625246548,0.2307692307692307,358.64,False,True,False,,False,362.33,both,False
2026-09-03,KO,89.0,88.0,1.0,0.34,0.2938,0.2162,-0.0015929056334327285,0.018914347774669826,-0.00101168316553248,0.38461538461538464,0.1952662721893491,0.42011834319526625,88.07,True,False,False,True,False,,False,,,,,,,,,,,,,,,,,,,,left_only,False
2026-09-03,LOW,202.5,200.0,2.5,1.25,0.8207,0.2998,-0.0015771862190110397,0.019377983773205765,-0.0009906150905437726,0.42011834319526625,0.2859960552268245,0.2938856015779093,204.45,True,False,False,True,False,,False,202.5,200.0,2.5,0.8,0.926,0.3188,-0.0003563827815353,0.0452774132071658,-0.0001202228934484,0.4635108481262327,0.2465483234714004,0.2899408284023668,204.45,False,False,False,,False,202.34,both,False
2026-09-03,MA,,,,,,,,,,,,,,,,,,,,,585.0,582.5,2.5,0.725,1.1398,0.2393,6.608256938989143e-05,0.1085665853719772,4.880789368129679e-06,0.4674556213017751,0.368836291913215,0.1637080867850098,579.21,True,False,False,,False,584.63,right_only,False
2026-09-03,MCD,260.0,257.5,2.5,0.915,0.9289,0.2063,-0.00021160036078238242,0.03169216314856871,-9.889784902840966e-05,0.4516765285996055,0.21893491124260356,0.32938856015779094,255.69,True,False,False,False,False,,False,260.0,257.5,2.5,1.02,1.0178,0.2127,-0.0002249977794266,0.019269818206719,-0.0001416862202434,0.408284023668639,0.2465483234714004,0.3451676528599605,255.69,False,True,False,,False,259.405,both,False
2026-09-03,MDT,,,,,,,,,,,,,,,,,,,,,93.0,92.0,1.0,0.66,0.4705,0.3442,0.0003221403666986,0.025367400795508,0.0001752423289453,0.3491124260355029,0.2702169625246548,0.3806706114398422,94.17,True,True,True,1.0,True,92.65,right_only,True
2026-09-03,MO,,,,,,,,,,,,,,,,,,,,,70.0,69.0,1.0,0.34,0.3356,0.2597,-0.0005011085658026,0.0359500778018784,-0.0002114568393878,0.4437869822485207,0.1794871794871795,0.3767258382642998,68.88,False,True,False,,False,69.83,right_only,False
2026-09-03,MRK,152.5,150.0,2.5,0.84,0.9081,0.3255,-0.00011967797278156223,0.06586232281189064,-2.4633537511369977e-05,0.4280078895463511,0.16765285996055226,0.40433925049309666,150.33,True,False,False,False,False,,False,152.5,150.0,2.5,0.815,0.9699,0.3371,-0.000591963372364,0.0369273062213031,-0.0002440051697702,0.3609467455621302,0.2071005917159763,0.4319526627218935,150.33,False,False,False,,False,152.08,both,False
2026-09-03,MS,217.5,215.0,2.5,1.005,0.9186,0.3382,-0.0003710431522400137,0.03552119420565969,-0.00015819203528763347,0.47928994082840237,0.2583826429980276,0.26232741617357,217.72,True,False,False,True,False,,False,,,,,,,,,,,,,,,,,,,,left_only,False
2026-09-03,MSFT,,,,,,,,,,,,,,,,,,,,,512.5,510.0,2.5,1.23,1.2716,0.2813,0.0005464737304947,0.105219128171498,4.373843179465087e-05,0.4280078895463511,0.4122287968441814,0.1597633136094674,499.7,True,False,False,,False,511.3,right_only,False
2026-09-03,NFLX,83.0,82.0,1.0,0.475,0.4478,0.3471,0.025376852290249108,0.018539507701329727,0.01626294564230892,0.4990138067061144,0.21104536489151873,0.28994082840236685,78.25,True,False,False,True,False,,False,,,,,,,,,,,,,,,,,,,,left_only,False
2026-09-03,NOW,146.0,145.0,1.0,0.51,0.4717,0.6062,0.005847506121880119,0.17388795023350756,9.005852527082206e-05,0.5226824457593688,0.36489151873767256,0.11242603550295859,141.26,True,False,True,True,True,1.0,True,147.0,146.0,1.0,0.53,0.5284,0.6131,-0.0001842646238551,0.1763797299188126,-2.6731548843776724e-06,0.4122287968441814,0.4753451676528599,0.1124260355029585,141.26,True,True,True,3.0,True,146.24,both,True
2026-09-03,NVDA,,,,,,,,,,,,,,,,,,,,,230.0,227.5,2.5,1.005,1.0397,0.3707,-0.0003883782927165,0.047349833333012,-0.000124659228917,0.4635108481262327,0.3372781065088757,0.1992110453648915,230.36,False,False,False,,False,229.64,right_only,False
2026-09-03,ORCL,155.0,152.5,2.5,1.255,1.2632,0.665,-0.0002329276890169485,0.054677834271443126,-6.270618175210743e-05,0.40039447731755423,0.4280078895463511,0.17159763313609466,158.78,True,False,True,False,False,,False,,,,,,,,,,,,,,,,,,,,left_only,False
2026-09-03,PG,147.0,146.0,1.0,0.325,0.3071,0.1856,-0.0015238070628129652,0.051410829747580156,-0.0004436816119894248,0.5029585798816568,0.3254437869822485,0.17159763313609466,146.44,True,False,False,True,False,,False,,,,,,,,,,,,,,,,,,,,left_only,False
2026-09-03,PM,,,,,,,,,,,,,,,,,,,,,187.5,185.0,2.5,0.85,0.9273,0.3477,0.0011081633140759,0.0512006578407944,0.0003242917143474,0.5069033530571992,0.2110453648915187,0.282051282051282,182.53,False,False,False,,False,187.42,right_only,False
2026-09-03,PYPL,57.0,56.0,1.0,0.535,0.4045,0.6187,0.0017049209066974935,0.0409338157785637,0.000638334487425544,0.4477317554240631,0.21104536489151873,0.34122287968441817,54.96,True,True,False,True,False,,False,,,,,,,,,,,,,,,,,,,,left_only,False
2026-09-03,QQQ,718.0,717.5,0.5,0.23,0.2508,0.1747,0.0009368995704279737,0.2861704878544198,9.748071581566298e-07,0.5029585798816568,0.4635108481262327,0.03353057199211045,718.96,True,False,True,False,False,,False,,,,,,,,,,,,,,,,,,,,left_only,False
2026-09-03,RTX,202.5,200.0,2.5,0.84,0.922,0.2854,-0.00028549815566147885,0.064122617899812,-6.127014782706103e-05,0.4477317554240631,0.21893491124260356,0.3333333333333333,200.79,True,False,False,False,False,,False,,,,,,,,,,,,,,,,,,,,left_only,False
2026-09-03,SBUX,106.0,105.0,1.0,0.32,0.3079,0.2744,-0.0019688380070450595,0.05086897725281525,-0.0005807633445384793,0.43984220907297833,0.3254437869822485,0.23471400394477318,104.47,True,False,False,True,False,,False,,,,,,,,,,,,,,,,,,,,left_only,False
2026-09-03,SCHW,,,,,,,,,,,,,,,,,,,,,111.0,110.0,1.0,0.435,0.4458,0.2674,2.4435092317531822e-05,0.0194410124554322,1.53242418610944e-05,0.4280078895463511,0.3136094674556213,0.2583826429980276,109.29,False,False,False,,False,110.61,right_only,False
2026-09-03,SO,89.0,88.0,1.0,0.35,0.1744,0.2317,-0.002639709793518241,0.011206965068413233,-0.002017182675464868,0.40039447731755423,0.1834319526627219,0.4161735700197239,88.11,True,False,False,True,False,,False,,,,,,,,,,,,,,,,,,,,left_only,False
2026-09-03,SPY,774.0,773.0,1.0,0.5,0.5609,0.1235,0.01029269126110477,0.176640966843292,0.00014838438929982986,0.4832347140039448,0.45956607495069035,0.05719921104536489,770.19,True,False,True,False,False,,False,,,,,,,,,,,,,,,,,,,,left_only,False
2026-09-03,TJX,,,,,,,,,,,,,,,,,,,,,132.0,131.0,1.0,0.375,0.416,0.2965,0.000606712480933,0.0625890104492239,0.0001350869649413,0.4674556213017751,0.2702169625246548,0.26232741617357,132.08,False,False,False,,False,131.855,right_only,False
2026-09-03,TSLA,377.5,375.0,2.5,1.275,1.2598,0.9226,0.0011993367388991594,0.2049910973140079,8.755986429879237e-06,0.4714003944773176,0.4319526627218935,0.09664694280078895,354.08,True,False,True,True,True,3.0,True,382.5,380.0,2.5,1.275,1.3153,0.7945,0.0010104207611438,0.2144816133625927,5.874161917848767e-06,0.4398422090729783,0.4437869822485207,0.1163708086785009,354.08,True,False,False,,False,380.94,both,False
2026-09-03,TXN,255.0,252.5,2.5,1.495,1.3546,0.4477,3.4804442988090045e-05,0.0527569165539985,9.811734363421745e-06,0.368836291913215,0.4280078895463511,0.20315581854043394,258.44,True,False,True,True,True,2.0,True,,,,,,,,,,,,,,,,,,,,left_only,False
2026-09-03,UNH,402.5,400.0,2.5,1.26,1.2718,0.2774,-0.0005285792231461972,0.07554889538379417,-8.623009155783697e-05,0.42011834319526625,0.4832347140039448,0.09664694280078895,397.14,True,False,True,False,False,,False,,,,,,,,,,,,,,,,,,,,left_only,False
2026-09-03,XOM,162.5,160.0,2.5,0.855,0.7408,0.2807,-0.0007782490147789645,0.03589026537221951,-0.0003288758008389099,0.4714003944773176,0.17159763313609466,0.35700197238658776,159.47,True,False,False,True,False,,False,,,,,,,,,,,,,,,,,,,,left_only,False
2026-09-04,AMGN,,,,,,,,,,,,,,,,,,,,,437.5,435.0,2.5,0.895,1.3884,0.8083,0.0099073486919478,0.2311290249564992,3.862637965951223e-05,0.4358974358974359,0.4003944773175542,0.1637080867850098,437.23,True,False,False,,False,437.0199,right_only,False
2026-09-04,GS,,,,,,,,,,,,,,,,,,,,,1037.5,1035.0,2.5,1.365,1.1431,0.4372,-0.0001725314696879,0.2660302520832871,-2.910831257242722e-07,0.4950690335305719,0.4240631163708087,0.0808678500986193,1038.61,True,True,True,1.0,True,1037.005,right_only,True
2026-09-04,TSLA,,,,,,,,,,,,,,,,,,,,,355.0,352.5,2.5,0.74,1.0966,0.6392,-0.0003562791089884,0.2315601578698582,-1.3747482848682528e-06,0.5029585798816568,0.4161735700197239,0.0808678500986193,354.08,False,False,False,,False,354.86,right_only,False
2026-09-08,AAPL,317.5,315.0,2.5,1.25,1.2656,0.3825,2.6425192297230282e-05,0.16797784879512112,4.690009137430758e-07,0.43984220907297833,0.4437869822485207,0.11637080867850098,332.27,True,False,True,False,False,,False,317.5,315.0,2.5,1.3,1.3221,0.3932,0.0005537271871862,0.1693076211562316,9.518994426981076e-06,0.4319526627218935,0.4516765285996055,0.1163708086785009,332.27,True,False,False,,False,315.76,both,False
2026-09-08,ABBV,250.0,247.5,2.5,1.225,1.1897,0.2533,-0.0009142940777473463,0.08960169667585349,-0.0001064538488999232,0.42011834319526625,0.4635108481262327,0.11637080867850098,257.12,True,False,True,True,True,16.0,False,250.0,247.5,2.5,1.17,1.1359,0.2933,-0.0002942188058024,0.0923115254956969,-3.209971385937443e-05,0.4635108481262327,0.4003944773175542,0.136094674556213,257.12,True,True,True,12.0,False,249.55,both,False
2026-09-08,ABT,106.0,105.0,1.0,0.5,0.4265,0.2914,-0.0011054049682901468,0.09516312301173713,-0.00011262368969932124,0.40828402366863903,0.38461538461538464,0.20710059171597633,101.95,True,False,False,True,False,,False,106.0,105.0,1.0,0.45,0.4696,0.3049,-0.0001253882539807,0.1042769435840803,-1.0265290081789726e-05,0.4280078895463511,0.3767258382642998,0.1952662721893491,101.95,True,False,False,,False,105.731,both,False
2026-09-08,ACN,180.0,177.5,2.5,2.35,1.3071,0.528,0.006652619815304295,0.11615455395252083,0.0004095490672245812,0.4516765285996055,0.38461538461538464,0.16370808678500987,183.9,True,False,True,True,True,1.0,True,180.0,177.5,2.5,1.4,1.2875,0.4805,0.006006815591887,0.1109126163764679,0.0004193673400797,0.4556213017751479,0.3806706114398422,0.1637080867850098,183.9,True,True,True,1.0,True,178.93,both,True
2026-09-08,ADI,365.0,362.5,2.5,1.35,1.3865,0.411,0.0006776674053079468,0.18955826769595363,7.165359182957462e-06,0.4161735700197239,0.47928994082840237,0.10453648915187377,378.78,True,False,True,False,False,,False,362.5,360.0,2.5,1.25,1.2737,0.4253,-0.0002324799493549,0.1980800616923436,-2.0034736546784784e-06,0.4398422090729783,0.4753451676528599,0.0848126232741617,378.78,True,False,False,,False,361.055,both,False
2026-09-08,ADP,270.0,267.5,2.5,1.7,1.5081,0.4367,-0.00010416796209222756,0.13167256772631386,-4.41877713307357e-06,0.34122287968441817,0.5226824457593688,0.13609467455621302,268.26,True,True,True,True,False,,False,,,,,,,,,,,,,,,,,,,,left_only,False
2026-09-08,AMGN,395.0,392.5,2.5,1.7,1.3014,0.4232,-0.0011297623942009283,0.20337614007141336,-8.574007623044473e-06,0.39644970414201186,0.5384615384615384,0.0650887573964497,377.35,True,False,True,True,True,10.0,False,397.5,395.0,2.5,1.7,1.4558,0.4122,-0.0001807815242971,0.2153432281257629,-1.029477898530095e-06,0.3806706114398422,0.5424063116370809,0.0769230769230769,377.35,True,True,True,4.0,True,394.255,both,True
2026-09-08,AMZN,257.5,255.0,2.5,1.215,1.1812,0.33,-0.0005218823370131132,0.11494323957271735,-3.307588293923014e-05,0.42011834319526625,0.4161735700197239,0.16370808678500987,256.78,True,False,True,True,True,13.0,False,,,,,,,,,,,,,,,,,,,,left_only,False
2026-09-08,AVGO,370.0,367.5,2.5,1.15,1.332,0.5626,-0.0004788853377175606,0.20883304626916166,-3.1882369374807114e-06,0.4280078895463511,0.5305719921104537,0.04142011834319527,361.99,True,False,True,False,False,,False,370.0,367.5,2.5,1.275,1.298,0.4473,-0.000735018031753,0.20657853970819,-5.165542231261759e-06,0.4280078895463511,0.5305719921104537,0.0414201183431952,361.99,True,False,False,,False,368.755,both,False
2026-09-08,AXP,327.5,325.0,2.5,1.17,1.2115,0.2785,-3.4009359313746934e-05,0.11573033292495172,-2.1151120090764173e-06,0.4556213017751479,0.4240631163708087,0.1203155818540434,324.69,True,False,True,False,False,,False,327.5,325.0,2.5,1.18,1.1827,0.2618,0.0003460408305178,0.1129175422253128,2.30239680385615e-05,0.4950690335305719,0.4161735700197239,0.0887573964497041,324.69,True,False,False,,False,326.745,both,False
2026-09-08,BA,,,,,,,,,,,,,,,,,,,,,212.5,210.0,2.5,1.2,1.2503,0.329,-0.0002759778155166,0.0789566499806513,-4.148620176617169e-05,0.4003944773175542,0.4240631163708087,0.1755424063116371,210.45,True,False,False,,False,211.44,right_only,False
2026-09-08,BMY,65.0,64.0,1.0,0.445,0.4548,0.27,-0.0009354416457568737,0.02269685686389855,-0.0005425575709965868,0.40039447731755423,0.40828402366863903,0.1913214990138067,63.64,True,False,True,False,False,,False,65.0,64.0,1.0,0.45,0.4248,0.3163,-0.000720250455827,0.0487460718017038,-0.0002235630067223,0.4358974358974359,0.3648915187376725,0.1992110453648915,63.64,False,True,False,,False,64.84,both,False
2026-09-08,CAT,827.5,825.0,2.5,1.85,1.373,0.4186,-0.0006972502450626195,0.2910976130806874,-6.445529289284146e-07,0.41222879684418146,0.5660749506903353,0.021696252465483234,818.57,True,False,True,True,True,6.0,True,830.0,827.5,2.5,1.625,1.3847,0.4102,-0.0006511928867488,0.292308133591892,-5.847392165164588e-07,0.408284023668639,0.5660749506903353,0.0256410256410256,818.57,True,True,True,3.0,True,825.0,both,True
2026-09-08,CL,89.0,88.0,1.0,0.375,0.5371,0.2776,1.5033327733116053e-05,0.06299414198279463,3.3148427205579444e-06,0.35700197238658776,0.40828402366863903,0.23471400394477318,86.8,True,False,True,False,False,,False,89.0,88.0,1.0,0.625,0.5072,0.2707,-0.0001269213498373,0.0585130780539384,-3.116369291879751e-05,0.3767258382642998,0.3964497041420118,0.2268244575936883,86.8,True,True,True,11.0,False,88.44,both,False
2026-09-08,CME,280.0,277.5,2.5,1.675,1.5419,0.366,0.02474403836882222,0.09762034358332605,0.0023766604736874517,0.4358974358974359,0.4358974358974359,0.1282051282051282,275.54,True,True,True,True,False,,False,,,,,,,,,,,,,,,,,,,,left_only,False
2026-09-08,CRM,250.0,247.5,2.5,1.2,1.2311,0.5968,-0.001006404835886987,0.15985382657532066,-2.170728358399842e-05,0.388560157790927,0.4714003944773176,0.14003944773175542,247.72,True,False,True,False,False,,False,250.0,247.5,2.5,1.2,1.1619,0.4787,-0.000364582134124,0.1639337577908406,-7.1302170286113455e-06,0.4516765285996055,0.4161735700197239,0.1321499013806706,247.72,True,True,True,8.0,False,249.44,both,False
2026-09-08,CSCO,110.0,109.0,1.0,0.485,0.5885,0.3225,0.001862509437615012,0.1274185221875649,8.74997105112435e-05,0.388560157790927,0.48717948717948717,0.1242603550295858,112.13,True,False,True,False,False,,False,110.0,109.0,1.0,0.505,0.5511,0.328,-0.0002994906525177,0.1245772072772052,-1.5062831693057954e-05,0.3767258382642998,0.4871794871794871,0.136094674556213,112.13,True,False,False,,False,109.17,both,False
2026-09-08,CSX,,,,,,,,,,,,,,,,,,,,,49.5,49.0,0.5,0.225,0.2613,0.302,0.000360306987154,0.0918654785393817,3.973311318181359e-05,0.388560157790927,0.4003944773175542,0.2110453648915187,48.95,True,False,False,,False,49.18,right_only,False
2026-09-08,CVX,210.0,207.5,2.5,0.965,0.8527,0.26,-0.0008785471123156086,0.07266506613039181,-0.00015359326117517458,0.5266272189349113,0.3214990138067061,0.15187376725838264,214.06,True,False,False,True,False,,False,,,,,,,,,,,,,,,,,,,,left_only,False
2026-09-08,DE,682.5,680.0,2.5,0.75,1.1853,0.2981,-0.0018091524334701292,0.2425924205498743,-5.356954656888362e-06,0.40433925049309666,0.5384615384615384,0.05719921104536489,675.74,True,False,True,False,False,,False,687.5,685.0,2.5,1.35,1.393,0.3432,-0.0008994859805371,0.256603455488354,-1.902826734780644e-06,0.3925049309664694,0.5779092702169625,0.029585798816568,675.74,True,False,False,,False,683.63,both,False
2026-09-08,DHR,,,,,,,,,,,,,,,,,,,,,207.5,205.0,2.5,1.15,1.1897,0.3576,-0.0007605854710031,0.0901176769760925,-8.74672332306017e-05,0.3925049309664694,0.4201183431952662,0.1873767258382643,200.14,True,False,False,,False,206.68,right_only,False
2026-09-08,DIS,,,,,,,,,,,,,,,,,,,,,105.0,104.0,1.0,0.515,0.5032,0.263,-0.000464839513992,0.0771390493969343,-7.299237833220219e-05,0.3925049309664694,0.4398422090729783,0.1676528599605522,106.55,True,True,True,15.0,False,104.54,right_only,False
2026-09-08,EOG,,,,,,,,,,,,,,,,,,,,,147.0,146.0,1.0,0.45,0.5638,0.3796,0.0002019245249806,0.1931959603851724,1.956566085736261e-06,0.4122287968441814,0.5108481262327417,0.0769230769230769,147.36,True,False,False,,False,145.83,right_only,False
2026-09-08,FCX,77.0,76.0,1.0,0.5,0.472,0.5506,0.0002941178444137993,0.14133569208099428,9.893954444342782e-06,0.48717948717948717,0.40828402366863903,0.10453648915187377,71.07,True,False,True,True,True,3.0,True,78.0,77.0,1.0,0.51,0.5609,0.561,0.0002387687202676,0.1566402766857433,5.562951124997776e-06,0.3964497041420118,0.4832347140039448,0.1203155818540434,71.07,True,False,False,,False,77.04,both,False
2026-09-08,GE,337.5,335.0,2.5,1.7,1.4563,0.376,0.0007512503803666082,0.1649897158267104,1.4324707052720987e-05,0.40039447731755423,0.514792899408284,0.08481262327416174,323.66,True,False,True,True,True,2.0,True,337.5,335.0,2.5,1.2,1.2364,0.3274,-0.0003482810559519,0.1505182162536441,-9.398711409408923e-06,0.4556213017751479,0.4753451676528599,0.0690335305719921,323.66,True,False,False,,False,336.36,both,False
2026-09-08,GILD,147.0,146.0,1.0,0.045,0.4854,0.3078,-0.000556684413723918,0.17338521275170982,-8.67767287818176e-06,0.4437869822485207,0.46745562130177515,0.08875739644970414,143.72,True,False,True,False,False,,False,147.0,146.0,1.0,0.465,0.4966,0.345,0.0012559411521617,0.1702627391516954,2.110130217252421e-05,0.4950690335305719,0.4398422090729783,0.0650887573964497,143.72,True,False,False,,False,146.74,both,False
2026-09-08,GM,86.0,85.0,1.0,0.45,0.4761,0.3445,-0.0007585178586261287,0.09951345533333966,-6.961941051533359e-05,0.41222879684418146,0.43984220907297833,0.14792899408284024,85.62,True,False,True,False,False,,False,86.0,85.0,1.0,0.415,0.4386,0.3586,-0.0008468919064367,0.1039784512297732,-6.983185197316784e-05,0.4477317554240631,0.4161735700197239,0.136094674556213,85.62,False,False,False,,False,85.94,both,False
2026-09-08,GOOGL,340.0,337.5,2.5,0.875,1.3181,0.3619,-0.00040364224535216486,0.15161306681236864,-1.0610195206882544e-05,0.41222879684418146,0.49506903353057197,0.09270216962524655,338.5,True,False,True,False,False,,False,,,,,,,,,,,,,,,,,,,,left_only,False
2026-09-08,GS,1040.0,1037.5,2.5,0.4,1.3741,0.349,0.0014867600528802871,0.2929708816239043,1.313970423737872e-06,0.46745562130177515,0.5108481262327417,0.021696252465483234,1029.18,True,False,True,False,False,,False,1040.0,1037.5,2.5,0.675,1.3804,0.3492,-3.927140954729236e-05,0.297679335903773,-3.0998784033203284e-08,0.4319526627218935,0.5305719921104537,0.0374753451676528,1029.18,True,False,False,,False,1034.71,both,False
2026-09-08,HD,315.0,312.5,2.5,1.275,1.2074,0.3006,-0.0011713033748241841,0.12939062158881198,-5.2483429185043406e-05,0.39644970414201186,0.47928994082840237,0.1242603550295858,308.74,True,False,True,True,True,14.0,False,315.0,312.5,2.5,1.145,1.196,0.2998,-0.0006054261333948,0.127397850030845,-2.8456715034939254e-05,0.4280078895463511,0.4437869822485207,0.1282051282051282,308.74,True,False,False,,False,314.38,both,False
2026-09-08,HON,,,,,,,,,,,,,,,,,,,,,210.0,207.5,2.5,1.25,1.285,0.3098,-8.366594308362174e-05,0.0731483952662703,-1.445832705890884e-05,0.4122287968441814,0.4398422090729783,0.1479289940828402,202.36,True,False,False,,False,208.35,right_only,False
2026-09-08,IBM,232.5,230.0,2.5,1.285,1.0865,0.3727,0.0008663873308707437,0.12133643295375496,4.709927847789528e-05,0.5305719921104537,0.3609467455621302,0.10848126232741617,243.29,True,False,False,True,False,,False,,,,,,,,,,,,,,,,,,,,left_only,False
2026-09-08,INTC,106.0,105.0,1.0,0.575,0.589,0.7419,-0.0007182700680024023,0.24244277597340258,-2.134471370201457e-06,0.368836291913215,0.5936883629191322,0.03747534516765286,102.94,True,False,True,False,False,,False,106.0,105.0,1.0,0.56,0.5772,0.7442,-0.0009254577068121,0.2349228534398189,-3.294122931061741e-06,0.368836291913215,0.5897435897435898,0.0414201183431952,102.94,True,False,False,,False,104.81,both,False
2026-09-08,ISRG,352.5,350.0,2.5,1.75,1.2713,0.4979,-0.0021301342652219057,0.2038291282704381,-1.5991242258520305e-05,0.3609467455621302,0.5818540433925049,0.05719921104536489,369.15,True,False,True,True,True,11.0,False,352.5,350.0,2.5,1.2,1.2912,0.4821,-0.0013220308072133,0.2122664879337578,-8.105384656476657e-06,0.388560157790927,0.5424063116370809,0.0690335305719921,369.15,True,False,False,,False,350.745,both,False
2026-09-08,IWM,295.0,294.0,1.0,0.44,0.4554,0.2415,-0.0011834513958826065,0.1880013727698091,-1.2989708804290722e-05,0.43984220907297833,0.47534516765285995,0.08481262327416174,288.89,True,False,True,False,False,,False,,,,,,,,,,,,,,,,,,,,left_only,False
2026-09-08,JNJ,270.0,267.5,2.5,1.575,1.1145,0.293,-0.0012968926294142369,0.09080065984352248,-0.00014671773353670874,0.40433925049309666,0.4358974358974359,0.15976331360946747,265.58,True,False,False,True,False,,False,,,,,,,,,,,,,,,,,,,,left_only,False
2026-09-08,JPM,355.0,352.5,2.5,1.35,1.2047,0.2485,-0.00039070286481324157,0.11525408782441371,-2.4577938380570085e-05,0.43984220907297833,0.43984220907297833,0.1203155818540434,356.23,True,False,True,True,True,12.0,False,355.0,352.5,2.5,1.18,1.2234,0.2492,0.0003864382014393,0.1168100198558874,2.3418621252475165e-05,0.4635108481262327,0.4161735700197239,0.1203155818540434,356.23,True,False,False,,False,353.88,both,False
2026-09-08,LOW,,,,,,,,,,,,,,,,,,,,,202.5,200.0,2.5,1.05,1.1094,0.3159,-0.0007253944577418,0.0746825059352844,-0.0001208240607539,0.4319526627218935,0.3964497041420118,0.1715976331360946,196.82,False,False,False,,False,202.13,right_only,False
2026-09-08,MA,572.5,570.0,2.5,1.55,1.3921,0.249,5.292305638127104e-05,0.17460940562882565,8.010862636531801e-07,0.41222879684418146,0.5069033530571992,0.08086785009861933,569.19,True,False,True,True,True,4.0,True,570.0,567.5,2.5,1.1,1.1356,0.2264,-0.0006245567148647,0.1863876769021931,-7.125913270284596e-06,0.4792899408284023,0.4516765285996055,0.0690335305719921,569.19,True,False,False,,False,569.7,both,False
2026-09-08,MDT,93.0,92.0,1.0,0.65,0.4906,0.2541,-0.0016549016041976783,0.09037609383167022,-0.00018913680334147533,0.32938856015779094,0.47534516765285995,0.1952662721893491,90.96,True,False,True,True,True,19.0,False,93.0,92.0,1.0,0.445,0.4674,0.331,-1.677332776628404e-05,0.0991993564625404,-1.5511637206141975e-06,0.4240631163708087,0.3570019723865877,0.2189349112426035,90.96,True,False,False,,False,92.89,both,False
2026-09-08,MRK,149.0,148.0,1.0,0.51,0.4583,0.287,-0.0026288659023918637,0.156834091649955,-6.096437131629848e-05,0.3727810650887574,0.5700197238658777,0.05719921104536489,143.93,True,False,True,True,True,15.0,False,150.0,149.0,1.0,0.63,0.5277,0.3315,-0.0018752255348458,0.1738254838910106,-2.8924026110429438e-05,0.3609467455621302,0.5857988165680473,0.0532544378698224,143.93,True,True,True,10.0,False,149.02,both,False
2026-09-08,MS,217.5,215.0,2.5,1.3,1.1573,0.3225,-0.000946472613268301,0.07753655092772105,-0.00014721068812816238,0.40039447731755423,0.4240631163708087,0.1755424063116371,214.38,True,False,True,True,True,17.0,False,217.5,215.0,2.5,1.1,1.1135,0.3336,0.0001824430672856,0.093019686635404,1.9569371883856773e-05,0.4674556213017751,0.3412228796844181,0.1913214990138067,214.38,False,False,False,,False,217.21,both,False
2026-09-08,MSFT,495.0,492.5,2.5,1.3,1.2816,0.3012,-0.00045728036232128844,0.19156366212558118,-4.60788421473541e-06,0.4280078895463511,0.4911242603550296,0.08086785009861933,495.63,True,False,True,True,True,8.0,False,495.0,492.5,2.5,1.3,1.3264,0.2848,-0.0004125736997812,0.1874742752442059,-4.58611036642387e-06,0.4201183431952662,0.5108481262327417,0.0690335305719921,495.63,True,False,False,,False,492.97,both,False
2026-09-08,NEE,84.0,83.0,1.0,0.37,0.2932,0.2141,-0.0018577336944827216,0.05324673028486182,-0.0005175939492660968,0.4911242603550296,0.33727810650887574,0.17159763313609466,82.31,True,False,False,True,False,,False,,,,,,,,,,,,,,,,,,,,left_only,False
2026-09-08,NFLX,77.0,76.0,1.0,0.455,0.4767,0.3554,0.04926057746477008,0.08066389136618324,0.00710778542932024,0.6015779092702169,0.2702169625246548,0.1282051282051282,77.4,True,False,True,False,False,,False,,,,,,,,,,,,,,,,,,,,left_only,False
2026-09-08,NOW,135.0,134.0,1.0,0.475,0.5288,0.6236,0.0020566581130234685,0.24562485239763354,5.66236252118926e-06,0.47534516765285995,0.46745562130177515,0.05719921104536489,132.53,True,False,True,False,False,,False,135.0,134.0,1.0,0.525,0.5501,0.6249,-0.0012226120558623,0.2421311414314715,-3.6604917050441967e-06,0.3609467455621302,0.5581854043392505,0.0808678500986193,132.53,True,False,False,,False,133.79,both,False
2026-09-08,NVDA,227.5,225.0,2.5,1.315,1.342,0.3783,-0.00024317272533691536,0.11155306943124565,-1.671820638611894e-05,0.40039447731755423,0.4832347140039448,0.11637080867850098,218.29,True,True,True,False,False,,False,,,,,,,,,,,,,,,,,,,,left_only,False
2026-09-08,ORCL,167.5,165.0,2.5,1.55,1.5757,1.6378,-0.0012360920583409651,0.2823474816442776,-1.4096910355277786e-06,0.2938856015779093,0.6173570019723866,0.08875739644970414,150.28,True,False,True,False,False,,False,,,,,,,,,,,,,,,,,,,,left_only,False
2026-09-08,PEP,139.0,138.0,1.0,0.485,0.511,0.2285,-0.001024568296774775,0.10717653380109082,-7.824068789089325e-05,0.3609467455621302,0.47534516765285995,0.16370808678500987,136.32,True,False,True,False,False,,False,139.0,138.0,1.0,0.565,0.4728,0.2242,-0.0007030249708556,0.0982659253616837,-6.648725019705756e-05,0.408284023668639,0.4240631163708087,0.1676528599605522,136.32,True,True,True,14.0,False,138.71,both,False
2026-09-08,PFE,,,,,,,,,,,,,,,,,,,,,28.0,27.5,0.5,0.215,0.2268,0.2497,-0.000190209919666,0.0078032890123578,-0.0001577244252617,0.3609467455621302,0.2859960552268245,0.3530571992110454,27.72,True,False,False,,False,27.835,right_only,False
2026-09-08,PG,146.0,145.0,1.0,0.465,0.4908,0.204,-0.00030017940812543387,0.10230019743561458,-2.576908672416267e-05,0.4319526627218935,0.43984220907297833,0.1282051282051282,145.27,True,False,True,False,False,,False,146.0,145.0,1.0,0.47,0.4485,0.2237,-0.0002178720943314,0.108965378534207,-1.5938524170436516e-05,0.4714003944773176,0.388560157790927,0.1400394477317554,145.27,False,True,False,,False,145.78,both,False
2026-09-08,PM,185.0,182.5,2.5,1.05,1.0639,0.3212,-0.00043252061914567097,0.07907316314532098,-6.483684802302631e-05,0.4437869822485207,0.34122287968441817,0.21499013806706113,191.06,True,False,False,False,False,,False,187.5,185.0,2.5,1.5,1.2868,0.3325,-0.0003624946412039,0.0630730343893883,-7.977872508408427e-05,0.3846153846153846,0.4398422090729783,0.1755424063116371,191.06,True,True,True,16.0,False,186.1,both,False
2026-09-08,QCOM,175.0,172.5,2.5,1.225,1.3493,0.6094,0.010117636020788634,0.13820825926453373,0.0003668808362348698,0.4635108481262327,0.40039447731755423,0.13609467455621302,181.97,True,False,True,False,False,,False,175.0,172.5,2.5,1.475,1.4524,0.6087,-0.0004505180728493,0.1533341303313993,-1.1363188657670187e-05,0.3372781065088757,0.5069033530571992,0.155818540433925,181.97,True,True,True,9.0,False,172.5799,both,False
2026-09-08,QQQ,720.0,719.0,1.0,0.505,0.5134,0.2004,0.0012723324361236799,0.29453292333400216,1.0830887347707469e-06,0.49506903353057197,0.4714003944773176,0.03353057199211045,714.88,True,False,True,False,False,,False,,,,,,,,,,,,,,,,,,,,left_only,False
2026-09-08,REGN,812.5,810.0,2.5,1.55,1.2991,0.3049,4.018482000489598e-07,0.2579600293661932,8.228623886260779e-10,0.4477317554240631,0.47928994082840237,0.07297830374753451,781.49,True,False,True,True,True,5.0,True,817.5,815.0,2.5,1.2,1.3375,0.3032,-2.872316809798825e-05,0.2570166134827403,-6.01631839722198e-08,0.4358974358974359,0.4990138067061144,0.0650887573964497,781.49,True,False,False,,False,814.74,both,False
2026-09-08,RTX,200.0,197.5,2.5,1.285,1.2043,0.2838,-0.000582266398421627,0.05298639981872788,-0.00016324538146916448,0.41222879684418146,0.4319526627218935,0.15581854043392504,197.68,True,False,True,True,True,18.0,False,200.0,197.5,2.5,1.25,1.152,0.268,-0.0003601895132515,0.0447055464776342,-0.0001231862211059,0.4358974358974359,0.3925049309664694,0.1715976331360946,197.68,True,True,True,17.0,False,199.23,both,False
2026-09-08,SCHW,107.0,106.0,1.0,0.36,0.4175,0.3083,1.0484312219283254e-05,0.10862494978801296,7.732763977148278e-07,0.49506903353057197,0.3254437869822485,0.1794871794871795,107.25,True,False,False,False,False,,False,108.0,107.0,1.0,0.475,0.472,0.2729,0.0013922941723856,0.0896209861909131,0.0001620337230788,0.4437869822485207,0.3412228796844181,0.2149901380670611,107.25,True,True,True,2.0,True,107.61,both,True
2026-09-08,SPY,767.0,766.0,1.0,0.465,0.5056,0.2757,-6.133923521223217e-05,0.2595897605402463,-1.2078604008517162e-07,0.4635108481262327,0.47534516765285995,0.0611439842209073,764.29,True,False,True,False,False,,False,,,,,,,,,,,,,,,,,,,,left_only,False
2026-09-08,TJX,129.0,128.0,1.0,0.475,0.5717,0.2742,0.017687375413262707,0.1041078671918989,0.001453918490882772,0.4358974358974359,0.38461538461538464,0.1794871794871795,126.02,True,False,True,False,False,,False,129.0,128.0,1.0,0.475,0.4713,0.2486,-0.0005426005161952,0.1029630273618112,-4.584475030018794e-05,0.4161735700197239,0.4122287968441814,0.1715976331360946,126.02,True,True,True,13.0,False,128.725,both,False
2026-09-08,TMO,605.0,602.5,2.5,1.55,1.1342,0.3006,-0.0016813186423523252,0.23114425451457787,-6.552663199359777e-06,0.4280078895463511,0.514792899408284,0.05719921104536489,609.82,True,False,True,True,True,9.0,False,610.0,607.5,2.5,1.65,1.4044,0.3297,-0.0005523342563915,0.2402475034638426,-1.7301590086883252e-06,0.3846153846153846,0.5424063116370809,0.0729783037475345,609.82,True,True,True,5.0,True,606.25,both,True
2026-09-08,TSLA,370.0,367.5,2.5,1.35,1.3291,0.4759,-0.00022388527288452753,0.21609554173279044,-1.252123292715465e-06,0.4280078895463511,0.5029585798816568,0.06903353057199212,365.44,True,False,True,True,True,7.0,False,370.0,367.5,2.5,1.325,1.3118,0.477,-0.0003554282062269,0.2164073395035257,-1.9729840230688123e-06,0.4280078895463511,0.5029585798816568,0.0690335305719921,365.44,True,True,True,6.0,True,368.36,both,True
2026-09-08,TXN,260.0,257.5,2.5,1.24,1.3382,0.492,4.509133062979842e-05,0.14775520497963646,1.3002610903284734e-06,0.4280078895463511,0.4832347140039448,0.08875739644970414,268.7,True,False,True,False,False,,False,257.5,255.0,2.5,0.8,1.182,0.4285,-0.0007445127068347,0.1514149027659161,-1.966365982324469e-05,0.4516765285996055,0.4714003944773176,0.0769230769230769,268.7,True,False,False,,False,256.84,both,False
2026-09-08,UNH,402.5,400.0,2.5,1.2,1.2294,0.4094,-0.0010611645414755344,0.21093801740170437,-6.716786162122074e-06,0.4280078895463511,0.514792899408284,0.05719921104536489,379.09,True,False,True,False,False,,False,405.0,402.5,2.5,1.375,1.3052,0.44,-0.0009785417393277,0.2204705845775996,-4.927192792076013e-06,0.4043392504930966,0.534516765285996,0.0611439842209073,379.09,True,True,True,7.0,False,402.445,both,False
2026-09-08,UPS,101.0,100.0,1.0,0.505,0.4175,0.2411,-0.0015141533593510115,0.0809587443973796,-0.00021693588682915712,0.40433925049309666,0.41222879684418146,0.1834319526627219,100.28,True,False,False,True,False,,False,101.0,100.0,1.0,0.44,0.4452,0.2596,0.000168946442991,0.0773240260718728,2.6411648227839653e-05,0.4792899408284023,0.3530571992110454,0.1676528599605522,100.28,False,False,False,,False,100.83,both,False
2026-09-08,USB,,,,,,,,,,,,,,,,,,,,,63.0,62.0,1.0,0.45,0.4624,0.25,-7.037747111415804e-05,0.0151656902862145,-4.890583098881167e-05,0.4003944773175542,0.3293885601577909,0.2702169625246548,62.84,True,False,False,,False,62.595,right_only,False
2026-09-08,V,370.0,367.5,2.5,1.17,1.1829,0.2087,-0.0017828836994473463,0.10563638158952593,-0.00014127583135157008,0.36489151873767256,0.49506903353057197,0.14003944773175542,370.45,True,False,True,False,False,,False,370.0,367.5,2.5,1.175,1.1901,0.2186,-0.000872286514044,0.1062904456973773,-6.804350257352655e-05,0.4043392504930966,0.4437869822485207,0.1518737672583826,370.45,True,False,False,,False,368.995,both,False
2026-09-08,VRTX,530.0,527.5,2.5,0.225,1.2274,0.2854,-0.001655488237131797,0.22526495846358308,-7.429750280260403e-06,0.39644970414201186,0.5424063116370809,0.0611439842209073,515.44,True,False,True,False,False,,False,,,,,,,,,,,,,,,,,,,,left_only,False
2026-09-09,AAPL,317.5,315.0,2.5,1.35,1.3696,0.3589,-0.00023214713034658274,0.1314226365075326,-9.906866246637058e-06,0.3609467455621302,0.4556213017751479,0.1834319526627219,332.27,True,False,True,False,False,,False,317.5,315.0,2.5,1.35,1.3538,0.38,-8.968422654276331e-05,0.1360603094919288,-3.424130185434404e-06,0.368836291913215,0.4398422090729783,0.1913214990138067,332.27,True,False,False,,False,315.55,both,False
2026-09-09,ABT,,,,,,,,,,,,,,,,,,,,,106.0,105.0,1.0,0.8,0.5112,0.3079,-0.0004982089014915,0.072761033877255,-8.689970668244002e-05,0.3846153846153846,0.4477317554240631,0.1676528599605522,101.95,True,True,True,14.0,False,105.45,right_only,False
2026-09-09,ACN,177.5,175.0,2.5,1.475,1.2582,0.5259,-0.0007422704531825364,0.1033536012732924,-6.212989278119481e-05,0.34911242603550297,0.4240631163708087,0.22682445759368836,183.9,True,False,True,True,True,13.0,False,177.5,175.0,2.5,1.3,1.174,0.4709,0.0031517748803207,0.0791288894587924,0.0004718342129797,0.4516765285996055,0.3214990138067061,0.2268244575936883,183.9,True,True,True,1.0,True,177.015,both,True
2026-09-09,ADI,367.5,365.0,2.5,1.35,1.4347,0.4141,-0.0003191763645057355,0.17066269663085132,-5.311313125708065e-06,0.3806706114398422,0.5384615384615384,0.08086785009861933,378.78,True,False,True,False,False,,False,365.0,362.5,2.5,1.25,1.363,0.4465,-0.0007415582213673,0.1824382422291394,-9.302059835855538e-06,0.388560157790927,0.534516765285996,0.0769230769230769,378.78,True,False,False,,False,362.59,both,False
2026-09-09,ADP,267.5,265.0,2.5,1.0,1.6208,0.4553,0.001308464532650433,0.13924042804512926,4.62859909100306e-05,0.2978303747534517,0.48717948717948717,0.21499013806706113,268.26,True,True,True,False,False,,False,,,,,,,,,,,,,,,,,,,,left_only,False
2026-09-09,AMGN,392.5,390.0,2.5,1.21,1.1291,0.3053,-0.0010978379368895563,0.1383955600517427,-3.9630719856571424e-05,0.4240631163708087,0.4437869822485207,0.13214990138067062,377.35,True,False,True,True,True,11.0,False,395.0,392.5,2.5,1.7,1.4115,0.3378,-0.0006817456682716,0.1590808157561059,-1.498001665226986e-05,0.3609467455621302,0.5305719921104537,0.1084812623274161,377.35,True,True,True,11.0,False,392.34,both,False
2026-09-09,AMZN,252.5,250.0,2.5,1.025,1.0588,0.3142,-0.0007422754771934104,0.08720385658185648,-9.15447459356124e-05,0.4556213017751479,0.38461538461538464,0.15976331360946747,256.78,True,False,False,False,False,,False,252.5,250.0,2.5,1.085,1.1067,0.3261,-0.0004251148176687,0.082798045070322,-5.82769245665063e-05,0.4556213017751479,0.3846153846153846,0.1597633136094674,256.78,False,False,False,,False,252.1986,both,False
2026-09-09,AVGO,365.0,362.5,2.5,1.425,1.1847,0.5392,-0.0006882936397767381,0.16956613928496467,-1.1759109373318496e-05,0.4556213017751479,0.4714003944773176,0.07297830374753451,361.99,True,False,True,True,True,6.0,True,365.0,362.5,2.5,1.2,1.2779,0.4299,-0.0005614441805502,0.1712146512911845,-9.219868056948504e-06,0.4319526627218935,0.5029585798816568,0.0650887573964497,361.99,True,False,False,,False,363.79,both,False
2026-09-09,AXP,322.5,320.0,2.5,1.175,1.0653,0.2597,-0.0009755599781868796,0.08365732547513027,-0.00013100504466181302,0.43984220907297833,0.40039447731755423,0.15976331360946747,324.69,True,False,False,True,False,,False,,,,,,,,,,,,,,,,,,,,left_only,False
2026-09-09,BA,207.5,205.0,2.5,1.245,1.0086,0.3313,-0.0016797095354325053,0.061058269046818214,-0.0003879892778171742,0.39644970414201186,0.40039447731755423,0.20315581854043394,210.45,True,False,False,True,False,,False,,,,,,,,,,,,,,,,,,,,left_only,False
2026-09-09,BAC,,,,,,,,,,,,,,,,,,,,,63.0,62.0,1.0,0.4,0.3737,0.2484,-5.326966242480413e-05,0.0240466598084254,-2.991162343337114e-05,0.4792899408284023,0.2307692307692307,0.2899408284023668,62.69,False,True,False,,False,62.815,right_only,False
2026-09-09,CAT,820.0,817.5,2.5,1.0,1.3162,0.36,-0.0010276161338421685,0.2686596870846011,-1.6276943033446192e-06,0.39644970414201186,0.5384615384615384,0.0650887573964497,818.57,True,False,True,False,False,,False,822.5,820.0,2.5,1.9,1.3839,0.4068,-0.0005260585202883,0.2735893259385321,-7.402766134474109e-07,0.3964497041420118,0.5384615384615384,0.0650887573964497,818.57,True,True,True,4.0,True,817.75,both,True
2026-09-09,CME,275.0,272.5,2.5,1.05,1.0542,0.2742,5.0169889556528346e-05,0.07241877539474584,8.82302187573049e-06,0.5029585798816568,0.33727810650887574,0.15976331360946747,275.54,True,True,False,False,False,,False,,,,,,,,,,,,,,,,,,,,left_only,False
2026-09-09,CRM,245.0,242.5,2.5,1.245,1.1715,0.4727,-0.0002586223837924839,0.12689331608819854,-1.230406178223881e-05,0.45956607495069035,0.42011834319526625,0.1203155818540434,247.72,True,False,True,True,True,7.0,False,245.0,242.5,2.5,1.185,1.2271,0.4729,0.0002539548217799,0.1257681019990891,1.2412722270650446e-05,0.4595660749506903,0.4201183431952662,0.1203155818540434,247.72,True,False,False,,False,244.16,both,False
2026-09-09,CSCO,110.0,109.0,1.0,0.51,0.5461,0.33,0.0005652613581035304,0.08605177717442802,7.166808663084397e-05,0.40039447731755423,0.4477317554240631,0.15187376725838264,112.13,True,False,True,False,False,,False,110.0,109.0,1.0,0.52,0.5408,0.327,-0.0003665320812564,0.0910117873821907,-4.12562721955541e-05,0.3767258382642998,0.4753451676528599,0.1479289940828402,112.13,True,False,False,,False,109.26,both,False
2026-09-09,CSX,,,,,,,,,,,,,,,,,,,,,48.5,48.0,0.5,0.25,0.2207,0.3092,0.000552617061496,0.0685247622245797,0.000106705317555,0.4556213017751479,0.3096646942800789,0.2347140039447731,48.95,False,True,False,,False,48.415,right_only,False
2026-09-09,CVX,,,,,,,,,,,,,,,,,,,,,215.0,212.5,2.5,1.235,1.2573,0.2803,0.0026758031569238,0.0279879996198331,0.0013668893215589,0.408284023668639,0.3491124260355029,0.2426035502958579,214.06,True,False,False,,False,213.9,right_only,False
2026-09-09,DE,680.0,677.5,2.5,0.65,1.4867,0.3741,0.0006774780560734328,0.22646523496545978,2.9541516604498376e-06,0.39644970414201186,0.5384615384615384,0.0650887573964497,675.74,True,False,True,False,False,,False,677.5,675.0,2.5,1.6,1.2976,0.3506,-0.0008279542842208,0.2275460993792847,-3.5178554453568167e-06,0.4122287968441814,0.5226824457593688,0.0650887573964497,675.74,True,True,True,5.0,True,675.71,both,True
2026-09-09,DHR,205.0,202.5,2.5,1.05,1.0832,0.2806,-0.0001279407587438941,0.05093150570564764,-3.768308038403753e-05,0.4477317554240631,0.3254437869822485,0.22682445759368836,200.14,True,False,False,False,False,,False,205.0,202.5,2.5,0.925,1.0296,0.3627,-0.0003862032221945,0.0781213949540939,-5.92313068712791e-05,0.4556213017751479,0.3214990138067061,0.2228796844181459,200.14,False,False,False,,False,204.965,both,False
2026-09-09,DIS,,,,,,,,,,,,,,,,,,,,,105.0,104.0,1.0,0.52,0.5092,0.3271,-0.0007333765370325,0.0823671184535492,-0.0001015801782547,0.3648915187376725,0.4477317554240631,0.1873767258382643,106.55,True,True,True,15.0,False,104.4,right_only,False
2026-09-09,EOG,148.0,146.0,2.0,0.925,0.8992,0.3378,-0.00033759182344372807,0.04626723590557602,-0.00011121039759945038,0.41222879684418146,0.34516765285996054,0.24260355029585798,147.36,True,False,False,True,False,,False,148.0,147.0,1.0,0.325,0.4811,0.3787,0.0018479852284394,0.1565287209356883,4.31706970663108e-05,0.4871794871794871,0.3925049309664694,0.1203155818540434,147.36,True,False,False,,False,147.8,both,False
2026-09-09,F,13.5,13.0,0.5,0.14,0.139,0.3774,-0.001062843651736256,0.0511501994708794,-0.00031140630240472216,0.388560157790927,0.09664694280078895,0.514792899408284,13.97,True,False,False,True,False,,False,,,,,,,,,,,,,,,,,,,,left_only,False
2026-09-09,FCX,77.0,76.0,1.0,0.525,0.5464,0.4846,0.0011759858766686726,0.1338565615842474,4.7337587456165165e-05,0.4161735700197239,0.4516765285996055,0.13214990138067062,71.07,True,False,True,False,False,,False,77.0,76.0,1.0,0.525,0.5019,0.5774,0.0002078579238344,0.119711449589026,1.1749139427390828e-05,0.4477317554240631,0.4319526627218935,0.1203155818540434,71.07,True,True,True,3.0,True,76.555,both,True
2026-09-09,GE,327.5,325.0,2.5,0.8,1.2598,0.269,-0.001008135499532825,0.13028144873423209,-4.42167242456341e-05,0.39250493096646943,0.49506903353057197,0.11242603550295859,323.66,True,False,True,False,False,,False,327.5,325.0,2.5,1.435,1.2286,0.4008,-0.0001344172077754,0.1298079378886256,-5.962905990877338e-06,0.4556213017751479,0.4477317554240631,0.0966469428007889,323.66,True,True,True,6.0,True,326.15,both,True
2026-09-09,GILD,146.0,145.0,1.0,1.165,0.5063,0.4157,2.8701223764748818e-05,0.139764769014185,1.0025886501866207e-06,0.4477317554240631,0.4516765285996055,0.10059171597633136,143.72,True,False,True,True,True,2.0,True,146.0,145.0,1.0,0.52,0.4665,0.3349,-0.0002606983914918,0.1380016006845081,-9.500322396781955e-06,0.4714003944773176,0.4280078895463511,0.1005917159763313,143.72,True,True,True,8.0,False,145.86,both,False
2026-09-09,GM,84.0,83.0,1.0,0.42,0.3566,0.4485,-0.002314567556973457,0.0957626920293051,-0.00023244962617133085,0.40039447731755423,0.40828402366863903,0.1913214990138067,85.62,True,False,False,True,False,,False,85.0,84.0,1.0,0.39,0.4527,0.3908,-0.0006093422295746,0.0815878123707951,-8.599357346401864e-05,0.4161735700197239,0.3846153846153846,0.1992110453648915,85.62,True,False,False,,False,84.851,both,False
2026-09-09,GOOGL,332.5,330.0,2.5,1.375,1.3388,0.3324,-0.000922340537555022,0.12287092367270769,-4.83280594904741e-05,0.35700197238658776,0.4990138067061144,0.14398422090729784,338.5,True,False,True,True,True,12.0,False,,,,,,,,,,,,,,,,,,,,left_only,False
2026-09-09,GS,1032.5,1030.0,2.5,0.775,1.2981,0.4862,-0.0006973963514289583,0.27890494562876644,-8.638425223934574e-07,0.4240631163708087,0.5226824457593688,0.05325443786982249,1029.18,True,False,True,False,False,,False,1035.0,1032.5,2.5,1.1,1.3761,0.3698,-9.244255259643896e-05,0.2832709114177789,-1.031145806603016e-07,0.4240631163708087,0.5226824457593688,0.0532544378698224,1029.18,True,False,False,,False,1030.57,both,False
2026-09-09,HD,,,,,,,,,,,,,,,,,,,,,312.5,310.0,2.5,1.36,1.2787,0.3066,-0.0004570005116576,0.0978046203252451,-4.3701115263888393e-05,0.3767258382642998,0.4358974358974359,0.1873767258382643,308.74,True,True,True,12.0,False,311.07,right_only,False
2026-09-09,HON,205.0,202.5,2.5,1.15,0.8826,0.2869,-0.0007063376198435112,0.06303487479238479,-0.00015559497910227235,0.45956607495069035,0.25443786982248523,0.2859960552268245,202.36,True,False,False,True,False,,False,,,,,,,,,,,,,,,,,,,,left_only,False
2026-09-09,IBM,,,,,,,,,,,,,,,,,,,,,240.0,237.5,2.5,1.61,1.317,0.4423,-0.0001778757188696,0.1125298433758137,-1.1945669847031357e-05,0.408284023668639,0.4674556213017751,0.1242603550295858,243.29,True,True,True,10.0,False,238.615,right_only,False
2026-09-09,INTC,107.0,106.0,1.0,0.55,0.5246,0.7285,-0.0016328322089514957,0.20580593597230323,-1.168994270381779e-05,0.3767258382642998,0.5739644970414202,0.04930966469428008,102.94,True,False,True,True,True,5.0,True,107.0,106.0,1.0,0.585,0.5798,0.7483,-0.0012070834249169,0.215003215814183,-6.930175632992802e-06,0.3530571992110454,0.6015779092702169,0.0453648915187376,102.94,True,True,True,7.0,False,105.725,both,False
2026-09-09,ISRG,355.0,352.5,2.5,3.3,1.3919,0.5373,-0.0004698360605013274,0.17407888576013963,-7.2029493073521196e-06,0.3609467455621302,0.49506903353057197,0.14398422090729784,369.15,True,False,True,True,True,4.0,True,355.0,352.5,2.5,1.35,1.4061,0.4587,-0.0013409485070684,0.1857872285444963,-1.5521699281851976e-05,0.3372781065088757,0.5621301775147929,0.1005917159763313,369.15,True,False,False,,False,352.17,both,False
2026-09-09,IWM,291.0,290.0,1.0,0.45,0.483,0.234,-0.0006390192939215167,0.18225936019362077,-8.050305195571736e-06,0.4477317554240631,0.47534516765285995,0.07692307692307693,288.89,True,False,True,False,False,,False,,,,,,,,,,,,,,,,,,,,left_only,False
2026-09-09,JNJ,267.5,265.0,2.5,1.015,0.9336,0.2466,-0.0013526793245873803,0.06544372233580775,-0.00028123574094399286,0.4437869822485207,0.35700197238658776,0.1992110453648915,265.58,True,False,False,True,False,,False,,,,,,,,,,,,,,,,,,,,left_only,False
2026-09-09,JPM,355.0,352.5,2.5,1.155,0.9918,0.2496,-0.0004007442506670511,0.10343559680260772,-3.347735103562592e-05,0.5187376725838264,0.35700197238658776,0.1242603550295858,356.23,True,False,False,True,False,,False,,,,,,,,,,,,,,,,,,,,left_only,False
2026-09-09,KO,,,,,,,,,,,,,,,,,,,,,88.0,87.0,1.0,0.395,0.3993,0.2124,-0.0005494942469315,0.0282793956518649,-0.0002787437242171,0.4003944773175542,0.26232741617357,0.3372781065088757,88.29,False,False,False,,False,87.83,right_only,False
2026-09-09,MA,570.0,567.5,2.5,1.325,1.2723,0.2039,-0.0010462707798650772,0.15295479135831136,-2.663090784447679e-05,0.39644970414201186,0.5108481262327417,0.09270216962524655,569.19,True,False,True,True,True,9.0,False,570.0,567.5,2.5,1.2,1.1017,0.237,-0.0003551063755952,0.1627314728085467,-7.1482105077763765e-06,0.4832347140039448,0.4003944773175542,0.1163708086785009,569.19,False,True,False,,False,569.75,both,False
2026-09-09,MDT,92.0,91.0,1.0,0.4,0.299,0.2313,-0.002126472802071122,0.08236625181998503,-0.00029454443687709433,0.4280078895463511,0.3214990138067061,0.2504930966469428,90.96,True,False,False,True,False,,False,,,,,,,,,,,,,,,,,,,,left_only,False
2026-09-09,MMM,165.0,162.5,2.5,1.045,0.8918,0.5518,-0.0013286866704328437,0.024794495342907785,-0.0007328040787179218,0.4161735700197239,0.2978303747534517,0.2859960552268245,164.97,True,False,False,True,False,,False,165.0,162.5,2.5,1.13,0.9307,0.2828,-0.0007049507177043,0.029296897908611,-0.0003489757189583,0.4358974358974359,0.2662721893491124,0.2978303747534517,164.97,False,True,False,,False,164.59,both,False
2026-09-09,MO,68.0,67.0,1.0,0.315,0.3706,0.2226,-7.163467791904132e-05,0.03699748378247092,-2.9477865934413383e-05,0.49506903353057197,0.24260355029585798,0.26232741617357,68.98,True,False,False,False,False,,False,68.0,67.0,1.0,0.39,0.3873,0.2568,0.0005379495250621,0.0396375239316502,0.0002077767449796,0.4950690335305719,0.2426035502958579,0.26232741617357,68.98,False,True,False,,False,67.9,both,False
2026-09-09,MRK,148.0,147.0,1.0,0.43,0.5083,0.2892,-0.0005772760339622929,0.1373338031428164,-2.137686519857824e-05,0.41222879684418146,0.47928994082840237,0.10848126232741617,143.93,True,False,True,False,False,,False,,,,,,,,,,,,,,,,,,,,left_only,False
2026-09-09,MSFT,492.5,490.0,2.5,1.2,1.2175,0.3038,-0.0006042393598549856,0.1665017927683392,-1.1110908618410075e-05,0.43984220907297833,0.4714003944773176,0.08875739644970414,495.63,True,False,True,False,False,,False,492.5,490.0,2.5,1.2,1.2083,0.3024,-0.0004418577808841,0.1644978233759352,-8.525317846938704e-06,0.4516765285996055,0.4595660749506903,0.0887573964497041,495.63,True,False,False,,False,491.795,both,False
2026-09-09,NEE,83.0,82.0,1.0,0.305,0.3935,0.1596,-0.0008695557984348401,0.026576856680232686,-0.0004594995417073598,0.4161735700197239,0.3057199211045365,0.2781065088757396,82.31,True,False,False,False,False,,False,,,,,,,,,,,,,,,,,,,,left_only,False
2026-09-09,NOW,132.0,131.0,1.0,0.585,0.5382,0.6564,0.003712971110256591,0.2161875646910466,2.0719724497714452e-05,0.4714003944773176,0.45956607495069035,0.06903353057199212,132.53,True,False,True,True,True,1.0,True,133.0,132.0,1.0,0.48,0.5683,0.6603,-0.0006035278103666,0.2260976048981383,-2.6550131396997804e-06,0.3767258382642998,0.5502958579881657,0.0729783037475345,132.53,True,False,False,,False,131.675,both,False
2026-09-09,NVDA,225.0,222.5,2.5,1.265,1.2866,0.387,0.00017239718435302365,0.0779037304969783,2.657873590717817e-05,0.4240631163708087,0.4319526627218935,0.14398422090729784,218.29,True,True,True,False,False,,False,,,,,,,,,,,,,,,,,,,,left_only,False
2026-09-09,ORCL,167.5,165.0,2.5,1.425,1.5836,2.0157,-0.003573551220083404,0.2903411697769167,-3.363987563687192e-06,0.21104536489151873,0.7159763313609467,0.07297830374753451,150.28,True,False,True,False,False,,False,,,,,,,,,,,,,,,,,,,,left_only,False
2026-09-09,PEP,137.0,136.0,1.0,0.26,0.4292,0.1767,-0.0010305786700469666,0.07717985200862731,-0.0001616703346933639,0.4319526627218935,0.40433925049309666,0.16370808678500987,136.32,True,False,False,False,False,,False,,,,,,,,,,,,,,,,,,,,left_only,False
2026-09-09,PG,143.0,142.0,1.0,0.585,0.4841,0.259,-0.0008432658339930788,0.0762657872248893,-0.00013522003732707036,0.3806706114398422,0.4319526627218935,0.1873767258382643,145.27,True,False,True,True,True,14.0,False,143.0,142.0,1.0,0.34,0.4893,0.232,-0.0007504185637188,0.0744460970579916,-0.000125703355082,0.3806706114398422,0.4319526627218935,0.1873767258382643,145.27,True,False,False,,False,142.58,both,False
2026-09-09,PNC,,,,,,,,,,,,,,,,,,,,,242.5,240.0,2.5,1.1,1.2102,0.2671,-3.80810920247443e-05,0.0401946662396406,-1.4513015926469992e-05,0.3925049309664694,0.3609467455621302,0.2465483234714004,244.24,True,False,False,,False,241.385,right_only,False
2026-09-09,PYPL,53.0,52.0,1.0,0.67,0.5557,0.9141,-0.0012217737005982832,0.15307960556615652,-3.100499750304755e-05,0.2859960552268245,0.47534516765285995,0.23865877712031558,53.72,True,False,True,True,True,10.0,False,53.0,52.0,1.0,0.655,0.5421,0.6503,0.0005140380834702,0.0800363821451881,7.529578699059981e-05,0.3293885601577909,0.3609467455621302,0.3096646942800789,53.72,True,True,True,2.0,True,52.47,both,True
2026-09-09,QCOM,177.5,175.0,2.5,1.37,1.28,0.6344,-0.00021107289685584618,0.11174798601389968,-1.4443606966644331e-05,0.3767258382642998,0.41222879684418146,0.21104536489151873,181.97,True,False,True,True,True,8.0,False,177.5,175.0,2.5,1.305,1.3639,0.5765,-0.0003980361863596,0.1082874794320422,-2.959612425080512e-05,0.3570019723865877,0.4635108481262327,0.1794871794871795,181.97,True,False,False,,False,175.84,both,False
2026-09-09,QQQ,718.0,717.0,1.0,0.49,0.5346,0.2111,0.0011285254615820417,0.2816663285474239,1.308230254624727e-06,0.46745562130177515,0.48717948717948717,0.045364891518737675,714.88,True,False,True,False,False,,False,,,,,,,,,,,,,,,,,,,,left_only,False
2026-09-09,REGN,812.5,810.0,2.5,0.9,1.4104,0.2844,-0.00042068672543227326,0.25360393444346985,-9.56374228551004e-07,0.40039447731755423,0.5542406311637081,0.045364891518737675,781.49,True,False,True,False,False,,False,,,,,,,,,,,,,,,,,,,,left_only,False
2026-09-09,SBUX,,,,,,,,,,,,,,,,,,,,,101.0,100.0,1.0,0.385,0.4492,0.3071,-0.000814351011356,0.0700963806567902,-0.0001514231681179,0.4358974358974359,0.4201183431952662,0.1439842209072978,98.74,False,False,False,,False,100.73,right_only,False
2026-09-09,SCHW,107.0,106.0,1.0,0.455,0.4467,0.2494,-0.0003177016041876479,0.04237390255513751,-0.00011490881827723134,0.4280078895463511,0.3530571992110454,0.21893491124260356,107.25,True,False,False,True,False,,False,107.0,106.0,1.0,0.515,0.4174,0.2817,0.0012238430881066,0.0753075610389297,0.0002008121299134,0.514792899408284,0.3057199211045365,0.1794871794871795,107.25,False,True,False,,False,106.905,both,False
2026-09-09,SPY,763.0,762.0,1.0,0.435,0.4732,0.166,-0.00010218981011178574,0.24777298578819384,-2.672101927621995e-07,0.4990138067061144,0.4516765285996055,0.04930966469428008,764.29,True,False,True,False,False,,False,,,,,,,,,,,,,,,,,,,,left_only,False
2026-09-09,TMO,607.5,605.0,2.5,1.575,1.0708,0.3361,-0.002048390719932791,0.2165932835875326,-1.1319998531845224e-05,0.4240631163708087,0.5108481262327417,0.0650887573964497,609.82,True,False,False,True,False,,False,610.0,607.5,2.5,1.05,1.2805,0.3556,-0.0006220571038224,0.2163524856773159,-3.457591467648301e-06,0.4319526627218935,0.5108481262327417,0.0571992110453648,609.82,True,False,False,,False,608.319,both,False
2026-09-09,TSLA,370.0,367.5,2.5,1.35,1.3465,0.4847,3.744439375341635e-05,0.19487972197851477,3.4845146449039427e-07,0.4319526627218935,0.49506903353057197,0.07297830374753451,365.44,True,False,True,True,True,3.0,True,370.0,367.5,2.5,1.25,1.2655,0.4916,0.0002936783438394,0.1919656243177482,2.930901679731932e-06,0.4635108481262327,0.4516765285996055,0.0848126232741617,365.44,True,False,False,,False,368.9,both,False
2026-09-09,TXN,262.5,260.0,2.5,1.245,1.3064,0.4776,8.935838699652976e-05,0.11725271870006637,5.357995092359672e-06,0.4319526627218935,0.45956607495069035,0.10848126232741617,268.7,True,False,True,False,False,,False,262.5,260.0,2.5,1.205,1.3533,0.4362,-0.0007932014091917,0.129856359792656,-3.5146482362418914e-05,0.3767258382642998,0.5187376725838264,0.1045364891518737,268.7,True,False,False,,False,260.46,both,False
2026-09-09,UNH,395.0,392.5,2.5,1.275,1.4149,0.3728,0.0004992219564654565,0.16715097617206653,9.03790474245385e-06,0.41222879684418146,0.5029585798816568,0.08481262327416174,379.09,True,False,True,False,False,,False,395.0,392.5,2.5,1.3,1.2859,0.3511,-0.000466143463746,0.1544660263946802,-1.1442206181470936e-05,0.4280078895463511,0.4950690335305719,0.0769230769230769,379.09,True,True,True,9.0,False,393.38,both,False
2026-09-09,UPS,,,,,,,,,,,,,,,,,,,,,100.0,99.0,1.0,0.57,0.4914,0.26,-0.0001707309094798,0.0411727653998466,-6.355732907492032e-05,0.4201183431952662,0.4161735700197239,0.1637080867850098,100.28,True,True,True,13.0,False,99.495,right_only,False
2026-09-09,V,367.5,365.0,2.5,0.955,0.9692,0.2133,-0.000895058948517824,0.09881812045776905,-8.353407975639557e-05,0.4714003944773176,0.3530571992110454,0.1755424063116371,370.45,True,False,False,False,False,,False,370.0,367.5,2.5,1.145,1.1884,0.2228,-0.0006956094865421,0.0768333909611436,-0.0001100337390331,0.408284023668639,0.4280078895463511,0.1637080867850098,370.45,True,False,False,,False,368.84,both,False
2026-09-09,VZ,50.0,49.5,0.5,0.33,0.2215,0.3945,-0.0012306069815050114,0.06380745522844689,-0.0002661031144730684,0.36489151873767256,0.38461538461538464,0.2504930966469428,50.61,True,False,False,True,False,,False,,,,,,,,,,,,,,,,,,,,left_only,False
2026-09-09,WMT,106.0,105.0,1.0,0.44,0.4365,0.2455,-3.7745889217455364e-05,0.05343006414210438,-1.047042938948053e-05,0.4635108481262327,0.33727810650887574,0.1992110453648915,107.15,True,False,False,True,False,,False,,,,,,,,,,,,,,,,,,,,left_only,False
2026-09-09,XOM,165.0,162.5,2.5,1.13,1.0359,0.32,-0.0002439389739612441,0.020206917688264436,-0.0001501976454001515,0.4635108481262327,0.3175542406311637,0.21893491124260356,165.99,True,False,False,True,False,,False,165.0,162.5,2.5,1.035,1.0577,0.3231,9.524252779180564e-05,0.0310856738231735,4.516716527065544e-05,0.4635108481262327,0.2978303747534517,0.2386587771203155,165.99,False,False,False,,False,164.52,both,False
2026-09-10,AAPL,327.5,325.0,2.5,1.15,1.1813,0.3152,-0.00017942190841735428,0.060307229682033725,-4.219773515537714e-05,0.3806706114398422,0.34122287968441817,0.2781065088757396,332.27,True,False,True,False,False,,False,,,,,,,,,,,,,,,,,,,,left_only,False
2026-09-10,ADI,362.5,360.0,2.5,1.15,1.2072,0.4182,-0.0007513275381959561,0.1202341224844552,-4.1939275604466365e-05,0.39644970414201186,0.4358974358974359,0.16765285996055226,378.78,True,False,True,False,False,,False,362.5,360.0,2.5,1.275,1.222,0.4715,-0.0001045713563078,0.1335234022899883,-4.243158914698636e-06,0.4240631163708087,0.408284023668639,0.1676528599605522,378.78,True,True,True,5.0,True,361.537095,both,True
2026-09-10,ADP,267.5,265.0,2.5,1.35,1.2932,0.6141,0.03286802167678138,0.0863612540895502,0.004136417609110224,0.4714003944773176,0.2781065088757396,0.2504930966469428,268.26,True,True,True,True,False,,False,,,,,,,,,,,,,,,,,,,,left_only,False
2026-09-10,AMZN,252.5,250.0,2.5,1.055,1.1043,0.3429,-0.0005810185980088534,0.04462055506466034,-0.00019911637347453612,0.4240631163708087,0.368836291913215,0.20710059171597633,256.78,True,False,False,False,False,,False,252.5,250.0,2.5,1.125,1.1908,0.3445,-0.0003751650069977,0.034338568184008,-0.0001645542513762,0.4003944773175542,0.388560157790927,0.2110453648915187,256.78,True,False,False,,False,251.5308,both,False
2026-09-10,AVGO,362.5,360.0,2.5,1.315,1.3111,0.4329,-0.0006058165113306258,0.1203248404227587,-3.37432697794552e-05,0.3767258382642998,0.4714003944773176,0.15187376725838264,361.99,True,False,True,True,True,9.0,False,362.5,360.0,2.5,0.91,1.161,0.428,-0.0003706892086364,0.1211592186959973,-2.0237609915267823e-05,0.4477317554240631,0.4122287968441814,0.1400394477317554,361.99,True,False,False,,False,362.11,both,False
2026-09-10,BA,205.0,202.5,2.5,0.95,0.8314,0.3022,-0.0011387774166914388,0.04113498025571527,-0.0004243128336005194,0.4477317554240631,0.26232741617357,0.28994082840236685,210.45,True,False,False,True,False,,False,,,,,,,,,,,,,,,,,,,,left_only,False
2026-09-10,BMY,,,,,,,,,,,,,,,,,,,,,64.0,63.0,1.0,0.375,0.3406,0.3321,-0.0003093055502031,0.0516045564051086,-8.964166922666942e-05,0.4516765285996055,0.1715976331360946,0.3767258382642998,63.64,False,True,False,,False,63.9299,right_only,False
2026-09-10,CL,88.0,87.0,1.0,0.25,0.1749,0.2569,-0.0024459304928508008,0.055433901841041466,-0.000646625469886494,0.47534516765285995,0.22682445759368836,0.2978303747534517,86.8,True,False,False,True,False,,False,88.0,87.0,1.0,0.225,0.3308,0.2445,-0.0004534283754373,0.0594862858890743,-0.0001087624839638,0.4950690335305719,0.2149901380670611,0.2899408284023668,86.8,False,False,False,,False,87.97,both,False
2026-09-10,CME,275.0,272.5,2.5,1.125,1.0827,0.2902,-0.00016639499877768582,0.023882059653598686,-9.38028313783159e-05,0.4477317554240631,0.32938856015779094,0.22287968441814596,275.54,True,False,False,True,False,,False,275.0,272.5,2.5,0.85,1.0566,0.3361,0.0019947673023223,0.0525796381840619,0.0005647433418148,0.4911242603550296,0.282051282051282,0.2268244575936883,275.54,False,False,False,,False,274.52,both,False
2026-09-10,CSCO,,,,,,,,,,,,,,,,,,,,,108.0,107.0,1.0,0.4,0.3972,0.3269,0.0003723821373227,0.056921882493975,9.49922584256903e-05,0.4990138067061144,0.2702169625246548,0.2307692307692307,112.13,False,True,False,,False,107.94,right_only,False
2026-09-10,DE,680.0,677.5,2.5,1.5,1.3604,0.4417,-0.0006634329336222544,0.19538884211413776,-6.098821514855663e-06,0.3767258382642998,0.5108481262327417,0.11242603550295859,675.74,True,False,True,True,True,7.0,False,,,,,,,,,,,,,,,,,,,,left_only,False
2026-09-10,DIS,106.0,105.0,1.0,0.535,0.4786,0.3605,0.0031999511870919317,0.03679836817082616,0.0013230963634507677,0.4161735700197239,0.3057199211045365,0.2781065088757396,106.55,True,False,True,True,True,1.0,True,,,,,,,,,,,,,,,,,,,,left_only,False
2026-09-10,EMR,149.0,148.0,1.0,0.925,0.5403,0.54,0.00203858402949586,0.12315027647445242,0.00010610234076603863,0.40039447731755423,0.40828402366863903,0.1913214990138067,152.19,True,False,True,True,True,3.0,True,148.0,147.0,1.0,0.55,0.5225,0.3964,0.0012217429760725,0.1108067278076365,8.551333422916486e-05,0.4122287968441814,0.4043392504930966,0.1834319526627219,152.19,True,True,True,2.0,True,147.36,both,True
2026-09-10,EOG,148.0,146.0,2.0,0.8,0.8173,0.3797,-0.00010026758416736836,0.018365255112662293,-6.452652188282253e-05,0.4240631163708087,0.2504930966469428,0.3254437869822485,147.36,True,False,False,False,False,,False,148.0,147.0,1.0,0.55,0.5055,0.4194,0.0009716862910493,0.119312898580951,5.545231379897954e-05,0.4516765285996055,0.4201183431952662,0.1282051282051282,147.36,True,True,True,3.0,True,147.58,both,True
2026-09-10,FCX,,,,,,,,,,,,,,,,,,,,,72.0,71.0,1.0,0.495,0.513,0.6155,0.0010272936470083,0.0652511343358053,0.0002145742585106,0.4122287968441814,0.3925049309664694,0.1952662721893491,71.07,True,False,False,,False,71.5,right_only,False
2026-09-10,GE,325.0,322.5,2.5,1.82,1.204,0.4409,-1.275600390071574e-05,0.05901704106620698,-3.0943970388974776e-06,0.4319526627218935,0.39250493096646943,0.1755424063116371,323.66,True,False,True,True,True,4.0,True,,,,,,,,,,,,,,,,,,,,left_only,False
2026-09-10,GILD,,,,,,,,,,,,,,,,,,,,,145.0,144.0,1.0,0.745,0.4548,0.3332,-0.0006096523149866,0.082501956476132,-8.417027781088812e-05,0.4161735700197239,0.388560157790927,0.1952662721893491,143.72,True,True,True,11.0,False,144.75,right_only,False
2026-09-10,GM,,,,,,,,,,,,,,,,,,,,,86.0,85.0,1.0,0.375,0.4275,0.4724,-0.0002239993689807,0.0650937134845059,-4.6964599283474895e-05,0.4043392504930966,0.282051282051282,0.3136094674556213,85.62,False,False,False,,False,85.835,right_only,False
2026-09-10,GS,1022.5,1020.0,2.5,0.95,1.3862,0.4039,0.00022031649641895967,0.2515278871332727,5.264472414602349e-07,0.4319526627218935,0.514792899408284,0.05325443786982249,1029.18,True,False,True,False,False,,False,,,,,,,,,,,,,,,,,,,,left_only,False
2026-09-10,HD,307.5,305.0,2.5,1.515,1.5322,0.4659,0.0010641505629747083,0.09597838974791872,0.00010631972336535452,0.3333333333333333,0.47534516765285995,0.1913214990138067,308.74,True,False,True,False,False,,False,305.0,302.5,2.5,0.985,1.0367,0.3995,-0.0001711389328459,0.096705460757037,-1.6802784911950807e-05,0.4674556213017751,0.3136094674556213,0.2189349112426035,308.74,False,False,False,,False,304.97,both,False
2026-09-10,HON,,,,,,,,,,,,,,,,,,,,,202.5,200.0,2.5,1.025,1.0107,0.2842,-0.0002049035531305,0.0179822080382496,-0.0001330821228863,0.408284023668639,0.2386587771203155,0.3530571992110454,202.36,False,True,False,,False,201.905,right_only,False
2026-09-10,IBM,235.0,232.5,2.5,1.155,1.1839,0.4406,-0.00016328999247527953,0.057540381217237035,-4.104046642044759e-05,0.4161735700197239,0.3767258382642998,0.20710059171597633,243.29,True,False,True,False,False,,False,,,,,,,,,,,,,,,,,,,,left_only,False
2026-09-10,INTC,101.0,100.0,1.0,0.52,0.5195,0.7437,-0.0014019872737541794,0.15252938069686628,-3.605122535633915e-05,0.3727810650887574,0.5384615384615384,0.08875739644970414,102.94,True,False,True,True,True,10.0,False,102.0,101.0,1.0,0.525,0.5485,0.7284,-0.0010050777281861,0.1459343063067036,-3.0277256121995345e-05,0.3648915187376725,0.5384615384615384,0.0966469428007889,102.94,True,False,False,,False,101.105,both,False
2026-09-10,ISRG,362.5,360.0,2.5,1.1,1.2667,0.5019,-0.0015286502932668755,0.14209930083646316,-5.048908850437253e-05,0.3333333333333333,0.4911242603550296,0.1755424063116371,369.15,True,False,True,False,False,,False,,,,,,,,,,,,,,,,,,,,left_only,False
2026-09-10,IWM,288.0,287.5,0.5,0.23,0.2415,0.3848,-6.841745275254496e-05,0.27029403357407167,-1.0420148935870175e-07,0.49506903353057197,0.4635108481262327,0.04142011834319527,288.89,True,False,True,False,False,,False,,,,,,,,,,,,,,,,,,,,left_only,False
2026-09-10,JNJ,,,,,,,,,,,,,,,,,,,,,267.5,265.0,2.5,0.985,1.1934,0.2633,7.724449432688907e-05,0.0117670618808123,5.823963619686392e-05,0.3491124260355029,0.2938856015779093,0.3570019723865877,265.58,True,False,False,,False,266.44,right_only,False
2026-09-10,KO,88.0,87.0,1.0,0.365,0.3502,0.2125,-0.00043928730631970225,0.034629775048057754,-0.00019133753247953147,0.42011834319526625,0.1755424063116371,0.40433925049309666,88.29,True,False,False,True,False,,False,,,,,,,,,,,,,,,,,,,,left_only,False
2026-09-10,LOW,197.5,195.0,2.5,1.9,1.2708,0.53,0.0013292765941912421,0.032180532192641165,0.0006140383506112761,0.368836291913215,0.33727810650887574,0.2938856015779093,196.82,True,False,True,True,True,2.0,True,,,,,,,,,,,,,,,,,,,,left_only,False
2026-09-10,MA,,,,,,,,,,,,,,,,,,,,,565.0,562.5,2.5,1.2,1.1381,0.2585,-0.0008213598747724,0.1138850383212868,-5.3395177388774215e-05,0.4280078895463511,0.4240631163708087,0.1479289940828402,569.19,True,True,True,9.0,False,564.06,right_only,False
2026-09-10,MDT,92.0,91.0,1.0,0.705,0.4548,0.3993,-0.00024008208944525933,0.02921838122727949,-0.00011907335773767481,0.34516765285996054,0.2781065088757396,0.3767258382642998,90.96,True,False,True,True,True,11.0,False,92.0,91.0,1.0,0.58,0.481,0.3455,0.0006808599255732,0.0222660877255551,0.0003990036202908,0.3451676528599605,0.2781065088757396,0.3767258382642998,90.96,True,True,True,1.0,True,91.62,both,True
2026-09-10,MO,69.0,68.0,1.0,0.375,0.3599,0.27,-0.00011011887850154167,0.04475428337303744,-3.7617060904334096e-05,0.4437869822485207,0.1755424063116371,0.3806706114398422,68.98,True,False,False,True,False,,False,,,,,,,,,,,,,,,,,,,,left_only,False
2026-09-10,MRK,145.0,144.0,1.0,0.455,0.4201,0.3282,-0.0014747730486033284,0.08013943359243525,-0.00021548967258657237,0.38461538461538464,0.39250493096646943,0.22287968441814596,143.93,True,False,False,True,False,,False,145.0,144.0,1.0,0.44,0.4719,0.3235,-0.0006044714394968,0.0818822974146626,-8.470539410820317e-05,0.388560157790927,0.3925049309664694,0.2189349112426035,143.93,True,False,False,,False,144.75,both,False
2026-09-10,MSFT,,,,,,,,,,,,,,,,,,,,,492.5,490.0,2.5,1.375,1.3662,0.3394,-0.0005256093745521,0.1387859599189715,-1.879696207196826e-05,0.3648915187376725,0.4871794871794871,0.1479289940828402,495.63,True,True,True,7.0,False,490.27,right_only,False
2026-09-10,NOW,132.0,131.0,1.0,0.525,0.5294,0.7242,0.0017863983627908198,0.1888476251876543,1.9213511961934005e-05,0.4477317554240631,0.4437869822485207,0.10848126232741617,132.53,True,False,True,False,False,,False,132.0,131.0,1.0,0.545,0.5448,0.7331,-0.0005476536567502,0.1886835577653741,-5.913498905032625e-06,0.368836291913215,0.4911242603550296,0.1400394477317554,132.53,True,True,True,6.0,True,131.055,both,True
2026-09-10,ORCL,157.5,155.0,2.5,1.625,1.5013,3.0222,-0.004190536207549389,0.27771264338932444,-5.3413612517612035e-06,0.17159763313609466,0.6725838264299803,0.15581854043392504,150.28,True,False,True,True,True,6.0,True,,,,,,,,,,,,,,,,,,,,left_only,False
2026-09-10,PEP,137.0,136.0,1.0,0.365,0.4373,0.193,-0.0006525757929185527,0.043776006278004376,-0.00022821841695791817,0.39644970414201186,0.34122287968441817,0.26232741617357,136.32,True,False,False,False,False,,False,137.0,136.0,1.0,0.455,0.4068,0.2218,-9.931747702107696e-05,0.0500845288815792,-2.9853224714284077e-05,0.4477317554240631,0.2702169625246548,0.282051282051282,136.32,False,True,False,,False,136.95,both,False
2026-09-10,PG,143.0,142.0,1.0,0.31,0.336,0.1815,-0.0010361687367084205,0.05627498790259766,-0.00026845560966947866,0.4990138067061144,0.3057199211045365,0.1952662721893491,145.27,True,False,False,False,False,,False,,,,,,,,,,,,,,,,,,,,left_only,False
2026-09-10,PM,190.0,187.5,2.5,0.775,0.8241,0.3023,-0.00041116743882263496,0.03883568233566215,-0.0001618943803094889,0.5029585798816568,0.21499013806706113,0.28205128205128205,191.06,True,False,False,False,False,,False,190.0,187.5,2.5,1.15,1.0239,0.3822,0.0014630888495816,0.0318624163392302,0.0006810305312579,0.4635108481262327,0.2386587771203155,0.2978303747534517,191.06,False,True,False,,False,189.57,both,False
2026-09-10,PNC,,,,,,,,,,,,,,,,,,,,,242.5,240.0,2.5,1.125,1.0782,0.2911,0.0014406442552936,0.0221720741919499,0.0008461662991766,0.4398422090729783,0.2583826429980276,0.301775147928994,244.24,False,True,False,,False,241.875,right_only,False
2026-09-10,QCOM,177.5,175.0,2.5,1.18,1.0746,0.645,-0.0005329650540192299,0.07848909827580308,-8.10217387832625e-05,0.42011834319526625,0.33727810650887574,0.24260355029585798,181.97,True,False,False,True,False,,False,180.0,177.5,2.5,0.82,1.3077,0.6487,7.319206279476909e-05,0.0720348107301886,1.2990931352938373e-05,0.3570019723865877,0.3806706114398422,0.26232741617357,181.97,True,False,False,,False,178.765,both,False
2026-09-10,QQQ,710.0,709.0,1.0,0.47,0.5107,0.2625,-0.000607971182380429,0.266979266906588,-1.0026285262174718e-06,0.4358974358974359,0.5108481262327417,0.05325443786982249,714.88,True,False,True,False,False,,False,,,,,,,,,,,,,,,,,,,,left_only,False
2026-09-10,RTX,,,,,,,,,,,,,,,,,,,,,197.5,195.0,2.5,0.915,0.9901,0.292,-0.0001094343096914,0.0238132776127184,-6.179397050370169e-05,0.4240631163708087,0.2268244575936883,0.3491124260355029,197.68,False,False,False,,False,197.015,right_only,False
2026-09-10,SO,,,,,,,,,,,,,,,,,,,,,88.0,87.0,1.0,0.275,0.3548,0.2384,0.000602537799786,0.0501616069066304,0.0001807783754281,0.4674556213017751,0.1518737672583826,0.3806706114398422,87.17,False,False,False,,False,87.91,right_only,False
2026-09-10,SPY,759.0,758.0,1.0,0.405,0.5054,0.368,-0.0007834608530286058,0.2378230640335628,-2.60118616816369e-06,0.42011834319526625,0.5029585798816568,0.07692307692307693,764.29,True,False,True,False,False,,False,,,,,,,,,,,,,,,,,,,,left_only,False
2026-09-10,TJX,127.0,126.0,1.0,0.475,0.5318,0.4146,-3.124504559970376e-05,0.06062662555160703,-7.292320510489481e-06,0.3254437869822485,0.368836291913215,0.3057199211045365,126.02,True,False,True,False,False,,False,,,,,,,,,,,,,,,,,,,,left_only,False
2026-09-10,TMO,605.0,602.5,2.5,2.675,0.9902,0.4063,-0.002763567156980895,0.19445343929770675,-2.598176716807827e-05,0.388560157790927,0.5108481262327417,0.10059171597633136,609.82,True,False,False,True,False,,False,605.0,602.5,2.5,0.95,1.2461,0.4189,-0.0012550342816906,0.1921045172258954,-1.248352473631205e-05,0.3925049309664694,0.5108481262327417,0.0966469428007889,609.82,True,False,False,,False,603.258136,both,False
2026-09-10,TSLA,365.0,362.5,2.5,1.3,1.2645,0.5405,-0.00010140384959389515,0.1400898990135936,-3.5146975588069346e-06,0.4319526627218935,0.4477317554240631,0.1203155818540434,365.44,True,False,True,True,True,5.0,True,365.0,362.5,2.5,1.275,1.2508,0.4975,0.0001505577194078,0.1419851046697438,4.9863491875399e-06,0.4516765285996055,0.4358974358974359,0.1124260355029585,365.44,True,True,True,4.0,True,363.9257,both,True
2026-09-10,TXN,260.0,257.5,2.5,1.19,1.0974,0.4469,-0.0016818354046418404,0.11166712711770499,-0.00011531066582556053,0.36489151873767256,0.4280078895463511,0.20710059171597633,268.7,True,False,False,True,False,,False,260.0,257.5,2.5,1.14,1.2353,0.488,-0.0007394385282363,0.0883134977401827,-8.879827346204289e-05,0.3648915187376725,0.4240631163708087,0.2110453648915187,268.7,True,False,False,,False,258.7,both,False
2026-09-10,UNH,390.0,387.5,2.5,1.375,1.3174,0.3882,-0.000289847221130346,0.0981124818832173,-2.7512883758634064e-05,0.41222879684418146,0.4832347140039448,0.10453648915187377,379.09,True,False,True,True,True,8.0,False,390.0,387.5,2.5,1.29,1.1542,0.326,-0.0004573410006365,0.0912670415260594,-5.1163187949593055e-05,0.4635108481262327,0.4319526627218935,0.1045364891518737,379.09,True,True,True,8.0,False,389.375,both,False
2026-09-10,UPS,100.0,99.0,1.0,0.33,0.3451,0.5458,-0.00042805852967287006,0.061225077247440085,-9.848045320497067e-05,0.5108481262327417,0.25443786982248523,0.23471400394477318,100.28,True,False,False,False,False,,False,100.0,99.0,1.0,0.3,0.3875,0.3075,9.640741009731002e-05,0.046128643254975,3.186459850372025e-05,0.4990138067061144,0.26232741617357,0.2386587771203155,100.28,False,False,False,,False,99.91,both,False
2026-09-10,V,367.5,365.0,2.5,0.995,1.0232,0.2332,-0.0002598894283533104,0.05659536568315526,-6.681766479350908e-05,0.4556213017751479,0.30177514792899407,0.24260355029585798,370.45,True,False,False,False,False,,False,367.5,365.0,2.5,1.235,1.1939,0.2418,-0.0001619733374617,0.0365755882338743,-6.733078897400354e-05,0.3925049309664694,0.3609467455621302,0.2465483234714004,370.45,True,True,True,10.0,False,366.42,both,False
2026-09-10,VZ,50.0,49.5,0.5,0.18,0.1669,0.2725,-0.0005580705905574579,0.04667663319125981,-0.0001820436082536487,0.4714003944773176,0.21104536489151873,0.3175542406311637,50.61,True,False,False,True,False,,False,50.0,49.5,0.5,0.2,0.2134,0.3076,-0.0001315079493108,0.0307559141571303,-6.286096363126496e-05,0.3964497041420118,0.26232741617357,0.3412228796844181,50.61,False,False,False,,False,49.885847,both,False
2026-09-10,WMT,106.0,105.0,1.0,0.425,0.4376,0.2352,-0.00015687670847175372,0.01489823367352261,-0.00010971681007445572,0.4319526627218935,0.3214990138067061,0.2465483234714004,107.15,True,False,False,False,False,,False,,,,,,,,,,,,,,,,,,,,left_only,False
2026-09-11,ADI,,,,,,,,,,,,,,,,,,,,,377.5,375.0,2.5,0.6,1.1921,0.613,0.0031132546748549,0.1793555569400127,4.205131299896859e-05,0.4792899408284023,0.3609467455621302,0.1597633136094674,378.78,True,False,False,,False,377.29,right_only,False
2026-09-11,NOW,,,,,,,,,,,,,,,,,,,,,133.0,132.0,1.0,0.255,0.3393,0.6659,-0.0017114879867036,0.2138383238184524,-1.0104679841129852e-05,0.4990138067061144,0.4003944773175542,0.1005917159763313,132.53,False,False,False,,False,132.99,right_only,False
2026-09-14,AAPL,335.0,332.5,2.5,1.25,1.2892,0.2697,-0.00024422291736569957,0.14694398193468428,-7.180908000626607e-06,0.4280078895463511,0.47534516765285995,0.09664694280078895,336.13,True,False,True,False,False,,False,335.0,332.5,2.5,1.09,1.1516,0.2749,-0.0002554884798109,0.1469705702076159,-7.507358214442467e-06,0.4674556213017751,0.4122287968441814,0.1203155818540434,336.13,True,False,False,,False,334.325,both,False
2026-09-14,ABBV,262.5,260.0,2.5,1.06,1.1626,0.2776,-0.0003218137635027096,0.11394813489580624,-2.088889684783395e-05,0.4437869822485207,0.40433925049309666,0.15187376725838264,263.96,True,False,True,False,False,,False,262.5,260.0,2.5,1.08,1.1551,0.2888,-0.0005952808661324,0.1170453887392199,-3.587153228443625e-05,0.4280078895463511,0.4122287968441814,0.1597633136094674,263.96,True,False,False,,False,261.78,both,False
2026-09-14,ACN,197.5,195.0,2.5,1.45,1.4153,0.529,0.003729174446347905,0.1657867408144631,6.975997216133522e-05,0.42011834319526625,0.4556213017751479,0.1242603550295858,181.29,True,False,True,True,True,4.0,True,195.0,192.5,2.5,1.05,1.2045,0.4976,0.0016932684418533,0.1524623767600357,4.361141321953298e-05,0.4832347140039448,0.3925049309664694,0.1242603550295858,181.29,True,False,False,,False,194.42,both,False
2026-09-14,ADI,362.5,360.0,2.5,0.6,1.2294,0.3714,-0.0015252064912416596,0.21103601684164752,-9.631323772597376e-06,0.39250493096646943,0.5266272189349113,0.08086785009861933,375.72,True,False,True,False,False,,False,365.0,362.5,2.5,0.85,1.2644,0.419,-0.000736694204058,0.2167284398426654,-4.058000359505399e-06,0.4280078895463511,0.5069033530571992,0.0650887573964497,375.72,True,False,False,,False,363.21,both,False
2026-09-14,ADP,277.5,275.0,2.5,1.65,1.1155,0.3572,-0.0005795632193340561,0.13852471601238847,-2.0856831937374047e-05,0.45956607495069035,0.41222879684418146,0.1282051282051282,271.22,True,False,False,True,False,,False,277.5,275.0,2.5,0.975,1.242,0.3106,-0.0002637970960963,0.1344849625164301,-1.0459818763421653e-05,0.4319526627218935,0.4477317554240631,0.1203155818540434,271.22,True,False,False,,False,276.5,both,False
2026-09-14,AMGN,382.5,380.0,2.5,0.705,1.2044,0.2412,-0.00012996092865480424,0.17759275119693874,-1.831266543519048e-06,0.4911242603550296,0.4635108481262327,0.045364891518737675,385.65,True,False,True,False,False,,False,382.5,380.0,2.5,1.1,1.3616,0.2903,0.0017489472683018,0.1757207367541873,2.577671700554232e-05,0.4635108481262327,0.4911242603550296,0.0453648915187376,385.65,True,False,False,,False,380.3,both,False
2026-09-14,AMZN,255.0,252.5,2.5,1.26,1.2295,0.3372,-0.0009019073260160271,0.13661594969786572,-3.3978534236885855e-05,0.40039447731755423,0.4714003944773176,0.1282051282051282,253.71,True,False,True,True,True,17.0,False,255.0,252.5,2.5,1.29,1.2755,0.3414,-0.0004683165420509,0.1364420566477461,-1.7717185126267753e-05,0.4043392504930966,0.4635108481262327,0.1321499013806706,253.71,True,True,True,11.0,False,253.59,both,False
2026-09-14,AVGO,347.5,345.0,2.5,0.975,1.3665,0.3694,-0.001102478008510377,0.20986610031800923,-7.160137985899101e-06,0.3727810650887574,0.5542406311637081,0.07297830374753451,357.61,True,False,True,False,False,,False,347.5,345.0,2.5,1.05,1.3059,0.3939,-0.0004325345122293,0.2022266291019383,-3.3744185290888512e-06,0.4358974358974359,0.514792899408284,0.04930966469428,357.61,True,False,False,,False,345.64,both,False
2026-09-14,AXP,330.0,327.5,2.5,1.275,1.3242,0.3353,-0.0003634539152207461,0.1469487782238541,-1.0685437475367842e-05,0.40828402366863903,0.4911242603550296,0.10059171597633136,311.56,True,False,True,False,False,,False,330.0,327.5,2.5,1.3,1.3892,0.2733,4.98201942704668e-05,0.1502132342267805,1.3543244753364185e-06,0.4043392504930966,0.4950690335305719,0.1005917159763313,311.56,True,False,False,,False,327.52,both,False
2026-09-14,CCI,75.0,72.5,2.5,1.2,1.274,0.5047,0.00169370851607753,0.008655950439567794,0.001375995821001332,0.3767258382642998,0.34122287968441817,0.28205128205128205,73.06,True,True,True,False,False,,False,,,,,,,,,,,,,,,,,,,,left_only,False
2026-09-14,CL,88.0,87.5,0.5,0.65,0.2037,0.3367,-0.001362222634215815,0.168412204998041,-2.392634168712207e-05,0.4714003944773176,0.4437869822485207,0.08481262327416174,87.47,True,False,False,True,False,,False,89.0,88.0,1.0,0.55,0.534,0.2593,-2.762632394526232e-05,0.0696636077618462,-5.190564707119676e-06,0.3925049309664694,0.4477317554240631,0.1597633136094674,87.47,True,True,True,7.0,False,88.42,both,False
2026-09-14,CME,282.5,280.0,2.5,1.3,1.3197,0.5256,0.0027213167982991227,0.11726878670354002,0.00016310925923012084,0.45956607495069035,0.43984220907297833,0.10059171597633136,276.01,True,False,True,False,False,,False,282.5,280.0,2.5,1.875,1.2671,0.255,-0.0001228025954004,0.1119717182171744,-8.3583155157282e-06,0.4319526627218935,0.4516765285996055,0.1163708086785009,276.01,True,True,True,9.0,False,280.66,both,False
2026-09-14,COST,,,,,,,,,,,,,,,,,,,,,922.5,920.0,2.5,1.375,1.3672,0.2092,0.0001118585925226,0.2489120294948698,2.846049498840086e-07,0.4398422090729783,0.514792899408284,0.0453648915187376,895.31,True,True,True,4.0,True,918.99,right_only,True
2026-09-14,CRM,262.5,260.0,2.5,1.45,1.3973,0.5568,0.003136135013235064,0.2134952904451357,1.866890793022383e-05,0.4358974358974359,0.46745562130177515,0.09664694280078895,237.92,True,False,True,True,True,7.0,False,,,,,,,,,,,,,,,,,,,,left_only,False
2026-09-14,CSCO,111.0,110.0,1.0,0.475,0.5092,0.4654,-0.0016880082921293393,0.15293876238530313,-4.298169340586456e-05,0.34911242603550297,0.5266272189349113,0.1242603550295858,109.51,True,False,True,False,False,,False,111.0,110.0,1.0,0.345,0.4915,0.3272,-0.000559676383297,0.1425393571998853,-1.8291091845332068e-05,0.4319526627218935,0.4674556213017751,0.1005917159763313,109.51,True,False,False,,False,110.59,both,False
2026-09-14,CVX,212.5,210.0,2.5,1.17,1.1594,0.3338,0.009042374775199313,0.1100686403888449,0.0006442132120524808,0.5384615384615384,0.34122287968441817,0.1203155818540434,209.51,True,False,True,True,True,1.0,True,212.5,210.0,2.5,1.26,1.1846,0.3053,0.0008958893649069,0.0965687745845005,8.824935073330588e-05,0.4595660749506903,0.368836291913215,0.1715976331360946,209.51,True,True,True,1.0,True,211.61,both,True
2026-09-14,DE,685.0,682.5,2.5,1.15,1.3348,0.3288,-0.0006710996807302028,0.2671834916918614,-1.101324868328179e-06,0.4161735700197239,0.5384615384615384,0.045364891518737675,683.99,True,False,True,False,False,,False,685.0,682.5,2.5,0.75,1.3951,0.3563,-0.0005957009951053,0.2772224672453586,-7.68280514878957e-07,0.3964497041420118,0.5542406311637081,0.04930966469428,683.99,True,False,False,,False,680.12,both,False
2026-09-14,DHR,205.0,202.5,2.5,1.175,1.376,0.5218,-0.00022477317173552613,0.10930465599298111,-1.631002622029758e-05,0.3806706114398422,0.4832347140039448,0.13609467455621302,211.81,True,False,True,False,False,,False,,,,,,,,,,,,,,,,,,,,left_only,False
2026-09-14,DIS,109.0,108.0,1.0,0.48,0.4988,0.27,-0.00030302296564610476,0.11229393041319136,-2.0465780897652377e-05,0.42011834319526625,0.4437869822485207,0.13609467455621302,102.67,True,False,True,False,False,,False,109.0,108.0,1.0,0.46,0.4619,0.2701,-0.0005987410392275,0.1110643523358596,-4.164930687230308e-05,0.4398422090729783,0.4240631163708087,0.136094674556213,102.67,True,False,False,,False,108.75,both,False
2026-09-14,EMR,149.0,148.0,1.0,0.725,0.5065,0.3688,-0.0005263761013539758,0.20890724764073054,-3.4981772091218203e-06,0.4240631163708087,0.4832347140039448,0.09270216962524655,149.92,True,False,True,True,True,13.0,False,149.0,148.0,1.0,0.525,0.4992,0.375,5.722769863214516e-05,0.2044407477827673,4.2335681391824505e-07,0.4635108481262327,0.4516765285996055,0.0848126232741617,149.92,True,True,True,3.0,True,148.46,both,True
2026-09-14,EOG,149.0,148.0,1.0,0.6,0.5512,0.4016,0.008666483709734552,0.20244648054047942,6.725577475283246e-05,0.47534516765285995,0.4437869822485207,0.08086785009861933,144.23,True,False,True,True,True,5.0,True,149.0,148.0,1.0,0.525,0.5333,0.3894,-0.0001021237798607,0.2116200978439041,-6.359109490559612e-07,0.4358974358974359,0.5029585798816568,0.0611439842209073,144.23,True,False,False,,False,148.07,both,False
2026-09-14,F,14.0,13.5,0.5,0.21,0.2038,0.3626,-0.0007149638051405782,0.010985324467916557,-0.0005492667088439081,0.34911242603550297,0.2465483234714004,0.40433925049309666,13.21,True,False,False,True,False,,False,14.0,13.5,0.5,0.19,0.2069,0.3597,-0.0004828409781968,0.0175949863476443,-0.0003165267288656,0.3648915187376725,0.2465483234714004,0.388560157790927,13.21,False,False,False,,False,13.865,both,False
2026-09-14,FCX,70.0,69.0,1.0,0.66,0.5138,0.5321,-0.0005230944584543318,0.14501696359439387,-1.61086264104468e-05,0.41222879684418146,0.4832347140039448,0.10453648915187377,71.54,True,False,True,True,True,15.0,False,70.0,69.0,1.0,0.585,0.5231,0.5102,0.0020847274316282,0.1407966219624409,7.104222867831496e-05,0.4556213017751479,0.4358974358974359,0.1084812623274161,71.54,True,True,True,2.0,True,69.38,both,True
2026-09-14,GE,320.0,317.5,2.5,1.5,1.4106,0.3589,-0.00033342890320553487,0.176496525803156,-4.823563834298547e-06,0.388560157790927,0.5305719921104537,0.08086785009861933,314.27,True,False,True,True,True,14.0,False,320.0,317.5,2.5,1.325,1.3228,0.3497,-7.403596203414686e-05,0.1785636464675464,-1.0192055317585466e-06,0.4280078895463511,0.4832347140039448,0.0887573964497041,314.27,True,True,True,5.0,True,317.68,both,True
2026-09-14,GILD,147.0,146.0,1.0,0.825,0.5764,0.4451,0.003236442999460021,0.18067232031653035,4.235533886532443e-05,0.4240631163708087,0.48717948717948717,0.08875739644970414,150.11,True,True,True,True,False,,False,,,,,,,,,,,,,,,,,,,,left_only,False
2026-09-14,GM,87.5,87.0,0.5,0.285,0.2796,0.3768,-0.00037426604006751685,0.22517153315864258,-1.6834581254561606e-06,0.39644970414201186,0.534516765285996,0.06903353057199212,82.2,True,False,True,True,True,10.0,False,87.5,87.0,0.5,0.27,0.2529,0.3557,-0.0014936564361371,0.2193376277074558,-7.728225776302459e-06,0.388560157790927,0.5424063116370809,0.0690335305719921,82.2,True,True,True,8.0,False,87.10499999999999,both,False
2026-09-14,GOOGL,350.0,347.5,2.5,1.15,1.2225,0.3263,-0.0004904582275454539,0.1777547838881972,-6.884174998368563e-06,0.4437869822485207,0.46745562130177515,0.08875739644970414,349.54,True,False,True,False,False,,False,,,,,,,,,,,,,,,,,,,,left_only,False
2026-09-14,HD,312.5,310.0,2.5,1.45,1.1533,0.2929,-0.001928321297033464,0.1464499504074651,-5.737486407679761e-05,0.39250493096646943,0.5187376725838264,0.08875739644970414,299.98,True,False,True,True,True,18.0,False,312.5,310.0,2.5,1.045,1.1404,0.295,-0.0010271522216594,0.1483285727698061,-2.9214339637160832e-05,0.4595660749506903,0.4792899408284023,0.0611439842209073,299.98,True,False,False,,False,312.13,both,False
2026-09-14,HON,202.5,200.0,2.5,1.65,1.2788,0.38,0.0011071512897216085,0.07964277102033868,0.00016371368604277707,0.4161735700197239,0.39250493096646943,0.1913214990138067,206.46,True,False,True,True,True,2.0,True,202.5,200.0,2.5,1.1,1.2713,0.3221,0.0002911748275049,0.0911646986383962,3.26541221768954e-05,0.4122287968441814,0.4043392504930966,0.1834319526627219,206.46,True,False,False,,False,201.215,both,False
2026-09-14,IBM,250.0,247.5,2.5,1.35,1.2093,0.3947,0.003921947833995576,0.1557463623209725,9.335701459268529e-05,0.48717948717948717,0.3727810650887574,0.14003944773175542,229.55,True,False,True,True,True,3.0,True,250.0,247.5,2.5,1.175,1.2133,0.393,0.0031192146380558,0.1545053132598349,7.649374802345528e-05,0.4832347140039448,0.3806706114398422,0.136094674556213,229.55,True,False,False,,False,249.42,both,False
2026-09-14,INTC,98.0,97.5,0.5,0.245,0.272,0.7013,-0.0016563029017985231,0.30318563443918145,-1.145553588294663e-06,0.3767258382642998,0.6094674556213018,0.013806706114398421,108.6,True,False,True,False,False,,False,99.0,98.0,1.0,0.53,0.5475,0.6907,-0.00131614243244,0.2338011759595775,-4.8125741839229935e-06,0.3767258382642998,0.5818540433925049,0.0414201183431952,108.6,True,False,False,,False,97.91,both,False
2026-09-14,ISRG,380.0,377.5,2.5,1.45,1.3305,0.3952,-0.000559979246837039,0.21652620980374082,-3.0995926156007157e-06,0.40433925049309666,0.5108481262327417,0.08481262327416174,393.33,True,False,True,True,True,11.0,False,380.0,377.5,2.5,1.0,1.3294,0.3819,-0.0014389054991325,0.214922727328692,-8.27709927271194e-06,0.3727810650887574,0.5621301775147929,0.0650887573964497,393.33,True,False,False,,False,377.14,both,False
2026-09-14,IWM,289.0,288.0,1.0,0.54,0.5513,0.2575,-0.00017944165125538536,0.22790744884948333,-7.55837645913926e-07,0.41222879684418146,0.5187376725838264,0.06903353057199212,284.1,True,True,True,False,False,,False,,,,,,,,,,,,,,,,,,,,left_only,False
2026-09-14,JNJ,267.5,265.0,2.5,1.15,1.1325,0.2306,-0.0007507831107131935,0.09686931668519927,-7.34241726426214e-05,0.4358974358974359,0.42011834319526625,0.14398422090729784,269.99,True,False,True,True,True,20.0,False,267.5,265.0,2.5,1.07,1.1123,0.2524,-0.0005658169889892,0.1034572931136716,-4.72425821547168e-05,0.4635108481262327,0.4122287968441814,0.1242603550295858,269.99,False,False,False,,False,267.17,both,False
2026-09-14,JPM,352.5,350.0,2.5,1.25,1.3137,0.2733,-0.0007281591896654005,0.1603295590146374,-1.5527463193854812e-05,0.39644970414201186,0.5069033530571992,0.09664694280078895,349.67,True,False,True,False,False,,False,350.0,347.5,2.5,1.2,1.1914,0.2926,-0.0004140348948715,0.1597390350341282,-8.955012367499394e-06,0.4595660749506903,0.4516765285996055,0.0887573964497041,349.67,True,True,True,10.0,False,349.08,both,False
2026-09-14,LOW,200.0,197.5,2.5,1.5,1.2582,0.36,-0.001494828594612474,0.10450436924938344,-0.0001217125314661528,0.34516765285996054,0.49506903353057197,0.15976331360946747,192.49,True,False,True,True,True,21.0,False,200.0,197.5,2.5,1.175,1.128,0.3186,-0.000854201741482,0.0926304105668736,-9.248417451240576e-05,0.4477317554240631,0.4398422090729783,0.1124260355029585,192.49,True,True,True,15.0,False,199.48,both,False
2026-09-14,MA,577.5,575.0,2.5,1.4,1.5397,0.2565,0.010764866180716037,0.2117953123348233,6.675007912850874e-05,0.4319526627218935,0.5108481262327417,0.05719921104536489,565.24,True,False,True,False,False,,False,575.0,572.5,2.5,1.4,1.2911,0.2511,-0.0005848951342291,0.2123319514560094,-3.580368537288616e-06,0.4319526627218935,0.514792899408284,0.0532544378698224,565.24,True,True,True,6.0,True,572.4,both,True
2026-09-14,MDT,94.0,93.0,1.0,0.935,0.4641,0.3118,-0.00030070341634680364,0.09289166751378652,-3.2353571959557536e-05,0.4319526627218935,0.388560157790927,0.1794871794871795,92.13,True,False,True,True,True,16.0,False,94.0,93.0,1.0,0.645,0.4755,0.2741,-0.0007679700421455,0.0904061909255928,-8.770703760849984e-05,0.4003944773175542,0.4280078895463511,0.1715976331360946,92.13,True,True,True,14.0,False,93.695,both,False
2026-09-14,MMM,162.5,160.0,2.5,0.995,1.0728,0.2948,-0.0008235518142948317,0.05427754083346903,-0.00022384760538935253,0.4319526627218935,0.3806706114398422,0.1873767258382643,165.89,True,False,False,False,False,,False,162.5,160.0,2.5,0.965,1.0455,0.2893,-0.0003854169629157,0.0587954177436917,-9.399445046828828e-05,0.4792899408284023,0.3570019723865877,0.1637080867850098,165.89,False,False,False,,False,162.24,both,False
2026-09-14,MO,71.0,70.0,1.0,0.665,0.6391,0.4894,0.05757775611680249,0.04700834799994946,0.018633032800517087,0.43984220907297833,0.368836291913215,0.1913214990138067,69.52,True,True,True,True,False,,False,,,,,,,,,,,,,,,,,,,,left_only,False
2026-09-14,MRK,146.0,145.0,1.0,0.565,0.6012,0.8168,6.625834639617523e-06,0.19347269512267584,6.377663771746595e-08,0.3806706114398422,0.5660749506903353,0.05325443786982249,146.87,True,True,True,False,False,,False,,,,,,,,,,,,,,,,,,,,left_only,False
2026-09-14,MS,207.5,205.0,2.5,1.025,1.1096,0.3494,-0.0010793952038882226,0.12387359877866722,-5.521252314791546e-05,0.42011834319526625,0.4240631163708087,0.15581854043392504,202.58,True,False,False,False,False,,False,207.5,205.0,2.5,1.11,1.1859,0.3756,-0.0005635201771956,0.1207788128931928,-3.104729323909773e-05,0.4201183431952662,0.4240631163708087,0.155818540433925,202.58,True,False,False,,False,206.42,both,False
2026-09-14,MSFT,507.5,505.0,2.5,1.3,1.2828,0.2639,-0.00044529811912163986,0.20655755547089383,-3.131031982788589e-06,0.4358974358974359,0.4990138067061144,0.0650887573964497,493.78,True,False,True,True,True,12.0,False,510.0,507.5,2.5,1.325,1.3472,0.2697,-0.0006009417526406,0.2081696386218413,-4.065052611648792e-06,0.4003944773175542,0.5226824457593688,0.0769230769230769,493.78,True,False,False,,False,507.095,both,False
2026-09-14,NEE,82.0,81.0,1.0,0.375,0.4463,0.225,-0.0005398146760899891,0.044065283609735495,-0.0001874775456291859,0.4319526627218935,0.3806706114398422,0.1873767258382643,80.47,True,False,False,False,False,,False,82.0,81.0,1.0,0.405,0.4232,0.2359,-0.0002332766848217,0.0592018017604747,-5.6338717314197896e-05,0.4753451676528599,0.3451676528599605,0.1794871794871795,80.47,False,False,False,,False,81.82,both,False
2026-09-14,NFLX,81.0,80.0,1.0,0.515,0.5337,0.3685,0.05190572507605817,0.11651708305372477,0.0031677422195484192,0.5739644970414202,0.3333333333333333,0.09270216962524655,71.79,True,False,True,False,False,,False,,,,,,,,,,,,,,,,,,,,left_only,False
2026-09-14,NOW,144.0,143.0,1.0,0.575,0.5683,0.6118,0.022436954806981158,0.27336462625299596,3.174431380575064e-05,0.5108481262327417,0.4358974358974359,0.05325443786982249,135.47,True,False,True,True,True,6.0,True,144.0,143.0,1.0,0.55,0.5597,0.6107,-0.0008610858138202,0.2647969466253586,-1.4964078180821564e-06,0.3727810650887574,0.5542406311637081,0.0729783037475345,135.47,True,False,False,,False,142.47,both,False
2026-09-14,NVDA,212.5,210.0,2.5,1.235,1.2465,0.3756,-0.0011349663437631996,0.12482240334054895,-5.674801037244904e-05,0.40433925049309666,0.5108481262327417,0.08481262327416174,222.27,True,False,True,False,False,,False,212.5,210.0,2.5,1.08,1.0991,0.3755,-0.0009723625319273,0.1261165805171702,-4.713099147521945e-05,0.4595660749506903,0.4437869822485207,0.0966469428007889,222.27,False,False,False,,False,212.13,both,False
2026-09-14,ORCL,146.0,145.0,1.0,0.55,0.5574,0.5928,-0.0005987856065020614,0.25872034227245844,-1.2039591292199682e-06,0.40039447731755423,0.5581854043392505,0.04142011834319527,147.61,True,False,True,False,False,,False,145.0,144.0,1.0,0.525,0.5743,0.5902,0.000580114177813,0.2603113955193417,1.1227167861946397e-06,0.4280078895463511,0.5384615384615384,0.0335305719921104,147.61,True,False,False,,False,143.585,both,False
2026-09-14,PEP,137.0,136.0,1.0,0.605,0.4802,0.2178,-0.0011421370111288631,0.11983458851187401,-6.43686191102327e-05,0.40039447731755423,0.47534516765285995,0.1242603550295858,129.75,True,False,True,True,True,19.0,False,137.0,136.0,1.0,0.515,0.5125,0.2188,-0.0004281823989787,0.1108827736885965,-2.991508003077672e-05,0.408284023668639,0.4674556213017751,0.1242603550295858,129.75,True,True,True,13.0,False,136.56,both,False
2026-09-14,PG,,,,,,,,,,,,,,,,,,,,,147.0,146.0,1.0,0.37,0.541,0.2006,-0.0004424459370733,0.1155586912281776,-2.7630208675445665e-05,0.4003944773175542,0.5108481262327417,0.0887573964497041,146.39,True,False,False,,False,146.2,right_only,False
2026-09-14,PM,195.0,192.5,2.5,1.4,1.1215,0.2914,0.003699039664029069,0.0807860671559113,0.0005321699551753622,0.5187376725838264,0.33727810650887574,0.14398422090729784,188.62,True,False,False,True,False,,False,195.0,192.5,2.5,1.0,1.1394,0.3053,-0.0002322479856994,0.0822465301534942,-3.2261964961316535e-05,0.4556213017751479,0.388560157790927,0.155818540433925,188.62,True,False,False,,False,194.24,both,False
2026-09-14,PNC,,,,,,,,,,,,,,,,,,,,,242.5,240.0,2.5,1.175,1.0923,0.2776,-0.0002410335708588,0.1042434311461921,-1.974882260138386e-05,0.4556213017751479,0.3530571992110454,0.1913214990138067,233.17,False,True,False,,False,242.2,right_only,False
2026-09-14,QCOM,182.5,180.0,2.5,1.35,1.363,0.6145,-0.0013989589898086852,0.16647304099041382,-2.5742174462012083e-05,0.3333333333333333,0.534516765285996,0.13214990138067062,177.72,True,False,True,False,False,,False,182.5,180.0,2.5,1.325,1.3509,0.5536,-0.0001115376803928,0.1597867890303707,-2.4096452507894464e-06,0.4161735700197239,0.4950690335305719,0.0887573964497041,177.72,True,False,False,,False,180.77,both,False
2026-09-14,QQQ,711.0,710.0,1.0,0.46,0.4656,0.2008,-0.001240027116135911,0.30496795090900375,-8.217309116539224e-07,0.45956607495069035,0.5187376725838264,0.021696252465483234,721.45,True,False,True,False,False,,False,,,,,,,,,,,,,,,,,,,,left_only,False
2026-09-14,SCHW,108.0,107.0,1.0,0.52,0.5116,0.3167,-1.5962775044009447e-06,0.13541562262571438,-6.18959466189874e-08,0.4240631163708087,0.43984220907297833,0.13609467455621302,105.25,True,False,True,True,True,8.0,False,108.0,107.0,1.0,0.515,0.5343,0.315,-9.6195616189787e-05,0.1364545577096528,-3.638146693494845e-06,0.3964497041420118,0.4595660749506903,0.1439842209072978,105.25,True,False,False,,False,107.2,both,False
2026-09-14,SO,,,,,,,,,,,,,,,,,,,,,87.0,86.0,1.0,0.375,0.4183,0.2211,-0.0001419041401818,0.0585336871691939,-3.482526985200812e-05,0.4358974358974359,0.2859960552268245,0.2781065088757396,85.52,False,False,False,,False,86.82,right_only,False
2026-09-14,SPY,763.0,762.0,1.0,0.52,0.5595,0.185,-0.0004373419651362287,0.3025886409003278,-3.0684517836099115e-07,0.40039447731755423,0.5463510848126233,0.05325443786982249,761.69,True,False,True,False,False,,False,,,,,,,,,,,,,,,,,,,,left_only,False
2026-09-14,TJX,,,,,,,,,,,,,,,,,,,,,127.0,126.0,1.0,0.4,0.5319,0.2489,-0.000916839749253,0.1231630135010741,-4.7704244516501e-05,0.3767258382642998,0.514792899408284,0.1084812623274161,127.24,True,False,False,,False,126.31,right_only,False
2026-09-14,TMO,615.0,612.5,2.5,0.2,1.2839,0.3517,-6.987007501924047e-05,0.2514254656326108,-1.6736575212550627e-07,0.45956607495069035,0.48717948717948717,0.05325443786982249,651.45,True,True,True,False,False,,False,,,,,,,,,,,,,,,,,,,,left_only,False
2026-09-14,TSLA,362.5,360.0,2.5,1.425,1.3981,0.441,-0.00042246208436780286,0.23162395653654255,-1.6276296349701903e-06,0.40828402366863903,0.5542406311637081,0.03747534516765286,364.27,True,False,True,True,True,9.0,False,362.5,360.0,2.5,1.35,1.3516,0.4467,-8.655439904525775e-05,0.2245065882875584,-3.955868138027565e-07,0.4280078895463511,0.5069033530571992,0.0650887573964497,364.27,True,False,False,,False,360.25,both,False
2026-09-14,TXN,265.0,262.5,2.5,1.175,1.2954,0.4309,-0.0018420167466831616,0.17753867275760937,-2.598938439551944e-05,0.33727810650887574,0.5424063116370809,0.1203155818540434,266.64,True,False,True,False,False,,False,267.5,265.0,2.5,1.35,1.3298,0.4349,-0.0016388508924727,0.1842484852609071,-1.968362267400438e-05,0.3372781065088757,0.5424063116370809,0.1203155818540434,266.64,True,True,True,12.0,False,265.105,both,False
2026-09-14,UNH,385.0,382.5,2.5,1.25,1.225,0.3055,-0.0005895905731850837,0.18067470198604985,-7.715532498224583e-06,0.4556213017751479,0.4911242603550296,0.05325443786982249,376.9,True,True,True,True,False,,False,,,,,,,,,,,,,,,,,,,,left_only,False
2026-09-14,UPS,103.0,102.0,1.0,0.5,0.5832,0.2747,0.007695267172327824,0.11139155454298633,0.0005311069731023807,0.40828402366863903,0.4358974358974359,0.15581854043392504,99.06,True,False,True,False,False,,False,103.0,102.0,1.0,0.475,0.4965,0.27,-0.0005029912408158,0.1031007141322566,-4.235792848381314e-05,0.4043392504930966,0.4437869822485207,0.1518737672583826,99.06,True,False,False,,False,102.43,both,False
2026-09-14,USB,63.0,62.5,0.5,0.25,0.2668,0.3611,4.1481086703099024e-05,0.14138547267344004,1.3937336665607907e-06,0.42011834319526625,0.4714003944773176,0.10848126232741617,60.06,True,False,True,False,False,,False,63.0,62.5,0.5,0.265,0.2709,0.2728,-0.0004341221000284,0.1438502671153096,-1.3748358294717598e-05,0.3964497041420118,0.5069033530571992,0.0966469428007889,60.06,True,False,False,,False,62.505,both,False
2026-09-14,V,377.5,375.0,2.5,1.3,1.3251,0.2159,-0.0006572294528568445,0.13239298745838357,-2.7401602629888642e-05,0.388560157790927,0.4990138067061144,0.11242603550295859,368.29,True,False,True,False,False,,False,375.0,372.5,2.5,0.985,1.1067,0.2261,-0.0009931497258681,0.1366419171207531,-3.7392697192371086e-05,0.4437869822485207,0.4358974358974359,0.1203155818540434,368.29,False,False,False,,False,374.63,both,False
2026-09-14,XOM,,,,,,,,,,,,,,,,,,,,,165.0,162.5,2.5,1.045,1.1434,0.337,0.0002803844744205,0.0678891534916035,5.497189751786391e-05,0.4595660749506903,0.3530571992110454,0.1873767258382643,163.54,True,False,False,,False,164.285,right_only,False
2026-09-15,AAPL,332.5,330.0,2.5,1.22,1.2774,0.2869,0.0004214052945623603,0.1349366793707094,1.652897267228047e-05,0.4477317554240631,0.43984220907297833,0.11242603550295859,336.13,True,False,True,False,False,,False,,,,,,,,,,,,,,,,,,,,left_only,False
2026-09-15,ABBV,,,,,,,,,,,,,,,,,,,,,262.5,260.0,2.5,1.185,1.1676,0.2929,-0.000176126475671,0.0968032519245856,-1.725193485228817e-05,0.4674556213017751,0.4161735700197239,0.1163708086785009,263.96,True,True,True,8.0,False,261.86,right_only,False
2026-09-15,ACN,195.0,192.5,2.5,1.6,1.2286,0.517,-0.0005577351382723972,0.13244008336926683,-2.3227157738418884e-05,0.40039447731755423,0.4358974358974359,0.16370808678500987,181.29,True,False,True,True,True,14.0,False,197.5,195.0,2.5,0.9,1.4625,0.5045,0.0011018917597878,0.1445253971093486,3.4335308693076827e-05,0.3648915187376725,0.4635108481262327,0.1715976331360946,181.29,True,False,False,,False,194.99,both,False
2026-09-15,ADI,362.5,360.0,2.5,1.35,1.1887,0.425,-0.0005844595119942619,0.19657746781144114,-5.221727477670155e-06,0.4556213017751479,0.4635108481262327,0.08086785009861933,375.72,True,False,True,True,True,10.0,False,365.0,362.5,2.5,1.35,1.3771,0.4416,-0.0006525009086857,0.2107664450035227,-4.147135486647766e-06,0.3806706114398422,0.5266272189349113,0.0927021696252465,375.72,True,False,False,,False,362.07,both,False
2026-09-15,ADP,277.5,275.0,2.5,1.125,1.2788,0.3305,-0.00012627626072292397,0.11883482264561152,-7.28950985682477e-06,0.41222879684418146,0.43984220907297833,0.14792899408284024,271.22,True,False,True,False,False,,False,,,,,,,,,,,,,,,,,,,,left_only,False
2026-09-15,AMGN,377.5,375.0,2.5,2.32,1.3851,0.3663,0.0010683478045674377,0.16424504232037285,2.0738411536977443e-05,0.4319526627218935,0.48717948717948717,0.08086785009861933,385.65,True,False,True,True,True,3.0,True,377.5,375.0,2.5,1.25,1.3172,0.3142,0.0001670948145771,0.1621108376478087,3.4140569301047232e-06,0.4398422090729783,0.4714003944773176,0.0887573964497041,385.65,True,False,False,,False,375.8,both,False
2026-09-15,AMZN,250.0,247.5,2.5,1.305,1.2782,0.3494,-0.0007332591353358398,0.1133037959230978,-4.833751969193267e-05,0.388560157790927,0.47534516765285995,0.13609467455621302,253.71,True,False,True,True,True,17.0,False,250.0,247.5,2.5,1.34,1.3767,0.3502,-0.0007287015469252,0.1221233850870774,-3.887311985379389e-05,0.3648915187376725,0.514792899408284,0.1203155818540434,253.71,True,False,False,,False,247.77,both,False
2026-09-15,AVGO,340.0,337.5,2.5,1.25,1.2173,0.4073,-0.0009528168411466753,0.18010048864049222,-1.2641827588186323e-05,0.4358974358974359,0.5029585798816568,0.0611439842209073,357.61,True,False,True,True,True,13.0,False,342.5,340.0,2.5,1.4,1.3996,0.4005,-0.0006489472201591,0.1889196243794959,-6.967666685809016e-06,0.3925049309664694,0.5581854043392505,0.04930966469428,357.61,True,True,True,6.0,True,339.78,both,True
2026-09-15,AXP,325.0,322.5,2.5,1.24,1.2102,0.3077,0.0016776931187758581,0.12916032432675562,7.559024204256927e-05,0.49506903353057197,0.40828402366863903,0.09664694280078895,311.56,True,False,True,True,True,1.0,True,325.0,322.5,2.5,1.185,1.1611,0.2849,0.0001367294625911,0.1260136260249778,6.643754385986665e-06,0.4950690335305719,0.408284023668639,0.0966469428007889,311.56,True,True,True,1.0,True,324.43,both,True
2026-09-15,BA,210.0,207.5,2.5,1.19,1.1605,0.4217,-4.1939825169312606e-05,0.11704100601338707,-2.5275531807790045e-06,0.4556213017751479,0.38461538461538464,0.15976331360946747,198.2,True,False,True,True,True,7.0,False,210.0,207.5,2.5,1.185,1.2259,0.3991,-0.0001899479858228,0.1077433575721685,-1.4309300266037804e-05,0.4122287968441814,0.408284023668639,0.1794871794871795,198.2,True,False,False,,False,209.1,both,False
2026-09-15,BAC,,,,,,,,,,,,,,,,,,,,,60.0,59.0,1.0,0.445,0.4564,0.305,0.0008807045462484,0.0241204328776858,0.0004936524952892,0.4161735700197239,0.2938856015779093,0.2899408284023668,57.73,True,False,False,,False,59.61,right_only,False
2026-09-15,BMY,64.0,63.0,1.0,0.555,0.4294,0.3221,-0.0010259292190769598,0.03291840184564521,-0.0004655932466996961,0.41222879684418146,0.38461538461538464,0.20315581854043394,63.06,True,False,False,True,False,,False,64.0,63.0,1.0,0.425,0.4581,0.2917,-0.0007345222568475,0.0260309404812701,-0.0003932626564455,0.4043392504930966,0.3964497041420118,0.1992110453648915,63.06,True,False,False,,False,63.655,both,False
2026-09-15,CL,87.5,87.0,0.5,-0.3,0.2451,0.2514,-0.0012791777372493929,0.16227538804011354,-2.603296044955448e-05,0.39250493096646943,0.4990138067061144,0.10848126232741617,87.47,True,False,True,False,False,,False,87.5,87.0,0.5,0.325,0.2746,0.2689,-0.0001271558629345,0.1668168629943305,-2.320560820220079e-06,0.4003944773175542,0.4950690335305719,0.1045364891518737,87.47,True,True,True,5.0,True,87.0,both,True
2026-09-15,CME,,,,,,,,,,,,,,,,,,,,,277.5,275.0,2.5,0.9,1.2081,0.2985,5.728967934626184e-05,0.1080621072768139,4.282898143333405e-06,0.4477317554240631,0.4043392504930966,0.1479289940828402,276.01,True,False,False,,False,276.245,right_only,False
2026-09-15,CRM,257.5,255.0,2.5,1.425,1.3144,0.6333,-0.0007028836229657776,0.1997938914494214,-5.813239216657736e-06,0.3767258382642998,0.4832347140039448,0.14003944773175542,237.92,True,False,True,True,True,11.0,False,,,,,,,,,,,,,,,,,,,,left_only,False
2026-09-15,CSCO,,,,,,,,,,,,,,,,,,,,,111.0,110.0,1.0,0.51,0.5465,0.328,-0.000383563786977,0.1316394058298615,-1.628362815766797e-05,0.3767258382642998,0.4871794871794871,0.136094674556213,109.51,True,False,False,,False,110.15,right_only,False
2026-09-15,CSX,,,,,,,,,,,,,,,,,,,,,49.0,48.5,0.5,0.175,0.2619,0.2962,-0.00014427240104,0.0891924923507083,-1.6963828977860694e-05,0.3727810650887574,0.4201183431952662,0.2071005917159763,47.1,True,False,False,,False,48.655,right_only,False
2026-09-15,CVX,,,,,,,,,,,,,,,,,,,,,217.5,215.0,2.5,1.05,1.1766,0.3179,0.0027938122730428,0.0794464613977978,0.0004150700390115,0.4753451676528599,0.3491124260355029,0.1755424063116371,209.51,True,False,False,,False,216.66,right_only,False
2026-09-15,DE,687.5,685.0,2.5,1.7,1.4425,0.3804,-0.0004902225144859385,0.2620439201441179,-9.101055617866022e-07,0.39250493096646943,0.5779092702169625,0.029585798816568046,683.99,True,False,True,True,True,6.0,True,685.0,682.5,2.5,1.45,1.3744,0.3839,-0.001131454290536,0.2661205770755523,-1.9047775254458365e-06,0.388560157790927,0.5818540433925049,0.029585798816568,683.99,True,True,True,4.0,True,681.3,both,True
2026-09-15,DHR,210.0,207.5,2.5,1.75,1.2559,0.4157,3.715612051458095e-05,0.09712199189950455,3.6117799197893906e-06,0.40828402366863903,0.40433925049309666,0.1873767258382643,211.81,True,False,True,True,True,4.0,True,210.0,207.5,2.5,1.075,1.2242,0.3695,-0.000743938262039,0.0959438643016024,-7.438879361360458e-05,0.3846153846153846,0.4358974358974359,0.1794871794871795,211.81,True,False,False,,False,208.99,both,False
2026-09-15,DIS,107.0,106.0,1.0,0.545,0.5272,0.3023,-0.0005163871654828567,0.10302490119860797,-4.356522219884264e-05,0.3806706114398422,0.4714003944773176,0.14792899408284024,102.67,True,False,True,True,True,16.0,False,107.0,106.0,1.0,0.55,0.5316,0.2842,-0.0009066587589553,0.0967730891496936,-8.887332215603752e-05,0.3570019723865877,0.4911242603550296,0.1518737672583826,102.67,True,True,True,14.0,False,106.261,both,False
2026-09-15,EMR,148.0,147.0,1.0,0.925,0.5332,0.4677,-0.0008051683302952028,0.21162389129738157,-5.013217729831509e-06,0.38461538461538464,0.514792899408284,0.10059171597633136,149.92,True,False,True,True,True,9.0,False,148.0,147.0,1.0,0.45,0.5464,0.3656,-0.000694787864034,0.1868422551425508,-7.841204391631334e-06,0.3806706114398422,0.5226824457593688,0.0966469428007889,149.92,True,False,False,,False,146.95,both,False
2026-09-15,EOG,155.0,152.5,2.5,1.25,1.371,0.595,0.007452593516124262,0.06824633876254871,0.0014486758966050226,0.41222879684418146,0.3806706114398422,0.20710059171597633,144.23,True,False,True,False,False,,False,155.0,152.5,2.5,1.2,1.3334,0.3905,0.0001306196942538,0.0602582560359505,3.075620796383233e-05,0.3846153846153846,0.4240631163708087,0.1913214990138067,144.23,True,False,False,,False,153.36,both,False
2026-09-15,FCX,70.0,69.0,1.0,0.505,0.5636,0.5534,0.005312330754255301,0.1313116636790821,0.00022730802281923425,0.4319526627218935,0.4477317554240631,0.1203155818540434,71.54,True,False,True,False,False,,False,70.0,69.0,1.0,0.52,0.5611,0.5595,0.000470959946645,0.1375236943775073,1.7360619366160986e-05,0.4003944773175542,0.4792899408284023,0.1203155818540434,71.54,True,False,False,,False,69.14,both,False
2026-09-15,GE,307.5,305.0,2.5,0.815,1.0737,0.3391,-0.0010986872037137552,0.16160232090367965,-2.272386271345917e-05,0.4714003944773176,0.4516765285996055,0.07692307692307693,314.27,True,False,False,False,False,,False,310.0,307.5,2.5,1.225,1.378,0.3476,-2.28945230303923e-05,0.1556122583076816,-5.467320302724231e-07,0.4122287968441814,0.5029585798816568,0.0848126232741617,314.27,True,False,False,,False,307.845,both,False
2026-09-15,GILD,147.0,146.0,1.0,0.16,0.5569,0.3628,0.0002322286725855438,0.17384519279924537,3.580268926549254e-06,0.41222879684418146,0.49506903353057197,0.09270216962524655,150.11,True,True,True,False,False,,False,,,,,,,,,,,,,,,,,,,,left_only,False
2026-09-15,GM,86.0,85.0,1.0,0.5,0.5189,0.5121,-0.001113463654124458,0.11309263385683133,-7.377409343344394e-05,0.34516765285996054,0.47928994082840237,0.1755424063116371,82.2,True,False,True,False,False,,False,86.0,85.0,1.0,0.48,0.5393,0.4073,-0.0010497779093586,0.1177525888231869,-6.21948235819075e-05,0.3372781065088757,0.4950690335305719,0.1676528599605522,82.2,True,False,False,,False,85.265,both,False
2026-09-15,GOOGL,347.5,345.0,2.5,1.325,1.4058,0.3235,-0.0007714707205370708,0.16595545833469783,-1.4373233895684865e-05,0.3727810650887574,0.5502958579881657,0.07692307692307693,349.54,True,False,True,False,False,,False,,,,,,,,,,,,,,,,,,,,left_only,False
2026-09-15,HD,307.5,305.0,2.5,1.45,1.4623,0.3621,-0.00024188771254574082,0.1457167048539736,-7.324850200396368e-06,0.3609467455621302,0.5266272189349113,0.11242603550295859,299.98,True,False,True,False,False,,False,307.5,305.0,2.5,1.29,1.3333,0.3461,-0.001106203549792,0.1469296635387855,-3.2536979771849645e-05,0.3648915187376725,0.5226824457593688,0.1124260355029585,299.98,True,False,False,,False,305.66,both,False
2026-09-15,HON,205.0,202.5,2.5,0.75,1.2773,0.3642,-5.453746445061025e-05,0.09387454647104887,-5.731050064749608e-06,0.42011834319526625,0.43984220907297833,0.14003944773175542,206.46,True,False,True,False,False,,False,,,,,,,,,,,,,,,,,,,,left_only,False
2026-09-15,IBM,250.0,247.5,2.5,1.3,1.3829,0.4192,0.00524237104512304,0.14245386947205896,0.00017168068986108146,0.4240631163708087,0.42011834319526625,0.15581854043392504,229.55,True,False,True,False,False,,False,250.0,247.5,2.5,1.25,1.2949,0.4063,0.0060488823795858,0.1356970028610834,0.0002329679137014,0.4674556213017751,0.3964497041420118,0.136094674556213,229.55,True,False,False,,False,248.7063,both,False
2026-09-15,INTC,98.0,97.5,0.5,0.27,0.2808,1.0424,-0.001030873204072802,0.29268058846533584,-9.174358404579449e-07,0.38461538461538464,0.5897435897435898,0.02564102564102564,108.6,True,False,True,False,False,,False,98.0,97.5,0.5,0.25,0.2732,0.6829,-0.0013209089450543,0.2896348038612681,-1.2647065015507212e-06,0.3846153846153846,0.5897435897435898,0.0256410256410256,108.6,True,False,False,,False,97.16,both,False
2026-09-15,ISRG,380.0,377.5,2.5,0.8,1.3622,0.393,-0.0016374070502045424,0.2087427555548691,-1.0924883413019919e-05,0.35700197238658776,0.5857988165680473,0.05719921104536489,393.33,True,False,True,False,False,,False,377.5,375.0,2.5,0.55,1.1907,0.4047,-0.0015487640895822,0.1975476693269486,-1.3518626381406343e-05,0.4043392504930966,0.514792899408284,0.0808678500986193,393.33,True,False,False,,False,376.43,both,False
2026-09-15,IWM,286.0,285.0,1.0,0.465,0.4747,0.2526,-0.0017233670859938544,0.22338644219777914,-8.091067307312531e-06,0.388560157790927,0.514792899408284,0.09664694280078895,284.1,True,True,True,False,False,,False,,,,,,,,,,,,,,,,,,,,left_only,False
2026-09-15,JNJ,267.5,265.0,2.5,1.11,1.19,0.2958,0.0011301261241418725,0.0875697244368494,0.00013815982031474856,0.4516765285996055,0.3609467455621302,0.1873767258382643,269.99,True,False,True,False,False,,False,267.5,265.0,2.5,1.46,1.3047,0.2723,-0.0009409292360097,0.089377083395068,-0.0001101472309946,0.3570019723865877,0.4792899408284023,0.1637080867850098,269.99,True,True,True,16.0,False,265.81,both,False
2026-09-15,JPM,,,,,,,,,,,,,,,,,,,,,355.0,352.5,2.5,1.275,1.2938,0.292,2.4530135432687672e-05,0.1421359463828417,8.094823304557195e-07,0.4240631163708087,0.4477317554240631,0.1282051282051282,349.67,True,False,False,,False,353.25,right_only,False
2026-09-15,KO,89.0,88.0,1.0,0.465,0.4756,0.2257,-4.775282461733088e-05,0.03221898134935919,-2.2038318033039463e-05,0.39644970414201186,0.34911242603550297,0.25443786982248523,88.25,True,True,True,False,False,,False,,,,,,,,,,,,,,,,,,,,left_only,False
2026-09-15,LOW,195.0,192.5,2.5,1.175,1.0164,0.4533,-0.0012383324992922828,0.09445600691050315,-0.00012832637573684686,0.4358974358974359,0.39250493096646943,0.17159763313609466,192.49,True,False,False,True,False,,False,,,,,,,,,,,,,,,,,,,,left_only,False
2026-09-15,MA,575.0,572.5,2.5,1.2,1.3993,0.2692,0.0005530241728342045,0.18874745433754114,5.962338731039624e-06,0.4240631163708087,0.5029585798816568,0.07297830374753451,565.24,True,False,True,False,False,,False,575.0,572.5,2.5,1.4,1.2656,0.2592,-0.0010488078419709,0.1985642765815894,-8.934022769421917e-06,0.4043392504930966,0.514792899408284,0.0808678500986193,565.24,True,True,True,7.0,False,572.385,both,False
2026-09-15,MDT,94.0,93.0,1.0,-0.08,0.4965,0.4,-0.00010861300251030492,0.13267551688832613,-4.497756529543061e-06,0.39644970414201186,0.39644970414201186,0.20710059171597633,92.13,True,False,True,False,False,,False,94.0,93.0,1.0,0.44,0.4629,0.3226,-0.0002840167171821,0.096427472661617,-2.8072031372906292e-05,0.4161735700197239,0.368836291913215,0.2149901380670611,92.13,True,False,False,,False,93.85,both,False
2026-09-15,MMM,165.0,162.5,2.5,0.94,0.9497,0.3227,-0.0007844373655129244,0.06327149355960149,-0.00017182059558694198,0.4556213017751479,0.3096646942800789,0.23471400394477318,165.89,True,False,False,False,False,,False,165.0,162.5,2.5,0.745,0.9877,0.3243,-0.0003573345368027,0.0637023414674176,-7.746422567990844e-05,0.4635108481262327,0.2938856015779093,0.2426035502958579,165.89,False,False,False,,False,164.875,both,False
2026-09-15,MO,70.0,69.0,1.0,0.545,0.3986,0.5354,-0.001056551613991319,0.028024057296830662,-0.0005392548690309214,0.4240631163708087,0.34516765285996054,0.23076923076923078,69.52,True,True,False,True,False,,False,,,,,,,,,,,,,,,,,,,,left_only,False
2026-09-15,MRK,144.0,143.0,1.0,0.44,0.487,0.3409,-0.0013726599403217632,0.16078476698580624,-2.8952926617338147e-05,0.40039447731755423,0.5108481262327417,0.08875739644970414,146.87,True,True,True,False,False,,False,,,,,,,,,,,,,,,,,,,,left_only,False
2026-09-15,MS,207.5,205.0,2.5,1.245,1.1943,0.4092,-0.0006909513165077596,0.09708549721218351,-6.72231333462694e-05,0.40039447731755423,0.4240631163708087,0.1755424063116371,202.58,True,False,True,True,True,19.0,False,207.5,205.0,2.5,1.255,1.2505,0.3979,-0.0005906526650318,0.1085061530112289,-4.368830583005977e-05,0.388560157790927,0.4437869822485207,0.1676528599605522,202.58,True,True,True,12.0,False,205.99,both,False
2026-09-15,MSFT,500.0,497.5,2.5,1.35,1.3658,0.2954,-0.0009263672063223316,0.19704413852879266,-8.184248419304208e-06,0.38461538461538464,0.5502958579881657,0.0650887573964497,493.78,True,False,True,False,False,,False,497.5,495.0,2.5,1.15,1.2278,0.2943,-0.0007228054879397,0.1911588981173488,-7.354604623709197e-06,0.4358974358974359,0.4871794871794871,0.0769230769230769,493.78,True,False,False,,False,496.465,both,False
2026-09-15,NFLX,78.0,77.0,1.0,0.435,0.4428,0.36,0.03501056727878571,0.09257452818002454,0.0037956712089062435,0.6055226824457594,0.25443786982248523,0.14003944773175542,71.79,True,False,False,False,False,,False,,,,,,,,,,,,,,,,,,,,left_only,False
2026-09-15,NOW,143.0,142.0,1.0,0.525,0.5462,0.6212,0.001212827856214238,0.24954546965287128,3.0392741226717194e-06,0.4516765285996055,0.4911242603550296,0.05719921104536489,135.47,True,False,True,False,False,,False,144.0,143.0,1.0,0.55,0.5509,0.614,-0.0014629459829826,0.2498073881093548,-3.643082498846857e-06,0.3530571992110454,0.5739644970414202,0.0729783037475345,135.47,True,False,False,,False,142.61,both,False
2026-09-15,NVDA,212.5,210.0,2.5,1.08,1.0988,0.3893,-0.0005158532950163552,0.11395974837800638,-3.3474650537019244e-05,0.47534516765285995,0.40828402366863903,0.11637080867850098,222.27,True,False,False,False,False,,False,212.5,210.0,2.5,1.065,1.0856,0.3874,-0.0009525043959588,0.1111436555324258,-6.613161939177903e-05,0.4516765285996055,0.4240631163708087,0.1242603550295858,222.27,False,False,False,,False,212.1242,both,False
2026-09-15,ORCL,142.0,141.0,1.0,0.625,0.5997,0.5881,0.00026827642161175724,0.24910805408034165,6.793794812141314e-07,0.39644970414201186,0.5660749506903353,0.03747534516765286,147.61,True,False,True,True,True,5.0,True,141.0,140.0,1.0,0.55,0.5405,0.5806,-4.971644158513477e-05,0.2351846391429795,-1.7585497233944338e-07,0.4280078895463511,0.5029585798816568,0.0690335305719921,147.61,True,True,True,2.0,True,140.175,both,True
2026-09-15,PEP,136.0,135.0,1.0,0.495,0.5069,0.2338,-0.0010053410369128546,0.11192480889626077,-6.850362678491916e-05,0.36489151873767256,0.4714003944773176,0.16370808678500987,129.75,True,False,True,False,False,,False,136.0,135.0,1.0,0.605,0.5051,0.2293,-0.0003555651566746,0.095530023211108,-3.5908999882002115e-05,0.3925049309664694,0.4319526627218935,0.1755424063116371,129.75,True,True,True,11.0,False,135.645,both,False
2026-09-15,PG,147.0,146.0,1.0,0.455,0.4573,0.2423,-0.0007149676834345975,0.1144026158873851,-4.5905023814880815e-05,0.4437869822485207,0.4319526627218935,0.1242603550295858,146.39,True,False,True,False,False,,False,147.0,146.0,1.0,0.505,0.4888,0.2343,-0.0004538887296902,0.1133026386915126,-2.992184305430785e-05,0.4280078895463511,0.4477317554240631,0.1242603550295858,146.39,True,True,True,9.0,False,146.5,both,False
2026-09-15,PM,195.0,192.5,2.5,1.325,1.2697,0.3369,0.00026391991244234525,0.061875734338677546,5.977742438504163e-05,0.41222879684418146,0.40433925049309666,0.1834319526627219,188.62,True,False,True,True,True,2.0,True,195.0,192.5,2.5,1.325,1.1769,0.3221,-0.0002911166972999,0.065333419250513,-6.068655330479872e-05,0.4280078895463511,0.3964497041420118,0.1755424063116371,188.62,True,True,True,13.0,False,194.14,both,False
2026-09-15,PYPL,54.0,53.0,1.0,0.47,0.4429,0.382,0.001292511950193198,0.04275559411859442,0.00046322300634065523,0.4556213017751479,0.2978303747534517,0.2465483234714004,52.41,True,False,False,True,False,,False,54.0,53.0,1.0,0.405,0.4167,0.3562,0.0017398472633962,0.0467716582063759,0.0005662483776667,0.4911242603550296,0.2741617357001972,0.2347140039447731,52.41,False,False,False,,False,53.905,both,False
2026-09-15,QCOM,190.0,187.5,2.5,1.525,1.3744,0.6024,-0.0003720164417305716,0.15892563883102595,-8.204827655868897e-06,0.3727810650887574,0.48717948717948717,0.14003944773175542,177.72,True,False,True,True,True,12.0,False,190.0,187.5,2.5,1.375,1.4385,0.6063,-0.0001036007680635,0.1644517553387258,-2.001111178264585e-06,0.3648915187376725,0.4990138067061144,0.136094674556213,177.72,True,False,False,,False,187.55,both,False
2026-09-15,QQQ,707.0,706.0,1.0,0.455,0.4936,0.2062,-0.0008340611402675169,0.30483442458397825,-5.544828060651095e-07,0.4358974358974359,0.5029585798816568,0.0611439842209073,721.45,True,False,True,False,False,,False,,,,,,,,,,,,,,,,,,,,left_only,False
2026-09-15,SBUX,97.0,96.0,1.0,0.56,0.4692,0.3368,-0.00039493122478329035,0.10083703976718539,-3.5114799537651665e-05,0.4358974358974359,0.41222879684418146,0.15187376725838264,95.83,True,False,True,True,True,15.0,False,97.0,96.0,1.0,0.415,0.4848,0.3273,0.000632644814889,0.0995997932860826,5.794614889206674e-05,0.4556213017751479,0.3925049309664694,0.1518737672583826,95.83,True,False,False,,False,96.705,both,False
2026-09-15,SCHW,108.0,107.0,1.0,0.38,0.4425,0.2869,0.0001458046057662976,0.10983178539986382,1.0446892430317416e-05,0.46745562130177515,0.33727810650887574,0.1952662721893491,105.25,True,False,False,False,False,,False,109.0,108.0,1.0,0.47,0.5325,0.302,-0.0002135201256574,0.1108255893981022,-1.4938129156166388e-05,0.3609467455621302,0.4280078895463511,0.2110453648915187,105.25,True,False,False,,False,108.19,both,False
2026-09-15,SO,86.0,85.0,1.0,0.375,0.2914,0.1913,-0.0012637622901890966,0.11155964538914764,-8.687036988024984e-05,0.5069033530571992,0.26627218934911245,0.22682445759368836,85.52,True,False,False,True,False,,False,,,,,,,,,,,,,,,,,,,,left_only,False
2026-09-15,SPY,759.0,758.0,1.0,0.48,0.5151,0.2916,-0.0006052336269671832,0.2892589924431791,-5.847322230796624e-07,0.43984220907297833,0.5226824457593688,0.03747534516765286,761.69,True,False,True,False,False,,False,,,,,,,,,,,,,,,,,,,,left_only,False
2026-09-15,T,,,,,,,,,,,,,,,,,,,,,27.0,26.5,0.5,0.205,0.2163,0.2603,-0.0003463616397626,0.0073829532616365,-0.0002901193971505,0.408284023668639,0.3096646942800789,0.282051282051282,25.4,False,False,False,,False,26.83,right_only,False
2026-09-15,TJX,125.0,124.0,1.0,0.55,0.464,0.2791,-0.0009652627945484493,0.10627737606811827,-7.531982381152314e-05,0.40039447731755423,0.4280078895463511,0.17159763313609466,127.24,True,False,True,True,True,20.0,False,125.0,124.0,1.0,0.425,0.4328,0.2718,-0.0007639092462408,0.1191424598742229,-4.377355892071431e-05,0.4280078895463511,0.3767258382642998,0.1952662721893491,127.24,False,False,False,,False,124.935,both,False
2026-09-15,TSLA,360.0,357.5,2.5,1.425,1.4071,0.586,-0.0007002379994693886,0.22158829405020297,-3.4325424281380244e-06,0.3806706114398422,0.5542406311637081,0.0650887573964497,364.27,True,False,True,True,True,8.0,False,357.5,355.0,2.5,1.3,1.299,0.4829,-0.0002890131382684,0.2128742158615194,-1.7462855120140051e-06,0.4319526627218935,0.4911242603550296,0.0769230769230769,364.27,True,True,True,3.0,True,355.91,both,True
2026-09-15,TXN,265.0,262.5,2.5,1.25,1.3452,0.4541,-0.0003901130828390942,0.15674217892277964,-9.066845048847515e-06,0.39250493096646943,0.4911242603550296,0.11637080867850098,266.64,True,False,True,False,False,,False,265.0,262.5,2.5,1.175,1.3457,0.4518,-0.0006303063940524,0.1647093746037077,-1.2099704737404691e-05,0.388560157790927,0.5108481262327417,0.1005917159763313,266.64,True,False,False,,False,263.03,both,False
2026-09-15,UNH,377.5,375.0,2.5,1.175,1.1955,0.2975,-0.0011781085307454031,0.15501237644931765,-2.8541765096558984e-05,0.4240631163708087,0.4990138067061144,0.07692307692307693,376.9,True,False,True,False,False,,False,377.5,375.0,2.5,1.2,1.2041,0.3076,-0.0005105619885203,0.1582277601144819,-1.1450642186191706e-05,0.4477317554240631,0.4595660749506903,0.0927021696252465,376.9,True,False,False,,False,376.82,both,False
2026-09-15,UPS,103.0,102.0,1.0,0.525,0.5033,0.265,-0.0003441258995132701,0.08046151658900946,-4.989551800764862e-05,0.40039447731755423,0.4358974358974359,0.16370808678500987,99.06,True,False,True,True,True,18.0,False,103.0,102.0,1.0,0.47,0.4717,0.2868,0.0004220151876952,0.0901046402328638,4.854688041615421e-05,0.4516765285996055,0.368836291913215,0.1794871794871795,99.06,True,False,False,,False,102.71,both,False
2026-09-15,USB,62.5,62.0,0.5,0.225,0.2426,0.2869,-0.00025087638299448045,0.12763299932223804,-1.1725527891535908e-05,0.4280078895463511,0.42011834319526625,0.15187376725838264,60.06,True,False,True,False,False,,False,62.5,62.0,0.5,0.14,0.2259,0.2954,-0.0002667172144457,0.1269279195763548,-1.267864275937069e-05,0.4595660749506903,0.388560157790927,0.1518737672583826,60.06,True,False,False,,False,62.365,both,False
2026-09-15,V,377.5,375.0,2.5,1.22,1.3386,0.221,-0.0009236478307427243,0.11531171321483547,-5.8023595470504025e-05,0.35700197238658776,0.4990138067061144,0.14398422090729784,368.29,True,False,True,False,False,,False,377.5,375.0,2.5,1.345,1.269,0.2189,-0.0011921434164592,0.1081614558955252,-8.891076396990597e-05,0.368836291913215,0.4950690335305719,0.136094674556213,368.29,True,True,True,15.0,False,375.805,both,False
2026-09-15,XOM,170.0,167.5,2.5,1.115,1.1888,0.3667,0.002738457384996007,0.06090736214104786,0.0006348402238687393,0.4516765285996055,0.33727810650887574,0.21104536489151873,163.54,True,False,True,False,False,,False,170.0,167.5,2.5,1.26,1.2195,0.3485,-0.0001211815711391,0.0570769715944492,-3.079778249585827e-05,0.3964497041420118,0.3806706114398422,0.2228796844181459,163.54,True,True,True,10.0,False,168.725,both,False
2026-09-16,AAPL,332.5,330.0,2.5,1.04,1.0392,0.2869,0.0005063854931057765,0.11184352082819426,3.457233249943655e-05,0.5187376725838264,0.3214990138067061,0.15976331360946747,336.13,True,False,False,True,False,,False,332.5,330.0,2.5,1.15,1.1692,0.3034,6.711014878746369e-05,0.1061920619139398,5.247363685305988e-06,0.4358974358974359,0.3609467455621302,0.2031558185404339,336.13,True,False,False,,False,331.6,both,False
2026-09-16,ABBV,,,,,,,,,,,,,,,,,,,,,262.5,260.0,2.5,1.175,1.0951,0.3297,-0.0003275005405737,0.0906026489997349,-3.7226695678952005e-05,0.4556213017751479,0.3648915187376725,0.1794871794871795,263.96,False,True,False,,False,262.23,right_only,False
2026-09-16,ACN,190.0,187.5,2.5,1.025,1.0143,0.5108,-0.0007835077235230914,0.11752907085432684,-4.666914403343779e-05,0.4319526627218935,0.3333333333333333,0.23471400394477318,181.29,True,False,False,True,False,,False,190.0,187.5,2.5,1.175,1.0812,0.4811,3.172964299813508e-05,0.0986605633656746,2.9724836035336742e-06,0.4635108481262327,0.3214990138067061,0.2149901380670611,181.29,False,True,False,,False,189.71,both,False
2026-09-16,ADI,362.5,360.0,2.5,1.175,1.2631,0.6243,0.0011346763247315206,0.17173501955784443,1.8402053164347884e-05,0.45956607495069035,0.4240631163708087,0.11637080867850098,375.72,True,False,True,False,False,,False,362.5,360.0,2.5,1.25,1.2715,0.4772,-0.0005731848533052,0.1869830871926453,-6.4469953056444045e-06,0.408284023668639,0.4753451676528599,0.1163708086785009,375.72,True,False,False,,False,360.835,both,False
2026-09-16,ADP,275.0,272.5,2.5,1.5,1.2075,0.313,-0.0016246371898712697,0.09925625072037936,-0.00015003817845967379,0.33727810650887574,0.46745562130177515,0.1952662721893491,271.22,True,False,True,True,True,17.0,False,275.0,272.5,2.5,1.275,1.3191,0.3752,-0.0004464059961548,0.1106401316409162,-3.137042856853887e-05,0.3648915187376725,0.4477317554240631,0.1873767258382643,271.22,True,False,False,,False,273.32,both,False
2026-09-16,AMGN,377.5,375.0,2.5,0.15,1.3103,0.2861,0.0013976996014142262,0.1250088419137596,6.957260032838991e-05,0.4240631163708087,0.4161735700197239,0.15976331360946747,385.65,True,False,True,False,False,,False,377.5,375.0,2.5,1.55,1.3574,0.3148,-0.0001558005270464,0.1345204889450597,-6.172381732034048e-06,0.3846153846153846,0.4674556213017751,0.1479289940828402,385.65,True,True,True,8.0,False,375.53,both,False
2026-09-16,AMZN,247.5,245.0,2.5,1.22,1.2923,0.3373,-0.0007300645109493686,0.07833720848759884,-0.00011139026074669374,0.3727810650887574,0.46745562130177515,0.15976331360946747,253.71,True,False,True,False,False,,False,245.0,242.5,2.5,1.095,1.0922,0.3585,-0.0004529839161305,0.0915235519220394,-5.036474233828538e-05,0.4556213017751479,0.3767258382642998,0.1676528599605522,253.71,False,True,False,,False,244.64,both,False
2026-09-16,AVGO,340.0,337.5,2.5,1.185,1.2185,0.4023,-9.619732396648484e-05,0.15549165902085726,-2.3038962775319422e-06,0.45956607495069035,0.43984220907297833,0.10059171597633136,357.61,True,False,True,False,False,,False,337.5,335.0,2.5,0.85,1.2122,0.4236,-0.0003745670092801,0.1579550166574199,-8.455780726859765e-06,0.4516765285996055,0.4556213017751479,0.0927021696252465,357.61,True,False,False,,False,336.72,both,False
2026-09-16,BA,202.5,200.0,2.5,1.14,1.2327,0.425,0.0029408025909589686,0.0852816257244493,0.00037981291244524343,0.4477317554240631,0.36489151873767256,0.1873767258382643,198.2,True,False,True,False,False,,False,,,,,,,,,,,,,,,,,,,,left_only,False
2026-09-16,BAC,58.0,57.5,0.5,0.22,0.2321,0.3744,0.004939917425321738,0.11006107953087141,0.00035200239719199297,0.4990138067061144,0.33727810650887574,0.16370808678500987,57.73,True,False,True,False,False,,False,57.5,57.0,0.5,0.215,0.2254,0.3412,0.0027761350721853,0.1053113013032702,0.0002217041302362,0.4990138067061144,0.3333333333333333,0.1676528599605522,57.73,True,False,False,,False,57.385,both,False
2026-09-16,CL,,,,,,,,,,,,,,,,,,,,,87.0,86.0,1.0,0.425,0.4366,0.2804,-0.0002425114836241,0.0421129172329985,-8.826459378549512e-05,0.4043392504930966,0.301775147928994,0.2938856015779093,87.47,False,False,False,,False,86.79,right_only,False
2026-09-16,CME,,,,,,,,,,,,,,,,,,,,,272.5,270.0,2.5,1.15,1.1158,0.3418,0.0009345671834593,0.0990494077984738,8.673848996977226e-05,0.4792899408284023,0.3333333333333333,0.1873767258382643,276.01,False,True,False,,False,271.98,right_only,False
2026-09-16,CRM,252.5,250.0,2.5,1.375,1.3336,0.6886,-0.0005632656991400031,0.18405422731153342,-6.796786968377029e-06,0.38461538461538464,0.4911242603550296,0.1242603550295858,237.92,True,False,True,True,True,8.0,False,,,,,,,,,,,,,,,,,,,,left_only,False
2026-09-16,CSCO,108.0,107.0,1.0,0.455,0.4589,0.3427,-0.00021106353820954382,0.09930258892322819,-1.9470433476327676e-05,0.43984220907297833,0.3767258382642998,0.1834319526627219,109.51,True,False,True,False,False,,False,108.0,107.0,1.0,0.445,0.448,0.3479,-8.171266264822563e-05,0.1007712287499135,-7.2768602834347e-06,0.4556213017751479,0.3570019723865877,0.1873767258382643,109.51,False,False,False,,False,107.84,both,False
2026-09-16,CSX,48.0,47.5,0.5,0.075,0.1604,0.2669,-0.001873949781399764,0.09652394082149152,-0.00018479167050706124,0.42011834319526625,0.3136094674556213,0.26627218934911245,47.1,True,False,False,False,False,,False,48.0,47.0,1.0,0.275,0.4046,0.328,-0.0001296719929984,0.0180692895324872,-8.404439594975757e-05,0.3609467455621302,0.1834319526627219,0.4556213017751479,47.1,False,False,False,,False,47.77,both,False
2026-09-16,CVX,212.5,210.0,2.5,1.095,1.157,0.3588,-0.00017373493282168972,0.05313160429039887,-4.853922627097885e-05,0.40039447731755423,0.34122287968441817,0.2583826429980276,209.51,True,False,True,False,False,,False,,,,,,,,,,,,,,,,,,,,left_only,False
2026-09-16,DE,672.5,670.0,2.5,1.6,1.2932,0.3589,-0.0014324419789701892,0.24003963935557593,-4.509492411755619e-06,0.3806706114398422,0.5463510848126233,0.07297830374753451,683.99,True,False,True,True,True,5.0,True,670.0,667.5,2.5,1.45,1.3952,0.4027,-0.000881857686203,0.247459317281407,-2.3233429487437197e-06,0.3767258382642998,0.5581854043392505,0.0650887573964497,683.99,True,True,True,6.0,True,666.6349,both,True
2026-09-16,DHR,,,,,,,,,,,,,,,,,,,,,210.0,207.5,2.5,1.025,1.2408,0.3909,-0.000581546356698,0.073147274087127,-0.0001004998374275,0.368836291913215,0.4161735700197239,0.2149901380670611,211.81,True,False,False,,False,208.86,right_only,False
2026-09-16,DIS,,,,,,,,,,,,,,,,,,,,,107.0,106.0,1.0,0.48,0.5255,0.2896,-0.0006431411022105,0.0665779894930271,-0.0001301245925737,0.3609467455621302,0.4595660749506903,0.1794871794871795,102.67,True,False,False,,False,106.37,right_only,False
2026-09-16,EMR,147.0,146.0,1.0,0.6,0.5553,0.4399,-0.00033323707808885494,0.19068443610214036,-3.4295454016372705e-06,0.39644970414201186,0.5226824457593688,0.08086785009861933,149.92,True,False,True,True,True,4.0,True,145.0,144.0,1.0,0.425,0.4718,0.404,-8.865350713660458e-05,0.1642389134317536,-1.721165488568076e-06,0.4753451676528599,0.4240631163708087,0.1005917159763313,149.92,True,False,False,,False,144.9,both,False
2026-09-16,EOG,146.0,145.0,1.0,0.525,0.5432,0.4087,-0.0006666227684613002,0.1632704637873078,-1.3246497667393249e-05,0.38461538461538464,0.5187376725838264,0.09664694280078895,144.23,True,False,True,False,False,,False,145.0,144.0,1.0,0.375,0.4881,0.4473,0.001731039653211,0.1768728369078616,2.481701177839497e-05,0.4792899408284023,0.4003944773175542,0.1203155818540434,144.23,True,False,False,,False,144.72,both,False
2026-09-16,FCX,70.0,69.0,1.0,0.475,0.5655,0.5963,0.0031855696822564727,0.12080696143523184,0.00017539127612950224,0.41222879684418146,0.4516765285996055,0.13609467455621302,71.54,True,False,True,False,False,,False,69.0,68.0,1.0,0.59,0.5633,0.6237,0.0010295750815221,0.1218327225778057,5.530791972046838e-05,0.3964497041420118,0.4635108481262327,0.1400394477317554,71.54,True,True,True,1.0,True,68.16,both,True
2026-09-16,GE,315.0,312.5,2.5,1.045,1.2372,0.3566,-0.0006525325527700909,0.13588607838817446,-2.5017989496107424e-05,0.42011834319526625,0.4714003944773176,0.10848126232741617,314.27,True,False,True,False,False,,False,315.0,312.5,2.5,1.225,1.3813,0.4093,2.5991004895198344e-05,0.1496045175390687,7.169437392440618e-07,0.4043392504930966,0.4911242603550296,0.1045364891518737,314.27,True,False,False,,False,312.72,both,False
2026-09-16,GILD,148.0,147.0,1.0,0.55,0.486,0.3656,-8.486334749524538e-05,0.1524487688065057,-2.1864338441537736e-06,0.4635108481262327,0.43984220907297833,0.09664694280078895,150.11,True,False,True,True,True,3.0,True,148.0,147.0,1.0,0.475,0.5283,0.3426,-0.0003135823802496,0.1438143938851876,-9.9394993105227e-06,0.4043392504930966,0.4792899408284023,0.1163708086785009,150.11,True,False,False,,False,147.22,both,False
2026-09-16,GM,,,,,,,,,,,,,,,,,,,,,84.0,83.0,1.0,0.515,0.4679,0.414,-0.0007131278380905,0.0846947322167055,-9.340894646412728e-05,0.4003944773175542,0.408284023668639,0.1913214990138067,82.2,True,True,True,16.0,False,83.72,right_only,False
2026-09-16,GOOGL,345.0,342.5,2.5,1.35,1.3284,0.3342,-0.0008612536543659566,0.12974004958661478,-3.8268529537865366e-05,0.36489151873767256,0.49506903353057197,0.14003944773175542,349.54,True,False,True,True,True,12.0,False,,,,,,,,,,,,,,,,,,,,left_only,False
2026-09-16,HD,,,,,,,,,,,,,,,,,,,,,305.0,302.5,2.5,1.35,1.3704,0.3163,-0.0009793220191856,0.1219992025614167,-5.2398588483015656e-05,0.3214990138067061,0.4832347140039448,0.1952662721893491,299.98,True,False,False,,False,302.91,right_only,False
2026-09-16,HON,,,,,,,,,,,,,,,,,,,,,207.5,205.0,2.5,1.15,1.2034,0.4329,0.0023230382456904,0.0877249682336209,0.0002829391788864,0.4043392504930966,0.3096646942800789,0.2859960552268245,206.46,True,False,False,,False,206.74,right_only,False
2026-09-16,IBM,,,,,,,,,,,,,,,,,,,,,237.5,235.0,2.5,1.385,1.3035,0.4171,-0.000234507872404,0.1006562380906999,-2.0941638382955844e-05,0.408284023668639,0.4635108481262327,0.1282051282051282,229.55,True,True,True,12.0,False,236.03,right_only,False
2026-09-16,INTC,102.0,101.0,1.0,0.555,0.5662,0.7572,-0.0005825758367267175,0.20521200715917542,-4.230715793022171e-06,0.38461538461538464,0.5542406311637081,0.0611439842209073,108.6,True,False,True,False,False,,False,101.0,100.0,1.0,0.535,0.5383,0.7513,-0.0014524154325334,0.2032879628186299,-1.1046041819098124e-05,0.368836291913215,0.5700197238658777,0.0611439842209073,108.6,True,False,False,,False,100.05,both,False
2026-09-16,ISRG,385.0,382.5,2.5,1.325,1.3181,0.4885,-0.0016928815379675388,0.18376776041641962,-2.0568507790290526e-05,0.3530571992110454,0.5581854043392505,0.08875739644970414,393.33,True,False,True,True,True,10.0,False,382.5,380.0,2.5,1.5,1.2118,0.4353,-0.0008733365576439,0.1810493699557029,-1.1326398154525511e-05,0.408284023668639,0.4635108481262327,0.1282051282051282,393.33,True,True,True,11.0,False,381.62,both,False
2026-09-16,IWM,285.0,284.0,1.0,0.485,0.5331,0.2268,-0.0008964067844094981,0.18673824909158965,-1.0141909887046306e-05,0.3767258382642998,0.514792899408284,0.10848126232741617,284.1,True,False,True,False,False,,False,,,,,,,,,,,,,,,,,,,,left_only,False
2026-09-16,JNJ,267.5,265.0,2.5,1.055,1.0061,0.2518,-0.0007023589099390826,0.07380360746436909,-0.00011948107157310034,0.4477317554240631,0.3333333333333333,0.21893491124260356,269.99,True,False,False,True,False,,False,,,,,,,,,,,,,,,,,,,,left_only,False
2026-09-16,JPM,350.0,347.5,2.5,1.195,1.2395,0.2982,0.0026310250545378278,0.11387462166267337,0.00017108112922607346,0.45956607495069035,0.38461538461538464,0.15581854043392504,349.67,True,False,True,False,False,,False,347.5,345.0,2.5,1.48,1.2104,0.3142,8.06278486236156e-05,0.1187548662639766,4.663318484897178e-06,0.4477317554240631,0.4043392504930966,0.1479289940828402,349.67,True,True,True,4.0,True,346.26,both,True
2026-09-16,KO,88.0,87.5,0.5,0.22,0.2141,0.1977,-0.0011836056349643354,0.09306428966995739,-0.00012682113771146753,0.4161735700197239,0.40433925049309666,0.1794871794871795,88.25,True,False,False,True,False,,False,,,,,,,,,,,,,,,,,,,,left_only,False
2026-09-16,LOW,195.0,192.5,2.5,1.425,1.1956,0.3742,1.3455047185306768e-06,0.051255157471250756,3.9323236541767924e-07,0.40828402366863903,0.3609467455621302,0.23076923076923078,192.49,True,False,True,True,True,2.0,True,195.0,192.5,2.5,1.225,1.276,0.3599,-0.0002398267136174,0.0499035214745213,-7.240186947764579e-05,0.3648915187376725,0.4003944773175542,0.2347140039447731,192.49,True,False,False,,False,193.76,both,False
2026-09-16,MA,570.0,567.5,2.5,1.05,1.2674,0.2008,-0.0009584769897793555,0.14973737235128137,-2.635475250055692e-05,0.40039447731755423,0.5029585798816568,0.09664694280078895,565.24,True,False,True,False,False,,False,567.5,565.0,2.5,1.375,1.1497,0.2459,-0.0004162957064345,0.1575742445890693,-9.484073996105014e-06,0.4714003944773176,0.4319526627218935,0.0966469428007889,565.24,True,True,True,10.0,False,566.75,both,False
2026-09-16,MDT,93.0,92.5,0.5,1.025,0.2376,0.5527,-0.0020520523247281597,0.18029853592454093,-2.709721196727264e-05,0.35700197238658776,0.5187376725838264,0.1242603550295858,92.13,True,False,True,True,True,11.0,False,93.0,92.5,0.5,0.33,0.2685,0.3584,-0.0006883237844109,0.1812026870486563,-8.894159763005959e-06,0.3648915187376725,0.4871794871794871,0.1479289940828402,92.13,True,True,True,9.0,False,92.645,both,False
2026-09-16,MMM,,,,,,,,,,,,,,,,,,,,,162.5,160.0,2.5,1.135,1.119,0.3273,-1.3183947632278148e-05,0.0227022489556985,-7.645720091807101e-06,0.408284023668639,0.301775147928994,0.2899408284023668,165.89,False,True,False,,False,161.76,right_only,False
2026-09-16,MRK,145.0,144.0,1.0,0.57,0.5009,0.3808,-0.0001464481266802986,0.14409360849271602,-4.610907433311724e-06,0.4280078895463511,0.43984220907297833,0.13214990138067062,146.87,True,False,True,True,True,6.0,True,145.0,144.0,1.0,0.515,0.5356,0.3493,-0.0010571270190924,0.1451825161115758,-3.242500101181587e-05,0.3727810650887574,0.5305719921104537,0.0966469428007889,146.87,True,False,False,,False,144.15,both,False
2026-09-16,MS,,,,,,,,,,,,,,,,,,,,,202.5,200.0,2.5,1.41,1.2127,0.4291,0.0001154388810151,0.0825625518508434,1.5914648537793978e-05,0.4201183431952662,0.3767258382642998,0.2031558185404339,202.58,True,True,True,3.0,True,201.435,right_only,True
2026-09-16,MSFT,492.5,490.0,2.5,1.375,1.336,0.2942,-0.0010721915655615977,0.16504914071089205,-2.0415218912257903e-05,0.3767258382642998,0.534516765285996,0.08875739644970414,493.78,True,False,True,True,True,9.0,False,490.0,487.5,2.5,1.25,1.2575,0.3079,-0.0008242638652092,0.1723530481392489,-1.3171001383720703e-05,0.408284023668639,0.4911242603550296,0.1005917159763313,493.78,True,False,False,,False,488.5532,both,False
2026-09-16,NOW,141.0,140.0,1.0,0.545,0.5463,0.6046,0.0007814657268654379,0.22157017502090315,3.83238411099887e-06,0.4358974358974359,0.4832347140039448,0.08086785009861933,135.47,True,False,True,False,False,,False,140.0,139.0,1.0,0.63,0.54,0.6584,-0.0004880295818504,0.2272603699529474,-2.0878339556271823e-06,0.408284023668639,0.5226824457593688,0.0690335305719921,135.47,True,True,True,5.0,True,138.955,both,True
2026-09-16,NVDA,215.0,212.5,2.5,1.195,1.2158,0.38,-3.824997613222081e-05,0.07676695793370159,-6.060158445546987e-06,0.4437869822485207,0.4161735700197239,0.14003944773175542,222.27,True,False,True,False,False,,False,215.0,212.5,2.5,1.22,1.2772,0.386,-0.0006208310933244,0.079365605293632,-9.24145585650297e-05,0.388560157790927,0.4635108481262327,0.1479289940828402,222.27,True,False,False,,False,213.2795,both,False
2026-09-16,ORCL,144.0,143.0,1.0,0.53,0.5292,0.5821,-0.0009313336452677623,0.21580633972013075,-5.244948551787788e-06,0.40433925049309666,0.5424063116370809,0.05325443786982249,147.61,True,False,True,True,True,7.0,False,143.0,142.0,1.0,0.795,0.5745,0.6299,-0.0006101089779462,0.2269373547105739,-2.63041355882178e-06,0.3846153846153846,0.5739644970414202,0.0414201183431952,147.61,True,True,True,7.0,False,141.76,both,False
2026-09-16,PEP,,,,,,,,,,,,,,,,,,,,,135.0,134.0,1.0,0.545,0.4895,0.2351,-0.0002459915202908,0.0656203564922581,-5.092777788421325e-05,0.4201183431952662,0.4201183431952662,0.1597633136094674,129.75,True,True,True,13.0,False,134.6201,right_only,False
2026-09-16,PFE,27.5,27.0,0.5,0.155,0.1628,0.2369,-0.0003214034231445728,0.04449369704391981,-0.00011048153190657196,0.5029585798816568,0.1952662721893491,0.30177514792899407,27.66,True,False,False,False,False,,False,27.5,27.0,0.5,0.12,0.1967,0.2633,-0.0003148147356409,0.0275711271494938,-0.0001624348946843,0.408284023668639,0.2307692307692307,0.3609467455621302,27.66,False,False,False,,False,27.395,both,False
2026-09-16,PG,,,,,,,,,,,,,,,,,,,,,148.0,147.0,1.0,0.525,0.5287,0.2461,-0.0008254461119875,0.0933625607429524,-8.781413900317614e-05,0.3648915187376725,0.4871794871794871,0.1479289940828402,146.39,True,False,False,,False,147.285,right_only,False
2026-09-16,PM,192.5,190.0,2.5,1.525,0.9708,0.3,-0.0011421536711186953,0.031498434195565084,-0.0005363079467548784,0.4319526627218935,0.34516765285996054,0.22287968441814596,188.62,True,False,False,True,False,,False,,,,,,,,,,,,,,,,,,,,left_only,False
2026-09-16,PNC,232.5,230.0,2.5,1.125,1.2407,0.6745,0.0021527885681242864,0.057010255269962506,0.0005479988359043684,0.39250493096646943,0.32938856015779094,0.2781065088757396,233.17,True,False,True,False,False,,False,230.0,227.5,2.5,1.275,1.0974,0.3278,0.0021133254078289,0.0877067152074262,0.000257509559462,0.4635108481262327,0.2859960552268245,0.2504930966469428,233.17,False,True,False,,False,229.7,both,False
2026-09-16,PYPL,53.0,52.5,0.5,0.26,0.2644,0.3353,-0.0004144822310074847,0.09369212598275545,-4.3746826873698104e-05,0.3767258382642998,0.45956607495069035,0.16370808678500987,52.41,True,False,True,False,False,,False,,,,,,,,,,,,,,,,,,,,left_only,False
2026-09-16,QCOM,,,,,,,,,,,,,,,,,,,,,187.5,185.0,2.5,1.325,1.3395,0.5886,-0.001477494033929,0.128077536313018,-6.832268436804409e-05,0.3254437869822485,0.5187376725838264,0.155818540433925,177.72,True,False,False,,False,185.32,right_only,False
2026-09-16,QQQ,706.0,705.0,1.0,0.45,0.4737,0.2006,-0.00039308100663826284,0.2771010983803307,-5.084386871170243e-07,0.48717948717948717,0.4714003944773176,0.04142011834319527,721.45,True,False,True,False,False,,False,,,,,,,,,,,,,,,,,,,,left_only,False
2026-09-16,RTX,197.5,195.0,2.5,1.21,1.1722,0.384,0.0007432226525680985,0.03612826383619505,0.0003122853442458997,0.40433925049309666,0.3096646942800789,0.2859960552268245,194.0,True,False,True,True,True,1.0,True,,,,,,,,,,,,,,,,,,,,left_only,False
2026-09-16,SBUX,98.0,97.0,1.0,0.65,0.5209,0.348,-0.00041990935282754105,0.08204290510202439,-5.8616084528797186e-05,0.38461538461538464,0.4556213017751479,0.15976331360946747,95.83,True,False,True,True,True,14.0,False,97.0,96.0,1.0,0.565,0.5259,0.3548,-0.0003796976864404,0.0832630455071419,-5.147325137293353e-05,0.3806706114398422,0.4556213017751479,0.1637080867850098,95.83,True,True,True,15.0,False,96.332762,both,False
2026-09-16,SCHW,,,,,,,,,,,,,,,,,,,,,105.0,104.0,1.0,0.635,0.4798,0.3408,0.0001448032257396,0.0889077397012909,1.7143001320944976e-05,0.408284023668639,0.3530571992110454,0.2386587771203155,105.25,True,True,True,2.0,True,104.51,right_only,True
2026-09-16,T,26.0,25.5,0.5,0.19,0.1999,0.2685,-0.0007379227517859688,0.015708212624507167,-0.0005061545430771532,0.3727810650887574,0.2583826429980276,0.368836291913215,25.4,True,False,False,False,False,,False,,,,,,,,,,,,,,,,,,,,left_only,False
2026-09-16,TJX,123.0,122.0,1.0,0.45,0.3406,0.259,-0.0016027742644260101,0.1353731218153762,-6.221128402158491e-05,0.45956607495069035,0.34911242603550297,0.1913214990138067,127.24,True,False,False,True,False,,False,,,,,,,,,,,,,,,,,,,,left_only,False
2026-09-16,TXN,262.5,260.0,2.5,1.355,1.4312,0.478,0.0008894922200861632,0.13247016385542,3.70166136023991e-05,0.40433925049309666,0.49506903353057197,0.10059171597633136,266.64,True,False,True,False,False,,False,,,,,,,,,,,,,,,,,,,,left_only,False
2026-09-16,UNH,377.5,375.0,2.5,1.44,1.2672,0.3774,-0.0013592550303597184,0.13623634492131598,-5.16773602151952e-05,0.3806706114398422,0.5226824457593688,0.09664694280078895,376.9,True,False,True,True,True,13.0,False,377.5,375.0,2.5,1.19,1.2427,0.3185,-0.0004561959326651,0.1309196349508089,-1.970458116798597e-05,0.4398422090729783,0.4753451676528599,0.0848126232741617,376.9,True,False,False,,False,376.59,both,False
2026-09-16,UPS,99.0,98.0,1.0,0.455,0.4645,0.3045,0.000953279421676223,0.062137130830442366,0.00021456590120925555,0.46745562130177515,0.35700197238658776,0.1755424063116371,99.06,True,False,True,False,False,,False,,,,,,,,,,,,,,,,,,,,left_only,False
2026-09-16,USB,60.0,59.0,1.0,0.405,0.4161,0.3094,-0.00047881629590651453,0.016668709725924158,-0.0003209444241253989,0.35700197238658776,0.24260355029585798,0.40039447731755423,60.06,True,False,False,False,False,,False,,,,,,,,,,,,,,,,,,,,left_only,False
2026-09-16,V,372.5,370.0,2.5,1.275,1.2642,0.2441,-0.0008228396188038056,0.09354477949426587,-8.715486554486862e-05,0.38461538461538464,0.4714003944773176,0.14398422090729784,368.29,True,False,True,True,True,16.0,False,370.0,367.5,2.5,1.2,1.1966,0.2608,-0.0005620233191808,0.0998590042042247,-5.115842760239111e-05,0.4161735700197239,0.4280078895463511,0.155818540433925,368.29,True,True,True,14.0,False,368.9451,both,False
2026-09-16,VZ,50.0,49.5,0.5,0.185,0.1979,0.255,-0.0017826767491541107,0.07729400127074859,-0.00027888939649383645,0.368836291913215,0.3727810650887574,0.2583826429980276,48.09,True,False,False,False,False,,False,49.5,49.0,0.5,0.155,0.2126,0.3155,-0.0004022046006898,0.0741457463114476,-6.786110241185429e-05,0.4201183431952662,0.3136094674556213,0.2662721893491124,48.09,False,False,False,,False,49.375,both,False
2026-09-16,WMT,108.0,107.0,1.0,0.495,0.4664,0.2608,-0.00029446671240518363,0.05607751149919671,-7.665429899919426e-05,0.41222879684418146,0.3727810650887574,0.21499013806706113,106.73,True,False,True,True,True,15.0,False,,,,,,,,,,,,,,,,,,,,left_only,False
2026-09-17,AAPL,337.5,335.0,2.5,1.035,1.0337,0.3323,-0.00035882310316948107,0.05295511772237704,-0.00010067592481905157,0.4477317554240631,0.3136094674556213,0.23865877712031558,336.13,True,False,False,True,False,,False,337.5,335.0,2.5,1.065,1.0417,0.2702,-0.0001026581636306,0.0513484152956087,-2.9935429199856327e-05,0.4556213017751479,0.2978303747534517,0.2465483234714004,336.13,False,True,False,,False,337.02,both,False
2026-09-17,ABBV,265.0,262.5,2.5,0.795,1.1259,0.3319,-0.0007898103425363345,0.04797627617518985,-0.0002497254752964029,0.3727810650887574,0.35700197238658776,0.2702169625246548,263.96,True,False,True,False,False,,False,,,,,,,,,,,,,,,,,,,,left_only,False
2026-09-17,ABT,,,,,,,,,,,,,,,,,,,,,103.0,102.0,1.0,0.8,0.4998,0.3298,0.0005460438479407,0.0314697500765555,0.0002565760926872,0.3530571992110454,0.3254437869822485,0.3214990138067061,102.61,True,True,True,2.0,True,102.575,right_only,True
2026-09-17,ADI,,,,,,,,,,,,,,,,,,,,,362.5,360.0,2.5,1.15,1.1239,0.4499,0.0028872232917844,0.1322409306297072,0.0001208159345635,0.5029585798816568,0.3333333333333333,0.1637080867850098,375.72,False,True,False,,False,362.3225,right_only,True
2026-09-17,ADP,,,,,,,,,,,,,,,,,,,,,272.5,270.0,2.5,1.1,1.0432,0.358,-2.4704933692665243e-05,0.0644955466012877,-5.254631351402316e-06,0.4595660749506903,0.2938856015779093,0.2465483234714004,271.22,False,True,False,,False,272.24,right_only,False
2026-09-17,AMGN,380.0,377.5,2.5,0.55,1.1977,0.3577,0.0048996612691341035,0.10072680246056431,0.0004368011660290379,0.46745562130177515,0.33727810650887574,0.1952662721893491,385.65,True,False,True,False,False,,False,,,,,,,,,,,,,,,,,,,,left_only,False
2026-09-17,AVGO,347.5,345.0,2.5,1.035,1.0174,0.3183,-0.0009345051346107969,0.08770621299820713,-0.000113871202769799,0.47534516765285995,0.39644970414201186,0.1282051282051282,357.61,True,False,False,True,False,,False,,,,,,,,,,,,,,,,,,,,left_only,False
2026-09-17,BA,197.5,195.0,2.5,1.1,0.8281,0.3427,-0.0015099138320693317,0.02828030357871336,-0.0007659221842481352,0.41222879684418146,0.27416173570019725,0.3136094674556213,198.2,True,False,False,True,False,,False,,,,,,,,,,,,,,,,,,,,left_only,False
2026-09-17,BMY,63.0,62.5,0.5,0.195,0.26,0.255,0.0008121759617767399,0.04696727685570057,0.000263091629816518,0.40433925049309666,0.40039447731755423,0.1952662721893491,63.06,True,False,True,False,False,,False,63.0,62.5,0.5,0.245,0.223,0.2846,-0.000295073353949,0.0460705515647499,-9.766377821587728e-05,0.4398422090729783,0.3609467455621302,0.1992110453648915,63.06,False,True,False,,False,62.9,both,False
2026-09-17,CAT,800.0,797.5,2.5,1.45,1.2992,0.3749,0.00044744491490456006,0.21517431874482074,2.5583685881051527e-06,0.4635108481262327,0.4714003944773176,0.0650887573964497,808.99,True,False,True,True,True,6.0,True,797.5,795.0,2.5,1.025,1.2491,0.3552,0.0015777909014589,0.2055526783193154,1.136475278071382e-05,0.4990138067061144,0.4437869822485207,0.0571992110453648,808.99,True,False,False,,False,796.54,both,False
2026-09-17,CL,88.0,87.5,0.5,0.525,0.3038,0.4451,0.016624574126971492,0.09228587578547764,0.0018148829058266317,0.4240631163708087,0.4437869822485207,0.13214990138067062,87.47,True,False,True,True,True,2.0,True,87.5,87.0,0.5,0.05,0.2277,0.2889,-2.188879556985768e-05,0.0920536931123818,-2.4029238180219806e-06,0.4753451676528599,0.3846153846153846,0.1400394477317554,87.47,True,False,False,,False,87.4,both,False
2026-09-17,CME,,,,,,,,,,,,,,,,,,,,,272.5,270.0,2.5,0.9,1.0861,0.3174,0.0017005645446046,0.0420540482214888,0.0006198133613637,0.4753451676528599,0.2938856015779093,0.2307692307692307,276.01,False,False,False,,False,271.93,right_only,False
2026-09-17,CSX,48.0,47.5,0.5,0.15,0.1522,0.2743,-0.0017505392079326665,0.0472475093436906,-0.0005632586373452621,0.39644970414201186,0.2465483234714004,0.35700197238658776,47.1,True,False,False,False,False,,False,,,,,,,,,,,,,,,,,,,,left_only,False
2026-09-17,DE,687.5,685.0,2.5,1.875,1.1971,0.384,-0.0013923965430098217,0.2030608636757466,-1.0647455516376827e-05,0.39250493096646943,0.4911242603550296,0.11637080867850098,683.99,True,False,True,True,True,7.0,False,687.5,685.0,2.5,1.75,1.1153,0.3938,-0.000938073668369,0.2017617299277232,-7.400495558729868e-06,0.4516765285996055,0.4437869822485207,0.1045364891518737,683.99,False,True,False,,False,686.73,both,False
2026-09-17,DIS,,,,,,,,,,,,,,,,,,,,,106.0,105.0,1.0,0.58,0.4333,0.2665,-0.0001260544874817,0.0238349139982347,-7.114188888663391e-05,0.4280078895463511,0.3057199211045365,0.2662721893491124,102.67,False,True,False,,False,105.77,right_only,False
2026-09-17,EMR,148.0,147.0,1.0,1.25,0.5199,0.6333,0.0010118314937566097,0.140938957625808,3.4363066687896466e-05,0.42011834319526625,0.41222879684418146,0.16765285996055226,149.92,True,False,True,True,True,3.0,True,148.0,147.0,1.0,0.55,0.5275,0.4405,0.0052260073404644,0.1251866495312054,0.0002590246580347,0.4516765285996055,0.4043392504930966,0.1439842209072978,149.92,True,True,True,1.0,True,147.45,both,True
2026-09-17,EOG,146.0,145.0,1.0,0.45,0.5244,0.3775,0.0010021816701610842,0.08907274395512332,0.00011817761655987799,0.42011834319526625,0.42011834319526625,0.15976331360946747,144.23,True,False,True,False,False,,False,146.0,145.0,1.0,0.625,0.5487,0.4107,-3.448120700622059e-05,0.1148590762146903,-2.1897702332740826e-06,0.3727810650887574,0.4516765285996055,0.1755424063116371,144.23,True,True,True,3.0,True,145.27,both,True
2026-09-17,FCX,71.0,70.0,1.0,0.37,0.4145,0.9468,-0.00010639854244853808,0.07340796293153828,-1.827256523828527e-05,0.46745562130177515,0.3057199211045365,0.22682445759368836,71.54,True,False,False,False,False,,False,71.0,70.0,1.0,0.445,0.4619,0.4747,0.0039694662105675,0.0344310739207724,0.0017372195159979,0.4635108481262327,0.3096646942800789,0.2268244575936883,71.54,True,False,False,,False,70.72,both,False
2026-09-17,GE,315.0,312.5,2.5,0.755,1.1533,0.33,-0.0008636021421892792,0.10500633344973487,-6.94745276236779e-05,0.40828402366863903,0.42011834319526625,0.17159763313609466,314.27,True,False,True,False,False,,False,315.0,312.5,2.5,0.76,1.2259,0.3636,0.0024477778609137,0.0717100364858671,0.000437858159321,0.4556213017751479,0.3727810650887574,0.1715976331360946,314.27,True,False,False,,False,314.035,both,False
2026-09-17,GILD,,,,,,,,,,,,,,,,,,,,,150.0,149.0,1.0,0.25,0.4179,0.3208,-0.0006951473108668,0.093518819873241,-7.367563181041414e-05,0.4556213017751479,0.368836291913215,0.1755424063116371,150.11,False,False,False,,False,149.9103,right_only,False
2026-09-17,GM,87.0,86.0,1.0,0.495,0.4468,0.3771,-0.0009553768901265913,0.02256792171943367,-0.0005558373918132007,0.3609467455621302,0.35700197238658776,0.28205128205128205,82.2,True,False,False,True,False,,False,87.5,87.0,0.5,0.255,0.2732,0.3691,-0.0007874810684437,0.1321795677868404,-3.3000730693717056e-05,0.3530571992110454,0.4990138067061144,0.1479289940828402,82.2,True,False,False,,False,87.045,both,False
2026-09-17,GOOGL,347.5,345.0,2.5,1.04,0.9401,0.313,-0.0013170055833818806,0.07997844585492486,-0.00019318209484269535,0.4477317554240631,0.3609467455621302,0.1913214990138067,349.54,True,False,False,True,False,,False,,,,,,,,,,,,,,,,,,,,left_only,False
2026-09-17,INTC,109.0,108.0,1.0,0.475,0.4876,0.7013,-0.0006691194413197543,0.15305074066956836,-1.6992036705529176e-05,0.4240631163708087,0.4635108481262327,0.11242603550295859,108.6,True,False,True,False,False,,False,110.0,109.0,1.0,0.445,0.4854,0.682,-0.0004792979937079,0.1480318709926975,-1.3729648470815924e-05,0.4398422090729783,0.4556213017751479,0.1045364891518737,108.6,True,False,False,,False,109.7801,both,False
2026-09-17,ISRG,385.0,382.5,2.5,0.3,1.1075,0.4716,-0.001729326812183074,0.13105913042029793,-7.444557755118763e-05,0.3767258382642998,0.4516765285996055,0.17159763313609466,393.33,True,False,False,False,False,,False,387.5,385.0,2.5,1.15,1.4048,0.4288,-0.0006157968082146,0.1374027322206392,-2.2765619449594432e-05,0.3451676528599605,0.4990138067061144,0.155818540433925,393.33,True,False,False,,False,385.06,both,False
2026-09-17,IWM,286.0,285.0,1.0,0.445,0.4865,0.1814,4.020084142219993e-05,0.0976215808639751,3.8611689930617665e-06,0.46745562130177515,0.4319526627218935,0.10059171597633136,284.1,True,False,True,False,False,,False,,,,,,,,,,,,,,,,,,,,left_only,False
2026-09-17,JNJ,,,,,,,,,,,,,,,,,,,,,270.0,267.5,2.5,1.035,1.0621,0.265,0.0004274494114391,0.0212751797141736,0.0002565264126027,0.4161735700197239,0.2426035502958579,0.3412228796844181,269.99,False,False,False,,False,269.39,right_only,False
2026-09-17,JPM,350.0,347.5,2.5,1.05,1.1144,0.2887,0.0019393747093880975,0.04316218504905689,0.0006883025155846629,0.4556213017751479,0.2938856015779093,0.2504930966469428,349.67,True,False,False,False,False,,False,350.0,347.5,2.5,0.96,1.0159,0.2313,0.0007851367314541,0.0462339585113498,0.0002588484818986,0.4911242603550296,0.2702169625246548,0.2386587771203155,349.67,False,False,False,,False,349.66,both,False
2026-09-17,MA,,,,,,,,,,,,,,,,,,,,,567.5,565.0,2.5,0.675,1.1472,0.2052,-0.0005401160325793,0.0784500855676424,-8.218575070923719e-05,0.4280078895463511,0.4003944773175542,0.1715976331360946,565.24,True,False,False,,False,566.69,right_only,False
2026-09-17,MDT,93.0,92.5,0.5,1.05,0.2154,0.6333,-0.0018702118154666492,0.12806394489679396,-8.651106252422388e-05,0.36489151873767256,0.4358974358974359,0.1992110453648915,92.13,True,False,False,True,False,,False,,,,,,,,,,,,,,,,,,,,left_only,False
2026-09-17,MMM,165.0,162.5,2.5,0.83,0.6567,0.2834,-0.0017339825458182467,0.03102630681344709,-0.0008234845004764404,0.4240631163708087,0.20315581854043394,0.3727810650887574,165.89,True,False,False,True,False,,False,165.0,162.5,2.5,0.935,0.9113,0.3459,0.0014757643677374,0.0544082902597042,0.0003998671567124,0.4792899408284023,0.1676528599605522,0.3530571992110454,165.89,False,True,False,,False,164.87,both,False
2026-09-17,MS,,,,,,,,,,,,,,,,,,,,,205.0,202.5,2.5,1.085,1.068,0.3174,-5.658604033520476e-05,0.0151309780025792,-3.9354835258176815e-05,0.4122287968441814,0.2702169625246548,0.3175542406311637,202.58,False,True,False,,False,204.31,right_only,False
2026-09-17,MSFT,,,,,,,,,,,,,,,,,,,,,497.5,495.0,2.5,1.255,1.3073,0.2717,0.0003081216225426,0.0974211657217223,2.9736837767062843e-05,0.4122287968441814,0.4280078895463511,0.1597633136094674,493.78,True,False,False,,False,495.905,right_only,False
2026-09-17,NOW,139.0,138.0,1.0,0.5,0.509,0.5605,0.0063444401842109865,0.15384874684659489,0.00015805834270567366,0.4990138067061144,0.40828402366863903,0.09270216962524655,135.47,True,False,True,False,False,,False,139.0,138.0,1.0,0.48,0.4829,0.5762,8.565701863361141e-06,0.1578427255056484,1.938909603085898e-07,0.4714003944773176,0.4319526627218935,0.0966469428007889,135.47,True,False,False,,False,138.82,both,False
2026-09-17,NVDA,220.0,217.5,2.5,1.035,1.0246,0.3102,-0.0008542751978579677,0.02252526456427595,-0.000497525612691912,0.43984220907297833,0.35700197238658776,0.20315581854043394,222.27,True,False,False,True,False,,False,220.0,217.5,2.5,0.95,0.9731,0.3167,-0.0005805053506311,0.0310400863998647,-0.0002755962534196,0.4832347140039448,0.3293885601577909,0.1873767258382643,222.27,False,False,False,,False,219.58,both,False
2026-09-17,ORCL,,,,,,,,,,,,,,,,,,,,,150.0,149.0,1.0,0.675,0.5228,0.5662,-0.0002227123243561,0.1642120262142834,-4.326644434586782e-06,0.4398422090729783,0.4990138067061144,0.0611439842209073,147.61,True,True,True,4.0,True,149.455,right_only,True
2026-09-17,PEP,134.0,133.0,1.0,0.47,0.423,0.2095,-0.0009859863223852239,0.022201125363366714,-0.0005787180935614771,0.388560157790927,0.34516765285996054,0.26627218934911245,129.75,True,False,False,True,False,,False,,,,,,,,,,,,,,,,,,,,left_only,False
2026-09-17,PM,,,,,,,,,,,,,,,,,,,,,190.0,187.5,2.5,0.9,0.9029,0.3491,3.1288398895767955e-05,0.0453180830092858,1.054459487288892e-05,0.5029585798816568,0.2189349112426035,0.2781065088757396,188.62,False,False,False,,False,189.85,right_only,False
2026-09-17,PNC,232.5,230.0,2.5,0.925,0.8386,0.2577,-0.0009218910739833275,0.022270761810857742,-0.0005401942473016645,0.4556213017751479,0.2465483234714004,0.2978303747534517,233.17,True,False,False,True,False,,False,,,,,,,,,,,,,,,,,,,,left_only,False
2026-09-17,PYPL,53.0,52.5,0.5,0.185,0.1686,0.4704,-0.0013471818925167023,0.08055158155570785,-0.00019490889518938552,0.46745562130177515,0.3175542406311637,0.21499013806706113,52.41,True,False,False,True,False,,False,,,,,,,,,,,,,,,,,,,,left_only,False
2026-09-17,QCOM,190.0,187.5,2.5,1.26,1.2348,0.54,-0.00042950327520385745,0.0656826397757202,-8.878751225926202e-05,0.3609467455621302,0.388560157790927,0.2504930966469428,177.72,True,False,True,True,True,8.0,False,,,,,,,,,,,,,,,,,,,,left_only,False
2026-09-17,QQQ,718.0,717.0,1.0,0.515,0.531,0.1707,0.0003955891918268062,0.21844421891689514,2.091151820391191e-06,0.45956607495069035,0.4911242603550296,0.04930966469428008,721.45,True,False,True,False,False,,False,,,,,,,,,,,,,,,,,,,,left_only,False
2026-09-17,SBUX,97.0,96.0,1.0,0.34,0.2832,0.2475,-0.0027124945334119355,0.037287530925861345,-0.0011084558950343712,0.39644970414201186,0.34911242603550297,0.25443786982248523,95.83,True,False,False,True,False,,False,97.0,96.0,1.0,0.355,0.3683,0.3194,-0.0007025839579866,0.0537693639142342,-0.0001933109772501,0.4674556213017751,0.2899408284023668,0.2426035502958579,95.83,False,False,False,,False,96.96,both,False
2026-09-17,SCHW,105.0,104.0,1.0,0.45,0.4782,0.3013,0.0038256304527730656,0.02026749246338655,0.0023520880341691324,0.4280078895463511,0.3096646942800789,0.26232741617357,105.25,True,False,True,False,False,,False,105.0,104.0,1.0,0.425,0.3688,0.2945,-6.894889105779622e-05,0.0487006544952768,-2.1424814641531465e-05,0.5029585798816568,0.2465483234714004,0.2504930966469428,105.25,False,True,False,,False,104.9101,both,False
2026-09-17,SPY,763.0,762.0,1.0,0.535,0.5079,0.1949,0.002084426202954681,0.20775797954972464,1.4240035297596523e-05,0.4832347140039448,0.4358974358974359,0.08086785009861933,761.69,True,False,True,True,True,4.0,True,,,,,,,,,,,,,,,,,,,,left_only,False
2026-09-17,T,25.5,25.0,0.5,0.175,0.2049,0.3045,0.0021105305125321827,0.06576448916315392,0.00043543558839080864,0.368836291913215,0.14398422090729784,0.48717948717948717,25.4,True,False,False,False,False,,False,25.5,25.0,0.5,0.08,0.1838,0.3088,-4.993825544974406e-05,0.0707544465914435,-9.14018506545055e-06,0.4003944773175542,0.1400394477317554,0.4595660749506903,25.4,False,False,False,,False,25.395,both,False
2026-09-17,TJX,127.0,126.0,1.0,0.875,0.5446,0.48,0.005758342376620762,0.04699811125061748,0.0018639445751116616,0.3530571992110454,0.3254437869822485,0.3214990138067061,127.24,True,False,True,True,True,1.0,True,,,,,,,,,,,,,,,,,,,,left_only,False
2026-09-17,TSLA,367.5,365.0,2.5,1.28,1.2644,0.4619,0.00011378749386348197,0.12579763102679475,5.5577284646426855e-06,0.4516765285996055,0.4477317554240631,0.10059171597633136,364.27,True,False,True,True,True,5.0,True,367.5,365.0,2.5,1.155,1.1902,0.4506,0.0006664581394149,0.1287128683564424,3.0352184459370548e-05,0.5029585798816568,0.4201183431952662,0.0769230769230769,364.27,True,False,False,,False,366.8043,both,True
2026-09-17,UPS,,,,,,,,,,,,,,,,,,,,,101.0,100.0,1.0,0.455,0.3963,0.25,-0.0002396048503975,0.0171426930084039,-0.000158787443982,0.4674556213017751,0.2859960552268245,0.2465483234714004,99.06,False,True,False,,False,100.74,right_only,False
2026-09-17,V,370.0,367.5,2.5,1.01,0.9334,0.2316,-0.000533758134291018,0.06469553695895391,-0.00011298441821495327,0.4832347140039448,0.2938856015779093,0.22287968441814596,368.29,True,False,False,True,False,,False,,,,,,,,,,,,,,,,,,,,left_only,False
2026-09-17,VZ,48.5,48.0,0.5,0.18,0.2085,0.2271,-0.0007370699144978454,0.014734568126196335,-0.0005175225589145335,0.368836291913215,0.2859960552268245,0.34516765285996054,48.09,True,False,False,False,False,,False,,,,,,,,,,,,,,,,,,,,left_only,False
2026-09-17,WMT,107.0,106.0,1.0,0.415,0.4081,0.4741,-0.000512650622042532,0.022269046151871974,-0.0003004067701811297,0.43984220907297833,0.3136094674556213,0.2465483234714004,106.73,True,False,False,True,False,,False,,,,,,,,,,,,,,,,,,,,left_only,False
2026-09-18,IBM,,,,,,,,,,,,,,,,,,,,,232.5,230.0,2.5,0.44,1.1445,0.6673,0.0108179772312986,0.1499824890375929,0.0002957116578957,0.5266272189349113,0.3096646942800789,0.1637080867850098,229.55,True,False,False,,False,232.35,right_only,False
2026-09-21,AAPL,340.0,337.5,2.5,-0.8,1.2263,0.2499,-3.58085521174889e-05,0.12980410080949512,-1.5886559295483605e-06,0.45956607495069035,0.43984220907297833,0.10059171597633136,341.07,True,False,True,False,False,,False,340.0,337.5,2.5,1.115,1.1383,0.2458,-0.000278174218499,0.1330206099862527,-1.142441763921842e-05,0.4753451676528599,0.4122287968441814,0.1124260355029585,341.07,True,False,False,,False,339.415,both,False
2026-09-21,ABBV,265.0,262.5,2.5,1.185,1.1245,0.2711,-0.0006966430503722032,0.11683614320740654,-4.2190949016285615e-05,0.43984220907297833,0.41222879684418146,0.14792899408284024,264.34,True,False,False,True,False,,False,,,,,,,,,,,,,,,,,,,,left_only,False
2026-09-21,ACN,187.5,185.0,2.5,1.125,1.2755,0.4819,0.0005019887811470447,0.15791732940817194,1.1342558218675183e-05,0.4358974358974359,0.4240631163708087,0.14003944773175542,176.11,True,False,True,False,False,,False,187.5,185.0,2.5,0.95,1.2651,0.4947,0.0054536233208823,0.1451088798687387,0.0001675735533617,0.4792899408284023,0.3925049309664694,0.1282051282051282,176.11,True,False,False,,False,186.35,both,False
2026-09-21,ADI,387.5,385.0,2.5,7.4,1.7632,0.7747,0.01590148462920249,0.2622135253378648,2.9401425179014048e-05,0.34911242603550297,0.5660749506903353,0.08481262327416174,393.6,True,False,True,True,True,5.0,True,385.0,382.5,2.5,1.4,1.3356,0.4287,-0.0007709741291132,0.2292588262680197,-3.143833727745949e-06,0.3964497041420118,0.5266272189349113,0.0769230769230769,393.6,True,True,True,11.0,False,382.26,both,False
2026-09-21,ADP,,,,,,,,,,,,,,,,,,,,,272.5,270.0,2.5,1.2,1.3522,0.3296,-0.0005829119292712,0.1432247476332384,-1.873966062572651e-05,0.3648915187376725,0.4832347140039448,0.1518737672583826,263.67,True,False,False,,False,270.625,right_only,False
2026-09-21,AMGN,395.0,392.5,2.5,0.825,1.3096,0.262,0.0010824569925647065,0.1730248153328071,1.7020068730684477e-05,0.47534516765285995,0.47534516765285995,0.04930966469428008,414.61,True,False,True,False,False,,False,395.0,392.5,2.5,1.275,1.2956,0.2904,0.0002724753980336,0.1805156172619803,3.5793224162490863e-06,0.4674556213017751,0.4792899408284023,0.0532544378698224,414.61,True,False,False,,False,392.88,both,False
2026-09-21,AMZN,260.0,257.5,2.5,1.33,1.286,0.3212,-0.0005600393154794325,0.1309650764996929,-2.4163546426863296e-05,0.39644970414201186,0.4714003944773176,0.13214990138067062,249.67,True,False,True,True,True,15.0,False,260.0,257.5,2.5,1.21,1.2413,0.3204,-0.0003077720530282,0.1289636876419764,-1.3932593035051802e-05,0.4240631163708087,0.4437869822485207,0.1321499013806706,249.67,True,False,False,,False,258.97,both,False
2026-09-21,AVGO,365.0,362.5,2.5,-2.55,1.3602,0.3891,-0.00017564921156809632,0.2150337581445384,-1.007708251359101e-06,0.4280078895463511,0.5226824457593688,0.04930966469428008,352.81,True,False,True,False,False,,False,,,,,,,,,,,,,,,,,,,,left_only,False
2026-09-21,AXP,315.0,312.5,2.5,1.275,1.2501,0.269,-8.293244152790535e-05,0.11934806845249168,-4.728805700431819e-06,0.43984220907297833,0.4437869822485207,0.11637080867850098,308.89,True,False,True,True,True,12.0,False,315.0,312.5,2.5,1.215,1.2894,0.2479,0.0012840147749788,0.1188340743340741,7.412324695268776e-05,0.4556213017751479,0.4358974358974359,0.1084812623274161,308.89,True,False,False,,False,313.62,both,False
2026-09-21,BA,202.5,200.0,2.5,1.315,1.2984,0.3436,-0.00044534433047738187,0.0976256203927357,-4.276982668112135e-05,0.38461538461538464,0.4556213017751479,0.15976331360946747,198.07,True,False,True,True,True,17.0,False,202.5,200.0,2.5,1.48,1.2832,0.332,-0.0005442006415696,0.0969680701334103,-5.309508283959496e-05,0.3846153846153846,0.4556213017751479,0.1597633136094674,198.07,True,True,True,16.0,False,201.07,both,False
2026-09-21,BAC,58.0,57.0,1.0,0.365,0.3782,0.2437,-1.4114252125163596e-05,0.051022977243945666,-4.148030411910164e-06,0.4911242603550296,0.2465483234714004,0.26232741617357,56.7,True,False,False,False,False,,False,,,,,,,,,,,,,,,,,,,,left_only,False
2026-09-21,BLK,,,,,,,,,,,,,,,,,,,,,1092.5,1090.0,2.5,1.3,1.3359,0.296,0.0058369767281103,0.296701217760323,4.716839755313319e-06,0.5069033530571992,0.4674556213017751,0.0256410256410256,1086.31,True,False,False,,False,1088.35,right_only,False
2026-09-21,BMY,63.0,62.0,1.0,0.425,0.462,0.2465,-0.0009257515956091478,0.038913584089553366,-0.00036382752583797196,0.40828402366863903,0.4280078895463511,0.16370808678500987,62.86,True,False,True,False,False,,False,63.0,62.0,1.0,0.48,0.4072,0.2682,-0.0009954649563028,0.0492127997882116,-0.0003055467289581,0.4437869822485207,0.3727810650887574,0.1834319526627219,62.86,False,True,False,,False,62.895,both,False
2026-09-21,CAT,822.5,820.0,2.5,7.625,1.6395,0.5559,0.017765056262314838,0.306121922924495,1.1450833536448934e-05,0.4280078895463511,0.5542406311637081,0.01775147928994083,821.58,True,False,True,True,True,7.0,False,822.5,820.0,2.5,2.0,1.3498,0.3685,-0.0001023463417256,0.2924244900090595,-9.164570292183477e-08,0.4516765285996055,0.534516765285996,0.0138067061143984,821.58,True,True,True,9.0,False,818.18,both,False
2026-09-21,CL,,,,,,,,,,,,,,,,,,,,,87.0,86.0,1.0,0.6,0.5139,0.2453,-0.0005775317222964,0.0629236481799544,-0.0001275611445767,0.3767258382642998,0.4516765285996055,0.1715976331360946,86.06,True,True,True,18.0,False,86.3877,right_only,False
2026-09-21,COST,905.0,902.5,2.5,-0.7,1.4391,0.3989,-0.0005465409758003137,0.3130936182151378,-2.980072232233803e-07,0.38461538461538464,0.5700197238658777,0.045364891518737675,922.765,True,False,True,False,False,,False,,,,,,,,,,,,,,,,,,,,left_only,False
2026-09-21,CRM,237.5,235.0,2.5,1.075,1.1282,0.7753,-0.0007094012811429407,0.15497365741989355,-1.7202480184774757e-05,0.45956607495069035,0.4358974358974359,0.10453648915187377,234.02,True,False,True,False,False,,False,240.0,237.5,2.5,1.125,1.3725,0.4,0.000946169354165,0.1573833871784414,2.165465151747274e-05,0.4280078895463511,0.4753451676528599,0.0966469428007889,234.02,True,False,False,,False,237.68,both,False
2026-09-21,CSCO,112.0,111.0,1.0,0.67,0.5722,0.6188,0.0021681134731463825,0.17379415913042773,3.346676584468561e-05,0.41222879684418146,0.47928994082840237,0.10848126232741617,106.7,True,False,True,True,True,4.0,True,111.0,110.0,1.0,0.475,0.4828,0.329,-0.0004120012225831,0.1435941804655642,-1.312824460079238e-05,0.4398422090729783,0.4437869822485207,0.1163708086785009,106.7,True,False,False,,False,110.68,both,False
2026-09-21,CSX,46.5,45.0,1.5,0.325,0.3453,0.0945,-0.0025935898002823476,0.02005395415940403,-0.0016027934922241542,0.34516765285996054,0.20315581854043394,0.4516765285996055,46.78,True,False,False,False,False,,False,46.0,45.5,0.5,0.3,0.2288,0.2901,0.0089337838304524,0.0998840936839384,0.0008127122061692,0.5187376725838264,0.3136094674556213,0.1676528599605522,46.78,True,True,True,1.0,True,45.935,both,True
2026-09-21,CVX,205.0,202.5,2.5,-0.645,1.3782,0.0511,0.007005928161906816,0.07969323288701236,0.0010347078140941364,0.40828402366863903,0.38461538461538464,0.20710059171597633,204.45,True,False,True,False,False,,False,205.0,202.5,2.5,1.275,1.2466,0.3006,1.2125403163976143e-05,0.083291022762703,1.6426620722001029e-06,0.4003944773175542,0.3925049309664694,0.2071005917159763,204.45,True,True,True,6.0,True,203.68,both,True
2026-09-21,DE,687.5,685.0,2.5,0.3,1.297,0.3312,-0.00053626529603501,0.2645859491611302,-9.366610648223091e-07,0.43984220907297833,0.5226824457593688,0.03747534516765286,690.46,True,False,True,False,False,,False,690.0,687.5,2.5,1.3,1.3334,0.3176,-0.0002543085478534,0.2603604141049864,-4.915942227013105e-07,0.4398422090729783,0.5226824457593688,0.0374753451676528,690.46,True,False,False,,False,686.87,both,False
2026-09-21,DHR,217.5,215.0,2.5,-1.725,1.5914,0.2886,0.012784230762439286,0.16122087751259973,0.0002668446512161304,0.38461538461538464,0.47534516765285995,0.14003944773175542,224.49,True,False,True,False,False,,False,,,,,,,,,,,,,,,,,,,,left_only,False
2026-09-21,DIS,105.0,104.0,1.0,0.525,0.5149,0.2676,-0.0007142077769508592,0.11642911831948455,-4.367933401763158e-05,0.388560157790927,0.47928994082840237,0.13214990138067062,106.15,True,False,True,True,True,18.0,False,105.0,104.0,1.0,0.605,0.5007,0.2745,-0.0003078276016609,0.1069730697767155,-2.362218273023696e-05,0.4201183431952662,0.4477317554240631,0.1321499013806706,106.15,True,True,True,15.0,False,104.48,both,False
2026-09-21,EMR,152.5,150.0,2.5,1.45,1.1041,0.54,-0.0006898093686784623,0.0625250517704723,-0.00015382476111368726,0.4358974358974359,0.39250493096646943,0.17159763313609466,158.23,True,False,False,True,False,,False,152.5,150.0,2.5,1.15,1.1275,0.3147,-0.0003166352739372,0.0502802269453146,-9.472946662444328e-05,0.4556213017751479,0.388560157790927,0.155818540433925,158.23,True,True,True,17.0,False,151.82,both,False
2026-09-21,EOG,142.0,141.0,1.0,1.2,0.5751,0.3441,0.009551164360209752,0.20411514666589148,7.121153605916737e-05,0.4635108481262327,0.4714003944773176,0.0650887573964497,140.35,True,False,True,True,True,3.0,True,142.0,141.0,1.0,0.5,0.5015,0.3655,-5.838066399543873e-05,0.1938724768193749,-5.565742440793424e-07,0.4635108481262327,0.4674556213017751,0.0690335305719921,140.35,True,False,False,,False,141.54,both,False
2026-09-21,FCX,73.0,72.0,1.0,0.175,0.5628,0.6987,0.005813256542977152,0.16781084785029543,0.00010358948732195427,0.4477317554240631,0.45956607495069035,0.09270216962524655,72.31,True,False,True,False,False,,False,73.0,72.0,1.0,0.84,0.5644,0.5146,0.0048756186011915,0.1573345608570318,0.000111717437875,0.4437869822485207,0.4674556213017751,0.0887573964497041,72.31,True,True,True,2.0,True,71.99,both,True
2026-09-21,GE,320.0,317.5,2.5,1.2,1.5092,0.3113,0.015643652716270884,0.1816288618237838,0.00020008211408132785,0.4477317554240631,0.4714003944773176,0.08086785009861933,327.09,True,False,True,False,False,,False,322.5,320.0,2.5,1.65,1.3181,0.3505,6.159009621220513e-05,0.1775971045970629,8.677692605745154e-07,0.4398422090729783,0.4792899408284023,0.0808678500986193,327.09,True,True,True,7.0,False,320.47,both,False
2026-09-21,GM,,,,,,,,,,,,,,,,,,,,,85.0,84.0,1.0,0.48,0.4834,0.363,-0.0014302726512487,0.1183428852699463,-8.354547745800979e-05,0.3767258382642998,0.4871794871794871,0.136094674556213,82.63,True,False,False,,False,84.54,right_only,False
2026-09-21,GOOGL,357.5,355.0,2.5,1.35,1.3485,0.3339,-0.0011564199041897982,0.18885351863372302,-1.2436053260886623e-05,0.368836291913215,0.5424063116370809,0.08875739644970414,343.92,True,False,True,True,True,14.0,False,357.5,355.0,2.5,1.25,1.261,0.3385,-0.0008001147164646,0.183866012824455,-9.698495837457924e-06,0.4240631163708087,0.5069033530571992,0.0690335305719921,343.92,True,False,False,,False,356.2,both,False
2026-09-21,HD,297.5,295.0,2.5,1.07,0.9556,0.255,-0.0021597455927093723,0.1448570211280058,-6.676488078320924e-05,0.4437869822485207,0.4714003944773176,0.08481262327416174,293.2,True,False,False,True,False,,False,300.0,297.5,2.5,1.205,1.2244,0.2708,-0.0008250640700881,0.1253994034866661,-4.068564633532759e-05,0.4358974358974359,0.4950690335305719,0.0690335305719921,293.2,True,False,False,,False,299.1,both,False
2026-09-21,HON,207.5,205.0,2.5,1.05,1.1927,0.4298,0.0003819640051885287,0.08421974209821204,5.060511036526293e-05,0.4516765285996055,0.3806706114398422,0.16765285996055226,212.55,True,False,True,False,False,,False,,,,,,,,,,,,,,,,,,,,left_only,False
2026-09-21,IBM,232.5,230.0,2.5,0.15,1.2654,0.3976,0.008608618370745225,0.15001059773813952,0.0002351596795528997,0.4832347140039448,0.3727810650887574,0.14398422090729784,225.51,True,False,True,False,False,,False,232.5,230.0,2.5,1.45,1.4121,0.3808,0.0018917404075322,0.1460188127254025,5.687188061671228e-05,0.4043392504930966,0.4595660749506903,0.136094674556213,225.51,True,True,True,3.0,True,230.17,both,True
2026-09-21,INTC,123.0,122.0,1.0,0.55,0.5682,0.7753,-0.0006370986916288679,0.2697449047082747,-9.831897582719267e-07,0.39250493096646943,0.5739644970414202,0.03353057199211045,123.0,True,False,True,False,False,,False,123.0,122.0,1.0,0.6,0.5953,0.779,2.063047749611968e-05,0.2773989303853388,2.649485126597952e-08,0.3964497041420118,0.5739644970414202,0.029585798816568,123.0,True,True,True,8.0,False,121.15,both,False
2026-09-21,ISRG,,,,,,,,,,,,,,,,,,,,,405.0,402.5,2.5,1.35,1.3629,0.3793,-0.0012396233620415,0.2212863002900484,-6.120793011733005e-06,0.3767258382642998,0.5700197238658777,0.0532544378698224,405.18,True,False,False,,False,402.135,right_only,False
2026-09-21,IWM,286.0,285.0,1.0,-0.525,0.4669,0.1572,-0.0008096779527752007,0.17883792894259365,-1.107318350440949e-05,0.4556213017751479,0.4714003944773176,0.07297830374753451,281.97,True,False,True,False,False,,False,287.0,286.0,1.0,0.5,0.5209,0.1614,-0.0005909494955497,0.1827483860504911,-7.357861199537464e-06,0.4201183431952662,0.5108481262327417,0.0690335305719921,281.97,True,False,False,,False,286.05,both,False
2026-09-21,JNJ,270.0,267.5,2.5,1.34,1.0133,0.259,-0.0013242943193011447,0.10791651593154516,-9.93489723271985e-05,0.4516765285996055,0.4161735700197239,0.13214990138067062,271.22,True,False,False,True,False,,False,270.0,267.5,2.5,0.86,1.0948,0.2497,-0.0003670226756211,0.1056717471565089,-2.9058228634305277e-05,0.4832347140039448,0.3964497041420118,0.1203155818540434,271.22,False,False,False,,False,269.83,both,False
2026-09-21,JPM,352.5,350.0,2.5,3.325,1.105,0.3934,-0.0010050343272726137,0.13656013362929353,-3.791450548334259e-05,0.4556213017751479,0.4477317554240631,0.09664694280078895,343.06,True,False,False,True,False,,False,352.5,350.0,2.5,1.42,1.1812,0.2445,-0.000562641051057,0.135943421179244,-2.154189732781021e-05,0.4556213017751479,0.4556213017751479,0.0887573964497041,343.06,True,True,True,13.0,False,351.51,both,False
2026-09-21,KO,,,,,,,,,,,,,,,,,,,,,88.0,87.0,1.0,0.44,0.4605,0.1898,-0.0006172763867213,0.0312948783649744,-0.000291266831973,0.3727810650887574,0.3570019723865877,0.2702169625246548,87.81,True,False,False,,False,87.66,right_only,False
2026-09-21,LOW,192.5,190.0,2.5,1.3,1.0134,0.2394,-0.002782247891969458,0.07479464514408285,-0.0004621747150625475,0.3609467455621302,0.4990138067061144,0.14003944773175542,189.28,True,False,False,True,False,,False,192.5,190.0,2.5,1.05,1.0826,0.2974,-0.0009369382638522,0.0831793120063832,-0.0001272703933768,0.4556213017751479,0.4240631163708087,0.1203155818540434,189.28,False,False,False,,False,192.33,both,False
2026-09-21,MA,570.0,567.5,2.5,-0.75,1.2878,0.2111,-0.0005296948896809095,0.18720408597477645,-5.9263179288608965e-06,0.4319526627218935,0.5069033530571992,0.0611439842209073,567.65,True,False,True,False,False,,False,570.0,567.5,2.5,2.05,1.3175,0.2243,-0.000431404734852,0.1982127758102856,-3.705951681984555e-06,0.4280078895463511,0.514792899408284,0.0571992110453648,567.65,True,True,True,12.0,False,567.25,both,False
2026-09-21,MCD,,,,,,,,,,,,,,,,,,,,,250.0,247.5,2.5,1.235,1.2889,0.3038,6.161215858102587e-05,0.1147402481281444,3.923928324267176e-06,0.408284023668639,0.4240631163708087,0.1676528599605522,236.5,True,False,False,,False,248.65,right_only,False
2026-09-21,MDT,92.0,91.0,1.0,0.945,0.4487,0.5166,-0.0011794305810480799,0.09720159496975667,-0.00011442833859754773,0.40433925049309666,0.4280078895463511,0.16765285996055226,88.64,True,False,False,True,False,,False,,,,,,,,,,,,,,,,,,,,left_only,False
2026-09-21,MO,,,,,,,,,,,,,,,,,,,,,69.0,68.0,1.0,0.385,0.4795,0.2496,-5.216934302543219e-05,0.0324321137809011,-2.395373575844092e-05,0.4240631163708087,0.3846153846153846,0.1913214990138067,68.82,True,False,False,,False,68.585,right_only,False
2026-09-21,MRK,150.0,149.0,1.0,0.505,0.5475,0.2742,-0.00041417976798463485,0.19347792359329374,-3.986166274410063e-06,0.41222879684418146,0.534516765285996,0.05325443786982249,148.78,True,False,True,False,False,,False,,,,,,,,,,,,,,,,,,,,left_only,False
2026-09-21,MS,207.5,205.0,2.5,1.15,1.292,0.3071,-0.00011664186038384816,0.09188930806607609,-1.2855411156041168e-05,0.40828402366863903,0.4437869822485207,0.14792899408284024,196.31,True,False,True,False,False,,False,207.5,205.0,2.5,1.47,1.1917,0.3215,-0.0002203039079398,0.095972744911424,-2.20136367796702e-05,0.4358974358974359,0.408284023668639,0.155818540433925,196.31,True,True,True,14.0,False,206.5,both,False
2026-09-21,MSFT,502.5,500.0,2.5,1.35,1.2889,0.2872,9.489255860839485e-05,0.20447572377690348,7.014034089482672e-07,0.45956607495069035,0.47534516765285995,0.0650887573964497,516.17,True,False,True,True,True,10.0,False,502.5,500.0,2.5,1.325,1.3298,0.2814,-0.0003026807899977,0.2073468312039537,-2.088309324441376e-06,0.4240631163708087,0.5069033530571992,0.0690335305719921,516.17,True,False,False,,False,500.31,both,False
2026-09-21,NEE,80.0,79.0,1.0,0.545,0.4267,0.226,-0.0009309938282622277,0.031916045513720404,-0.00043279646327865957,0.4280078895463511,0.38461538461538464,0.1873767258382643,76.08,True,False,False,True,False,,False,80.0,79.0,1.0,0.33,0.4308,0.2226,-0.0004156026755784,0.0444989224218286,-0.0001428443475763,0.4595660749506903,0.3648915187376725,0.1755424063116371,76.08,False,False,False,,False,79.755,both,False
2026-09-21,NFLX,74.0,73.0,1.0,0.535,0.5122,0.348,0.031034556200319363,0.08737480600801129,0.0038118169132956184,0.5424063116370809,0.3333333333333333,0.1242603550295858,71.145,True,False,True,True,True,1.0,True,74.0,73.0,1.0,0.44,0.4601,0.3455,-0.000116950721448,0.091456532539621,-1.3024026981310894e-05,0.4516765285996055,0.3806706114398422,0.1676528599605522,71.14,True,False,False,,False,73.81,both,False
2026-09-21,NOW,139.0,138.0,1.0,0.55,0.5473,0.6077,0.0046842014179184766,0.2558832690255729,1.0082006178074485e-05,0.47928994082840237,0.47534516765285995,0.045364891518737675,135.62,True,False,True,True,True,8.0,False,139.0,138.0,1.0,0.575,0.5707,0.5856,-0.0007512109019344,0.2583605983163818,-1.5235331539209836e-06,0.3648915187376725,0.5542406311637081,0.0808678500986193,135.62,True,True,True,10.0,False,137.415,both,False
2026-09-21,ORCL,150.0,149.0,1.0,0.525,0.5564,0.5326,0.0003268506850635511,0.2549144671058592,7.200434190695067e-07,0.4358974358974359,0.5187376725838264,0.045364891518737675,137.1,True,False,True,False,False,,False,150.0,149.0,1.0,0.55,0.5901,0.5421,0.002552043176428,0.2620553227516244,4.736610601465845e-06,0.4240631163708087,0.5266272189349113,0.04930966469428,137.1,True,False,False,,False,148.16,both,False
2026-09-21,PEP,130.0,129.0,1.0,0.5,0.4492,0.241,-0.0014954048463504677,0.10803867474663997,-0.00011185731159875885,0.40828402366863903,0.46745562130177515,0.1242603550295858,128.63,True,False,False,True,False,,False,,,,,,,,,,,,,,,,,,,,left_only,False
2026-09-21,PG,,,,,,,,,,,,,,,,,,,,,147.0,146.0,1.0,0.485,0.4858,0.2055,-0.0004337580935606,0.1147777735722037,-2.760012839927206e-05,0.4437869822485207,0.4556213017751479,0.1005917159763313,146.23,True,False,False,,False,146.61,right_only,False
2026-09-21,PYPL,53.0,52.0,1.0,0.495,0.471,0.3038,0.00028259792434637276,0.027088698859753846,0.00014751005644484226,0.4280078895463511,0.34911242603550297,0.22287968441814596,55.04,True,False,True,True,True,2.0,True,53.0,52.0,1.0,0.46,0.4645,0.2996,0.0045643417953105,0.0266061292589709,0.0024102421422063,0.4595660749506903,0.3057199211045365,0.2347140039447731,55.04,True,False,False,,False,52.72,both,False
2026-09-21,QCOM,197.5,195.0,2.5,1.7,1.4977,0.6921,-0.0005072067126126178,0.20479971155276844,-3.7200070387312633e-06,0.3333333333333333,0.5424063116370809,0.1242603550295858,201.97,True,False,True,True,True,11.0,False,195.0,192.5,2.5,1.375,1.3435,0.6331,0.0013027441525512,0.1855298636743074,1.5172908120332631e-05,0.4477317554240631,0.4674556213017751,0.0848126232741617,201.97,True,True,True,4.0,True,193.785,both,True
2026-09-21,QQQ,743.0,742.0,1.0,0.49,0.51,0.1762,-0.00037201021384203337,0.2949828399552288,-3.1327720279029484e-07,0.4714003944773176,0.5226824457593688,0.005917159763313609,744.5,True,False,True,False,False,,False,,,,,,,,,,,,,,,,,,,,left_only,False
2026-09-21,RTX,195.0,192.5,2.5,0.645,0.7768,0.255,-0.0025394831718963395,0.07477850991681145,-0.00042201110365721115,0.43984220907297833,0.40828402366863903,0.15187376725838264,189.4,True,False,False,False,False,,False,195.0,192.5,2.5,1.09,1.1288,0.2597,-0.0006314434861393,0.0580023746136331,-0.0001569537938891,0.4398422090729783,0.408284023668639,0.1518737672583826,189.4,True,False,False,,False,194.34,both,False
2026-09-21,SBUX,95.0,94.0,1.0,0.675,0.4255,0.364,-0.0004022978471878158,0.12442808231589952,-2.030604758148297e-05,0.48717948717948717,0.3806706114398422,0.13214990138067062,94.86,True,False,False,True,False,,False,,,,,,,,,,,,,,,,,,,,left_only,False
2026-09-21,SCHW,107.0,106.0,1.0,0.355,0.4788,0.2464,0.011329013259852694,0.0770215538099912,0.0017839851120961274,0.4990138067061144,0.3214990138067061,0.1794871794871795,99.03,True,False,True,False,False,,False,,,,,,,,,,,,,,,,,,,,left_only,False
2026-09-21,SPY,775.0,774.0,1.0,0.53,0.5339,0.1135,5.5112380908273195e-05,0.2598485402246894,1.078525162293871e-07,0.4556213017751479,0.5108481262327417,0.03353057199211045,771.35,True,False,True,False,False,,False,776.0,775.0,1.0,0.515,0.5389,0.1069,7.584626120360483e-05,0.261456409897167,1.4280925433220377e-07,0.4516765285996055,0.514792899408284,0.0335305719921104,771.35,True,False,False,,False,774.07,both,False
2026-09-21,T,25.5,25.0,0.5,0.195,0.2489,0.2869,0.015054577273538428,0.039851537228193346,0.0057848659550544905,0.47534516765285995,0.3175542406311637,0.20710059171597633,25.38,True,False,True,False,False,,False,,,,,,,,,,,,,,,,,,,,left_only,False
2026-09-21,TJX,132.0,131.0,1.0,0.7,0.6212,0.2883,0.0005585574222444212,0.15720930607991834,1.2837031531858829e-05,0.3530571992110454,0.5384615384615384,0.10848126232741617,130.06,True,False,True,True,True,6.0,True,132.0,131.0,1.0,0.35,0.5472,0.266,-0.0007352342957037,0.1399461546778333,-2.557157813987105e-05,0.3727810650887574,0.5187376725838264,0.1084812623274161,130.06,True,False,False,,False,131.21,both,False
2026-09-21,TSLA,377.5,375.0,2.5,1.35,1.3323,0.4294,0.00019907574566269126,0.2235272219227128,9.314917530654448e-07,0.4556213017751479,0.4990138067061144,0.045364891518737675,372.11,True,False,True,True,True,9.0,False,377.5,375.0,2.5,1.35,1.3476,0.4347,0.0015807073527338,0.2265139192390927,6.88464559357009e-06,0.4674556213017751,0.4871794871794871,0.0453648915187376,372.11,True,True,True,5.0,True,375.225,both,True
2026-09-21,TXN,272.5,270.0,2.5,1.225,1.2728,0.3901,-0.0011671029057537252,0.17179777183691147,-1.8899458749267337e-05,0.3767258382642998,0.5029585798816568,0.1203155818540434,278.07,True,False,True,False,False,,False,272.5,270.0,2.5,1.4,1.4197,0.404,-0.0015301891030652,0.1836074038951858,-1.8663484420095854e-05,0.3214990138067061,0.5700197238658777,0.1084812623274161,278.07,True,False,False,,False,269.46,both,False
2026-09-21,UNH,380.0,377.5,2.5,1.325,1.4513,0.2886,0.002055210231856286,0.1874179133910442,2.2876347188623858e-05,0.4280078895463511,0.5187376725838264,0.05325443786982249,376.59,True,False,True,False,False,,False,377.5,375.0,2.5,1.2,1.2632,0.297,-0.0003064920568101,0.1735818307227949,-4.755148386394292e-06,0.4516765285996055,0.4871794871794871,0.0611439842209073,376.59,True,False,False,,False,376.15,both,False
2026-09-21,UPS,95.0,94.0,1.0,0.465,0.4611,0.2713,-0.0002465225624527223,0.08922173955049506,-2.8966261939327233e-05,0.45956607495069035,0.40433925049309666,0.13609467455621302,93.96,True,False,True,True,True,16.0,False,,,,,,,,,,,,,,,,,,,,left_only,False
2026-09-21,V,,,,,,,,,,,,,,,,,,,,,370.0,367.5,2.5,1.075,1.091,0.2048,-0.0008482597365412,0.1211368504777419,-4.6335224979229056e-05,0.4595660749506903,0.4240631163708087,0.1163708086785009,367.38,False,False,False,,False,369.695,right_only,False
2026-09-21,VRTX,512.5,510.0,2.5,2.1,1.2,0.3295,-0.0011861650021359749,0.22601965301541083,-5.227896625962454e-06,0.4280078895463511,0.5069033530571992,0.0650887573964497,526.19,True,False,True,True,True,13.0,False,515.0,512.5,2.5,1.3,1.3612,0.3241,-0.0010393868591421,0.2346560022261957,-3.723418531318421e-06,0.3846153846153846,0.5581854043392505,0.0571992110453648,526.19,True,False,False,,False,511.43,both,False
2026-09-21,VZ,48.0,47.5,0.5,0.205,0.2252,0.16,-0.0013317981224075792,0.07965265507756136,-0.00019688534574172672,0.39644970414201186,0.43984220907297833,0.16370808678500987,47.08,True,False,True,False,False,,False,48.0,47.5,0.5,0.225,0.2318,0.2426,-0.0004198903513183,0.0764262157549307,-6.707184986129131e-05,0.4240631163708087,0.3925049309664694,0.1834319526627219,47.08,True,False,False,,False,47.825,both,False
2026-09-21,WMT,108.0,107.0,1.0,-0.075,0.5374,0.4829,0.007295074974673632,0.0712870321047625,0.0013182573684077626,0.4556213017751479,0.40828402366863903,0.13609467455621302,107.98,True,False,True,False,False,,False,108.0,107.0,1.0,0.485,0.4975,0.2452,0.0010385894815878,0.0928078874516789,0.0001119698350409,0.4556213017751479,0.408284023668639,0.136094674556213,107.98,True,False,False,,False,107.515,both,False
2026-09-21,XOM,,,,,,,,,,,,,,,,,,,,,160.0,157.5,2.5,1.26,1.3259,0.3294,0.0001995102859297,0.0589873366718769,4.843243400796156e-05,0.3925049309664694,0.4240631163708087,0.1834319526627219,160.59,True,False,False,,False,158.53,right_only,False
2026-09-22,AAPL,340.0,337.5,2.5,1.045,0.9244,0.2504,-0.0012490416254217207,0.1523119862660265,-3.228633792154884e-05,0.49506903353057197,0.388560157790927,0.11637080867850098,341.07,True,False,False,True,False,,False,,,,,,,,,,,,,,,,,,,,left_only,False
2026-09-22,ABBV,,,,,,,,,,,,,,,,,,,,,267.5,265.0,2.5,1.5,1.3334,0.2722,-0.0002424360103745,0.0905386918374211,-2.75998185027518e-05,0.388560157790927,0.4635108481262327,0.1479289940828402,264.34,True,True,True,13.0,False,265.65,right_only,False
2026-09-22,ABT,104.0,103.0,1.0,1.075,0.5004,0.5513,0.0004963239146111853,0.09945880584853728,4.5614124978923804e-05,0.4161735700197239,0.388560157790927,0.1952662721893491,101.29,True,False,True,True,True,4.0,True,,,,,,,,,,,,,,,,,,,,left_only,False
2026-09-22,ACN,185.0,182.5,2.5,0.5,1.2052,0.4,3.3274853865616905e-05,0.12888768832419129,1.5090758638461763e-06,0.4477317554240631,0.40433925049309666,0.14792899408284024,176.11,True,False,True,False,False,,False,,,,,,,,,,,,,,,,,,,,left_only,False
2026-09-22,ADI,,,,,,,,,,,,,,,,,,,,,390.0,387.5,2.5,1.2,1.3106,0.4075,-0.0004976266402931,0.2035418038457574,-3.7616089769063054e-06,0.4122287968441814,0.4990138067061144,0.0887573964497041,393.6,True,False,False,,False,388.01,right_only,False
2026-09-22,ADP,270.0,267.5,2.5,0.9,0.927,0.3288,-0.0016100394841429555,0.132570131137131,-6.68419471425194e-05,0.4556213017751479,0.39644970414201186,0.14792899408284024,263.67,True,False,False,False,False,,False,,,,,,,,,,,,,,,,,,,,left_only,False
2026-09-22,AMGN,,,,,,,,,,,,,,,,,,,,,410.0,407.5,2.5,1.25,1.244,0.3145,0.0033093599769384,0.1727617349589925,5.236447745185829e-05,0.5029585798816568,0.4201183431952662,0.0769230769230769,414.61,True,True,True,2.0,True,409.27,right_only,True
2026-09-22,AMZN,,,,,,,,,,,,,,,,,,,,,257.5,255.0,2.5,1.335,1.3435,0.318,-0.0005727887769687,0.1044463891635146,-4.67027795534436e-05,0.3846153846153846,0.4990138067061144,0.1163708086785009,249.67,True,False,False,,False,255.85,right_only,False
2026-09-22,AVGO,367.5,365.0,2.5,-0.65,1.4623,0.3791,-7.783246260606447e-05,0.19343005772224509,-7.499394687593543e-07,0.39250493096646943,0.5542406311637081,0.05325443786982249,352.81,True,False,True,False,False,,False,367.5,365.0,2.5,1.35,1.3894,0.3793,-0.0004638567293321,0.1868102255325405,-5.238998314865e-06,0.4043392504930966,0.5463510848126233,0.04930966469428,352.81,True,False,False,,False,365.29,both,False
2026-09-22,AXP,,,,,,,,,,,,,,,,,,,,,307.5,305.0,2.5,1.255,1.3166,0.2916,0.003518204566312,0.1190916654239326,0.0002018462162768,0.4635108481262327,0.4319526627218935,0.1045364891518737,308.89,True,False,False,,False,305.915,right_only,False
2026-09-22,BLK,1070.0,1067.5,2.5,-10.55,1.238,0.0831,-0.0006501160798138006,0.2905408391154054,-6.090656560390128e-07,0.4556213017751479,0.5069033530571992,0.03747534516765286,1086.31,True,False,True,False,False,,False,1075.0,1072.5,2.5,1.0,1.4041,0.3106,0.000250447324487,0.2910402663245731,2.3183768753365785e-07,0.4398422090729783,0.5384615384615384,0.0216962524654832,1086.31,True,False,False,,False,1069.87,both,False
2026-09-22,CAT,812.5,810.0,2.5,-2.6,1.1005,0.3667,-0.0026211889320850723,0.2862099829653939,-2.724660119442049e-06,0.40433925049309666,0.5739644970414202,0.021696252465483234,821.58,True,False,False,False,False,,False,810.0,807.5,2.5,1.05,1.3686,0.3755,-0.0009933695969763,0.2809797267987513,-1.1706853587491624e-06,0.4003944773175542,0.5779092702169625,0.0216962524654832,821.58,True,False,False,,False,805.69,both,False
2026-09-22,CME,267.5,265.0,2.5,0.175,0.4056,0.0715,-0.0029397814987013327,0.1586571481757043,-6.52560642893325e-05,0.5187376725838264,0.3333333333333333,0.14792899408284024,264.48,True,False,False,False,False,,False,270.0,267.5,2.5,1.125,1.2729,0.2859,0.0004421231761839,0.0957669486439527,4.4397437550594005e-05,0.4319526627218935,0.4201183431952662,0.1479289940828402,264.48,True,False,False,,False,268.61,both,False
2026-09-22,COST,905.0,902.5,2.5,2.825,1.4442,0.475,-0.0003030247464261837,0.30721223800253006,-1.902760743558001e-07,0.39644970414201186,0.5660749506903353,0.03747534516765286,922.765,True,False,True,True,True,7.0,False,,,,,,,,,,,,,,,,,,,,left_only,False
2026-09-22,CRM,235.0,232.5,2.5,1.31,1.2562,0.3975,-0.0008327313719804774,0.1287730465110778,-3.7869952638372266e-05,0.388560157790927,0.4714003944773176,0.14003944773175542,234.02,True,False,True,True,True,15.0,False,235.0,232.5,2.5,1.12,1.2758,0.4128,0.000998720722416,0.130398503921284,4.368090666977916e-05,0.4398422090729783,0.4161735700197239,0.1439842209072978,234.02,True,False,False,,False,233.61,both,False
2026-09-22,CSCO,107.0,106.0,1.0,-0.82,0.5246,0.0,-0.0003471973508091253,0.13124946845498187,-1.4878334727675088e-05,0.39644970414201186,0.46745562130177515,0.13609467455621302,106.7,True,False,True,False,False,,False,106.0,105.0,1.0,0.475,0.4862,0.3325,-0.0006547494372682,0.1162963157044811,-4.017082745622396e-05,0.4122287968441814,0.4477317554240631,0.1400394477317554,106.7,True,False,False,,False,105.6099,both,False
2026-09-22,CVX,202.5,200.0,2.5,0.95,0.877,0.3065,-0.0008029520752077524,0.08925070570735527,-9.428084993229182e-05,0.5187376725838264,0.3214990138067061,0.15976331360946747,204.45,True,False,False,True,False,,False,,,,,,,,,,,,,,,,,,,,left_only,False
2026-09-22,DE,,,,,,,,,,,,,,,,,,,,,702.5,700.0,2.5,1.0,1.3875,0.3272,-0.0009427267119416,0.2536657252900879,-2.139985442859069e-06,0.3925049309664694,0.5779092702169625,0.029585798816568,690.46,True,False,False,,False,698.7,right_only,False
2026-09-22,DIS,104.0,103.0,1.0,-0.385,0.4355,0.2671,-0.0005461709604370757,0.088219719892769,-6.573679166559165e-05,0.4516765285996055,0.3806706114398422,0.16765285996055226,106.15,True,False,False,False,False,,False,104.0,103.0,1.0,0.42,0.4167,0.2746,-0.0006137221803164,0.0953742709410281,-6.221274287343077e-05,0.4753451676528599,0.3767258382642998,0.1479289940828402,106.15,False,True,False,,False,103.91,both,False
2026-09-22,EMR,155.0,152.5,2.5,2.4,1.4337,1.0405,0.013024624748729119,0.04398484922113277,0.004532190586721744,0.39644970414201186,0.368836291913215,0.23471400394477318,158.23,True,False,True,True,True,2.0,True,155.0,152.5,2.5,1.1,1.07,0.3266,-0.0002878352794702,0.0460709172659477,-9.526727437640314e-05,0.4437869822485207,0.3293885601577909,0.2268244575936883,158.23,False,True,False,,False,154.57,both,False
2026-09-22,EOG,141.0,140.0,1.0,-0.9,0.4547,0.0,-0.002243926865180157,0.23286004700140972,-8.392525991034953e-06,0.39644970414201186,0.5463510848126233,0.05719921104536489,140.35,True,False,True,False,False,,False,141.0,140.0,1.0,0.425,0.547,0.3866,-0.0002259436894419,0.1858985147354432,-2.608359429985801e-06,0.4122287968441814,0.514792899408284,0.0729783037475345,140.35,True,False,False,,False,140.03,both,False
2026-09-22,FCX,75.0,74.0,1.0,-1.765,0.5641,0.495,0.0046924239704613235,0.1428358207594158,0.00015226841745063943,0.4358974358974359,0.45956607495069035,0.10453648915187377,72.31,True,False,True,False,False,,False,75.0,74.0,1.0,0.6,0.5328,0.5204,0.0002865085606436,0.1334812281235002,1.1637340546669488e-05,0.4240631163708087,0.4595660749506903,0.1163708086785009,72.31,True,True,True,4.0,True,74.3,both,True
2026-09-22,GE,320.0,317.5,2.5,1.2,1.1978,0.3675,-0.000595040198239416,0.1494291885070268,-1.6482981743636028e-05,0.4556213017751479,0.4714003944773176,0.07297830374753451,327.09,True,False,True,True,True,12.0,False,320.0,317.5,2.5,1.15,1.2089,0.344,-0.0001710043401547,0.1506503768731358,-4.600108509538843e-06,0.4753451676528599,0.4556213017751479,0.0690335305719921,327.09,True,False,False,,False,319.54,both,False
2026-09-22,GM,84.0,83.0,1.0,0.515,0.4683,0.3534,-0.0017828512602214852,0.09892630784878897,-0.00016595850793864756,0.3609467455621302,0.4832347140039448,0.15581854043392504,82.63,True,False,True,True,True,17.0,False,84.0,83.0,1.0,0.485,0.5066,0.3639,-0.000888365555877,0.0937120574230621,-9.371834384288906e-05,0.3806706114398422,0.4753451676528599,0.1439842209072978,82.63,True,False,False,,False,83.47,both,False
2026-09-22,GOOGL,352.5,350.0,2.5,1.275,1.3247,0.356,0.00012396625417943063,0.17081910724547789,2.055154054766423e-06,0.4358974358974359,0.47534516765285995,0.08875739644970414,343.92,True,False,True,False,False,,False,355.0,352.5,2.5,1.325,1.3186,0.3596,-0.0001852704799754,0.1712449645545363,-3.040243655161119e-06,0.4280078895463511,0.4911242603550296,0.0808678500986193,343.92,True,True,True,7.0,False,353.29,both,False
2026-09-22,HD,307.5,305.0,2.5,1.44,1.4236,0.2953,-0.0007330307051263141,0.1258424735114272,-3.576494509512536e-05,0.3530571992110454,0.534516765285996,0.11242603550295859,293.2,True,False,True,True,True,14.0,False,307.5,305.0,2.5,1.32,1.3582,0.2922,-0.0007397645383924,0.1235921868747416,-3.809638741789713e-05,0.3648915187376725,0.5029585798816568,0.1321499013806706,293.2,True,False,False,,False,305.475,both,False
2026-09-22,HON,212.5,210.0,2.5,1.125,1.1654,0.3155,0.0026590977620271072,0.05553633392219548,0.0007012539873618234,0.48717948717948717,0.3530571992110454,0.15976331360946747,212.55,True,False,True,False,False,,False,212.5,210.0,2.5,1.2,1.2116,0.3293,0.0021231433030719,0.0804570183031845,0.0003078721256854,0.4714003944773176,0.3806706114398422,0.1479289940828402,212.55,True,False,False,,False,211.46,both,False
2026-09-22,IBM,232.5,230.0,2.5,1.23,1.1817,0.3632,0.0009421274077106023,0.1235933758093255,4.851628420304137e-05,0.47534516765285995,0.3806706114398422,0.14398422090729784,225.51,True,False,True,True,True,3.0,True,,,,,,,,,,,,,,,,,,,,left_only,False
2026-09-22,INTC,125.0,124.0,1.0,0.6,0.5723,0.7781,-0.0007351961569100895,0.2531001311438774,-1.6917004327441544e-06,0.38461538461538464,0.5818540433925049,0.03353057199211045,123.0,True,False,True,True,True,9.0,False,124.0,123.0,1.0,0.55,0.5708,0.7485,-0.0008454159974939,0.2518984520918984,-2.002238812488134e-06,0.3846153846153846,0.5897435897435898,0.0256410256410256,123.0,True,False,False,,False,122.835,both,False
2026-09-22,ISRG,,,,,,,,,,,,,,,,,,,,,405.0,402.5,2.5,1.95,1.3522,0.3839,-0.0014938298037607,0.2073937668113685,-1.0294893914812843e-05,0.3648915187376725,0.5739644970414202,0.0611439842209073,405.18,True,True,True,11.0,False,401.935,right_only,False
2026-09-22,IWM,288.0,287.5,0.5,2.6,0.272,0.39,-0.0007423679525719873,0.2593935189200278,-1.468733638533769e-06,0.40039447731755423,0.5463510848126233,0.05325443786982249,281.97,True,False,True,True,True,8.0,False,288.0,287.5,0.5,0.23,0.267,0.1631,-0.0004265399344953,0.2528186328739691,-9.881298197302902e-07,0.4201183431952662,0.5187376725838264,0.0611439842209073,281.97,True,False,False,,False,287.375,both,False
2026-09-22,JNJ,270.0,267.5,2.5,1.085,1.0707,0.2556,-0.0011486285286718134,0.08445393124989886,-0.00015132495976638355,0.4280078895463511,0.41222879684418146,0.15976331360946747,271.22,True,False,False,True,False,,False,270.0,267.5,2.5,1.165,1.1414,0.2484,-0.0006532908056375,0.0776197725840293,-0.0001014075783971,0.4280078895463511,0.408284023668639,0.1637080867850098,271.22,True,True,True,15.0,False,269.3,both,False
2026-09-22,JPM,,,,,,,,,,,,,,,,,,,,,342.5,340.0,2.5,1.315,1.3204,0.2674,-0.0002453535133513,0.1269557180119505,-1.165532141916286e-05,0.3964497041420118,0.4635108481262327,0.1400394477317554,343.06,True,False,False,,False,340.48,right_only,False
2026-09-22,KO,89.0,88.0,1.0,0.855,0.6195,0.32,0.020247188865179178,0.012506068637575085,0.014997301953267294,0.368836291913215,0.3767258382642998,0.25443786982248523,87.81,True,False,True,True,True,1.0,True,89.0,88.0,1.0,0.43,0.3875,0.1988,-0.0005724416575956,0.0412473288647818,-0.0002127196133638,0.4477317554240631,0.2899408284023668,0.26232741617357,87.81,False,True,False,,False,88.865,both,False
2026-09-22,LOW,197.5,195.0,2.5,-1.6,1.8832,0.3765,0.0600772545018442,0.08781553953559862,0.007301343411418922,0.34516765285996054,0.47928994082840237,0.1755424063116371,189.28,True,False,True,False,False,,False,197.5,195.0,2.5,1.15,1.3285,0.3147,-0.0009688085148257,0.0646120819297113,-0.0002054858170838,0.3412228796844181,0.4792899408284023,0.1794871794871795,189.28,True,False,False,,False,195.855,both,False
2026-09-22,MA,557.5,555.0,2.5,-2.35,1.2048,0.0314,-0.0009246486558233125,0.17718871507660205,-1.3156088719765501e-05,0.4319526627218935,0.48717948717948717,0.08086785009861933,567.65,True,False,True,False,False,,False,560.0,557.5,2.5,1.15,1.241,0.2407,-0.0003517555573157,0.1801228229280658,-4.664537769667573e-06,0.4477317554240631,0.4714003944773176,0.0808678500986193,567.65,True,False,False,,False,558.64,both,False
2026-09-22,MCD,252.5,250.0,2.5,1.625,1.3814,0.3837,-0.0008485666033020145,0.12738299993857516,-3.989921216309266e-05,0.3136094674556213,0.46745562130177515,0.21893491124260356,236.5,True,False,True,True,True,16.0,False,252.5,250.0,2.5,1.3,1.2962,0.3623,0.0004033188477428,0.1219238677265579,2.1618611974444677e-05,0.3925049309664694,0.3964497041420118,0.2110453648915187,236.5,True,True,True,3.0,True,251.04,both,True
2026-09-22,MDT,91.0,90.0,1.0,-0.035,0.4193,0.1972,-0.0014188424657031184,0.100044717286492,-0.0001285764203286906,0.39250493096646943,0.39250493096646943,0.21499013806706113,88.64,True,False,False,False,False,,False,,,,,,,,,,,,,,,,,,,,left_only,False
2026-09-22,MMM,170.0,167.5,2.5,4.26,1.1027,0.7897,-0.0003447498837731988,0.02137895466692097,-0.00020638106035140297,0.43984220907297833,0.35700197238658776,0.20315581854043394,169.55,True,False,False,True,False,,False,,,,,,,,,,,,,,,,,,,,left_only,False
2026-09-22,MO,69.0,68.0,1.0,0.29,0.4055,0.2062,-0.0009530580443253278,0.01967724610490773,-0.0005943223816769087,0.4240631163708087,0.34516765285996054,0.23076923076923078,68.82,True,False,False,False,False,,False,69.0,67.0,2.0,0.525,0.5319,0.2279,-0.0008888400595804,0.1164691236921418,-5.430728284019441e-05,0.4674556213017751,0.1282051282051282,0.4043392504930966,68.82,False,False,False,,False,68.88,both,False
2026-09-22,MSFT,500.0,497.5,2.5,1.25,1.3068,0.3318,-0.0006833965988553015,0.18528890706212475,-8.005602374335788e-06,0.41222879684418146,0.514792899408284,0.07297830374753451,516.17,True,False,True,False,False,,False,500.0,497.5,2.5,1.25,1.236,0.2787,-0.0003509353781228,0.1827093754075519,-4.373558976803186e-06,0.4516765285996055,0.4714003944773176,0.0769230769230769,516.17,True,True,True,9.0,False,499.05,both,False
2026-09-22,NOW,138.0,137.0,1.0,0.57,0.5365,0.5918,0.0009131470962662203,0.23468215775606338,3.2691342502452322e-06,0.45956607495069035,0.48717948717948717,0.05325443786982249,135.62,True,False,True,True,True,6.0,True,139.0,138.0,1.0,0.575,0.5492,0.5845,-0.0006748245767259,0.2367380273177426,-2.29961131491413e-06,0.3846153846153846,0.5305719921104537,0.0848126232741617,135.62,True,True,True,6.0,True,137.889,both,True
2026-09-22,NVDA,230.0,227.5,2.5,1.2,1.2041,0.3114,-0.0009269592815360772,0.0851572118799171,-0.00012007740235785376,0.40433925049309666,0.45956607495069035,0.13609467455621302,225.07,True,False,True,False,False,,False,230.0,227.5,2.5,1.065,1.0976,0.3114,-0.0008756936152336,0.0915371833851461,-9.733161644832876e-05,0.4556213017751479,0.4280078895463511,0.1163708086785009,225.07,False,False,False,,False,229.665,both,False
2026-09-22,ORCL,150.0,149.0,1.0,-0.125,0.5464,0.5569,0.0004008605694707512,0.23724827669770843,1.3493932123067279e-06,0.4358974358974359,0.49506903353057197,0.06903353057199212,137.1,True,False,True,False,False,,False,152.5,150.0,2.5,1.505,1.4715,0.5683,0.0020272944981818,0.1224263274144926,0.0001073640682088,0.3964497041420118,0.4950690335305719,0.1084812623274161,137.1,True,True,True,1.0,True,150.2,both,True
2026-09-22,PFE,28.0,27.5,0.5,0.185,0.1819,0.232,-0.0006724782799941709,0.032447261740843114,-0.00030865851358809356,0.4319526627218935,0.24260355029585798,0.3254437869822485,28.67,True,False,False,True,False,,False,28.0,27.5,0.5,0.19,0.2018,0.2185,-0.0003823220009565,0.0249419178626377,-0.0002101154537224,0.408284023668639,0.2583826429980276,0.3333333333333333,28.67,False,False,False,,False,27.895,both,False
2026-09-22,PM,,,,,,,,,,,,,,,,,,,,,192.5,190.0,2.5,1.6,1.2352,0.2991,-0.000235252835333,0.0511299508794105,-6.896106084446334e-05,0.408284023668639,0.4161735700197239,0.1755424063116371,190.48,True,True,True,14.0,False,191.34,right_only,False
2026-09-22,PNC,,,,,,,,,,,,,,,,,,,,,230.0,227.5,2.5,1.0,1.1953,0.2952,-0.0001149158235503,0.0768892230092992,-1.8153412126510145e-05,0.408284023668639,0.3727810650887574,0.2189349112426035,225.64,True,False,False,,False,228.88,right_only,False
2026-09-22,PYPL,53.0,52.0,1.0,0.375,0.432,0.3742,0.0028826980235776567,0.05379722350910621,0.0007926237017584817,0.4832347140039448,0.28205128205128205,0.23471400394477318,55.04,True,False,False,False,False,,False,,,,,,,,,,,,,,,,,,,,left_only,False
2026-09-22,QCOM,200.0,197.5,2.5,-1.675,1.3131,0.6272,-0.00041909962863340144,0.17544365348354485,-6.2180788048447515e-06,0.39250493096646943,0.4714003944773176,0.13609467455621302,201.97,True,False,True,False,False,,False,197.5,195.0,2.5,1.3,1.2829,0.6343,2.765358475254054e-05,0.1677699239460142,4.932580530673374e-07,0.4280078895463511,0.4437869822485207,0.1282051282051282,201.97,True,True,True,5.0,True,196.45,both,True
2026-09-22,QQQ,749.0,748.0,1.0,0.505,0.5177,0.1662,0.0006110833371990587,0.2782935514432021,7.68118016743753e-07,0.48717948717948717,0.48717948717948717,0.02564102564102564,744.5,True,False,True,False,False,,False,749.0,748.0,1.0,0.51,0.5224,0.1559,0.0001996496875305,0.2759735057947564,2.6532497842422444e-07,0.4714003944773176,0.4950690335305719,0.0335305719921104,744.5,True,False,False,,False,747.292,both,False
2026-09-22,REGN,,,,,,,,,,,,,,,,,,,,,812.5,810.0,2.5,0.95,1.3637,0.3149,0.0003519163148906,0.2632502031886335,6.346945172867607e-07,0.4358974358974359,0.4950690335305719,0.0690335305719921,788.04,True,False,False,,False,808.815,right_only,False
2026-09-22,RTX,,,,,,,,,,,,,,,,,,,,,192.5,190.0,2.5,1.035,1.1398,0.2613,-0.000772845726448,0.0375636356716995,-0.0003137361025681,0.4201183431952662,0.4122287968441814,0.1676528599605522,189.4,True,False,False,,False,191.64,right_only,False
2026-09-22,SCHW,101.0,100.0,1.0,-0.965,0.4287,0.0,-0.0013462725791408836,0.11770275870739311,-7.985630173673418e-05,0.3767258382642998,0.38461538461538464,0.23865877712031558,99.03,True,False,False,False,False,,False,102.0,101.0,1.0,0.54,0.5211,0.3455,-0.000358643718972,0.1210263187680921,-1.964254386064472e-05,0.3570019723865877,0.4201183431952662,0.2228796844181459,99.03,True,True,True,12.0,False,101.21,both,False
2026-09-22,SPY,774.0,773.0,1.0,0.47,0.4639,0.1245,-0.0006411743366671052,0.24644028285587716,-1.7310611595373203e-06,0.47928994082840237,0.4714003944773176,0.04930966469428008,771.35,True,False,True,True,True,10.0,False,775.0,774.0,1.0,0.475,0.4844,0.0991,-0.0002707660714802,0.2266532416313358,-1.1753634795792898e-06,0.4792899408284023,0.4714003944773176,0.04930966469428,771.35,True,False,False,,False,774.31,both,False
2026-09-22,TJX,131.0,130.0,1.0,0.625,0.4681,0.2825,-0.0004885462654795614,0.128195489023756,-2.2527627383762102e-05,0.4280078895463511,0.41222879684418146,0.15976331360946747,130.06,True,False,True,True,True,13.0,False,131.0,130.0,1.0,0.475,0.477,0.2701,-0.0003273245050987,0.1174310497398305,-1.9542798500046026e-05,0.4280078895463511,0.4122287968441814,0.1597633136094674,130.06,True,False,False,,False,130.71,both,False
2026-09-22,TSLA,382.5,380.0,2.5,1.15,1.5194,0.6261,0.0013982807013932508,0.23984325548202678,4.422745065709927e-06,0.388560157790927,0.5384615384615384,0.07297830374753451,372.11,True,False,True,False,False,,False,382.5,380.0,2.5,1.425,1.4431,0.4364,0.0004399899822393,0.2178899749904098,2.3570069184922324e-06,0.4043392504930966,0.5187376725838264,0.0769230769230769,372.11,True,False,False,,False,379.18,both,False
2026-09-22,TXN,272.5,270.0,2.5,1.95,1.2658,0.508,-0.0003703567779991257,0.15518777928247274,-8.93485663465519e-06,0.4280078895463511,0.4714003944773176,0.10059171597633136,278.07,True,False,True,True,True,11.0,False,272.5,270.0,2.5,1.35,1.4061,0.4124,-0.0005421741953709,0.1627255737485943,-1.0915388400910244e-05,0.368836291913215,0.5226824457593688,0.1084812623274161,278.07,True,False,False,,False,269.86,both,False
2026-09-22,UNH,375.0,372.5,2.5,2.76,1.4269,0.3055,0.00048156273943145145,0.17274062837524007,7.623697145311989e-06,0.4161735700197239,0.5187376725838264,0.0650887573964497,376.59,True,False,True,True,True,5.0,True,375.0,372.5,2.5,1.3,1.258,0.3069,-0.0003050124061851,0.1560426993075934,-7.208981422376856e-06,0.4398422090729783,0.4714003944773176,0.0887573964497041,376.59,True,True,True,10.0,False,373.83,both,False
2026-09-22,UPS,96.0,95.0,1.0,-0.24,0.3669,0.2574,-0.0011001163580819373,0.0694153237875943,-0.0002079304112373673,0.48717948717948717,0.35700197238658776,0.15581854043392504,93.96,True,False,False,False,False,,False,96.0,95.0,1.0,0.445,0.4292,0.2749,-6.234799765236776e-05,0.0798166281738004,-9.180966486109142e-06,0.4871794871794871,0.3491124260355029,0.1637080867850098,93.96,False,True,False,,False,95.825,both,False
2026-09-22,V,362.5,360.0,2.5,2.585,1.0388,0.2247,-0.00107172417673973,0.10864468549695805,-7.900819322352895e-05,0.4516765285996055,0.40433925049309666,0.14398422090729784,367.38,True,False,False,True,False,,False,,,,,,,,,,,,,,,,,,,,left_only,False
2026-09-22,VRTX,,,,,,,,,,,,,,,,,,,,,520.0,517.5,2.5,1.7,1.2751,0.323,-0.0005417990230304,0.2099372086546455,-3.512760229990454e-06,0.4319526627218935,0.4990138067061144,0.0690335305719921,526.19,True,True,True,8.0,False,518.27,right_only,False
2026-09-22,VZ,,,,,,,,,,,,,,,,,,,,,46.5,46.0,0.5,0.115,0.2473,0.2584,-0.0001829413613331,0.0582066432399939,-4.525016125831692e-05,0.3767258382642998,0.3806706114398422,0.2426035502958579,47.08,True,False,False,,False,46.255,right_only,False
2026-09-22,WMT,,,,,,,,,,,,,,,,,,,,,110.0,109.0,1.0,0.43,0.4416,0.2725,0.0018921669324705,0.0988610144394517,0.0001764104936941,0.5226824457593688,0.3491124260355029,0.1282051282051282,107.98,False,False,False,,False,109.915,right_only,False
2026-09-22,XOM,160.0,157.5,2.5,1.165,1.1942,0.4848,-0.0005005269278474112,0.043770693453994314,-0.00017506629947251586,0.38461538461538464,0.388560157790927,0.22682445759368836,160.59,True,False,True,False,False,,False,160.0,157.5,2.5,1.23,1.232,0.3254,-0.0002184180804031,0.0381940843568631,-8.733514870785303e-05,0.3846153846153846,0.388560157790927,0.2268244575936883,160.59,True,False,False,,False,158.76,both,False
2026-09-23,AAPL,337.5,335.0,2.5,1.11,1.1348,0.2806,0.00031130627213582507,0.10146951922502934,2.7262408194227837e-05,0.45956607495069035,0.34516765285996054,0.1952662721893491,341.07,True,False,True,False,False,,False,337.5,335.0,2.5,1.155,1.2265,0.27,-3.0068243278225104e-05,0.0892550439453405,-3.5301787940287145e-06,0.4161735700197239,0.3964497041420118,0.1873767258382643,341.07,True,False,False,,False,336.34000000000003,both,False
2026-09-23,ABT,104.0,103.0,1.0,0.525,0.5585,0.34,0.0011927244883067623,0.08582116086535607,0.00015206188778024097,0.3806706114398422,0.4319526627218935,0.1873767258382643,101.29,True,False,True,False,False,,False,103.0,102.0,1.0,0.475,0.4202,0.2967,-0.0001123309474196,0.0777700059211459,-1.7373903121562982e-05,0.4714003944773176,0.3214990138067061,0.2071005917159763,101.29,False,True,False,,False,102.93,both,False
2026-09-23,ACN,185.0,182.5,2.5,1.5,1.4275,0.52,0.0022476737425058957,0.06475506461872071,0.00047510199974831085,0.3609467455621302,0.41222879684418146,0.22682445759368836,176.11,True,False,True,True,True,2.0,True,185.0,182.5,2.5,0.875,1.1418,0.4803,0.0026020066426342,0.0920017754463666,0.0002860010840656,0.4674556213017751,0.3175542406311637,0.2149901380670611,176.11,True,False,False,,False,184.78,both,False
2026-09-23,ADI,387.5,385.0,2.5,1.35,1.3875,0.4409,-0.00041843366517568814,0.1869220580361053,-4.7133031989591236e-06,0.39644970414201186,0.5305719921104537,0.07297830374753451,393.6,True,False,True,False,False,,False,385.0,382.5,2.5,1.3,1.2061,0.4411,-0.0003037604320274,0.1837579942965067,-3.691553879884098e-06,0.4398422090729783,0.4319526627218935,0.1282051282051282,393.6,True,True,True,10.0,False,384.225,both,False
2026-09-23,ADP,265.0,262.5,2.5,0.95,1.2762,0.2933,3.0601465335067246e-06,0.07985447122090039,4.502084831051303e-07,0.3767258382642998,0.388560157790927,0.23471400394477318,263.67,True,False,True,False,False,,False,,,,,,,,,,,,,,,,,,,,left_only,False
2026-09-23,AMGN,407.5,405.0,2.5,1.39,1.1028,0.3378,-0.0013707540839029697,0.16084657819587533,-2.8869867868777116e-05,0.42011834319526625,0.4516765285996055,0.1282051282051282,414.61,True,False,False,True,False,,False,410.0,407.5,2.5,1.885,1.2657,0.3505,-0.0001332340003634,0.1589993237440218,-2.933285757530978e-06,0.4280078895463511,0.4477317554240631,0.1242603550295858,414.61,True,True,True,9.0,False,408.8554,both,False
2026-09-23,AMZN,250.0,247.5,2.5,1.175,1.1756,0.3167,-0.0002656539319725315,0.07800782847089782,-4.0854074970591915e-05,0.4556213017751479,0.42011834319526625,0.1242603550295858,249.67,True,False,True,False,False,,False,,,,,,,,,,,,,,,,,,,,left_only,False
2026-09-23,AVGO,357.5,355.0,2.5,1.4,1.4237,0.3569,2.0642767795342465e-05,0.15195080135996997,5.382381265151389e-07,0.40433925049309666,0.5266272189349113,0.06903353057199212,352.81,True,False,True,False,False,,False,355.0,352.5,2.5,0.945,1.195,0.36,-0.0004636392643225,0.1436393722516624,-1.4757654070637611e-05,0.4595660749506903,0.4595660749506903,0.0808678500986193,352.81,True,False,False,,False,354.54,both,False
2026-09-23,AXP,302.5,300.0,2.5,1.17,1.1772,0.2845,0.0014894996777221614,0.08054289650517887,0.00021554421007484684,0.4477317554240631,0.34122287968441817,0.21104536489151873,308.89,True,False,True,False,False,,False,302.5,300.0,2.5,1.1,1.1485,0.2755,1.735770696553729e-05,0.0785682223111932,2.633725220912633e-06,0.4477317554240631,0.3609467455621302,0.1913214990138067,308.89,True,False,False,,False,301.765,both,False
2026-09-23,BA,,,,,,,,,,,,,,,,,,,,,200.0,197.5,2.5,1.155,1.1825,0.3804,0.0002687958528844,0.0627039506126563,5.968360535820353e-05,0.4477317554240631,0.3727810650887574,0.1794871794871795,198.07,True,False,False,,False,199.44,right_only,False
2026-09-23,CAT,815.0,812.5,2.5,1.325,1.2736,0.4016,-0.0007076272761518121,0.2637236761451913,-1.2618126288135923e-06,0.4437869822485207,0.5266272189349113,0.029585798816568046,821.58,True,False,True,True,True,6.0,True,815.0,812.5,2.5,1.4,1.3668,0.3923,-0.0002405463221192,0.2658033028848114,-4.0804958068604805e-07,0.4280078895463511,0.534516765285996,0.0374753451676528,821.58,True,True,True,6.0,True,811.135,both,True
2026-09-23,CL,86.0,85.0,1.0,0.075,0.2975,0.2869,-0.0016927732926658168,0.0569869904699114,-0.00043114122008458615,0.4437869822485207,0.27416173570019725,0.28205128205128205,86.06,True,False,False,False,False,,False,,,,,,,,,,,,,,,,,,,,left_only,False
2026-09-23,CME,,,,,,,,,,,,,,,,,,,,,272.5,270.0,2.5,0.8,1.0807,0.2947,0.0015234602023468,0.0817591310994405,0.0002141165149377,0.514792899408284,0.3293885601577909,0.155818540433925,264.48,False,False,False,,False,272.26,right_only,False
2026-09-23,COST,910.0,907.5,2.5,1.675,1.447,0.5808,-0.00026714943258709933,0.3095260751741076,-1.586876253300822e-07,0.388560157790927,0.5542406311637081,0.05719921104536489,922.765,True,False,True,True,True,5.0,True,,,,,,,,,,,,,,,,,,,,left_only,False
2026-09-23,CRM,,,,,,,,,,,,,,,,,,,,,240.0,237.5,2.5,1.28,1.2326,0.4325,5.3557279765525934e-05,0.1088443185969805,3.929405274007517e-06,0.4556213017751479,0.4319526627218935,0.1124260355029585,234.02,True,True,True,5.0,True,238.99,right_only,True
2026-09-23,CSCO,107.0,106.0,1.0,0.5,0.4907,0.4669,-0.0006492008114284964,0.07749268757528283,-0.00010108053584699254,0.40039447731755423,0.4437869822485207,0.15581854043392504,106.7,True,False,True,True,True,14.0,False,107.0,106.0,1.0,0.48,0.5084,0.3269,-0.0004199014748198,0.0823237678731665,-5.822120707162293e-05,0.4003944773175542,0.4516765285996055,0.1479289940828402,106.7,True,False,False,,False,106.425,both,False
2026-09-23,CSX,47.5,47.0,0.5,0.25,0.3238,0.2555,0.015896329320513214,0.0758506531870966,0.002574544295256955,0.33727810650887574,0.40828402366863903,0.25443786982248523,46.78,True,False,True,False,False,,False,47.5,47.0,0.5,0.225,0.2366,0.3083,-0.0002420493579649,0.057882638968195,-6.033777318886687e-05,0.3806706114398422,0.3491124260355029,0.2702169625246548,46.78,True,False,False,,False,47.305,both,False
2026-09-23,DE,710.0,707.5,2.5,1.35,1.1439,0.3371,-0.0011501731066635434,0.2283112017197353,-4.797998713519771e-06,0.45956607495069035,0.49506903353057197,0.045364891518737675,690.46,True,False,True,True,True,8.0,False,710.0,707.5,2.5,1.7,1.3828,0.3581,-0.0009267401697672,0.2421964342092954,-2.770308854326657e-06,0.3806706114398422,0.5581854043392505,0.0611439842209073,690.46,True,True,True,8.0,False,706.42,both,False
2026-09-23,DIS,104.0,103.0,1.0,0.61,0.455,0.3043,-0.001366618247549467,0.06729251003544201,-0.00027180211793002954,0.3806706114398422,0.4358974358974359,0.1834319526627219,106.15,True,False,True,True,True,15.0,False,104.0,103.0,1.0,0.62,0.5127,0.3049,-0.0006789276466246,0.0694621184572275,-0.0001281784867292,0.368836291913215,0.4516765285996055,0.1794871794871795,106.15,True,True,True,19.0,False,103.415,both,False
2026-09-23,EMR,,,,,,,,,,,,,,,,,,,,,155.0,152.5,2.5,0.975,1.0416,0.332,-0.000443295320561,0.0311330471545818,-0.0002099864603397,0.4556213017751479,0.3372781065088757,0.2071005917159763,158.23,False,False,False,,False,154.57,right_only,False
2026-09-23,EOG,142.0,141.0,1.0,0.5,0.4527,0.3538,0.0004516808928569649,0.14238665291305452,1.4815831001264621e-05,0.4911242603550296,0.368836291913215,0.14003944773175542,140.35,True,False,True,True,True,4.0,True,142.0,141.0,1.0,0.575,0.4966,0.3926,0.0040753370745523,0.1544365646307015,0.0001001061565873,0.4792899408284023,0.388560157790927,0.1321499013806706,140.35,True,True,True,2.0,True,141.65,both,True
2026-09-23,F,13.0,12.5,0.5,0.155,0.1489,0.3825,-0.0008674114190064808,0.10598076813621471,-6.816798051467112e-05,0.38461538461538464,0.10059171597633136,0.514792899408284,12.71,True,False,False,True,False,,False,13.0,12.5,0.5,0.135,0.1261,0.3597,-0.0011072663124677,0.1376486123081262,-4.069408620146451e-05,0.4240631163708087,0.0927021696252465,0.4832347140039448,12.71,False,True,False,,False,12.984,both,False
2026-09-23,FCX,73.0,72.0,1.0,0.455,0.4758,0.4931,-4.935688803564542e-05,0.08113509330518598,-7.041597710994572e-06,0.4556213017751479,0.40828402366863903,0.13609467455621302,72.31,True,False,True,False,False,,False,73.0,72.0,1.0,0.7,0.4932,0.5268,0.0001850703111003,0.0975865523431218,1.7790392362121835e-05,0.4516765285996055,0.4201183431952662,0.1282051282051282,72.31,True,True,True,3.0,True,72.59,both,True
2026-09-23,GE,320.0,317.5,2.5,1.335,1.0247,0.3427,-0.0007901674283096183,0.12544722141504006,-3.892012790286918e-05,0.4911242603550296,0.40039447731755423,0.10848126232741617,327.09,True,False,False,True,False,,False,320.0,317.5,2.5,1.13,1.1434,0.3563,-6.0407989274646745e-05,0.1288762213493711,-2.740367557750244e-06,0.4911242603550296,0.408284023668639,0.1005917159763313,327.09,True,False,False,,False,319.69,both,False
2026-09-23,GM,84.0,83.0,1.0,0.44,0.4465,0.3812,-0.0009647745900116522,0.06037845340546677,-0.0002265150994279726,0.4161735700197239,0.41222879684418146,0.17159763313609466,82.63,True,False,False,False,False,,False,,,,,,,,,,,,,,,,,,,,left_only,False
2026-09-23,GOOGL,340.0,337.5,2.5,1.325,1.4136,0.3628,-0.00043953592236523065,0.14753138020118528,-1.2742798946940655e-05,0.35700197238658776,0.5029585798816568,0.14003944773175542,343.92,True,False,True,False,False,,False,340.0,337.5,2.5,1.245,1.2567,0.3694,-0.0002349561302359,0.1382132791775276,-8.518839448595846e-06,0.4319526627218935,0.4556213017751479,0.1124260355029585,343.92,True,False,False,,False,339.025,both,False
2026-09-23,HD,297.5,295.0,2.5,1.26,1.0819,0.2891,-0.0011819175186121855,0.08699945568887646,-0.00014648257476369142,0.40433925049309666,0.40039447731755423,0.1952662721893491,293.2,True,False,False,True,False,,False,,,,,,,,,,,,,,,,,,,,left_only,False
2026-09-23,HON,,,,,,,,,,,,,,,,,,,,,212.5,210.0,2.5,1.625,1.0357,0.3339,-0.0002096770376208,0.0702715655432595,-3.882447542912888e-05,0.4398422090729783,0.2899408284023668,0.2702169625246548,212.55,False,True,False,,False,212.37,right_only,False
2026-09-23,IBM,,,,,,,,,,,,,,,,,,,,,235.0,232.5,2.5,1.325,1.3305,0.3857,0.000487054542509,0.0874637859829345,5.969482004146671e-05,0.4280078895463511,0.4556213017751479,0.1163708086785009,225.51,True,False,False,,False,233.58,right_only,False
2026-09-23,INTC,124.0,123.0,1.0,0.585,0.5663,0.7508,-0.0012323064048656018,0.23394637069739654,-4.490346730862984e-06,0.36489151873767256,0.5936883629191322,0.04142011834319527,123.0,True,False,True,True,True,7.0,False,123.0,122.0,1.0,0.59,0.5715,0.7523,-0.0010920529332862,0.2329684891995077,-4.073778259203193e-06,0.3648915187376725,0.5897435897435898,0.0453648915187376,123.0,True,True,True,11.0,False,121.6301,both,False
2026-09-23,ISRG,400.0,397.5,2.5,0.35,1.2498,0.3642,-0.0013476559844980418,0.17727502525638172,-1.9135044574899313e-05,0.388560157790927,0.5187376725838264,0.09270216962524655,405.18,True,False,True,False,False,,False,400.0,397.5,2.5,1.9,1.391,0.4085,-0.0014063973151717,0.186400468680834,-1.6041439929604418e-05,0.3530571992110454,0.5779092702169625,0.0690335305719921,405.18,True,True,True,14.0,False,397.165,both,False
2026-09-23,IWM,282.0,281.0,1.0,0.41,0.4224,0.1871,-0.000967823065004203,0.15880882601219481,-2.140527660989851e-05,0.47928994082840237,0.4319526627218935,0.08875739644970414,281.97,True,False,False,False,False,,False,283.0,282.0,1.0,0.465,0.4845,0.1856,-0.0007641552221265,0.1477825505951892,-2.202084984029033e-05,0.4319526627218935,0.4753451676528599,0.0927021696252465,281.97,True,False,False,,False,282.5,both,False
2026-09-23,JNJ,270.0,267.5,2.5,1.405,1.21,0.3516,-4.184389850381276e-05,0.0579409552709369,-1.0416208112974402e-05,0.4161735700197239,0.38461538461538464,0.1992110453648915,271.22,True,False,True,True,True,11.0,False,270.0,267.5,2.5,1.155,1.2414,0.2597,-0.0005381087790066,0.0517015265253664,-0.0001555899614526,0.3727810650887574,0.4161735700197239,0.2110453648915187,271.22,True,False,False,,False,268.7,both,False
2026-09-23,KO,,,,,,,,,,,,,,,,,,,,,88.0,87.0,1.0,0.425,0.4082,0.2212,-0.0004406509259703,0.0266986312241706,-0.0002321737146537,0.3925049309664694,0.2583826429980276,0.3491124260355029,87.81,False,True,False,,False,87.805,right_only,False
2026-09-23,LOW,192.5,190.0,2.5,0.975,1.0479,0.2536,-0.0015217462069969656,0.04544398021427454,-0.0005113008935565029,0.3727810650887574,0.38461538461538464,0.24260355029585798,189.28,True,False,False,False,False,,False,192.5,190.0,2.5,1.175,1.2371,0.3383,5.839739927027132e-05,0.0387239642814323,2.305531233710479e-05,0.388560157790927,0.368836291913215,0.2426035502958579,189.28,True,False,False,,False,191.645,both,False
2026-09-23,MA,562.5,560.0,2.5,1.25,1.4436,0.2414,0.00026320070024321573,0.15917687774308342,5.769998347426958e-06,0.39250493096646943,0.5108481262327417,0.09664694280078895,567.65,True,False,True,False,False,,False,560.0,557.5,2.5,1.1,1.1732,0.2556,-0.00035894415661,0.1603067133562244,-7.658420054091755e-06,0.4674556213017751,0.4398422090729783,0.0927021696252465,567.65,True,False,False,,False,559.19,both,False
2026-09-23,MCD,,,,,,,,,,,,,,,,,,,,,237.5,235.0,2.5,1.02,1.0246,0.282,0.0030162516614293,0.065681760502926,0.0006235368814742,0.4871794871794871,0.2426035502958579,0.2702169625246548,236.5,False,False,False,,False,237.385,right_only,False
2026-09-23,MDT,90.0,89.0,1.0,0.845,0.5466,0.6876,-0.001026341356181515,0.10184751633655287,-8.906935038860935e-05,0.3096646942800789,0.4714003944773176,0.21893491124260356,88.64,True,False,True,True,True,13.0,False,,,,,,,,,,,,,,,,,,,,left_only,False
2026-09-23,MO,69.0,68.0,1.0,0.385,0.2944,0.4061,-0.0010295725439691816,0.04934650645971206,-0.00031500321155824684,0.4990138067061144,0.23076923076923078,0.2702169625246548,68.82,True,False,False,True,False,,False,,,,,,,,,,,,,,,,,,,,left_only,False
2026-09-23,MRK,149.0,148.0,1.0,0.845,0.5605,0.3586,-0.0009164968153858588,0.14955252667921903,-2.5312490061034055e-05,0.3609467455621302,0.5463510848126233,0.09270216962524655,148.78,True,False,True,True,True,12.0,False,148.0,147.0,1.0,0.775,0.4598,0.3203,-0.0010012642991619,0.1344767690004162,-3.970893890093914e-05,0.4319526627218935,0.4556213017751479,0.1124260355029585,148.78,True,True,True,15.0,False,147.87,both,False
2026-09-23,MSFT,502.5,500.0,2.5,1.175,1.3554,0.2885,-0.00034813938246935905,0.16534687377975987,-6.581600502415874e-06,0.39644970414201186,0.4990138067061144,0.10453648915187377,516.17,True,False,True,False,False,,False,502.5,500.0,2.5,1.4,1.3634,0.3001,-0.0004142146887204,0.1693894650508288,-7.1066946623878695e-06,0.3925049309664694,0.5069033530571992,0.1005917159763313,516.17,True,True,True,13.0,False,500.315,both,False
2026-09-23,NFLX,,,,,,,,,,,,,,,,,,,,,72.0,71.0,1.0,0.5,0.5056,0.336,0.0030525645746675,0.026618244492867,0.0016114658226375,0.4043392504930966,0.3451676528599605,0.2504930966469428,71.14,True,False,False,,False,71.555,right_only,False
2026-09-23,NOW,142.0,141.0,1.0,0.55,0.5604,0.5948,0.00171319676235826,0.22090690295142024,8.536496562821292e-06,0.4319526627218935,0.48717948717948717,0.08086785009861933,135.62,True,False,True,False,False,,False,142.0,141.0,1.0,0.57,0.5567,0.5982,-0.0004639636159368,0.2194553494429627,-2.3937896758841154e-06,0.3964497041420118,0.5384615384615384,0.0650887573964497,135.62,True,True,True,7.0,False,140.83,both,False
2026-09-23,ORCL,145.0,144.0,1.0,0.51,0.5096,0.5424,-0.0008711026267704813,0.20409473737759287,-6.497945819738924e-06,0.4161735700197239,0.514792899408284,0.06903353057199212,137.1,True,False,True,True,True,10.0,False,146.0,145.0,1.0,0.54,0.5289,0.5443,-0.000892736371029,0.2054595951271391,-6.444719008225329e-06,0.408284023668639,0.5424063116370809,0.04930966469428,137.1,True,True,True,12.0,False,145.26,both,False
2026-09-23,PEP,,,,,,,,,,,,,,,,,,,,,130.0,129.0,1.0,0.59,0.4819,0.2286,-0.0003877607966842,0.0594510766586098,-9.308963128806436e-05,0.4122287968441814,0.4122287968441814,0.1755424063116371,128.63,True,True,True,18.0,False,129.65,right_only,False
2026-09-23,PG,,,,,,,,,,,,,,,,,,,,,148.0,147.0,1.0,0.46,0.4659,0.2159,-0.0008223130488064,0.0723240270366563,-0.0001449435725191,0.4043392504930966,0.4201183431952662,0.1755424063116371,146.23,True,False,False,,False,147.68,right_only,False
2026-09-23,PM,192.5,190.0,2.5,2.1,1.464,0.4791,0.0060863992150650414,0.07694250184629725,0.000960248283466766,0.36489151873767256,0.40039447731755423,0.23471400394477318,190.48,True,False,True,True,True,1.0,True,190.0,187.5,2.5,1.1,1.1135,0.3112,-1.981956078656033e-05,0.0353169380660309,-8.491476154168127e-06,0.4437869822485207,0.3333333333333333,0.2228796844181459,190.48,False,False,False,,False,189.36,both,False
2026-09-23,PNC,225.0,222.5,2.5,1.025,0.9327,0.2842,-0.00138647145804216,0.029638039673099525,-0.0006807562598781926,0.40039447731755423,0.3175542406311637,0.28205128205128205,225.64,True,False,False,True,False,,False,,,,,,,,,,,,,,,,,,,,left_only,False
2026-09-23,PYPL,,,,,,,,,,,,,,,,,,,,,53.0,52.0,1.0,0.53,0.4869,0.4056,0.0015121829161768,0.0188256727936624,0.0009624608390972,0.368836291913215,0.2978303747534517,0.3333333333333333,55.04,True,True,True,1.0,True,52.675,right_only,True
2026-09-23,QCOM,197.5,195.0,2.5,1.26,1.1786,0.5879,-0.00012900005323557284,0.12634145164333743,-6.219055072465232e-06,0.4319526627218935,0.38461538461538464,0.1834319526627219,201.97,True,False,True,True,True,9.0,False,200.0,197.5,2.5,1.45,1.4325,0.5925,-0.0011384379974,0.1392238629826444,-4.028743817454708e-05,0.3175542406311637,0.534516765285996,0.1479289940828402,201.97,True,True,True,16.0,False,197.6,both,False
2026-09-23,QQQ,743.0,742.0,1.0,0.505,0.5401,0.2225,0.00045755012305037646,0.27202826525655266,6.68451170249937e-07,0.4556213017751479,0.5029585798816568,0.04142011834319527,744.5,True,False,True,False,False,,False,742.0,741.0,1.0,0.465,0.49,0.1782,-0.0002806398185833,0.2653262794570906,-4.815435312618263e-07,0.4753451676528599,0.4792899408284023,0.0453648915187376,744.5,True,False,False,,False,740.94,both,False
2026-09-23,REGN,802.5,800.0,2.5,0.6,1.1752,0.2931,-0.0008672870603055882,0.2368635096292191,-2.9465818008905644e-06,0.45956607495069035,0.48717948717948717,0.05325443786982249,788.04,True,False,True,False,False,,False,805.0,802.5,2.5,1.05,1.2958,0.3228,-0.0002627114406281,0.2387194458302831,-8.536701047575946e-07,0.4477317554240631,0.5029585798816568,0.04930966469428,788.04,True,False,False,,False,802.88,both,False
2026-09-23,RTX,192.5,190.0,2.5,0.97,0.844,0.257,-0.001311144203574588,0.04455188184194392,-0.00045007323258738495,0.4516765285996055,0.2978303747534517,0.2504930966469428,189.4,True,False,False,True,False,,False,,,,,,,,,,,,,,,,,,,,left_only,False
2026-09-23,SBUX,,,,,,,,,,,,,,,,,,,,,94.0,93.0,1.0,0.625,0.5057,0.332,-0.0003856707258791,0.0650419905940618,-8.096169887089781e-05,0.3925049309664694,0.4358974358974359,0.1715976331360946,94.86,True,True,True,17.0,False,93.52,right_only,False
2026-09-23,SCHW,100.0,99.0,1.0,0.435,0.4896,0.2937,0.000788218376564398,0.07073737065544239,0.00014432652731401387,0.40433925049309666,0.34911242603550297,0.2465483234714004,99.03,True,False,True,False,False,,False,100.0,99.0,1.0,0.42,0.4292,0.325,0.0032786015517565,0.0836954177072524,0.0004398713198781,0.5108481262327417,0.2978303747534517,0.1913214990138067,99.03,False,False,False,,False,99.9,both,False
2026-09-23,SPY,769.0,768.0,1.0,0.49,0.5367,0.1315,0.0015397390655298437,0.2270175759700156,6.625636348103317e-06,0.46745562130177515,0.4832347140039448,0.04930966469428008,771.35,True,False,True,False,False,,False,769.0,768.0,1.0,0.47,0.5178,0.1149,0.0001033248692008,0.2245522610194203,4.7171694316564165e-07,0.4635108481262327,0.4832347140039448,0.0532544378698224,771.35,True,False,False,,False,767.73,both,False
2026-09-23,T,,,,,,,,,,,,,,,,,,,,,25.5,25.0,0.5,0.175,0.1773,0.2986,-0.0003146403510643,0.0393899844279341,-0.0001222503043127,0.4516765285996055,0.1992110453648915,0.3491124260355029,25.38,False,False,False,,False,25.445,right_only,False
2026-09-23,TJX,132.0,131.0,1.0,0.6,0.5232,0.2884,0.0007192017717181365,0.08689935928557135,8.934964994097006e-05,0.41222879684418146,0.4161735700197239,0.17159763313609466,130.06,True,False,True,True,True,3.0,True,,,,,,,,,,,,,,,,,,,,left_only,False
2026-09-23,TSLA,382.5,380.0,2.5,1.35,1.3881,0.4275,0.0009331314031773008,0.18548410480941946,1.0880013855633001e-05,0.4437869822485207,0.5069033530571992,0.04930966469428008,372.11,True,False,True,False,False,,False,382.5,380.0,2.5,1.425,1.4123,0.4371,0.0009791718173,0.188882661621565,1.0522578176273983e-05,0.4280078895463511,0.5069033530571992,0.0650887573964497,372.11,True,True,True,4.0,True,379.74,both,True
2026-09-23,TXN,,,,,,,,,,,,,,,,,,,,,272.5,270.0,2.5,1.145,1.1574,0.4398,-0.0004343458199038,0.1344169805554329,-1.7250368464885393e-05,0.4595660749506903,0.4280078895463511,0.1124260355029585,278.07,True,False,False,,False,271.975,right_only,False
2026-09-23,UNH,372.5,370.0,2.5,1.235,1.3398,0.317,6.706591177296772e-06,0.12018941411362127,3.7476536652744274e-07,0.42011834319526625,0.47928994082840237,0.10059171597633136,376.59,True,False,True,False,False,,False,,,,,,,,,,,,,,,,,,,,left_only,False
2026-09-23,UPS,96.0,95.0,1.0,0.375,0.414,0.2442,-0.0003187537383867456,0.04981132763649598,-9.644249860828969e-05,0.47928994082840237,0.34122287968441817,0.1794871794871795,93.96,True,False,False,False,False,,False,,,,,,,,,,,,,,,,,,,,left_only,False
2026-09-23,USB,,,,,,,,,,,,,,,,,,,,,59.0,58.0,1.0,0.525,0.416,0.2781,-0.000615661714852,0.0109801540218619,-0.0004730371619809,0.3491124260355029,0.2504930966469428,0.4003944773175542,59.33,False,True,False,,False,58.715,right_only,False
2026-09-23,V,362.5,360.0,2.5,1.155,1.1698,0.2285,-0.0005293482833325092,0.07456275055451433,-8.842374856623915e-05,0.4319526627218935,0.42011834319526625,0.14792899408284024,367.38,True,False,True,False,False,,False,362.5,360.0,2.5,1.26,1.2367,0.2158,-0.0007707357360635,0.0688803016960479,-0.0001475575573996,0.388560157790927,0.4516765285996055,0.1597633136094674,367.38,True,True,True,20.0,False,361.11,both,False
2026-09-23,VRTX,,,,,,,,,,,,,,,,,,,,,517.5,515.0,2.5,1.25,1.3655,0.3239,-0.0008172886967438,0.1899526501215376,-8.560244831137032e-06,0.3806706114398422,0.534516765285996,0.0848126232741617,526.19,True,False,False,,False,514.6,right_only,False
2026-09-23,WMT,111.0,110.0,1.0,0.48,0.4912,0.2582,6.295571677727985e-05,0.055496528534609624,1.6618472637017376e-05,0.41222879684418146,0.38461538461538464,0.20315581854043394,107.98,True,False,True,False,False,,False,,,,,,,,,,,,,,,,,,,,left_only,False
2026-09-24,ACN,177.5,175.0,2.5,1.15,0.7005,0.4913,-0.0013990428049068804,0.053663624477312544,-0.0003859147860366174,0.4990138067061144,0.2583826429980276,0.24260355029585798,176.11,True,False,False,True,False,,False,,,,,,,,,,,,,,,,,,,,left_only,False
2026-09-24,ADP,,,,,,,,,,,,,,,,,,,,,265.0,262.5,2.5,1.575,1.2487,0.3469,-0.0003600396889624,0.0399957460022555,-0.0001378707108945,0.3293885601577909,0.3609467455621302,0.3096646942800789,263.67,True,True,True,9.0,False,263.755,right_only,False
2026-09-24,AMGN,407.5,405.0,2.5,1.545,1.1494,0.3394,-0.0016546773247019253,0.10495743551212033,-0.00013327075976789202,0.34911242603550297,0.4437869822485207,0.20710059171597633,414.61,True,False,True,True,True,12.0,False,407.5,405.0,2.5,1.48,1.0397,0.3254,-0.0003552989786563,0.1079608354849357,-2.66263033991309e-05,0.4753451676528599,0.3451676528599605,0.1794871794871795,414.61,False,True,False,,False,407.47,both,False
2026-09-24,AMZN,250.0,247.5,2.5,1.135,1.1113,0.3,-0.0004269581274669587,0.02489240217284938,-0.0002349254651201128,0.4280078895463511,0.3609467455621302,0.21104536489151873,249.67,True,False,False,True,False,,False,250.0,247.5,2.5,0.925,1.0998,0.2963,-0.0006468939206338,0.0265440143989197,-0.0003421078299914,0.4280078895463511,0.3767258382642998,0.1952662721893491,249.67,False,False,False,,False,249.44,both,False
2026-09-24,AVGO,,,,,,,,,,,,,,,,,,,,,350.0,347.5,2.5,1.12,1.1223,0.3247,-0.0005688837452776,0.0772496986514721,-8.909322839361718e-05,0.4556213017751479,0.4122287968441814,0.1321499013806706,352.81,False,False,False,,False,349.58,right_only,False
2026-09-24,AXP,,,,,,,,,,,,,,,,,,,,,305.0,302.5,2.5,1.19,1.1343,0.2848,0.0003262095480189,0.0375715951699855,0.0001323992099213,0.4280078895463511,0.3136094674556213,0.2583826429980276,308.89,True,True,True,1.0,True,304.205,right_only,True
2026-09-24,BA,197.5,195.0,2.5,1.125,1.0888,0.3428,-0.00019117899440268538,0.018793252381739567,-0.00012177463416616979,0.40828402366863903,0.2978303747534517,0.2938856015779093,198.07,True,False,False,True,False,,False,,,,,,,,,,,,,,,,,,,,left_only,False
2026-09-24,BLK,1075.0,1072.5,2.5,2.1,1.3124,0.3749,-0.000184973643135522,0.24406922337916415,-5.286397845160696e-07,0.4358974358974359,0.49506903353057197,0.06903353057199212,1086.31,True,False,True,True,True,8.0,False,1072.5,1070.0,2.5,1.6,1.4233,0.3796,-0.0006380837196369,0.256666069386107,-1.3478137448547288e-06,0.3846153846153846,0.5660749506903353,0.04930966469428,1086.31,True,True,True,3.0,True,1068.48,both,True
2026-09-24,BMY,,,,,,,,,,,,,,,,,,,,,61.0,60.0,1.0,0.35,0.4111,0.321,-0.0002558475443756,0.0188308172363094,-0.0001628194834513,0.3491124260355029,0.1992110453648915,0.4516765285996055,62.86,False,False,False,,False,60.725,right_only,False
2026-09-24,CAT,807.5,805.0,2.5,1.35,1.3505,0.4165,0.00040100193492431657,0.23001741628696926,1.6056814752773632e-06,0.43984220907297833,0.48717948717948717,0.07297830374753451,821.58,True,False,True,False,False,,False,807.5,805.0,2.5,1.525,1.3544,0.3505,-0.0003085983602841,0.2124991408614428,-1.88148478773342e-06,0.4240631163708087,0.5266272189349113,0.04930966469428,821.58,True,True,True,4.0,True,804.44,both,True
2026-09-24,CL,,,,,,,,,,,,,,,,,,,,,86.0,85.0,1.0,0.475,0.5006,0.3159,0.0064299974831514,0.0092138363866483,0.005154355438883,0.4043392504930966,0.3096646942800789,0.2859960552268245,86.06,True,False,False,,False,85.635,right_only,False
2026-09-24,CME,270.0,267.5,2.5,0.75,1.3394,0.5599,0.014024379173132928,0.04927005731831735,0.004298713573814001,0.42011834319526625,0.32938856015779094,0.2504930966469428,264.48,True,False,True,False,False,,False,,,,,,,,,,,,,,,,,,,,left_only,False
2026-09-24,COST,902.5,900.0,2.5,1.55,1.4427,0.7339,-0.002496053450689706,0.3025368964331091,-1.7534418528112498e-06,0.2938856015779093,0.6449704142011834,0.0611439842209073,922.765,True,False,True,True,True,9.0,False,,,,,,,,,,,,,,,,,,,,left_only,False
2026-09-24,CRM,,,,,,,,,,,,,,,,,,,,,240.0,237.5,2.5,1.055,1.0839,0.4238,-0.0001937135402615,0.0642602219803676,-4.143538159326332e-05,0.4556213017751479,0.3412228796844181,0.2031558185404339,234.02,False,False,False,,False,239.69,right_only,False
2026-09-24,CSCO,107.0,106.0,1.0,0.365,0.3909,0.2843,0.00024067738092914404,0.05229140601785898,6.861173772109634e-05,0.4990138067061144,0.26232741617357,0.23865877712031558,106.7,True,False,False,False,False,,False,107.0,106.0,1.0,0.315,0.4582,0.3056,-0.0007683838988403,0.0284735113852305,-0.000387968908349,0.3925049309664694,0.388560157790927,0.2189349112426035,106.7,True,False,False,,False,106.56,both,False
2026-09-24,CSX,,,,,,,,,,,,,,,,,,,,,47.0,46.5,0.5,0.275,0.2078,0.3303,-0.0001168458518532,0.0350671012676579,-5.036241335920348e-05,0.4003944773175542,0.2426035502958579,0.3570019723865877,46.78,False,True,False,,False,46.905,right_only,False
2026-09-24,DE,697.5,695.0,2.5,0.95,1.4235,0.3232,-0.0004077433621427762,0.1827134986569784,-5.081029986913859e-06,0.368836291913215,0.5226824457593688,0.10848126232741617,690.46,True,False,True,False,False,,False,692.5,690.0,2.5,0.475,1.2858,0.3667,-0.0001082398828701,0.1898891933974001,-1.135427532011065e-06,0.4319526627218935,0.4635108481262327,0.1045364891518737,690.46,True,False,False,,False,691.725,both,False
2026-09-24,EOG,143.0,142.0,1.0,0.925,0.5011,0.5567,0.011608127540475355,0.1190768273623467,0.0006662179872023866,0.49506903353057197,0.35700197238658776,0.14792899408284024,140.35,True,False,True,True,True,2.0,True,143.0,142.0,1.0,0.575,0.4472,0.4268,0.0060683038933473,0.1234486042312978,0.0003135842045195,0.5226824457593688,0.3175542406311637,0.1597633136094674,140.35,False,True,False,,False,142.969,both,False
2026-09-24,GE,320.0,317.5,2.5,0.795,0.9289,0.256,-0.0006880311415251583,0.0897732668473179,-7.97802273685997e-05,0.4990138067061144,0.3254437869822485,0.1755424063116371,327.09,True,False,False,False,False,,False,322.5,320.0,2.5,0.825,1.3395,0.3997,0.0005930166219501,0.0909091348170145,6.691366412349178e-05,0.3964497041420118,0.4240631163708087,0.1794871794871795,327.09,True,False,False,,False,320.81,both,False
2026-09-24,GILD,150.0,149.0,1.0,0.145,0.3952,0.3164,-0.0017935045800276939,0.08816082667541547,-0.00021617040537762598,0.40828402366863903,0.41222879684418146,0.1794871794871795,150.93,True,False,False,False,False,,False,,,,,,,,,,,,,,,,,,,,left_only,False
2026-09-24,GM,81.0,80.0,1.0,0.58,0.5219,0.8077,3.7366830277996144e-05,0.029277794195434304,1.850639520762379e-05,0.34122287968441817,0.36489151873767256,0.2938856015779093,82.63,True,False,True,True,True,7.0,False,81.0,80.0,1.0,0.45,0.5103,0.4485,-0.0004532202190777,0.0374978785231108,-0.0001842749724614,0.3214990138067061,0.3767258382642998,0.301775147928994,82.63,True,False,False,,False,80.51,both,False
2026-09-24,GOOGL,342.5,340.0,2.5,1.08,1.0656,0.3339,-0.00035269976018426075,0.08705936768259237,-4.364952206267681e-05,0.4516765285996055,0.34122287968441817,0.20710059171597633,343.92,True,False,False,True,False,,False,342.5,340.0,2.5,1.135,1.1386,0.3396,-0.0002366350086405,0.0801424659723157,-3.457392284046503e-05,0.4398422090729783,0.3727810650887574,0.1873767258382643,343.92,True,False,False,,False,342.06,both,False
2026-09-24,HD,292.5,290.0,2.5,1.07,0.9111,0.3049,-0.0011018072809459989,0.05249444919042001,-0.000312573709784957,0.4635108481262327,0.32938856015779094,0.20710059171597633,293.2,True,False,False,True,False,,False,292.5,290.0,2.5,1.025,1.2216,0.3273,-0.0002220592656575,0.0454015793878064,-7.468702657479216e-05,0.4043392504930966,0.4003944773175542,0.1952662721893491,293.2,True,False,False,,False,291.485,both,False
2026-09-24,HON,212.5,210.0,2.5,0.975,0.8613,0.3118,-0.00133736730365841,0.03321598317681862,-0.0006026126780482264,0.39644970414201186,0.2583826429980276,0.34516765285996054,212.55,True,False,False,True,False,,False,212.5,210.0,2.5,0.925,1.161,0.3513,0.0007842357915492,0.0185361334995015,0.0005026240753993,0.368836291913215,0.2662721893491124,0.3648915187376725,212.55,True,False,False,,False,211.585,both,False
2026-09-24,IBM,227.5,225.0,2.5,1.055,1.0185,0.3378,-0.00029267841182367693,0.03673621805074112,-0.00012119553129594201,0.4832347140039448,0.32938856015779094,0.1873767258382643,225.51,True,False,False,True,False,,False,227.5,225.0,2.5,1.06,1.0668,0.3321,3.3589899597563644e-05,0.0324830677442409,1.5404070438770322e-05,0.4832347140039448,0.3293885601577909,0.1873767258382643,225.51,False,False,False,,False,227.04,both,False
2026-09-24,INTC,128.0,127.0,1.0,0.535,0.525,0.7424,-0.000977888710114061,0.18138975242098632,-1.257916422318817e-05,0.39250493096646943,0.5266272189349113,0.08086785009861933,123.0,True,False,True,True,True,10.0,False,127.0,126.0,1.0,0.545,0.5457,0.7533,-0.0007793398329479,0.1833059369843032,-9.57451332092716e-06,0.3846153846153846,0.534516765285996,0.0808678500986193,123.0,True,False,False,,False,126.28,both,False
2026-09-24,ISRG,,,,,,,,,,,,,,,,,,,,,402.5,400.0,2.5,1.55,1.3367,0.4235,-0.0009919063075185,0.1375919179942186,-3.650402844655797e-05,0.3451676528599605,0.4911242603550296,0.1637080867850098,405.18,True,True,True,7.0,False,400.44,right_only,False
2026-09-24,IWM,282.0,281.0,1.0,0.48,0.4814,0.2142,0.001122962686870066,0.11608616536382765,6.924547217386933e-05,0.5069033530571992,0.4240631163708087,0.06903353057199212,281.97,True,False,True,False,False,,False,282.0,281.0,1.0,0.51,0.5167,0.2073,0.0013757187423935,0.110400567039967,9.723376097670364e-05,0.4556213017751479,0.4358974358974359,0.1084812623274161,281.97,True,False,False,,False,281.37,both,False
2026-09-24,JNJ,,,,,,,,,,,,,,,,,,,,,272.5,270.0,2.5,1.29,1.0014,0.2432,0.0001621830382283,0.0332386689486663,7.303928946792596e-05,0.4358974358974359,0.2228796844181459,0.3412228796844181,271.22,False,True,False,,False,272.155,right_only,False
2026-09-24,JPM,,,,,,,,,,,,,,,,,,,,,337.5,335.0,2.5,1.12,1.0357,0.2654,0.000467498893542,0.0517886445955209,0.0001348913327463,0.4714003944773176,0.2741617357001972,0.2544378698224852,343.06,False,True,False,,False,337.09,right_only,False
2026-09-24,MA,567.5,565.0,2.5,2.85,1.4384,0.3877,0.0033847389881824785,0.11105892805396578,0.00023547807296967784,0.40828402366863903,0.4635108481262327,0.1282051282051282,567.65,True,False,True,True,True,3.0,True,565.0,562.5,2.5,1.3,1.1687,0.2491,-0.0004995774329987,0.1059703603978612,-3.927051400659047e-05,0.4280078895463511,0.4122287968441814,0.1597633136094674,567.65,True,True,True,8.0,False,564.05,both,False
2026-09-24,MCD,237.5,235.0,2.5,1.005,0.7449,0.225,-0.00154397334074452,0.023142195595577064,-0.0008859865498951731,0.40039447731755423,0.21104536489151873,0.388560157790927,236.5,True,False,False,True,False,,False,,,,,,,,,,,,,,,,,,,,left_only,False
2026-09-24,MDT,89.0,88.0,1.0,-0.025,0.5644,0.474,0.001843327833437547,0.1199576930374675,0.00010357988899132818,0.28994082840236685,0.3214990138067061,0.388560157790927,88.64,True,False,True,False,False,,False,,,,,,,,,,,,,,,,,,,,left_only,False
2026-09-24,MO,69.0,68.0,1.0,0.335,0.3176,0.2399,-0.00040389893783843167,0.03281889372037239,-0.00018373807600788583,0.4714003944773176,0.15976331360946747,0.368836291913215,68.82,True,False,False,True,False,,False,,,,,,,,,,,,,,,,,,,,left_only,False
2026-09-24,MRK,,,,,,,,,,,,,,,,,,,,,149.0,148.0,1.0,0.24,0.4505,0.3648,-0.0005031794080124,0.1048604281348186,-4.0621460359414295e-05,0.4240631163708087,0.3767258382642998,0.1992110453648915,148.78,True,False,False,,False,148.91,right_only,False
2026-09-24,NEE,,,,,,,,,,,,,,,,,,,,,76.0,75.0,1.0,0.31,0.3467,0.2733,-0.0001577578305741,0.0431575919646798,-5.599592566890085e-05,0.4437869822485207,0.155818540433925,0.4003944773175542,76.08,False,False,False,,False,75.895,right_only,False
2026-09-24,NFLX,72.0,71.0,1.0,0.435,0.5451,0.388,0.10156124626052887,0.01769517560130085,0.06641864488351505,0.5108481262327417,0.20710059171597633,0.28205128205128205,71.145,True,False,True,False,False,,False,72.0,71.0,1.0,0.405,0.4068,0.3141,0.0002827503776179,0.026162300739567,0.0001509078269318,0.4319526627218935,0.2268244575936883,0.3412228796844181,71.14,False,False,False,,False,71.805,both,False
2026-09-24,NOW,138.0,137.0,1.0,0.465,0.4533,0.5456,0.001827428723945257,0.15254472618442105,4.697388272195786e-05,0.5187376725838264,0.368836291913215,0.11242603550295859,135.62,True,False,True,True,True,6.0,True,139.0,138.0,1.0,0.65,0.5239,0.5542,-0.0002298452030191,0.1515442693916716,-6.051726399252385e-06,0.408284023668639,0.4674556213017751,0.1242603550295858,135.62,True,True,True,6.0,True,138.38,both,True
2026-09-24,NVDA,225.0,222.5,2.5,0.975,0.9851,0.325,-0.0007340769599271102,0.033925755241215994,-0.00032518548654778554,0.46745562130177515,0.34122287968441817,0.1913214990138067,225.07,True,False,False,False,False,,False,,,,,,,,,,,,,,,,,,,,left_only,False
2026-09-24,ORCL,140.0,139.0,1.0,0.515,0.5035,0.5656,-0.0005772765523720524,0.15568352358622117,-1.3762078558855221e-05,0.4358974358974359,0.49506903353057197,0.06903353057199212,137.1,True,False,True,True,True,11.0,False,140.0,139.0,1.0,0.54,0.549,0.5861,-0.0004319657240825,0.1608155467403441,-9.104539369188713e-06,0.408284023668639,0.534516765285996,0.0571992110453648,137.1,True,False,False,,False,139.34,both,False
2026-09-24,PEP,,,,,,,,,,,,,,,,,,,,,129.0,128.0,1.0,0.44,0.4717,0.2412,-0.0001199155010404,0.022601072090352,-6.971124273702979e-05,0.3846153846153846,0.3372781065088757,0.2781065088757396,128.63,True,False,False,,False,128.655,right_only,False
2026-09-24,PFE,28.5,28.0,0.5,0.16,0.1854,0.24,-0.0004073158324570114,0.06593257360444849,-8.369733349691327e-05,0.368836291913215,0.15976331360946747,0.4714003944773176,28.67,True,False,False,False,False,,False,28.5,28.0,0.5,0.235,0.1725,0.267,-0.00078458957957,0.0663597318010611,-0.0001595770997206,0.368836291913215,0.1597633136094674,0.4714003944773176,28.67,False,True,False,,False,28.41,both,False
2026-09-24,PG,146.0,145.0,1.0,0.415,0.3519,0.15,-0.0017305102866221889,0.060878334721017335,-0.00040145344502945433,0.4358974358974359,0.3609467455621302,0.20315581854043394,146.23,True,False,False,True,False,,False,,,,,,,,,,,,,,,,,,,,left_only,False
2026-09-24,PM,,,,,,,,,,,,,,,,,,,,,192.5,190.0,2.5,1.275,1.0704,0.3801,0.0021708171828318,0.0268691795162931,0.00113910557397,0.4437869822485207,0.2465483234714004,0.3096646942800789,190.48,False,True,False,,False,191.95,right_only,False
2026-09-24,QCOM,195.0,192.5,2.5,1.155,0.9819,0.503,-0.0013704733267881908,0.06251448490127864,-0.00030568764588284484,0.42011834319526625,0.368836291913215,0.21104536489151873,201.97,True,False,False,True,False,,False,195.0,192.5,2.5,1.03,1.0836,0.5101,0.0006946692416662,0.0668262567121573,0.0001397151434145,0.4753451676528599,0.3096646942800789,0.2149901380670611,201.97,False,False,False,,False,194.8721,both,False
2026-09-24,QQQ,742.0,741.0,1.0,0.525,0.5383,0.2269,0.0019759548659081805,0.22712129597855835,8.481573046964653e-06,0.4714003944773176,0.4832347140039448,0.045364891518737675,744.5,True,False,True,False,False,,False,742.0,741.0,1.0,0.5,0.5302,0.1754,-6.527783740017945e-05,0.2268198078450518,-2.822328593981759e-07,0.4516765285996055,0.5108481262327417,0.0374753451676528,744.5,True,False,False,,False,740.87,both,False
2026-09-24,REGN,797.5,795.0,2.5,1.05,1.4002,0.3774,0.0007726224918993552,0.21407411787935837,4.535846532647991e-06,0.4319526627218935,0.5069033530571992,0.0611439842209073,788.04,True,False,True,False,False,,False,797.5,795.0,2.5,0.575,1.2766,0.4193,-0.0010935191473419,0.2283401269613381,-4.558498545802604e-06,0.408284023668639,0.5305719921104537,0.0611439842209073,788.04,True,False,False,,False,795.23,both,False
2026-09-24,RTX,,,,,,,,,,,,,,,,,,,,,190.0,187.5,2.5,0.745,1.0006,0.2619,-0.0005008302308785,0.0097253987886529,-0.000396571999491,0.388560157790927,0.2465483234714004,0.3648915187376725,189.4,False,False,False,,False,189.235,right_only,False
2026-09-24,SBUX,94.0,93.0,1.0,0.58,0.4423,0.4508,-0.0007809959944284905,0.02164447560977867,-0.00046456552149347607,0.3806706114398422,0.34911242603550297,0.2702169625246548,94.86,True,False,False,True,False,,False,94.0,93.0,1.0,0.475,0.417,0.3253,-0.0005033961399144,0.0369352831811038,-0.0002074583544946,0.4280078895463511,0.3175542406311637,0.2544378698224852,94.86,False,True,False,,False,93.845,both,False
2026-09-24,SCHW,100.0,99.0,1.0,0.575,0.5033,0.3825,0.0035671219744153326,0.04552272454015838,0.0011962763755477162,0.39644970414201186,0.32938856015779094,0.27416173570019725,99.03,True,False,True,True,True,1.0,True,,,,,,,,,,,,,,,,,,,,left_only,False
2026-09-24,SO,83.0,82.0,1.0,0.425,0.2423,0.263,-0.001407584378072868,0.033507850341625955,-0.0006298249344319417,0.4477317554240631,0.14398422090729784,0.40828402366863903,82.88,True,False,False,True,False,,False,,,,,,,,,,,,,,,,,,,,left_only,False
2026-09-24,SPY,768.0,767.0,1.0,0.495,0.5308,0.1394,0.0007756298110612736,0.19543169515356307,7.122898071145126e-06,0.45956607495069035,0.47928994082840237,0.0611439842209073,771.35,True,False,True,False,False,,False,768.0,767.0,1.0,0.44,0.4709,0.1275,-0.0005550098935604,0.1874021169012306,-6.180104212510169e-06,0.4753451676528599,0.4714003944773176,0.0532544378698224,771.35,True,False,False,,False,767.62,both,False
2026-09-24,T,25.5,25.0,0.5,0.14,0.1655,0.296,-6.277314210523244e-05,0.1394503325828056,-2.209396334760522e-06,0.4556213017751479,0.1242603550295858,0.42011834319526625,25.38,True,False,False,False,False,,False,,,,,,,,,,,,,,,,,,,,left_only,False
2026-09-24,TJX,132.0,131.0,1.0,0.575,0.4703,0.2846,0.00017137407742584543,0.04001477259753616,6.559465488129399e-05,0.39250493096646943,0.3175542406311637,0.28994082840236685,130.06,True,False,True,True,True,5.0,True,132.0,131.0,1.0,0.55,0.4975,0.3326,0.0003643311220087,0.0647048362852553,7.710337540125913e-05,0.3648915187376725,0.3372781065088757,0.2978303747534517,130.06,True,True,True,2.0,True,131.55,both,True
2026-09-24,TSLA,380.0,377.5,2.5,1.4,1.3854,0.5319,0.0015258553384620566,0.1285059941819856,6.983718114613553e-05,0.4161735700197239,0.45956607495069035,0.1242603550295858,372.11,True,False,True,True,True,4.0,True,380.0,377.5,2.5,1.165,1.1604,0.4296,-4.6119814066991616e-05,0.1301247338145603,-2.0304329625128065e-06,0.4950690335305719,0.4240631163708087,0.0808678500986193,372.11,True,True,True,5.0,True,379.725,both,True
2026-09-24,UPS,,,,,,,,,,,,,,,,,,,,,92.0,91.0,1.0,0.365,0.3644,0.3016,0.0002093205427575,0.0530898151008838,5.8540054487407e-05,0.5187376725838264,0.2307692307692307,0.2504930966469428,93.96,False,True,False,,False,91.98,right_only,False
2026-09-24,V,,,,,,,,,,,,,,,,,,,,,367.5,365.0,2.5,0.94,1.0203,0.2319,-0.0003450955381619,0.0453300207568694,-0.0001162683408457,0.4437869822485207,0.2978303747534517,0.2583826429980276,367.38,False,False,False,,False,367.11,right_only,False
2026-09-24,VRTX,,,,,,,,,,,,,,,,,,,,,525.0,522.5,2.5,1.2,1.3124,0.3484,-0.0006616659847598,0.1469217820972007,-1.9465391687774646e-05,0.3925049309664694,0.4950690335305719,0.1124260355029585,526.19,True,False,False,,False,523.03,right_only,False
2026-09-24,VZ,47.5,47.0,0.5,0.265,0.2133,0.32,-0.0006166625545342974,0.012387115722825026,-0.00045807420182572534,0.36489151873767256,0.2859960552268245,0.34911242603550297,47.08,True,False,False,True,False,,False,,,,,,,,,,,,,,,,,,,,left_only,False
2026-09-24,WMT,108.0,107.0,1.0,0.485,0.4716,0.2869,-0.0003833310192555839,0.01858880663790141,-0.0002453700640959953,0.3727810650887574,0.3530571992110454,0.27416173570019725,107.98,True,False,True,True,True,13.0,False,,,,,,,,,,,,,,,,,,,,left_only,False
2026-09-24,XOM,162.5,160.0,2.5,0.84,0.9477,0.3047,0.00102287935842571,0.045287309605350545,0.0003449782595561093,0.45956607495069035,0.1834319526627219,0.35700197238658776,160.59,True,False,False,False,False,,False,162.5,160.0,2.5,0.825,0.8483,0.3179,-0.000209054283678,0.0353070234624506,-8.958835864105176e-05,0.4714003944773176,0.1755424063116371,0.3530571992110454,160.59,False,False,False,,False,162.185,both,False
