day,ticker,ss_v,ls_v,w_v,quote_v,model_v,IV_v,EV_v,Dent_v,G24_v,p_v,q_v,ro_v,settle_v,hist_ok,gated_out,floor_pass,gate_pass,elig,rank_v,pick_v
2026-08-20,NOW,130.0,129.0,1.0,0.445,0.4755,0.5692,0.009044748292713178,0.14694378445568035,0.0002659447930113723,0.5226824457593688,0.34911242603550297,0.1282051282051282,128.48,True,False,True,False,False,,False
2026-08-20,SCHW,110.0,109.0,1.0,0.4,0.3961,0.232,0.0003121721610983563,0.02334062987474783,0.00017828434454837823,0.4911242603550296,0.26232741617357,0.2465483234714004,112.3,True,False,False,True,False,,False
2026-08-20,MO,67.0,66.0,1.0,0.28,0.3218,0.255,0.00010783079392306938,0.08633965622260331,1.3577466264388084e-05,0.5029585798816568,0.13609467455621302,0.3609467455621302,66.09,True,False,False,False,False,,False
2026-08-20,ORCL,143.0,142.0,1.0,0.48,0.582,0.6049,-2.4040954498483202e-05,0.17069685346503816,-3.997301159628547e-07,0.39250493096646943,0.5424063116370809,0.0650887573964497,146.47,True,False,True,False,False,,False
2026-08-20,QQQ,712.0,711.0,1.0,0.455,0.4723,0.1984,-0.0007925607719165839,0.23688366322210652,-2.6913993674186326e-06,0.4714003944773176,0.49506903353057197,0.03353057199211045,713.44,True,False,True,False,False,,False
2026-08-20,IWM,298.0,297.5,0.5,0.22,0.2376,0.18,-0.00047725102553475285,0.2080737112964931,-3.23579141782984e-06,0.46745562130177515,0.4635108481262327,0.06903353057199212,299.96,True,False,True,False,False,,False
2026-08-20,AVGO,365.0,362.5,2.5,1.22,1.2388,0.4127,-9.156161746148861e-05,0.1192318032937918,-5.235429482073576e-06,0.4280078895463511,0.4240631163708087,0.14792899408284024,368.45,True,False,True,False,False,,False
2026-08-20,INTC,92.5,92.0,0.5,0.255,0.2594,0.6204,-0.0013629356243628488,0.21025429992838218,-8.76961583921504e-06,0.388560157790927,0.5502958579881657,0.0611439842209073,90.07,True,False,True,False,False,,False
2026-08-20,SPY,763.0,762.0,1.0,0.405,0.4238,0.1285,-0.0011866852122435212,0.19451976573384977,-1.1138914473699546e-05,0.47928994082840237,0.45956607495069035,0.0611439842209073,765.72,True,False,False,False,False,,False
2026-08-20,COST,935.0,932.5,2.5,1.475,1.2148,0.256,-0.0011984898930575971,0.19303423135669795,-1.1658039971404622e-05,0.40433925049309666,0.49506903353057197,0.10059171597633136,947.74,True,False,True,True,True,1.0,True
2026-08-20,WMT,104.0,103.0,1.0,0.445,0.4541,0.6208,-7.658812202759879e-05,0.07183235943914212,-1.3659911471559369e-05,0.41222879684418146,0.3254437869822485,0.26232741617357,103.7,True,True,True,False,False,,False
2026-08-20,UNH,385.0,382.5,2.5,1.125,1.0944,0.3154,-0.00033386450868200246,0.0895613021851076,-3.891049449498518e-05,0.47534516765285995,0.38461538461538464,0.14003944773175542,390.11,True,False,False,True,False,,False
2026-08-20,GE,345.0,342.5,2.5,1.57,1.055,0.6216,-0.00045903806186131657,0.09600571233910693,-4.5832618590560615e-05,0.4714003944773176,0.36489151873767256,0.16370808678500987,348.37,True,False,False,True,False,,False
2026-08-20,MSFT,482.5,480.0,2.5,1.25,1.2007,0.2811,-0.000607522475939537,0.0983455407817404,-5.734560426943458e-05,0.40433925049309666,0.4240631163708087,0.17159763313609466,483.24,True,True,True,True,False,,False
2026-08-20,TJX,141.0,140.0,1.0,0.875,0.3618,0.647,-0.001909602681376188,0.11488413737022207,-0.00012119867997666325,0.3806706114398422,0.34516765285996054,0.27416173570019725,140.53,True,False,False,True,False,,False
2026-08-20,MS,207.5,205.0,2.5,0.915,0.7983,0.3523,-0.0007022130277229977,0.061071163150129726,-0.0001621511460689132,0.5069033530571992,0.23865877712031558,0.25443786982248523,214.2,True,False,False,True,False,,False
2026-08-20,CSCO,110.0,109.0,1.0,0.46,0.4743,0.2958,-0.00033624847319857487,0.029418985484929827,-0.00016596795683248704,0.39644970414201186,0.3767258382642998,0.22682445759368836,111.04,True,False,True,False,False,,False
2026-08-20,LOW,217.5,215.0,2.5,0.5,0.8743,0.3378,-0.0009364122423911603,0.07199405864293573,-0.00016636736776788613,0.4556213017751479,0.27416173570019725,0.2702169625246548,216.09,True,False,False,False,False,,False
2026-08-20,AAPL,312.5,310.0,2.5,1.16,1.1905,0.2859,-0.0004494411546620558,0.04034608974497034,-0.00017066435282033513,0.3609467455621302,0.35700197238658776,0.28205128205128205,309.35,True,False,True,False,False,,False
2026-08-20,PM,192.5,190.0,2.5,0.625,0.9035,0.5899,-0.0014495525468145587,0.08355264186571132,-0.0001951457654829649,0.38461538461538464,0.28994082840236685,0.3254437869822485,188.23,True,False,False,False,False,,False
2026-08-20,PG,143.0,142.0,1.0,0.34,0.2853,0.3764,-0.0015878138284424193,0.08505499510853576,-0.0002061890601944409,0.5069033530571992,0.30177514792899407,0.1913214990138067,144.68,True,False,False,True,False,,False
2026-08-20,JNJ,267.5,265.0,2.5,0.87,0.7448,0.198,-0.0010391644297870206,0.05980927545495285,-0.000247336467287884,0.45956607495069035,0.1992110453648915,0.34122287968441817,270.24,True,False,False,True,False,,False
2026-08-20,HD,335.0,332.5,2.5,1.14,1.0423,0.3106,-0.0012170803626955218,0.06316660818259656,-0.000267257209956839,0.40828402366863903,0.3806706114398422,0.21104536489151873,335.61,True,False,False,True,False,,False
2026-08-20,BAC,62.0,61.0,1.0,0.26,0.2867,0.2,-0.0008458438500218435,0.0422076453796576,-0.00030715462307423085,0.4516765285996055,0.14398422090729784,0.40433925049309666,61.69,True,False,False,False,False,,False
2026-08-20,NVDA,217.5,215.0,2.5,0.985,1.04,0.3299,-0.0006220378334819143,0.02657879746099079,-0.0003286882645311906,0.4358974358974359,0.33727810650887574,0.22682445759368836,214.72,True,False,False,False,False,,False
2026-08-20,RTX,212.5,210.0,2.5,0.85,0.6881,0.2692,-0.0015373967091482088,0.05408302597795234,-0.00041983139613725176,0.4477317554240631,0.21893491124260356,0.3333333333333333,209.91,True,False,False,True,False,,False
2026-08-20,JPM,352.5,350.0,2.5,1.02,0.9684,0.1736,-0.0008974292432749609,0.02197364897207188,-0.000529623673503678,0.4358974358974359,0.3175542406311637,0.2465483234714004,351.58,True,False,False,True,False,,False
2026-08-24,XOM,165.0,162.5,2.5,1.16,1.3071,0.6149,0.007260585146385834,0.060532081836083496,0.0016984065028321491,0.4358974358974359,0.36489151873767256,0.1992110453648915,156.71,True,False,True,False,False,,False
2026-08-24,WMT,107.0,106.0,1.0,0.485,0.5223,0.2456,0.00693753769602834,0.09221464110450439,0.0007586577892681961,0.47534516765285995,0.40433925049309666,0.1203155818540434,103.09,True,False,True,False,False,,False
2026-08-24,DIS,111.0,110.0,1.0,0.455,0.5483,0.2692,0.006152682980097524,0.10783276300328293,0.0004625049272992886,0.4358974358974359,0.4161735700197239,0.14792899408284024,108.1,True,False,True,False,False,,False
2026-08-24,JPM,357.5,355.0,2.5,1.15,1.3225,0.4483,0.003921967477610977,0.12262109600113091,0.00020673595729203822,0.4714003944773176,0.43984220907297833,0.08875739644970414,357.62,True,False,True,False,False,,False
2026-08-24,PYPL,62.0,61.0,1.0,0.55,0.4847,0.3912,0.0005084945482096703,0.09304066879493966,5.451513900666708e-05,0.4319526627218935,0.3727810650887574,0.1952662721893491,53.66,True,False,True,True,True,1.0,True
2026-08-24,UPS,103.0,102.0,1.0,0.495,0.4954,0.2671,0.00019542331418431758,0.08146130695650045,2.766302491000546e-05,0.4477317554240631,0.42011834319526625,0.13214990138067062,105.33,True,False,True,False,False,,False
2026-08-24,SBUX,108.0,107.0,1.0,0.545,0.5187,0.3086,0.00047974220194269,0.12222319369298473,2.5530970169975614e-05,0.43984220907297833,0.4437869822485207,0.11637080867850098,107.85,True,False,True,True,True,2.0,True
2026-08-24,NOW,129.0,128.0,1.0,0.525,0.5012,0.6443,0.00465943473986008,0.2509238898767212,1.1296309305780498e-05,0.5108481262327417,0.42011834319526625,0.06903353057199212,144.71,True,False,True,True,True,3.0,True
2026-08-24,GE,342.5,340.0,2.5,1.3,1.2243,0.3453,0.000520884685196954,0.17628181734576853,7.574331277965383e-06,0.47928994082840237,0.4280078895463511,0.09270216962524655,342.58,True,False,True,True,True,4.0,True
2026-08-24,TSLA,352.5,350.0,2.5,1.4,1.4028,0.4477,4.85337400379926e-06,0.23111422200059817,1.892886650015308e-08,0.42011834319526625,0.5305719921104537,0.04930966469428008,348.75,True,False,True,False,False,,False
2026-08-24,QQQ,708.0,707.0,1.0,0.475,0.4828,0.201,-0.000645203554848095,0.3061969139053261,-4.1513144340324537e-07,0.47534516765285995,0.5029585798816568,0.021696252465483234,716.43,True,False,True,False,False,,False
2026-08-24,ORCL,144.0,143.0,1.0,0.475,0.5625,0.6171,-0.00039396657276014047,0.26662616581327236,-6.552346163839418e-07,0.40828402366863903,0.5581854043392505,0.03353057199211045,150.85,True,False,True,False,False,,False
2026-08-24,SPY,765.0,764.0,1.0,0.455,0.5,0.1259,-0.0006777029032861703,0.275139820892625,-9.188368472885635e-07,0.4358974358974359,0.4990138067061144,0.0650887573964497,769.35,True,False,True,False,False,,False
2026-08-24,NVDA,210.0,207.5,2.5,1.325,1.313,0.7285,-0.00019163257932819366,0.21657513899195546,-1.0594782325800827e-06,0.4240631163708087,0.4832347140039448,0.09270216962524655,217.55,True,True,True,True,False,,False
2026-08-24,TJX,141.0,140.0,1.0,0.875,0.5045,0.3154,-4.3870690356162534e-05,0.13190628308818708,-1.8505736226826064e-06,0.4437869822485207,0.4516765285996055,0.10453648915187377,135.12,True,False,True,True,True,5.0,True
2026-08-24,AVGO,362.5,360.0,2.5,1.4,1.3571,0.443,-0.001334521914914344,0.23254490313658926,-5.029148649672785e-06,0.368836291913215,0.5660749506903353,0.0650887573964497,368.79,True,False,True,True,True,6.0,True
2026-08-24,UNH,400.0,397.5,2.5,1.275,1.2608,0.2844,-0.0004038263666853448,0.17794484698531998,-5.6423952918992935e-06,0.4437869822485207,0.48717948717948717,0.06903353057199212,392.95,True,False,True,True,True,7.0,False
2026-08-24,AAPL,312.5,310.0,2.5,1.3,1.3411,0.2547,-0.0001475700800444013,0.13327645535891497,-6.023498599855481e-06,0.4161735700197239,0.4911242603550296,0.09270216962524655,319.7,True,False,True,False,False,,False
2026-08-24,INTC,88.0,87.0,1.0,0.59,0.5506,0.6755,-0.0010134879267862384,0.20982819401776198,-6.58817514221971e-06,0.3806706114398422,0.5621301775147929,0.05719921104536489,89.47,True,False,True,True,True,8.0,False
2026-08-24,MSFT,490.0,487.5,2.5,1.5,1.2616,0.285,-0.0011551770809142825,0.2076884440089829,-7.904927283314147e-06,0.39250493096646943,0.5108481262327417,0.09664694280078895,513.53,True,False,True,True,True,9.0,False
2026-08-24,IWM,299.0,298.0,1.0,0.485,0.499,0.1682,-0.000933037834041528,0.1966125937866814,-8.329000825796813e-06,0.4319526627218935,0.5187376725838264,0.04930966469428008,295.75,True,False,True,False,False,,False
2026-08-24,GOOGL,350.0,347.5,2.5,1.175,1.3309,0.2994,-0.0006413061440648793,0.1753004552827202,-9.547659252165486e-06,0.40039447731755423,0.514792899408284,0.08481262327416174,346.59,True,False,True,False,False,,False
2026-08-24,TXN,260.0,257.5,2.5,1.325,1.3093,0.4434,-0.0007225472444523096,0.17219608360340155,-1.1589236757115512e-05,0.39250493096646943,0.4990138067061144,0.10848126232741617,258.64,True,False,True,True,True,10.0,False
2026-08-24,AMZN,262.5,260.0,2.5,1.125,1.1336,0.325,-0.0003474296056260595,0.1375980967119339,-1.2784170803508127e-05,0.4714003944773176,0.41222879684418146,0.11637080867850098,266.43,True,False,True,False,False,,False
2026-08-24,IBM,232.5,230.0,2.5,1.3,1.1581,0.3666,-0.0006485209188701324,0.1404754911968613,-2.227093514939107e-05,0.4319526627218935,0.4240631163708087,0.14398422090729784,235.59,True,False,True,True,True,11.0,False
2026-08-24,CSCO,111.0,110.0,1.0,0.5,0.5201,0.3167,-0.001154829988843753,0.14052639251376653,-3.960973795501116e-05,0.3727810650887574,0.514792899408284,0.11242603550295859,109.93,True,False,True,False,False,,False
2026-08-24,MS,215.0,212.5,2.5,1.16,1.1483,0.3179,-0.0006064341733048595,0.10784861213393138,-4.556908362589403e-05,0.4358974358974359,0.4161735700197239,0.14792899408284024,214.77,True,False,True,True,True,12.0,False
2026-08-24,QCOM,160.0,157.5,2.5,1.36,1.2543,0.4819,-0.0008446394024710369,0.12003195992208981,-4.7377278418310614e-05,0.39250493096646943,0.47534516765285995,0.13214990138067062,164.19,True,False,True,True,True,13.0,False
2026-08-24,MDT,93.0,92.0,1.0,0.52,0.3822,0.2854,-0.0016465750664973466,0.10000251642938407,-0.0001493648989083165,0.4319526627218935,0.39644970414201186,0.17159763313609466,91.23,True,False,False,True,False,,False
2026-08-24,PFE,28.0,27.5,0.5,0.175,0.1578,0.2313,-0.0010692846751800822,0.04396894656061101,-0.00037222200301500406,0.46745562130177515,0.24260355029585798,0.28994082840236685,27.96,True,False,False,True,False,,False
2026-08-24,F,14.0,13.5,0.5,0.185,0.1796,0.36,-0.0007987764114978368,0.02871590090637821,-0.0004009751476416433,0.39250493096646943,0.21104536489151873,0.39644970414201186,13.88,True,False,False,True,False,,False
2026-08-25,SO,90.0,89.0,1.0,0.325,0.4299,0.4136,0.005399229332498923,0.07619782137486664,0.0008671949377186066,0.49506903353057197,0.26627218934911245,0.23865877712031558,88.25,True,False,False,False,False,,False
2026-08-25,IBM,235.0,232.5,2.5,1.33,1.2415,0.3768,0.007320158812700095,0.11359402028891585,0.00047920611880434313,0.48717948717948717,0.368836291913215,0.14398422090729784,235.59,True,False,True,True,True,1.0,True
2026-08-25,JPM,357.5,355.0,2.5,1.205,1.1736,0.2184,0.00036668519617322204,0.10086465517910126,3.258173904910176e-05,0.49506903353057197,0.40828402366863903,0.09664694280078895,357.62,True,False,True,True,True,2.0,True
2026-08-25,NOW,128.0,127.0,1.0,0.5,0.5404,0.7613,0.005292048233420887,0.23952062368288796,1.6868798471121536e-05,0.47928994082840237,0.4556213017751479,0.0650887573964497,144.71,True,False,True,False,False,,False
2026-08-25,QQQ,712.5,712.0,0.5,0.255,0.2665,0.2039,0.005559081758121698,0.34265564940619675,1.4910083506034887e-06,0.5108481262327417,0.4714003944773176,0.01775147928994083,716.43,True,False,True,False,False,,False
2026-08-25,SPY,767.0,766.0,1.0,0.485,0.5072,0.1358,0.00045714760603954296,0.2611091626970148,8.679565902211857e-07,0.47928994082840237,0.4635108481262327,0.05719921104536489,769.35,True,False,True,False,False,,False
2026-08-25,ORCL,146.0,145.0,1.0,0.475,0.5653,0.594,-0.0002780140895352057,0.24787151509497862,-7.25245857303192e-07,0.40039447731755423,0.5424063116370809,0.05719921104536489,150.85,True,False,True,False,False,,False
2026-08-25,AVGO,360.0,357.5,2.5,1.375,1.4436,0.5901,-0.0003499546301092282,0.21939172144562247,-1.808327171209823e-06,0.38461538461538464,0.5542406311637081,0.0611439842209073,368.79,True,False,True,False,False,,False
2026-08-25,NVDA,215.0,212.5,2.5,1.375,1.3363,0.8512,-0.00041470096808315926,0.21673808743929335,-2.283806579270031e-06,0.39250493096646943,0.48717948717948717,0.1203155818540434,217.55,True,True,True,True,False,,False
2026-08-25,TSLA,352.5,350.0,2.5,1.35,1.3427,0.45,-0.00037311926385852345,0.2056526297998006,-2.681121013248305e-06,0.4161735700197239,0.514792899408284,0.06903353057199212,348.75,True,False,True,True,True,3.0,True
2026-08-25,GE,350.0,347.5,2.5,1.555,1.1616,0.3745,-0.00022171739893428466,0.1668107891909837,-4.046873681734087e-06,0.48717948717948717,0.4358974358974359,0.07692307692307693,342.58,True,False,True,True,True,4.0,True
2026-08-25,SBUX,106.0,105.0,1.0,0.7,0.4677,0.3415,-5.190152898315592e-05,0.09982966500850265,-4.727688007713676e-06,0.4635108481262327,0.40039447731755423,0.13609467455621302,107.85,True,False,True,True,True,5.0,True
2026-08-25,CRM,210.0,207.5,2.5,1.375,1.4569,1.041,-0.0023294153571680187,0.25681065626181576,-4.903341174627421e-06,0.28205128205128205,0.621301775147929,0.09664694280078895,256.0,True,True,True,False,False,,False
2026-08-25,GOOGL,347.5,345.0,2.5,1.16,1.1935,0.3039,-0.0001718408388696746,0.1447605297308161,-5.324484926287692e-06,0.46745562130177515,0.4358974358974359,0.09664694280078895,346.59,True,False,True,False,False,,False
2026-08-25,QCOM,162.5,160.0,2.5,1.535,1.4133,0.516,-8.505109275613876e-05,0.10673612894279816,-6.563900879760314e-06,0.35700197238658776,0.46745562130177515,0.1755424063116371,164.19,True,False,True,True,True,6.0,True
2026-08-25,INTC,88.0,87.0,1.0,0.52,0.5302,0.8901,-0.0010459529752487873,0.2000432254885809,-8.599003076021602e-06,0.39250493096646943,0.5424063116370809,0.0650887573964497,89.47,True,False,True,False,False,,False
2026-08-25,AAPL,310.0,307.5,2.5,1.045,1.0368,0.388,-0.0001730673459580112,0.11637563891107683,-1.059800173600217e-05,0.5029585798816568,0.34911242603550297,0.14792899408284024,319.7,True,False,False,True,False,,False
2026-08-25,TXN,262.5,260.0,2.5,1.275,1.3813,0.4153,-0.0005814664469749875,0.1615567252211657,-1.2039487399345021e-05,0.3806706114398422,0.5226824457593688,0.09664694280078895,258.64,True,False,True,False,False,,False
2026-08-25,MSFT,492.5,490.0,2.5,1.4,1.2077,0.2908,-0.0009423285099058321,0.18103429687310502,-1.2225584247894109e-05,0.4280078895463511,0.48717948717948717,0.08481262327416174,513.53,True,False,True,True,True,7.0,False
2026-08-25,IWM,300.0,299.0,1.0,0.475,0.4834,0.1673,-0.0010510263136780384,0.17687668111068566,-1.50666254222984e-05,0.42011834319526625,0.4911242603550296,0.08875739644970414,295.75,True,False,True,False,False,,False
2026-08-25,WMT,106.0,105.0,1.0,0.525,0.5022,0.2494,-0.0001239341567704777,0.07269877969601457,-2.164944281494551e-05,0.40039447731755423,0.41222879684418146,0.1873767258382643,103.09,True,False,True,True,True,8.0,False
2026-08-25,AMZN,262.5,260.0,2.5,1.26,1.2684,0.3142,-0.00047499688468854995,0.10625513181895829,-3.7083980421988634e-05,0.40828402366863903,0.4635108481262327,0.1282051282051282,266.43,True,False,True,False,False,,False
2026-08-25,PYPL,63.0,62.0,1.0,0.575,0.5417,0.4815,-0.0006358914780921765,0.10398305698037968,-5.2427672303159566e-05,0.3254437869822485,0.4437869822485207,0.23076923076923078,53.66,True,False,True,True,True,9.0,False
2026-08-25,ADP,285.0,282.5,2.5,1.2,1.2614,0.3187,-0.0021115802700371056,0.13588746167963517,-8.095494853269176e-05,0.32938856015779094,0.5424063116370809,0.1282051282051282,287.48,True,False,True,False,False,,False
2026-08-25,PEP,143.0,142.0,1.0,0.145,0.4963,0.1523,-0.0016410334686673966,0.12091585822341333,-9.011628472133583e-05,0.34516765285996054,0.4990138067061144,0.15581854043392504,141.07,True,False,True,False,False,,False
2026-08-25,TJX,140.0,139.0,1.0,0.625,0.4082,0.2515,-0.0018483913779890893,0.12510117330953463,-9.18028052075241e-05,0.41222879684418146,0.4437869822485207,0.14398422090729784,135.12,True,False,False,True,False,,False
2026-08-25,BA,212.5,210.0,2.5,1.255,1.2113,0.2979,-0.0007992612256760845,0.07539652727314339,-0.00013086564399662816,0.40039447731755423,0.4477317554240631,0.15187376725838264,209.82,True,False,True,True,True,10.0,False
2026-08-25,GM,86.0,85.0,1.0,0.395,0.4002,0.3174,-0.001792190132618554,0.10815432188532426,-0.0001336854915753396,0.42011834319526625,0.4319526627218935,0.14792899408284024,86.27,True,False,False,False,False,,False
2026-08-25,LOW,215.0,212.5,2.5,1.175,1.045,0.3287,-0.001066985669861631,0.08452809120354443,-0.00014031903227170614,0.43984220907297833,0.39644970414201186,0.16370808678500987,208.05,True,False,False,True,False,,False
2026-08-25,CVX,200.0,197.5,2.5,1.0,0.8336,0.2721,-0.0010709581899636111,0.07281010943399768,-0.00018658117609600034,0.5069033530571992,0.3136094674556213,0.1794871794871795,201.86,True,False,False,True,False,,False
2026-08-25,F,14.0,13.5,0.5,0.16,0.1507,0.34,-0.0011622747457147309,0.060894634647735923,-0.00026952553085380374,0.40828402366863903,0.17159763313609466,0.42011834319526625,13.88,True,False,False,True,False,,False
2026-08-25,KO,92.0,91.0,1.0,0.44,0.4548,0.1856,-0.0008247538912684593,0.020130751973400196,-0.0005087450367090304,0.3806706114398422,0.3767258382642998,0.24260355029585798,89.66,True,False,True,False,False,,False
2026-08-26,CSX,52.0,51.0,1.0,0.75,0.5334,0.51,0.038719863980925195,0.04151510674961911,0.01429614881734386,0.3727810650887574,0.20315581854043394,0.4240631163708087,51.28,True,False,True,True,True,1.0,True
2026-08-26,NFLX,82.0,81.0,1.0,0.52,0.5525,0.3925,0.06274370486436509,0.0635747980457928,0.013643498379884813,0.5029585798816568,0.2781065088757396,0.21893491124260356,81.72,True,False,True,False,False,,False
2026-08-26,V,385.0,382.5,2.5,1.24,1.305,0.225,0.0004966437093545384,0.0704292055719733,9.161288728786782e-05,0.41222879684418146,0.42011834319526625,0.16765285996055226,381.6,True,False,True,False,False,,False
2026-08-26,SBUX,109.0,108.0,1.0,0.9,0.5378,0.413,0.0006449341604859438,0.08389946608733401,8.610444608545173e-05,0.41222879684418146,0.4437869822485207,0.14398422090729784,107.85,True,False,True,True,True,2.0,True
2026-08-26,MS,215.0,212.5,2.5,1.095,1.1714,0.6298,0.00024914521408114787,0.05876708566712052,6.0802193130449294e-05,0.4437869822485207,0.3609467455621302,0.1952662721893491,214.77,True,False,True,False,False,,False
2026-08-26,QCOM,165.0,162.5,2.5,1.25,1.3876,0.6246,0.00034929589617282986,0.07457947585764102,5.832390143184815e-05,0.3609467455621302,0.4240631163708087,0.21499013806706113,164.19,True,False,True,False,False,,False
2026-08-26,JPM,357.5,355.0,2.5,1.22,1.1787,0.2338,0.0002753484514232962,0.08327029921626283,3.7320777551381187e-05,0.47534516765285995,0.39644970414201186,0.1282051282051282,357.62,True,False,True,True,True,3.0,True
2026-08-26,SCHW,110.0,109.0,1.0,0.52,0.5281,0.2899,1.4067276480789204e-05,0.07387603076729699,2.3888845576856726e-06,0.3806706114398422,0.42011834319526625,0.1992110453648915,110.16,True,False,True,False,False,,False
2026-08-26,NOW,127.0,126.0,1.0,0.59,0.5408,0.7312,9.430015757372345e-06,0.22939397137762896,3.8328652883389216e-08,0.41222879684418146,0.47928994082840237,0.10848126232741617,144.71,True,False,True,True,True,4.0,True
2026-08-26,QQQ,713.0,712.5,0.5,0.175,0.2488,0.1839,-0.0005670211373464129,0.3372616012872597,-1.7310068689837692e-07,0.4635108481262327,0.5108481262327417,0.02564102564102564,716.43,True,False,True,False,False,,False
2026-08-26,SPY,767.0,766.0,1.0,0.435,0.4826,0.1295,-0.0003048284401238055,0.2518273654844593,-7.231723925329796e-07,0.4832347140039448,0.47534516765285995,0.04142011834319527,769.35,True,False,True,False,False,,False
2026-08-26,AVGO,357.5,355.0,2.5,1.775,1.3576,0.54,-0.0001244346757216519,0.19518504962318983,-1.1495145171602593e-06,0.4240631163708087,0.5108481262327417,0.0650887573964497,368.79,True,False,True,True,True,5.0,True
2026-08-26,TSLA,347.5,345.0,2.5,1.35,1.3231,0.4641,-0.00010693366370562174,0.17926491862087612,-1.4475183825993318e-06,0.4319526627218935,0.4911242603550296,0.07692307692307693,348.75,True,False,True,True,True,6.0,True
2026-08-26,ORCL,150.0,149.0,1.0,0.595,0.5496,0.6578,-0.001142668721989093,0.23328958387535104,-4.2298721869322805e-06,0.38461538461538464,0.5779092702169625,0.03747534516765286,150.85,True,False,True,True,True,7.0,False
2026-08-26,NVDA,212.5,210.0,2.5,1.525,1.393,1.0036,-0.0008764869855226731,0.21965981312376426,-4.5000402493958065e-06,0.33727810650887574,0.5069033530571992,0.15581854043392504,217.55,True,True,True,True,False,,False
2026-08-26,CRM,210.0,207.5,2.5,1.275,1.4426,1.1536,-0.003098594917992692,0.2524524442801457,-7.241623146235498e-06,0.23471400394477318,0.6252465483234714,0.14003944773175542,256.0,True,True,True,False,False,,False
2026-08-26,TXN,262.5,260.0,2.5,1.2,1.2515,0.4297,-0.00023112575759542953,0.12170908381352064,-1.2452780807941178e-05,0.4319526627218935,0.4516765285996055,0.11637080867850098,258.64,True,False,True,False,False,,False
2026-08-26,INTC,89.0,88.0,1.0,0.55,0.5557,0.7425,-0.001024884342510024,0.18166729215833688,-1.3096172825928686e-05,0.368836291913215,0.5581854043392505,0.07297830374753451,89.47,True,False,True,False,False,,False
2026-08-26,AXP,337.5,335.0,2.5,1.26,1.2468,0.515,-0.00010805397057689348,0.08348191813058325,-1.4571459615931833e-05,0.4319526627218935,0.4358974358974359,0.13214990138067062,333.2,True,False,True,True,True,8.0,False
2026-08-26,UNH,402.5,400.0,2.5,1.495,1.2505,0.3015,-0.0006339048510375367,0.13770173572491906,-2.3267492355949626e-05,0.4280078895463511,0.48717948717948717,0.08481262327416174,392.95,True,False,True,True,True,9.0,False
2026-08-26,IWM,299.0,298.0,1.0,0.4,0.4125,0.1713,-0.001321817538693093,0.16695902240730853,-2.404065736597896e-05,0.47928994082840237,0.4556213017751479,0.0650887573964497,295.75,True,False,False,False,False,,False
2026-08-26,MSFT,497.5,495.0,2.5,1.2,1.2099,0.2922,-0.0012317614667619603,0.161980405796466,-2.5246076855520366e-05,0.40433925049309666,0.49506903353057197,0.10059171597633136,513.53,True,False,True,False,False,,False
2026-08-26,CSCO,113.0,112.0,1.0,0.535,0.508,0.3474,-0.00038594741462172344,0.09861421323330999,-3.6196412475540604e-05,0.40433925049309666,0.4516765285996055,0.14398422090729784,109.93,True,False,True,True,True,10.0,False
2026-08-26,MCD,267.5,265.0,2.5,0.945,1.0569,0.2016,-0.00010089101683674606,0.03869112704856614,-3.986321001863943e-05,0.4437869822485207,0.2978303747534517,0.2583826429980276,265.0,True,False,False,False,False,,False
2026-08-26,GOOGL,342.5,340.0,2.5,1.11,1.1494,0.2973,-0.0006731947516094294,0.11486145691833505,-4.274959407700532e-05,0.4477317554240631,0.4358974358974359,0.11637080867850098,346.59,True,False,True,False,False,,False
2026-08-26,AAPL,315.0,312.5,2.5,1.32,1.2807,0.2766,-0.00032716644609753764,0.08305720615721768,-4.4571565153697126e-05,0.3727810650887574,0.42011834319526625,0.20710059171597633,319.7,True,False,True,True,True,11.0,False
2026-08-26,HD,335.0,332.5,2.5,1.34,0.9544,0.4417,-0.001173572984009441,0.10852659962746491,-8.676209352547334e-05,0.45956607495069035,0.36489151873767256,0.1755424063116371,330.19,True,False,False,True,False,,False
2026-08-26,IBM,230.0,227.5,2.5,1.12,0.967,0.5417,-0.000811887567872871,0.09168062366213259,-8.992957818849758e-05,0.4832347140039448,0.3530571992110454,0.16370808678500987,235.59,True,False,False,True,False,,False
2026-08-26,TJX,137.0,136.0,1.0,0.35,0.3316,0.2477,-0.002011051971736899,0.12010393708626887,-0.00011260867361823166,0.4437869822485207,0.3727810650887574,0.1834319526627219,135.12,True,False,False,True,False,,False
2026-08-26,BA,212.5,210.0,2.5,1.035,1.0308,0.3071,-0.0007160389954831148,0.061118970435168896,-0.00016515415954703296,0.45956607495069035,0.36489151873767256,0.1755424063116371,209.82,True,False,False,True,False,,False
2026-08-26,PYPL,62.0,61.0,1.0,0.41,0.4171,0.3713,-0.0005346221955173647,0.048041409098624754,-0.00016877500599790502,0.41222879684418146,0.3057199211045365,0.28205128205128205,53.66,True,False,False,False,False,,False
2026-08-26,UPS,106.0,105.0,1.0,0.475,0.4229,0.27,-0.0009913996691158777,0.0580373856617733,-0.00024621878139375117,0.43984220907297833,0.39644970414201186,0.16370808678500987,105.33,True,False,False,True,False,,False
2026-08-26,T,26.0,25.5,0.5,0.19,0.1963,0.24,-0.0005879400056091333,0.017310684939747967,-0.00038806330085977954,0.39644970414201186,0.2504930966469428,0.3530571992110454,26.01,True,False,False,False,False,,False
2026-08-26,DIS,110.0,109.0,1.0,0.395,0.4153,0.2313,-0.0014785063995702563,0.04132096101161453,-0.0005484436849460952,0.40828402366863903,0.40828402366863903,0.1834319526627219,108.1,True,False,False,False,False,,False
2026-08-27,NFLX,80.0,79.0,1.0,0.4,0.4058,0.3335,0.024835756510193763,0.029992051017170063,0.012091166989283383,0.5621301775147929,0.1913214990138067,0.2465483234714004,81.72,True,False,False,False,False,,False
2026-08-27,IBM,240.0,237.5,2.5,1.23,1.3548,0.4759,0.006606927361202386,0.03470407038537737,0.002872609957898883,0.4161735700197239,0.3806706114398422,0.20315581854043394,235.59,True,False,True,False,False,,False
2026-08-27,QCOM,165.0,162.5,2.5,0.915,1.013,0.4856,0.001334628164205709,0.05001863259501693,0.00040180255894856564,0.48717948717948717,0.25443786982248523,0.2583826429980276,164.19,True,False,False,False,False,,False
2026-08-27,QQQ,722.0,721.0,1.0,0.49,0.5373,0.1882,0.006440341504844405,0.22155375855870196,3.1596509037270696e-05,0.49506903353057197,0.4556213017751479,0.04930966469428008,716.43,True,False,True,False,False,,False
2026-08-27,JPM,355.0,352.5,2.5,1.05,1.0939,0.2111,5.796768585564216e-05,0.025423452155641346,3.1491663598220435e-05,0.4437869822485207,0.3096646942800789,0.2465483234714004,357.62,True,False,False,False,False,,False
2026-08-27,SPY,772.0,771.0,1.0,0.495,0.5272,0.2055,0.003306512849018617,0.19550131813773186,3.0314245719608477e-05,0.4832347140039448,0.4556213017751479,0.0611439842209073,769.35,True,False,True,False,False,,False
2026-08-27,MS,215.0,212.5,2.5,0.82,0.9582,0.3096,3.7285916034024424e-05,0.046557497979211826,1.219755738837256e-05,0.49506903353057197,0.25443786982248523,0.2504930966469428,214.77,True,False,False,False,False,,False
2026-08-27,TSLA,355.0,352.5,2.5,1.12,1.1481,0.8627,4.630665669158596e-05,0.12212832963158005,2.4699695253192124e-06,0.5069033530571992,0.4161735700197239,0.07692307692307693,348.75,True,False,True,False,False,,False
2026-08-27,INTC,92.5,92.0,0.5,0.255,0.2814,0.6875,-0.0005713576483151739,0.22569216524301572,-2.5380686100994838e-06,0.38461538461538464,0.5463510848126233,0.06903353057199212,89.47,True,False,True,False,False,,False
2026-08-27,COST,935.0,932.5,2.5,1.025,1.1896,0.2268,-0.0004257093402599832,0.16943766644001468,-7.2954642467054005e-06,0.4437869822485207,0.4358974358974359,0.1203155818540434,945.47,True,False,True,False,False,,False
2026-08-27,IWM,300.0,299.0,1.0,0.405,0.4206,0.208,-0.0004513305535397416,0.13892042287446937,-1.6088582464638945e-05,0.5187376725838264,0.40828402366863903,0.07297830374753451,295.75,True,False,False,False,False,,False
2026-08-27,V,380.0,377.5,2.5,0.94,1.0449,0.3071,-0.00018347562975773446,0.04166243270482495,-6.750377119675035e-05,0.45956607495069035,0.3136094674556213,0.22682445759368836,381.6,True,False,False,False,False,,False
2026-08-27,CVX,200.0,197.5,2.5,0.85,0.8908,0.265,-0.0003201064303248735,0.04508641208505115,-0.00010848149931551216,0.45956607495069035,0.21104536489151873,0.32938856015779094,201.86,True,False,False,False,False,,False
2026-08-27,ORCL,152.5,150.0,2.5,1.09,1.1137,0.6,-0.00041076093633218846,0.04892467038603976,-0.00012695329876541675,0.4319526627218935,0.36489151873767256,0.20315581854043394,150.85,True,False,False,False,False,,False
2026-08-27,AAPL,315.0,312.5,2.5,1.045,1.0232,0.2502,-0.0003927623321652307,0.038746737538387865,-0.00015497796960717986,0.4358974358974359,0.2978303747534517,0.26627218934911245,319.7,True,False,False,True,False,,False
2026-08-27,BA,210.0,207.5,2.5,0.87,0.8683,0.2806,-0.0008483779983174955,0.05016411041722968,-0.00025452209237385984,0.45956607495069035,0.26232741617357,0.2781065088757396,209.82,True,False,False,True,False,,False
2026-08-27,BMY,67.0,66.0,1.0,0.145,0.2983,0.2882,-0.0010056552874895264,0.04619452758803444,-0.0003318642412048677,0.4516765285996055,0.1873767258382643,0.3609467455621302,66.58,True,False,False,False,False,,False
2026-08-27,VZ,49.5,49.0,0.5,0.205,0.1807,0.2479,-0.000861501175344781,0.031787753776025385,-0.00040172602629419906,0.41222879684418146,0.24260355029585798,0.34516765285996054,50.1,True,False,False,True,False,,False
2026-08-27,MRK,150.0,149.0,1.0,0.61,0.3538,0.2883,-0.003690250789066263,0.07800256476692358,-0.0005675836530997751,0.3214990138067061,0.5029585798816568,0.1755424063116371,148.35,True,False,False,True,False,,False
2026-08-27,LOW,207.5,205.0,2.5,1.15,0.9404,0.3241,-0.0014703459651870254,0.02423625714443145,-0.0008218704926173395,0.388560157790927,0.3214990138067061,0.28994082840236685,208.05,True,False,False,True,False,,False
2026-08-27,UPS,106.0,105.0,1.0,0.325,0.362,0.1965,-0.0014126573280909271,0.015647292806694635,-0.0009703849148094005,0.42011834319526625,0.3214990138067061,0.2583826429980276,105.33,True,False,False,False,False,,False
2026-08-27,DIS,107.0,106.0,1.0,0.35,0.2419,0.2599,-0.0026656129166403586,0.032914714205084517,-0.001209831238702757,0.42011834319526625,0.3057199211045365,0.27416173570019725,108.1,True,False,False,True,False,,False
2026-08-27,PEP,140.0,139.0,1.0,0.375,0.34,0.16,-0.002087010098290265,0.019886430258790444,-0.00129493194356085,0.39644970414201186,0.34911242603550297,0.25443786982248523,141.07,True,False,False,True,False,,False
2026-08-31,MCD,265.0,262.5,2.5,1.48,1.5089,0.5616,0.01211930115299742,0.08339463570673433,0.001637757718313821,0.39644970414201186,0.4280078895463511,0.1755424063116371,255.69,True,True,True,False,False,,False
2026-08-31,PEP,141.0,140.0,1.0,0.345,0.6559,0.323,0.022608328376692466,0.14765674671677598,0.0006534798564033506,0.40039447731755423,0.4832347140039448,0.11637080867850098,137.63,True,True,True,False,False,,False
2026-08-31,FCX,76.0,75.0,1.0,0.475,0.5243,0.5331,0.012597920425957865,0.14910253853544364,0.0003517167305659561,0.5069033530571992,0.40039447731755423,0.09270216962524655,72.73,True,False,True,False,False,,False
2026-08-31,WMT,105.0,104.0,1.0,0.445,0.4599,0.2303,0.002181443575205222,0.08397195838341442,0.0002907358508478872,0.514792899408284,0.3727810650887574,0.11242603550295859,107.14,True,False,True,False,False,,False
2026-08-31,HD,330.0,327.5,2.5,1.6,1.5326,0.3506,0.0029813199478041508,0.16424703884138014,5.786961627446618e-05,0.3806706114398422,0.5108481262327417,0.10848126232741617,321.05,True,True,True,True,False,,False
2026-08-31,BAC,62.0,61.0,1.0,0.445,0.3961,0.2861,0.00012003081445266517,0.045334027722146786,4.043645912508493e-05,0.4911242603550296,0.2702169625246548,0.23865877712031558,62.68,True,True,False,True,False,,False
2026-08-31,ADI,365.0,362.5,2.5,1.4,1.5107,0.3885,0.000987701605509983,0.20182585599926817,7.780029184730745e-06,0.38461538461538464,0.534516765285996,0.08086785009861933,362.25,True,True,True,False,False,,False
2026-08-31,IBM,235.0,232.5,2.5,1.365,1.222,0.3405,4.770949114041301e-05,0.11542288661927469,2.9891261134331473e-06,0.4556213017751479,0.4240631163708087,0.1203155818540434,234.89,True,False,True,True,True,1.0,True
2026-08-31,QQQ,718.0,717.5,0.5,0.23,0.2451,0.1529,-0.00031761853462963785,0.3356873492872814,-1.0069639323617253e-07,0.49506903353057197,0.5029585798816568,0.0019723865877712033,718.96,True,False,True,False,False,,False
2026-08-31,TSLA,370.0,367.5,2.5,1.275,1.3358,0.4875,-0.0002008215056568119,0.236029637227114,-6.960771260593293e-07,0.4358974358974359,0.514792899408284,0.04930966469428008,354.08,True,False,True,False,False,,False
2026-08-31,AVGO,375.0,372.5,2.5,1.375,1.3872,1.0039,-0.001542752664763114,0.3099712439848623,-9.0666131481447e-07,0.35700197238658776,0.5936883629191322,0.04930966469428008,357.895,True,False,True,False,False,,False
2026-08-31,SPY,768.0,767.0,1.0,0.445,0.4752,0.1057,-0.0006290107316270221,0.25638464761904867,-1.3376532532697383e-06,0.47534516765285995,0.48717948717948717,0.03747534516765286,770.19,True,False,True,False,False,,False
2026-08-31,AMGN,432.5,430.0,2.5,1.175,1.3416,0.3447,-0.00045503951409620047,0.22034636590467638,-2.2980742224826508e-06,0.42011834319526625,0.5266272189349113,0.05325443786982249,437.23,True,False,True,False,False,,False
2026-08-31,ORCL,150.0,149.0,1.0,0.55,0.5006,0.5522,-0.0009443396167426732,0.24971270081131547,-2.356979780607385e-06,0.4319526627218935,0.5226824457593688,0.045364891518737675,158.78,True,False,True,True,True,2.0,True
2026-08-31,SCHW,110.0,109.0,1.0,0.405,0.4272,0.2671,-6.291410042891243e-05,0.11136234202388207,-4.345210057384237e-06,0.49506903353057197,0.3530571992110454,0.15187376725838264,109.29,True,False,False,False,False,,False
2026-08-31,MSFT,510.0,507.5,2.5,1.45,1.343,0.2801,-0.0007230695565257905,0.20568056713218652,-5.19227431299911e-06,0.39250493096646943,0.5226824457593688,0.08481262327416174,499.7,True,False,True,True,True,3.0,True
2026-08-31,CRM,260.0,257.5,2.5,1.35,1.3129,0.4447,-0.00039803196392629303,0.17874013454481052,-5.456290069488631e-06,0.4161735700197239,0.49506903353057197,0.08875739644970414,259.23,True,False,True,True,True,4.0,True
2026-08-31,INTC,90.0,89.0,1.0,0.515,0.5173,0.6619,-0.0010685452695957665,0.20487931679210558,-7.8220747938905e-06,0.39250493096646943,0.5226824457593688,0.08481262327416174,95.8,True,False,True,False,False,,False
2026-08-31,AAPL,317.5,315.0,2.5,1.1,1.1566,0.2366,-0.00014556793771991483,0.12109353472449036,-7.959753803407933e-06,0.46745562130177515,0.40433925049309666,0.1282051282051282,319.97,True,False,True,False,False,,False
2026-08-31,GE,337.5,335.0,2.5,1.625,1.2496,0.3325,-0.0005218369573635195,0.1713630906447512,-8.538975377646879e-06,0.4319526627218935,0.47928994082840237,0.08875739644970414,337.12,True,False,True,True,True,5.0,True
2026-08-31,IWM,295.0,294.0,1.0,0.47,0.5043,0.1552,-0.0010004405608803335,0.1899788002089433,-1.0471994860571759e-05,0.4161735700197239,0.5187376725838264,0.0650887573964497,296.01,True,False,True,False,False,,False
2026-08-31,UNH,390.0,387.5,2.5,1.225,1.1662,0.272,-0.0006697097820919096,0.16785757322812445,-1.1920536869515239e-05,0.4714003944773176,0.4714003944773176,0.05719921104536489,397.14,True,False,True,True,True,6.0,True
2026-08-31,MDT,92.0,91.0,1.0,0.47,0.5634,0.6212,-0.0028480283425614816,0.22697863417874609,-1.2266782555661279e-05,0.2583826429980276,0.6134122287968442,0.1282051282051282,94.17,True,False,True,False,False,,False
2026-08-31,TXN,262.5,260.0,2.5,1.25,1.3616,0.3879,-0.0006475787631379237,0.1645798842803392,-1.246996814751666e-05,0.3806706114398422,0.514792899408284,0.10453648915187377,258.44,True,False,True,False,False,,False
2026-08-31,NVDA,222.5,220.0,2.5,1.39,1.3157,0.3642,-0.00029434426455288154,0.11453595799701766,-1.883820631167373e-05,0.42011834319526625,0.4911242603550296,0.08875739644970414,230.36,True,False,True,True,True,7.0,False
2026-08-31,JPM,357.5,355.0,2.5,1.14,1.2486,0.2039,-0.00037143124845551156,0.11726905511245933,-2.226256257983535e-05,0.4358974358974359,0.46745562130177515,0.09664694280078895,358.64,True,False,True,False,False,,False
2026-08-31,GOOGL,340.0,337.5,2.5,0.93,1.1922,0.5513,-0.0010495452986377662,0.150063475809185,-2.8633829859677563e-05,0.4319526627218935,0.4911242603550296,0.07692307692307693,338.46,True,True,True,False,False,,False
2026-08-31,PYPL,53.0,52.0,1.0,0.49,0.4676,0.3825,-8.647688462171121e-05,0.04504292394982534,-2.933692535575748e-05,0.41222879684418146,0.3530571992110454,0.23471400394477318,54.96,True,True,True,True,False,,False
2026-08-31,TJX,134.0,133.0,1.0,0.575,0.4299,0.4579,-0.0008479305127666592,0.1394944080497541,-2.9812652881862155e-05,0.45956607495069035,0.41222879684418146,0.1282051282051282,132.08,True,False,False,True,False,,False
2026-08-31,MRK,148.0,147.0,1.0,0.46,0.4262,0.2792,-0.0025239107263149707,0.17865301319515825,-3.467061632477966e-05,0.39644970414201186,0.534516765285996,0.06903353057199212,150.33,True,False,False,True,False,,False
2026-08-31,CSCO,111.0,110.0,1.0,0.525,0.4868,0.2891,-0.0008380083884450551,0.13154274449250836,-3.565902400822896e-05,0.4240631163708087,0.47928994082840237,0.09664694280078895,109.2,True,False,True,True,True,8.0,False
2026-08-31,SBUX,107.0,106.0,1.0,0.89,0.4819,0.3516,-0.0009992556890144888,0.12902799150383304,-4.516574270685848e-05,0.40828402366863903,0.4714003944773176,0.1203155818540434,104.47,True,False,True,True,True,9.0,False
2026-08-31,AMZN,260.0,257.5,2.5,1.365,1.0117,0.3212,-0.0012675827015635743,0.1286640577098208,-5.779657952060255e-05,0.45956607495069035,0.4161735700197239,0.1242603550295858,258.51,True,False,False,True,False,,False
2026-08-31,V,380.0,377.5,2.5,1.045,1.0739,0.185,-0.0013725462330993476,0.11889685759526558,-7.911466658456324e-05,0.4358974358974359,0.4477317554240631,0.11637080867850098,375.07,True,False,False,False,False,,False
2026-08-31,DIS,108.0,107.0,1.0,0.51,0.4807,0.2285,-0.0007536703351607166,0.08828863445028046,-9.056137741584984e-05,0.4161735700197239,0.4516765285996055,0.13214990138067062,105.31,True,False,True,True,True,10.0,False
2026-08-31,LOW,205.0,202.5,2.5,1.125,1.0443,0.2607,-0.0012085492402614806,0.0930017211361771,-0.00012968839829154917,0.4556213017751479,0.4280078895463511,0.11637080867850098,204.45,True,False,False,True,False,,False
2026-08-31,JNJ,267.5,265.0,2.5,1.54,1.2615,0.249,-0.0009990473806951172,0.08278750426644588,-0.00013698920173270697,0.3727810650887574,0.47534516765285995,0.15187376725838264,275.23,True,False,True,True,True,11.0,False
2026-08-31,GM,87.0,86.0,1.0,0.525,0.4825,0.348,-0.0021301820078074574,0.1052070880969449,-0.00017054387421604558,0.34122287968441817,0.5226824457593688,0.13609467455621302,87.76,True,True,True,True,False,,False
2026-08-31,PFE,28.5,28.0,0.5,0.19,0.1743,0.263,-0.0007081930932920644,0.049411793756572786,-0.0002163362125229314,0.4516765285996055,0.23865877712031558,0.3096646942800789,28.45,True,False,False,True,False,,False
2026-08-31,BMY,67.0,66.0,1.0,0.33,0.3431,0.2285,-0.002292092994852446,0.07576498561741363,-0.0003719877768726021,0.4161735700197239,0.40039447731755423,0.1834319526627219,66.82,True,False,False,False,False,,False
2026-08-31,T,26.0,25.5,0.5,0.185,0.2022,0.2044,-0.0007381436233943051,0.020409769918154685,-0.00045228112265475583,0.4437869822485207,0.33727810650887574,0.21893491124260356,25.68,True,False,False,False,False,,False
2026-08-31,KO,89.0,88.0,1.0,0.435,0.4074,0.1868,-0.0015220539185438753,0.03663352905350581,-0.0006318242478467658,0.368836291913215,0.3609467455621302,0.2702169625246548,88.07,True,False,False,True,False,,False
2026-08-31,F,14.0,13.5,0.5,0.155,0.1491,0.3,-0.001653249155673775,0.03980870665163172,-0.0006359302300915211,0.38461538461538464,0.21104536489151873,0.40433925049309666,14.62,True,False,False,True,False,,False
2026-09-01,NFLX,81.0,80.0,1.0,0.475,0.506,0.3469,0.07312784847452503,0.07766882777073514,0.011337971381692534,0.6015779092702169,0.26627218934911245,0.13214990138067062,78.25,True,False,True,False,False,,False
2026-09-01,XOM,165.0,162.5,2.5,1.07,1.0933,0.4022,0.0037702483033521528,0.04896387544960512,0.0011641693768239625,0.49506903353057197,0.2938856015779093,0.21104536489151873,159.47,True,False,False,False,False,,False
2026-09-01,IBM,232.5,230.0,2.5,1.325,1.3046,0.3703,0.006892887367114131,0.10137599507302741,0.0006049957666997384,0.4635108481262327,0.39250493096646943,0.14398422090729784,234.89,True,False,True,True,True,1.0,True
2026-09-01,PEP,140.0,139.0,1.0,0.51,0.5925,0.3945,0.020798536044706717,0.15032274322855543,0.0005639085219737969,0.4437869822485207,0.4161735700197239,0.14003944773175542,137.63,True,True,True,False,False,,False
2026-09-01,UPS,103.0,102.0,1.0,0.47,0.5031,0.263,0.001924040540694394,0.06989744716350721,0.0003594747614570219,0.43984220907297833,0.388560157790927,0.17159763313609466,102.29,True,False,True,False,False,,False
2026-09-01,WMT,106.0,105.0,1.0,0.44,0.4363,0.2472,0.0017539967265169931,0.08455812051603728,0.00023050151019781835,0.5187376725838264,0.33727810650887574,0.14398422090729784,107.14,True,False,False,True,False,,False
2026-09-01,HD,320.0,317.5,2.5,1.15,1.3854,0.3877,0.005111182193493047,0.13010093334664719,0.00022514927015353462,0.4319526627218935,0.4319526627218935,0.13609467455621302,321.05,True,True,True,False,False,,False
2026-09-01,QCOM,167.5,165.0,2.5,1.4,1.374,0.5783,0.0013884412627025444,0.09890989110340698,0.00012929538806679045,0.40433925049309666,0.43984220907297833,0.15581854043392504,168.74,True,True,True,True,False,,False
2026-09-01,MCD,262.5,260.0,2.5,1.21,1.3247,0.2081,0.00024251836975630603,0.05287650761960161,6.817250126016258e-05,0.3806706114398422,0.40828402366863903,0.21104536489151873,255.69,True,True,True,False,False,,False
2026-09-01,NOW,144.0,143.0,1.0,0.575,0.5125,0.6599,-1.2515952928171536e-05,0.24537674683259758,-3.4664545457218515e-08,0.4556213017751479,0.47534516765285995,0.06903353057199212,141.26,True,False,True,True,True,2.0,True
2026-09-01,SPY,763.0,762.0,1.0,0.465,0.5205,0.1376,-0.00038239378731030893,0.26428060232317385,-6.728159112616054e-07,0.4437869822485207,0.514792899408284,0.04142011834319527,770.19,True,False,True,False,False,,False
2026-09-01,AVGO,375.0,372.5,2.5,1.2,1.4341,1.1565,-0.0014454667315362268,0.31355805261283987,-7.794196172509959e-07,0.3530571992110454,0.6134122287968442,0.03353057199211045,357.895,True,False,True,False,False,,False
2026-09-01,QQQ,709.0,708.0,1.0,0.465,0.4714,0.1811,-0.0007324932913574944,0.284227011556789,-7.985209339556944e-07,0.4635108481262327,0.47928994082840237,0.05719921104536489,718.96,True,False,True,False,False,,False
2026-09-01,ORCL,142.0,141.0,1.0,0.565,0.5403,0.5896,-0.00048230730380771636,0.23367903287379244,-1.7687705163496146e-06,0.40828402366863903,0.5226824457593688,0.06903353057199212,158.78,True,False,True,True,True,3.0,True
2026-09-01,NEE,83.0,82.0,1.0,0.46,0.4102,0.2828,-1.2445875154698527e-05,0.05464216488137508,-3.353408522557172e-06,0.4990138067061144,0.3175542406311637,0.1834319526627219,83.43,True,False,False,True,False,,False
2026-09-01,TSLA,357.5,355.0,2.5,1.275,1.2938,0.9299,-0.0006516857467189219,0.21278195059345073,-3.9463679435036436e-06,0.42011834319526625,0.5108481262327417,0.06903353057199212,354.08,True,False,True,False,False,,False
2026-09-01,UNH,397.5,395.0,2.5,1.325,1.2445,0.3238,-0.0005617200117454813,0.17743683448513703,-7.944814870769027e-06,0.4477317554240631,0.49506903353057197,0.05719921104536489,397.14,True,False,True,True,True,4.0,True
2026-09-01,MRK,150.0,149.0,1.0,0.425,0.5151,0.3035,-0.0003776540922172389,0.15787787411912035,-8.541269907403932e-06,0.42011834319526625,0.47928994082840237,0.10059171597633136,150.33,True,False,True,False,False,,False
2026-09-01,MSFT,502.5,500.0,2.5,1.125,1.2898,0.2605,-0.0006823147528398632,0.1794231948522773,-9.201204407559915e-06,0.4161735700197239,0.5069033530571992,0.07692307692307693,499.7,True,False,True,False,False,,False
2026-09-01,CRM,260.0,257.5,2.5,1.3,1.3734,0.4579,-0.0004503850680277477,0.16189548979197355,-9.24988545844682e-06,0.3767258382642998,0.4990138067061144,0.1242603550295858,259.23,True,False,True,False,False,,False
2026-09-01,CSCO,110.0,109.0,1.0,0.505,0.4847,0.34,-0.00018633752908381318,0.12197274778307454,-9.976314712911737e-06,0.45956607495069035,0.4437869822485207,0.09664694280078895,109.2,True,False,True,True,True,5.0,True
2026-09-01,IWM,291.0,290.0,1.0,0.435,0.4819,0.2038,-0.0010768139772362462,0.19377384221697103,-1.029017674357302e-05,0.42011834319526625,0.4911242603550296,0.08875739644970414,296.01,True,False,True,False,False,,False
2026-09-01,INTC,90.0,89.0,1.0,0.545,0.5631,0.626,-0.0013831064516397484,0.19279042429680116,-1.3532810133679605e-05,0.3609467455621302,0.5976331360946746,0.04142011834319527,95.8,True,False,True,False,False,,False
2026-09-01,MA,582.5,580.0,2.5,0.625,1.1087,0.2001,-0.0013009474132321674,0.17516188348096196,-1.943280959644879e-05,0.4477317554240631,0.47534516765285995,0.07692307692307693,579.21,True,False,False,False,False,,False
2026-09-01,TXN,255.0,252.5,2.5,1.385,1.3395,0.3975,-0.000934890961463819,0.1369474775849857,-3.4942031365386164e-05,0.3727810650887574,0.5187376725838264,0.10848126232741617,258.44,True,False,True,True,True,6.0,True
2026-09-01,FCX,73.0,72.0,1.0,0.535,0.4389,0.5202,-0.001475354490513836,0.12560230821761575,-7.239941181291445e-05,0.42011834319526625,0.45956607495069035,0.1203155818540434,72.73,True,False,False,True,False,,False
2026-09-01,TJX,134.0,133.0,1.0,0.525,0.4869,0.2226,-0.0012956610354527553,0.10885552886644312,-9.503484398942931e-05,0.38461538461538464,0.48717948717948717,0.1282051282051282,132.08,True,False,True,True,True,7.0,False
2026-09-01,GM,86.0,85.0,1.0,0.46,0.4789,0.3669,-0.001200687154791602,0.08111799313658352,-0.00017136871540311227,0.38461538461538464,0.4635108481262327,0.15187376725838264,87.76,True,True,True,False,False,,False
2026-09-01,BMY,67.0,66.0,1.0,0.4,0.3146,0.2671,-0.0020065644695091978,0.06264537468076559,-0.00044616566408273004,0.4477317554240631,0.34911242603550297,0.20315581854043394,66.82,True,False,False,True,False,,False
2026-09-02,NFLX,83.0,82.0,1.0,0.46,0.4579,0.348,0.03342779615605984,0.05903699808350482,0.00810515128066101,0.5660749506903353,0.25443786982248523,0.1794871794871795,78.25,True,False,True,True,True,1.0,True
2026-09-02,FCX,74.0,73.0,1.0,0.45,0.5097,0.5114,0.01443555443122313,0.09620118997299065,0.0014345707303396332,0.514792899408284,0.3727810650887574,0.11242603550295859,72.73,True,False,True,False,False,,False
2026-09-02,PEP,141.0,140.0,1.0,0.99,0.6696,0.5536,0.04527904402124494,0.14500649258131726,0.0013947127765327146,0.4161735700197239,0.43984220907297833,0.14398422090729784,137.63,True,True,True,True,False,,False
2026-09-02,BMY,68.0,67.0,1.0,0.59,0.5337,0.3673,0.0022742024129980276,0.026023077132034222,0.0012178360472653472,0.3767258382642998,0.368836291913215,0.25443786982248523,66.82,True,False,True,True,True,2.0,True
2026-09-02,HD,320.0,317.5,2.5,1.275,1.5363,0.3944,0.0103058245442611,0.11223604948884214,0.0006970096922915064,0.3767258382642998,0.4358974358974359,0.1873767258382643,321.05,True,True,True,False,False,,False
2026-09-02,JPM,357.5,355.0,2.5,1.18,1.2965,0.2304,0.004429781539368127,0.09510359125785794,0.00045197160529819775,0.45956607495069035,0.40433925049309666,0.13609467455621302,358.64,True,False,True,False,False,,False
2026-09-02,NOW,138.0,137.0,1.0,0.605,0.5674,0.6118,0.0012088218179435728,0.2211650378305976,5.986102617017173e-06,0.41222879684418146,0.48717948717948717,0.10059171597633136,141.26,True,False,True,True,True,3.0,True
2026-09-02,ABBV,262.5,260.0,2.5,1.63,1.2331,0.3741,2.128368588616425e-05,0.054569379590513334,5.744688841634145e-06,0.42011834319526625,0.40039447731755423,0.1794871794871795,256.46,True,False,True,True,True,4.0,True
2026-09-02,TSLA,360.0,357.5,2.5,0.625,1.4152,0.5601,0.0003252236695960864,0.21508490387602286,1.8635354567773682e-06,0.4161735700197239,0.514792899408284,0.06903353057199212,354.08,True,False,True,False,False,,False
2026-09-02,QQQ,710.0,709.0,1.0,0.43,0.4652,0.162,-0.00010271843830444993,0.2561963225205319,-2.1943041688344128e-07,0.514792899408284,0.4516765285996055,0.03353057199211045,718.96,True,False,True,False,False,,False
2026-09-02,AVGO,372.5,370.0,2.5,1.25,1.4215,1.3524,-0.0015767619950923795,0.30937307505720624,-9.400472412055957e-07,0.34122287968441817,0.6015779092702169,0.05719921104536489,357.895,True,False,True,False,False,,False
2026-09-02,SPY,766.0,765.0,1.0,0.445,0.4654,0.1172,-0.0004310469384282145,0.2254234082098605,-1.9271749864258543e-06,0.49506903353057197,0.46745562130177515,0.03747534516765286,770.19,True,False,True,False,False,,False
2026-09-02,ORCL,147.0,146.0,1.0,0.575,0.5729,0.8736,-0.0008277823598962231,0.22398504074124648,-3.830936505374114e-06,0.3767258382642998,0.5818540433925049,0.04142011834319527,158.78,True,False,True,True,True,5.0,True
2026-09-02,CRM,257.5,255.0,2.5,1.11,1.1591,0.4356,-0.00012760797537647584,0.13329705389245172,-5.206113345832131e-06,0.4714003944773176,0.40828402366863903,0.1203155818540434,259.23,True,False,True,False,False,,False
2026-09-02,INTC,91.0,90.0,1.0,0.55,0.585,0.7606,-0.000920897793039277,0.16421902625093798,-1.7887326157481265e-05,0.34911242603550297,0.5779092702169625,0.07297830374753451,95.8,True,False,True,False,False,,False
2026-09-02,MSFT,497.5,495.0,2.5,0.795,1.1597,0.2419,-0.0008235781866577918,0.15525225089267702,-1.9838102715383093e-05,0.4477317554240631,0.45956607495069035,0.09270216962524655,499.7,True,False,True,False,False,,False
2026-09-02,NVDA,225.0,222.5,2.5,1.125,1.1198,0.4081,-0.00022876064340604518,0.0784170743388386,-3.4836526468657965e-05,0.47928994082840237,0.39644970414201186,0.1242603550295858,230.36,True,False,False,True,False,,False
2026-09-02,GOOGL,337.5,335.0,2.5,1.055,1.1474,0.3078,-0.0005410831637658875,0.11170097389702316,-3.7067835124955324e-05,0.4556213017751479,0.4280078895463511,0.11637080867850098,338.46,True,True,True,False,False,,False
2026-09-02,GE,330.0,327.5,2.5,1.095,1.0566,0.3041,-0.0006560076740546039,0.11821542641838778,-3.8436297214180326e-05,0.4911242603550296,0.40828402366863903,0.10059171597633136,337.12,True,False,False,True,False,,False
2026-09-02,UNH,400.0,397.5,2.5,1.005,1.1181,0.2774,-0.0008852314357982172,0.1287963602349863,-4.023496825295037e-05,0.46745562130177515,0.4556213017751479,0.07692307692307693,397.14,True,False,False,False,False,,False
2026-09-02,IBM,232.5,230.0,2.5,1.175,1.1616,0.3671,-0.0002930224751831467,0.06851550105028181,-5.6592546427545996e-05,0.4556213017751479,0.41222879684418146,0.13214990138067062,234.89,True,False,True,True,True,6.0,True
2026-09-02,TXN,255.0,252.5,2.5,1.115,1.0942,0.4,-0.0008973649441280651,0.11365875589808505,-5.8653807230283976e-05,0.4516765285996055,0.4240631163708087,0.1242603550295858,258.44,True,False,False,True,False,,False
2026-09-02,CSCO,110.0,109.0,1.0,0.47,0.4823,0.3154,-0.0006479389639233446,0.08556856213813169,-8.310883460314619e-05,0.40828402366863903,0.4358974358974359,0.15581854043392504,109.2,True,False,True,False,False,,False
2026-09-02,T,26.0,25.5,0.5,0.16,0.1662,0.237,-0.0005177395322802925,0.0669874774386412,-0.00010372807628166135,0.45956607495069035,0.1913214990138067,0.34911242603550297,25.68,True,False,False,False,False,,False
2026-09-02,MRK,152.5,150.0,2.5,0.91,1.2043,0.265,-0.0001586822598068638,0.009007206844483528,-0.0001278337859180041,0.3806706114398422,0.35700197238658776,0.26232741617357,150.33,True,False,True,False,False,,False
2026-09-02,GM,85.0,84.0,1.0,0.455,0.4282,0.3742,-0.0009063772815643967,0.07597579967786472,-0.00014635518666610207,0.4161735700197239,0.3727810650887574,0.21104536489151873,87.76,True,True,False,True,False,,False
2026-09-02,LOW,200.0,197.5,2.5,0.95,0.9495,0.2869,-0.0006582554978485922,0.05939577577590005,-0.00015823709854827735,0.4635108481262327,0.30177514792899407,0.23471400394477318,204.45,True,False,False,True,False,,False
2026-09-02,PYPL,55.0,54.0,1.0,0.475,0.4435,0.4584,-0.0002621666165462111,0.01707296516437995,-0.00017403024025922602,0.3767258382642998,0.28994082840236685,0.3333333333333333,54.96,True,True,False,True,False,,False
2026-09-02,SBUX,107.0,106.0,1.0,0.705,0.4222,0.4028,-0.0013106028916431978,0.08346748512349111,-0.00017680066119545599,0.4358974358974359,0.4280078895463511,0.13609467455621302,104.47,True,False,False,True,False,,False
2026-09-02,BA,210.0,207.5,2.5,1.17,1.1857,0.2977,-0.0004881302910939578,0.03648386546897564,-0.00020335832868614945,0.40433925049309666,0.40039447731755423,0.1952662721893491,212.25,True,False,True,False,False,,False
2026-09-02,MS,212.5,210.0,2.5,1.17,1.0116,0.3238,-0.0008676053372654868,0.05495521240420875,-0.0002320172756705212,0.4437869822485207,0.3530571992110454,0.20315581854043394,217.72,True,False,False,True,False,,False
2026-09-02,XOM,165.0,162.5,2.5,1.07,1.0536,0.2721,-0.0003302671993420381,0.00916639385961937,-0.00026504737117970305,0.45956607495069035,0.33727810650887574,0.20315581854043394,159.47,True,False,False,True,False,,False
2026-09-03,NFLX,83.0,82.0,1.0,0.475,0.4478,0.3471,0.025376852290249108,0.018539507701329727,0.01626294564230892,0.4990138067061144,0.21104536489151873,0.28994082840236685,78.25,True,False,False,True,False,,False
2026-09-03,IBM,235.0,232.5,2.5,0.905,1.1325,0.3364,0.007628158445143418,0.053832718643882504,0.002095644643117504,0.5187376725838264,0.3136094674556213,0.16765285996055226,234.89,True,False,True,False,False,,False
2026-09-03,FCX,73.0,72.0,1.0,0.43,0.4853,0.4936,0.0018553628498971797,0.04684757986172117,0.0006027446527777735,0.4280078895463511,0.34516765285996054,0.22682445759368836,72.73,True,False,True,False,False,,False
2026-09-03,CRM,265.0,262.5,2.5,1.135,1.1561,0.4637,0.0016194828047417786,0.08629514065455424,0.00020413442955193915,0.4714003944773176,0.34516765285996054,0.1834319526627219,259.23,True,False,True,False,False,,False
2026-09-03,SPY,774.0,773.0,1.0,0.5,0.5609,0.1235,0.01029269126110477,0.176640966843292,0.00014838438929982986,0.4832347140039448,0.45956607495069035,0.05719921104536489,770.19,True,False,True,False,False,,False
2026-09-03,NOW,146.0,145.0,1.0,0.51,0.4717,0.6062,0.005847506121880119,0.17388795023350756,9.005852527082206e-05,0.5226824457593688,0.36489151873767256,0.11242603550295859,141.26,True,False,True,True,True,1.0,True
2026-09-03,TXN,255.0,252.5,2.5,1.495,1.3546,0.4477,3.4804442988090045e-05,0.0527569165539985,9.811734363421745e-06,0.368836291913215,0.4280078895463511,0.20315581854043394,258.44,True,False,True,True,True,2.0,True
2026-09-03,QQQ,718.0,717.5,0.5,0.23,0.2508,0.1747,0.0009368995704279737,0.2861704878544198,9.748071581566298e-07,0.5029585798816568,0.4635108481262327,0.03353057199211045,718.96,True,False,True,False,False,,False
2026-09-03,AVGO,357.5,355.0,2.5,1.165,1.172,0.5355,-0.0006622482084314152,0.15371193557780072,-1.655277843507458e-05,0.4240631163708087,0.4280078895463511,0.14792899408284024,357.895,True,False,True,False,False,,False
2026-09-03,MRK,152.5,150.0,2.5,0.84,0.9081,0.3255,-0.00011967797278156223,0.06586232281189064,-2.4633537511369977e-05,0.4280078895463511,0.16765285996055226,0.40433925049309666,150.33,True,False,False,False,False,,False
2026-09-03,AXP,330.0,327.5,2.5,0.955,0.9622,0.2344,-9.971138540265656e-05,0.04988918283950006,-3.0112473229254993e-05,0.49506903353057197,0.27416173570019725,0.23076923076923078,326.16,True,False,False,False,False,,False
2026-09-03,INTC,92.0,91.0,1.0,0.495,0.5059,0.6652,-0.000779260822383554,0.11976548324432712,-4.39905223197419e-05,0.388560157790927,0.4714003944773176,0.14003944773175542,95.8,True,False,True,False,False,,False
2026-09-03,ORCL,155.0,152.5,2.5,1.255,1.2632,0.665,-0.0002329276890169485,0.054677834271443126,-6.270618175210743e-05,0.40039447731755423,0.4280078895463511,0.17159763313609466,158.78,True,False,True,False,False,,False
2026-09-03,UNH,402.5,400.0,2.5,1.26,1.2718,0.2774,-0.0005285792231461972,0.07554889538379417,-8.623009155783697e-05,0.42011834319526625,0.4832347140039448,0.09664694280078895,397.14,True,False,True,False,False,,False
2026-09-03,MCD,260.0,257.5,2.5,0.915,0.9289,0.2063,-0.00021160036078238242,0.03169216314856871,-9.889784902840966e-05,0.4516765285996055,0.21893491124260356,0.32938856015779094,255.69,True,False,False,False,False,,False
2026-09-03,PYPL,57.0,55.0,2.0,0.775,0.544,0.6187,-0.0005124821022032267,0.049481588451968816,-0.00015628912621179605,0.4477317554240631,0.0650887573964497,0.48717948717948717,54.96,True,True,False,True,False,,False
2026-09-03,XOM,162.5,160.0,2.5,0.855,0.7408,0.2807,-0.0007782490147789645,0.03589026537221951,-0.0003288758008389099,0.4714003944773176,0.17159763313609466,0.35700197238658776,159.47,True,False,False,True,False,,False
2026-09-03,AMZN,260.0,257.5,2.5,1.215,1.1978,0.3071,-0.0006265373411813435,0.02481223049921888,-0.00034540403350439105,0.38461538461538464,0.40433925049309666,0.21104536489151873,258.51,True,False,True,True,True,3.0,True
2026-09-03,PG,147.0,146.0,1.0,0.325,0.3071,0.1856,-0.0015238070628129652,0.051410829747580156,-0.0004436816119894248,0.5029585798816568,0.3254437869822485,0.17159763313609466,146.44,True,False,False,True,False,,False
2026-09-03,CSCO,109.0,108.0,1.0,0.445,0.4173,0.2986,-0.0011767865698527613,0.03719420100579818,-0.0004819700294983035,0.40039447731755423,0.368836291913215,0.23076923076923078,109.2,True,False,False,True,False,,False
2026-09-03,SBUX,106.0,105.0,1.0,0.32,0.3079,0.2744,-0.0019688380070450595,0.05086897725281525,-0.0005807633445384793,0.43984220907297833,0.3254437869822485,0.23471400394477318,104.47,True,False,False,True,False,,False
2026-09-03,LOW,202.5,200.0,2.5,1.25,0.8207,0.2998,-0.0015771862190110397,0.019377983773205765,-0.0009906150905437726,0.42011834319526625,0.2859960552268245,0.2938856015779093,204.45,True,False,False,True,False,,False
2026-09-03,KO,89.0,88.0,1.0,0.34,0.2938,0.2162,-0.0015929056334327285,0.018914347774669826,-0.00101168316553248,0.38461538461538464,0.1952662721893491,0.42011834319526625,88.07,True,False,False,True,False,,False
2026-09-03,SO,89.0,88.0,1.0,0.35,0.1744,0.2317,-0.002639709793518241,0.011206965068413233,-0.002017182675464868,0.40039447731755423,0.1834319526627219,0.4161735700197239,88.11,True,False,False,True,False,,False
2026-09-08,NFLX,77.0,76.0,1.0,0.455,0.4767,0.3554,0.04926057746477008,0.08066389136618324,0.00710778542932024,0.6015779092702169,0.2702169625246548,0.1282051282051282,77.4,True,False,True,False,False,,False
2026-09-08,CSCO,110.0,109.0,1.0,0.485,0.5885,0.3225,0.001862509437615012,0.1274185221875649,8.74997105112435e-05,0.388560157790927,0.48717948717948717,0.1242603550295858,112.13,True,False,True,False,False,,False
2026-09-08,IBM,232.5,230.0,2.5,1.285,1.0865,0.3727,0.0008663873308707437,0.12133643295375496,4.709927847789528e-05,0.5305719921104537,0.3609467455621302,0.10848126232741617,243.29,True,False,False,True,False,,False
2026-09-08,FCX,77.0,76.0,1.0,0.5,0.472,0.5506,0.0002941178444137993,0.14133569208099428,9.893954444342782e-06,0.48717948717948717,0.40828402366863903,0.10453648915187377,71.07,True,False,True,True,True,1.0,True
2026-09-08,NOW,135.0,134.0,1.0,0.475,0.5288,0.6236,0.0020566581130234685,0.24562485239763354,5.66236252118926e-06,0.47534516765285995,0.46745562130177515,0.05719921104536489,132.53,True,False,True,False,False,,False
2026-09-08,QQQ,720.0,719.0,1.0,0.505,0.5134,0.2004,0.0012723324361236799,0.29453292333400216,1.0830887347707469e-06,0.49506903353057197,0.4714003944773176,0.03353057199211045,714.88,True,False,True,False,False,,False
2026-09-08,SCHW,107.0,106.0,1.0,0.36,0.4175,0.3083,1.0484312219283254e-05,0.10862494978801296,7.732763977148278e-07,0.49506903353057197,0.3254437869822485,0.1794871794871795,107.25,True,False,False,False,False,,False
2026-09-08,AAPL,317.5,315.0,2.5,1.25,1.2656,0.3825,2.6425192297230282e-05,0.16797784879512112,4.690009137430758e-07,0.43984220907297833,0.4437869822485207,0.11637080867850098,332.27,True,False,True,False,False,,False
2026-09-08,SPY,767.0,766.0,1.0,0.465,0.5056,0.2757,-6.133923521223217e-05,0.2595897605402463,-1.2078604008517162e-07,0.4635108481262327,0.47534516765285995,0.0611439842209073,764.29,True,False,True,False,False,,False
2026-09-08,TSLA,370.0,367.5,2.5,1.35,1.3291,0.4759,-0.00022388527288452753,0.21609554173279044,-1.252123292715465e-06,0.4280078895463511,0.5029585798816568,0.06903353057199212,365.44,True,False,True,True,True,2.0,True
2026-09-08,ORCL,167.5,165.0,2.5,1.55,1.5757,1.6378,-0.0012360920583409651,0.2823474816442776,-1.4096910355277786e-06,0.2938856015779093,0.6173570019723866,0.08875739644970414,150.28,True,False,True,False,False,,False
2026-09-08,AXP,327.5,325.0,2.5,1.17,1.2115,0.2785,-3.4009359313746934e-05,0.11573033292495172,-2.1151120090764173e-06,0.4556213017751479,0.4240631163708087,0.1203155818540434,324.69,True,False,True,False,False,,False
2026-09-08,AVGO,370.0,367.5,2.5,1.15,1.332,0.5626,-0.0004788853377175606,0.20883304626916166,-3.1882369374807114e-06,0.4280078895463511,0.5305719921104537,0.04142011834319527,361.99,True,False,True,False,False,,False
2026-09-08,INTC,105.0,104.0,1.0,0.555,0.529,0.7398,-0.0008953266011767491,0.2280637099502052,-3.757145638523842e-06,0.40433925049309666,0.5384615384615384,0.05719921104536489,102.94,True,False,True,True,True,3.0,True
2026-09-08,MSFT,495.0,492.5,2.5,1.3,1.2816,0.3012,-0.00045728036232128844,0.19156366212558118,-4.60788421473541e-06,0.4280078895463511,0.4911242603550296,0.08086785009861933,495.63,True,False,True,True,True,4.0,True
2026-09-08,GOOGL,340.0,337.5,2.5,0.875,1.3181,0.3619,-0.00040364224535216486,0.15161306681236864,-1.0610195206882544e-05,0.41222879684418146,0.49506903353057197,0.09270216962524655,338.5,True,False,True,False,False,,False
2026-09-08,IWM,295.0,294.0,1.0,0.44,0.4554,0.2415,-0.0011834513958826065,0.1880013727698091,-1.2989708804290722e-05,0.43984220907297833,0.47534516765285995,0.08481262327416174,288.89,True,False,True,False,False,,False
2026-09-08,NVDA,227.5,225.0,2.5,1.315,1.342,0.3783,-0.00024317272533691536,0.11155306943124565,-1.671820638611894e-05,0.40039447731755423,0.4832347140039448,0.11637080867850098,218.29,True,True,True,False,False,,False
2026-09-08,CRM,250.0,247.5,2.5,1.2,1.2311,0.5968,-0.001006404835886987,0.15985382657532066,-2.170728358399842e-05,0.388560157790927,0.4714003944773176,0.14003944773175542,247.72,True,False,True,False,False,,False
2026-09-08,JPM,355.0,352.5,2.5,1.35,1.2047,0.2485,-0.00039070286481324157,0.11525408782441371,-2.4577938380570085e-05,0.43984220907297833,0.43984220907297833,0.1203155818540434,356.23,True,False,True,True,True,5.0,True
2026-09-08,PG,146.0,145.0,1.0,0.465,0.4908,0.204,-0.00030017940812543387,0.10230019743561458,-2.576908672416267e-05,0.4319526627218935,0.43984220907297833,0.1282051282051282,145.27,True,False,True,False,False,,False
2026-09-08,AMZN,257.5,255.0,2.5,1.215,1.1812,0.33,-0.0005218823370131132,0.11494323957271735,-3.307588293923014e-05,0.42011834319526625,0.4161735700197239,0.16370808678500987,256.78,True,False,True,True,True,6.0,True
2026-09-08,HD,315.0,312.5,2.5,1.275,1.2074,0.3006,-0.0011713033748241841,0.12939062158881198,-5.2483429185043406e-05,0.39644970414201186,0.47928994082840237,0.1242603550295858,308.74,True,False,True,True,True,7.0,False
2026-09-08,MRK,149.0,148.0,1.0,0.51,0.4583,0.287,-0.0026288659023918637,0.156834091649955,-6.096437131629848e-05,0.3727810650887574,0.5700197238658777,0.05719921104536489,143.93,True,False,True,True,True,8.0,False
2026-09-08,PM,185.0,182.5,2.5,1.05,1.0639,0.3212,-0.00043252061914567097,0.07907316314532098,-6.483684802302631e-05,0.4437869822485207,0.34122287968441817,0.21499013806706113,191.06,True,False,False,False,False,,False
2026-09-08,GM,86.0,85.0,1.0,0.45,0.4761,0.3445,-0.0007585178586261287,0.09951345533333966,-6.961941051533359e-05,0.41222879684418146,0.43984220907297833,0.14792899408284024,85.62,True,False,True,False,False,,False
2026-09-08,PEP,139.0,138.0,1.0,0.485,0.511,0.2285,-0.001024568296774775,0.10717653380109082,-7.824068789089325e-05,0.3609467455621302,0.47534516765285995,0.16370808678500987,136.32,True,False,True,False,False,,False
2026-09-08,ABBV,250.0,247.5,2.5,1.225,1.1897,0.2533,-0.0009142940777473463,0.08960169667585349,-0.0001064538488999232,0.42011834319526625,0.4635108481262327,0.11637080867850098,257.12,True,False,True,True,True,9.0,False
2026-09-08,V,370.0,367.5,2.5,1.17,1.1829,0.2087,-0.0017828836994473463,0.10563638158952593,-0.00014127583135157008,0.36489151873767256,0.49506903353057197,0.14003944773175542,370.45,True,False,True,False,False,,False
2026-09-08,JNJ,270.0,267.5,2.5,1.575,1.1145,0.293,-0.0012968926294142369,0.09080065984352248,-0.00014671773353670874,0.40433925049309666,0.4358974358974359,0.15976331360946747,265.58,True,False,False,True,False,,False
2026-09-08,CVX,210.0,207.5,2.5,0.965,0.8527,0.26,-0.0008785471123156086,0.07266506613039181,-0.00015359326117517458,0.5266272189349113,0.3214990138067061,0.15187376725838264,214.06,True,False,False,True,False,,False
2026-09-08,UPS,101.0,100.0,1.0,0.505,0.4175,0.2411,-0.0015141533593510115,0.0809587443973796,-0.00021693588682915712,0.40433925049309666,0.41222879684418146,0.1834319526627219,100.28,True,False,False,True,False,,False
2026-09-08,NEE,84.0,83.0,1.0,0.37,0.2932,0.2141,-0.0018577336944827216,0.05324673028486182,-0.0005175939492660968,0.4911242603550296,0.33727810650887574,0.17159763313609466,82.31,True,False,False,True,False,,False
2026-09-08,MDT,93.0,91.0,2.0,0.785,0.8117,0.2541,-0.001374596996672639,0.012244061661085937,-0.0010246008426726505,0.32938856015779094,0.30177514792899407,0.368836291913215,90.96,True,False,False,False,False,,False
2026-09-09,CSCO,110.0,109.0,1.0,0.51,0.5461,0.33,0.0005652613581035304,0.08605177717442802,7.166808663084397e-05,0.40039447731755423,0.4477317554240631,0.15187376725838264,112.13,True,False,True,False,False,,False
2026-09-09,FCX,77.0,76.0,1.0,0.525,0.5464,0.4846,0.0011759858766686726,0.1338565615842474,4.7337587456165165e-05,0.4161735700197239,0.4516765285996055,0.13214990138067062,71.07,True,False,True,False,False,,False
2026-09-09,NVDA,225.0,222.5,2.5,1.265,1.2866,0.387,0.00017239718435302365,0.0779037304969783,2.657873590717817e-05,0.4240631163708087,0.4319526627218935,0.14398422090729784,218.29,True,True,True,False,False,,False
2026-09-09,NOW,132.0,131.0,1.0,0.585,0.5382,0.6564,0.003712971110256591,0.2161875646910466,2.0719724497714452e-05,0.4714003944773176,0.45956607495069035,0.06903353057199212,132.53,True,False,True,True,True,1.0,True
2026-09-09,UNH,395.0,392.5,2.5,1.275,1.4149,0.3728,0.0004992219564654565,0.16715097617206653,9.03790474245385e-06,0.41222879684418146,0.5029585798816568,0.08481262327416174,379.09,True,False,True,False,False,,False
2026-09-09,QQQ,718.0,717.0,1.0,0.49,0.5346,0.2111,0.0011285254615820417,0.2816663285474239,1.308230254624727e-06,0.46745562130177515,0.48717948717948717,0.045364891518737675,714.88,True,False,True,False,False,,False
2026-09-09,TSLA,370.0,367.5,2.5,1.35,1.3465,0.4847,3.744439375341635e-05,0.19487972197851477,3.4845146449039427e-07,0.4319526627218935,0.49506903353057197,0.07297830374753451,365.44,True,False,True,True,True,2.0,True
2026-09-09,SPY,763.0,762.0,1.0,0.435,0.4732,0.166,-0.00010218981011178574,0.24777298578819384,-2.672101927621995e-07,0.4990138067061144,0.4516765285996055,0.04930966469428008,764.29,True,False,True,False,False,,False
2026-09-09,ORCL,167.5,165.0,2.5,1.425,1.5836,2.0157,-0.003573551220083404,0.2903411697769167,-3.363987563687192e-06,0.21104536489151873,0.7159763313609467,0.07297830374753451,150.28,True,False,True,False,False,,False
2026-09-09,IWM,291.0,290.0,1.0,0.45,0.483,0.234,-0.0006390192939215167,0.18225936019362077,-8.050305195571736e-06,0.4477317554240631,0.47534516765285995,0.07692307692307693,288.89,True,False,True,False,False,,False
2026-09-09,AAPL,317.5,315.0,2.5,1.35,1.3696,0.3589,-0.00023214713034658274,0.1314226365075326,-9.906866246637058e-06,0.3609467455621302,0.4556213017751479,0.1834319526627219,332.27,True,False,True,False,False,,False
2026-09-09,WMT,106.0,105.0,1.0,0.44,0.4365,0.2455,-3.7745889217455364e-05,0.05343006414210438,-1.047042938948053e-05,0.4635108481262327,0.33727810650887574,0.1992110453648915,107.15,True,False,False,True,False,,False
2026-09-09,MSFT,492.5,490.0,2.5,1.2,1.2175,0.3038,-0.0006042393598549856,0.1665017927683392,-1.1110908618410075e-05,0.43984220907297833,0.4714003944773176,0.08875739644970414,495.63,True,False,True,False,False,,False
2026-09-09,INTC,107.0,106.0,1.0,0.55,0.5246,0.7285,-0.0016328322089514957,0.20580593597230323,-1.168994270381779e-05,0.3767258382642998,0.5739644970414202,0.04930966469428008,102.94,True,False,True,True,True,3.0,True
2026-09-09,AVGO,365.0,362.5,2.5,1.425,1.1847,0.5392,-0.0006882936397767381,0.16956613928496467,-1.1759109373318496e-05,0.4556213017751479,0.4714003944773176,0.07297830374753451,361.99,True,False,True,True,True,4.0,True
2026-09-09,CRM,245.0,242.5,2.5,1.245,1.1715,0.4727,-0.0002586223837924839,0.12689331608819854,-1.230406178223881e-05,0.45956607495069035,0.42011834319526625,0.1203155818540434,247.72,True,False,True,True,True,5.0,True
2026-09-09,QCOM,177.5,175.0,2.5,1.37,1.28,0.6344,-0.00021107289685584618,0.11174798601389968,-1.4443606966644331e-05,0.3767258382642998,0.41222879684418146,0.21104536489151873,181.97,True,False,True,True,True,6.0,True
2026-09-09,MRK,148.0,147.0,1.0,0.43,0.5083,0.2892,-0.0005772760339622929,0.1373338031428164,-2.137686519857824e-05,0.41222879684418146,0.47928994082840237,0.10848126232741617,143.93,True,False,True,False,False,,False
2026-09-09,MO,68.0,67.0,1.0,0.315,0.3706,0.2226,-7.163467791904132e-05,0.03699748378247092,-2.9477865934413383e-05,0.49506903353057197,0.24260355029585798,0.26232741617357,68.98,True,False,False,False,False,,False
2026-09-09,PYPL,53.0,52.0,1.0,0.67,0.5557,0.9141,-0.0012217737005982832,0.15307960556615652,-3.100499750304755e-05,0.2859960552268245,0.47534516765285995,0.23865877712031558,53.72,True,False,True,True,True,7.0,False
2026-09-09,JPM,355.0,352.5,2.5,1.155,0.9918,0.2496,-0.0004007442506670511,0.10343559680260772,-3.347735103562592e-05,0.5187376725838264,0.35700197238658776,0.1242603550295858,356.23,True,False,False,True,False,,False
2026-09-09,GE,327.5,325.0,2.5,0.8,1.2598,0.269,-0.001008135499532825,0.13028144873423209,-4.42167242456341e-05,0.39250493096646943,0.49506903353057197,0.11242603550295859,323.66,True,False,True,False,False,,False
2026-09-09,GOOGL,332.5,330.0,2.5,1.375,1.3388,0.3324,-0.000922340537555022,0.12287092367270769,-4.83280594904741e-05,0.35700197238658776,0.4990138067061144,0.14398422090729784,338.5,True,False,True,True,True,8.0,False
2026-09-09,V,367.5,365.0,2.5,0.955,0.9692,0.2133,-0.000895058948517824,0.09881812045776905,-8.353407975639557e-05,0.4714003944773176,0.3530571992110454,0.1755424063116371,370.45,True,False,False,False,False,,False
2026-09-09,AMZN,252.5,250.0,2.5,1.025,1.0588,0.3142,-0.0007422754771934104,0.08720385658185648,-9.15447459356124e-05,0.4556213017751479,0.38461538461538464,0.15976331360946747,256.78,True,False,False,False,False,,False
2026-09-09,SCHW,107.0,106.0,1.0,0.455,0.4467,0.2494,-0.0003177016041876479,0.04237390255513751,-0.00011490881827723134,0.4280078895463511,0.3530571992110454,0.21893491124260356,107.25,True,False,False,True,False,,False
2026-09-09,AXP,322.5,320.0,2.5,1.175,1.0653,0.2597,-0.0009755599781868796,0.08365732547513027,-0.00013100504466181302,0.43984220907297833,0.40039447731755423,0.15976331360946747,324.69,True,False,False,True,False,,False
2026-09-09,PG,143.0,142.0,1.0,0.585,0.4841,0.259,-0.0008432658339930788,0.0762657872248893,-0.00013522003732707036,0.3806706114398422,0.4319526627218935,0.1873767258382643,145.27,True,False,True,True,True,9.0,False
2026-09-09,XOM,165.0,162.5,2.5,1.13,1.0359,0.32,-0.0002439389739612441,0.020206917688264436,-0.0001501976454001515,0.4635108481262327,0.3175542406311637,0.21893491124260356,165.99,True,False,False,True,False,,False
2026-09-09,PEP,137.0,136.0,1.0,0.26,0.4292,0.1767,-0.0010305786700469666,0.07717985200862731,-0.0001616703346933639,0.4319526627218935,0.40433925049309666,0.16370808678500987,136.32,True,False,False,False,False,,False
2026-09-09,GM,84.0,83.0,1.0,0.42,0.3566,0.4485,-0.002314567556973457,0.0957626920293051,-0.00023244962617133085,0.40039447731755423,0.40828402366863903,0.1913214990138067,85.62,True,False,False,True,False,,False
2026-09-09,VZ,50.0,49.5,0.5,0.33,0.2215,0.3945,-0.0012306069815050114,0.06380745522844689,-0.0002661031144730684,0.36489151873767256,0.38461538461538464,0.2504930966469428,50.61,True,False,False,True,False,,False
2026-09-09,JNJ,267.5,265.0,2.5,1.015,0.9336,0.2466,-0.0013526793245873803,0.06544372233580775,-0.00028123574094399286,0.4437869822485207,0.35700197238658776,0.1992110453648915,265.58,True,False,False,True,False,,False
2026-09-09,MDT,92.0,91.0,1.0,0.4,0.299,0.2313,-0.002126472802071122,0.08236625181998503,-0.00029454443687709433,0.4280078895463511,0.3214990138067061,0.2504930966469428,90.96,True,False,False,True,False,,False
2026-09-09,F,13.5,13.0,0.5,0.14,0.139,0.3774,-0.001062843651736256,0.0511501994708794,-0.00031140630240472216,0.388560157790927,0.09664694280078895,0.514792899408284,13.97,True,False,False,True,False,,False
2026-09-09,BA,207.5,205.0,2.5,1.245,1.0086,0.3313,-0.0016797095354325053,0.061058269046818214,-0.0003879892778171742,0.39644970414201186,0.40039447731755423,0.20315581854043394,210.45,True,False,False,True,False,,False
2026-09-09,NEE,83.0,82.0,1.0,0.305,0.3935,0.1596,-0.0008695557984348401,0.026576856680232686,-0.0004594995417073598,0.4161735700197239,0.3057199211045365,0.2781065088757396,82.31,True,False,False,False,False,,False
2026-09-10,DIS,106.0,105.0,1.0,0.535,0.4786,0.3605,0.0031999511870919317,0.03679836817082616,0.0013230963634507677,0.4161735700197239,0.3057199211045365,0.2781065088757396,106.55,True,False,True,True,True,1.0,True
2026-09-10,LOW,197.5,195.0,2.5,1.9,1.2708,0.53,0.0013292765941912421,0.032180532192641165,0.0006140383506112761,0.368836291913215,0.33727810650887574,0.2938856015779093,196.82,True,False,True,True,True,2.0,True
2026-09-10,HD,307.5,305.0,2.5,1.515,1.5322,0.4659,0.0010641505629747083,0.09597838974791872,0.00010631972336535452,0.3333333333333333,0.47534516765285995,0.1913214990138067,308.74,True,False,True,False,False,,False
2026-09-10,NOW,132.0,131.0,1.0,0.525,0.5294,0.7242,0.0017863983627908198,0.1888476251876543,1.9213511961934005e-05,0.4477317554240631,0.4437869822485207,0.10848126232741617,132.53,True,False,True,False,False,,False
2026-09-10,IWM,288.0,287.5,0.5,0.23,0.2415,0.3848,-6.841745275254496e-05,0.27029403357407167,-1.0420148935870175e-07,0.49506903353057197,0.4635108481262327,0.04142011834319527,288.89,True,False,True,False,False,,False
2026-09-10,QQQ,710.0,709.0,1.0,0.47,0.5107,0.2625,-0.000607971182380429,0.266979266906588,-1.0026285262174718e-06,0.4358974358974359,0.5108481262327417,0.05325443786982249,714.88,True,False,True,False,False,,False
2026-09-10,SPY,759.0,758.0,1.0,0.405,0.5054,0.368,-0.0007834608530286058,0.2378230640335628,-2.60118616816369e-06,0.42011834319526625,0.5029585798816568,0.07692307692307693,764.29,True,False,True,False,False,,False
2026-09-10,GE,325.0,322.5,2.5,1.82,1.204,0.4409,-1.275600390071574e-05,0.05901704106620698,-3.0943970388974776e-06,0.4319526627218935,0.39250493096646943,0.1755424063116371,323.66,True,False,True,True,True,3.0,True
2026-09-10,TSLA,365.0,362.5,2.5,1.3,1.2645,0.5405,-0.00010140384959389515,0.1400898990135936,-3.5146975588069346e-06,0.4319526627218935,0.4477317554240631,0.1203155818540434,365.44,True,False,True,True,True,4.0,True
2026-09-10,ORCL,157.5,155.0,2.5,1.625,1.5013,3.0222,-0.004190536207549389,0.27771264338932444,-5.3413612517612035e-06,0.17159763313609466,0.6725838264299803,0.15581854043392504,150.28,True,False,True,True,True,5.0,True
2026-09-10,TMO,605.0,602.5,2.5,2.675,0.9902,0.4063,-0.002763567156980895,0.19445343929770675,-2.598176716807827e-05,0.388560157790927,0.5108481262327417,0.10059171597633136,609.82,True,False,False,True,False,,False
2026-09-10,UNH,390.0,387.5,2.5,1.375,1.3174,0.3882,-0.000289847221130346,0.0981124818832173,-2.7512883758634064e-05,0.41222879684418146,0.4832347140039448,0.10453648915187377,379.09,True,False,True,True,True,6.0,True
2026-09-10,AVGO,362.5,360.0,2.5,1.315,1.3111,0.4329,-0.0006058165113306258,0.1203248404227587,-3.37432697794552e-05,0.3767258382642998,0.4714003944773176,0.15187376725838264,361.99,True,False,True,True,True,7.0,False
2026-09-10,INTC,101.0,100.0,1.0,0.52,0.5195,0.7437,-0.0014019872737541794,0.15252938069686628,-3.605122535633915e-05,0.3727810650887574,0.5384615384615384,0.08875739644970414,102.94,True,False,True,True,True,8.0,False
2026-09-10,MO,69.0,68.0,1.0,0.375,0.3599,0.27,-0.00011011887850154167,0.04475428337303744,-3.7617060904334096e-05,0.4437869822485207,0.1755424063116371,0.3806706114398422,68.98,True,False,False,True,False,,False
2026-09-10,IBM,235.0,232.5,2.5,1.155,1.1839,0.4406,-0.00016328999247527953,0.057540381217237035,-4.104046642044759e-05,0.4161735700197239,0.3767258382642998,0.20710059171597633,243.29,True,False,True,False,False,,False
2026-09-10,AAPL,327.5,325.0,2.5,1.15,1.1813,0.3152,-0.00017942190841735428,0.060307229682033725,-4.219773515537714e-05,0.3806706114398422,0.34122287968441817,0.2781065088757396,332.27,True,False,True,False,False,,False
2026-09-10,V,367.5,365.0,2.5,0.995,1.0232,0.2332,-0.0002598894283533104,0.05659536568315526,-6.681766479350908e-05,0.4556213017751479,0.30177514792899407,0.24260355029585798,370.45,True,False,False,False,False,,False
2026-09-10,QCOM,177.5,175.0,2.5,1.18,1.0746,0.645,-0.0005329650540192299,0.07848909827580308,-8.10217387832625e-05,0.42011834319526625,0.33727810650887574,0.24260355029585798,181.97,True,False,False,True,False,,False
2026-09-10,UPS,100.0,99.0,1.0,0.33,0.3451,0.5458,-0.00042805852967287006,0.061225077247440085,-9.848045320497067e-05,0.5108481262327417,0.25443786982248523,0.23471400394477318,100.28,True,False,False,False,False,,False
2026-09-10,WMT,106.0,105.0,1.0,0.425,0.4376,0.2352,-0.00015687670847175372,0.01489823367352261,-0.00010971681007445572,0.4319526627218935,0.3214990138067061,0.2465483234714004,107.15,True,False,False,False,False,,False
2026-09-10,MDT,92.0,91.0,1.0,0.705,0.4548,0.3993,-0.00024008208944525933,0.02921838122727949,-0.00011907335773767481,0.34516765285996054,0.2781065088757396,0.3767258382642998,90.96,True,False,True,True,True,9.0,False
2026-09-10,PM,190.0,187.5,2.5,0.775,0.8241,0.3023,-0.00041116743882263496,0.03883568233566215,-0.0001618943803094889,0.5029585798816568,0.21499013806706113,0.28205128205128205,191.06,True,False,False,False,False,,False
2026-09-10,VZ,50.0,49.5,0.5,0.18,0.1669,0.2725,-0.0005580705905574579,0.04667663319125981,-0.0001820436082536487,0.4714003944773176,0.21104536489151873,0.3175542406311637,50.61,True,False,False,True,False,,False
2026-09-10,KO,88.0,87.0,1.0,0.365,0.3502,0.2125,-0.00043928730631970225,0.034629775048057754,-0.00019133753247953147,0.42011834319526625,0.1755424063116371,0.40433925049309666,88.29,True,False,False,True,False,,False
2026-09-10,AMZN,252.5,250.0,2.5,1.055,1.1043,0.3429,-0.0005810185980088534,0.04462055506466034,-0.00019911637347453612,0.4240631163708087,0.368836291913215,0.20710059171597633,256.78,True,False,False,False,False,,False
2026-09-10,PEP,137.0,136.0,1.0,0.365,0.4373,0.193,-0.0006525757929185527,0.043776006278004376,-0.00022821841695791817,0.39644970414201186,0.34122287968441817,0.26232741617357,136.32,True,False,False,False,False,,False
2026-09-10,PG,143.0,142.0,1.0,0.31,0.336,0.1815,-0.0010361687367084205,0.05627498790259766,-0.00026845560966947866,0.4990138067061144,0.3057199211045365,0.1952662721893491,145.27,True,False,False,False,False,,False
2026-09-10,BA,205.0,202.5,2.5,0.95,0.8314,0.3022,-0.0011387774166914388,0.04113498025571527,-0.0004243128336005194,0.4477317554240631,0.26232741617357,0.28994082840236685,210.45,True,False,False,True,False,,False
2026-09-10,MRK,145.0,143.0,2.0,0.76,0.6706,0.3282,-0.0014566022928503841,0.028817198287634183,-0.000729419525289829,0.38461538461538464,0.2465483234714004,0.368836291913215,143.93,True,False,False,True,False,,False
2026-09-14,NFLX,81.0,80.0,1.0,0.515,0.5337,0.3685,0.05190572507605817,0.11651708305372477,0.0031677422195484192,0.5739644970414202,0.3333333333333333,0.09270216962524655,71.79,True,False,True,False,False,,False
2026-09-14,CCI,75.0,72.5,2.5,1.2,1.274,0.5047,0.00169370851607753,0.008655950439567794,0.001375995821001332,0.3767258382642998,0.34122287968441817,0.28205128205128205,73.06,True,True,True,False,False,,False
2026-09-14,CVX,212.5,210.0,2.5,1.17,1.1594,0.3338,0.009042374775199313,0.1100686403888449,0.0006442132120524808,0.5384615384615384,0.34122287968441817,0.1203155818540434,209.51,True,False,True,True,True,1.0,True
2026-09-14,PM,195.0,192.5,2.5,1.4,1.1215,0.2914,0.003699039664029069,0.0807860671559113,0.0005321699551753622,0.5187376725838264,0.33727810650887574,0.14398422090729784,188.62,True,False,False,True,False,,False
2026-09-14,UPS,103.0,102.0,1.0,0.5,0.5832,0.2747,0.007695267172327824,0.11139155454298633,0.0005311069731023807,0.40828402366863903,0.4358974358974359,0.15581854043392504,99.06,True,False,True,False,False,,False
2026-09-14,HON,202.5,200.0,2.5,1.65,1.2788,0.38,0.0011071512897216085,0.07964277102033868,0.00016371368604277707,0.4161735700197239,0.39250493096646943,0.1913214990138067,206.46,True,False,True,True,True,2.0,True
2026-09-14,GILD,147.0,146.0,1.0,0.825,0.5764,0.4451,0.003236442999460021,0.18067232031653035,4.235533886532443e-05,0.4240631163708087,0.48717948717948717,0.08875739644970414,150.11,True,True,True,True,False,,False
2026-09-14,NOW,144.0,143.0,1.0,0.575,0.5683,0.6118,0.022436954806981158,0.27336462625299596,3.174431380575064e-05,0.5108481262327417,0.4358974358974359,0.05325443786982249,135.47,True,False,True,True,True,3.0,True
2026-09-14,USB,63.0,62.5,0.5,0.25,0.2668,0.3611,4.1481086703099024e-05,0.14138547267344004,1.3937336665607907e-06,0.42011834319526625,0.4714003944773176,0.10848126232741617,60.06,True,False,True,False,False,,False
2026-09-14,MRK,146.0,145.0,1.0,0.565,0.6012,0.8168,6.625834639617523e-06,0.19347269512267584,6.377663771746595e-08,0.3806706114398422,0.5660749506903353,0.05325443786982249,146.87,True,True,True,False,False,,False
2026-09-14,SCHW,108.0,107.0,1.0,0.52,0.5116,0.3167,-1.5962775044009447e-06,0.13541562262571438,-6.18959466189874e-08,0.4240631163708087,0.43984220907297833,0.13609467455621302,105.25,True,False,True,True,True,4.0,True
2026-09-14,SPY,763.0,762.0,1.0,0.52,0.5595,0.185,-0.0004373419651362287,0.3025886409003278,-3.0684517836099115e-07,0.40039447731755423,0.5463510848126233,0.05325443786982249,761.69,True,False,True,False,False,,False
2026-09-14,IWM,289.0,288.0,1.0,0.54,0.5513,0.2575,-0.00017944165125538536,0.22790744884948333,-7.55837645913926e-07,0.41222879684418146,0.5187376725838264,0.06903353057199212,284.1,True,True,True,False,False,,False
2026-09-14,QQQ,711.0,710.0,1.0,0.46,0.4656,0.2008,-0.001240027116135911,0.30496795090900375,-8.217309116539224e-07,0.45956607495069035,0.5187376725838264,0.021696252465483234,721.45,True,False,True,False,False,,False
2026-09-14,INTC,98.0,97.5,0.5,0.245,0.272,0.7013,-0.0016563029017985231,0.30318563443918145,-1.145553588294663e-06,0.3767258382642998,0.6094674556213018,0.013806706114398421,108.6,True,False,True,False,False,,False
2026-09-14,ORCL,146.0,145.0,1.0,0.55,0.5574,0.5928,-0.0005987856065020614,0.25872034227245844,-1.2039591292199682e-06,0.40039447731755423,0.5581854043392505,0.04142011834319527,147.61,True,False,True,False,False,,False
2026-09-14,TSLA,362.5,360.0,2.5,1.425,1.3981,0.441,-0.00042246208436780286,0.23162395653654255,-1.6276296349701903e-06,0.40828402366863903,0.5542406311637081,0.03747534516765286,364.27,True,False,True,True,True,5.0,True
2026-09-14,GM,87.5,87.0,0.5,0.285,0.2796,0.3768,-0.00037426604006751685,0.22517153315864258,-1.6834581254561606e-06,0.39644970414201186,0.534516765285996,0.06903353057199212,82.2,True,False,True,True,True,6.0,True
2026-09-14,MSFT,507.5,505.0,2.5,1.3,1.2828,0.2639,-0.00044529811912163986,0.20655755547089383,-3.131031982788589e-06,0.4358974358974359,0.4990138067061144,0.0650887573964497,493.78,True,False,True,True,True,7.0,False
2026-09-14,GOOGL,350.0,347.5,2.5,1.15,1.2225,0.3263,-0.0004904582275454539,0.1777547838881972,-6.884174998368563e-06,0.4437869822485207,0.46745562130177515,0.08875739644970414,349.54,True,False,True,False,False,,False
2026-09-14,AVGO,347.5,345.0,2.5,0.975,1.3665,0.3694,-0.001102478008510377,0.20986610031800923,-7.160137985899101e-06,0.3727810650887574,0.5542406311637081,0.07297830374753451,357.61,True,False,True,False,False,,False
2026-09-14,AAPL,335.0,332.5,2.5,1.25,1.2892,0.2697,-0.00024422291736569957,0.14694398193468428,-7.180908000626607e-06,0.4280078895463511,0.47534516765285995,0.09664694280078895,336.13,True,False,True,False,False,,False
2026-09-14,UNH,385.0,382.5,2.5,1.25,1.225,0.3055,-0.0005895905731850837,0.18067470198604985,-7.715532498224583e-06,0.4556213017751479,0.4911242603550296,0.05325443786982249,376.9,True,True,True,True,False,,False
2026-09-14,AXP,330.0,327.5,2.5,1.275,1.3242,0.3353,-0.0003634539152207461,0.1469487782238541,-1.0685437475367842e-05,0.40828402366863903,0.4911242603550296,0.10059171597633136,311.56,True,False,True,False,False,,False
2026-09-14,JPM,352.5,350.0,2.5,1.25,1.3137,0.2733,-0.0007281591896654005,0.1603295590146374,-1.5527463193854812e-05,0.39644970414201186,0.5069033530571992,0.09664694280078895,349.67,True,False,True,False,False,,False
2026-09-14,FCX,70.0,69.0,1.0,0.66,0.5138,0.5321,-0.0005230944584543318,0.14501696359439387,-1.61086264104468e-05,0.41222879684418146,0.4832347140039448,0.10453648915187377,71.54,True,False,True,True,True,8.0,False
2026-09-14,DHR,205.0,202.5,2.5,1.175,1.376,0.5218,-0.00022477317173552613,0.10930465599298111,-1.631002622029758e-05,0.3806706114398422,0.4832347140039448,0.13609467455621302,211.81,True,False,True,False,False,,False
2026-09-14,DIS,109.0,108.0,1.0,0.48,0.4988,0.27,-0.00030302296564610476,0.11229393041319136,-2.0465780897652377e-05,0.42011834319526625,0.4437869822485207,0.13609467455621302,102.67,True,False,True,False,False,,False
2026-09-14,QCOM,182.5,180.0,2.5,1.35,1.363,0.6145,-0.0013989589898086852,0.16647304099041382,-2.5742174462012083e-05,0.3333333333333333,0.534516765285996,0.13214990138067062,177.72,True,False,True,False,False,,False
2026-09-14,V,377.5,375.0,2.5,1.3,1.3251,0.2159,-0.0006572294528568445,0.13239298745838357,-2.7401602629888642e-05,0.388560157790927,0.4990138067061144,0.11242603550295859,368.29,True,False,True,False,False,,False
2026-09-14,MDT,94.0,93.0,1.0,0.935,0.4641,0.3118,-0.00030070341634680364,0.09289166751378652,-3.2353571959557536e-05,0.4319526627218935,0.388560157790927,0.1794871794871795,92.13,True,False,True,True,True,9.0,False
2026-09-14,AMZN,255.0,252.5,2.5,1.26,1.2295,0.3372,-0.0009019073260160271,0.13661594969786572,-3.3978534236885855e-05,0.40039447731755423,0.4714003944773176,0.1282051282051282,253.71,True,False,True,True,True,10.0,False
2026-09-14,CSCO,111.0,110.0,1.0,0.475,0.5092,0.4654,-0.0016880082921293393,0.15293876238530313,-4.298169340586456e-05,0.34911242603550297,0.5266272189349113,0.1242603550295858,109.51,True,False,True,False,False,,False
2026-09-14,MS,207.5,205.0,2.5,1.025,1.1096,0.3494,-0.0010793952038882226,0.12387359877866722,-5.521252314791546e-05,0.42011834319526625,0.4240631163708087,0.15581854043392504,202.58,True,False,False,False,False,,False
2026-09-14,NVDA,212.5,210.0,2.5,1.235,1.2465,0.3756,-0.0011349663437631996,0.12482240334054895,-5.674801037244904e-05,0.40433925049309666,0.5108481262327417,0.08481262327416174,222.27,True,False,True,False,False,,False
2026-09-14,HD,312.5,310.0,2.5,1.45,1.1533,0.2929,-0.001928321297033464,0.1464499504074651,-5.737486407679761e-05,0.39250493096646943,0.5187376725838264,0.08875739644970414,299.98,True,False,True,True,True,11.0,False
2026-09-14,PEP,137.0,136.0,1.0,0.605,0.4802,0.2178,-0.0011421370111288631,0.11983458851187401,-6.43686191102327e-05,0.40039447731755423,0.47534516765285995,0.1242603550295858,129.75,True,False,True,True,True,12.0,False
2026-09-14,JNJ,267.5,265.0,2.5,1.15,1.1325,0.2306,-0.0007507831107131935,0.09686931668519927,-7.34241726426214e-05,0.4358974358974359,0.42011834319526625,0.14398422090729784,269.99,True,False,True,True,True,13.0,False
2026-09-14,LOW,200.0,197.5,2.5,1.5,1.2582,0.36,-0.001494828594612474,0.10450436924938344,-0.0001217125314661528,0.34516765285996054,0.49506903353057197,0.15976331360946747,192.49,True,False,True,True,True,14.0,False
2026-09-14,NEE,82.0,81.0,1.0,0.375,0.4463,0.225,-0.0005398146760899891,0.044065283609735495,-0.0001874775456291859,0.4319526627218935,0.3806706114398422,0.1873767258382643,80.47,True,False,False,False,False,,False
2026-09-14,MMM,162.5,160.0,2.5,0.995,1.0728,0.2948,-0.0008235518142948317,0.05427754083346903,-0.00022384760538935253,0.4319526627218935,0.3806706114398422,0.1873767258382643,165.89,True,False,False,False,False,,False
2026-09-14,F,14.0,13.5,0.5,0.21,0.2038,0.3626,-0.0007149638051405782,0.010985324467916557,-0.0005492667088439081,0.34911242603550297,0.2465483234714004,0.40433925049309666,13.21,True,False,False,True,False,,False
2026-09-15,NFLX,78.0,77.0,1.0,0.435,0.4428,0.36,0.03501056727878571,0.09257452818002454,0.0037956712089062435,0.6055226824457594,0.25443786982248523,0.14003944773175542,71.79,True,False,False,False,False,,False
2026-09-15,XOM,170.0,167.5,2.5,1.115,1.1888,0.3667,0.002738457384996007,0.06090736214104786,0.0006348402238687393,0.4516765285996055,0.33727810650887574,0.21104536489151873,163.54,True,False,True,False,False,,False
2026-09-15,PYPL,54.0,53.0,1.0,0.47,0.4429,0.382,0.001292511950193198,0.04275559411859442,0.00046322300634065523,0.4556213017751479,0.2978303747534517,0.2465483234714004,52.41,True,False,False,True,False,,False
2026-09-15,FCX,70.0,69.0,1.0,0.505,0.5636,0.5534,0.005312330754255301,0.1313116636790821,0.00022730802281923425,0.4319526627218935,0.4477317554240631,0.1203155818540434,71.54,True,False,True,False,False,,False
2026-09-15,IBM,250.0,247.5,2.5,1.3,1.3829,0.4192,0.00524237104512304,0.14245386947205896,0.00017168068986108146,0.4240631163708087,0.42011834319526625,0.15581854043392504,229.55,True,False,True,False,False,,False
2026-09-15,JNJ,267.5,265.0,2.5,1.11,1.19,0.2958,0.0011301261241418725,0.0875697244368494,0.00013815982031474856,0.4516765285996055,0.3609467455621302,0.1873767258382643,269.99,True,False,True,False,False,,False
2026-09-15,AXP,325.0,322.5,2.5,1.24,1.2102,0.3077,0.0016776931187758581,0.12916032432675562,7.559024204256927e-05,0.49506903353057197,0.40828402366863903,0.09664694280078895,311.56,True,False,True,True,True,1.0,True
2026-09-15,PM,195.0,192.5,2.5,1.325,1.2697,0.3369,0.00026391991244234525,0.061875734338677546,5.977742438504163e-05,0.41222879684418146,0.40433925049309666,0.1834319526627219,188.62,True,False,True,True,True,2.0,True
2026-09-15,AMGN,377.5,375.0,2.5,2.32,1.3851,0.3663,0.0010683478045674377,0.16424504232037285,2.0738411536977443e-05,0.4319526627218935,0.48717948717948717,0.08086785009861933,385.65,True,False,True,True,True,3.0,True
2026-09-15,AAPL,332.5,330.0,2.5,1.22,1.2774,0.2869,0.0004214052945623603,0.1349366793707094,1.652897267228047e-05,0.4477317554240631,0.43984220907297833,0.11242603550295859,336.13,True,False,True,False,False,,False
2026-09-15,SCHW,108.0,107.0,1.0,0.38,0.4425,0.2869,0.0001458046057662976,0.10983178539986382,1.0446892430317416e-05,0.46745562130177515,0.33727810650887574,0.1952662721893491,105.25,True,False,False,False,False,,False
2026-09-15,DHR,210.0,207.5,2.5,1.75,1.2559,0.4157,3.715612051458095e-05,0.09712199189950455,3.6117799197893906e-06,0.40828402366863903,0.40433925049309666,0.1873767258382643,211.81,True,False,True,True,True,4.0,True
2026-09-15,GILD,147.0,146.0,1.0,0.16,0.5569,0.3628,0.0002322286725855438,0.17384519279924537,3.580268926549254e-06,0.41222879684418146,0.49506903353057197,0.09270216962524655,150.11,True,True,True,False,False,,False
2026-09-15,NOW,143.0,142.0,1.0,0.525,0.5462,0.6212,0.001212827856214238,0.24954546965287128,3.0392741226717194e-06,0.4516765285996055,0.4911242603550296,0.05719921104536489,135.47,True,False,True,False,False,,False
2026-09-15,ORCL,142.0,141.0,1.0,0.625,0.5997,0.5881,0.00026827642161175724,0.24910805408034165,6.793794812141314e-07,0.39644970414201186,0.5660749506903353,0.03747534516765286,147.61,True,False,True,True,True,5.0,True
2026-09-15,QQQ,707.0,706.0,1.0,0.455,0.4936,0.2062,-0.0008340611402675169,0.30483442458397825,-5.544828060651095e-07,0.4358974358974359,0.5029585798816568,0.0611439842209073,721.45,True,False,True,False,False,,False
2026-09-15,SPY,759.0,758.0,1.0,0.48,0.5151,0.2916,-0.0006052336269671832,0.2892589924431791,-5.847322230796624e-07,0.43984220907297833,0.5226824457593688,0.03747534516765286,761.69,True,False,True,False,False,,False
2026-09-15,INTC,98.0,97.5,0.5,0.27,0.2808,1.0424,-0.001030873204072802,0.29268058846533584,-9.174358404579449e-07,0.38461538461538464,0.5897435897435898,0.02564102564102564,108.6,True,False,True,False,False,,False
2026-09-15,BA,210.0,207.5,2.5,1.19,1.1605,0.4217,-4.1939825169312606e-05,0.11704100601338707,-2.5275531807790045e-06,0.4556213017751479,0.38461538461538464,0.15976331360946747,198.2,True,False,True,True,True,6.0,True
2026-09-15,TSLA,360.0,357.5,2.5,1.425,1.4071,0.586,-0.0007002379994693886,0.22158829405020297,-3.4325424281380244e-06,0.3806706114398422,0.5542406311637081,0.0650887573964497,364.27,True,False,True,True,True,7.0,False
2026-09-15,MDT,94.0,93.0,1.0,-0.08,0.4965,0.4,-0.00010861300251030492,0.13267551688832613,-4.497756529543061e-06,0.39644970414201186,0.39644970414201186,0.20710059171597633,92.13,True,False,True,False,False,,False
2026-09-15,HON,205.0,202.5,2.5,0.75,1.2773,0.3642,-5.453746445061025e-05,0.09387454647104887,-5.731050064749608e-06,0.42011834319526625,0.43984220907297833,0.14003944773175542,206.46,True,False,True,False,False,,False
2026-09-15,CRM,257.5,255.0,2.5,1.425,1.3144,0.6333,-0.0007028836229657776,0.1997938914494214,-5.813239216657736e-06,0.3767258382642998,0.4832347140039448,0.14003944773175542,237.92,True,False,True,True,True,8.0,False
2026-09-15,HD,307.5,305.0,2.5,1.45,1.4623,0.3621,-0.00024188771254574082,0.1457167048539736,-7.324850200396368e-06,0.3609467455621302,0.5266272189349113,0.11242603550295859,299.98,True,False,True,False,False,,False
2026-09-15,IWM,286.0,285.0,1.0,0.465,0.4747,0.2526,-0.0017233670859938544,0.22338644219777914,-8.091067307312531e-06,0.388560157790927,0.514792899408284,0.09664694280078895,284.1,True,True,True,False,False,,False
2026-09-15,MSFT,500.0,497.5,2.5,1.35,1.3658,0.2954,-0.0009263672063223316,0.19704413852879266,-8.184248419304208e-06,0.38461538461538464,0.5502958579881657,0.0650887573964497,493.78,True,False,True,False,False,,False
2026-09-15,QCOM,190.0,187.5,2.5,1.525,1.3744,0.6024,-0.0003720164417305716,0.15892563883102595,-8.204827655868897e-06,0.3727810650887574,0.48717948717948717,0.14003944773175542,177.72,True,False,True,True,True,9.0,False
2026-09-15,USB,62.5,62.0,0.5,0.225,0.2426,0.2869,-0.00025087638299448045,0.12763299932223804,-1.1725527891535908e-05,0.4280078895463511,0.42011834319526625,0.15187376725838264,60.06,True,False,True,False,False,,False
2026-09-15,AVGO,340.0,337.5,2.5,1.25,1.2173,0.4073,-0.0009528168411466753,0.18010048864049222,-1.2641827588186323e-05,0.4358974358974359,0.5029585798816568,0.0611439842209073,357.61,True,False,True,True,True,10.0,False
2026-09-15,GOOGL,347.5,345.0,2.5,1.325,1.4058,0.3235,-0.0007714707205370708,0.16595545833469783,-1.4373233895684865e-05,0.3727810650887574,0.5502958579881657,0.07692307692307693,349.54,True,False,True,False,False,,False
2026-09-15,KO,89.0,88.0,1.0,0.465,0.4756,0.2257,-4.775282461733088e-05,0.03221898134935919,-2.2038318033039463e-05,0.39644970414201186,0.34911242603550297,0.25443786982248523,88.25,True,True,True,False,False,,False
2026-09-15,UNH,377.5,375.0,2.5,1.175,1.1955,0.2975,-0.0011781085307454031,0.15501237644931765,-2.8541765096558984e-05,0.4240631163708087,0.4990138067061144,0.07692307692307693,376.9,True,False,True,False,False,,False
2026-09-15,MRK,144.0,143.0,1.0,0.44,0.487,0.3409,-0.0013726599403217632,0.16078476698580624,-2.8952926617338147e-05,0.40039447731755423,0.5108481262327417,0.08875739644970414,146.87,True,True,True,False,False,,False
2026-09-15,NVDA,212.5,210.0,2.5,1.08,1.0988,0.3893,-0.0005158532950163552,0.11395974837800638,-3.3474650537019244e-05,0.47534516765285995,0.40828402366863903,0.11637080867850098,222.27,True,False,False,False,False,,False
2026-09-15,SBUX,97.0,96.0,1.0,0.56,0.4692,0.3368,-0.00039493122478329035,0.10083703976718539,-3.5114799537651665e-05,0.4358974358974359,0.41222879684418146,0.15187376725838264,95.83,True,False,True,True,True,11.0,False
2026-09-15,DIS,107.0,106.0,1.0,0.545,0.5272,0.3023,-0.0005163871654828567,0.10302490119860797,-4.356522219884264e-05,0.3806706114398422,0.4714003944773176,0.14792899408284024,102.67,True,False,True,True,True,12.0,False
2026-09-15,AMZN,250.0,247.5,2.5,1.305,1.2782,0.3494,-0.0007332591353358398,0.1133037959230978,-4.833751969193267e-05,0.388560157790927,0.47534516765285995,0.13609467455621302,253.71,True,False,True,True,True,13.0,False
2026-09-15,UPS,103.0,102.0,1.0,0.525,0.5033,0.265,-0.0003441258995132701,0.08046151658900946,-4.989551800764862e-05,0.40039447731755423,0.4358974358974359,0.16370808678500987,99.06,True,False,True,True,True,14.0,False
2026-09-15,V,377.5,375.0,2.5,1.22,1.3386,0.221,-0.0009236478307427243,0.11531171321483547,-5.8023595470504025e-05,0.35700197238658776,0.4990138067061144,0.14398422090729784,368.29,True,False,True,False,False,,False
2026-09-15,MS,207.5,205.0,2.5,1.245,1.1943,0.4092,-0.0006909513165077596,0.09708549721218351,-6.72231333462694e-05,0.40039447731755423,0.4240631163708087,0.1755424063116371,202.58,True,False,True,True,True,15.0,False
2026-09-15,PEP,136.0,135.0,1.0,0.495,0.5069,0.2338,-0.0010053410369128546,0.11192480889626077,-6.850362678491916e-05,0.36489151873767256,0.4714003944773176,0.16370808678500987,129.75,True,False,True,False,False,,False
2026-09-15,GM,86.0,85.0,1.0,0.5,0.5189,0.5121,-0.001113463654124458,0.11309263385683133,-7.377409343344394e-05,0.34516765285996054,0.47928994082840237,0.1755424063116371,82.2,True,False,True,False,False,,False
2026-09-15,TJX,125.0,124.0,1.0,0.55,0.464,0.2791,-0.0009652627945484493,0.10627737606811827,-7.531982381152314e-05,0.40039447731755423,0.4280078895463511,0.17159763313609466,127.24,True,False,True,True,True,16.0,False
2026-09-15,SO,86.0,85.0,1.0,0.375,0.2914,0.1913,-0.0012637622901890966,0.11155964538914764,-8.687036988024984e-05,0.5069033530571992,0.26627218934911245,0.22682445759368836,85.52,True,False,False,True,False,,False
2026-09-15,LOW,195.0,192.5,2.5,1.175,1.0164,0.4533,-0.0012383324992922828,0.09445600691050315,-0.00012832637573684686,0.4358974358974359,0.39250493096646943,0.17159763313609466,192.49,True,False,False,True,False,,False
2026-09-15,MMM,165.0,162.5,2.5,0.94,0.9497,0.3227,-0.0007844373655129244,0.06327149355960149,-0.00017182059558694198,0.4556213017751479,0.3096646942800789,0.23471400394477318,165.89,True,False,False,False,False,,False
2026-09-15,PG,147.0,145.0,2.0,0.9,0.7817,0.2423,-0.0005530131071056488,0.03532106673481428,-0.00023690900006347965,0.4437869822485207,0.28994082840236685,0.26627218934911245,146.39,True,False,False,True,False,,False
2026-09-15,BMY,64.0,63.0,1.0,0.555,0.4294,0.3221,-0.0010259292190769598,0.03291840184564521,-0.0004655932466996961,0.41222879684418146,0.38461538461538464,0.20315581854043394,63.06,True,False,False,True,False,,False
2026-09-15,MO,70.0,69.0,1.0,0.545,0.3986,0.5354,-0.001056551613991319,0.028024057296830662,-0.0005392548690309214,0.4240631163708087,0.34516765285996054,0.23076923076923078,69.52,True,True,False,True,False,,False
2026-09-15,CL,87.5,85.0,2.5,0.8,0.5964,0.2514,-0.0017858150327799693,0.013042048976321441,-0.0013058651046534819,0.39250493096646943,0.14003944773175542,0.46745562130177515,87.47,True,False,False,True,False,,False
2026-09-16,BA,202.5,200.0,2.5,1.14,1.2327,0.425,0.0029408025909589686,0.0852816257244493,0.00037981291244524343,0.4477317554240631,0.36489151873767256,0.1873767258382643,198.2,True,False,True,False,False,,False
2026-09-16,BAC,58.0,57.5,0.5,0.22,0.2321,0.3744,0.004939917425321738,0.11006107953087141,0.00035200239719199297,0.4990138067061144,0.33727810650887574,0.16370808678500987,57.73,True,False,True,False,False,,False
2026-09-16,RTX,197.5,195.0,2.5,1.21,1.1722,0.384,0.0007432226525680985,0.03612826383619505,0.0003122853442458997,0.40433925049309666,0.3096646942800789,0.2859960552268245,194.0,True,False,True,True,True,1.0,True
2026-09-16,UPS,99.0,98.0,1.0,0.455,0.4645,0.3045,0.000953279421676223,0.062137130830442366,0.00021456590120925555,0.46745562130177515,0.35700197238658776,0.1755424063116371,99.06,True,False,True,False,False,,False
2026-09-16,FCX,70.0,69.0,1.0,0.475,0.5655,0.5963,0.0031855696822564727,0.12080696143523184,0.00017539127612950224,0.41222879684418146,0.4516765285996055,0.13609467455621302,71.54,True,False,True,False,False,,False
2026-09-16,JPM,350.0,347.5,2.5,1.195,1.2395,0.2982,0.0026310250545378278,0.11387462166267337,0.00017108112922607346,0.45956607495069035,0.38461538461538464,0.15581854043392504,349.67,True,False,True,False,False,,False
2026-09-16,AMGN,377.5,375.0,2.5,0.15,1.3103,0.2861,0.0013976996014142262,0.1250088419137596,6.957260032838991e-05,0.4240631163708087,0.4161735700197239,0.15976331360946747,385.65,True,False,True,False,False,,False
2026-09-16,AAPL,332.5,330.0,2.5,1.04,1.0392,0.2869,0.0005063854931057765,0.11184352082819426,3.457233249943655e-05,0.5187376725838264,0.3214990138067061,0.15976331360946747,336.13,True,False,False,True,False,,False
2026-09-16,NOW,141.0,140.0,1.0,0.545,0.5463,0.6046,0.0007814657268654379,0.22157017502090315,3.83238411099887e-06,0.4358974358974359,0.4832347140039448,0.08086785009861933,135.47,True,False,True,False,False,,False
2026-09-16,LOW,195.0,192.5,2.5,1.425,1.1956,0.3742,1.3455047185306768e-06,0.051255157471250756,3.9323236541767924e-07,0.40828402366863903,0.3609467455621302,0.23076923076923078,192.49,True,False,True,True,True,2.0,True
2026-09-16,QQQ,706.0,705.0,1.0,0.45,0.4737,0.2006,-0.00039308100663826284,0.2771010983803307,-5.084386871170243e-07,0.48717948717948717,0.4714003944773176,0.04142011834319527,721.45,True,False,True,False,False,,False
2026-09-16,GILD,148.0,147.0,1.0,0.55,0.486,0.3656,-8.486334749524538e-05,0.1524487688065057,-2.1864338441537736e-06,0.4635108481262327,0.43984220907297833,0.09664694280078895,150.11,True,False,True,True,True,3.0,True
2026-09-16,AVGO,340.0,337.5,2.5,1.185,1.2185,0.4023,-9.619732396648484e-05,0.15549165902085726,-2.3038962775319422e-06,0.45956607495069035,0.43984220907297833,0.10059171597633136,357.61,True,False,True,False,False,,False
2026-09-16,INTC,102.0,101.0,1.0,0.555,0.5662,0.7572,-0.0005825758367267175,0.20521200715917542,-4.230715793022171e-06,0.38461538461538464,0.5542406311637081,0.0611439842209073,108.6,True,False,True,False,False,,False
2026-09-16,MRK,145.0,144.0,1.0,0.57,0.5009,0.3808,-0.0001464481266802986,0.14409360849271602,-4.610907433311724e-06,0.4280078895463511,0.43984220907297833,0.13214990138067062,146.87,True,False,True,True,True,4.0,True
2026-09-16,ORCL,144.0,143.0,1.0,0.53,0.5292,0.5821,-0.0009313336452677623,0.21580633972013075,-5.244948551787788e-06,0.40433925049309666,0.5424063116370809,0.05325443786982249,147.61,True,False,True,True,True,5.0,True
2026-09-16,NVDA,215.0,212.5,2.5,1.195,1.2158,0.38,-3.824997613222081e-05,0.07676695793370159,-6.060158445546987e-06,0.4437869822485207,0.4161735700197239,0.14003944773175542,222.27,True,False,True,False,False,,False
2026-09-16,CRM,252.5,250.0,2.5,1.375,1.3336,0.6886,-0.0005632656991400031,0.18405422731153342,-6.796786968377029e-06,0.38461538461538464,0.4911242603550296,0.1242603550295858,237.92,True,False,True,True,True,6.0,True
2026-09-16,IWM,285.0,284.0,1.0,0.485,0.5331,0.2268,-0.0008964067844094981,0.18673824909158965,-1.0141909887046306e-05,0.3767258382642998,0.514792899408284,0.10848126232741617,284.1,True,False,True,False,False,,False
2026-09-16,CSCO,108.0,107.0,1.0,0.455,0.4589,0.3427,-0.00021106353820954382,0.09930258892322819,-1.9470433476327676e-05,0.43984220907297833,0.3767258382642998,0.1834319526627219,109.51,True,False,True,False,False,,False
2026-09-16,MSFT,492.5,490.0,2.5,1.375,1.336,0.2942,-0.0010721915655615977,0.16504914071089205,-2.0415218912257903e-05,0.3767258382642998,0.534516765285996,0.08875739644970414,493.78,True,False,True,True,True,7.0,False
2026-09-16,GE,315.0,312.5,2.5,1.045,1.2372,0.3566,-0.0006525325527700909,0.13588607838817446,-2.5017989496107424e-05,0.42011834319526625,0.4714003944773176,0.10848126232741617,314.27,True,False,True,False,False,,False
2026-09-16,EMR,147.0,145.0,2.0,1.525,1.0187,0.4399,-0.00016758349568524178,0.07784547696242461,-2.5872749233811605e-05,0.39644970414201186,0.4240631163708087,0.1794871794871795,149.92,True,False,True,True,True,8.0,False
2026-09-16,MDT,93.0,92.5,0.5,1.025,0.2376,0.5527,-0.0020520523247281597,0.18029853592454093,-2.709721196727264e-05,0.35700197238658776,0.5187376725838264,0.1242603550295858,92.13,True,False,True,True,True,9.0,False
2026-09-16,GOOGL,345.0,342.5,2.5,1.35,1.3284,0.3342,-0.0008612536543659566,0.12974004958661478,-3.8268529537865366e-05,0.36489151873767256,0.49506903353057197,0.14003944773175542,349.54,True,False,True,True,True,10.0,False
2026-09-16,PYPL,53.0,52.5,0.5,0.26,0.2644,0.3353,-0.0004144822310074847,0.09369212598275545,-4.3746826873698104e-05,0.3767258382642998,0.45956607495069035,0.16370808678500987,52.41,True,False,True,False,False,,False
2026-09-16,CVX,212.5,210.0,2.5,1.095,1.157,0.3588,-0.00017373493282168972,0.05313160429039887,-4.853922627097885e-05,0.40039447731755423,0.34122287968441817,0.2583826429980276,209.51,True,False,True,False,False,,False
2026-09-16,UNH,377.5,375.0,2.5,1.44,1.2672,0.3774,-0.0013592550303597184,0.13623634492131598,-5.16773602151952e-05,0.3806706114398422,0.5226824457593688,0.09664694280078895,376.9,True,False,True,True,True,11.0,False
2026-09-16,SBUX,98.0,97.0,1.0,0.65,0.5209,0.348,-0.00041990935282754105,0.08204290510202439,-5.8616084528797186e-05,0.38461538461538464,0.4556213017751479,0.15976331360946747,95.83,True,False,True,True,True,12.0,False
2026-09-16,WMT,108.0,107.0,1.0,0.495,0.4664,0.2608,-0.00029446671240518363,0.05607751149919671,-7.665429899919426e-05,0.41222879684418146,0.3727810650887574,0.21499013806706113,106.73,True,False,True,True,True,13.0,False
2026-09-16,V,372.5,370.0,2.5,1.275,1.2642,0.2441,-0.0008228396188038056,0.09354477949426587,-8.715486554486862e-05,0.38461538461538464,0.4714003944773176,0.14398422090729784,368.29,True,False,True,True,True,14.0,False
2026-09-16,USB,60.0,58.0,2.0,0.575,0.5753,0.3094,-0.0008568096045622475,0.09004693535471797,-9.870042775928368e-05,0.35700197238658776,0.05325443786982249,0.5897435897435898,60.06,True,False,False,False,False,,False
2026-09-16,PFE,27.5,27.0,0.5,0.155,0.1628,0.2369,-0.0003214034231445728,0.04449369704391981,-0.00011048153190657196,0.5029585798816568,0.1952662721893491,0.30177514792899407,27.66,True,False,False,False,False,,False
2026-09-16,AMZN,247.5,245.0,2.5,1.22,1.2923,0.3373,-0.0007300645109493686,0.07833720848759884,-0.00011139026074669374,0.3727810650887574,0.46745562130177515,0.15976331360946747,253.71,True,False,True,False,False,,False
2026-09-16,JNJ,267.5,265.0,2.5,1.055,1.0061,0.2518,-0.0007023589099390826,0.07380360746436909,-0.00011948107157310034,0.4477317554240631,0.3333333333333333,0.21893491124260356,269.99,True,False,False,True,False,,False
2026-09-16,KO,88.0,87.5,0.5,0.22,0.2141,0.1977,-0.0011836056349643354,0.09306428966995739,-0.00012682113771146753,0.4161735700197239,0.40433925049309666,0.1794871794871795,88.25,True,False,False,True,False,,False
2026-09-16,ADP,275.0,272.5,2.5,1.5,1.2075,0.313,-0.0016246371898712697,0.09925625072037936,-0.00015003817845967379,0.33727810650887574,0.46745562130177515,0.1952662721893491,271.22,True,False,True,True,True,15.0,False
2026-09-16,CSX,48.0,47.5,0.5,0.075,0.1604,0.2669,-0.001873949781399764,0.09652394082149152,-0.00018479167050706124,0.42011834319526625,0.3136094674556213,0.26627218934911245,47.1,True,False,False,False,False,,False
2026-09-16,VZ,50.0,49.5,0.5,0.185,0.1979,0.255,-0.0017826767491541107,0.07729400127074859,-0.00027888939649383645,0.368836291913215,0.3727810650887574,0.2583826429980276,48.09,True,False,False,False,False,,False
2026-09-16,T,26.0,25.5,0.5,0.19,0.1999,0.2685,-0.0007379227517859688,0.015708212624507167,-0.0005061545430771532,0.3727810650887574,0.2583826429980276,0.368836291913215,25.4,True,False,False,False,False,,False
2026-09-16,PM,192.5,190.0,2.5,1.525,0.9708,0.3,-0.0011421536711186953,0.031498434195565084,-0.0005363079467548784,0.4319526627218935,0.34516765285996054,0.22287968441814596,188.62,True,False,False,True,False,,False
2026-09-17,SCHW,105.0,104.0,1.0,0.45,0.4782,0.3013,0.0038256304527730656,0.02026749246338655,0.0023520880341691324,0.4280078895463511,0.3096646942800789,0.26232741617357,105.25,True,False,True,False,False,,False
2026-09-17,TJX,127.0,126.0,1.0,0.875,0.5446,0.48,0.005758342376620762,0.04699811125061748,0.0018639445751116616,0.3530571992110454,0.3254437869822485,0.3214990138067061,127.24,True,False,True,True,True,1.0,True
2026-09-17,JPM,350.0,347.5,2.5,1.05,1.1144,0.2887,0.0019393747093880975,0.04316218504905689,0.0006883025155846629,0.4556213017751479,0.2938856015779093,0.2504930966469428,349.67,True,False,False,False,False,,False
2026-09-17,AMGN,380.0,377.5,2.5,0.55,1.1977,0.3577,0.0048996612691341035,0.10072680246056431,0.0004368011660290379,0.46745562130177515,0.33727810650887574,0.1952662721893491,385.65,True,False,True,False,False,,False
2026-09-17,T,25.5,25.0,0.5,0.175,0.2049,0.3045,0.0021105305125321827,0.06576448916315392,0.00043543558839080864,0.368836291913215,0.14398422090729784,0.48717948717948717,25.4,True,False,False,False,False,,False
2026-09-17,BMY,63.0,62.5,0.5,0.195,0.26,0.255,0.0008121759617767399,0.04696727685570057,0.000263091629816518,0.40433925049309666,0.40039447731755423,0.1952662721893491,63.06,True,False,True,False,False,,False
2026-09-17,NOW,139.0,138.0,1.0,0.5,0.509,0.5605,0.0063444401842109865,0.15384874684659489,0.00015805834270567366,0.4990138067061144,0.40828402366863903,0.09270216962524655,135.47,True,False,True,False,False,,False
2026-09-17,EOG,146.0,145.0,1.0,0.45,0.5244,0.3775,0.0010021816701610842,0.08907274395512332,0.00011817761655987799,0.42011834319526625,0.42011834319526625,0.15976331360946747,144.23,True,False,True,False,False,,False
2026-09-17,SPY,763.0,762.0,1.0,0.535,0.5079,0.1949,0.002084426202954681,0.20775797954972464,1.4240035297596523e-05,0.4832347140039448,0.4358974358974359,0.08086785009861933,761.69,True,False,True,True,True,2.0,True
2026-09-17,TSLA,367.5,365.0,2.5,1.28,1.2644,0.4619,0.00011378749386348197,0.12579763102679475,5.5577284646426855e-06,0.4516765285996055,0.4477317554240631,0.10059171597633136,364.27,True,False,True,True,True,3.0,True
2026-09-17,IWM,286.0,285.0,1.0,0.445,0.4865,0.1814,4.020084142219993e-05,0.0976215808639751,3.8611689930617665e-06,0.46745562130177515,0.4319526627218935,0.10059171597633136,284.1,True,False,True,False,False,,False
2026-09-17,QQQ,718.0,717.0,1.0,0.515,0.531,0.1707,0.0003955891918268062,0.21844421891689514,2.091151820391191e-06,0.45956607495069035,0.4911242603550296,0.04930966469428008,721.45,True,False,True,False,False,,False
2026-09-17,FCX,71.0,70.0,1.0,0.37,0.4145,0.9468,-0.00010639854244853808,0.07340796293153828,-1.827256523828527e-05,0.46745562130177515,0.3057199211045365,0.22682445759368836,71.54,True,False,False,False,False,,False
2026-09-17,GE,315.0,312.5,2.5,0.755,1.1533,0.33,-0.0008636021421892792,0.10500633344973487,-6.94745276236779e-05,0.40828402366863903,0.42011834319526625,0.17159763313609466,314.27,True,False,True,False,False,,False
2026-09-17,MDT,93.0,92.5,0.5,1.05,0.2154,0.6333,-0.0018702118154666492,0.12806394489679396,-8.651106252422388e-05,0.36489151873767256,0.4358974358974359,0.1992110453648915,92.13,True,False,False,True,False,,False
2026-09-17,QCOM,190.0,187.5,2.5,1.26,1.2348,0.54,-0.00042950327520385745,0.0656826397757202,-8.878751225926202e-05,0.3609467455621302,0.388560157790927,0.2504930966469428,177.72,True,False,True,True,True,4.0,True
2026-09-17,AAPL,337.5,335.0,2.5,1.035,1.0337,0.3323,-0.00035882310316948107,0.05295511772237704,-0.00010067592481905157,0.4477317554240631,0.3136094674556213,0.23865877712031558,336.13,True,False,False,True,False,,False
2026-09-17,V,370.0,367.5,2.5,1.01,0.9334,0.2316,-0.000533758134291018,0.06469553695895391,-0.00011298441821495327,0.4832347140039448,0.2938856015779093,0.22287968441814596,368.29,True,False,False,True,False,,False
2026-09-17,AVGO,347.5,345.0,2.5,1.035,1.0174,0.3183,-0.0009345051346107969,0.08770621299820713,-0.000113871202769799,0.47534516765285995,0.39644970414201186,0.1282051282051282,357.61,True,False,False,True,False,,False
2026-09-17,INTC,109.0,107.0,2.0,0.845,0.8671,0.7013,-0.000646438959233886,0.060424485534780414,-0.0001516069207646225,0.4240631163708087,0.3609467455621302,0.21499013806706113,108.6,True,False,False,False,False,,False
2026-09-17,GOOGL,347.5,345.0,2.5,1.04,0.9401,0.313,-0.0013170055833818806,0.07997844585492486,-0.00019318209484269535,0.4477317554240631,0.3609467455621302,0.1913214990138067,349.54,True,False,False,True,False,,False
2026-09-17,PYPL,53.0,52.5,0.5,0.185,0.1686,0.4704,-0.0013471818925167023,0.08055158155570785,-0.00019490889518938552,0.46745562130177515,0.3175542406311637,0.21499013806706113,52.41,True,False,False,True,False,,False
2026-09-17,WMT,107.0,106.0,1.0,0.415,0.4081,0.4741,-0.000512650622042532,0.022269046151871974,-0.0003004067701811297,0.43984220907297833,0.3136094674556213,0.2465483234714004,106.73,True,False,False,True,False,,False
2026-09-17,NVDA,220.0,217.5,2.5,1.035,1.0246,0.3102,-0.0008542751978579677,0.02252526456427595,-0.000497525612691912,0.43984220907297833,0.35700197238658776,0.20315581854043394,222.27,True,False,False,True,False,,False
2026-09-17,VZ,48.5,48.0,0.5,0.18,0.2085,0.2271,-0.0007370699144978454,0.014734568126196335,-0.0005175225589145335,0.368836291913215,0.2859960552268245,0.34516765285996054,48.09,True,False,False,False,False,,False
2026-09-17,GM,87.0,86.0,1.0,0.495,0.4468,0.3771,-0.0009553768901265913,0.02256792171943367,-0.0005558373918132007,0.3609467455621302,0.35700197238658776,0.28205128205128205,82.2,True,False,False,True,False,,False
2026-09-17,CSX,48.0,47.5,0.5,0.15,0.1522,0.2743,-0.0017505392079326665,0.0472475093436906,-0.0005632586373452621,0.39644970414201186,0.2465483234714004,0.35700197238658776,47.1,True,False,False,False,False,,False
2026-09-17,PEP,134.0,133.0,1.0,0.47,0.423,0.2095,-0.0009859863223852239,0.022201125363366714,-0.0005787180935614771,0.388560157790927,0.34516765285996054,0.26627218934911245,129.75,True,False,False,True,False,,False
2026-09-17,BA,197.5,195.0,2.5,1.1,0.8281,0.3427,-0.0015099138320693317,0.02828030357871336,-0.0007659221842481352,0.41222879684418146,0.27416173570019725,0.3136094674556213,198.2,True,False,False,True,False,,False
2026-09-17,MMM,165.0,162.5,2.5,0.83,0.6567,0.2834,-0.0017339825458182467,0.03102630681344709,-0.0008234845004764404,0.4240631163708087,0.20315581854043394,0.3727810650887574,165.89,True,False,False,True,False,,False
2026-09-17,SBUX,97.0,96.0,1.0,0.34,0.2832,0.2475,-0.0027124945334119355,0.037287530925861345,-0.0011084558950343712,0.39644970414201186,0.34911242603550297,0.25443786982248523,95.83,True,False,False,True,False,,False
2026-09-21,T,25.5,25.0,0.5,0.195,0.2489,0.2869,0.015054577273538428,0.039851537228193346,0.0057848659550544905,0.47534516765285995,0.3175542406311637,0.20710059171597633,25.38,True,False,True,False,False,,False
2026-09-21,NFLX,74.0,73.0,1.0,0.535,0.5122,0.348,0.031034556200319363,0.08737480600801129,0.0038118169132956184,0.5424063116370809,0.3333333333333333,0.1242603550295858,71.145,True,False,True,True,True,1.0,True
2026-09-21,SCHW,107.0,106.0,1.0,0.355,0.4788,0.2464,0.011329013259852694,0.0770215538099912,0.0017839851120961274,0.4990138067061144,0.3214990138067061,0.1794871794871795,99.03,True,False,True,False,False,,False
2026-09-21,WMT,108.0,107.0,1.0,-0.075,0.5374,0.4829,0.007295074974673632,0.0712870321047625,0.0013182573684077626,0.4556213017751479,0.40828402366863903,0.13609467455621302,107.98,True,False,True,False,False,,False
2026-09-21,CVX,205.0,202.5,2.5,-0.645,1.3782,0.0511,0.007005928161906816,0.07969323288701236,0.0010347078140941364,0.40828402366863903,0.38461538461538464,0.20710059171597633,204.45,True,False,True,False,False,,False
2026-09-21,IBM,232.5,230.0,2.5,0.15,1.2654,0.3976,0.008608618370745225,0.15001059773813952,0.0002351596795528997,0.4832347140039448,0.3727810650887574,0.14398422090729784,225.51,True,False,True,False,False,,False
2026-09-21,PYPL,53.0,52.0,1.0,0.495,0.471,0.3038,0.00028259792434637276,0.027088698859753846,0.00014751005644484226,0.4280078895463511,0.34911242603550297,0.22287968441814596,55.04,True,False,True,True,True,2.0,True
2026-09-21,FCX,73.0,72.0,1.0,0.175,0.5628,0.6987,0.005813256542977152,0.16781084785029543,0.00010358948732195427,0.4477317554240631,0.45956607495069035,0.09270216962524655,72.31,True,False,True,False,False,,False
2026-09-21,CSCO,112.0,111.0,1.0,0.67,0.5722,0.6188,0.0021681134731463825,0.17379415913042773,3.346676584468561e-05,0.41222879684418146,0.47928994082840237,0.10848126232741617,106.7,True,False,True,True,True,3.0,True
2026-09-21,UNH,380.0,377.5,2.5,1.325,1.4513,0.2886,0.002055210231856286,0.1874179133910442,2.2876347188623858e-05,0.4280078895463511,0.5187376725838264,0.05325443786982249,376.59,True,False,True,False,False,,False
2026-09-21,ACN,187.5,185.0,2.5,1.125,1.2755,0.4819,0.0005019887811470447,0.15791732940817194,1.1342558218675183e-05,0.4358974358974359,0.4240631163708087,0.14003944773175542,176.11,True,False,True,False,False,,False
2026-09-21,NOW,139.0,138.0,1.0,0.55,0.5473,0.6077,0.0046842014179184766,0.2558832690255729,1.0082006178074485e-05,0.47928994082840237,0.47534516765285995,0.045364891518737675,135.62,True,False,True,True,True,4.0,True
2026-09-21,TSLA,377.5,375.0,2.5,1.35,1.3323,0.4294,0.00019907574566269126,0.2235272219227128,9.314917530654448e-07,0.4556213017751479,0.4990138067061144,0.045364891518737675,372.11,True,False,True,True,True,5.0,True
2026-09-21,ORCL,150.0,149.0,1.0,0.525,0.5564,0.5326,0.0003268506850635511,0.2549144671058592,7.200434190695067e-07,0.4358974358974359,0.5187376725838264,0.045364891518737675,137.1,True,False,True,False,False,,False
2026-09-21,MSFT,502.5,500.0,2.5,1.35,1.2889,0.2872,9.489255860839485e-05,0.20447572377690348,7.014034089482672e-07,0.45956607495069035,0.47534516765285995,0.0650887573964497,516.17,True,False,True,True,True,6.0,True
2026-09-21,SPY,775.0,774.0,1.0,0.53,0.5339,0.1135,5.5112380908273195e-05,0.2598485402246894,1.078525162293871e-07,0.4556213017751479,0.5108481262327417,0.03353057199211045,771.35,True,False,True,False,False,,False
2026-09-21,AAPL,340.0,337.5,2.5,-0.8,1.2263,0.2499,-3.58085521174889e-05,0.12980410080949512,-1.5886559295483605e-06,0.45956607495069035,0.43984220907297833,0.10059171597633136,341.07,True,False,True,False,False,,False
2026-09-21,BAC,58.0,57.0,1.0,0.365,0.3782,0.2437,-1.4114252125163596e-05,0.051022977243945666,-4.148030411910164e-06,0.4911242603550296,0.2465483234714004,0.26232741617357,56.7,True,False,False,False,False,,False
2026-09-21,AXP,315.0,312.5,2.5,1.275,1.2501,0.269,-8.293244152790535e-05,0.11934806845249168,-4.728805700431819e-06,0.43984220907297833,0.4437869822485207,0.11637080867850098,308.89,True,False,True,True,True,7.0,False
2026-09-21,IWM,286.0,285.0,1.0,-0.525,0.4669,0.1572,-0.0008096779527752007,0.17883792894259365,-1.107318350440949e-05,0.4556213017751479,0.4714003944773176,0.07297830374753451,281.97,True,False,True,False,False,,False
2026-09-21,GOOGL,357.5,355.0,2.5,1.35,1.3485,0.3339,-0.0011564199041897982,0.18885351863372302,-1.2436053260886623e-05,0.368836291913215,0.5424063116370809,0.08875739644970414,343.92,True,False,True,True,True,8.0,False
2026-09-21,CRM,237.5,235.0,2.5,1.075,1.1282,0.7753,-0.0007094012811429407,0.15497365741989355,-1.7202480184774757e-05,0.45956607495069035,0.4358974358974359,0.10453648915187377,234.02,True,False,True,False,False,,False
2026-09-21,SBUX,95.0,94.0,1.0,0.675,0.4255,0.364,-0.0004022978471878158,0.12442808231589952,-2.030604758148297e-05,0.48717948717948717,0.3806706114398422,0.13214990138067062,94.86,True,False,False,True,False,,False
2026-09-21,AMZN,260.0,257.5,2.5,1.33,1.286,0.3212,-0.0005600393154794325,0.1309650764996929,-2.4163546426863296e-05,0.39644970414201186,0.4714003944773176,0.13214990138067062,249.67,True,False,True,True,True,9.0,False
2026-09-21,JPM,352.5,350.0,2.5,3.325,1.105,0.3934,-0.0010050343272726137,0.13656013362929353,-3.791450548334259e-05,0.4556213017751479,0.4477317554240631,0.09664694280078895,343.06,True,False,False,True,False,,False
2026-09-21,BA,202.5,200.0,2.5,1.315,1.2984,0.3436,-0.00044534433047738187,0.0976256203927357,-4.276982668112135e-05,0.38461538461538464,0.4556213017751479,0.15976331360946747,198.07,True,False,True,True,True,10.0,False
2026-09-21,DIS,105.0,104.0,1.0,0.525,0.5149,0.2676,-0.0007142077769508592,0.11642911831948455,-4.367933401763158e-05,0.388560157790927,0.47928994082840237,0.13214990138067062,106.15,True,False,True,True,True,11.0,False
2026-09-21,HD,297.5,295.0,2.5,1.07,0.9556,0.255,-0.0021597455927093723,0.1448570211280058,-6.676488078320924e-05,0.4437869822485207,0.4714003944773176,0.08481262327416174,293.2,True,False,False,True,False,,False
2026-09-21,JNJ,270.0,267.5,2.5,1.34,1.0133,0.259,-0.0013242943193011447,0.10791651593154516,-9.93489723271985e-05,0.4516765285996055,0.4161735700197239,0.13214990138067062,271.22,True,False,False,True,False,,False
2026-09-21,PEP,130.0,129.0,1.0,0.5,0.4492,0.241,-0.0014954048463504677,0.10803867474663997,-0.00011185731159875885,0.40828402366863903,0.46745562130177515,0.1242603550295858,128.63,True,False,False,True,False,,False
2026-09-21,BMY,63.0,62.0,1.0,0.425,0.462,0.2465,-0.0009257515956091478,0.038913584089553366,-0.00036382752583797196,0.40828402366863903,0.4280078895463511,0.16370808678500987,62.86,True,False,True,False,False,,False
2026-09-21,MDT,92.0,90.0,2.0,1.2,0.7273,0.5166,-0.0009222407879115879,0.03365078110490294,-0.0004112443655512786,0.40433925049309666,0.2465483234714004,0.34911242603550297,88.64,True,False,False,True,False,,False
2026-09-21,NEE,80.0,79.0,1.0,0.545,0.4267,0.226,-0.0009309938282622277,0.031916045513720404,-0.00043279646327865957,0.4280078895463511,0.38461538461538464,0.1873767258382643,76.08,True,False,False,True,False,,False
2026-09-21,VZ,48.0,47.0,1.0,0.27,0.3653,0.16,-0.0011792982586175116,0.008207483925315229,-0.0009684484262459972,0.39644970414201186,0.27416173570019725,0.32938856015779094,47.08,True,False,False,False,False,,False
2026-09-22,KO,89.0,88.0,1.0,0.855,0.6195,0.32,0.020247188865179178,0.012506068637575085,0.014997301953267294,0.368836291913215,0.3767258382642998,0.25443786982248523,87.81,True,False,True,True,True,1.0,True
2026-09-22,PYPL,53.0,52.0,1.0,0.375,0.432,0.3742,0.0028826980235776567,0.05379722350910621,0.0007926237017584817,0.4832347140039448,0.28205128205128205,0.23471400394477318,55.04,True,False,False,False,False,,False
2026-09-22,FCX,75.0,74.0,1.0,-1.765,0.5641,0.495,0.0046924239704613235,0.1428358207594158,0.00015226841745063943,0.4358974358974359,0.45956607495069035,0.10453648915187377,72.31,True,False,True,False,False,,False
2026-09-22,IBM,232.5,230.0,2.5,1.23,1.1817,0.3632,0.0009421274077106023,0.1235933758093255,4.851628420304137e-05,0.47534516765285995,0.3806706114398422,0.14398422090729784,225.51,True,False,True,True,True,2.0,True
2026-09-22,UNH,375.0,372.5,2.5,2.76,1.4269,0.3055,0.00048156273943145145,0.17274062837524007,7.623697145311989e-06,0.4161735700197239,0.5187376725838264,0.0650887573964497,376.59,True,False,True,True,True,3.0,True
2026-09-22,TSLA,382.5,380.0,2.5,1.15,1.5194,0.6261,0.0013982807013932508,0.23984325548202678,4.422745065709927e-06,0.388560157790927,0.5384615384615384,0.07297830374753451,372.11,True,False,True,False,False,,False
2026-09-22,NOW,138.0,137.0,1.0,0.57,0.5365,0.5918,0.0009131470962662203,0.23468215775606338,3.2691342502452322e-06,0.45956607495069035,0.48717948717948717,0.05325443786982249,135.62,True,False,True,True,True,4.0,True
2026-09-22,GOOGL,352.5,350.0,2.5,1.275,1.3247,0.356,0.00012396625417943063,0.17081910724547789,2.055154054766423e-06,0.4358974358974359,0.47534516765285995,0.08875739644970414,343.92,True,False,True,False,False,,False
2026-09-22,ORCL,150.0,149.0,1.0,-0.125,0.5464,0.5569,0.0004008605694707512,0.23724827669770843,1.3493932123067279e-06,0.4358974358974359,0.49506903353057197,0.06903353057199212,137.1,True,False,True,False,False,,False
2026-09-22,AVGO,367.5,365.0,2.5,-0.65,1.4623,0.3791,-7.783246260606447e-05,0.19343005772224509,-7.499394687593543e-07,0.39250493096646943,0.5542406311637081,0.05325443786982249,352.81,True,False,True,False,False,,False
2026-09-22,IWM,288.0,287.5,0.5,2.6,0.272,0.39,-0.0007423679525719873,0.2593935189200278,-1.468733638533769e-06,0.40039447731755423,0.5463510848126233,0.05325443786982249,281.97,True,False,True,True,True,5.0,True
2026-09-22,INTC,125.0,124.0,1.0,0.6,0.5723,0.7781,-0.0007351961569100895,0.2531001311438774,-1.6917004327441544e-06,0.38461538461538464,0.5818540433925049,0.03353057199211045,123.0,True,False,True,True,True,6.0,True
2026-09-22,SPY,774.0,773.0,1.0,0.47,0.4639,0.1245,-0.0006411743366671052,0.24644028285587716,-1.7310611595373203e-06,0.47928994082840237,0.4714003944773176,0.04930966469428008,771.35,True,False,True,True,True,7.0,False
2026-09-22,MSFT,500.0,497.5,2.5,1.25,1.3068,0.3318,-0.0006833965988553015,0.18528890706212475,-8.005602374335788e-06,0.41222879684418146,0.514792899408284,0.07297830374753451,516.17,True,False,True,False,False,,False
2026-09-22,CSCO,107.0,106.0,1.0,-0.82,0.5246,0.0,-0.0003471973508091253,0.13124946845498187,-1.4878334727675088e-05,0.39644970414201186,0.46745562130177515,0.13609467455621302,106.7,True,False,True,False,False,,False
2026-09-22,AAPL,340.0,337.5,2.5,1.045,0.9244,0.2504,-0.0012490416254217207,0.1523119862660265,-3.228633792154884e-05,0.49506903353057197,0.388560157790927,0.11637080867850098,341.07,True,False,False,True,False,,False
2026-09-22,CRM,235.0,232.5,2.5,1.31,1.2562,0.3975,-0.0008327313719804774,0.1287730465110778,-3.7869952638372266e-05,0.388560157790927,0.4714003944773176,0.14003944773175542,234.02,True,False,True,True,True,8.0,False
2026-09-22,MCD,252.5,250.0,2.5,1.625,1.3814,0.3837,-0.0008485666033020145,0.12738299993857516,-3.989921216309266e-05,0.3136094674556213,0.46745562130177515,0.21893491124260356,236.5,True,False,True,True,True,9.0,False
2026-09-22,DIS,104.0,103.0,1.0,-0.385,0.4355,0.2671,-0.0005461709604370757,0.088219719892769,-6.573679166559165e-05,0.4516765285996055,0.3806706114398422,0.16765285996055226,106.15,True,False,False,False,False,,False
2026-09-22,V,362.5,360.0,2.5,2.585,1.0388,0.2247,-0.00107172417673973,0.10864468549695805,-7.900819322352895e-05,0.4516765285996055,0.40433925049309666,0.14398422090729784,367.38,True,False,False,True,False,,False
2026-09-22,CVX,202.5,200.0,2.5,0.95,0.877,0.3065,-0.0008029520752077524,0.08925070570735527,-9.428084993229182e-05,0.5187376725838264,0.3214990138067061,0.15976331360946747,204.45,True,False,False,True,False,,False
2026-09-22,NVDA,230.0,227.5,2.5,1.2,1.2041,0.3114,-0.0009269592815360772,0.0851572118799171,-0.00012007740235785376,0.40433925049309666,0.45956607495069035,0.13609467455621302,225.07,True,False,True,False,False,,False
2026-09-22,JNJ,270.0,267.5,2.5,1.085,1.0707,0.2556,-0.0011486285286718134,0.08445393124989886,-0.00015132495976638355,0.4280078895463511,0.41222879684418146,0.15976331360946747,271.22,True,False,False,True,False,,False
2026-09-22,GM,84.0,83.0,1.0,0.515,0.4683,0.3534,-0.0017828512602214852,0.09892630784878897,-0.00016595850793864756,0.3609467455621302,0.4832347140039448,0.15581854043392504,82.63,True,False,True,True,True,10.0,False
2026-09-22,XOM,160.0,157.5,2.5,1.165,1.1942,0.4848,-0.0005005269278474112,0.043770693453994314,-0.00017506629947251586,0.38461538461538464,0.388560157790927,0.22682445759368836,160.59,True,False,True,False,False,,False
2026-09-22,PFE,28.0,27.5,0.5,0.185,0.1819,0.232,-0.0006724782799941709,0.032447261740843114,-0.00030865851358809356,0.4319526627218935,0.24260355029585798,0.3254437869822485,28.67,True,False,False,True,False,,False
2026-09-22,MO,69.0,68.0,1.0,0.29,0.4055,0.2062,-0.0009530580443253278,0.01967724610490773,-0.0005943223816769087,0.4240631163708087,0.34516765285996054,0.23076923076923078,68.82,True,False,False,False,False,,False
2026-09-23,AXP,302.5,300.0,2.5,1.17,1.1772,0.2845,0.0014894996777221614,0.08054289650517887,0.00021554421007484684,0.4477317554240631,0.34122287968441817,0.21104536489151873,308.89,True,False,True,False,False,,False
2026-09-23,SCHW,100.0,99.0,1.0,0.435,0.4896,0.2937,0.000788218376564398,0.07073737065544239,0.00014432652731401387,0.40433925049309666,0.34911242603550297,0.2465483234714004,99.03,True,False,True,False,False,,False
2026-09-23,TJX,132.0,131.0,1.0,0.6,0.5232,0.2884,0.0007192017717181365,0.08689935928557135,8.934964994097006e-05,0.41222879684418146,0.4161735700197239,0.17159763313609466,130.06,True,False,True,True,True,1.0,True
2026-09-23,AAPL,337.5,335.0,2.5,1.11,1.1348,0.2806,0.00031130627213582507,0.10146951922502934,2.7262408194227837e-05,0.45956607495069035,0.34516765285996054,0.1952662721893491,341.07,True,False,True,False,False,,False
2026-09-23,TSLA,382.5,380.0,2.5,1.35,1.3881,0.4275,0.0009331314031773008,0.18548410480941946,1.0880013855633001e-05,0.4437869822485207,0.5069033530571992,0.04930966469428008,372.11,True,False,True,False,False,,False
2026-09-23,NOW,142.0,141.0,1.0,0.55,0.5604,0.5948,0.00171319676235826,0.22090690295142024,8.536496562821292e-06,0.4319526627218935,0.48717948717948717,0.08086785009861933,135.62,True,False,True,False,False,,False
2026-09-23,SPY,769.0,768.0,1.0,0.49,0.5367,0.1315,0.0015397390655298437,0.2270175759700156,6.625636348103317e-06,0.46745562130177515,0.4832347140039448,0.04930966469428008,771.35,True,False,True,False,False,,False
2026-09-23,QQQ,743.0,742.0,1.0,0.505,0.5401,0.2225,0.00045755012305037646,0.27202826525655266,6.68451170249937e-07,0.4556213017751479,0.5029585798816568,0.04142011834319527,744.5,True,False,True,False,False,,False
2026-09-23,AVGO,357.5,355.0,2.5,1.4,1.4237,0.3569,2.0642767795342465e-05,0.15195080135996997,5.382381265151389e-07,0.40433925049309666,0.5266272189349113,0.06903353057199212,352.81,True,False,True,False,False,,False
2026-09-23,UNH,372.5,370.0,2.5,1.235,1.3398,0.317,6.706591177296772e-06,0.12018941411362127,3.7476536652744274e-07,0.42011834319526625,0.47928994082840237,0.10059171597633136,376.59,True,False,True,False,False,,False
2026-09-23,INTC,124.0,123.0,1.0,0.585,0.5663,0.7508,-0.0012323064048656018,0.23394637069739654,-4.490346730862984e-06,0.36489151873767256,0.5936883629191322,0.04142011834319527,123.0,True,False,True,True,True,2.0,True
2026-09-23,QCOM,197.5,195.0,2.5,1.26,1.1786,0.5879,-0.00012900005323557284,0.12634145164333743,-6.219055072465232e-06,0.4319526627218935,0.38461538461538464,0.1834319526627219,201.97,True,False,True,True,True,3.0,True
2026-09-23,ORCL,145.0,144.0,1.0,0.51,0.5096,0.5424,-0.0008711026267704813,0.20409473737759287,-6.497945819738924e-06,0.4161735700197239,0.514792899408284,0.06903353057199212,137.1,True,False,True,True,True,4.0,True
2026-09-23,MSFT,502.5,500.0,2.5,1.175,1.3554,0.2885,-0.00034813938246935905,0.16534687377975987,-6.581600502415874e-06,0.39644970414201186,0.4990138067061144,0.10453648915187377,516.17,True,False,True,False,False,,False
2026-09-23,FCX,73.0,72.0,1.0,0.455,0.4758,0.4931,-4.935688803564542e-05,0.08113509330518598,-7.041597710994572e-06,0.4556213017751479,0.40828402366863903,0.13609467455621302,72.31,True,False,True,False,False,,False
2026-09-23,JNJ,270.0,267.5,2.5,1.405,1.21,0.3516,-4.184389850381276e-05,0.0579409552709369,-1.0416208112974402e-05,0.4161735700197239,0.38461538461538464,0.1992110453648915,271.22,True,False,True,True,True,5.0,True
2026-09-23,GOOGL,340.0,337.5,2.5,1.325,1.4136,0.3628,-0.00043953592236523065,0.14753138020118528,-1.2742798946940655e-05,0.35700197238658776,0.5029585798816568,0.14003944773175542,343.92,True,False,True,False,False,,False
2026-09-23,IWM,282.0,281.0,1.0,0.41,0.4224,0.1871,-0.000967823065004203,0.15880882601219481,-2.140527660989851e-05,0.47928994082840237,0.4319526627218935,0.08875739644970414,281.97,True,False,False,False,False,,False
2026-09-23,MRK,149.0,148.0,1.0,0.845,0.5605,0.3586,-0.0009164968153858588,0.14955252667921903,-2.5312490061034055e-05,0.3609467455621302,0.5463510848126233,0.09270216962524655,148.78,True,False,True,True,True,6.0,True
2026-09-23,AMZN,250.0,247.5,2.5,1.175,1.1756,0.3167,-0.0002656539319725315,0.07800782847089782,-4.0854074970591915e-05,0.4556213017751479,0.42011834319526625,0.1242603550295858,249.67,True,False,True,False,False,,False
2026-09-23,F,13.0,12.5,0.5,0.155,0.1489,0.3825,-0.0008674114190064808,0.10598076813621471,-6.816798051467112e-05,0.38461538461538464,0.10059171597633136,0.514792899408284,12.71,True,False,False,True,False,,False
2026-09-23,V,362.5,360.0,2.5,1.155,1.1698,0.2285,-0.0005293482833325092,0.07456275055451433,-8.842374856623915e-05,0.4319526627218935,0.42011834319526625,0.14792899408284024,367.38,True,False,True,False,False,,False
2026-09-23,MDT,90.0,89.0,1.0,0.845,0.5466,0.6876,-0.001026341356181515,0.10184751633655287,-8.906935038860935e-05,0.3096646942800789,0.4714003944773176,0.21893491124260356,88.64,True,False,True,True,True,7.0,False
2026-09-23,UPS,96.0,95.0,1.0,0.375,0.414,0.2442,-0.0003187537383867456,0.04981132763649598,-9.644249860828969e-05,0.47928994082840237,0.34122287968441817,0.1794871794871795,93.96,True,False,False,False,False,,False
2026-09-23,CSCO,107.0,106.0,1.0,0.5,0.4907,0.4669,-0.0006492008114284964,0.07749268757528283,-0.00010108053584699254,0.40039447731755423,0.4437869822485207,0.15581854043392504,106.7,True,False,True,True,True,8.0,False
2026-09-23,HD,297.5,295.0,2.5,1.26,1.0819,0.2891,-0.0011819175186121855,0.08699945568887646,-0.00014648257476369142,0.40433925049309666,0.40039447731755423,0.1952662721893491,293.2,True,False,False,True,False,,False
2026-09-23,GM,84.0,83.0,1.0,0.44,0.4465,0.3812,-0.0009647745900116522,0.06037845340546677,-0.0002265150994279726,0.4161735700197239,0.41222879684418146,0.17159763313609466,82.63,True,False,False,False,False,,False
2026-09-23,DIS,104.0,103.0,1.0,0.61,0.455,0.3043,-0.001366618247549467,0.06729251003544201,-0.00027180211793002954,0.3806706114398422,0.4358974358974359,0.1834319526627219,106.15,True,False,True,True,True,9.0,False
2026-09-23,MO,69.0,68.0,1.0,0.385,0.2944,0.4061,-0.0010295725439691816,0.04934650645971206,-0.00031500321155824684,0.4990138067061144,0.23076923076923078,0.2702169625246548,68.82,True,False,False,True,False,,False
2026-09-23,LOW,192.5,190.0,2.5,0.975,1.0479,0.2536,-0.0015217462069969656,0.04544398021427454,-0.0005113008935565029,0.3727810650887574,0.38461538461538464,0.24260355029585798,189.28,True,False,False,False,False,,False
2026-09-24,NFLX,72.0,71.0,1.0,0.435,0.5451,0.388,0.10156124626052887,0.01769517560130085,0.06641864488351505,0.5108481262327417,0.20710059171597633,0.28205128205128205,71.145,True,False,True,False,False,,False
2026-09-24,CME,270.0,267.5,2.5,0.75,1.3394,0.5599,0.014024379173132928,0.04927005731831735,0.004298713573814001,0.42011834319526625,0.32938856015779094,0.2504930966469428,264.48,True,False,True,False,False,,False
2026-09-24,SCHW,100.0,99.0,1.0,0.575,0.5033,0.3825,0.0035671219744153326,0.04552272454015838,0.0011962763755477162,0.39644970414201186,0.32938856015779094,0.27416173570019725,99.03,True,False,True,True,True,1.0,True
2026-09-24,XOM,162.5,160.0,2.5,0.84,0.9477,0.3047,0.00102287935842571,0.045287309605350545,0.0003449782595561093,0.45956607495069035,0.1834319526627219,0.35700197238658776,160.59,True,False,False,False,False,,False
2026-09-24,MDT,89.0,88.0,1.0,-0.025,0.5644,0.474,0.001843327833437547,0.1199576930374675,0.00010357988899132818,0.28994082840236685,0.3214990138067061,0.388560157790927,88.64,True,False,True,False,False,,False
2026-09-24,TSLA,380.0,377.5,2.5,1.4,1.3854,0.5319,0.0015258553384620566,0.1285059941819856,6.983718114613553e-05,0.4161735700197239,0.45956607495069035,0.1242603550295858,372.11,True,False,True,True,True,2.0,True
2026-09-24,IWM,282.0,281.0,1.0,0.48,0.4814,0.2142,0.001122962686870066,0.11608616536382765,6.924547217386933e-05,0.5069033530571992,0.4240631163708087,0.06903353057199212,281.97,True,False,True,False,False,,False
2026-09-24,CSCO,107.0,106.0,1.0,0.365,0.3909,0.2843,0.00024067738092914404,0.05229140601785898,6.861173772109634e-05,0.4990138067061144,0.26232741617357,0.23865877712031558,106.7,True,False,False,False,False,,False
2026-09-24,TJX,132.0,131.0,1.0,0.575,0.4703,0.2846,0.00017137407742584543,0.04001477259753616,6.559465488129399e-05,0.39250493096646943,0.3175542406311637,0.28994082840236685,130.06,True,False,True,True,True,3.0,True
2026-09-24,NOW,138.0,137.0,1.0,0.465,0.4533,0.5456,0.001827428723945257,0.15254472618442105,4.697388272195786e-05,0.5187376725838264,0.368836291913215,0.11242603550295859,135.62,True,False,True,True,True,4.0,True
2026-09-24,GM,81.0,80.0,1.0,0.58,0.5219,0.8077,3.7366830277996144e-05,0.029277794195434304,1.850639520762379e-05,0.34122287968441817,0.36489151873767256,0.2938856015779093,82.63,True,False,True,True,True,5.0,True
2026-09-24,QQQ,742.0,741.0,1.0,0.525,0.5383,0.2269,0.0019759548659081805,0.22712129597855835,8.481573046964653e-06,0.4714003944773176,0.4832347140039448,0.045364891518737675,744.5,True,False,True,False,False,,False
2026-09-24,SPY,768.0,767.0,1.0,0.495,0.5308,0.1394,0.0007756298110612736,0.19543169515356307,7.122898071145126e-06,0.45956607495069035,0.47928994082840237,0.0611439842209073,771.35,True,False,True,False,False,,False
2026-09-24,COST,900.0,897.5,2.5,1.525,1.3668,0.7232,-0.001534463009789544,0.2952003835354694,-1.2854727675946445e-06,0.3530571992110454,0.5739644970414202,0.07297830374753451,922.765,True,False,True,True,True,6.0,True
2026-09-24,T,25.5,25.0,0.5,0.14,0.1655,0.296,-6.277314210523244e-05,0.1394503325828056,-2.209396334760522e-06,0.4556213017751479,0.1242603550295858,0.42011834319526625,25.38,True,False,False,False,False,,False
2026-09-24,ORCL,140.0,139.0,1.0,0.515,0.5035,0.5656,-0.0005772765523720524,0.15568352358622117,-1.3762078558855221e-05,0.4358974358974359,0.49506903353057197,0.06903353057199212,137.1,True,False,True,True,True,7.0,False
2026-09-24,GOOGL,342.5,340.0,2.5,1.08,1.0656,0.3339,-0.00035269976018426075,0.08705936768259237,-4.364952206267681e-05,0.4516765285996055,0.34122287968441817,0.20710059171597633,343.92,True,False,False,True,False,,False
2026-09-24,PFE,28.5,28.0,0.5,0.16,0.1854,0.24,-0.0004073158324570114,0.06593257360444849,-8.369733349691327e-05,0.368836291913215,0.15976331360946747,0.4714003944773176,28.67,True,False,False,False,False,,False
2026-09-24,IBM,227.5,225.0,2.5,1.055,1.0185,0.3378,-0.00029267841182367693,0.03673621805074112,-0.00012119553129594201,0.4832347140039448,0.32938856015779094,0.1873767258382643,225.51,True,False,False,True,False,,False
2026-09-24,BA,197.5,195.0,2.5,1.125,1.0888,0.3428,-0.00019117899440268538,0.018793252381739567,-0.00012177463416616979,0.40828402366863903,0.2978303747534517,0.2938856015779093,198.07,True,False,False,True,False,,False
2026-09-24,AMGN,407.5,405.0,2.5,1.545,1.1494,0.3394,-0.0016546773247019253,0.10495743551212033,-0.00013327075976789202,0.34911242603550297,0.4437869822485207,0.20710059171597633,414.61,True,False,True,True,True,8.0,False
2026-09-24,MO,69.0,68.0,1.0,0.335,0.3176,0.2399,-0.00040389893783843167,0.03281889372037239,-0.00018373807600788583,0.4714003944773176,0.15976331360946747,0.368836291913215,68.82,True,False,False,True,False,,False
2026-09-24,GILD,150.0,149.0,1.0,0.145,0.3952,0.3164,-0.0017935045800276939,0.08816082667541547,-0.00021617040537762598,0.40828402366863903,0.41222879684418146,0.1794871794871795,150.93,True,False,False,False,False,,False
2026-09-24,AMZN,250.0,247.5,2.5,1.135,1.1113,0.3,-0.0004269581274669587,0.02489240217284938,-0.0002349254651201128,0.4280078895463511,0.3609467455621302,0.21104536489151873,249.67,True,False,False,True,False,,False
2026-09-24,WMT,108.0,107.0,1.0,0.485,0.4716,0.2869,-0.0003833310192555839,0.01858880663790141,-0.0002453700640959953,0.3727810650887574,0.3530571992110454,0.27416173570019725,107.98,True,False,True,True,True,9.0,False
2026-09-24,QCOM,195.0,192.5,2.5,1.155,0.9819,0.503,-0.0013704733267881908,0.06251448490127864,-0.00030568764588284484,0.42011834319526625,0.368836291913215,0.21104536489151873,201.97,True,False,False,True,False,,False
2026-09-24,HD,292.5,290.0,2.5,1.07,0.9111,0.3049,-0.0011018072809459989,0.05249444919042001,-0.000312573709784957,0.4635108481262327,0.32938856015779094,0.20710059171597633,293.2,True,False,False,True,False,,False
2026-09-24,NVDA,225.0,222.5,2.5,0.975,0.9851,0.325,-0.0007340769599271102,0.033925755241215994,-0.00032518548654778554,0.46745562130177515,0.34122287968441817,0.1913214990138067,225.07,True,False,False,False,False,,False
2026-09-24,ACN,177.5,175.0,2.5,1.15,0.7005,0.4913,-0.0013990428049068804,0.053663624477312544,-0.0003859147860366174,0.4990138067061144,0.2583826429980276,0.24260355029585798,176.11,True,False,False,True,False,,False
2026-09-24,PG,146.0,145.0,1.0,0.415,0.3519,0.15,-0.0017305102866221889,0.060878334721017335,-0.00040145344502945433,0.4358974358974359,0.3609467455621302,0.20315581854043394,146.23,True,False,False,True,False,,False
2026-09-24,VZ,47.5,47.0,0.5,0.265,0.2133,0.32,-0.0006166625545342974,0.012387115722825026,-0.00045807420182572534,0.36489151873767256,0.2859960552268245,0.34911242603550297,47.08,True,False,False,True,False,,False
2026-09-24,SBUX,94.0,93.0,1.0,0.58,0.4423,0.4508,-0.0007809959944284905,0.02164447560977867,-0.00046456552149347607,0.3806706114398422,0.34911242603550297,0.2702169625246548,94.86,True,False,False,True,False,,False
2026-09-24,MCD,237.5,235.0,2.5,1.005,0.7449,0.225,-0.00154397334074452,0.023142195595577064,-0.0008859865498951731,0.40039447731755423,0.21104536489151873,0.388560157790927,236.5,True,False,False,True,False,,False
