bull_cut,bear_cut,is_n,oot_n,d_is_n,d_oot_n,is_pnl,oot_pnl,d_is_pnl,d_oot_pnl,is_fw,oot_fw,d_is_fw,d_oot_fw,is_prof,oot_prof,d_is_prof,d_oot_prof,is_yld,oot_yld,d_is_yld,d_oot_yld,is_weekly_sh,oot_weekly_sh,d_is_weekly_sh,d_oot_weekly_sh,is_dd,oot_dd,d_is_dd,d_oot_dd,is_calmar,oot_calmar,d_is_calmar,d_oot_calmar,is_cagr,oot_cagr,d_is_cagr,d_oot_cagr,is_bp_n,oot_bp_n,is_bc_n,oot_bc_n,all_pos,score
0.35,0.04,4311,573,-252,-20,32926.65499999999,6519.194999999993,283.56500000002416,1927.8600000000015,0.44328462073764785,0.44502617801047123,0.0023466413381300066,0.02006833652649148,0.5325910461609835,0.5497382198952879,0.0007041296586823842,0.023599939962741567,10.84294176600563,15.263768003285376,0.6943429110969674,4.8242321751661414,1.6098387192498473,4.458920020643548,0.07764761946206433,1.2683532977846346,-12.879063709693494,-6.819910065342983,0.3832070252129629,-0.5616823406007221,3.3561212859815903,27.40951912889112,0.16292661168880374,8.05811287623159,43.22369985961536,186.93045539333556,0.8746875798829805,65.82494827019096,3164,450,1147,123,True,18.328315512972548
0.35,0.05,4298,572,-265,-21,32922.88999999999,6338.0749999999925,279.80000000002474,1746.7400000000007,0.4434620753838995,0.44405594405594406,0.0025240959843816357,0.019098102571964315,0.532805956258725,0.548951048951049,0.0009190397564238229,0.0228127690185026,10.847731482773503,14.903411143048464,0.6991326278648398,4.463875314929229,1.614158574792542,4.457985553332285,0.08196747500475898,1.2674188304733711,-12.879063709693494,-6.82319395955806,0.3832070252129629,-0.5649662348157998,3.3597939349171115,26.433917960859528,0.16659926062432495,7.082511708199998,43.27100013923928,180.36374935799006,0.9219878595068991,59.258242234845454,3178,452,1120,120,True,17.345750385475274
0.35,0.03,4329,576,-234,-17,32905.90499999999,6052.6149999999925,262.81500000002416,1461.2800000000007,0.44282744282744285,0.4409722222222222,0.0018894634279250089,0.016014380738242462,0.5326865326865327,0.5451388888888888,0.0007996161842315219,0.01900060895634248,10.827297978557436,14.052012702174483,0.6786991236487729,3.6124768740552486,1.6098205669125156,4.326062496107277,0.07762946712473262,1.1354957732483637,-13.164340646050587,-7.003639656239303,0.09793008885587007,-0.745411931497042,3.282095704189428,24.29816917523993,0.0889010298966415,4.946762922580401,43.20662588288891,170.1756212097218,0.8576136031565298,49.070114086577206,3156,450,1173,126,True,14.50225078299189
0.25,0.04,4406,581,-157,-12,33483.59499999997,5693.1099999999915,840.5050000000047,1101.7749999999996,0.44416704493871995,0.43717728055077454,0.003229065539202103,0.01221943906679479,0.5324557421697685,0.5438898450946644,0.0005688256674674097,0.017751565162118066,10.600547731139065,13.0297332171902,0.4519488762304018,2.5901973890709655,1.5648076099571486,3.5833267132746958,0.03261651016936562,0.39275999041578213,-12.879063709693494,-6.593202427352896,0.3832070252129629,-0.33497470261063533,3.3796977799758783,23.907282743320884,0.1865031056830917,4.555876490661355,43.527343027819,157.62555461467525,1.1783307480866227,36.52004749153065,3303,465,1103,116,True,11.670436749861668
0.25,0.05,4394,580,-169,-13,33195.21999999998,5378.259999999993,552.1300000000119,786.9250000000011,0.4437869822485207,0.43448275862068964,0.0028490028490028574,0.009524917136709887,0.5323167956304051,0.5431034482758621,0.00042987912810399376,0.01696516834331574,10.510043206613664,12.344567080802493,0.36144435170500167,1.9050312526832585,1.5529192298406678,3.5032400062516276,0.020728130052884763,0.31267328339271394,-12.879063709693494,-6.61709160336974,0.3832070252129629,-0.3588638786274796,3.3614819866717887,22.198713426686155,0.16828731237900207,2.847307174026625,43.29274066533302,146.89092022133607,0.9437283856006431,25.78541309819147,3317,467,1077,113,True,9.090925486438676
0.25,0.03,4420,584,-143,-9,33470.62499999997,5226.5299999999925,827.5350000000035,635.1950000000006,0.4438914027149321,0.4332191780821918,0.002953423315414261,0.008261336598212043,0.532579185520362,0.5393835616438356,0.0006922690180608537,0.013245281711289247,10.598244701269484,11.86340535546883,0.4496458463608217,1.423869527349595,1.5677104209374104,3.4556666281563833,0.035519321149627414,0.26509990529746963,-12.879063709693494,-6.776496394681953,0.3832070252129629,-0.5182686699396921,3.378880463197762,20.925734436039978,0.18568578890497545,1.574328183380448,43.51681675296264,141.8031639618969,1.1678044732302624,20.697656838752295,3294,465,1126,119,True,7.996767354432061
0.35,0.4,3921,547,-642,-46,31393.954999999994,6213.314999999991,-1249.134999999973,1621.9799999999996,0.44554960469268046,0.44972577696526506,0.004611625293162613,0.024767935481285308,0.5320071410354501,0.5521023765996343,0.00012022453314897152,0.025964096667087988,10.917754870421462,15.328971471499237,0.7691560155127988,4.889435643380002,1.5168159086487691,3.9357693586837796,-0.015375191139013866,0.745202635824866,-15.286370753956247,-7.833837657903031,-2.02410001904979,-1.57560993316077,2.812462606236433,22.75379453690336,-0.3807320680563535,3.4023882842438304,42.99234613056817,178.2495325033818,0.6433338508357949,57.144025380237196,3327,470,594,77,False,17.018671189301333
0.35,0.06,4290,571,-273,-22,32403.914999999994,6269.494999999992,-239.1749999999738,1678.1599999999999,0.44312354312354313,0.4448336252189142,0.0021855637240252856,0.019875783734934427,0.5321678321678321,0.5481611208406305,0.0002809156655310119,0.02202284090808415,10.674071842647614,14.848150628740736,0.5254729877389508,4.408614800621502,1.5881846673239712,4.167190521764866,0.05599356753618823,0.9766237989059521,-13.385301341175337,-6.923662949483223,-0.1230306062688804,-0.6654352247409623,3.200636637321578,25.694214972683447,0.00744196302879141,6.342808720023918,42.84148587415544,177.89808422242547,0.4924735944230605,56.79257709928086,3186,453,1104,118,False,16.044007838108712
0.4,0.06,4200,563,-363,-30,31433.209999999995,6156.669999999991,-1209.879999999972,1565.3349999999991,0.4407142857142857,0.45293072824156305,-0.00022369368523211808,0.027972886757583304,0.5307142857142857,0.5470692717584369,-0.0011726307880154385,0.020930991825890533,10.674592157947451,14.65431040002435,0.5259933030387884,4.2147745719051155,1.590113780364195,4.18164687753382,0.05792268057641192,0.991080154674906,-13.452108947465613,-6.273030205836472,-0.189838212559156,-0.014802481094211117,3.1351432397650902,27.71650759449998,-0.058051434527696344,8.36510134184045,42.1742884272303,173.86648934059434,-0.17472385250207623,52.76098221744974,3072,441,1128,122,False,15.651587923818632
0.4,0.4,3802,536,-761,-57,30601.860000000008,5952.03999999999,-2041.2299999999595,1360.704999999998,0.44292477643345607,0.4533582089552239,0.0019867970339382257,0.028400367471244137,0.5299842188321936,0.5485074626865671,-0.0019026976701075338,0.022369182754020778,11.058459340913968,14.824009653473643,0.9098604860053054,4.384473825354409,1.531155648113748,4.002874247316833,-0.0010354516740349595,0.8123075244579194,-16.16347905875858,-5.383239796034545,-2.9012083238521225,0.874987928707716,2.635666067334371,31.36393266586825,-0.5575286069584156,12.012526413208722,42.60153328523968,168.8395704870498,0.2525210055073046,47.73406336390519,3201,456,601,80,False,15.482617683883946
0.4,0.05,4210,565,-353,-28,31951.544999999995,5998.739999999991,-691.5449999999728,1407.4049999999988,0.44109263657957243,0.45132743362831856,0.00015465718005458484,0.026369592144338816,0.5313539192399049,0.5469026548672566,-0.0005329972623961954,0.020764374934710284,10.841900197652365,14.167518864471004,0.6933013427437018,3.7279830363517696,1.6157188119668022,4.373157823370058,0.08352771217901922,1.1825911005111447,-12.879063709693494,-7.150711180843128,0.3832070252129629,-0.8924834561008677,3.3086658345160957,23.53261879284086,0.11547116022330917,4.181212540181331,42.612518076818986,168.27496031648627,0.2635057970866086,47.16945319334167,3068,440,1142,125,False,15.353490008915982
0.35,0.08,4264,569,-299,-24,32449.624999999996,6036.034999999992,-193.46499999997104,1444.6999999999998,0.4432457786116323,0.4428822495606327,0.0023077992121144364,0.017924408076652965,0.5321294559099438,0.546572934973638,0.00024253940764262794,0.020434655041091654,10.706055177237573,14.339030586428724,0.5574563223289104,3.8994947583094888,1.5888704157563611,4.106843449017269,0.056679315968578114,0.9162767261583555,-14.156270355780286,-7.538697152701046,-0.8939996208738297,-1.280469427958785,3.036080502467809,22.495922277639814,-0.15711417182497778,3.144516024980284,42.97957641484756,169.5899452218273,0.6305641351151792,48.48443809868269,3197,454,1067,115,False,14.389373118050035
0.4,0.04,4224,566,-339,-27,31979.079999999987,5951.529999999992,-664.0099999999802,1360.1949999999997,0.44105113636363635,0.44876325088339225,0.0001131569641185104,0.023805409399412503,0.53125,0.5441696113074205,-0.0006369165023011325,0.018031331374874116,10.84548995232086,14.019298315454865,0.6968910974121965,3.57976248733563,1.6134331508672166,4.3653583784049905,0.08124205107943361,1.174791655546077,-12.879063709693494,-7.1936605482331935,0.3832070252129629,-0.9354328234909328,3.306605534815541,23.16139476269539,0.1134108605227544,3.8099885100358613,42.58598334571448,166.61521174645674,0.23697106598210382,45.50970462331213,3056,437,1168,129,False,14.308392019864788
0.35,0.07,4273,569,-290,-24,32360.40499999999,6036.034999999992,-282.68499999997584,1444.6999999999998,0.44324830329978937,0.4428822495606327,0.002310323900271527,0.017924408076652965,0.5321787970980576,0.546572934973638,0.0002918805957564663,0.020434655041091654,10.674586851488202,14.339030586428724,0.5259879965795395,3.8994947583094888,1.5894716577277483,4.106843449017269,0.05728055793996534,0.9162767261583555,-13.66212765077497,-7.538697152701046,-0.39985691586851324,-1.280469427958785,3.1367874688670265,22.495922277639814,-0.056407205425760054,3.144516024980284,42.855190813012634,169.5899452218273,0.5061785332802557,48.48443809868269,3194,454,1079,115,False,14.27976043903481
0.4,0.08,4173,561,-390,-32,31430.549999999996,5923.20999999999,-1212.5399999999718,1331.8749999999982,0.44069015097052483,0.45098039215686275,-0.00024782842899301327,0.026022550672883005,0.5305535585909418,0.5454545454545454,-0.0013333579113593563,0.019316265521999054,10.692944790567049,14.142024054675117,0.5443459356583862,3.7024882265558823,1.5884712426453471,4.208189151523168,0.05628014285756411,1.0176224286642546,-14.24064876938569,-6.248084637676444,-0.978378034479233,0.010143087065817014,2.9717722700961584,26.507669455646447,-0.22142240419662818,7.156263202986917,42.319965121039374,165.62216230642966,-0.029047158693003894,44.51665518328505,3083,442,1090,119,False,14.071923983517593
0.4,0.07,4182,561,-381,-32,31341.329999999994,5923.20999999999,-1301.759999999973,1331.8749999999982,0.44069823051171686,0.45098039215686275,-0.00023974888780098347,0.026022550672883005,0.5306073648971784,0.5454545454545454,-0.0012795516051227196,0.019316265521999054,10.660498715335164,14.142024054675117,0.5118998604265013,3.7024882265558823,1.5894501664645362,4.208189151523168,0.05725906667675318,1.0176224286642546,-13.735204284517721,-6.248084637676444,-0.4729335496112643,0.010143087065817014,3.0684126959007574,26.507669455646447,-0.1247819783920292,7.156263202986917,42.14527520740465,165.62216230642966,-0.2037370723277263,44.51665518328505,3080,442,1102,119,False,13.963065392257196
0.35,0.09,4247,568,-316,-25,32124.42,5934.134999999992,-518.6699999999691,1342.8000000000002,0.4424299505533318,0.44190140845070425,0.0014919711538139424,0.0169435669667245,0.5314339533788557,0.545774647887324,-0.000452963123445449,0.019636367954777634,10.636595422761063,14.112314247976288,0.48799656785240053,3.6727784198570532,1.5726895367127096,4.102065742129058,0.040498436924926606,0.9114990192701447,-14.841206515978389,-7.6009948822846845,-1.578935781071932,-1.3427671575424238,2.877657393546083,21.839906929003018,-0.3155372807467036,2.488500676343488,42.70790765984951,166.00502079692575,0.35889538011713285,44.89951367378114,3201,455,1046,113,False,12.9937987209253
0.35,0.18,4141,559,-422,-34,31194.664999999997,6043.199999999992,-1448.4249999999702,1451.8649999999998,0.44023182806085487,0.44543828264758495,-0.0007061513386629747,0.0204804411636052,0.5281333011349916,0.5491949910554562,-0.0037536153673095596,0.023056711122909856,10.472249650370143,14.539781696360777,0.32365079546148046,4.100245868241542,1.5234240562642183,4.1059483185828345,-0.008767043523564721,0.9153815957239209,-14.33930508513621,-6.864769378767555,-1.077034350229754,-0.6065416540252944,2.9441464313739707,25.07052071006567,-0.2490482429188159,5.719114457406139,42.217013894786405,172.10334288021662,-0.13199838494597316,50.99783575707201,3247,461,894,98,False,12.944487067176249
0.35,0.1,4230,567,-333,-26,31984.945,5924.199999999992,-658.1449999999677,1332.8649999999998,0.442789598108747,0.4426807760141093,0.0018516187092291747,0.017722934530129575,0.5312056737588653,0.544973544973545,-0.0006812427434358392,0.01883526504099864,10.608948382244533,14.105973621005457,0.46034952733587,3.6664377928862226,1.5583046849062474,4.093759540027161,0.0261135851184644,0.9031928171682475,-15.30988480809442,-7.6009948822846845,-2.0476140731879635,-1.3427671575424238,2.7819222755982764,21.79410021758643,-0.41127239869451016,2.4426939649268995,42.59090958448151,165.65684421787398,0.24189730474913063,44.55133709472938,3208,455,1022,112,False,12.895562678448487
0.4,0.09,4154,560,-409,-33,31211.085,5821.30999999999,-1432.0049999999683,1229.9749999999985,0.44005777563793935,0.45,-0.0008802037615784908,0.025042158516020263,0.530091478093404,0.5446428571428571,-0.0017954384088971764,0.018504577210310735,10.661125283132531,13.913946548528289,0.5125264282238682,3.474410720409054,1.577155258439582,4.192556126794253,0.044964158651799035,1.0019894039353394,-14.733914132956361,-6.30199703032236,-1.4716433980499044,-0.04376930558009917,2.8595536249429894,25.71646105911388,-0.3336410493497972,6.365054806454349,42.132417568494105,162.06506122493627,-0.21659471123827245,40.95955410179167,3085,443,1069,117,False,12.866711230105027
0.4,0.1,4135,559,-428,-34,31107.42,5811.374999999989,-1535.6699999999691,1220.0399999999972,0.4403869407496977,0.45080500894454384,-0.0005510386498201458,0.02584716746056409,0.5298669891172915,0.5438282647584973,-0.0020199273850096677,0.017689984825950966,10.651651261010487,13.907329223226085,0.5030524061018244,3.4677933951068507,1.5664386918054651,4.185838980874519,0.03424759201768213,0.9952722580156053,-15.212780671243053,-6.30199703032236,-1.950509936336596,-0.04376930558009917,2.7637003788713996,25.661642749447616,-0.42949429542138695,6.310236496788086,42.04356770480193,161.7195964002122,-0.30544457493044774,40.61408927706759,3091,443,1044,116,False,12.82504426755324
0.35,0.35,3958,551,-605,-42,29978.475,6068.074999999992,-2664.614999999969,1476.7399999999998,0.4426478019201617,0.4482758620689655,0.0017098225206438333,0.023318020584985777,0.5295603840323395,0.5499092558983666,-0.0023265324699616174,0.02377097596582023,10.35351738757591,14.864284246282546,0.20491853266724647,4.424748418163311,1.4536664751095127,3.798268814486947,-0.07852462467827026,0.6077020916280333,-15.68313898959448,-7.963678421682497,-2.420868254688024,-1.705450696940236,2.652379096148112,21.72332129218699,-0.5408155781446746,2.3719150395274617,41.59763001798582,172.99754502186548,-0.7513822617465564,51.89203789872087,3307,469,651,82,False,12.689277361561274
0.35,0.12,4205,565,-358,-28,31977.065,5829.929999999991,-666.0249999999687,1238.5949999999993,0.4423305588585018,0.4424778761061947,0.0013925794589839668,0.017520034622214964,0.5310344827586206,0.5451327433628319,-0.0008524337436804919,0.018994463430285546,10.63376152063312,13.932308718814413,0.48516266572445765,3.4927728906951785,1.5574850413751105,4.003339938643506,0.02529394158732745,0.8127732157845919,-15.15416338982395,-7.5320335128805205,-1.891892654917493,-1.2738057881382598,2.8166386075186964,21.556594688147005,-0.37655606677409015,2.205188435487475,42.683801668424536,162.36499361470544,0.33478938869215824,41.259486491560835,3216,457,989,108,False,12.315325117127546
0.3,0.04,4365,579,-198,-14,32223.634999999987,5815.914999999994,-419.4549999999799,1224.5800000000017,0.44169530355097364,0.4438687392055268,0.000757324151455796,0.018910897721547026,0.5312714776632302,0.5457685664939551,-0.000615438839070892,0.01963028656140875,10.376073824231552,13.38729224476359,0.22747496932288946,2.9477564166443546,1.5106469619793446,3.6706376827717997,-0.021544137808438446,0.48007095991288606,-13.00584237707476,-7.0991763692110466,0.2564283578316964,-0.8409486444687859,3.271054094700558,22.8022837483497,0.07785942040777138,3.4508774956901718,42.54281396256043,161.87743395032928,0.19380168282805244,40.77192682718467,3242,459,1123,120,False,11.675029200710963
0.4,0.12,4107,557,-456,-36,30803.090000000004,5717.104999999989,-1839.9999999999636,1125.7699999999968,0.4394935476016557,0.4506283662477558,-0.0014444317978621335,0.02567052476377607,0.5293401509617726,0.5439856373429084,-0.0025467655405285727,0.01784735741036203,10.58202114261241,13.732051922872268,0.43342228770374724,3.292516094753033,1.5526613030751704,4.034141766422112,0.020470203287387356,0.8435750435631988,-15.089104601393133,-6.242320239807486,-1.8268338664866768,0.015907484934774452,2.7754804222496072,25.383745499585718,-0.41771425204317936,6.032339246926188,41.87951441044311,158.4534682941861,-0.4694978692892704,37.347961171041504,3098,445,1009,112,False,11.65753265921768
0.35,0.2,4124,558,-439,-35,30793.049999999996,5874.709999999992,-1850.0399999999718,1283.375,0.44059165858389915,0.4444444444444444,-0.00034632081561869477,0.019486602960464672,0.5278855480116392,0.5483870967741935,-0.004001368490661905,0.022248816841647145,10.343155536346979,14.19595002778917,0.19455668143831595,3.756414199669935,1.4946382583252702,4.038416080990116,-0.03755284146251281,0.8478493581312021,-15.73222877696706,-5.613310741452615,-2.469958042060604,0.6449169832896455,2.661468350651084,29.588107090042275,-0.5317263236417027,10.236700837382745,41.87082897510004,166.0872393477846,-0.4781833046323385,44.981732224639984,3261,463,863,95,False,11.616027387531743
0.35,0.3,4010,551,-553,-42,30663.555000000004,5853.389999999991,-1979.5349999999635,1262.0549999999994,0.44214463840399004,0.44464609800362975,0.0012066590044721992,0.019688256519650005,0.529925187032419,0.5480943738656987,-0.0019617294698821564,0.021956093933152343,10.495709015730615,14.368590042565286,0.347110160821952,3.929054214446051,1.4971850965649949,3.7733263493495133,-0.03500600322278813,0.5827596264905996,-15.427430877969572,-8.0721997338412,-2.1651601430631153,-1.81397200909894,2.7259048953498772,20.48153554540075,-0.46728977894290935,1.1301292927412199,42.05370935292911,165.331045778243,-0.29530292680326653,44.225538655098404,3297,465,713,86,False,11.580054525377225
0.4,0.3,3897,540,-666,-53,29647.015000000003,5812.74499999999,-2996.0749999999643,1221.409999999998,0.4387990762124711,0.45185185185185184,-0.0021389031870467368,0.02689401036787209,0.5275853220425969,0.5462962962962963,-0.004301594459704239,0.02015801636374992,10.521846706491875,14.415554204787199,0.37324785158321205,3.976018376667964,1.5028646772222982,3.9333299987103216,-0.02932642256548479,0.742763275851408,-15.725672946937696,-5.556574061016306,-2.463402212031239,0.7016536637259545,2.6295065989256954,29.4952543263176,-0.5636880753670912,10.14384807365807,41.350760786519956,163.89256511269537,-0.9982514932124218,42.78705798955076,3169,450,728,90,False,11.52511970802132
0.4,0.18,4037,549,-526,-44,30182.309999999998,5786.92499999999,-2460.7799999999697,1195.5899999999983,0.43770126331434234,0.4517304189435337,-0.003236716085175506,0.02677257745955397,0.5266286846668318,0.546448087431694,-0.0052582318354693625,0.02030980749914768,10.481422319470276,14.046660664738226,0.3328234645616135,3.6071248366189916,1.5248985711854466,4.024517379574078,-0.007292528602336423,0.8339506567151647,-14.416325210523784,-6.24935150591387,-1.1540544756173272,0.008876218828390847,2.881000507843087,26.079650695801742,-0.31219416644969966,6.728244443142213,41.53344025275012,162.98090434951632,-0.8155720269822595,41.87539722637172,3122,447,915,102,False,11.230138784371611
0.35,0.25,4058,553,-505,-40,30990.355000000003,5809.829999999992,-1652.7349999999642,1218.495,0.4413504189255791,0.4430379746835443,0.0004124395260612368,0.01808013319956453,0.5293247905372105,0.5479204339963833,-0.0025621259650906447,0.02178215406383699,10.524749723367647,14.183743196913936,0.3761508684589838,3.744207368794701,1.5159049835504093,3.794813139622546,-0.01628611623737375,0.6042464167636323,-15.097935729743616,-8.098316808922535,-1.8356649948371597,-1.8400890841802742,2.794379636312114,20.22513589526157,-0.39881503798067275,0.87372964260204,42.18936415354464,163.78955798333928,-0.15964812618774005,42.684050860194674,3286,465,772,88,False,11.136836623010835
0.28,0.04,4385,580,-178,-13,32324.139999999985,5780.849999999993,-318.94999999998254,1189.5150000000012,0.44218928164196125,0.4413793103448276,0.0012513022424434084,0.016421468860847832,0.5304446978335233,0.5448275862068965,-0.001442218668777806,0.01868930627435017,10.344472912281011,13.309822770541066,0.19587405737234853,2.8702869424218314,1.5244040414206579,3.674834106776068,-0.0077870583671251214,0.4842673839171545,-12.879063709693494,-6.656379631670706,0.3832070252129629,-0.3981519069284456,3.3097310853187287,24.136192328975646,0.11653641102594214,4.7847860763161165,42.6262375097729,160.65965900468024,0.27722523004052135,39.55415188153563,3272,461,1113,119,False,11.107050430926817
0.35,0.01,4364,579,-199,-14,32882.54499999999,5647.374999999993,239.45500000002357,1056.0400000000009,0.44156736938588453,0.4369602763385147,0.0006293899863666907,0.012002434854534949,0.5313932172318974,0.540587219343696,-0.000493699270403769,0.014448939411149664,10.824191116456216,13.061657940969928,0.6755922615475534,2.6221221128506933,1.623791479473546,4.273659644700962,0.09160037968576296,1.0830929218420486,-14.239544282424554,-5.937358192001819,-0.9772735475180969,0.32086953274044205,3.025871942150972,26.28296640143989,-0.1673227321418147,6.93156014878036,43.08703751320475,156.05138587369768,0.7380252334723707,34.94587875055308,3135,447,1229,132,False,11.084043529012929
0.4,0.35,3841,540,-722,-53,29070.250000000007,5801.319999999991,-3572.83999999996,1209.9849999999988,0.43972923717781826,0.45185185185185184,-0.001208742221699588,0.02689401036787209,0.527466805519396,0.5462962962962963,-0.004420110982905179,0.02015801636374992,10.426370319753982,14.34306288719001,0.2777714648453191,3.9035270590707754,1.4612255130831895,3.829290820059646,-0.07096558670459352,0.6387240972007322,-16.100888512511535,-5.477584712840578,-2.8386177776050783,0.7806430119016827,2.547964286301101,29.846907125816408,-0.6452303879916856,10.495500873156878,41.02448890759505,163.48896219794446,-1.3245233721373282,42.383455074799855,3180,455,661,85,False,10.799544725989506
0.4,0.25,3948,542,-615,-51,29684.36,5769.18499999999,-2958.729999999967,1177.8499999999985,0.4376899696048632,0.45018450184501846,-0.003248009794654616,0.02522666036103871,0.526595744680851,0.5461254612546126,-0.0052911718214501136,0.019987181322066228,10.44770572093997,14.228557715927261,0.2991068660313072,3.789021887808026,1.5046797644433054,3.9609643848012235,-0.027511335344477583,0.7703976619423099,-15.1616414840557,-5.575602347125519,-1.8993707491492433,0.6826253776167412,2.71990758158079,29.11891660158729,-0.47328709271199676,9.767510348927761,41.238263621692916,162.35549974956234,-1.110748658039462,41.249992626417736,3160,450,788,92,False,10.558027306586414
0.35,0.15,4176,561,-387,-32,31123.869999999995,5823.299999999993,-1519.219999999972,1231.965000000001,0.44037356321839083,0.44206773618538325,-0.0005644161811270143,0.017109894701403505,0.5284961685823755,0.5454545454545454,-0.003390747919925663,0.019316265521999054,10.383881948608108,13.954538298237892,0.23528309369944544,3.5150024701186577,1.5169931903373877,3.9658492527748748,-0.015197909450395342,0.7752825299159611,-14.897424912130408,-7.435038463650678,-1.635154177223951,-1.1768107389084177,2.819856513505623,22.09345986653934,-0.37333816078716353,2.7420536138798113,42.00860067293186,164.26572390284258,-0.3404116068005152,43.160216779697976,3235,459,941,102,False,10.475163421200968
0.4,0.2,4019,548,-544,-45,29649.06,5792.914999999991,-2994.029999999966,1201.579999999999,0.4379198805673053,0.45072992700729925,-0.0030180988322125457,0.0257720855233195,0.5260014929086837,0.5456204379562044,-0.005885423593617434,0.019482158023658047,10.298646600307238,14.126242617936201,0.15004774539857557,3.6867067898169665,1.4860411124187438,4.085737765518739,-0.04614998736903919,0.8951710426598254,-15.854292750271382,-5.704576256872018,-2.5920220153649254,0.5536514678702424,2.5899602402229482,28.607252404034615,-0.6032344340698383,9.255846151375085,41.06198786005781,163.19225283840083,-1.287024419674566,42.08674571525623,3137,449,882,99,False,10.438006957597073
0.3,0.05,4352,578,-211,-15,32125.479999999992,5540.284999999993,-517.6099999999751,948.9500000000007,0.44186580882352944,0.4411764705882353,0.0009278294240115947,0.016218629104255533,0.53125,0.5449826989619377,-0.0006369165023011325,0.01884441902939138,10.350957127830005,12.801341714931079,0.20235827292134267,2.361805886811844,1.5094119289951091,3.5917814190662387,-0.022779170792673886,0.4012146962073251,-12.993999902175723,-7.102734782260001,0.2682708327307335,-0.84450705751774,3.2677540954832938,21.454438130133553,0.07455942119050718,2.1030318774740238,42.46119639704424,152.3851839407448,0.11218411731186251,31.279676817600205,3255,460,1097,118,False,9.681811208443543
0.35,0.02,4342,577,-221,-16,33126.15999999999,5394.354999999993,483.07000000002154,803.0200000000013,0.4428834638415477,0.43500866551126516,0.0019454844420298545,0.01005082402728541,0.5329341317365269,0.5389948006932409,0.0010472152342257957,0.012856520760694545,10.908366933219947,12.503749255364259,0.7597680783112839,2.064213427245024,1.6263301955926317,3.930069998047836,0.0941390958048487,0.7395032751889223,-14.239544282424554,-7.226177138281509,-0.9772735475180969,-0.9679494135392481,3.04342893389804,20.40274757466674,-0.14976574039474677,1.051341322007211,43.337041074653285,147.4338680821853,0.9880287949209077,26.328360959040708,3148,447,1194,130,False,9.581447948985812
0.4,0.03,4244,570,-319,-23,31812.07999999999,5404.139999999993,-831.0099999999766,812.8050000000012,0.44038642789820925,0.443859649122807,-0.0005515515013085892,0.01890180763882726,0.5311027332704995,0.5385964912280702,-0.0007841832318016273,0.012458211295523824,10.7807347683278,12.584566374648933,0.6321359134191376,2.145030546529698,1.6106328151633,4.17358493505299,0.07844171537551703,0.983018212194076,-13.226123653223976,-7.3974354603607235,0.03614708168248093,-1.139207735618463,3.2092166124564527,19.975065806692808,0.01602193816366615,0.6236595540332779,42.44549574632961,147.76426012146837,0.09648346659723472,26.658752998323763,3050,437,1194,133,False,9.502664496004256
0.28,0.4,4032,556,-531,-37,31760.959999999995,5232.249999999991,-882.1299999999719,640.914999999999,0.4444444444444444,0.4442446043165468,0.0035064650449265766,0.019286762832567028,0.5307539682539683,0.5467625899280576,-0.0011329482483328768,0.020624309995511236,10.614466104148159,12.601931192215284,0.46586724923949596,2.1623953640960494,1.4816294778760202,3.1436392225197105,-0.05056162191176283,-0.04692750033920312,-14.413674156236445,-8.613264361714645,-1.151403421329988,-2.3550366369723843,2.9835225245954207,16.694924033626336,-0.20967214969736592,-2.656482219033194,43.003521507310325,143.79779420036704,0.6545092275779467,22.69228707722243,3450,479,582,77,False,9.294947522864634
0.25,0.4,4070,558,-493,-35,32882.95499999999,5072.599999999993,239.8650000000198,481.26500000000124,0.4461916461916462,0.4390681003584229,0.005253666792128353,0.014110258874443171,0.5329238329238329,0.5448028673835126,0.0010369164215318083,0.01866458745096622,10.814429296103114,12.135609926482005,0.6658304411944513,1.6960740983627698,1.5084708746106088,3.0670703538941426,-0.023720225177174203,-0.12349636896477101,-14.43303106187761,-9.10451964782828,-1.1707603269711537,-2.846291923086019,3.0382765455810032,15.203255826396287,-0.15491812871178334,-4.148150426263243,43.851539756944824,138.41834138238477,1.5025274772124462,17.312834259240162,3491,483,579,75,False,9.044865038230656
0.4,0.15,4074,552,-489,-41,29715.254999999997,5663.874999999991,-2927.83499999997,1072.539999999999,0.4374079528718704,0.4492753623188406,-0.003530026527647445,0.02431752083486083,0.5265095729013255,0.5434782608695652,-0.005377343600975637,0.01733998093701883,10.251556160106025,13.708333756887573,0.10295730519736246,3.268797928768338,1.497634177921337,3.9715027121051953,-0.0345569218664461,0.7809359892462817,-14.991523902291648,-6.24837923238819,-1.7292531673851919,0.00984849235407026,2.733327633781754,25.39203826062023,-0.4598670405110328,6.040632007960699,40.976746554633436,158.65908453566578,-1.3722657250989414,37.55357741252118,3113,446,961,106,False,8.968180144765043
0.28,0.05,4373,579,-190,-14,32100.414999999986,5505.219999999992,-542.6749999999811,913.8850000000002,0.44225931854562084,0.4386873920552677,0.0013213391461029955,0.01372955057128794,0.5302995655156643,0.5440414507772021,-0.0015873509866368707,0.017903170844655758,10.274632577007452,12.723434103680846,0.12603372209878927,2.2838982755616115,1.5159172661283338,3.596532712673537,-0.016273833659449233,0.4059659898146233,-12.879063709693494,-6.659716095917878,0.3832070252129629,-0.401488371175617,3.2952963351112334,22.702282968503038,0.10210166081844685,3.3508767158435084,42.44033144221706,151.19075929942198,0.0913191624846803,30.08525217627738,3285,462,1088,117,False,8.899128001928768
0.18,0.04,4458,585,-105,-8,33122.229999999974,5550.379999999993,479.1400000000067,959.045000000001,0.4427994616419919,0.4341880341880342,0.0018614822424740662,0.009230192704054452,0.531628532974428,0.5418803418803418,-0.00025838352787310725,0.015742061947795483,10.312812115144252,12.574923286891604,0.1642132602355897,2.135387458772369,1.5193453019408887,3.413906539445969,-0.012845797846894325,0.22333981658705548,-12.879063709693494,-7.437105128351074,0.3832070252129629,-1.178877403608813,3.341334361178617,20.536162813723458,0.14813968688583046,1.184756561063928,43.03325811300742,152.72960177859534,0.6842458332750425,31.624094655450733,3378,472,1080,113,False,8.740672381443556
0.18,0.4,4141,565,-422,-28,32793.05999999999,5188.349999999993,149.970000000023,597.0150000000012,0.44530306689205507,0.4389380530973451,0.004365087492537223,0.013980211613365379,0.5327215648394108,0.5451327433628319,0.0008346483371096669,0.018994463430285546,10.556964235608678,12.237199804331206,0.4083653807000154,1.7976639762119717,1.4692419304939337,3.0278888795019547,-0.0629491692938493,-0.1626778433569589,-14.219359628179307,-10.069444183655285,-0.9570888932728501,-3.811216458913025,3.0497932381176316,14.133079565803188,-0.143401436175155,-5.218326686856342,43.36610684438409,142.31225583101428,1.017094564651714,21.20674870786968,3575,491,566,74,False,8.708286936029673
0.3,0.4,4001,555,-562,-38,31414.700000000004,5157.784999999992,-1228.389999999963,566.4499999999998,0.4438890277430642,0.44504504504504505,0.0029510483435463697,0.020087203561065303,0.5308672831792052,0.5459459459459459,-0.0010196333230959587,0.01980766601339956,10.608881665617421,12.416564454838802,0.4602828107087582,1.9770286267195676,1.4582349401641987,3.094792519220971,-0.07395615962358426,-0.09577420363794253,-15.0879243728124,-8.550371614761742,-1.825653637905944,-2.2921438900194815,2.8338110927739186,16.523351038260284,-0.35938358151886796,-2.828055214399246,42.75632745460975,141.2807916982847,0.40731517487737534,20.175284575140097,3415,478,586,77,False,8.499172784323626
0.3,0.06,4346,577,-217,-16,31666.58999999999,5471.704999999993,-976.4999999999782,880.3700000000008,0.4413253566497929,0.44194107452339687,0.000387377250275045,0.016983233039417123,0.5306028531983433,0.5441941074523396,-0.0012840633039578053,0.018055827519793288,10.194974858970152,12.732197115834321,0.04637600406148934,2.2926612877150863,1.4896540610550926,3.3326760500544075,-0.042537038732690435,0.14210932719549385,-13.597662617964513,-7.211670392039505,-0.33539188305805645,-0.953442667297244,3.094480970017001,20.806817027122953,-0.09871370427578574,1.4554107744634237,42.07770820800274,150.05190630708603,-0.271304071729638,28.946399183941423,3263,461,1083,116,False,8.441982913270765
0.2,0.04,4441,584,-122,-9,32757.564999999973,5505.3699999999935,114.47500000000582,914.0350000000017,0.44201756361179917,0.4349315068493151,0.001079584212281326,0.009973665365335338,0.5311866696689934,0.5428082191780822,-0.0007002468333077161,0.016669939245535836,10.249864654807013,12.502319188986691,0.10126579989834994,2.0627833608674564,1.5134438241796346,3.4272373853617815,-0.018747275608148373,0.23667066250286783,-12.879063709693494,-7.34193432908935,0.3832070252129629,-1.083706604347089,3.3259428365835095,20.59346429365166,0.13274816229072295,1.2420580409921307,42.835029687157714,151.19586245243687,0.4860174074253365,30.090355329292265,3349,471,1092,113,False,8.200877014570823
0.22,0.04,4427,583,-136,-10,32851.549999999974,5456.009999999993,208.4600000000064,864.6750000000011,0.44251185904675855,0.4339622641509434,0.0015738796472407057,0.009004422666963663,0.5312852947820195,0.5420240137221269,-0.0006016217202816643,0.01588573378958058,10.319836702336634,12.404124545730449,0.171237847427971,1.964588717611214,1.5249953625525015,3.419674029932513,-0.007195737235281552,0.2291073070735994,-12.944815265863541,-7.37049500736876,0.31745546904291544,-1.1122672826264992,3.314995537102328,20.286224429728165,0.1218008628095415,0.9348181770686352,42.91200483495172,149.5195158776736,0.5629925552193455,28.414008754528993,3332,470,1095,113,False,7.992450756642184
0.3,0.03,4380,582,-183,-11,32165.114999999983,5349.334999999993,-477.974999999984,758.0000000000009,0.441324200913242,0.43986254295532645,0.0003862215137241387,0.014904701471346704,0.5312785388127854,0.5412371134020618,-0.0006083776895157156,0.01509883346951546,10.357213260457103,12.21135669515499,0.20861440554844002,1.7718208670357551,1.5120953435579267,3.535248365786569,-0.020095756229856265,0.3446816429276556,-13.377453495731373,-7.298480870372104,-0.11518276082491674,-1.0402531456298432,3.1765515636543666,19.992754460676572,-0.016643110638419945,0.6413482080170425,42.49417081957907,145.9167359772945,0.14515853984669036,24.811228854149903,3233,459,1147,123,False,7.881511589165086
0.25,0.06,4388,579,-175,-14,32630.61999999998,5309.679999999992,-12.469999999986612,718.3450000000003,0.4432543299908842,0.43523316062176165,0.0023163505913663673,0.010275319137781902,0.5314494074749316,0.542314335060449,-0.00043750902736949815,0.016176055127902655,10.325595960366915,12.27267883884676,0.17699710545825198,1.8331430107275253,1.5279906661779863,3.279589319988137,-0.0042004336097967165,0.08902259712922334,-13.045670742087012,-6.717919386585369,0.21659999281944486,-0.4596916618431086,3.283079841808418,21.522206376718067,0.08988516751563136,2.1708001240585375,42.829978636215735,144.58444746024557,0.48096635648335706,23.478940337100966,3324,468,1064,111,False,7.724405100166895
0.22,0.4,4101,562,-462,-31,32698.124999999993,5049.409999999993,55.03500000002532,458.0750000000007,0.4450134113630822,0.4377224199288256,0.004075431963564358,0.012764578444845853,0.5325530358449159,0.5444839857651246,0.0006661193426147349,0.01834570583257822,10.647640640604,11.967973279622043,0.4990417856953364,1.5284374515028087,1.489938452662243,2.980398940348529,-0.04225264712554,-0.2101677825103847,-14.713333001646877,-10.03194141594168,-1.4510622667404203,-3.7737136911994202,2.9593628239264533,13.720396639995727,-0.23383185036633325,-5.631009612663803,43.54209070112398,137.6422152959202,1.1930784213916041,16.536708172775604,3526,488,575,74,False,7.722186333612076
0.28,0.06,4367,578,-196,-15,31641.524999999987,5436.639999999992,-1001.5649999999805,845.3050000000003,0.441722005953744,0.43944636678200694,0.0007840265542261582,0.014488525298027188,0.5296542248683307,0.5432525951557093,-0.0022326916339704406,0.01711431522316298,10.119739144632211,12.653721946479362,-0.028859710276451622,2.214186118360127,1.4958220069707282,3.3338548615130716,-0.036369092817054804,0.14328813865415801,-12.9907704889905,-6.761857067826227,0.27150024591595745,-0.5036293430839667,3.2374269276512444,22.015148145515905,0.04423225335845782,2.6637418928563754,42.05667019199497,148.8632850869982,-0.2923420877374099,27.757777963853584,3293,463,1074,115,False,7.659361890601463
0.15,0.04,4467,586,-96,-7,33193.05999999997,5440.584999999992,549.9700000000012,849.25,0.4430266398029998,0.431740614334471,0.0020886604034819345,0.0067827728504912255,0.5323483322140139,0.5392491467576792,0.00046141571171276485,0.01311086682513285,10.31006358290725,12.334720613477526,0.16146472799858635,1.8951847853582908,1.5178649398136275,3.278107047336469,-0.014326159974155539,0.08754032447755522,-12.879063709693494,-7.366207229730726,0.3832070252129629,-1.1079795049884655,3.3419346724478767,20.227080040169618,0.1487399981550901,0.8756737875100882,43.04098956008986,148.9968632282395,0.6919772803574844,27.8913561050949,3395,473,1072,113,False,7.561069271622731
0.28,0.03,4400,583,-163,-10,32265.619999999977,5314.269999999992,-377.46999999999025,722.9350000000004,0.44181818181818183,0.43739279588336194,0.000880202418663989,0.012434954399382192,0.5304545454545454,0.5403087478559176,-0.0014323710477557317,0.014170467923371288,10.325728305082421,12.13424441337081,0.17712945017375858,1.6947085852515755,1.5256813978967967,3.5404004655972,-0.006509701890986319,0.34983374273828627,-12.879063709693494,-6.843252918518827,0.3832070252129629,-0.5850251937765663,3.3059609375599806,21.150535476525437,0.11276626326719397,1.7991292238659078,42.577681536593026,144.73846362796868,0.22866925686064832,23.63295650482408,3263,461,1137,122,False,7.315997901800092
0.25,0.18,4264,568,-299,-25,32943.68499999998,5072.754999999994,300.5950000000157,481.4200000000019,0.44183864915572235,0.43661971830985913,0.0009006697562045085,0.01166187682587938,0.5302532833020638,0.5440140845070423,-0.00163363320023735,0.01787580457449589,10.54954347586123,11.890656464851705,0.40094462095256667,1.4511206367324707,1.5323268255274303,3.1821035390553787,0.0001357257396472633,-0.008463183803534946,-13.61300348311969,-7.223219775775991,-0.3507327482132343,-0.9649920510337306,3.191073319451715,19.163688456681946,-0.0021213548410714544,-0.18771779597758353,43.440092212586514,138.4235334371151,1.0910799328541358,17.318026313970506,3399,473,865,95,False,7.2344072959228685
0.2,0.4,4119,563,-444,-30,32082.379999999986,5098.769999999993,-560.7099999999809,507.4350000000013,0.4442825928623452,0.43872113676731794,0.003344613462827384,0.013763295283338195,0.532168001942219,0.5452930728241563,0.00028108543991789414,0.01915479289160993,10.393900580709628,12.070848827992927,0.24530172580096554,1.6313129998736926,1.4497601713838604,2.987010867208237,-0.08243092840392263,-0.2035558556506767,-14.178483721028279,-9.994872025213153,-0.9162129861218222,-3.7366443004708927,3.0308816396778084,13.936727395895252,-0.16231303461497815,-5.414678856764278,42.9733059885353,139.29580677225522,0.6242937088029237,18.190299649110614,3546,489,573,74,False,7.131107929437015
0.3,0.07,4330,575,-233,-18,31825.25999999999,5238.244999999992,-817.8299999999763,646.9099999999999,0.4415704387990762,0.44,0.0006324593995583605,0.015042158516020254,0.5309468822170901,0.542608695652174,-0.0009400342852110555,0.016470415719627596,10.260228872966989,12.225636226147335,0.11163001805832629,1.7861003980281005,1.503010201834474,3.2684356894704236,-0.029180897953309026,0.07786896661151,-13.87349719176133,-7.851044278105402,-0.6112264568548742,-1.592816553363141,3.0460687042410233,18.111477346189478,-0.1471259700517633,-1.2399289064700518,42.25962561419991,142.1940105868365,-0.08938666553246577,21.088503463691893,3274,462,1056,113,False,7.041017467475937
0.28,0.18,4233,566,-330,-27,31648.91999999999,5232.404999999993,-994.1699999999764,641.0700000000015,0.4398771556815497,0.4416961130742049,-0.001060823717968118,0.016738271590225173,0.5277580911882825,0.5459363957597173,-0.0041288253140185915,0.019798115827170948,10.270708775781248,12.345871413733516,0.12210992087258532,1.906335585614281,1.4876009649195647,3.2246879087400067,-0.04459013486821828,0.03412118588109303,-13.571993187150412,-7.257080296497465,-0.309722452243955,-0.9988525717552044,3.1245671796999224,19.815551417683903,-0.06862749459286421,0.4641451650243731,42.40660447568112,143.80304775750625,0.0575921959487431,22.697540634361644,3361,469,872,97,False,7.02814106678799
0.15,0.4,4158,566,-405,-27,32561.94999999999,5078.554999999991,-81.13999999997759,487.21999999999935,0.4456469456469456,0.4363957597173145,0.004708966247427782,0.011437918233334732,0.5334295334295335,0.5424028268551236,0.0015426169272323431,0.016264546922577283,10.44680852429058,11.986886674460338,0.29820966938191695,1.5473508463411036,1.4547028104178403,2.8607872276166204,-0.07748828936994268,-0.3297794952422932,-14.473419274087373,-11.097726711144052,-1.2111485391809165,-4.839498986401791,2.9794891361047133,12.49065356163153,-0.21370553818807325,-6.860752691027999,43.12339548943189,138.61785967056483,0.7743832096995149,17.51235254742022,3594,492,564,74,False,6.9879631007834675
0.3,0.08,4322,575,-241,-18,31818.469999999994,5238.244999999992,-824.6199999999735,646.9099999999999,0.44146228597871356,0.44,0.0005243065791957213,0.015042158516020254,0.5307727903748265,0.542608695652174,-0.001114126127474635,0.016470415719627596,10.261347679013094,12.225636226147335,0.11274882410443077,1.7861003980281005,1.498980931060139,3.2684356894704236,-0.03321016872764404,0.07786896661151,-14.366214782063869,-7.851044278105402,-1.1039440471574125,-1.592816553363141,2.9446171151646516,18.111477346189478,-0.24857755912813495,-1.2399289064700518,42.303001927396686,142.1940105868365,-0.04601035233569206,21.088503463691893,3277,462,1045,113,False,6.987204674995006
0.4,0.01,4281,573,-282,-20,31897.819999999992,5068.399999999992,-745.269999999975,477.0650000000005,0.43961691193646346,0.44153577661431065,-0.0013210674630543817,0.0165779351303309,0.5297827610371408,0.5357766143106457,-0.0021041554651602956,0.009638334378099356,10.809868695174924,11.762783707184553,0.6612698402662609,1.3232478790653186,1.6277315547659341,4.0188215097650275,0.09554045497815111,0.8282547869061139,-14.309160584081926,-6.72367134880928,-1.0468898491754697,-0.465443624067019,2.9610076664753593,20.310306721848843,-0.2321870078174273,0.958900469189313,42.369534190293614,136.5598273912236,0.020521910561235757,15.454320268078988,3031,434,1250,139,False,6.958300059033674
0.01,0.04,4505,588,-58,-5,33352.80499999997,5408.039999999992,709.7150000000038,816.7049999999999,0.4428412874583796,0.4302721088435374,0.0019033080588617413,0.005314267359557645,0.5329633740288569,0.532312925170068,0.0010764575265557186,0.006174645237521648,10.347686855131156,12.351277039059006,0.19908800022249373,1.9117412109397716,1.5316147951525312,3.2732014933403963,-0.0005763046352518231,0.08263477048148271,-13.367138011361368,-6.586927316204349,-0.10486727645491101,-0.3286995914620885,3.222133512253019,22.45295894280703,0.028938837960232444,3.1015526901475,43.07070334931864,147.89600858999034,0.7216910695862637,26.79050146684574,3452,476,1053,112,False,6.861162613505501
0.05,0.04,4499,588,-64,-5,33210.43499999997,5408.039999999992,567.3450000000012,816.7049999999999,0.4432096021338075,0.4302721088435374,0.0022716227342896578,0.005314267359557645,0.5330073349633252,0.532312925170068,0.0011204184610240642,0.006174645237521648,10.298870165788852,12.351277039059006,0.1502713108801892,1.9117412109397716,1.5237459361072816,3.2732014933403963,-0.00844516368050141,0.08263477048148271,-13.040979139396757,-6.586927316204349,0.22129159550969923,-0.3286995914620885,3.2939115483792842,22.45295894280703,0.10071687408649765,3.1015526901475,42.95583178943232,147.89600858999034,0.6068195096999389,26.79050146684574,3443,476,1056,112,False,6.7437549954566745
0.02,0.04,4503,588,-60,-5,33245.78499999997,5408.039999999992,602.6949999999997,816.7049999999999,0.4428159005107706,0.4302721088435374,0.0018779211112527339,0.005314267359557645,0.5329780146568954,0.532312925170068,0.0010910981545942944,0.006174645237521648,10.309378556217476,12.351277039059006,0.16077970130881347,1.9117412109397716,1.5246334468412643,3.2732014933403963,-0.007557652946518667,0.08263477048148271,-13.263153242144277,-6.586927316204349,-0.0008825072378204624,-0.3286995914620885,3.240886981994218,22.45295894280703,0.04769230770143151,3.1015526901475,42.9843806826598,147.89600858999034,0.6353684029274191,26.79050146684574,3448,476,1055,112,False,6.706177313049666
0.04,0.04,4501,588,-62,-5,33183.784999999974,5408.039999999992,540.695000000007,816.7049999999999,0.4432348367029549,0.4302721088435374,0.0022968573034370388,0.005314267359557645,0.5329926682959343,0.532312925170068,0.0011057517936331474,0.006174645237521648,10.289401525287142,12.351277039059006,0.14080267037847882,1.9117412109397716,1.5209879191854,3.2732014933403963,-0.0112031806023829,0.08263477048148271,-13.60985676075921,-6.586927316204349,-0.34758602585275256,-0.3286995914620885,3.1546472645311074,22.45295894280703,-0.03854740976167914,3.1015526901475,42.93429740098924,147.89600858999034,0.5852851212568595,26.79050146684574,3446,476,1055,112,False,6.701495370931065
0.18,0.05,4447,584,-116,-9,32940.754999999976,5295.709999999993,297.66500000000815,704.3750000000009,0.4427704070159658,0.4315068493150685,0.0018324276164479736,0.006549007831088749,0.5315943332583765,0.541095890410959,-0.00029258324392467117,0.014957610478412597,10.255980159523219,12.048599285007507,0.10738130461455597,1.609063456888272,1.509507117980492,3.332157699782803,-0.02268398180729103,0.14159097692388922,-12.879063709693494,-7.428466748102358,0.3832070252129629,-1.1702390233600974,3.3298701363409897,19.40050422188465,0.13667546204820313,0.04909796922511944,42.88560963094137,144.11600050868952,0.5365973512089894,23.01049338554492,3392,473,1055,111,False,6.693845241139239
0.12,0.04,4479,587,-84,-6,32764.599999999973,5433.414999999992,121.51000000000568,842.0799999999999,0.4425094887251619,0.43100511073253833,0.0015715093256440382,0.006047269248558584,0.5320384014288904,0.5383304940374787,0.0001514849265892293,0.01219221410493232,10.172366671523417,12.33836231366702,0.02376781661475391,1.8988264855477848,1.4985115246321048,3.289917139997727,-0.03367957515567821,0.09935041713881354,-13.119792549872678,-7.342428932340262,0.14247818503377907,-1.0842012075980012,3.2503053977162626,20.25952385641063,0.057110723423476006,0.9081176037511014,42.64333254176877,148.75411411874717,0.2943202620363934,27.648606995602563,3416,474,1063,113,False,6.6003221784970885
0.03,0.04,4501,588,-62,-5,33136.59499999997,5408.039999999992,493.50500000000466,816.7049999999999,0.44301266385247723,0.4302721088435374,0.0020746844529593855,0.005314267359557645,0.5329926682959343,0.532312925170068,0.0011057517936331474,0.006174645237521648,10.271823031719256,12.351277039059006,0.12322417681059328,1.9117412109397716,1.5188179633981838,3.2732014933403963,-0.01337313638959925,0.08263477048148271,-13.60985676075921,-6.586927316204349,-0.34758602585275256,-0.3286995914620885,3.151843687849274,22.45295894280703,-0.04135098644351265,3.1015526901475,42.89614112393168,147.89600858999034,0.5471288441992996,26.79050146684574,3446,476,1055,112,False,6.589982172646338
0.06,0.04,4496,588,-67,-5,33046.894999999975,5408.039999999992,403.80500000000757,816.7049999999999,0.44283807829181493,0.4302721088435374,0.0019000988922970863,0.005314267359557645,0.5329181494661922,0.532312925170068,0.001031232963891071,0.006174645237521648,10.254516181223039,12.351277039059006,0.10591732631437623,1.9117412109397716,1.5181168566582262,3.2732014933403963,-0.014074243129556852,0.08263477048148271,-13.040979139396757,-6.586927316204349,0.22129159550969923,-0.3286995914620885,3.2875531001001224,22.45295894280703,0.09435842580733578,3.1015526901475,42.872911398064836,147.89600858999034,0.5238991183324586,26.79050146684574,3440,476,1056,112,False,6.446690690916041
0.3,0.18,4207,565,-356,-28,31394.894999999997,5157.939999999993,-1248.1949999999706,566.6050000000014,0.43950558592821487,0.4424778761061947,-0.001432393471302973,0.017520034622214964,0.5279296410743998,0.5451327433628319,-0.003957275427901363,0.018994463430285546,10.272361307198421,12.16439625168092,0.12376245228975868,1.724860423561685,1.4718616432994496,3.1830062303803937,-0.06032945648833343,-0.007560492478519976,-14.195197846949736,-7.191328013255404,-0.9329271120432789,-0.9331002885131436,2.9721945094903375,19.64672120353239,-0.2210001648024491,0.29531495087286075,42.190889101833065,141.2860165595814,-0.15812317789931285,20.180509436436807,3330,468,877,97,False,6.390710696608959
0.28,0.07,4351,576,-212,-17,31808.18499999999,5203.179999999991,-834.904999999977,611.8449999999993,0.44196736382440815,0.4375,0.0010293844248903117,0.012542158516020252,0.5299931050333256,0.5416666666666666,-0.0018938114689754926,0.01552838673412027,10.187278549763754,12.146799605283503,0.03867969485509093,1.7072637771642682,1.5093598014842944,3.269966031502758,-0.022831298303488623,0.07939930864384426,-13.26596413659903,-7.403015676945746,-0.0036934016925727065,-1.144787952203485,3.184489015260223,19.049686257674104,-0.008705659032563595,-0.3017199949854259,42.24531706983568,141.02512600645932,-0.10369520989669923,19.919618883314712,3304,464,1047,112,False,6.253541314355427
0.28,0.08,4343,576,-220,-17,31803.604999999992,5203.179999999991,-839.4849999999751,611.8449999999993,0.4418604651162791,0.4375,0.0009224857167612344,0.012542158516020252,0.5298180980888787,0.5416666666666666,-0.0020688184134224352,0.01552838673412027,10.189146796371546,12.146799605283503,0.040547941462882875,1.7072637771642682,1.5054172254983862,3.269966031502758,-0.026773874289396815,0.07939930864384426,-13.756554012619137,-7.403015676945746,-0.49428327771268066,-1.144787952203485,3.07420939269651,19.049686257674104,-0.11898528159627642,-0.3017199949854259,42.290527556730616,141.02512600645932,-0.05848472300176155,19.919618883314712,3306,464,1037,112,False,6.202492567778618
0.18,0.03,4472,588,-91,-5,32887.12999999997,5256.319999999992,244.04000000000087,664.9850000000006,0.44253130590339895,0.43197278911564624,0.0015933265038811095,0.0070149476316664905,0.5317531305903399,0.5391156462585034,-0.00013378591196122613,0.01297736632595703,10.23743234619249,11.830927077668804,0.08883349128382712,1.391391249549569,1.5143412872913624,3.322725272642484,-0.017849812496420592,0.13215854978357022,-12.879063709693494,-7.537297110210039,0.3832070252129629,-1.2790693854677784,3.3264755108903454,18.945477667130426,0.13328083659755885,-0.4059285855291037,42.84189003349197,142.79769407201098,0.4928777537595934,21.69218694886638,3370,471,1102,117,False,6.160923959183071
0.25,0.08,4365,577,-198,-16,32712.959999999977,5064.889999999992,69.8700000000099,473.5550000000003,0.4435280641466208,0.43327556325823224,0.002590084747102983,0.008317721774252496,0.531729667812142,0.5407279029462738,-0.00015724869015909526,0.01458962301372746,10.362369130701232,11.766330697525072,0.21377027579256946,1.3267948694058376,1.529483463478011,3.2088386632634545,-0.002707636309771999,0.018271940404540832,-13.79196224873278,-7.3551014553714715,-0.5296915138263234,-1.096873730629211,3.11757756438149,18.550950686186596,-0.07561710991129678,-0.8004555664729338,42.9975120754458,136.44412439049543,0.6484997957134198,15.338617267350827,3336,469,1029,108,False,6.154104552101907
0.25,0.12,4316,574,-247,-19,32608.749999999978,5003.524999999992,-34.33999999998923,412.1900000000005,0.4427710843373494,0.4355400696864111,0.0018331049378315645,0.010582228202431376,0.531047265987025,0.5418118466898955,-0.0008396505152761247,0.0156735667573491,10.390303897609419,11.677077615596287,0.24170504270075632,1.2375417874770527,1.5111209172117843,3.1765342844673996,-0.021070182575998686,-0.014032438391514024,-14.927077106260745,-7.365155189038919,-1.6648063713542882,-1.1069274642966587,2.8780871634210197,18.251630291138024,-0.3151075108717669,-1.0997759615215053,42.96142900692483,134.42608954719515,0.6124167271924534,13.320582424050542,3364,471,952,103,False,6.12989828785053
0.25,0.07,4373,577,-190,-16,32645.00999999998,5064.889999999992,1.9200000000128057,473.5550000000003,0.4436313743425566,0.43327556325823224,0.002693394943038774,0.008317721774252496,0.5316716213126,0.5407279029462738,-0.0002152951897010924,0.01458962301372746,10.337501508508424,11.766330697525072,0.18890265359976155,1.3267948694058376,1.530816450845939,3.2088386632634545,-0.0013746489418440255,0.018271940404540832,-13.313828618626832,-7.3551014553714715,-0.05155788372037584,-1.096873730629211,3.2215810537028458,18.550950686186596,0.02838637941005917,-0.8004555664729338,42.891578030014934,136.44412439049543,0.5425657502825558,15.338617267350827,3334,469,1039,108,False,6.082677480976056
0.22,0.05,4415,582,-148,-11,32745.684999999976,5201.339999999993,102.59500000000844,610.005000000001,0.44235560588901474,0.43127147766323026,0.0014176264894968926,0.006313636179250515,0.5313703284258211,0.5412371134020618,-0.000516588076480029,0.01509883346951546,10.285718369132866,11.875238014350709,0.137119514224203,1.4357021862314738,1.5211027520871216,3.3393203548086055,-0.01108834770066136,0.14875363194969182,-12.933260336763496,-7.361960292551362,0.3290103981429606,-1.103732567809101,3.3112525058580813,19.14760011928787,0.1180578315652947,-0.20380613337166054,42.82529069902306,140.96387177584901,0.47627841929067927,19.85836465270441,3347,471,1068,111,False,6.033281642667424
0.2,0.03,4455,587,-108,-6,32759.214999999975,5211.309999999992,116.12500000000728,619.9750000000004,0.4419753086419753,0.43270868824531517,0.0010373292424574743,0.007750846761335417,0.5315375982042648,0.5400340715502555,-0.0003493182980363052,0.013895791617709152,10.247763128102667,11.757057819580153,0.09916427319400434,1.317521991460918,1.5187073994025535,3.336820934770787,-0.013483700385229502,0.14625421191187327,-12.879063709693494,-7.440148736148466,0.3832070252129629,-1.1819210114062058,3.3260478500975075,18.991001272954037,0.1328531758047209,-0.3604049797054927,42.83638216289487,141.2958741191629,0.4873698831624935,20.190366996018298,3342,470,1113,117,False,6.006436718712399
0.2,0.05,4429,583,-134,-10,32474.659999999978,5250.699999999993,-168.42999999998938,659.3650000000016,0.4418604651162791,0.4322469982847341,0.0009224857167612344,0.0072891568007543706,0.5310453827048995,0.5420240137221269,-0.0008415337974015946,0.01588573378958058,10.159340164986276,11.97444333103301,0.010741310077612809,1.534907502913775,1.498924792308102,3.3460596195094854,-0.03326630747968107,0.15549289665057175,-12.879063709693494,-7.333465592181144,0.3832070252129629,-1.075237867438883,3.307892086373355,19.446454972547198,0.11469741208056838,0.09504871988766794,42.60255292519337,142.60990843107479,0.2535406454609941,21.50440130793018,3364,472,1065,111,False,5.975411211481724
0.4,0.02,4258,571,-305,-22,32129.024999999994,4878.889999999992,-514.0649999999732,287.5550000000003,0.4405824330671677,0.4395796847635727,-0.0003555463323501318,0.014621843279592928,0.5312353217472991,0.5341506129597198,-0.0006515947550019829,0.008012333027173413,10.8927730749872,11.364610982156044,0.7441742200785377,0.9250751540368096,1.6315223043553329,3.8371329351436496,0.09933120456754985,0.646566212284736,-14.309160584081926,-7.538842870156548,-1.0468898491754697,-1.2806151454142878,2.98144764053763,17.29114862131182,-0.2117470337551568,-2.06025763134771,42.66201306148511,130.35525250059385,0.31300078175273427,9.249745377449244,3041,435,1217,136,False,5.95192477437822
0.25,0.1,4338,575,-225,-18,32393.68999999998,5058.294999999993,-249.3999999999869,466.96000000000095,0.44306131857999076,0.43478260869565216,0.0021233391804729163,0.009824767211672414,0.5306592899953896,0.5408695652173913,-0.00122762650691155,0.014731285284844908,10.297646933051075,11.779077173139758,0.14904807814241217,1.339541345020523,1.50463114403552,3.204211137671459,-0.027559955752263,0.013644414812545413,-14.87008786566506,-7.3551014553714715,-1.6078171307586029,-1.096873730629211,2.873787092878255,18.521404365313142,-0.3194075814145316,-0.8300018873463877,42.73346657831381,136.2268082028382,0.38445429858143143,15.121301079693609,3353,469,985,106,False,5.841710565007588
0.28,0.35,4068,559,-495,-34,30532.659999999996,5109.719999999991,-2110.429999999971,518.3849999999993,0.44198623402163223,0.44364937388193204,0.0010482546221143862,0.018691532397952293,0.5287610619469026,0.5456171735241503,-0.0031258545553984884,0.01947889359160393,10.144192128679743,12.227703320039245,-0.0044067262289200215,1.7881674919200101,1.4298076811846683,3.0125961879170196,-0.10238341860311473,-0.17797053494189408,-14.40456973609454,-8.749138674222634,-1.1422990011880838,-2.490910949480373,2.9046781836474382,15.963109535024195,-0.28851649064534834,-3.3882967176353347,41.84063945726195,139.66345899373226,-0.5083728224704274,18.557951870587658,3430,477,638,82,False,5.829167459365955
0.25,0.35,4106,561,-457,-32,31733.884999999984,4950.069999999993,-909.2049999999836,358.7350000000015,0.4439844130540672,0.4385026737967914,0.003046433654549374,0.013544832312811672,0.5311738918655626,0.5436720142602496,-0.0007130246367385018,0.01753373432770322,10.382439564782674,11.766849474171876,0.23384070987401095,1.327313646052641,1.4646720605392416,2.947025473707249,-0.06751903924854141,-0.24354124915166464,-14.42411990113902,-9.247492333199004,-1.1618491662325638,-2.989264608456743,2.9657406912638553,14.526381506507768,-0.22745398302893127,-4.825024746151762,42.77819932647677,134.33260161055438,0.4291870467443957,13.227094487409772,3471,481,635,80,False,5.806059293636112
0.22,0.03,4441,586,-122,-7,32838.57999999998,5161.949999999993,195.49000000001251,570.6150000000016,0.44224273812204457,0.431740614334471,0.001304758722526722,0.0067827728504912255,0.5314118441792389,0.5392491467576792,-0.0004750723230622089,0.01311086682513285,10.317504129300877,11.658676187634667,0.16890527439221437,1.219140359515432,1.5275255266167873,3.3289936142992285,-0.004665573170995696,0.13842689144031484,-13.309131452890188,-7.469480174592968,-0.0468607179837317,-1.2112524498507078,3.223455260133641,18.696685412290602,0.030260585840854226,-0.6547208403689275,42.901389789628965,139.6545210177062,0.5523775098965871,18.549013894561597,3323,469,1118,117,False,5.708389704261231
0.18,0.18,4323,572,-240,-21,32429.419999999984,5145.4149999999945,-213.6699999999837,554.0800000000027,0.4402035623409669,0.4353146853146853,-0.0007344170585509291,0.010356843830705564,0.5292620865139949,0.5437062937062938,-0.0026248299883062653,0.017568013773747393,10.206007042805817,11.936224179703038,0.057408187897154406,1.4966883515838028,1.4738935791316439,3.1010103237299838,-0.058297520656139135,-0.08955639912892988,-13.36546640791666,-7.3776971252099806,-0.10319567301020349,-1.11946940046772,3.195808002786754,19.093221665776174,0.0026133284939673374,-0.2581845868833561,42.71346450739759,140.8640065945938,0.3644522276652111,19.7584994714492,3476,478,847,94,False,5.706757789751481
0.25,0.09,4349,576,-214,-17,32326.974999999984,5068.229999999993,-316.1149999999834,476.89500000000135,0.4426304897677627,0.4340277777777778,0.0016925103682448595,0.009069936293798042,0.5309266498045527,0.5416666666666666,-0.000960266697748402,0.01552838673412027,10.274883460698609,11.78806724010327,0.12628460578994627,1.3485314119840357,1.5115867640241194,3.2110303262612065,-0.020604335763663606,0.020463603402292918,-14.452513148087675,-7.3551014553714715,-1.1902424131812186,-1.096873730629211,2.9529882954045035,18.56591968003483,-0.2402063788882831,-0.7854865726246985,42.6781021654826,136.55422285893403,0.32908988575022136,15.44871573578942,3342,469,1007,107,False,5.670366973882749
0.08,0.04,4491,587,-72,-6,32696.784999999967,5355.619999999992,53.69499999999971,764.2849999999999,0.4422177688710755,0.43100511073253833,0.0012797894715576574,0.006047269248558584,0.5321754620351815,0.5332197614991482,0.0002885455328803799,0.007081481566601822,10.136731288947312,12.218797704546468,-0.01186756596135119,1.779261876427233,1.5007230836143668,3.2484468927728725,-0.03146801617341621,0.057880169913958834,-13.76321731133251,-7.378177372083583,-0.5009465764260526,-1.119949647341322,3.0943354259528015,19.805466002266023,-0.09885924833998505,0.4540597496064933,42.58801090154305,146.12824110148986,0.23899862181067277,25.022733978345258,3429,475,1062,112,False,5.596245943241217
0.3,0.09,4305,574,-258,-19,31493.264999999996,5136.344999999992,-1149.8249999999716,545.0100000000002,0.44065040650406506,0.43902439024390244,-0.0002875728954527812,0.014066548759922692,0.5300813008130081,0.5418118466898955,-0.0018056156892930497,0.0156735667573491,10.191906419973236,12.000637841525567,0.04330756506457334,1.561102013406332,1.4833312041876614,3.2498780806733722,-0.048859895600121606,0.05931135781445862,-15.050392866290697,-7.918634395504698,-1.78812213138424,-1.6604066707624376,2.792573666452346,17.528956399291456,-0.4006210078404404,-1.8224498533680737,42.029330788165645,138.8053970607315,-0.3196814915667332,17.699889937586903,3281,463,1024,111,False,5.586492777324433
0.28,0.3,4114,559,-449,-34,31668.944999999996,4914.604999999991,-974.1449999999713,323.2699999999995,0.4419056878949927,0.4400715563506261,0.0009677084954748394,0.015113714866646366,0.5294117647058824,0.5438282647584973,-0.002475151796418773,0.017689984825950966,10.455689099582644,11.790515009824198,0.30709024467398116,1.3509791817049628,1.485229480455074,2.9603961081756873,-0.046961619332708926,-0.2301706146832263,-14.326613864466397,-8.861741990052153,-1.0643431295599406,-2.603514265309892,2.978556494312071,15.026050377957944,-0.21463817998071555,-4.325355874701586,42.672628767507746,133.15698157898893,0.323616487775368,12.051474455844328,3417,473,697,86,False,5.564100465006382
0.2,0.18,4305,571,-258,-22,32131.574999999983,5100.404999999994,-511.51499999998487,509.07000000000244,0.4399535423925668,0.436077057793345,-0.0009844370069510555,0.011119216309365243,0.5293844367015099,0.5446584938704028,-0.002502479800791213,0.01852021393785641,10.15815628984778,11.860339546185015,0.00955743493911676,1.4208037180657804,1.4737451871284097,3.1177699309399,-0.05844591265937327,-0.07279679191901378,-13.319679437896593,-7.283690241060691,-0.05740870299013601,-1.0254625163184308,3.195645944571768,19.131879481153106,0.002451270278981621,-0.2195267715064233,42.564979578710215,139.35068387002417,0.21596729897783717,18.245176746879565,3447,477,858,94,False,5.423618947554514
0.3,0.1,4291,573,-272,-20,31334.649999999994,5126.409999999992,-1308.4399999999732,535.0749999999998,0.4409228618037753,0.4397905759162304,-1.5117595742519807e-05,0.014832734432250638,0.5297133535306455,0.5410122164048866,-0.002173562971655607,0.014873936472340255,10.152679076823281,11.99186321480208,0.0040802219146183205,1.5523273866828458,1.4688178305669202,3.2428411424662023,-0.06337326922086284,0.052274419607288625,-15.48445113967951,-7.918634395504698,-2.222180404773054,-1.6604066707624376,2.705634431771446,17.48740332237131,-0.48756024252134056,-1.864002930288219,41.895264160599496,138.4763534365926,-0.45374811913288227,17.370846313448,3290,463,1001,110,False,5.423001317713527
0.28,0.12,4291,572,-272,-21,31580.264999999996,5082.644999999991,-1062.8249999999716,491.3099999999995,0.4409228618037753,0.4388111888111888,-1.5117595742519807e-05,0.013853347327209053,0.5290142158005127,0.541958041958042,-0.0028727007017884665,0.01581976202549562,10.18378218884985,11.931153165579708,0.035183333941187556,1.4916173374604735,1.4827317817281034,3.21852961351307,-0.049459318059679624,0.027962890654156247,-14.921114401055313,-7.448998078909963,-1.6588436661488561,-1.190770354167702,2.824964306031557,18.395722469167577,-0.36823036826122957,-0.9556837834919527,42.15161558919469,137.0297013329901,-0.19739669053768694,15.924194209845496,3331,466,960,106,False,5.4212556150725275
0.15,0.05,4457,585,-106,-8,32976.794999999984,5185.914999999992,333.7050000000163,594.5799999999999,0.4428988108593224,0.42905982905982903,0.0019608314598045795,0.004101987575849286,0.53219654476105,0.5384615384615384,0.0003096282587489174,0.012323258528992076,10.241178981716688,11.807015203204182,0.0925801268080253,1.3674793750849474,1.5065401142641581,3.184031086235668,-0.02565098552362488,-0.006535636623245633,-12.879063709693494,-7.357732669906625,0.3832070252129629,-1.0995049451643641,3.3283034542581977,19.088854580261923,0.13510877996541115,-0.26255167239760624,42.865432232584254,140.45068897628985,0.5164199528518765,19.34518185314525,3409,474,1048,111,False,5.420218221029382
0.18,0.06,4441,583,-122,-10,32365.39499999998,5227.129999999993,-277.6949999999888,635.795000000001,0.44224273812204457,0.4322469982847341,0.001304758722526722,0.0072891568007543706,0.5307363206485026,0.5403087478559176,-0.0011505958537985084,0.014170467923371288,10.071051623396983,11.975286665470755,-0.07754723151168008,1.5357508373515198,1.4852071325111091,3.1222625861199815,-0.046983967276673866,-0.0683041367389321,-13.019316121012537,-7.5406138486250445,0.2429546138939198,-1.2823861238827838,3.257802338308427,18.807908285471374,0.06460766401564033,-0.5434979671881557,42.41435850221124,141.82317368109517,0.06534622247886546,20.717666557950565,3399,474,1042,109,False,5.333636298279116
0.22,0.18,4289,570,-274,-23,32355.909999999985,5051.044999999994,-287.1799999999821,459.71000000000186,0.4401958498484495,0.43508771929824563,-0.0007421295510683379,0.010129877814265886,0.5292608999766846,0.543859649122807,-0.002626016525616559,0.017721369190260683,10.275661357009719,11.759050791616144,0.1270625021010563,1.3195149634969088,1.4963362911516558,3.112968618303745,-0.03585480863612722,-0.07759810455516858,-13.881709900868277,-7.3117987015423935,-0.6194391659618201,-1.053570976800133,3.0833057731315385,18.832150276122213,-0.10988890116124805,-0.5192559765373161,42.801556278284394,137.69689193620164,0.45254399855201655,16.591384813057033,3429,476,860,94,False,5.320992227625686
0.3,0.35,4037,558,-526,-35,30322.659999999996,5035.254999999992,-2320.429999999971,443.9200000000001,0.4416646024275452,0.4444444444444444,0.00072662302802734,0.019486602960464672,0.5291057716125837,0.5448028673835126,-0.0027811448897174795,0.01866458745096622,10.175594480949094,12.04370771461468,0.026995626040431375,1.604171886495445,1.4127707886193837,2.965090273490706,-0.11942031116839935,-0.22547644936820754,-15.220419174385235,-8.685253793695868,-1.9581484394787783,-2.427026068953607,2.736898631344914,15.793335862907918,-0.4562960429478724,-3.5580703897516113,41.656744406870835,137.169130218434,-0.6922678728615423,16.063623095289387,3396,476,641,82,False,5.2839518841876005
0.25,0.3,4150,561,-413,-32,32673.22999999999,4754.954999999993,30.140000000021246,163.6200000000008,0.4436144578313253,0.43493761140819964,0.002676478431807461,0.009979769924219895,0.531566265060241,0.5418894830659536,-0.0003206514420601714,0.015751203133407277,10.628906192308422,11.331419882052009,0.4803073373997595,0.8918840539327739,1.5144430098427837,2.9055709027662293,-0.017748089944999323,-0.2849958200926843,-14.348091708360133,-9.36596303787569,-1.0858209734536768,-3.10773531313343,3.0296756749547926,13.656194248449717,-0.16351899933799396,-5.695212004209813,43.47006443083925,127.90341056903065,1.1210521511068734,6.79790344588605,3457,477,693,84,False,5.208195771457665
0.18,0.07,4427,581,-136,-12,32418.70499999998,5137.549999999992,-224.38499999998749,546.2150000000001,0.44273774565168283,0.43201376936316693,0.0017997662521649915,0.007055927879187185,0.5310594081770951,0.540447504302926,-0.0008275083252060611,0.014309224370379625,10.09228678468721,11.812770728250497,-0.056312070221451904,1.373234900131262,1.4895658688171032,3.1304336337785275,-0.04262523097067983,-0.06013308908038617,-13.29077647034046,-7.5111617122929015,-0.028505735434002588,-1.252933987550641,3.194563147594957,18.48519945457048,0.001368473302170603,-0.8662067980890491,42.458224715071815,138.84532238726743,0.10921243533943681,17.739815264122825,3409,474,1018,107,False,5.158278024407204
0.25,0.2,4250,567,-313,-26,32249.99999999998,4904.264999999994,-393.0899999999856,312.9300000000021,0.44141176470588234,0.43562610229276894,0.0004737853063644937,0.010668260808789187,0.5294117647058824,0.5432098765432098,-0.002475151796418773,0.017071596610663486,10.331254289873142,11.544477734768174,0.1826554349644791,1.1049419066489392,1.4925257934106955,3.1092188260868925,-0.03966530637708754,-0.08134789677202114,-14.952987746565128,-6.727234741980936,-1.6907170116586716,-0.46900701723867577,2.8665176515507826,19.742853671816576,-0.32667702274200394,0.3914474191570463,42.8630033189515,132.81481112689036,0.5139910392191211,11.709304003745757,3415,475,835,92,False,5.090646362740288
0.25,0.15,4291,570,-272,-23,32230.88499999998,4996.894999999993,-412.2049999999872,405.5600000000013,0.44115590771381963,0.43508771929824563,0.00021792831430178516,0.010129877814265886,0.529247261710557,0.5421052631578948,-0.002639654791744106,0.015966983225348397,10.288754275796924,11.692759673288476,0.14015542088826116,1.2532238451692415,1.4964443388488229,3.1409746976505657,-0.03574676093896012,-0.049592025208347934,-14.546194544534751,-7.266844524270722,-1.2839238096282948,-1.0086167995284612,2.935297107135675,18.69994215414028,-0.25789756715711176,-0.6514640985192486,42.69740276640559,135.88957224699354,0.3483904866732104,14.784065123848933,3386,473,905,97,False,5.063781465700355
0.12,0.4,4179,567,-384,-26,32411.14499999999,4908.264999999992,-231.94499999997788,316.9300000000003,0.44508255563531945,0.43386243386243384,0.004144576235801611,0.00890459237845409,0.5336204833692271,0.5396825396825397,0.0017335668669259396,0.013544259749993293,10.37642090475608,11.628319921686005,0.2278220498474166,1.1887840935667704,1.4506336904812103,2.771417144153816,-0.08155740930657274,-0.4191495787050976,-14.830678842645417,-11.466863044800913,-1.5684081077389607,-5.208635320058653,2.892480345853734,11.594029407402292,-0.30071432843905255,-7.757376845257237,42.897447068020675,132.94714735207637,0.5484347882882972,11.841640228931766,3616,493,563,74,False,5.052525981260788
0.18,0.08,4419,581,-144,-12,32402.77499999998,5137.549999999992,-240.31499999998778,546.2150000000001,0.44240778456664404,0.43201376936316693,0.0014698051671261925,0.007055927879187185,0.5308893414799728,0.540447504302926,-0.0009975750223283342,0.014309224370379625,10.091041426810847,11.812770728250497,-0.057557428097815944,1.373234900131262,1.4842028047121107,3.1304336337785275,-0.04798829507567226,-0.06013308908038617,-13.774756480848026,-7.5111617122929015,-0.5124857459415697,-1.252933987550641,3.0849294575071142,18.48519945457048,-0.10826521678567236,-0.8662067980890491,42.49415203775511,138.84532238726743,0.14513975802272938,17.739815264122825,3412,474,1007,107,False,5.0472590312014685
0.1,0.04,4483,587,-80,-6,32773.07499999997,5230.994999999993,129.98500000000058,639.6600000000008,0.4423377202766005,0.43100511073253833,0.001399740877082667,0.006047269248558584,0.5320098148561231,0.5332197614991482,0.00012289835382195413,0.007081481566601822,10.172413841267305,11.91525831033684,0.023814986358642543,1.4757224822176056,1.4973701407521527,3.1605259384937066,-0.03482095903563032,-0.030040784365207074,-13.617028447885925,-7.381187571152514,-0.35475771297946856,-1.1229598464102537,3.132125464813379,19.23160589568192,-0.061069209479407416,-0.11980035697760982,42.65024155671171,141.9520904105108,0.30122927697933477,20.8465832873662,3420,475,1063,112,False,5.04477726402319
0.18,0.12,4371,578,-192,-15,32337.059999999987,5076.184999999993,-306.02999999998065,484.8500000000013,0.4413177762525738,0.4342560553633218,0.000379796853055947,0.009298213879342043,0.5303134294211851,0.5415224913494809,-0.0015734870811160429,0.015384211416934579,10.13068138065232,11.72464758624495,-0.01791747425634327,1.2851117581257157,1.468339234371997,3.099477285432186,-0.06385186541578602,-0.09108943742672748,-14.923679991725724,-7.5213343119054805,-1.661409256819267,-1.2631065871632199,2.8470898437140026,18.190463400815887,-0.34610483057878394,-1.160942851843643,42.48905773528018,136.8165565260174,0.14004545554779924,15.711049402872789,3441,476,930,102,False,5.0172451769672115
0.01,0.05,4497,587,-66,-6,33232.88999999997,5153.369999999993,589.8000000000029,562.0350000000008,0.4431843451189682,0.42759795570698467,0.0022463657194503606,0.002640114223004919,0.5330220146764509,0.5315161839863713,0.0011350981741498067,0.005377904053824989,10.305507059418183,11.81973729177034,0.15690820450952003,1.3802014636511046,1.5254412063890421,3.1790769817986813,-0.0067498933987408805,-0.011489741060232372,-13.317441840107092,-6.579336990087281,-0.055171105200635395,-0.3211092653450205,3.2268936598895768,21.182956842980822,0.03369898559679019,1.8315505903212923,42.97396863978975,139.36981151644622,0.6249563600573751,18.264304393301614,3467,477,1030,110,False,4.954598723786096
0.28,0.2,4219,565,-344,-28,30938.534999999996,5063.914999999993,-1704.5549999999712,472.58000000000084,0.43944062574069687,0.4407079646017699,-0.0014973536588209768,0.01575012311779017,0.5269021095046219,0.5451327433628319,-0.004984806997679225,0.018994463430285546,10.043422491702827,11.999340783444026,-0.10517636320583534,1.5598049553247915,1.4464502356068059,3.152304391100171,-0.08574086418097715,-0.03826233175874272,-14.947642108808502,-6.202499540847095,-1.6853713739020453,0.055728183895165984,2.7964837744167346,22.269653269386144,-0.396710899876052,2.918247016726614,41.800838623071314,138.12751417819155,-0.5481736566610635,17.02200705504694,3377,471,842,94,False,4.948826737076266
0.04,0.4,4211,568,-352,-25,33059.18999999998,4850.109999999993,416.1000000000131,258.77500000000146,0.4462123011161244,0.43133802816901406,0.005274321716606578,0.006380186685034317,0.5350273094276894,0.5334507042253521,0.003140392925388258,0.007312424292805764,10.547499463519204,11.543140019872773,0.3989006086105409,1.1036041917535382,1.475530090352193,2.734968436887871,-0.05666100943558994,-0.45559828597104257,-16.35318612687905,-11.129179177239157,-3.090915391972592,-4.870951452496897,2.652887057454472,11.62893898864095,-0.5403076168383145,-7.722467264018579,43.383155824141454,129.42054564576745,1.0341435444090763,8.315038522622842,3653,495,558,73,False,4.886940163062199
0.3,0.3,4085,558,-478,-35,31343.195,4840.139999999992,-1299.8949999999677,248.8050000000003,0.4416156670746634,0.44086021505376344,0.000677687675145533,0.01590237356978369,0.5297429620563036,0.543010752688172,-0.0021439544459975757,0.016872472755625645,10.438763377090629,11.606265475572137,0.290164522181966,1.166729647452902,1.4647253152860085,2.9194489458063093,-0.06746578450177454,-0.2711177770526043,-14.955140844220583,-8.797034897231503,-1.6928701093141267,-2.5388071724892427,2.83474919490839,14.85713252742224,-0.35844547938439675,-4.49427372523729,42.39407346789588,130.69871331652672,0.04506118816350124,9.593206193382116,3385,472,700,86,False,4.862253727798091
0.05,0.05,4491,587,-72,-6,33090.519999999975,5153.369999999993,447.43000000000757,562.0350000000008,0.44355377421509684,0.42759795570698467,0.002615794815578998,0.002640114223004919,0.533066132264529,0.5315161839863713,0.0011792157622279031,0.005377904053824989,10.256732932571758,11.81973729177034,0.10813407766309524,1.3802014636511046,1.5175570008730426,3.1790769817986813,-0.014634098914740434,-0.011489741060232372,-12.992871326329269,-6.579336990087281,0.269399408577188,-0.3211092653450205,3.2986439156439227,21.182956842980822,0.10544924135113609,1.8315505903212923,42.85885594734042,139.36981151644622,0.5098436676080453,18.264304393301614,3458,477,1033,110,False,4.837455482244929
0.01,0.4,4215,568,-348,-25,33103.64999999998,4850.109999999993,460.5600000000122,258.77500000000146,0.44555160142348754,0.43133802816901406,0.004613622023969699,0.006380186685034317,0.5347568208778173,0.5334507042253521,0.0028699043755161524,0.007312424292805764,10.571080699417985,11.543140019872773,0.42248184450932236,1.1036041917535382,1.4786710462341877,2.734968436887871,-0.05352005355359535,-0.45559828597104257,-16.12672520848526,-11.129179177239157,-2.864454473578805,-4.870951452496897,2.692405416183859,11.62893898864095,-0.5007892581089277,-7.722467264018579,43.41968229663449,129.42054564576745,1.0706700169021133,8.315038522622842,3658,495,557,73,False,4.800909479264857
0.28,0.09,4326,575,-237,-18,31478.399999999994,5101.2799999999925,-1164.6899999999732,509.9450000000006,0.44105409153952846,0.4365217391304348,0.00011611214001061576,0.011563897646455046,0.529126213592233,0.5408695652173913,-0.0027607029100681357,0.014731285284844908,10.119913243373619,11.921661154087115,-0.02868561153504423,1.4821253259678802,1.489425888608405,3.2517244130595007,-0.04276521117937793,0.061157690200587034,-14.434207393515464,-7.466748688885194,-1.1719366586090079,-1.2085209641429335,2.91091721690718,18.434411462451994,-0.2822774573856064,-0.9169947902075357,42.01678281419308,137.64511761763362,-0.33222946553929944,16.53961049448901,3310,465,1016,110,False,4.800128775845226
0.02,0.05,4495,587,-68,-6,33125.86999999997,5153.369999999993,482.7800000000061,562.0350000000008,0.44315906562847607,0.42759795570698467,0.0022210862289582245,0.002640114223004919,0.5330367074527252,0.5315161839863713,0.0011497909504241122,0.005377904053824989,10.26723810830896,11.81973729177034,0.11863925340029802,1.3802014636511046,1.51847294571057,3.1790769817986813,-0.013718154077213107,-0.011489741060232372,-13.214225834927518,-6.579336990087281,0.04804489997893846,-0.3211092653450205,3.245552586960812,21.182956842980822,0.052357912668025364,1.8315505903212923,42.8874648432334,139.36981151644622,0.5384525635010249,18.264304393301614,3463,477,1032,110,False,4.7996878378809695
0.04,0.05,4493,587,-70,-6,33063.86999999997,5153.369999999993,420.7800000000061,562.0350000000008,0.4435789005119074,0.42759795570698467,0.0026409211123895604,0.002640114223004919,0.5330514133095927,0.5315161839863713,0.0011644968072915818,0.005377904053824989,10.247273788000344,11.81973729177034,0.09867493309168118,1.3802014636511046,1.5148073550400956,3.1790769817986813,-0.017383744747687446,-0.011489741060232372,-13.559650373805955,-6.579336990087281,-0.29737963889949803,-0.3211092653450205,3.1591726250676904,21.182956842980822,-0.03402204922509622,1.8315505903212923,42.837276266416644,139.36981151644622,0.4882639866842666,18.264304393301614,3461,477,1032,110,False,4.795176491180236
0.01,0.07,4479,584,-84,-9,33436.96999999998,4995.209999999993,793.8800000000119,403.8750000000009,0.4442956016968073,0.4280821917808219,0.0033576222972894754,0.00312435029684216,0.5336012502790801,0.5308219178082192,0.0017143337767789868,0.00468363787567283,10.365384068715576,11.579529828263883,0.2167852138069133,1.1399940001446485,1.541157771065609,2.9865792133549682,0.008966671277826022,-0.2039875095039454,-13.589789275981756,-6.6519932298378155,-0.32751854107529965,-0.39376550509555486,3.1743301648601165,20.16738995021704,-0.01886450943267004,0.8159836975575097,43.13847803284141,134.15334141234294,0.7894657531090346,13.047834289198335,3483,478,996,106,False,4.739436019203207
0.18,0.1,4393,579,-170,-14,32093.574999999986,5130.954999999993,-549.5149999999812,539.6200000000008,0.4418392897791942,0.43350604490500866,0.0009013103796763344,0.00854820342102891,0.5299339858866379,0.540587219343696,-0.001952930615663262,0.014448939411149664,10.030432674478048,11.825496002205155,-0.11816618043061489,1.3859601740859198,1.4602327560690551,3.125998669855245,-0.07195834371872789,-0.06456805300366852,-14.866017861006764,-7.5111617122929015,-1.6037471261003073,-1.252933987550641,2.841294571663104,18.456113450822965,-0.35190010262968263,-0.8952928018365647,42.23873585072526,138.62685270955546,-0.11027642900711498,17.52134558641086,3429,474,964,105,False,4.738136591399306
0.05,0.4,4209,568,-354,-25,32981.95999999998,4850.109999999993,338.8700000000099,258.77500000000146,0.4459491565692564,0.43133802816901406,0.005011177169738534,0.006380186685034317,0.5348063673081492,0.5334507042253521,0.0029194508058481006,0.007312424292805764,10.523996221031368,11.543140019872773,0.375397366122705,1.1036041917535382,1.4755173731799194,2.734968436887871,-0.05667372660786363,-0.45559828597104257,-15.767591121195911,-11.129179177239157,-2.505320386289455,-4.870951452496897,2.7473847448119253,11.62893898864095,-0.4458099294808613,-7.722467264018579,43.319639308805606,129.42054564576745,0.9706270290732277,8.315038522622842,3650,495,559,73,False,4.716195966442335
0.18,0.35,4173,566,-390,-27,31785.09999999999,4969.049999999993,-857.9899999999761,377.71500000000106,0.4433261442607237,0.4363957597173145,0.002388164861205855,0.011437918233334732,0.5310328300982506,0.5424028268551236,-0.0008540864040504914,0.016264546922577283,10.192006407428282,11.673704335225745,0.043407552519619585,1.23416850710651,1.4331723801992917,2.839623329639471,-0.09901871958849129,-0.3509433932194428,-14.210840880879038,-10.261176180646581,-0.9485701459725817,-4.0029484559043205,2.9887212667622265,13.152785252589704,-0.2044734075305601,-6.198621000069826,42.47224235925724,134.9630467430331,0.12323007952485909,13.857539619888485,3553,487,620,79,False,4.711161897198999
0.03,0.05,4493,587,-70,-6,33016.67999999997,5153.369999999993,373.5900000000038,562.0350000000008,0.44335633207211217,0.42759795570698467,0.002418352672594326,0.002640114223004919,0.5330514133095927,0.5315161839863713,0.0011644968072915818,0.005377904053824989,10.229715844944536,11.81973729177034,0.08111699003587347,1.3802014636511046,1.5126644189966467,3.1790769817986813,-0.019526680791136286,-0.011489741060232372,-13.559650373805955,-6.579336990087281,-0.29737963889949803,-0.3211092653450205,3.1563527442069543,21.182956842980822,-0.03684193008583225,1.8315505903212923,42.79903966784928,139.36981151644622,0.4500273881169008,18.264304393301614,3461,477,1032,110,False,4.683630930078895
0.22,0.06,4409,581,-154,-12,32181.084999999985,5132.759999999993,-462.00499999998283,541.4250000000011,0.4418235427534588,0.43201376936316693,0.0008855633539409657,0.007055927879187185,0.5305057836244046,0.540447504302926,-0.0013811328778965404,0.014309224370379625,10.102851598540274,11.800457418427492,-0.04574725636838828,1.3609215903082568,1.4966661114703639,3.1350815570063664,-0.035524988317419126,-0.05548516585254726,-13.52504239587372,-7.472756822580151,-0.2627716609672639,-1.2145290978378904,3.131973131342552,18.55896545793295,-0.06122154295023474,-0.7924407947265806,42.36006938414538,138.68663574579782,0.011057104413005447,17.58112862265321,3354,472,1055,109,False,4.68343345876002
0.28,0.1,4313,574,-250,-19,31365.204999999998,5091.344999999992,-1277.8849999999693,500.0100000000002,0.44122420588917227,0.4372822299651568,0.00028622648965442865,0.012324388481177062,0.5286343612334802,0.5400696864111498,-0.003252555268820956,0.01393140647860347,10.09050056598443,11.912789130544635,-0.05809828892423319,1.4732533024254,1.4760032248223394,3.2442566170461378,-0.05618787496544364,0.05368989418722414,-14.862679999642737,-7.466748688885194,-1.60040926473628,-1.2085209641429335,2.820562668356505,18.39045592468413,-0.37263200593628154,-0.9609503279754001,41.921120358721176,137.31691266363617,-0.4278919210112022,16.21140554049157,3320,465,993,109,False,4.658121031171944
0.02,0.4,4213,568,-350,-25,32998.54999999998,4850.109999999993,355.4600000000137,258.77500000000146,0.4455257536197484,0.43133802816901406,0.004587774220230545,0.006380186685034317,0.534773320674104,0.5334507042253521,0.002886404171802859,0.007312424292805764,10.532214928928038,11.543140019872773,0.3836160740193755,1.1036041917535382,1.472400315719524,2.734968436887871,-0.059790784068258995,-0.45559828597104257,-15.996294167467063,-11.129179177239157,-2.7340234325606065,-4.870951452496897,2.708958104086635,11.62893898864095,-0.48423657020615174,-7.722467264018579,43.33329072031367,129.42054564576745,0.9842784405812921,8.315038522622842,3655,495,558,73,False,4.6479810315362275
0.18,0.09,4404,580,-159,-13,32042.249999999985,5140.889999999994,-600.839999999982,549.5550000000021,0.4416439600363306,0.43275862068965515,0.0007059806368127641,0.007800779205675401,0.5301998183469573,0.5413793103448276,-0.0016870981553438469,0.015241030412281198,10.011358219393129,11.834338732678862,-0.13724063551553378,1.3948029045596275,1.4681979394405902,3.1325426084587873,-0.06399316034719282,-0.058024114400126336,-14.443331787926795,-7.5111617122929015,-1.181061053020338,-1.252933987550641,2.921500541269946,18.49993521320968,-0.2716941330228404,-0.8514710394498479,42.19620163616955,138.95600505335977,-0.15281064356283025,17.85049793021517,3419,474,985,106,False,4.634401929864531
0.01,0.08,4471,584,-92,-9,33421.03999999997,4995.209999999993,777.9500000000044,403.8750000000009,0.4439722657123686,0.4280821917808219,0.0030342863128507425,0.00312435029684216,0.5334377096846343,0.5308219178082192,0.0015507931823331988,0.00468363787567283,10.364244086044605,11.579529828263883,0.2156452311359427,1.1399940001446485,1.5355753548740019,2.9865792133549682,0.003384255086218868,-0.2039875095039454,-14.075828265681277,-6.6519932298378155,-0.8135575307748208,-0.39376550509555486,3.067346431251139,20.16738995021704,-0.12584824304164766,0.8159836975575097,43.175441597641374,134.15334141234294,0.8264293179089961,13.047834289198335,3486,478,985,106,False,4.630413177327848
0.28,0.25,4160,560,-403,-33,31640.999999999993,4854.784999999993,-1002.0899999999747,263.4500000000007,0.4408653846153846,0.4392857142857143,-7.259478413323972e-05,0.014327872801734531,0.5288461538461539,0.5428571428571428,-0.003040762656147278,0.016718862924596456,10.369971452016896,11.627500652055026,0.22137259710823365,1.1879648239357916,1.4877319449824726,2.952264824518517,-0.044459154805310375,-0.2383018983403966,-14.323987201498445,-8.903414473089445,-1.0617164665919887,-2.645186748347184,2.966988731821162,14.733796121333082,-0.2262059424716245,-4.6176101313264475,42.49910862159643,131.1810936302261,0.15009634186404952,10.075586507081482,3401,472,759,88,False,4.628061194573617
0.05,0.07,4473,584,-90,-9,33294.59999999998,4995.209999999993,651.5100000000093,403.8750000000009,0.44466800804828976,0.4280821917808219,0.0037300286487719214,0.00312435029684216,0.5336463223787168,0.5308219178082192,0.001759405876415654,0.00468363787567283,10.316598985927637,11.579529828263883,0.16800013101897449,1.1399940001446485,1.5332716431107527,2.9865792133549682,0.001080543322969696,-0.2039875095039454,-13.263399104634166,-6.6519932298378155,-0.0011283697277093552,-0.39376550509555486,3.2437970597402535,20.16738995021704,0.05060238544746687,0.8159836975575097,43.023775017773815,134.15334141234294,0.6747627380414372,13.047834289198335,3474,478,999,106,False,4.622856633464572
0.2,0.06,4423,582,-140,-11,31899.29999999998,5182.119999999993,-743.7899999999863,590.7850000000008,0.44132941442459866,0.4329896907216495,0.00039143502508082184,0.008031849237669753,0.5301831336197151,0.5412371134020618,-0.0017037828825859913,0.01509883346951546,9.973581310561714,11.900439125680133,-0.17501754434694838,1.4609032975608987,1.4742619577835319,3.1439258845484344,-0.057929142004251144,-0.04664083831047927,-12.972407837461597,-7.443399695330144,0.28986289744485916,-1.1851719705878834,3.247363458717687,18.85220794556566,0.05416878442490036,-0.49919830709387014,42.12612318295572,140.32451887832394,-0.22288909677665458,19.219011755179338,3371,473,1052,109,False,4.621006208008848
0.02,0.07,4477,584,-86,-9,33329.949999999975,4995.209999999993,686.8600000000079,403.8750000000009,0.4442707169979897,0.4280821917808219,0.0033327375984718577,0.00312435029684216,0.5336162608889882,0.5308219178082192,0.0017293443866870373,0.00468363787567283,10.327098076439535,11.579529828263883,0.17849922153087228,1.1399940001446485,1.5342084492980688,2.9865792133549682,0.0020173495102857597,-0.2039875095039454,-13.484556331316899,-6.6519932298378155,-0.2222855964104422,-0.39376550509555486,3.1927103060165014,20.16738995021704,-0.0004843682762851742,0.8159836975575097,43.05228197105553,134.15334141234294,0.7032696913231504,13.047834289198335,3479,478,998,106,False,4.584623833444723
0.04,0.07,4475,584,-88,-9,33267.949999999975,4995.209999999993,624.8600000000079,403.8750000000009,0.4446927374301676,0.4280821917808219,0.0037547580306497297,0.00312435029684216,0.5336312849162012,0.5308219178082192,0.0017443684139000215,0.00468363787567283,10.30713594878075,11.579529828263883,0.1585370938720878,1.1399940001446485,1.5304893089032008,2.9865792133549682,-0.0017017908845822216,-0.2039875095039454,-13.829673011028031,-6.6519932298378155,-0.5674022761215749,-0.39376550509555486,3.1094207544128034,20.16738995021704,-0.08377391987998317,0.8159836975575097,43.00227228723317,134.15334141234294,0.6532600075007906,13.047834289198335,3477,478,998,106,False,4.580684576967758
0.06,0.05,4488,587,-75,-6,32926.97999999997,5153.369999999993,283.8899999999994,562.0350000000008,0.4431818181818182,0.42759795570698467,0.0022438387823003336,0.002640114223004919,0.5329768270944741,0.5315161839863713,0.0010899105921730046,0.005377904053824989,10.212374215462328,11.81973729177034,0.06377536055366484,1.3802014636511046,1.5119231845443586,3.1790769817986813,-0.020267915243424417,-0.011489741060232372,-12.992871326329269,-6.579336990087281,0.269399408577188,-0.3211092653450205,3.292230624316472,21.182956842980822,0.09903595002368526,1.8315505903212923,42.775528878344595,139.36981151644622,0.426516598612217,18.264304393301614,3455,477,1033,110,False,4.5402805605792125
0.03,0.4,4211,568,-352,-25,32889.35999999998,4850.109999999993,246.27000000001135,258.77500000000146,0.4457373545476134,0.43133802816901406,0.0047993751480955305,0.006380186685034317,0.5347898361434339,0.5334507042253521,0.002902919641132762,0.007312424292805764,10.493478091909717,11.543140019872773,0.34487923700105405,1.1036041917535382,1.466840669037757,2.734968436887871,-0.06535043075002611,-0.45559828597104257,-16.35318612687905,-11.129179177239157,-3.090915391972592,-4.870951452496897,2.644339044286512,11.62893898864095,-0.5488556300062748,-7.722467264018579,43.24336857379079,129.42054564576745,0.8943562940584115,8.315038522622842,3653,495,558,73,False,4.535235327352117
0.3,0.2,4192,564,-371,-29,30779.97,4989.449999999993,-1863.1199999999662,398.1150000000016,0.43940839694656486,0.44148936170212766,-0.0015295824529529822,0.01653152021814791,0.5271946564885496,0.5443262411347518,-0.004692260013751559,0.01818796120220545,10.076246949869935,11.817256185381305,-0.07235190503872779,1.3777203572620706,1.4345212628918016,3.109337782178323,-0.09766983689598141,-0.08122894068059061,-15.8134525079336,-6.136747257605013,-2.551181773027144,0.12148046713724803,2.63475339374606,22.10318434157882,-0.5584412805467265,2.7517780889192913,41.6645476621202,135.6416558925219,-0.6844646176121785,14.536148769377292,3346,470,846,94,False,4.5192041869498105
0.05,0.08,4465,584,-98,-9,33278.66999999998,4995.209999999993,635.580000000009,403.8750000000009,0.44434490481522954,0.4280821917808219,0.0034069254157116924,0.00312435029684216,0.5334826427771556,0.5308219178082192,0.001595726274854492,0.00468363787567283,10.315441639900873,11.579529828263883,0.16684278499221072,1.1399940001446485,1.5277231000906917,2.9865792133549682,-0.004467999697091329,-0.2039875095039454,-13.745674436703014,-6.6519932298378155,-0.4834037017965578,-0.39376550509555486,3.1326622594417652,20.16738995021704,-0.06053241485102134,0.8159836975575097,43.06055553843298,134.15334141234294,0.7115432587006012,13.047834289198335,3477,478,988,106,False,4.51367539763466
0.25,0.25,4195,562,-368,-31,32782.28499999998,4695.134999999993,139.19500000001426,103.80000000000109,0.44266984505363527,0.43416370106761565,0.001731865654117426,0.0092058595836359,0.531108462455304,0.5409252669039146,-0.0007784540469971679,0.014786986971368266,10.592075799081353,11.170254526975311,0.4434769441726907,0.7307186988560765,1.522581716286266,2.9050468053483076,-0.009609383501516966,-0.285519917510606,-14.345529621697917,-9.40980343213238,-1.0832588867914605,-3.151575707390119,3.0258896707387337,13.385103606574184,-0.16730500355405287,-5.966302646085346,43.407989903572265,125.95119385658924,1.058977623839887,4.845686733444637,3440,476,755,86,False,4.507579299522466
0.3,0.12,4267,571,-296,-22,31395.35,4944.669999999991,-1247.7399999999689,353.3349999999991,0.4405905788610265,0.4395796847635727,-0.0003474005384913603,0.014621843279592928,0.5296461213967659,0.5411558669001751,-0.0022407951055352093,0.015017586967628782,10.197042867799372,11.584524291756424,0.048444012890708876,1.1449884636371888,1.4695932709319426,3.1042741612159275,-0.06259782885584042,-0.08629256164298615,-15.549183399895517,-7.8998095231877175,-2.2869126649890603,-1.6415817984454568,2.7008056498736503,16.77244346846446,-0.49238902441913623,-2.5789627841950704,41.995322377359386,132.49910863930316,-0.3536899023729916,11.393601516158554,3300,464,967,107,False,4.482472230028061
0.2,0.12,4353,577,-210,-16,31920.859999999986,5031.174999999994,-722.2299999999814,439.84000000000196,0.4408453939811624,0.43500866551126516,-9.258541835543976e-05,0.01005082402728541,0.5299793246037215,0.5424610051993067,-0.0019075918985795859,0.016322725266760374,10.046989498503484,11.648584321379522,-0.10160935640517899,1.209048493260287,1.460475657045523,3.1190596161919766,-0.07171544274225994,-0.07150710666693705,-14.887724996492679,-7.424502238734876,-1.6254542615862224,-1.1662745139926152,2.8373465867280823,18.22805826238746,-0.3558480875647043,-1.1233479902720696,42.241635702944855,135.33425937688546,-0.10737657678752299,14.22875225374085,3412,475,941,102,False,4.480867842158167
0.02,0.08,4469,584,-94,-9,33314.019999999975,4995.209999999993,670.9300000000076,403.8750000000009,0.44394719176549563,0.4280821917808219,0.003009212365977787,0.00312435029684216,0.533452673976281,0.5308219178082192,0.0015657574739799118,0.00468363787567283,10.325944628557725,11.579529828263883,0.177345773649062,1.1399940001446485,1.5286615746390098,2.9865792133549682,-0.0035295251487732493,-0.2039875095039454,-13.966831663385726,-6.6519932298378155,-0.7045609284792693,-0.39376550509555486,3.085102550335417,20.16738995021704,-0.10809212395736978,0.8159836975575097,43.089107984816756,134.15334141234294,0.7400957050843786,13.047834289198335,3482,478,987,106,False,4.475549385350273
0.04,0.08,4467,584,-96,-9,33252.019999999975,4995.209999999993,608.9300000000076,403.8750000000009,0.4443698231475263,0.4280821917808219,0.0034318437480084785,0.00312435029684216,0.533467651667786,0.5308219178082192,0.0015807351654848478,0.00468363787567283,10.305975270819147,11.579529828263883,0.157376415910484,1.1399940001446485,1.5249599820251565,2.9865792133549682,-0.007231117762626527,-0.2039875095039454,-14.31194834309687,-6.6519932298378155,-1.0496776081904127,-0.39376550509555486,3.007208904067295,20.16738995021704,-0.18598577022549145,0.8159836975575097,43.039018491912074,134.15334141234294,0.6900062121796964,13.047834289198335,3480,478,987,106,False,4.472007798241066
0.03,0.07,4475,584,-88,-9,33220.75999999997,4995.209999999993,577.6700000000055,403.8750000000009,0.44446927374301676,0.4280821917808219,0.003531294343498914,0.00312435029684216,0.5336312849162012,0.5308219178082192,0.0017443684139000215,0.00468363787567283,10.289566621236052,11.579529828263883,0.14096776632738894,1.1399940001446485,1.5283371473973673,2.9865792133549682,-0.003853952390415749,-0.2039875095039454,-13.829673011028031,-6.6519932298378155,-0.5674022761215749,-0.39376550509555486,3.1066657988021347,20.16738995021704,-0.08652887549065191,0.8159836975575097,42.96417215197772,134.15334141234294,0.6151598722453429,13.047834289198335,3477,478,998,106,False,4.468942602706527
0.12,0.05,4469,586,-94,-7,32548.334999999974,5178.744999999992,-94.75499999999374,587.4099999999999,0.44238084582680687,0.4283276450511945,0.0014428664272890246,0.0033698035672147797,0.5318863280375923,0.537542662116041,-5.884647088505446e-07,0.011404382183494599,10.103536278905382,11.809816335657006,-0.04506257600328034,1.370280507537771,1.4872672791712256,3.195944815127962,-0.04492382061655742,0.005378092269048285,-13.108061660581505,-7.334008965114014,0.15420907432495135,-1.0757812403717537,3.2397373755217562,19.11810335625311,0.04654270122896964,-0.2333028964064212,42.46667728242968,140.21234141073663,0.11766500269730074,19.106834287592022,3430,475,1039,111,False,4.459312564207451
0.01,0.12,4430,581,-133,-12,33391.85999999998,4933.844999999992,748.7700000000114,342.5100000000002,0.44243792325056436,0.43029259896729777,0.0014999438510465146,0.00533475748331802,0.5327313769751693,0.53184165232358,0.0008444604728681249,0.00570337239103369,10.403469499343386,11.489614543225716,0.25487064443472285,1.0500787151064817,1.5175891542693822,2.935689350454683,-0.014601945518400772,-0.2548773724042306,-15.810891161926444,-6.912535044273738,-2.548620427019987,-0.654307319531477,2.7324066791456807,19.11680617312135,-0.4607879951471059,-0.23460007953817907,43.20178461409323,132.14559260628985,0.85277233436085,11.040085483145248,3521,480,909,101,False,4.456214191147408
0.2,0.07,4409,580,-154,-13,31952.609999999982,5092.539999999994,-690.479999999985,501.20500000000175,0.4418235427534588,0.43275862068965515,0.0008855633539409657,0.007800779205675401,0.5305057836244046,0.5413793103448276,-0.0013811328778965404,0.015241030412281198,9.994873158372167,11.737262548458308,-0.1537256965364957,1.2977267203390728,1.4784191321336182,3.150280465318749,-0.05377196765416481,-0.040286257540164794,-13.245573458479488,-7.414530964835652,0.016697276426969054,-1.1563032400933917,3.1837408712149116,18.52529550930445,-0.009453803077875023,-0.8261107433550805,42.17047358244059,137.3563771864687,-0.17853869729178484,16.2508700633241,3381,473,1028,107,False,4.443352836648358
0.05,0.12,4424,581,-139,-12,33310.59999999998,4933.844999999992,667.5100000000093,342.5100000000002,0.4428119349005425,0.43029259896729777,0.001873955501024649,0.00533475748331802,0.5327757685352622,0.53184165232358,0.0008888520329610738,0.00570337239103369,10.370581751759886,11.489614543225716,0.2219828968512232,1.0500787151064817,1.512709842199909,2.935689350454683,-0.019481257587874,-0.2548773724042306,-15.459997337017006,-6.912535044273738,-2.1977266021105493,-0.654307319531477,2.7901768459726206,19.11680617312135,-0.40301782832016597,-0.23460007953817907,43.13612660854322,132.14559260628985,0.7871143288108442,11.040085483145248,3512,480,912,101,False,4.419317125840704
0.06,0.4,4206,568,-357,-25,32818.419999999984,4850.109999999993,175.3300000000163,258.77500000000146,0.4455539705183072,0.43133802816901406,0.004615991118789353,0.006380186685034317,0.5347123157394199,0.5334507042253521,0.0028253992371187753,0.007312424292805764,10.47850168985947,11.543140019872773,0.32990283495080774,1.1036041917535382,1.469503750371378,2.734968436887871,-0.06268734941640508,-0.45559828597104257,-15.767591121195911,-11.129179177239157,-2.505320386289455,-4.870951452496897,2.7420329194596023,11.62893898864095,-0.4511617548331843,-7.722467264018579,43.23525391489813,129.42054564576745,0.8862416351657529,8.315038522622842,3647,495,559,73,False,4.412437854131518
0.15,0.07,4437,582,-126,-11,32713.84499999998,5027.754999999992,70.75500000001193,436.4200000000001,0.4433175569078206,0.42955326460481097,0.002379577508302755,0.004595423120831221,0.5321162947937795,0.5378006872852233,0.00022937829147839928,0.011662407352676984,10.161800903054576,11.56845578439469,0.013202048145913636,1.128919956275455,1.498812316985185,2.9952760228523765,-0.033378782802597984,-0.19529070000653714,-13.024190529002155,-7.438851685537196,0.23808020590430168,-1.180623960794935,3.2747583164058107,18.177782649491526,0.08156364211302414,-1.1736236031680036,42.6510762493036,135.22182910149883,0.30206396957122195,14.116321978354222,3425,475,1012,107,False,4.386623213801831
0.03,0.08,4467,584,-96,-9,33204.82999999997,4995.209999999993,561.7400000000052,403.8750000000009,0.44414595925677186,0.4280821917808219,0.0032079798572540175,0.00312435029684216,0.533467651667786,0.5308219178082192,0.0015807351654848478,0.00468363787567283,10.288399840280327,11.579529828263883,0.1398009853716644,1.1399940001446485,1.522814488627913,2.9865792133549682,-0.009376611159870096,-0.2039875095039454,-14.31194834309687,-6.6519932298378155,-1.0496776081904127,-0.39376550509555486,3.004542534730661,20.16738995021704,-0.18865213956212568,0.8159836975575097,43.00085755170255,134.15334141234294,0.6518452719701742,13.047834289198335,3480,478,987,106,False,4.3601907776872775
0.15,0.06,4451,584,-112,-9,32547.684999999976,5117.334999999992,-95.40499999999156,526.0,0.4425971691754662,0.4297945205479452,0.0016591897759483665,0.0048366790639654544,0.5315659402381487,0.5376712328767124,-0.000320976264152395,0.011532952944166008,10.105139109694717,11.731969668069103,-0.04345974521394602,1.2924338399498687,1.4900874057020153,2.9898686580663694,-0.04210369408576775,-0.20069806479254426,-12.879063709693494,-7.467738389034895,0.3832070252129629,-1.209510664292634,3.301102446096016,18.503058513839665,0.1079077718032293,-0.8483477388198644,42.51510871549562,138.17600037835942,0.16609643576324373,17.070493255214814,3415,475,1036,109,False,4.346116773490913
0.01,0.06,4491,586,-72,-7,33045.17999999997,5084.789999999992,402.0900000000038,493.4549999999999,0.44333110665776,0.4283276450511945,0.002393127258242145,0.0033698035672147797,0.5328434647071921,0.5307167235494881,0.0009565482048909946,0.0045784436169417075,10.244785960940488,11.74422176593271,0.09618710603182556,1.3046859378134759,1.5207846746076912,2.9836681298518237,-0.011406425180091828,-0.2068985930070899,-13.317441840107092,-6.677866943572697,-0.055171105200635395,-0.41963921883043653,3.215492632933758,20.530582298013503,0.022297958640971505,1.179176045353973,42.822136126388145,137.10049686020315,0.473123846655767,15.994989737058546,3472,478,1019,108,False,4.337727073132524
0.2,0.08,4401,580,-162,-13,31936.67999999998,5092.539999999994,-706.4099999999889,501.20500000000175,0.44149057032492617,0.43275862068965515,0.000552590925408325,0.007800779205675401,0.5303340149965917,0.5413793103448276,-0.0015529015057094142,0.015241030412281198,9.993585791586472,11.737262548458308,-0.15501306332219045,1.2977267203390728,1.4733824438655243,3.150280465318749,-0.0588086559222587,-0.040286257540164794,-13.732518497838974,-7.414530964835652,-0.4702477629325177,-1.1563032400933917,3.073432758407995,18.52529550930445,-0.11976191588479157,-0.8261107433550805,42.20597220670206,137.3563771864687,-0.1430400730303205,16.2508700633241,3384,473,1017,107,False,4.331812027466404
0.06,0.07,4470,584,-93,-9,33131.059999999976,4995.209999999993,487.97000000000844,403.8750000000009,0.4442953020134228,0.4280821917808219,0.0033573226139049783,0.00312435029684216,0.5335570469798657,0.5308219178082192,0.0016701304775645909,0.00468363787567283,10.27229198196834,11.579529828263883,0.12369312705967772,1.1399940001446485,1.5276396597641828,2.9865792133549682,-0.004551440023600195,-0.2039875095039454,-13.263399104634166,-6.6519932298378155,-0.0011283697277093552,-0.39376550509555486,3.2375666893199853,20.16738995021704,0.044372015027198675,0.8159836975575097,42.941139128320096,134.15334141234294,0.5921268485877178,13.047834289198335,3471,478,999,106,False,4.325597380779197
0.02,0.12,4428,581,-135,-12,33284.839999999975,4933.844999999992,641.7500000000073,342.5100000000002,0.4424119241192412,0.43029259896729777,0.0014739447197233413,0.00533475748331802,0.5327461607949413,0.53184165232358,0.0008592442926401711,0.00570337239103369,10.364972086530441,11.489614543225716,0.21637323162177857,1.0500787151064817,1.5108583119382457,2.935689350454683,-0.021332787849537294,-0.2548773724042306,-15.685856221177652,-6.912535044273738,-2.423585486271195,-0.654307319531477,2.7486732328118286,19.11680617312135,-0.44452144148095796,-0.23460007953817907,43.11529312888591,132.14559260628985,0.7662808491535316,11.040085483145248,3517,480,911,101,False,4.301057819399202
0.04,0.12,4426,581,-137,-12,33222.83999999998,4933.844999999992,579.7500000000146,342.5100000000002,0.44283777677361047,0.43029259896729777,0.0018997973740926266,0.00533475748331802,0.5327609579755987,0.53184165232358,0.0008740414732976154,0.00570337239103369,10.344906826886705,11.489614543225716,0.19630797197804206,1.0500787151064817,1.5072360511430052,2.935689350454683,-0.024955048644777822,-0.2548773724042306,-16.03830985497462,-6.912535044273738,-2.7760391200681642,-0.654307319531477,2.6851402924352903,19.11680617312135,-0.5080543818574963,-0.23460007953817907,43.06511201415435,132.14559260628985,0.7160997344219737,11.040085483145248,3515,480,911,101,False,4.298843900881007
0.15,0.08,4429,582,-134,-11,32697.914999999983,5027.754999999992,54.82500000001528,436.4200000000001,0.44298938812372995,0.42955326460481097,0.0020514087242121115,0.004595423120831221,0.5319485211108602,0.5378006872852233,6.16046085590849e-05,0.011662407352676984,10.160583817763058,11.56845578439469,0.01198496285439532,1.128919956275455,1.4934139731307106,2.9952760228523765,-0.03877712665707245,-0.19529070000653714,-13.50779872864637,-7.438851685537196,-0.24552799373991263,-1.180623960794935,3.1601962983781027,18.177782649491526,-0.03299837591468391,-1.1736236031680036,42.687295541504696,135.22182910149883,0.33828326177231816,14.116321978354222,3428,475,1001,107,False,4.275938558644395
0.15,0.18,4337,573,-226,-20,32347.024999999987,5035.6199999999935,-296.0649999999805,444.2850000000017,0.44062716163246485,0.4328097731239092,-0.00031081776705299546,0.007851931639929477,0.5300899239105372,0.5410122164048866,-0.001796992591763913,0.014873936472340255,10.142168657170627,11.689819409303842,-0.006430197738035659,1.2502835811846076,1.4641431315722564,2.941994054316381,-0.06804796821552661,-0.24857266854253268,-13.617469579533225,-7.536030028065854,-0.3551988446267682,-1.2778023033235932,3.128025369039452,18.20339388274823,-0.06516930525333464,-1.1480123699112994,42.59579030690293,137.18132291310093,0.2467780271705493,16.075815789956323,3494,479,843,94,False,4.274995825563234
0.05,0.06,4485,586,-78,-7,32902.80999999997,5084.789999999992,259.72000000000116,493.4549999999999,0.443701226309922,0.4283276450511945,0.002763246910404138,0.0033698035672147797,0.5328874024526199,0.5307167235494881,0.0010004859503187635,0.0045784436169417075,10.196051149436853,11.74422176593271,0.04745229452819011,1.3046859378134759,1.5128821883638448,2.9836681298518237,-0.019308911423938202,-0.2068985930070899,-12.992871326329269,-6.677866943572697,0.269399408577188,-0.41963921883043653,3.2869288497775,20.530582298013503,0.09373417548471341,1.179176045353973,42.706643603958526,137.10049686020315,0.35763132422614774,15.994989737058546,3463,478,1022,108,False,4.220709291202405
0.06,0.08,4462,584,-101,-9,33115.129999999976,4995.209999999993,472.04000000000815,403.8750000000009,0.44397131331241596,0.4280821917808219,0.0030333339128981174,0.00312435029684216,0.5333930972658001,0.5308219178082192,0.0015061807634989544,0.00468363787567283,10.27111767155994,11.579529828263883,0.12251881665127762,1.1399940001446485,1.52209616802803,2.9865792133549682,-0.010094931759752956,-0.2039875095039454,-13.745674436703014,-6.6519932298378155,-0.4834037017965578,-0.39376550509555486,3.12664214779167,20.16738995021704,-0.06655252650111665,0.8159836975575097,42.97780504361817,134.15334141234294,0.6287927638857909,13.047834289198335,3474,478,988,106,False,4.216210639950291
0.22,0.07,4395,579,-168,-14,32069.904999999984,5043.179999999993,-573.1849999999831,451.84500000000116,0.44209328782707624,0.4317789291882556,0.0011553084275583991,0.006821087704275863,0.5306029579067122,0.540587219343696,-0.001283958595588941,0.014448939411149664,10.070587269590666,11.63673097751972,-0.07801158531799679,1.1971951494004855,1.4931194386962803,3.1418414461409676,-0.03907166109150273,-0.04872527671794602,-13.79551795248709,-7.44366036876849,-0.5332472175806338,-1.1854326440262293,3.063886828982755,18.234192856622347,-0.1293078453100316,-1.117213396037183,42.26790575362034,135.72913872332126,-0.08110652611203761,14.623631600176651,3364,472,1031,107,False,4.211342872128623
0.2,0.1,4375,578,-188,-15,31705.79999999998,5085.944999999992,-937.2899999999863,494.6100000000006,0.44114285714285717,0.4342560553633218,0.00020487774333932673,0.009298213879342043,0.5296,0.5415224913494809,-0.002286916502301173,0.015384211416934579,9.95625356746283,11.74983937939106,-0.192345287445832,1.3103035512718257,1.4536336805998018,3.1457758602680364,-0.0785574191879812,-0.04479086259087728,-14.830047205444341,-7.414530964835652,-1.5677764705378845,-1.1563032400933917,2.8329834760844137,18.495926818044502,-0.3602111982083729,-0.8554794346150274,42.01327868257565,137.13862211572513,-0.33573359715672524,16.033114992580522,3401,473,974,105,False,4.196103266405595
0.03,0.12,4426,581,-137,-12,33175.64999999997,4933.844999999992,532.560000000005,342.5100000000002,0.44261183913239943,0.43029259896729777,0.0016738597328815885,0.00533475748331802,0.5327609579755987,0.53184165232358,0.0008740414732976154,0.00570337239103369,10.32723832240249,11.489614543225716,0.1786394674938272,1.0500787151064817,1.5050715004325597,2.935689350454683,-0.027119599355223345,-0.2548773724042306,-16.03830985497462,-6.912535044273738,-2.7760391200681642,-0.654307319531477,2.6827565776753723,19.11680617312135,-0.5104380966174142,-0.23460007953817907,43.02688125822891,132.14559260628985,0.6778689784965337,11.040085483145248,3515,480,911,101,False,4.186514131706133
0.02,0.06,4489,586,-74,-7,32938.159999999974,5084.789999999992,295.070000000007,493.4549999999999,0.44330585876587214,0.4283276450511945,0.0023678793663542974,0.0033698035672147797,0.5328580975718423,0.5307167235494881,0.0009711810695411938,0.0045784436169417075,10.206556421023201,11.74422176593271,0.057957566114538395,1.3046859378134759,1.5138004503304545,2.9836681298518237,-0.01839064945732849,-0.2068985930070899,-13.214225834927518,-6.677866943572697,0.04804489997893846,-0.41963921883043653,3.234040915459544,20.530582298013503,0.04084624116675739,1.179176045353973,42.73534701627815,137.10049686020315,0.3863347365457699,15.994989737058546,3468,478,1021,108,False,4.182834431151744
0.22,0.12,4338,576,-225,-17,32012.694999999985,4981.814999999993,-630.3949999999822,390.4800000000014,0.44098662978331027,0.4340277777777778,4.86503837924257e-05,0.009069936293798042,0.5299677270631628,0.5416666666666666,-0.0019191894391383801,0.01552838673412027,10.11607798956447,11.547493437942999,-0.03252086534419263,1.1079576098237638,1.4738029871363332,3.1105015110491245,-0.05838811265144983,-0.0800652118097891,-15.435892460110246,-7.453710197783714,-2.1736217252037893,-1.1954824730414533,2.7415442226294697,17.939295416069392,-0.45165045166331685,-1.4121108365901378,42.31818179514504,133.71430918381105,-0.030830484587340834,12.608802060666449,3394,474,944,102,False,4.178997420621962
0.04,0.06,4487,586,-76,-7,32876.159999999974,5084.789999999992,233.07000000000698,493.4549999999999,0.44372632048139066,0.4283276450511945,0.002788341081872814,0.0033698035672147797,0.5328727434811679,0.5307167235494881,0.0009858269788667329,0.0045784436169417075,10.18660141853218,11.74422176593271,0.038002563623516394,1.3046859378134759,1.5101264386498334,2.9836681298518237,-0.02206466113794958,-0.2068985930070899,-13.559650373805955,-6.677866943572697,-0.29737963889949803,-0.41963921883043653,3.1479419749850113,20.530582298013503,-0.04525269930777531,1.179176045353973,42.684992577824964,137.10049686020315,0.33598029809258634,15.994989737058546,3466,478,1021,108,False,4.178457403992632
0.18,0.3,4216,566,-347,-27,32722.69499999999,4773.934999999992,79.60500000002139,182.60000000000036,0.4430740037950664,0.43286219081272087,0.0021360243955485525,0.007904349328741123,0.5315464895635673,0.5406360424028268,-0.0003404269387338177,0.01449776247028045,10.4412843866324,11.243153099728156,0.29268553172373757,0.8036172716089212,1.4831081019879757,2.799064421489218,-0.04908299779980729,-0.39150230136969544,-14.134996890392138,-10.392007763727197,-0.8727261554856813,-4.133780038984936,3.0531364876052316,12.367645937749128,-0.140058186687555,-6.983760314910402,43.156074758242724,128.52467260411805,0.8070624785103462,7.419165480973447,3535,483,681,83,False,4.168139877095879
0.15,0.12,4384,579,-179,-14,32585.739999999983,4966.389999999992,-57.34999999998399,375.0550000000003,0.44183394160583944,0.4317789291882556,0.0008959622063215988,0.006821087704275863,0.53125,0.538860103626943,-0.0006369165023011325,0.012721823694396672,10.176275572718302,11.479160695629641,0.027676717809638873,1.0396248675104065,1.4735215688584022,2.950839294188665,-0.058669530929380764,-0.23972742867024843,-15.174018601724782,-7.448829234419952,-1.9117478668183256,-1.1906015096776912,2.8103715205904205,17.883250167667104,-0.3828231537023661,-1.468156084992426,42.6446297311966,133.20927665536422,0.29561745146422425,12.103769532219616,3460,477,924,102,False,4.12101636511474
0.06,0.12,4421,581,-142,-12,33147.05999999998,4933.844999999992,503.9700000000157,342.5100000000002,0.4424338384980774,0.43029259896729777,0.0014958590985595377,0.00533475748331802,0.5326849129156299,0.53184165232358,0.0007979964133287831,0.00570337239103369,10.326097809062516,11.489614543225716,0.17749895415385275,1.0500787151064817,1.5069727628191094,2.935689350454683,-0.025218336968673594,-0.2548773724042306,-15.459997337017006,-6.912535044273738,-2.1977266021105493,-0.654307319531477,2.784827345740166,19.11680617312135,-0.40836732855262037,-0.23460007953817907,43.05342334919511,132.14559260628985,0.7044110694627292,11.040085483145248,3509,480,912,101,False,4.120583786294665
0.22,0.08,4387,579,-176,-14,32053.974999999984,5043.179999999993,-589.1149999999834,451.84500000000116,0.44175974470025076,0.4317789291882556,0.0008217653007329129,0.006821087704275863,0.5304308183268749,0.540587219343696,-0.0014560981754262459,0.014448939411149664,10.069323011059769,11.63673097751972,-0.07927584384889386,1.1971951494004855,1.4882325694060063,3.1418414461409676,-0.04395853038177666,-0.04872527671794602,-14.278547047834389,-7.44366036876849,-1.016276312927932,-1.1854326440262293,2.9627356761317385,18.234192856622347,-0.2304589981610481,-1.117213396037183,42.30356074194446,135.72913872332126,-0.045451537787918994,14.623631600176651,3367,472,1020,107,False,4.100281603316073
0.01,0.18,4387,575,-176,-18,32930.80499999997,5003.074999999993,287.7150000000038,411.7400000000016,0.44084795988146797,0.43130434782608695,-9.001951804987751e-05,0.0063465063421072054,0.5311146569409619,0.5339130434782609,-0.0007722595613391947,0.0077747635457144915,10.291623026782654,11.701908694670818,0.14302417187399108,1.2623728665515834,1.4959953059511177,2.923662407900021,-0.03619579383666527,-0.26690431495889255,-15.254568874068653,-7.5631177266492156,-1.9922981391621963,-1.304890001906955,2.817307869515459,17.77194660654022,-0.3758868047773274,-1.579459646119311,42.97681693497919,134.4113244169877,0.6278046552468126,13.305817293843091,3555,482,832,93,False,4.067272370334186
0.03,0.06,4487,586,-76,-7,32828.96999999997,5084.789999999992,185.88000000000466,493.4549999999999,0.4435034544238912,0.4283276450511945,0.002565475024373376,0.0033698035672147797,0.5328727434811679,0.5307167235494881,0.0009858269788667329,0.0045784436169417075,10.169065160693298,11.74422176593271,0.020466305784635708,1.3046859378134759,1.5079784612706395,2.9836681298518237,-0.024212638517143503,-0.2068985930070899,-13.559650373805955,-6.677866943572697,-0.29737963889949803,-0.41963921883043653,3.145112763205212,20.530582298013503,-0.048081911087574536,1.179176045353973,42.64662945525743,137.10049686020315,0.29761717552505473,15.994989737058546,3466,478,1021,108,False,4.066868496685678
0.22,0.35,4134,564,-429,-29,31582.834999999992,4874.679999999993,-1060.2549999999756,283.34500000000116,0.4429124334784712,0.43617021276595747,0.0019744540789533582,0.011212371281977718,0.5307208514755685,0.5425531914893617,-0.0011660650267326655,0.016414911556815293,10.239801564104383,11.493322236146087,0.09120270919571993,1.053786408026852,1.4481529853588202,2.841337095956559,-0.0840381144289628,-0.3492296269023547,-14.703666782066115,-10.188270773541653,-1.4413960471596585,-3.9300430487993925,2.890393204385349,12.940100878790096,-0.3028014699074375,-6.411305373869434,42.49937854643049,131.8372515900578,0.15036626669811426,10.731744466913199,3505,485,629,79,False,4.044700758896916
0.05,0.18,4381,575,-182,-18,32849.544999999984,5003.074999999993,206.4550000000163,411.7400000000016,0.4412234649623374,0.43130434782608695,0.00028548556281954296,0.0063465063421072054,0.5311572700296736,0.5339130434782609,-0.0007296464726275209,0.0077747635457144915,10.258715266272775,11.701908694670818,0.11011641136411221,1.2623728665515834,1.4911944529212287,2.923662407900021,-0.040996646866554354,-0.26690431495889255,-14.907467495261928,-7.5631177266492156,-1.6451967603554714,-1.304890001906955,2.878447600413281,17.77194660654022,-0.31474707387950573,-1.579459646119311,42.910364039975676,134.4113244169877,0.5613517602432978,13.305817293843091,3546,482,835,93,False,4.030723068384373
0.01,0.09,4458,583,-105,-10,33022.99499999998,4998.549999999993,379.9050000000134,407.21500000000106,0.4427994616419919,0.4288164665523156,0.0018614822424740662,0.0038586250683358414,0.5323014804845222,0.5317324185248714,0.00041456398222106117,0.005594138592325049,10.26712052633776,11.600998346610256,0.11852167142909664,1.161462518491021,1.5146112406626697,2.989204552231035,-0.017579859125113284,-0.20136217062787853,-14.796381367915279,-6.6519932298378155,-1.5341106330088223,-0.39376550509555486,2.896216149230192,20.183856968631382,-0.2969785250625945,0.8324507159718522,42.85351866792495,134.26287990735077,0.5045063881925742,13.15737278420616,3494,478,964,105,False,4.027042489329196
0.28,0.15,4263,568,-300,-25,31007.879999999994,5076.014999999992,-1635.2099999999737,484.6800000000003,0.43912737508796623,0.43838028169014087,-0.0018106043115516113,0.013422440206161124,0.5268590194698569,0.5422535211267606,-0.005027897032444217,0.016115241194214258,10.019084737170063,11.947610026077045,-0.12951411773859967,1.5080741979578107,1.4563606023827513,3.167248673309014,-0.07583049740503167,-0.023318049549899467,-14.53012671624574,-7.348451669414679,-1.2678559813392827,-1.0902239446724185,2.8708969620054674,18.851964213756165,-0.3222977122873192,-0.49944203890336425,41.71449664722437,138.53274789832227,-0.6345156325080055,17.427240775177665,3350,468,913,100,False,4.003576140803679
0.06,0.06,4482,586,-81,-7,32739.269999999975,5084.789999999992,96.18000000000757,493.4549999999999,0.4433288710397144,0.4283276450511945,0.0023908916401965685,0.0033698035672147797,0.5327978580990629,0.5307167235494881,0.0009109415967617496,0.0045784436169417075,10.151665669978664,11.74422176593271,0.003066815070001283,1.3046859378134759,1.5072346416118447,2.9836681298518237,-0.02495645817593828,-0.2068985930070899,-12.992871326329269,-6.677866943572697,0.269399408577188,-0.41963921883043653,3.2804663191045096,20.530582298013503,0.087271644811723,1.179176045353973,42.6226767744819,137.10049686020315,0.27366449474952503,15.994989737058546,3460,478,1022,108,False,3.9233876490613566
0.18,0.15,4348,574,-215,-19,31936.069999999985,5069.554999999994,-707.0199999999822,478.2200000000021,0.43974241030358785,0.4337979094076655,-0.0011955690959299936,0.008840067923685746,0.5285188592456301,0.5418118466898955,-0.0033680572566709976,0.0156735667573491,10.021704964552088,11.74029349141585,-0.12689389035657506,1.300757663296615,1.4494965315665198,3.060732311706422,-0.0826945682212632,-0.12983441115249184,-14.538056914276808,-7.421850346490288,-1.2757861793703515,-1.1636226217480274,2.903102140978608,18.636370753057392,-0.2900925333141786,-0.7150354996021377,42.20546415350586,138.31635473090049,-0.1435481262265199,17.21084760775588,3463,478,885,96,False,3.919949107539452
0.2,0.09,4386,579,-177,-14,31576.154999999984,5095.879999999994,-1066.9349999999831,504.5450000000019,0.4407204742362061,0.43350604490500866,-0.00021750516331175973,0.00854820342102891,0.529639762881897,0.542314335060449,-0.002247153620404174,0.016176055127902655,9.913199340035819,11.758793227735515,-0.23539951487284405,1.31925739961628,1.4574588685919847,3.1524196004518665,-0.0747322311957983,-0.038147122407047096,-14.40496910500858,-7.414530964835652,-1.1426983701021243,-1.1563032400933917,2.9090463860069713,18.54017450112631,-0.2841482882858153,-0.8112317515332208,41.90472331546729,137.4666979320574,-0.4442889642650911,16.361190808912795,3391,473,995,106,False,3.9173943314429374
0.02,0.18,4385,575,-178,-18,32823.784999999974,5003.074999999993,180.69500000000698,411.7400000000016,0.44082098061573544,0.43130434782608695,-0.00011699878378240713,0.0063465063421072054,0.5311288483466362,0.5339130434782609,-0.000758068155664926,0.0077747635457144915,10.253062124361291,11.701908694670818,0.10446326945262818,1.2623728665515834,1.4891908536110652,2.923662407900021,-0.04300024617671783,-0.26690431495889255,-15.13372206944268,-7.5631177266492156,-1.8714513345362231,-1.304890001906955,2.834020470974222,17.77194660654022,-0.35917420331856453,-1.579459646119311,42.88927814683492,134.4113244169877,0.5402658671025407,13.305817293843091,3551,482,834,93,False,3.9117459330666344
0.04,0.18,4383,575,-180,-18,32761.784999999978,5003.074999999993,118.69500000001062,411.7400000000016,0.4412502851927903,0.43130434782608695,0.00031230579327246044,0.0063465063421072054,0.5311430527036276,0.5339130434782609,-0.0007438637986735275,0.0077747635457144915,10.232942939927366,11.701908694670818,0.08434408501870294,1.2623728665515834,1.4856887731250137,2.923662407900021,-0.04650232666276932,-0.26690431495889255,-15.486793178996516,-7.5631177266492156,-2.2245224440900593,-1.304890001906955,2.766130352019664,17.77194660654022,-0.4270643222731225,-1.579459646119311,42.838488667873364,134.4113244169877,0.4894763881409858,13.305817293843091,3549,482,834,93,False,3.910011513309047
0.05,0.09,4452,583,-111,-10,32880.624999999985,4998.549999999993,237.53500000001804,407.21500000000106,0.44317160826594787,0.4288164665523156,0.0022336288664300263,0.0038586250683358414,0.532345013477089,0.5317324185248714,0.00045809697478782496,0.005594138592325049,10.218236626305705,11.600998346610256,0.06963777139704241,1.161462518491021,1.5070392452672572,2.989204552231035,-0.025151854520525818,-0.20136217062787853,-14.458724676370693,-6.6519932298378155,-1.1964539414642363,-0.39376550509555486,2.955850534937262,20.183856968631382,-0.23734413935552467,0.8324507159718522,42.7378290691609,134.26287990735077,0.3888167894285246,13.15737278420616,3485,478,967,105,False,3.909980937234957
0.01,0.1,4450,582,-113,-11,32933.84999999998,4988.6149999999925,290.7600000000093,397.28000000000065,0.4429213483146067,0.42955326460481097,0.001983368915088879,0.004595423120831221,0.5319101123595505,0.5309278350515464,2.3195857249413976e-05,0.004789555119000033,10.236552341815493,11.591803643997027,0.08795348690683014,1.1522678158777921,1.4990579609182104,2.982888389151531,-0.03313313886957259,-0.20767833370738265,-15.74456377242135,-6.6519932298378155,-2.482293037514893,-0.39376550509555486,2.71719903737141,20.134886831122962,-0.4759956369213767,0.7834805784634327,42.781113526256064,133.93713088418053,0.4321012465236862,12.831623761035928,3506,478,944,104,False,3.8971375820937446
0.22,0.1,4360,577,-203,-16,31797.634999999987,5036.584999999994,-845.4549999999799,445.2500000000018,0.44128440366972477,0.43327556325823224,0.00034642427020692423,0.008317721774252496,0.5295871559633027,0.5407279029462738,-0.0022997605389983855,0.01458962301372746,10.024820843442704,11.649083666370679,-0.12377801146595857,1.209547838251444,1.466972081364684,3.1373109194383524,-0.06521901842309896,-0.05325580342056124,-15.37351597277099,-7.44366036876849,-2.1112452378645337,-1.1854326440262293,2.7378265861531204,18.20504434167893,-0.4553680881396662,-1.1463619109805983,42.09002075290207,135.5121670778285,-0.25899152683030735,14.406659954683903,3383,472,977,105,False,3.8940689613506265
0.3,0.25,4131,559,-432,-34,31293.144999999997,4780.319999999992,-1349.9449999999706,188.98500000000058,0.4405712902444929,0.4400715563506261,-0.00036668915502496846,0.015113714866646366,0.5289276204308884,0.5420393559928444,-0.0029592960714127647,0.015901076060298003,10.34873723701339,11.443637990622095,0.20013838210472734,1.0041021625028606,1.4663579276753114,2.911048349726816,-0.06583317211247164,-0.2795183731320976,-14.952386738181989,-8.83840309413284,-1.6901160032755325,-2.580175369390579,2.8224678614619085,14.565286129917254,-0.37072681283087805,-4.786120122742275,42.20263102066792,128.7338699975908,-0.1463812590644551,7.628362874446196,3370,471,761,88,False,3.872654793797196
0.02,0.09,4456,583,-107,-10,32915.974999999984,4998.549999999993,272.8850000000166,407.21500000000106,0.4427737881508079,0.4288164665523156,0.00183580875129008,0.0038586250683358414,0.5323159784560144,0.5317324185248714,0.00042906195371328337,0.005594138592325049,10.228770879367003,11.600998346610256,0.08017202445834037,1.161462518491021,1.5077429909286082,2.989204552231035,-0.02444810885917481,-0.20136217062787853,-14.681148794793375,-6.6519932298378155,-1.418878059886918,-0.39376550509555486,2.913026907105474,20.183856968631382,-0.2801677671873124,0.8324507159718522,42.7665814664522,134.26287990735077,0.4175691867198239,13.15737278420616,3490,478,966,105,False,3.871960229430571
0.04,0.09,4454,583,-109,-10,32853.974999999984,4998.549999999993,210.8850000000166,407.21500000000106,0.44319712617871576,0.4288164665523156,0.002259146779197918,0.0038586250683358414,0.5323304894476875,0.5317324185248714,0.00044357294538632797,0.005594138592325049,10.208757345570673,11.600998346610256,0.06015849066201007,1.161462518491021,1.5040833709848367,2.989204552231035,-0.02810772880294632,-0.20136217062787853,-15.028242463804853,-6.6519932298378155,-1.7659717288983963,-0.39376550509555486,2.8423909977536086,20.183856968631382,-0.350803676539178,0.8324507159718522,42.71614109117743,134.26287990735077,0.36712881144504905,13.15737278420616,3488,478,966,105,False,3.868873984971748
0.15,0.1,4406,580,-157,-13,32342.254999999983,5021.159999999992,-300.8349999999846,429.8249999999998,0.44235133908306856,0.43103448275862066,0.001413359683550719,0.006076641274640915,0.5308669995460735,0.5379310344827586,-0.0010199169562276067,0.011792754550212226,10.076235080680116,11.580612076156973,-0.07236377422854723,1.1410762480377379,1.465325975165673,2.9910735061085756,-0.06686512462210992,-0.19949321675033804,-15.114038313335342,-7.438851685537196,-1.8517675784288858,-1.180623960794935,2.8050282701749634,18.148648196090914,-0.3881664041178232,-1.2027580565686158,42.395304745413156,135.00510222371247,0.046292465680778605,13.899595100567865,3448,475,958,105,False,3.8569068604392247
0.3,0.01,4413,584,-150,-9,32184.879999999986,4851.664999999993,-458.20999999998094,260.33000000000084,0.4400634489009744,0.4349315068493151,-0.0008745304985434688,0.009973665365335338,0.53025152957172,0.535958904109589,-0.0016353869305811841,0.009820624177042658,10.378245825815911,11.073498229989506,0.22964697090724862,0.6339624018702708,1.5281605864724694,3.432337646125564,-0.004030513315313566,0.2417709232666505,-14.787777457744767,-6.25020205302892,-1.5255067228383101,0.008025671713340898,2.8713822425967375,20.71468992927255,-0.3218124316960491,1.363283676613019,42.46136159964065,129.47099752379677,0.1123493199082688,8.365490400652163,3211,455,1202,129,False,3.854224042979247
0.12,0.18,4355,574,-208,-19,32299.84999999998,5028.449999999993,-343.23999999998705,437.1150000000016,0.44018369690011483,0.43205574912891986,-0.000754282499403014,0.007097907644940116,0.5301951779563719,0.5400696864111498,-0.001691738545929189,0.01393140647860347,10.113825212374088,11.692481765267216,-0.03477364253457438,1.252945937147981,1.4619711252794199,2.944490006290787,-0.07021997450836315,-0.24607671656812657,-13.970465004749165,-7.932657873035631,-0.7081942698427088,-1.6744301482933706,3.042666251201404,17.26305034097341,-0.15052842309138237,-2.0883559116861186,42.50746238354055,136.94187219993316,0.15845010380817115,15.836365076788553,3515,480,840,94,False,3.8136132091729062
0.03,0.18,4383,575,-180,-18,32714.594999999976,5003.074999999993,71.5050000000083,411.7400000000016,0.44102213096052933,0.43130434782608695,8.41515610114918e-05,0.0063465063421072054,0.5311430527036276,0.5339130434782609,-0.0007438637986735275,0.0077747635457144915,10.215252061303506,11.701908694670818,0.06665320639484307,1.2623728665515834,1.483422224254146,2.923662407900021,-0.04876887553363707,-0.26690431495889255,-15.486793178996516,-7.5631177266492156,-2.2245224440900593,-1.304890001906955,2.7636317970434647,17.77194660654022,-0.42956287724932185,-1.579459646119311,42.799794063710614,134.4113244169877,0.4507817839782362,13.305817293843091,3549,482,834,93,False,3.797108311613313
0.05,0.1,4444,582,-119,-11,32791.47999999998,4988.6149999999925,148.39000000001397,397.28000000000065,0.4432943294329433,0.42955326460481097,0.002356350033425436,0.004595423120831221,0.531953195319532,0.5309278350515464,6.627881723086926e-05,0.004789555119000033,10.187695863127782,11.591803643997027,0.039097008219119544,1.1522678158777921,1.491967380237326,2.982888389151531,-0.040223719550457115,-0.20767833370738265,-15.397492427218417,-6.6519932298378155,-2.1352216923119602,-0.39376550509555486,2.7709214585605744,20.134886831122962,-0.4222732157322122,0.7834805784634327,42.665242174603456,133.93713088418053,0.31622989487107844,12.831623761035928,3497,478,947,104,False,3.78041116345007
0.03,0.09,4454,583,-109,-10,32806.784999999974,4998.549999999993,163.69500000000698,407.21500000000106,0.4429726088908846,0.4288164665523156,0.002034629491366735,0.0038586250683358414,0.5323304894476875,0.5317324185248714,0.00044357294538632797,0.005594138592325049,10.191164726950815,11.600998346610256,0.04256587204215201,1.161462518491021,1.5018999870166327,2.989204552231035,-0.030291112771150264,-0.20136217062787853,-15.028242463804853,-6.6519932298378155,-1.7659717288983963,-0.39376550509555486,2.83983390551957,20.183856968631382,-0.35336076877321654,0.8324507159718522,42.67771248908198,134.26287990735077,0.32870020934960564,13.15737278420616,3488,478,966,105,False,3.756876670205738
0.02,0.1,4448,582,-115,-11,32826.82999999997,4988.6149999999925,183.74000000000524,397.28000000000065,0.44289568345323743,0.42955326460481097,0.001957704053719589,0.004595423120831221,0.5319244604316546,0.5309278350515464,3.754392935351181e-05,0.004789555119000033,10.198228530539394,11.591803643997027,0.049629675630731285,1.1522678158777921,1.4922769495229835,2.982888389151531,-0.0399141502647995,-0.20767833370738265,-15.621225349156498,-6.6519932298378155,-2.3589546142500417,-0.39376550509555486,2.7330787979267877,20.134886831122962,-0.46011587636599893,0.7834805784634327,42.6940397994161,133.93713088418053,0.34502751968372536,12.831623761035928,3502,478,946,104,False,3.742108582386736
0.08,0.05,4482,586,-81,-7,32587.01999999997,5100.949999999993,-56.06999999999607,509.6150000000016,0.4426595269968764,0.4283276450511945,0.0017215475973585415,0.0033698035672147797,0.5323516287371709,0.5324232081911263,0.00046471223486976854,0.006284928258579958,10.098606931079326,11.687251491679984,-0.049991923829336926,1.247715663560749,1.4948804255041714,3.1540909323870574,-0.03731067428361157,-0.03647579047185623,-13.71244518152973,-7.369675263328579,-0.450174446623274,-1.1114475385863187,3.0992522605269177,18.675749915813398,-0.09394241376586887,-0.6756563368461315,42.49832672620746,137.6342121786808,0.1493144464750813,16.528705055536193,3444,476,1038,110,False,3.741851619704988
0.04,0.1,4446,582,-117,-11,32764.82999999998,4988.6149999999925,121.74000000001251,397.28000000000065,0.4433198380566802,0.42955326460481097,0.002381858657162339,0.004595423120831221,0.5319388214125056,0.5309278350515464,5.1904910204458865e-05,0.004789555119000033,10.178222801940567,11.591803643997027,0.029623947031904407,1.1522678158777921,1.4886597937667734,2.982888389151531,-0.04353130602100963,-0.20767833370738265,-15.970361410950728,-6.6519932298378155,-2.7080906760442716,-0.39376550509555486,2.6701662510577564,20.134886831122962,-0.5230284232350302,0.7834805784634327,42.643520056715765,133.93713088418053,0.29450777698338726,12.831623761035928,3500,478,946,104,False,3.7396070894618996
0.06,0.18,4378,575,-185,-18,32686.004999999976,5003.074999999993,42.91500000000815,411.7400000000016,0.4408405664687072,0.43130434782608695,-9.74129308106697e-05,0.0063465063421072054,0.5310644129739607,0.5339130434782609,-0.0008225035283404569,0.0077747635457144915,10.21402354031138,11.701908694670818,0.06542468540271784,1.2623728665515834,1.485278271551529,2.923662407900021,-0.04691282823625409,-0.26690431495889255,-14.907467495261928,-7.5631177266492156,-1.6451967603554714,-1.304890001906955,2.872781672743099,17.77194660654022,-0.32041300154968777,-1.579459646119311,42.825899407401934,134.4113244169877,0.4768871276695563,13.305817293843091,3543,482,835,93,False,3.7304264603724278
0.12,0.07,4450,583,-113,-10,32427.364999999976,5020.584999999992,-215.72499999999127,429.25,0.4431460674157303,0.4288164665523156,0.0022080880162124727,0.0038586250683358414,0.5321348314606742,0.5368782161234992,0.0002479149583730633,0.010739936190952815,10.064692396858698,11.570895628163024,-0.08390645804996488,1.1313598000437892,1.4878711126859474,3.002736814032244,-0.0443199871018356,-0.18782990882666972,-13.379366256957216,-7.41460285133988,-0.11709552205075902,-1.1563751265976192,3.166634840008669,18.205454029893513,-0.026559834284117567,-1.1459522227660166,42.3675673265171,134.98621135998556,0.01855504678471931,13.880704236840955,3446,476,1004,107,False,3.7115805750550717
0.15,0.09,4414,581,-149,-12,32273.879999999983,5031.094999999992,-369.2099999999846,439.7600000000002,0.44200271862256457,0.43029259896729777,0.001064739223046729,0.00533475748331802,0.5310376076121431,0.5387263339070568,-0.0008493088901579959,0.01258805397451046,10.060640569732254,11.589751729215417,-0.08795828517640913,1.1502159010961819,1.4728180068133456,2.9977128987293993,-0.05937309297443738,-0.19285382412951435,-14.174323952445889,-7.438851685537196,-0.912053217539432,-1.180623960794935,2.9870178008243404,18.192542992971298,-0.20617687346844615,-1.158863259688232,42.33895796060669,135.33162910747242,-0.010054319125686106,14.226121984327818,3435,475,979,106,False,3.705862541866199
0.2,0.15,4330,573,-233,-20,31697.904999999988,5024.544999999995,-945.1849999999795,433.21000000000276,0.4394919168591224,0.43455497382198954,-0.0014460625403954208,0.009597132338009795,0.5284064665127021,0.5427574171029669,-0.003480449989599066,0.016619137170420517,9.990416130854479,11.664066292252976,-0.15818272405418377,1.224530464133741,1.4511510942961705,3.078981202320205,-0.0810400054916125,-0.11158552053870885,-14.499764944023873,-7.326979033316983,-1.2374942091174166,-1.068751308574722,2.903769740341607,18.672294970565616,-0.2894249339511794,-0.6791112820939134,42.10397868652254,136.8115137532444,-0.24503359320983975,15.706006630099807,3434,477,896,96,False,3.690613080852027
0.22,0.3,4178,564,-385,-29,32622.999999999993,4679.564999999993,-20.08999999997468,88.23000000000138,0.4427955959789373,0.4326241134751773,0.0018576165794194632,0.007666271991197571,0.5313547151747248,0.5407801418439716,-0.0005322013275763648,0.014641861911425247,10.51464756833908,11.060764459689324,0.366048713430418,0.621228631570089,1.5017966229484891,2.801883218426178,-0.03039447683929386,-0.38868350443273547,-14.625350785044922,-10.317781088775602,-1.363080050138466,-4.059553364033341,2.9589288706200128,12.158091142011726,-0.23426580367277383,-7.193315110647804,43.27537268081449,125.44452286065875,0.926360401082114,4.339015737514146,3489,481,689,83,False,3.668934090520772
0.03,0.1,4446,582,-117,-11,32717.639999999974,4988.6149999999925,74.55000000000655,397.28000000000065,0.4430949167791273,0.42955326460481097,0.0021569373796094804,0.004595423120831221,0.5319388214125056,0.5309278350515464,5.1904910204458865e-05,0.004789555119000033,10.160643851166753,11.591803643997027,0.012044996258090634,1.1522678158777921,1.4864935735408114,2.982888389151531,-0.045697526246971654,-0.20767833370738265,-15.970361410950728,-6.6519932298378155,-2.7080906760442716,-0.39376550509555486,2.6677562150332053,20.134886831122962,-0.5254384592595813,0.7834805784634327,42.605030910390276,133.93713088418053,0.2560186306578984,12.831623761035928,3500,478,946,104,False,3.627567161150319
0.22,0.09,4371,578,-192,-15,31667.98999999999,5046.519999999993,-975.0999999999767,455.1850000000013,0.44086021505376344,0.43252595155709345,-7.776434575440527e-05,0.0075681100731136985,0.5296270876229696,0.5415224913494809,-0.0022598288793315158,0.015384211416934579,9.981579082653255,11.658167661643944,-0.16701977225540787,1.218631833524709,1.4706614950307266,3.1439920683117664,-0.06152960475705638,-0.046574654547147265,-14.948691697235928,-7.44366036876849,-1.6864209623294713,-1.1854326440262293,2.8083825992036795,18.24896031857353,-0.3848120750891071,-1.1024459340859991,41.981645643377895,135.8390626945946,-0.3673666363544825,14.733555571449983,3373,472,998,106,False,3.614922300738533
0.06,0.09,4449,583,-114,-10,32717.084999999985,4998.549999999993,73.99500000001717,407.21500000000106,0.44279613396268824,0.4288164665523156,0.0018581545631704,0.0038586250683358414,0.5322544391998202,0.5317324185248714,0.00036752269751905153,0.005594138592325049,10.173738277974339,11.600998346610256,0.02513942306567607,1.161462518491021,1.501396770354588,2.989204552231035,-0.030794329433194934,-0.20136217062787853,-14.458724676370693,-6.6519932298378155,-1.1964539414642363,-0.39376550509555486,2.9500335955349,20.183856968631382,-0.24316107875788662,0.8324507159718522,42.65372354388302,134.26287990735077,0.3047112641506402,13.15737278420616,3482,478,967,105,False,3.6118569786419994
0.18,0.2,4310,571,-253,-22,31827.329999999984,4976.924999999994,-815.7599999999838,385.59000000000196,0.43990719257540606,0.4343257443082312,-0.0010307868241117846,0.009367902824251428,0.528538283062645,0.542907180385289,-0.003348633439656079,0.016768900452742597,10.015043019524139,11.593832370272084,-0.13355583538452365,1.1542965421528493,1.4381403010104845,3.0186971241476206,-0.0940507987772985,-0.17186959871129304,-14.74570183826993,-7.749691409821857,-1.4834311033634737,-1.4914636850795961,2.862691624592058,17.449067359929167,-0.33050304970072863,-1.9023388927303628,42.212397151147044,135.224887428646,-0.13661512858533342,14.119380305501409,3491,480,819,91,False,3.6080481134947804
0.12,0.08,4442,583,-121,-10,32411.434999999976,5020.584999999992,-231.65499999999156,429.25,0.44281855020261146,0.4288164665523156,0.0018805708030936175,0.0038586250683358414,0.5319675821701936,0.5368782161234992,8.066566789244334e-05,0.010739936190952815,10.063440648246898,11.570895628163024,-0.08515820666176488,1.1313598000437892,1.4824527501496274,3.002736814032244,-0.0497383496381556,-0.18782990882666972,-13.863210053324892,-7.41460285133988,-0.6009393184184351,-1.1563751265976192,3.0586939501878003,18.205454029893513,-0.13450072410498626,-1.1459522227660166,42.40331672028754,134.98621135998556,0.054304440555164035,13.880704236840955,3449,476,993,107,False,3.6013550477440748
0.08,0.4,4198,567,-365,-26,32382.814999999984,4797.689999999993,-260.27499999998327,206.35500000000138,0.4449737970462125,0.43209876543209874,0.004035817646694639,0.0071409239481189934,0.5338256312529777,0.5343915343915344,0.001938714750676529,0.008253254458988057,10.34243482165641,11.405970619763638,0.19383596674774672,0.9664347916444029,1.4516929857280931,2.71149884896353,-0.08049811405968987,-0.47906787389538374,-15.501111791501643,-11.519926472122899,-2.238841056595186,-5.261698747380638,2.765856999581976,11.224332919080728,-0.4273376747108104,-8.127073333578801,42.873858549827524,129.30348992643857,0.5248462700951464,8.197982803293968,3636,494,562,73,False,3.5799644599518
0.12,0.06,4463,585,-100,-8,32146.094999999972,5110.164999999992,-496.99499999999534,518.8299999999999,0.44230338337441183,0.42905982905982903,0.0013654039748939861,0.004101987575849286,0.5314810665471655,0.5367521367521367,-0.0004058499551355954,0.010613856819590373,9.976549622403013,11.734667750844517,-0.17204923250564974,1.2951319227252824,1.472407499963639,2.99955314553616,-0.05978359982414405,-0.19101357732275348,-13.108061660581505,-7.443301171360417,0.15420907432495135,-1.1850734466181567,3.214532978604496,18.53194351152939,0.021338304311709244,-0.8194627411301383,42.13629649352046,137.9388368469518,-0.21271578621191622,16.833329723807196,3436,476,1027,109,False,3.48732328782595
0.06,0.1,4441,582,-122,-11,32627.93999999998,4988.6149999999925,-15.149999999986903,397.28000000000065,0.4429182616527809,0.42955326460481097,0.001980282253263077,0.004595423120831221,0.5318621931997298,0.5309278350515464,-2.4723302571305616e-05,0.004789555119000033,10.143190919806743,11.591803643997027,-0.005407935101919392,1.1522678158777921,1.4861555865493417,2.982888389151531,-0.04603551323844135,-0.20767833370738265,-15.397492427218417,-6.6519932298378155,-2.1352216923119602,-0.39376550509555486,2.7654393069234913,20.134886831122962,-0.4277553673692953,0.7834805784634327,42.580830786286604,133.93713088418053,0.23181850655422664,12.831623761035928,3494,478,947,104,False,3.481966550846502
0.12,0.12,4400,580,-163,-13,32357.81499999998,4959.219999999992,-285.2749999999869,367.8850000000002,0.44136363636363635,0.43103448275862066,0.00042565696411850373,0.006076641274640915,0.5313636363636364,0.5379310344827586,-0.0005232801386647612,0.011792754550212226,10.095080175511507,11.481464589275115,-0.05351867939715582,1.04192876115588,1.4642484342998912,2.955453540130465,-0.06794266548789185,-0.2351131827284485,-15.527169102745475,-7.4245154141737935,-2.2648983678390184,-1.1662876894315328,2.731220200107621,17.910221728570303,-0.46197447418516546,-1.441184524089227,42.40811790390537,132.97471729504062,0.05910562417299303,11.869210171896015,3482,478,918,102,False,3.468098372535308
0.2,0.35,4152,565,-411,-28,30967.08999999999,4924.039999999994,-1675.9999999999782,332.70500000000175,0.4421965317919075,0.43716814159292033,0.0012585523923896447,0.012210300108940586,0.5303468208092486,0.5433628318584071,-0.0015400956930525789,0.0172245519258607,9.989226943434788,11.596211150123304,-0.1593719114738743,1.1566753220040695,1.4075400618786766,2.8489929031649677,-0.12465103790910637,-0.34157381969394596,-14.170008302566739,-10.150039265950973,-0.9077375676602824,-3.891811541208712,2.9585744164922194,13.149647185742715,-0.23462025780056717,-6.201759066916814,41.923024045456295,133.46943526869026,-0.42598823427608323,12.363928145545657,3525,486,627,79,False,3.460885710238157
0.2,0.2,4291,570,-272,-23,31540.33999999999,4931.914999999994,-1102.7499999999782,340.58000000000175,0.43975763225355397,0.43508771929824563,-0.0011803471459638781,0.010129877814265886,0.5285481239804242,0.543859649122807,-0.0033387925218769654,0.017721369190260683,9.972166131588045,11.516799358111834,-0.17643272332061777,1.0772635299925994,1.4384788966627249,3.034901732757418,-0.09371220312505812,-0.1556649901014957,-14.708126954989753,-7.6531240070031314,-1.4458562200832965,-1.3948962822608708,2.8602585458467455,17.473961779777056,-0.33293612844604104,-1.8774444728824733,42.06904581640831,133.73039639426696,-0.2799664633240653,12.624889271122356,3463,479,828,91,False,3.347508383877801
0.2,0.3,4195,565,-368,-28,32140.574999999986,4728.924999999994,-502.5149999999812,137.59000000000196,0.44219308700834326,0.4336283185840708,0.001255107608825412,0.008670477100091056,0.531108462455304,0.5415929203539823,-0.0007784540469971679,0.015454640421435961,10.311276269663853,11.16441316963636,0.1626774147551906,0.724877341517125,1.4672190417422344,2.80928121009269,-0.06497205804554862,-0.3812855127662238,-14.093906667291378,-10.278573298227766,-0.8316359323849216,-4.020345573485505,3.0382858385876657,12.360940803352166,-0.15490883570512093,-6.990465449307363,42.82131703760768,127.05283608230964,0.4723047578752997,5.947328959165034,3508,482,687,83,False,3.309429050437114
0.01,0.03,4516,591,-47,-2,33504.79499999997,4864.599999999993,861.7050000000017,273.26500000000124,0.4430912311780337,0.4263959390862944,0.00215325177851583,0.0014380976023146697,0.5336581045172719,0.5279187817258884,0.0017711880149707815,0.001780501793341993,10.39186906406789,11.037143438621728,0.2432702091592276,0.597607610502493,1.5460092388957625,3.1376606059275596,0.013818139107979466,-0.05290611693135405,-12.879063709693494,-6.809922501739207,0.3832070252129629,-0.5516947769969462,3.3537393370968442,19.073770366430264,0.16054466280405766,-0.27763588622926605,43.19302258817548,129.89089801135992,0.844010308443103,8.785390888215318,3444,475,1072,116,False,3.2776091376644674
0.22,0.2,4275,569,-288,-24,31770.92499999999,4882.554999999994,-872.164999999979,291.2200000000021,0.44,0.43409490333919154,-0.0009379793995178409,0.009137061855211792,0.5284210526315789,0.5430579964850615,-0.00346586387072223,0.01691971655251512,10.091020450698158,11.414687597605278,-0.05757840421050453,0.9751517694860432,1.460940633092581,3.029743490200036,-0.07125046669520207,-0.16082323265887766,-15.239056933302875,-7.682658147884059,-1.9767861983964181,-1.4244304231417981,2.7765640323658305,17.19421142607892,-0.4166306419269561,-2.1571948265806107,42.312217368183894,132.0972485090064,-0.036794911548483356,10.991741385861786,3445,478,830,91,False,3.252285151814185
0.15,0.03,4480,589,-83,-4,32920.31999999998,4897.144999999991,277.2300000000105,305.8099999999995,0.4426339285714286,0.42784380305602715,0.0016959491719107378,0.002885961572047402,0.5323660714285714,0.534804753820034,0.00047915492627026435,0.008666473887487647,10.224797694933073,11.030244318195876,0.07619884002441069,0.5907084900766417,1.511566656663138,3.145094370381921,-0.020624443124644953,-0.04547235247699266,-13.128928204600276,-7.615166060920031,0.13334253030618015,-1.3569383361777705,3.261460268064862,17.195838264800393,0.0682655937720753,-2.1555679878591363,42.81947770157994,130.94916394317795,0.4704654218475639,9.843656820033345,3386,472,1094,117,False,3.2162404449624904
0.15,0.35,4190,567,-373,-26,31696.139999999985,4859.254999999992,-946.9499999999825,267.9200000000001,0.44367541766109786,0.43386243386243384,0.0027374382615800164,0.00890459237845409,0.5317422434367541,0.5396825396825397,-0.00014467306554699633,0.013544259749993293,10.127240469521531,11.423974605736024,-0.021358385387131307,0.9844387776167896,1.4238498403596385,2.6847712259676766,-0.10834125942814454,-0.505795496891237,-14.464307490306982,-11.307087294858809,-1.2020367554005258,-5.048859570116548,2.927738743049463,11.61470058589428,-0.26545593124332356,-7.73670566676525,42.3477134307523,131.32843342835437,-0.0012988489800775938,10.222926305209768,3573,488,617,79,False,3.2060903524613162
0.22,0.15,4315,572,-248,-21,31670.939999999988,4975.184999999994,-972.1499999999796,383.8500000000022,0.43939745075318654,0.43356643356643354,-0.0015405286463313073,0.008608592082453792,0.5281575898030128,0.541958041958042,-0.0037293266992883822,0.01581976202549562,10.025943217934042,11.562724927308595,-0.12265563697462056,1.1231890991893607,1.4606807198106107,3.072105350758242,-0.07151037997717236,-0.11846137210067154,-15.050032646335232,-7.355423250253635,-1.7877619114287757,-1.0971955255113741,2.7960974801234277,18.376511488175883,-0.39709719416935885,-0.974894764483647,42.08135835819326,135.1670198586819,-0.2676539215391145,14.061512735537292,3416,476,899,96,False,3.1601683320494915
0.05,0.03,4510,591,-53,-2,33362.424999999974,4864.599999999993,719.3350000000064,273.26500000000124,0.4434589800443459,0.4263959390862944,0.0025210006448280753,0.0014380976023146697,0.5337028824833703,0.5279187817258884,0.0018159659810691453,0.001780501793341993,10.343046409682959,11.037143438621728,0.1944475547742961,0.597607610502493,1.5381268334647948,3.1376606059275596,0.005935733677011834,-0.05290611693135405,-12.879063709693494,-6.809922501739207,0.3832070252129629,-0.5516947769969462,3.344843689719972,19.073770366430264,0.15164901542718523,-0.27763588622926605,43.07845497886977,129.89089801135992,0.7294426991373939,8.785390888215318,3435,475,1075,116,False,3.1561168653520144
0.3,0.02,4392,583,-171,-10,32382.23499999999,4707.144999999993,-260.85499999997774,115.81000000000131,0.4412568306010929,0.4339622641509434,0.0003188512015750433,0.009004422666963663,0.531648451730419,0.5351629502572899,-0.00023846477188216308,0.009024670324743522,10.441406262973265,10.73242007591578,0.29280740806460237,0.292884247796545,1.5296836138003882,3.193944930986174,-0.0025074859873948085,0.003378208127260418,-14.787777457744767,-7.536149130909386,-1.5255067228383101,-1.2779214061671258,2.885788004962479,16.561093923031446,-0.30740666933030747,-2.790312329628083,42.674390807614394,124.80687357496217,0.32537852788201604,3.701366451817563,3225,456,1167,127,False,3.1457167570469955
0.02,0.03,4514,591,-49,-2,33397.774999999965,4864.599999999993,754.6849999999977,273.26500000000124,0.44306601683650865,0.4263959390862944,0.002128037436990804,0.0014380976023146697,0.5336730172795746,0.5279187817258884,0.0017861007772734805,0.001780501793341993,10.35354985185066,11.037143438621728,0.2049509969419976,0.597607610502493,1.5389636102457989,3.1376606059275596,0.006772510458015857,-0.05290611693135405,-12.879063709693494,-6.809922501739207,0.3832070252129629,-0.5516947769969462,3.3470545072360345,19.073770366430264,0.1538598329432479,-0.27763588622926605,43.10692823850965,129.89089801135992,0.757915958777275,8.785390888215318,3440,475,1074,116,False,3.121338463229493
0.04,0.03,4512,591,-51,-2,33335.77499999997,4864.599999999993,692.685000000005,273.26500000000124,0.4434840425531915,0.4263959390862944,0.002546063153673672,0.0014380976023146697,0.5336879432624113,0.5279187817258884,0.0018010267601101804,0.001780501793341993,10.33357530727528,11.037143438621728,0.18497645236661775,0.597607610502493,1.5352578635391336,3.1376606059275596,0.0030667637513506207,-0.05290611693135405,-13.117182550282823,-6.809922501739207,0.14508818462363315,-0.5516947769969462,3.2824867319252253,19.073770366430264,0.08929205763243875,-0.27763588622926605,43.05697768154446,129.89089801135992,0.707965401812082,8.785390888215318,3438,475,1074,116,False,3.117527524802159
0.01,0.15,4410,577,-153,-16,32866.84999999998,4927.214999999993,223.7600000000093,335.880000000001,0.4410430839002268,0.42980935875216636,0.00010510450070894128,0.0048515172681866114,0.5310657596371882,0.5320623916811091,-0.0008211568651129708,0.005924111748562777,10.246766215003987,11.504762932136519,0.09816736009532434,1.0652271040172838,1.4905159819892906,2.8883081826629398,-0.04167511779849242,-0.30225854019597387,-15.421836884278006,-7.608022722594454,-2.1595661493715497,-1.349794997852193,2.776928950850821,17.340801701966054,-0.41626572344196555,-2.0106045506934755,42.825345319250616,131.9292133765623,0.4763330395182379,10.823706253417697,3544,482,866,95,False,3.0952571345354722
0.08,0.07,4464,583,-99,-10,32514.049999999977,4942.789999999993,-129.03999999998996,351.45500000000084,0.4435483870967742,0.4288164665523156,0.002610407697256345,0.0038586250683358414,0.5327060931899642,0.5317324185248714,0.0008191766876630702,0.005594138592325049,10.073119382886839,11.445882734346037,-0.07547947202182392,1.0063469062268027,1.4975854868634353,2.961896464309212,-0.03460561292434772,-0.2286702585497018,-13.982331640579792,-7.451059283272032,-0.7200609056733356,-1.1928315585297717,3.0351596952894155,17.774344228034728,-0.15803497900337105,-1.5770620246248015,42.43860944165772,132.43769256437082,0.08959716192534017,11.332185441226216,3461,477,1003,106,False,3.0898447936667814
0.08,0.18,4371,574,-192,-19,32339.514999999985,4950.654999999994,-303.57499999998254,359.32000000000244,0.4404026538549531,0.43205574912891986,-0.0005353255445647576,0.007097907644940116,0.5305422100205902,0.5348432055749129,-0.0013447064817109222,0.008704925642366579,10.105505370653557,11.566932016699958,-0.04309348425510606,1.1273961885807235,1.4699043656507866,2.90458948037071,-0.06228673413699637,-0.28597724248820366,-14.64384106679506,-7.970973898605482,-1.3815703318886037,-1.7127461738632217,2.9049941311149152,16.85515741180964,-0.28820054317787136,-2.4962488408498906,42.54027235601923,134.35201978642138,0.19126007628685215,13.246512663276775,3532,481,839,93,False,3.0604195946396886
0.05,0.15,4404,577,-159,-16,32785.58999999998,4927.214999999993,142.50000000001455,335.880000000001,0.44141689373297005,0.42980935875216636,0.00047891433345220724,0.0048515172681866114,0.5311080835603996,0.5320623916811091,-0.0007788329419015083,0.005924111748562777,10.213970815704148,11.504762932136519,0.0653719607954848,1.0652271040172838,1.4856803824398208,2.8883081826629398,-0.046510717347962194,-0.30225854019597387,-15.074703837253821,-7.608022722594454,-1.8124331023473648,-1.349794997852193,2.836473164774078,17.340801701966054,-0.3567215095187084,-2.0106045506934755,42.758992901287286,131.9292133765623,0.409980621554908,10.823706253417697,3535,482,869,95,False,3.0583377052521312
0.3,0.15,4238,567,-325,-26,30806.614999999998,4938.039999999994,-1836.4749999999694,346.70500000000175,0.438886267107126,0.43915343915343913,-0.0020517122923918163,0.014195597669459381,0.5273714016045304,0.5414462081128748,-0.004515514897770689,0.015307928180328445,10.033609608727001,11.600019168770674,-0.11498924618166129,1.1604833406514388,1.4426158579333321,3.0554832598966235,-0.08957524185445087,-0.13508346296229012,-15.155204074467022,-7.793178070898588,-1.8929333395605656,-1.534950346156327,2.741127170564143,17.18598899144439,-0.4520675037286437,-2.16541726121514,41.542341663965956,133.93347253482895,-0.8066706157664214,12.827965411684346,3319,466,919,101,False,3.05491455507517
0.12,0.09,4428,582,-135,-11,32017.849999999984,5023.924999999992,-625.2399999999834,432.59000000000015,0.44173441734417346,0.42955326460481097,0.0007964379446556147,0.004595423120831221,0.5309394760614273,0.5378006872852233,-0.0009474404408738035,0.011662407352676984,9.969082870281095,11.592229398507966,-0.17951598462756735,1.152693570388731,1.4620077507952527,3.005251143085542,-0.07018334899253031,-0.18531557977337165,-14.521596509727441,-7.41460285133988,-1.2593257748209847,-1.1563751265976192,2.897673993164874,18.22025487489307,-0.2955206811279125,-1.1311513777664608,42.078852545471015,135.0959537475215,-0.2701597342613624,13.990446624376887,3456,476,972,106,False,3.0361539583282453
0.03,0.03,4512,591,-51,-2,33288.58499999997,4864.599999999993,645.4950000000026,273.26500000000124,0.4432624113475177,0.4263959390862944,0.002324431947999861,0.0014380976023146697,0.5336879432624113,0.5279187817258884,0.0018010267601101804,0.001780501793341993,10.31598917373192,11.037143438621728,0.16739031882325683,0.597607610502493,1.533107563169104,3.1376606059275596,0.0009164633813210088,-0.05290611693135405,-13.117182550282823,-6.809922501739207,0.14508818462363315,-0.5516947769969462,3.2795855729131427,19.073770366430264,0.0863908986203561,-0.27763588622926605,43.01892264917557,129.89089801135992,0.669910369443194,8.785390888215318,3438,475,1074,116,False,3.0061297918034
0.08,0.08,4456,583,-107,-10,32498.119999999974,4942.789999999993,-144.9699999999939,351.45500000000084,0.44322262118491923,0.4288164665523156,0.0022846417854013867,0.0038586250683358414,0.53254039497307,0.5317324185248714,0.000653478470768909,0.005594138592325049,10.071873014660868,11.445882734346037,-0.07672584024779461,1.0063469062268027,1.4921480686654738,2.961896464309212,-0.040043031122309225,-0.2286702585497018,-14.46460697264863,-7.451059283272032,-1.2023362377421734,-1.1928315585297717,2.9364415125992434,17.774344228034728,-0.25675316169354323,-1.5770620246248015,42.474472377917905,132.43769256437082,0.1254600981855276,11.332185441226216,3464,477,992,106,False,2.9805720940479294
0.02,0.15,4408,577,-155,-16,32759.829999999973,4927.214999999993,116.74000000000524,335.880000000001,0.44101633393829404,0.42980935875216636,7.835453877619303e-05,0.0048515172681866114,0.5310798548094374,0.5320623916811091,-0.0008070616928637087,0.005924111748562777,10.208320940307148,11.504762932136519,0.05972208539848545,1.0652271040172838,1.4837340953680695,2.8883081826629398,-0.048457004419713456,-0.30225854019597387,-15.300118508297134,-7.608022722594454,-2.037847773390677,-1.349794997852193,2.7933077005087585,17.340801701966054,-0.39988697378402804,-2.0106045506934755,42.73793884792296,131.9292133765623,0.388926568190584,10.823706253417697,3540,482,868,95,False,2.939888435538682
0.04,0.15,4406,577,-157,-16,32697.829999999976,4927.214999999993,54.74000000000888,335.880000000001,0.44144348615524287,0.42980935875216636,0.000505506755725027,0.0048515172681866114,0.53109396277803,0.5320623916811091,-0.0007929537242711282,0.005924111748562777,10.188253721802637,11.504762932136519,0.03965486689397402,1.0652271040172838,1.4801929620827186,2.8883081826629398,-0.05199813770506445,-0.30225854019597387,-15.65187894586243,-7.608022722594454,-2.3896082109559735,-1.349794997852193,2.7272908336048514,17.340801701966054,-0.4659038406879352,-2.0106045506934755,42.68722597774337,131.9292133765623,0.3382136980109891,10.823706253417697,3538,482,868,95,False,2.937820480652652
0.12,0.1,4420,581,-143,-12,31928.70499999998,5013.989999999992,-714.3849999999875,422.65499999999975,0.4418552036199095,0.43029259896729777,0.0009172242203916436,0.00533475748331802,0.5305429864253394,0.5370051635111877,-0.0013439300769617635,0.010866883578641295,9.938553405269209,11.583077676541777,-0.2100454496394537,1.143541848422542,1.447127971623748,2.9985823978581263,-0.08506312816403505,-0.19198432500078733,-15.463824184072006,-7.41460285133988,-2.2015534491655497,-1.1563751265976192,2.7163426016926016,18.176239638326845,-0.47685207260018503,-1.175166614332685,42.00504441627913,134.76959824897517,-0.34396786345325125,13.664091125830566,3468,476,952,105,False,2.90746470218152
0.1,0.05,4473,586,-90,-7,32556.809999999976,4976.324999999993,-86.27999999999156,384.9900000000016,0.4422088084059915,0.4283276450511945,0.0012708290064736838,0.0033698035672147797,0.5318578135479544,0.5324232081911263,-2.9102954346771348e-05,0.006284928258579958,10.103600918065384,11.38328276460285,-0.04499793684327891,0.9437469364836151,1.4861592055037047,3.06533849394535,-0.04603189428407828,-0.12522822891356356,-13.60484090842704,-7.37267852748621,-0.34257017352058305,-1.1144508027439493,3.121948510674981,18.112073390455077,-0.07124616361780545,-1.2393328622044528,42.473612812033856,133.5344945740625,0.1246005323014785,12.428987450917901,3434,476,1039,110,False,2.8993689703126044
0.25,0.01,4452,586,-111,-7,33211.68999999997,4635.319999999992,568.6000000000058,43.98500000000058,0.44249775381850853,0.4283276450511945,0.0015597744189906892,0.0033698035672147797,0.5314465408805031,0.5341296928327645,-0.00044037562179799483,0.007991412900218098,10.529889318454375,10.497478174792331,0.38129046354571194,0.05794234667309617,1.5692701484940708,3.2269623505739142,0.037079048706287754,0.0363956277150006,-14.19532738150563,-6.509835032862044,-0.933056646599173,-0.25160730811978294,3.047194486261809,18.818834311659444,-0.14600018803097736,-0.5325719410000858,43.25592332760524,122.50750687966692,0.9069110478728604,1.401999756522315,3273,460,1179,126,False,2.876368205271654
0.06,0.03,4507,591,-56,-2,33198.88499999997,4864.599999999993,555.7950000000055,273.26500000000124,0.4430885289549589,0.4263959390862944,0.0021505495554410836,0.0014380976023146697,0.5336143776347904,0.5279187817258884,0.0017274611324892275,0.001780501793341993,10.29873252468195,11.037143438621728,0.1501336697732878,0.597607610502493,1.532496001284128,3.1376606059275596,0.0003049014963449892,-0.05290611693135405,-12.879063709693494,-6.809922501739207,0.3832070252129629,-0.5516947769969462,3.3384451516985116,19.073770366430264,0.14525047740572505,-0.27763588622926605,42.99604780004249,129.89089801135992,0.6470355203101121,8.785390888215318,3432,475,1075,116,False,2.8593715185338753
0.08,0.12,4415,580,-148,-13,32455.159999999978,4881.424999999993,-187.92999999998938,290.09000000000106,0.4416761041902605,0.43103448275862066,0.0007381247907426447,0.006076641274640915,0.5318233295583239,0.5327586206896552,-6.358694397723408e-05,0.006620340757108822,10.104987988029121,11.355452166327405,-0.04361086687954163,0.9159163382081701,1.4743955851006927,2.9150794729116667,-0.05779551468709032,-0.27548724994724694,-16.194213906789845,-7.461069628560423,-2.931943171883388,-1.2028419038181628,2.6236653443001456,17.482436868138123,-0.5695293299926409,-1.8689693845214066,42.48819780542799,130.43767875009036,0.13918552569560916,9.332171626945751,3498,479,917,101,False,2.8279763653584724
0.03,0.15,4406,577,-157,-16,32650.639999999974,4927.214999999993,7.550000000006548,335.880000000001,0.44121652292328645,0.42980935875216636,0.00027854352376860403,0.0048515172681866114,0.53109396277803,0.5320623916811091,-0.0007929537242711282,0.005924111748562777,10.170618515676377,11.504762932136519,0.022019660767714555,1.0652271040172838,1.4779801678337594,2.8883081826629398,-0.0542109319540236,-0.30225854019597387,-15.65187894586243,-7.608022722594454,-2.3896082109559735,-1.349794997852193,2.7248223556522135,17.340801701966054,-0.46837231864057305,-2.0106045506934755,42.64858965964815,131.9292133765623,0.2995773799157746,10.823706253417697,3538,482,868,95,False,2.825266409988515
0.08,0.06,4476,585,-87,-8,32184.779999999977,5032.369999999993,-458.3099999999904,441.03500000000076,0.44258266309204647,0.42905982905982903,0.0016446836925286257,0.004101987575849286,0.5319481680071493,0.5316239316239316,6.125150484814768e-05,0.005485651691385263,9.971833907924744,11.610887590784126,-0.1767649469839192,1.1713517626648908,1.4799935605737304,2.9592214126981067,-0.05219753921405257,-0.23134531016080695,-13.71244518152973,-7.480041058847576,-0.450174446623274,-1.221813334105315,3.075175378243162,18.09796895420909,-0.11801929604962469,-1.2534372984504394,42.16817379774931,135.37355085923272,-0.1808384819830664,14.268043736088117,3450,477,1026,108,False,2.7702557098800438
0.06,0.15,4401,577,-162,-16,32622.04999999998,4927.214999999993,-21.03999999998632,335.880000000001,0.44103612815269255,0.42980935875216636,9.814875317470939e-05,0.0048515172681866114,0.5310156782549421,0.5320623916811091,-0.0008712382473590186,0.005924111748562777,10.169359382465018,11.504762932136519,0.020760527556355157,1.0652271040172838,1.4797669759518635,2.8883081826629398,-0.052424123835919545,-0.30225854019597387,-15.074703837253821,-7.608022722594454,-1.8124331023473648,-1.349794997852193,2.8308638711401035,17.340801701966054,-0.36233080315268307,-2.0106045506934755,42.674434461018926,131.9292133765623,0.3254221812865481,10.823706253417697,3532,482,869,95,False,2.7585987542420933
0.25,0.02,4432,585,-131,-8,33354.04499999997,4584.339999999993,710.9550000000017,-6.994999999998981,0.4435920577617328,0.42735042735042733,0.0026540783622149844,0.002392585866447583,0.532716606498195,0.5333333333333333,0.0008296899958938342,0.007195053400786966,10.56772268132994,10.393257216985532,0.4191238264212771,-0.046278611133702796,1.5674675168585275,3.1163169141870335,0.03527641707074447,-0.07424980867188014,-14.19532738150563,-7.002013544453433,-0.933056646599173,-0.7437858197111726,3.0589006063122057,17.2640301284106,-0.13429406798058086,-2.08737612424893,43.42209553408782,120.88297279098316,1.0730832543554456,-0.22253433216144458,3287,462,1145,123,False,2.731560499475561
0.15,0.3,4233,567,-330,-26,32633.734999999993,4664.139999999992,-9.354999999974098,72.80500000000029,0.4434207417906922,0.43033509700176364,0.0024827623911743424,0.0053772555177838965,0.5322466335931963,0.5379188712522046,0.0003597170908952174,0.011780591319658251,10.375949844780774,10.992492852383766,0.2273509898721109,0.552957024264531,1.4737616890493768,2.637368106821695,-0.05842941073840624,-0.5531986160372186,-14.387171598930937,-11.449906586693913,-1.1249008640244806,-5.191678861951653,2.9910100785092295,10.912155601327763,-0.20218459578355708,-8.439250651331767,43.032175253644176,124.94316229467164,0.6831629739117986,3.8376551715270324,3555,484,678,83,False,2.658897647852272
0.1,0.4,4184,567,-379,-26,32209.329999999987,4673.064999999993,-433.7599999999802,81.73000000000138,0.44478967495219884,0.43209876543209874,0.0038516955526810004,0.0071409239481189934,0.5334608030592735,0.5343915343915344,0.001573886556972326,0.008253254458988057,10.308812816454084,11.091057191132101,0.16021396154542167,0.6515213630128667,1.4389104447640924,2.6377209203835825,-0.09328065502369065,-0.5528458024753311,-15.338405978168822,-11.524393517731369,-2.0761352432623656,-5.266165792989108,2.785762066005733,10.866791436315985,-0.40743260828705363,-8.484614816343544,42.72914952697826,125.23318078721869,0.3801372472458837,4.127673664074081,3621,494,563,73,False,2.6319444975837962
0.12,0.03,4491,590,-72,-3,32687.159999999974,4889.974999999991,44.070000000006985,298.6399999999994,0.44244043642841235,0.4271186440677966,0.0015024570288945105,0.0021608025838168454,0.5323981295925184,0.5338983050847458,0.0005112130902172884,0.0077600251521994235,10.14601410756826,11.031768949810814,-0.0025847473404034815,0.5922331216915797,1.4998470268140764,3.155147217227855,-0.03234407297370656,-0.035419505631058446,-13.484659297592671,-7.589756084180566,-0.22238856268621454,-1.3315283594383054,3.1576736770662563,17.222661295278964,-0.03552099722653024,-2.1287449573805652,42.58015370821513,130.71579835162467,0.23114142848275065,9.610291228480065,3408,473,1083,117,False,2.6147972448000045
0.12,0.35,4211,568,-352,-25,31549.534999999985,4852.084999999992,-1093.554999999982,260.75,0.44312514842080264,0.43309859154929575,0.002187169021284796,0.008140750065316005,0.5319401567323676,0.5387323943661971,5.3240230066475824e-05,0.012594114433650772,10.059288823624236,11.426225601361685,-0.08931003128442683,0.9866897732424498,1.4196740284185672,2.6804859263346965,-0.11251707136921585,-0.5100807965242171,-14.820718629677376,-11.682511100931148,-1.5584478947709197,-5.424283376188887,2.8456562271399983,11.221227979613708,-0.34753844715278825,-8.130178273045821,42.174670259231206,131.09212043791635,-0.17434202050117165,9.986613314771745,3595,489,616,79,False,2.6091603217465624
0.15,0.15,4362,575,-201,-18,31924.939999999988,4959.759999999992,-718.1499999999796,368.4250000000002,0.4401650618982118,0.43130434782608695,-0.0007729175013060363,0.0063465063421072054,0.5293443374598807,0.5391304347826087,-0.00254257904242039,0.012992154850062332,9.982436194915175,11.49416816549991,-0.16616265999348734,1.054632337380676,1.4430821058240215,2.90665428581305,-0.08910899396376148,-0.28391243704586344,-14.788203746714611,-7.580701750273288,-1.5259330118081547,-1.3224740255310277,2.8500729367402853,17.76278241405133,-0.3431217375525013,-1.5886238386082,42.1474592815126,134.6543557359225,-0.2015529982197748,13.548848612777903,3482,479,880,96,False,2.597236316493978
0.18,0.25,4259,567,-304,-26,32428.664999999986,4714.114999999994,-214.42499999998108,122.78000000000247,0.4409485794787509,0.43209876543209874,1.0600079233036297e-05,0.0071409239481189934,0.5299366048368161,0.5396825396825397,-0.0019503116654849828,0.013544259749993293,10.281849689275923,11.084020895009314,0.13325083436726004,0.6444850668900788,1.4733309817207914,2.806031408075413,-0.05886011806699165,-0.38453531478350067,-14.132441186874011,-10.440418340965007,-0.8701704519675548,-4.182190616222746,3.0258371001626547,12.123043270543722,-0.16735757413013186,-7.228362982115808,42.762464859110125,126.56964331009708,0.41345257937774704,5.464136186952473,3519,482,740,85,False,2.5853890545158102
0.22,0.25,4222,565,-341,-28,32484.889999999992,4619.7449999999935,-158.19999999997526,28.410000000001673,0.44126006631927994,0.431858407079646,0.000322086919762099,0.006900565595666264,0.530317385125533,0.5398230088495575,-0.001569531376768185,0.013684728917011113,10.399984735325491,10.901358497511648,0.2513858804168283,0.46182266939241323,1.5004874523415554,2.8101001031143795,-0.031703647446227556,-0.3804666197445341,-14.622711753181516,-10.365700275305855,-1.3604410182750595,-4.107472550563594,2.9412425311513735,11.914629059242621,-0.2519521431414131,-7.4367771934169085,43.00894172922454,123.50347371955839,0.6599294494921608,2.397966596413781,3472,480,750,85,False,2.4712720729005575
0.18,0.01,4500,589,-63,-4,32776.60499999997,4815.999999999993,133.51499999999942,224.66500000000087,0.44133333333333336,0.42784380305602715,0.0003953539338155121,0.002885961572047402,0.5308888888888889,0.534804753820034,-0.0009980276134122779,0.008666473887487647,10.22193247031285,10.85181815273031,0.07333361540418792,0.41228232461107517,1.5242413912687758,3.1892330493678185,-0.007949708519007226,-0.0013336734910951442,-14.182932636060652,-7.13802474515245,-0.9206619011541957,-0.879797020410189,3.0108250147292432,17.976305079730356,-0.18236965956354334,-1.375101172929174,42.70232836287118,128.31531048552495,0.35331608313880025,7.209803362380342,3350,466,1150,123,False,2.4044117449606457
0.1,0.18,4359,574,-204,-19,32368.674999999977,4826.029999999994,-274.41499999998996,234.69500000000244,0.44023858683184214,0.43205574912891986,-0.0006993925676757051,0.007097907644940116,0.5303968800183528,0.5348432055749129,-0.0014900364839482982,0.008704925642366579,10.13310822323966,11.257167769244878,-0.015490631669003108,0.8176319411256436,1.4637153062961918,2.821365551907236,-0.06847579349159116,-0.3692011709516776,-14.479161806408802,-7.97420016703807,-1.2168910715023458,-1.7159724422958096,2.939699039058216,16.33197752642654,-0.25349563523457075,-3.019428726232988,42.564378048668374,130.23445791929254,0.21536576893599602,9.128950796147933,3519,481,840,93,False,2.3969850582347187
0.08,0.09,4443,582,-120,-11,32090.374999999985,4946.129999999994,-552.714999999982,354.7950000000019,0.44204366419086205,0.42955326460481097,0.001105684791344208,0.004595423120831221,0.5313977042538826,0.5326460481099656,-0.0004892122484185801,0.006507768177419271,9.970743712780063,11.467170349542423,-0.17785514212859965,1.0276345214231881,1.4709855441201753,2.9644040957072804,-0.06120555566760766,-0.22616262715163327,-15.181775593185131,-7.451059283272032,-1.9195048582786747,-1.1928315585297717,2.7756182128347437,17.788988776730616,-0.41757646145804284,-1.562417475928914,42.138812839614644,132.54680996488065,-0.21019944011773362,11.441302841736047,3472,477,971,105,False,2.362363674941177
0.01,0.3,4287,569,-276,-24,33192.14499999998,4631.594999999992,549.0550000000148,40.26000000000022,0.44343363657569396,0.4288224956063269,0.0024956571761761137,0.0038646541223471553,0.5332400279916025,0.5307557117750439,0.0013531114893013951,0.004617431842497521,10.506698782567865,10.99942504454656,0.35809992765920207,0.5598892164273259,1.5006391028048398,2.6176386404869953,-0.0315519969829432,-0.5729280823719183,-16.027259919208227,-11.482920001076746,-2.76498918430177,-5.224692276334485,2.707327035400151,10.658316390620893,-0.4858676388926355,-8.693089862038637,43.391034082657676,122.38859445966477,1.042021802925298,1.2830873365201683,3617,487,670,82,False,2.3532527825696636
0.01,0.35,4246,569,-317,-24,32219.92499999998,4793.929999999993,-423.1649999999863,202.59500000000116,0.4437117286858219,0.4305799648506151,0.0027737492863040836,0.005622123366635368,0.5329722091380122,0.5325131810193322,0.0010852926357111103,0.006374901086785845,10.243541562360544,11.340639802158048,0.0949427074518816,0.9011039740388131,1.4512205927934199,2.645375311622973,-0.08097050699436315,-0.5451914112359408,-16.113641706829675,-11.339463518889549,-2.8513709719232185,-5.081235794147288,2.649200107742534,11.252885620752444,-0.5439945665502526,-8.098520631907085,42.68826134585777,127.60168597875912,0.3392490661253902,6.496178855614517,3636,491,610,78,False,2.3449779061751257
0.2,0.01,4485,588,-78,-5,32698.309999999976,4770.9899999999925,55.22000000000844,179.65500000000065,0.4408026755852843,0.42857142857142855,-0.00013530381423354498,0.0036135870874487996,0.5306577480490524,0.5357142857142857,-0.001229168453248719,0.009576005781739338,10.244874556463293,10.775574199729542,0.09627570155462983,0.33603837161030725,1.5302422452806441,3.2048946739709603,-0.0019488545071388863,0.014327951112046655,-14.142800694781776,-7.041594972693943,-0.8805299598753198,-0.7833672479516824,3.0218179806114414,18.01597096495856,-0.17137669368134523,-1.335435287700971,42.736969435695556,126.86117057505224,0.3879571559631785,5.755663451907637,3323,465,1162,123,False,2.3142229581928517
0.2,0.25,4238,566,-325,-27,32084.254999999983,4669.104999999994,-558.8349999999846,77.77000000000226,0.44077394997640396,0.43286219081272087,-0.00016402942311388724,0.007904349328741123,0.5302029259084474,0.5406360424028268,-0.0016839905938537125,0.01449776247028045,10.227184235088464,11.005021797419747,0.07858538017980088,0.5654859693005125,1.4701410790755591,2.8171359905568054,-0.062050020712223874,-0.3734307323021082,-14.09134237139832,-10.32612814956092,-0.8290716364918627,-4.06790042481866,3.024874532679054,12.11533250036746,-0.16832014161373277,-7.23607375229207,42.62454267050404,125.10447597333471,0.27553039077166375,3.99896885019011,3490,481,748,85,False,2.2645170705388318
0.08,0.1,4435,581,-128,-12,32001.22999999998,4936.194999999993,-641.859999999986,344.8600000000015,0.4421645997745209,0.43029259896729777,0.0012266203750030402,0.00533475748331802,0.5310033821871477,0.53184165232358,-0.0008835343151534225,0.00570337239103369,9.94027769024284,11.457825332167465,-0.20832116466582207,1.01828950404823,1.4560130821597363,2.958087213488215,-0.07617801762804666,-0.2324795093706986,-16.12479797068239,-7.451059283272032,-2.862527235775934,-1.1928315585297717,2.608721112108398,17.745438393971536,-0.5844735621843884,-1.6059678586879933,42.065100894601805,132.22231348113357,-0.28391138513057257,11.116806357988963,3484,477,951,104,False,2.2339081205922993
0.04,0.3,4283,569,-280,-24,33025.044999999984,4631.594999999992,381.9550000000163,40.26000000000022,0.4438477702544945,0.4288224956063269,0.0029097908549766682,0.0038646541223471553,0.5332710716787299,0.5307557117750439,0.0013841551764287585,0.004617431842497521,10.447810749262496,10.99942504454656,0.29921189435383333,0.5598892164273259,1.4903363988509757,2.6176386404869953,-0.04185470093680732,-0.5729280823719183,-16.25278459630498,-11.482920001076746,-2.990513861398524,-5.224692276334485,2.661339743795641,10.658316390620893,-0.5318549304971456,-8.693089862038637,43.254181593496035,122.38859445966477,0.9051693137636576,1.2830873365201683,3612,487,671,82,False,2.2005937852030537
0.02,0.3,4285,569,-278,-24,33087.044999999984,4631.594999999992,443.9550000000163,40.26000000000022,0.44340723453908987,0.4288224956063269,0.002469255139572024,0.0038646541223471553,0.5332555425904317,0.5307557117750439,0.0013686260881305978,0.004617431842497521,10.468204663104727,10.99942504454656,0.319605808196064,0.5598892164273259,1.4938231760981717,2.6176386404869953,-0.03836792368961128,-0.5729280823719183,-15.898626196786147,-11.482920001076746,-2.63635546187969,-5.224692276334485,2.723820588462564,10.658316390620893,-0.46937408583022266,-8.693089862038637,43.305005363076376,122.38859445966477,0.9559930833439978,1.2830873365201683,3614,487,671,82,False,2.1999384666150816
0.04,0.35,4242,569,-321,-24,32052.824999999983,4793.929999999993,-590.2649999999849,202.59500000000116,0.44413012729844414,0.4305799648506151,0.003192147898926301,0.005622123366635368,0.533003300330033,0.5325131810193322,0.001116383827731826,0.006374901086785845,10.184547758237025,11.340639802158048,0.03594890332836265,0.9011039740388131,1.4410661003931482,2.645375311622973,-0.09112499939463481,-0.5451914112359408,-16.33967508087164,-11.339463518889549,-3.077404345965183,-5.081235794147288,2.6040093192413605,11.252885620752444,-0.5891853550514261,-8.098520631907085,42.54866618396558,127.60168597875912,0.19965390423320173,6.496178855614517,3631,491,611,78,False,2.1932589119527925
0.02,0.35,4244,569,-319,-24,32114.82499999998,4793.929999999993,-528.2649999999885,202.59500000000116,0.4436852026390198,0.4305799648506151,0.002747223239501939,0.005622123366635368,0.5329877474081055,0.5325131810193322,0.001100830905804373,0.006374901086785845,10.205011099261244,11.340639802158048,0.05641224435258074,0.9011039740388131,1.444511338708475,2.645375311622973,-0.08767976107930808,-0.5451914112359408,-15.983623283039105,-11.339463518889549,-2.721352548132648,-5.081235794147288,2.665259861935427,11.252885620752444,-0.5279348123573597,-8.098520631907085,42.60050958458068,127.60168597875912,0.2514973048483,6.496178855614517,3633,491,611,78,False,2.1916897943494194
0.12,0.15,4379,576,-184,-17,31875.91499999998,4952.589999999993,-767.1749999999884,361.255000000001,0.43982644439369717,0.4305555555555556,-0.001111535005820674,0.005597714071575832,0.5295729618634392,0.5381944444444444,-0.0023139546388619703,0.01205616451189806,9.955044465838105,11.496502944583323,-0.19355438907055778,1.0569671164640884,1.4391018060766456,2.9091087691319952,-0.09308929371113739,-0.2814579537269184,-15.140465792853576,-7.97952922354831,-1.878195057947119,-1.7213014988060493,2.777859455503604,16.845136025161757,-0.41533521878918256,-2.5062702274977724,42.058086063407174,134.41625518742467,-0.29092621632520377,13.310748064280062,3504,480,875,96,False,2.169577008095781
0.1,0.07,4454,583,-109,-10,32435.839999999975,4818.164999999994,-207.24999999999272,226.83000000000175,0.4429726088908846,0.4288164665523156,0.002034629491366735,0.0038586250683358414,0.5321059721598563,0.5317324185248714,0.0002190556575552005,0.005594138592325049,10.064766889620735,11.139065709914245,-0.0838319652879278,0.6995298817950104,1.4866370636220276,2.877309783790711,-0.045554036165755374,-0.31325693906820273,-13.875969212210082,-7.454129258152619,-0.6136984773036254,-1.1959015334103587,3.05380598232373,17.2233903472017,-0.13938869196905657,-2.128015905457829,42.374517790787046,128.3853779116596,0.025505511054667807,7.279870788514984,3450,477,1004,106,False,2.149897048330331
0.28,0.02,4412,584,-151,-9,32227.589999999982,4672.079999999993,-415.49999999998545,80.7450000000008,0.44152311876699907,0.4315068493150685,0.0005851393674812244,0.006549007831088749,0.5305983680870353,0.5342465753424658,-0.0012885484152658222,0.00810829540991942,10.32246320910143,10.655043624039376,0.17386435419276758,0.21550779592014102,1.5305512540620076,3.1977904877024326,-0.0016398457257753574,0.007223764843518943,-14.170178415430158,-7.072298261818788,-0.9079076805237012,-0.8140705370765273,3.002509803783211,17.488342557971865,-0.1906848705095756,-1.8630636946876642,42.546099613686295,123.68277467483595,0.19708733395391675,2.5772675516913495,3256,458,1156,126,False,2.1470627801501605
0.22,0.01,4472,587,-91,-6,32848.88499999998,4721.629999999994,205.7950000000128,130.2950000000019,0.4411896243291592,0.42759795570698467,0.0002516449296413592,0.002640114223004919,0.5306350626118068,0.534923339011925,-0.0012518538904943144,0.008785059079378654,10.336228309703413,10.675988652085845,0.18762945479475057,0.23645282396661038,1.5416595513616358,3.1899950294247383,0.009468451573852787,-0.0005716934341752911,-14.690875272308068,-7.069972273658021,-1.4286045374016112,-0.81174454891576,2.91747063959158,17.718893972416478,-0.27572403470120666,-1.632512280243052,42.860197276860745,125.27208910487073,0.5111849971283675,4.166581981726125,3304,464,1168,123,False,2.135624570571532
0.28,0.01,4433,585,-130,-8,31972.30499999998,4723.059999999992,-670.7849999999889,131.72500000000036,0.4403338596886984,0.4324786324786325,-0.0006041197108194174,0.0075207909946527485,0.5292127227611099,0.535042735042735,-0.0026741937411912664,0.00890445511018867,10.244182624106992,10.759597915539466,0.09558376919832945,0.3200620874202311,1.5257421535511946,3.3219312445419074,-0.0064489462365884265,0.13136452168299373,-14.170178415430158,-6.576039148093383,-0.9079076805237012,-0.317811423351122,2.9840507535217684,19.056766693728385,-0.20914392077101818,-0.294639558931145,42.28453157810226,125.31804381403995,-0.06448070163011721,4.212536690895348,3243,456,1190,129,False,2.114397651746276
0.03,0.3,4283,569,-280,-24,32977.85499999999,4631.594999999992,334.76500000002125,40.26000000000022,0.4436142890497315,0.4288224956063269,0.0026763096502136485,0.0038646541223471553,0.5332710716787299,0.5307557117750439,0.0013841551764287585,0.004617431842497521,10.429829595608128,10.99942504454656,0.2812307406994652,0.5598892164273259,1.4880803770251594,2.6176386404869953,-0.04411072276262362,-0.5729280823719183,-16.25278459630498,-11.482920001076746,-2.990513861398524,-5.224692276334485,2.6589573548984786,10.658316390620893,-0.534237319394308,-8.693089862038637,43.21546113992583,122.38859445966477,0.8664488601934508,1.2830873365201683,3612,487,671,82,False,2.0863512493254124
0.03,0.35,4242,569,-321,-24,32005.63499999998,4793.929999999993,-637.4549999999872,202.59500000000116,0.4438943894389439,0.4305799648506151,0.0029564100394260384,0.005622123366635368,0.533003300330033,0.5325131810193322,0.001116383827731826,0.006374901086785845,10.166565410679475,11.340639802158048,0.017966555770811965,0.9011039740388131,1.438825694642594,2.645375311622973,-0.0933654051451891,-0.5451914112359408,-16.33967508087164,-11.339463518889549,-3.077404345965183,-5.081235794147288,2.6015920058681177,11.252885620752444,-0.5916026684246689,-8.098520631907085,42.50916806887815,127.60168597875912,0.16015578914576878,6.496178855614517,3631,491,611,78,False,2.078577721075971
0.15,0.2,4324,572,-239,-21,31724.764999999985,4867.129999999992,-918.3249999999825,275.7950000000001,0.44033302497687327,0.4318181818181818,-0.0006049544226445769,0.006860340334202075,0.5293709528214616,0.5402097902097902,-0.002515963680839506,0.014071510277243848,9.944972936463952,11.346148287189969,-0.20362591844471112,0.9066124590707343,1.4278632088969436,2.8392004339937733,-0.10432789089083938,-0.3513662888651403,-14.99957576830454,-8.844864055730895,-1.7373050333980835,-2.586636330988634,2.8052635240099093,14.877348965536726,-0.3879311502828773,-4.474057287122804,42.077762778447635,131.588129109841,-0.2712495012847427,10.482621986696387,3510,481,814,91,False,2.044089780951711
0.1,0.08,4446,583,-117,-10,32419.909999999978,4818.164999999994,-223.17999999998938,226.83000000000175,0.4426450742240216,0.4288164665523156,0.0017070948245037632,0.0038586250683358414,0.5319388214125056,0.5317324185248714,5.1904910204458865e-05,0.005594138592325049,10.063515486262991,11.139065709914245,-0.08508336864567134,0.6995298817950104,1.481283312989022,2.877309783790711,-0.05090778679876107,-0.31325693906820273,-14.36029156627291,-7.454129258152619,-1.098020831366453,-1.1959015334103587,2.9533020341302505,17.2233903472017,-0.23989264016253609,-2.128015905457829,42.41027829337727,128.3853779116596,0.06126601364488948,7.279870788514984,3453,477,993,106,False,2.040114688822243
0.05,0.3,4281,569,-282,-24,32947.81499999999,4631.594999999992,304.7250000000204,40.26000000000022,0.44358794674141555,0.4288224956063269,0.0026499673418977077,0.0038646541223471553,0.5330530249941603,0.5307557117750439,0.0011661084918591635,0.004617431842497521,10.42449491633748,10.99942504454656,0.27589606142881706,0.5598892164273259,1.4904820718983929,2.6176386404869953,-0.04170902788939013,-0.5729280823719183,-15.671674866848873,-11.482920001076746,-2.4094041319424164,-5.224692276334485,2.755978306025721,10.658316390620893,-0.43721636826706556,-8.693089862038637,43.19079595212403,122.38859445966477,0.8417836723916494,1.2830873365201683,3609,487,672,82,False,2.031156182364211
0.08,0.03,4502,590,-61,-3,32848.77499999997,4812.179999999993,205.68500000000495,220.84500000000116,0.44247001332741004,0.4271186440677966,0.0015320339278921957,0.0021608025838168454,0.5328742780986229,0.5288135593220339,0.0009873615963217341,0.002675279389487528,10.180941447082786,10.906895270750358,0.03234259217412294,0.46735944263112295,1.514938154156482,3.1121697654008598,-0.017252945631301086,-0.07839695745805386,-13.270486344328802,-7.627959698958408,-0.008215609422345338,-1.3697319742161476,3.2185638863725328,16.805504177811805,0.025369212079746184,-2.5459020748477244,42.71190810245653,128.1917085890256,0.36289582272415544,7.086201465881004,3421,474,1081,116,False,2.030231889500234
0.05,0.35,4240,569,-323,-24,31975.59499999998,4793.929999999993,-667.4949999999881,202.59500000000116,0.44386792452830187,0.4305799648506151,0.0029299451287840284,0.005622123366635368,0.5327830188679246,0.5325131810193322,0.0008961023656234302,0.006374901086785845,10.161101706683763,11.340639802158048,0.0125028517750998,0.9011039740388131,1.4409961882937163,2.645375311622973,-0.09119491149406667,-0.5451914112359408,-15.755458628030395,-11.339463518889549,-2.493187893123938,-5.081235794147288,2.696462738752174,11.252885620752444,-0.49673193554061257,-8.098520631907085,42.48400712243541,127.60168597875912,0.13499484270302986,6.496178855614517,3628,491,612,78,False,2.0226669190363413
0.12,0.3,4253,568,-310,-25,32461.33999999999,4656.969999999992,-181.74999999997817,65.63500000000022,0.4427462967317188,0.4295774647887324,0.0018083173322009372,0.004619623304752629,0.5323301199153538,0.5369718309859155,0.0004432034130527063,0.01083355105336914,10.302011011716003,10.99402489665737,0.15341215680733988,0.5544890685381354,1.465344085812569,2.6328534052802617,-0.06684701397521398,-0.557713317578652,-14.741642537455169,-11.829605186108827,-1.4793718025487124,-5.571377461366566,2.9060069431769127,10.542221278146485,-0.2871877311158739,-8.809184974513045,42.83931556767684,124.71031550506848,0.49030328794446376,3.604808381923874,3577,485,676,83,False,1.9913058325430835
0.01,0.2,4375,574,-188,-19,32364.274999999976,4834.584999999994,-278.8149999999914,243.25000000000182,0.4406857142857143,0.43031358885017423,-0.00025226511380355143,0.0053557473661944854,0.5305142857142857,0.5331010452961672,-0.0013726307880154165,0.0069627653636208375,10.106356917557349,11.355684460097123,-0.04224193735131365,0.9161486319778884,1.4585444835802286,2.8085088270235814,-0.07364661620755442,-0.38205789583533223,-16.663251641581155,-8.874061763522768,-3.4009809066746985,-2.6158340387805072,2.551214383452383,14.527412591364255,-0.6419802908404035,-4.823993661295274,42.511527263088375,128.91715659994475,0.16251498335599734,7.811649476800142,3572,484,803,90,False,1.9322983930156452
0.1,0.06,4467,585,-96,-8,32154.569999999978,4907.7449999999935,-488.5199999999895,316.4100000000017,0.4421311842399821,0.42905982905982903,0.001193204840464257,0.004101987575849286,0.5314528766509962,0.5316239316239316,-0.00043403985130496814,0.005485651691385263,9.976646485160732,11.304917387811049,-0.17195236974793104,0.865381559691814,1.4713079938867664,2.876181034896248,-0.06088310590101664,-0.31438568796266564,-13.60484090842704,-7.483134967192628,-0.34257017352058305,-1.2249072424503673,3.09766812100644,17.545372955289377,-0.09552655328634652,-1.8060332973701527,42.143281973398736,131.29439387416178,-0.20573030633364198,10.18888675101718,3440,477,1027,108,False,1.9315820708181282
0.1,0.12,4404,580,-159,-13,32366.28999999998,4756.799999999994,-276.79999999998836,165.46500000000196,0.44118982742960944,0.43103448275862066,0.00025184803009159484,0.006076641274640915,0.5313351498637602,0.5327586206896552,-0.0005517666385409514,0.006620340757108822,10.095147298750422,11.047383353120507,-0.053451556158240265,0.6078475250012723,1.4631729160304618,2.830326194564074,-0.06901818375732116,-0.36024052829483955,-16.03654497428979,-7.464147859582592,-2.774274239383333,-1.2059201348403317,2.6449023381411236,16.93478545225933,-0.548292336151663,-2.4166208004001994,42.41509529820435,126.40374258597191,0.0660830184719714,5.298235462827307,3486,479,918,101,False,1.9035768727665825
0.18,0.02,4481,588,-82,-5,32696.019999999975,4765.019999999993,52.93000000000757,173.6850000000013,0.442088819459942,0.4268707482993197,0.001150840060424152,0.0019129068153399542,0.5318009372907833,0.5340136054421769,-8.597921151787258e-05,0.007875325509630549,10.187601500881796,10.748503223635133,0.039002645973132744,0.30896739551589825,1.5098003670246336,3.059101640356472,-0.0223907327631494,-0.1314650825024417,-14.182932636060652,-7.608994558360138,-0.9206619011541957,-1.350766833617877,3.0096557425277366,16.647227450324323,-0.18353893176504998,-2.704178802335207,42.68574465400399,126.66866308130129,0.3367323742716124,5.563155958156685,3362,468,1119,120,False,1.8417123444825263
0.05,0.2,4369,574,-194,-19,32217.82499999998,4834.584999999994,-425.2649999999885,243.25000000000182,0.44106202792401006,0.43031358885017423,0.00012404852449221515,0.0053557473661944854,0.5305561913481346,0.5331010452961672,-0.0013307251541665455,0.0069627653636208375,10.05593060452551,11.355684460097123,-0.09266825038315218,0.9161486319778884,1.451937715445332,2.8085088270235814,-0.0802533843424511,-0.38205789583533223,-16.30078268373598,-8.874061763522768,-3.038511948829525,-2.6158340387805072,2.6005183831066847,14.527412591364255,-0.5926762911861019,-4.823993661295274,42.39048502808254,128.91715659994475,0.04147274835015935,7.811649476800142,3562,484,807,90,False,1.8107338028756685
0.02,0.2,4373,574,-190,-19,32257.254999999976,4834.584999999994,-385.83499999999185,243.25000000000182,0.44065858678252917,0.43031358885017423,-0.0002793926169886718,0.0053557473661944854,0.5305282414818202,0.5331010452961672,-0.0013586750204809261,0.0069627653636208375,10.06791960821785,11.355684460097123,-0.0806792466908135,0.9161486319778884,1.4518609523213393,2.8085088270235814,-0.08033014746644374,-0.38205789583533223,-16.529694749791666,-8.874061763522768,-3.2674240148852096,-2.6158340387805072,2.5664784528150655,14.527412591364255,-0.6267162214777211,-4.823993661295274,42.423105406950626,128.91715659994475,0.0740931272182479,7.811649476800142,3568,484,805,90,False,1.776890832001815
0.04,0.2,4371,574,-192,-19,32195.254999999983,4834.584999999994,-447.8349999999846,243.25000000000182,0.4410889956531686,0.43031358885017423,0.00015101625365077087,0.0053557473661944854,0.5305422100205902,0.5331010452961672,-0.0013447064817109222,0.0069627653636208375,10.047830352146898,11.355684460097123,-0.10076850276176508,0.9161486319778884,1.448411130785051,2.8085088270235814,-0.0837799690027321,-0.38205789583533223,-16.886912885359497,-8.874061763522768,-3.62464215045304,-2.6158340387805072,2.50915030127079,14.527412591364255,-0.6840443730219965,-4.823993661295274,42.37180255383337,128.91715659994475,0.022790274100991326,7.811649476800142,3566,484,805,90,False,1.7759639748222573
0.2,0.02,4466,587,-97,-6,32617.724999999977,4720.009999999993,-25.364999999990687,128.6750000000011,0.44155844155844154,0.42759795570698467,0.0006204621589236958,0.002640114223004919,0.5315718763994626,0.534923339011925,-0.00031504010283855965,0.008785059079378654,10.210363496763126,10.671934792807749,0.061764641854463065,0.23239896468851384,1.517169664901493,3.0711669081085935,-0.015021434886290042,-0.11939981475032013,-14.142800694781776,-7.51041976181106,-0.8805299598753198,-1.2521920370687996,3.020636637044242,16.672840990040125,-0.17255803724854468,-2.6785652626194043,42.72026192907259,125.22003445713085,0.3712496493402142,4.114527333986246,3335,467,1131,120,False,1.748288365952713
0.06,0.3,4278,569,-285,-24,32784.27499999998,4631.594999999992,141.18500000001222,40.26000000000022,0.4431977559607293,0.4288224956063269,0.0022597765612114573,0.0038646541223471553,0.5329593267882188,0.5307557117750439,0.0010724102859176465,0.004617431842497521,10.379321047904984,10.99942504454656,0.23072219299632124,0.5598892164273259,1.4845924135026605,2.6176386404869953,-0.04759868628512254,-0.5729280823719183,-15.671674866848873,-11.482920001076746,-2.4094041319424164,-5.224692276334485,2.7505942178429454,10.658316390620893,-0.44260045644984114,-8.693089862038637,43.106418272669124,122.38859445966477,0.7574059929367465,1.2830873365201683,3606,487,672,82,False,1.7288754743954344
0.06,0.35,4237,569,-326,-24,31812.054999999982,4793.929999999993,-831.0349999999853,202.59500000000116,0.4434741562426245,0.4305799648506151,0.002536176843106641,0.005622123366635368,0.5326882227991503,0.5325131810193322,0.000801306296849158,0.006374901086785845,10.115562759403218,11.340639802158048,-0.03303609550544451,0.9011039740388131,1.434942614651133,2.645375311622973,-0.09724848513664996,-0.5451914112359408,-15.755458628030395,-11.339463518889549,-2.493187893123938,-5.081235794147288,2.6908817283612056,11.252885620752444,-0.5023129459315809,-8.098520631907085,42.3960757441179,127.60168597875912,0.047063464385523446,6.496178855614517,3625,491,612,78,False,1.7190220835807635
0.08,0.15,4394,576,-169,-17,32033.60999999998,4874.794999999993,-609.4799999999886,283.46000000000095,0.4403732362312244,0.4305555555555556,-0.0005647431682934689,0.005597714071575832,0.5302685480200273,0.5329861111111112,-0.0016183684822738131,0.0068478311785648005,9.984377441365686,11.37022713187894,-0.16422141354297715,0.9306913037597049,1.4519751103161491,2.8691481493011293,-0.08021598947163389,-0.32141857355778436,-15.807476369824059,-8.018300485805785,-2.545205634917602,-1.7600727610635243,2.6689293488264654,16.442517650375503,-0.5242653254663212,-2.9088886022840263,42.18903761430426,131.84104726387608,-0.15997466542811623,10.735540140731473,3520,481,874,95,False,1.680158081085377
0.03,0.2,4371,574,-192,-19,32148.064999999973,4834.584999999994,-495.0249999999942,243.25000000000182,0.44086021505376344,0.43031358885017423,-7.776434575440527e-05,0.0053557473661944854,0.5305422100205902,0.5331010452961672,-0.0013447064817109222,0.0069627653636208375,10.030207249034639,11.355684460097123,-0.11839160587402375,0.9161486319778884,1.446168203859669,2.8085088270235814,-0.08602289592811396,-0.38205789583533223,-16.886912885359497,-8.874061763522768,-3.62464215045304,-2.6158340387805072,2.506835714202301,14.527412591364255,-0.6863589600904856,-4.823993661295274,42.33271632364222,128.91715659994475,-0.016295956090161212,7.811649476800142,3566,484,805,90,False,1.663036095550148
0.06,0.2,4366,574,-197,-19,32054.28499999998,4834.584999999994,-588.8049999999857,243.25000000000182,0.4406779661016949,0.43031358885017423,-0.00026001329782293636,0.0053557473661944854,0.5304626660558864,0.5331010452961672,-0.0014242504464146988,0.0069627653636208375,10.011136642430039,11.355684460097123,-0.13746221247862422,0.9161486319778884,1.4462820647204189,2.8085088270235814,-0.08590903506736414,-0.38205789583533223,-16.30078268373598,-8.874061763522768,-3.038511948829525,-2.6158340387805072,2.595201666576779,14.527412591364255,-0.5979930077160076,-4.823993661295274,42.30381838733752,128.91715659994475,-0.04519389239485605,7.811649476800142,3559,484,807,90,False,1.5103134605409454
0.1,0.09,4432,582,-131,-11,32026.324999999983,4821.504999999994,-616.7649999999849,230.1700000000019,0.44156137184115524,0.42955326460481097,0.0006233924416373937,0.004595423120831221,0.5309115523465704,0.5326460481099656,-0.0009753641557307402,0.006507768177419271,9.969181949856448,11.159956040720648,-0.1794169050522143,0.7204202126014128,1.4608640515268634,2.879784257928971,-0.07132704826091962,-0.31078246492994266,-15.02219263295097,-7.454129258152619,-1.7599218980445137,-1.1959015334103587,2.801579259510935,17.237894639639197,-0.3916154147818518,-2.113511613020332,42.0858633128534,128.49349478228675,-0.2631489668789797,7.387987659142141,3460,477,972,105,False,1.4742159576308218
0.22,0.02,4452,586,-111,-7,32697.089999999975,4670.649999999993,54.000000000007276,79.31500000000142,0.4418238993710692,0.42662116040955633,0.0008859199715513522,0.0016633189255765846,0.5314465408805031,0.5341296928327645,-0.00044037562179799483,0.007991412900218098,10.279987971029225,10.572125930675956,0.13138911612056248,0.13259010255672088,1.5261659870503306,3.0622669975371473,-0.006025112737452432,-0.12829972532176637,-14.690875272308068,-7.540308991255307,-1.4286045374016112,-1.282081266513046,2.91238142121729,16.39680749449868,-0.28081325307549676,-2.9545987581608486,42.78543220449051,123.63699497865079,0.43641992475813396,2.5314878555061853,3316,466,1136,120,False,1.445465287323855
0.1,0.03,4495,590,-68,-3,32907.104999999974,4687.554999999993,264.0150000000067,96.22000000000116,0.4424916573971079,0.4271186440677966,0.0015536779975900417,0.0021608025838168454,0.5325917686318131,0.5288135593220339,0.0007048521295119903,0.002675279389487528,10.210470236467176,10.607442343145756,0.061871381558512795,0.16790651502652132,1.5107716420712787,3.0198692952893627,-0.02141945771650433,-0.17069742756955097,-13.123642402467151,-7.6311772082693246,0.13862833243930517,-1.372949483527064,3.2581936709125427,16.272522364962967,0.06499899661975617,-3.0788838876965627,42.75936861503795,124.17850179255825,0.4103563353055719,3.072994669413646,3412,474,1083,116,False,1.4243310349264766
0.12,0.2,4343,573,-220,-20,31568.329999999984,4859.959999999993,-1074.7599999999838,268.6250000000009,0.43978816486299793,0.43106457242582896,-0.0011498145365199108,0.006106730941849214,0.5293575869214828,0.5392670157068062,-0.002529329580818307,0.013128735774259881,9.8793556391588,11.348251035653167,-0.2692432157498619,0.9087152075339322,1.4194202749870006,2.8355693086863965,-0.11277082480078238,-0.3549974141725172,-15.35742829121961,-9.237300275268767,-2.095157556313154,-2.9790725505265065,2.728201770728761,14.219704047018677,-0.46499290356402545,-5.1317022056408526,41.89816305794531,131.35167610776602,-0.45084922178706677,10.24616898462142,3532,482,811,91,False,1.4056828977605629
0.1,0.1,4424,581,-139,-12,31937.17999999998,4811.569999999993,-705.9099999999889,220.2350000000015,0.44168173598553345,0.43029259896729777,0.0007437565860156092,0.00533475748331802,0.5305153707052441,0.53184165232358,-0.0013715457970570055,0.00570337239103369,9.938660230592914,11.150259465995724,-0.2099386243157486,0.7107236378764892,1.4461561731738408,2.872706930663595,-0.08603492661394219,-0.31785979219531857,-15.968321432921428,-7.454129258152619,-2.7060506980149714,-1.1959015334103587,2.6309632239628553,17.19476144305708,-0.5622314503299313,-2.156644809602451,42.01206643843412,128.17197435964633,-0.33694584129825955,7.0664672365017225,3472,477,952,104,False,1.3443919550192691
0.15,0.25,4275,568,-288,-25,32408.10999999999,4604.319999999992,-234.97999999997774,12.985000000000582,0.4416374269005848,0.4295774647887324,0.0006994475010669299,0.004619623304752629,0.5309941520467836,0.5369718309859155,-0.0008927644555175585,0.01083355105336914,10.238870250278044,10.833658430301623,0.09027139536938122,0.3941226021823887,1.4670886050934424,2.6404284863969094,-0.0651024946943406,-0.5501382364620042,-14.384572351056857,-11.50274435988723,-1.1223016161504002,-5.244516635144969,2.968167617562769,10.693482649773083,-0.22502705673001744,-8.657923602886447,42.69582184489571,123.00439723722927,0.3468095651633334,1.898890114084665,3539,483,736,85,False,1.2738885543636953
0.01,0.25,4328,570,-235,-23,32982.47999999998,4571.774999999993,339.39000000001397,-19.55999999999858,0.4417744916820702,0.4280701754385965,0.0008365122825523819,0.0031123339546167417,0.5318853974121996,0.5298245614035088,-1.5190901014872082e-06,0.0036862814709623937,10.376003047006014,10.839364192109903,0.2274041920973513,0.3998283639906681,1.4946468222845137,2.6204322165270857,-0.037544277503269274,-0.5701345063318279,-16.024349196925726,-11.53599495604698,-2.7620784620192698,-5.27776723130472,2.6877167413125074,10.444138834839038,-0.5054779329802792,-8.907267417820492,43.06891160521491,120.48353291895752,0.7198993254825297,-0.621974204187083,3601,486,727,84,False,1.0074319902328157
0.08,0.3,4270,568,-293,-25,32367.82499999999,4579.174999999993,-275.2649999999776,-12.159999999998945,0.4426229508196721,0.4295774647887324,0.0016849714201542798,0.004619623304752629,0.5323185011709601,0.5316901408450704,0.0004315846686590019,0.00555186091252402,10.249779885673547,10.863139400849215,0.10118103076488438,0.4236035727299807,1.466475854724651,2.5940534291215025,-0.06571524506313198,-0.5965132937374111,-15.40723659520813,-11.886087193942485,-2.1449658603016726,-5.627859469200224,2.7754284447962685,10.280262122192799,-0.4177662294965181,-9.071144130466731,42.761682702046656,122.19209196096782,0.4126704223142781,1.0865848378232101,3594,486,676,82,False,0.947789049795868
0.08,0.35,4229,568,-334,-25,31395.604999999985,4741.509999999993,-1247.4849999999824,150.1750000000011,0.44289430125325135,0.43133802816901406,0.0019563218537335114,0.006380186685034317,0.5320406715535587,0.5334507042253521,0.00015375505125758693,0.007312424292805764,9.98539542803332,11.204515352268587,-0.16320342687534328,0.7649795241493518,1.4168343196685542,2.6221350674558463,-0.11535678011922879,-0.5684316554030673,-15.48960661898211,-11.737593931283385,-2.2273358840756536,-5.479366206541124,2.714359294131192,10.859454118157153,-0.47883538016159477,-8.491952134502377,42.04435768867012,127.46386275433177,-0.3046545910622598,6.358355631187166,3613,490,616,78,False,0.9362329281784343
0.02,0.25,4326,570,-237,-23,32877.379999999976,4571.774999999993,234.29000000000815,-19.55999999999858,0.441747572815534,0.4280701754385965,0.0008095934160161633,0.0031123339546167417,0.5319001386962552,0.5298245614035088,1.322219395405444e-05,0.0036862814709623937,10.33781079852148,10.839364192109903,0.18921194361281657,0.3998283639906681,1.487867359071142,2.6204322165270857,-0.044323740716641025,-0.5701345063318279,-15.895762005359881,-11.53599495604698,-2.6334912704534243,-5.27776723130472,2.7040483606238914,10.444138834839038,-0.48914631366889516,-8.907267417820492,42.98290919146093,120.48353291895752,0.6338969117285487,-0.621974204187083,3598,486,728,84,False,0.8542672145987831
0.04,0.25,4324,570,-239,-23,32815.37999999998,4571.774999999993,172.29000000001543,-19.55999999999858,0.4421831637372803,0.4280701754385965,0.0012451843377624394,0.0031123339546167417,0.5319148936170213,0.5298245614035088,2.7977114720134644e-05,0.0036862814709623937,10.317552120799132,10.839364192109903,0.16895326589046888,0.3998283639906681,1.4843742332543757,2.6204322165270857,-0.04781686653340733,-0.5701345063318279,-16.249856602042,-11.53599495604698,-2.987585867135545,-5.27776723130472,2.641998731439823,10.444138834839038,-0.5511959428529636,-8.907267417820492,42.932100528674,120.48353291895752,0.5830882489416211,-0.621974204187083,3596,486,728,84,False,0.8540066060263363
0.1,0.15,4383,576,-180,-17,31944.739999999983,4750.169999999994,-698.349999999984,158.83500000000186,0.43988135979922427,0.4305555555555556,-0.0010566196002935735,0.005597714071575832,0.5297741273100616,0.5329861111111112,-0.0021127891922395614,0.0068478311785648005,9.974312618452752,11.061314982608728,-0.17428623645591124,0.6217791544894933,1.4409822105268286,2.785936221436623,-0.09120888926095438,-0.40463050142229084,-15.648445629948926,-8.021565186888612,-2.386174895042469,-1.7633374621463513,2.6913398140139924,15.925436453171441,-0.5018548602787942,-3.4259697994880884,42.11528475131481,127.74692663876688,-0.2337275284175675,6.641419515622275,3508,481,875,95,False,0.756305387250988
0.03,0.25,4324,570,-239,-23,32768.18999999998,4571.774999999993,125.1000000000131,-19.55999999999858,0.4419518963922294,0.4280701754385965,0.0010139169927115832,0.0031123339546167417,0.5319148936170213,0.5298245614035088,2.7977114720134644e-05,0.0036862814709623937,10.299719534806655,10.839364192109903,0.15112067989799272,0.3998283639906681,1.4821136691125376,2.6204322165270857,-0.050077430675245393,-0.5701345063318279,-16.249856602042,-11.53599495604698,-2.987585867135545,-5.27776723130472,2.6396166081955434,10.444138834839038,-0.5535780660972431,-8.907267417820492,42.893391367546066,120.48353291895752,0.544379087813688,-0.621974204187083,3596,486,728,84,False,0.7403508807196344
0.05,0.25,4322,570,-241,-23,32738.14999999998,4571.774999999993,95.06000000001222,-19.55999999999858,0.4419250347061546,0.4280701754385965,0.0009870553066367305,0.0031123339546167417,0.5316982878297085,0.5298245614035088,-0.00018862867259261673,0.0036862814709623937,10.294366012811702,10.839364192109903,0.1457671579030393,0.3998283639906681,1.4845152192573126,2.6204322165270857,-0.04767588053047045,-0.5701345063318279,-15.668851561474362,-11.53599495604698,-2.4065808265679056,-5.27776723130472,2.7359205687189587,10.444138834839038,-0.45727410557382786,-8.907267417820492,42.86873327524188,120.48353291895752,0.5197209955095019,-0.621974204187083,3593,486,729,84,False,0.6851411909493803
0.08,0.2,4359,573,-204,-20,31607.99499999998,4782.164999999994,-1035.0949999999866,190.83000000000175,0.4400091764166093,0.43106457242582896,-0.0009288029829085387,0.006106730941849214,0.5297086487726543,0.5340314136125655,-0.002178267729646799,0.007893133680019093,9.87152030649938,11.22050846717937,-0.2770785484092819,0.7809726390601348,1.4272377357034396,2.795829771374805,-0.10495336408434341,-0.3947369514841088,-16.034059809178668,-9.281917935479033,-2.7717890742722116,-3.0236902107367722,2.615146005646125,13.875832459540872,-0.5780486686466615,-5.475573793118658,41.931407464264666,128.79433817591456,-0.4176048154677119,7.688831052769956,3549,483,810,90,False,0.6551598388195161
0.12,0.25,4294,569,-269,-24,32251.67499999998,4597.149999999993,-391.4149999999863,5.815000000001419,0.44108057755006985,0.4288224956063269,0.00014259815055200908,0.0038646541223471553,0.5309734513274337,0.5360281195079086,-0.000913465174867456,0.00988983957536227,10.172242926786767,10.834921672695152,0.023644071878104356,0.39538584457591774,1.4591625087610716,2.6358500349351957,-0.07302859102671144,-0.554716687923718,-14.73897791802301,-11.884021528247157,-1.4767071831165541,-5.625793803504896,2.8846495553562717,10.330897816837671,-0.30854511893651493,-9.020508435821858,42.516786097630984,122.77261206142045,0.16777381789860613,1.6671049382758412,3561,484,733,85,False,0.6441348543950048
0.06,0.25,4319,570,-244,-23,32574.609999999982,4571.774999999993,-68.47999999998501,-19.55999999999858,0.44153739291502664,0.4280701754385965,0.0005994135155087954,0.0031123339546167417,0.5316045380875203,0.5298245614035088,-0.00028237841478084835,0.0036862814709623937,10.249388624121638,10.839364192109903,0.10078976921297489,0.3998283639906681,1.4786110734856341,2.6204322165270857,-0.053580026302148864,-0.5701345063318279,-15.668851561474362,-11.53599495604698,-2.4065808265679056,-5.27776723130472,2.7305013128048445,10.444138834839038,-0.46269336148794205,-8.907267417820492,42.783819758749985,120.48353291895752,0.4348074790176071,-0.621974204187083,3590,486,729,84,False,0.3835453612475243
0.1,0.3,4257,568,-306,-25,32370.864999999987,4454.549999999992,-272.22499999998035,-136.78499999999985,0.44256518675123324,0.4295774647887324,0.0016272073517153984,0.004619623304752629,0.5322997416020672,0.5316901408450704,0.0004128250997660343,0.00555186091252402,10.273924647648233,10.549808296184212,0.12532579273957012,0.11027246806497715,1.4599082765949416,2.5157913150785154,-0.0722828231928414,-0.6747754077803982,-15.245373492482239,-11.890842781135413,-1.9831027575757822,-5.632615056393153,2.80506138163551,9.939512844774987,-0.3881332926572765,-9.411893407884543,42.76420843237161,118.18918455829537,0.4151961526392327,-2.9163225648492386,3581,486,676,82,False,0.2985784273268476
0.1,0.35,4216,568,-347,-25,31347.719999999987,4616.884999999993,-1295.3699999999808,25.55000000000109,0.4428368121442125,0.43133802816901406,0.0018988327446946562,0.006380186685034317,0.5317836812144212,0.5334507042253521,-0.00010323528787992142,0.007312424292805764,9.992048810644548,10.891831300510429,-0.15655004426411523,0.45229547239119405,1.4081932845034724,2.5499300786264776,-0.12399781528431064,-0.640636644232436,-15.327235122016514,-11.742231414126525,-2.0649643871100576,-5.484003689384265,2.7404646002924533,10.51000354934605,-0.45273007400033327,-8.841402703313479,42.00374527224544,123.41089383971249,-0.34526700748693884,2.305386716567881,3600,490,616,78,False,0.1988571161830417
0.1,0.2,4347,573,-216,-20,31637.154999999984,4657.539999999994,-1005.9349999999831,66.20500000000175,0.4398435702783529,0.43106457242582896,-0.0010944091211649298,0.006106730941849214,0.5295606165171383,0.5340314136125655,-0.002326299985162872,0.007893133680019093,9.898680522394457,10.910009997535736,-0.2499183325142056,0.47047416941650155,1.4209636118685423,2.7137025462342215,-0.11122748791924075,-0.47686417662469216,-15.873546411293727,-9.285674811264855,-2.6112756763872707,-3.027447086522594,2.6431290770022184,13.432391744923908,-0.5500655972905681,-5.919014507735621,41.95583207483467,124.72882168088191,-0.39318020489771044,3.6233145577373023,3536,483,811,90,False,-0.0053670992704470954
0.01,0.01,4543,592,-20,-1,33495.53999999997,4424.2799999999925,852.4500000000044,-167.05499999999938,0.4422187981510015,0.4222972972972973,0.00128081875148367,-0.002660544186682434,0.5329077701959057,0.5236486486486487,0.0010208536936046064,-0.0024896312838976753,10.401115123163885,10.049282432608294,0.25251626825522244,-0.39025339551094085,1.5668610071513183,2.981162941158532,0.03466990736353526,-0.20940378170038176,-13.325558907856006,-6.389318882240214,-0.0632881729495498,-0.13109115749795297,3.2370750796344416,18.12759561378755,0.04388040534165505,-1.2238106388719814,43.13583466282142,115.82298894478767,0.7868223830890457,-5.282518178356938,3419,470,1124,122,False,-0.2759503593381354
0.05,0.01,4537,592,-26,-1,33365.06999999996,4424.2799999999925,721.9799999999959,-167.05499999999938,0.44258320476085516,0.4222972972972973,0.0016452253613373213,-0.002660544186682434,0.5329512893982808,0.5236486486486487,0.001064372895979715,-0.0024896312838976753,10.35335091790881,10.049282432608294,0.20475206300014648,-0.39025339551094085,1.557698463193633,2.981162941158532,0.025507363405850025,-0.20940378170038176,-12.997098153061748,-6.389318882240214,0.26517258184470904,-0.13109115749795297,3.3108140529478365,18.12759561378755,0.1176193786550499,-1.2238106388719814,43.030975212699204,115.82298894478767,0.681962932966826,-5.282518178356938,3411,470,1126,122,False,-0.3824269176769941
0.08,0.25,4311,569,-252,-24,32158.15999999998,4519.354999999993,-484.92999999998574,-71.97999999999865,0.44096497332405477,0.4288224956063269,2.6993924536922176e-05,0.0038646541223471553,0.5309672929714684,0.5307557117750439,-0.0009196235308327472,0.004617431842497521,10.120616898224162,10.703477516173539,-0.027981956684500986,0.2639416880543042,1.4606588533056464,2.596659268475865,-0.07153224648213663,-0.5939074543830487,-15.404460929285035,-11.941025619232526,-2.1421901943785784,-5.682797894490266,2.7549923234578944,10.07165606997939,-0.43820235083489223,-9.27975018268014,42.43917160718733,120.26590315972268,0.09015932745495547,-0.8396039634219221,3578,485,733,84,False,-0.3961571556278239
0.02,0.01,4541,592,-22,-1,33388.519999999975,4424.2799999999925,745.4300000000076,-167.05499999999938,0.44219334948249284,0.4222972972972973,0.0012553700829749936,-0.002660544186682434,0.5329222638185421,0.5236486486486487,0.0010353473162409976,-0.0024896312838976753,10.362746661140443,10.049282432608294,0.21414780623178054,-0.39025339551094085,1.5596567018217138,2.981162941158532,0.02746560203393078,-0.20940378170038176,-13.221062364569958,-6.389318882240214,0.04120837033649849,-0.13109115749795297,3.256155858326578,18.12759561378755,0.06296118403379136,-1.2238106388719814,43.04983967169551,115.82298894478767,0.7008273919631307,-5.282518178356938,3415,470,1126,122,False,-0.4312294591946678
0.15,0.01,4508,590,-55,-3,32780.284999999974,4456.824999999992,137.19500000000698,-134.51000000000022,0.441659272404614,0.423728813559322,0.0007212930050961575,-0.001229027924657733,0.5317213842058562,0.5305084745762711,-0.00016553229644489242,0.00437019464372479,10.199253662567433,10.049562047828035,0.05065480765876984,-0.3899737802912,1.5214241445564105,2.9945722022154597,-0.0107669552313725,-0.1959945206434539,-14.510825802074045,-7.213430638084429,-1.2485550671675885,-0.955202913342168,2.939606544944224,16.19851455638255,-0.2535881293485627,-3.1528916962769813,42.65611850032238,116.84686119246646,0.3071062205900006,-4.258645930678142,3365,467,1143,123,False,-0.5293101889728525
0.03,0.01,4539,592,-24,-1,33279.32999999997,4424.2799999999925,636.2400000000052,-167.05499999999938,0.4423881912315488,0.4222972972972973,0.0014502118320309787,-0.002660544186682434,0.5329367702137034,0.5236486486486487,0.0010498537114023154,-0.0024896312838976753,10.325138902751327,10.049282432608294,0.1765400478426642,-0.39025339551094085,1.5536314635176356,2.981162941158532,0.021440363729852585,-0.20940378170038176,-13.570559354603773,-6.389318882240214,-0.3082886196973167,-0.13109115749795297,3.1658190673581195,18.12759561378755,-0.027375606934667118,-1.2238106388719814,42.96193555951972,115.82298894478767,0.6129232797873456,-5.282518178356938,3413,470,1126,122,False,-0.5481503061089589
0.01,0.02,4524,591,-39,-2,33603.344999999965,4373.299999999993,960.2549999999974,-218.03499999999894,0.44297082228116713,0.4213197969543147,0.0020328428816492883,-0.003638044529665041,0.5340406719717065,0.5228426395939086,0.0021537554694053274,-0.0032956403386377175,10.431266658098968,9.944265453881473,0.2826678031903054,-0.4952703742377622,1.56008626129139,2.871295309516625,0.027895161503606936,-0.3192714133422885,-13.325558907856006,-6.875487594930075,-0.0632881729495498,-0.617259870187814,3.2473055669109625,16.61325799934699,0.05411089261817592,-2.738148253312538,43.27216162368077,114.22424928588306,0.9231493439483955,-6.881257837261543,3435,472,1089,119,False,-0.5492245074472466
0.06,0.01,4534,592,-29,-1,33201.52999999997,4424.2799999999925,558.4400000000023,-167.05499999999938,0.44221438023820026,0.4222972972972973,0.0012764008386824122,-0.002660544186682434,0.5328628142920159,0.5236486486486487,0.0009758977897147414,-0.0024896312838976753,10.309002775695276,10.049282432608294,0.1604039207866137,-0.39025339551094085,1.5520372053411107,2.981162941158532,0.019846105553327664,-0.20940378170038176,-12.997098153061748,-6.389318882240214,0.26517258184470904,-0.13109115749795297,3.3044789508796186,18.12759561378755,0.11128427658683204,-1.2238106388719814,42.94863726930891,115.82298894478767,0.5996249895765331,-5.282518178356938,3408,470,1126,122,False,-0.6789054880039328
0.04,0.01,4539,592,-24,-1,33192.899999999965,4424.2799999999925,549.8099999999977,-167.05499999999938,0.4423881912315488,0.4222972972972973,0.0014502118320309787,-0.002660544186682434,0.5327164573694646,0.5236486486486487,0.0008295408671634696,-0.0024896312838976753,10.295668303107883,10.049282432608294,0.14706944819922008,-0.39025339551094085,1.5483513282511616,2.981162941158532,0.016160228463378612,-0.20940378170038176,-13.570559354603773,-6.389318882240214,-0.3082886196973167,-0.13109115749795297,3.160682949343308,18.12759561378755,-0.032511724949478626,-1.2238106388719814,42.89223556514747,115.82298894478767,0.5432232854150953,-5.282518178356938,3413,470,1126,122,False,-0.6916191313435097
0.02,0.02,4522,591,-41,-2,33496.32499999997,4373.299999999993,853.2350000000006,-218.03499999999894,0.4429455992923485,0.4213197969543147,0.0020076198928306588,-0.003638044529665041,0.5340557275541795,0.5228426395939086,0.002168811051878383,-0.0032956403386377175,10.39289548111384,9.944265453881473,0.2442966262051769,-0.4952703742377622,1.552961047791426,2.871295309516625,0.020769948003642957,-0.3192714133422885,-13.221062364569958,-6.875487594930075,0.04120837033649849,-0.617259870187814,3.2664708308221053,16.61325799934699,0.07327615652931874,-2.738148253312538,43.1862145663477,114.22424928588306,0.837202286615323,-6.881257837261543,3431,472,1091,119,False,-0.704321674253199
0.12,0.01,4519,591,-44,-2,32772.01499999997,4449.654999999992,128.9250000000029,-141.6800000000003,0.44169063952201815,0.4230118443316413,0.0007526601225003038,-0.0019459971523384523,0.5319761009072804,0.5296108291032149,8.918440497929225e-05,0.0034725491706685263,10.189480028945415,10.049512933483761,0.040881174036751844,-0.39002289463547335,1.522192302427741,3.00512401876324,-0.009998797360041944,-0.18544270409567343,-13.941340557084391,-7.188820579741462,-0.6790698221779348,-0.9305928549992011,3.0556807021074595,16.222560049621435,-0.13751397218532713,-3.128846203038094,42.600285301790834,116.62107354081024,0.2512730220584558,-4.484433582334361,3387,468,1132,123,False,-0.7448302792184535
0.05,0.02,4518,591,-45,-2,33386.55499999997,4373.299999999993,743.4650000000038,-218.03499999999894,0.4433377600708278,0.4213197969543147,0.00239978067130997,-0.003638044529665041,0.5340858787073927,0.5228426395939086,0.002198962205091526,-0.0032956403386377175,10.356902044183824,9.944265453881473,0.20830318927516167,-0.4952703742377622,1.5472724789661876,2.871295309516625,0.015081379178404575,-0.3192714133422885,-12.997098153061748,-6.875487594930075,0.26517258184470904,-0.617259870187814,3.315962708784025,16.61325799934699,0.12276803449123852,-2.738148253312538,43.09789279795848,114.22424928588306,0.7488805182261018,-6.881257837261543,3426,472,1092,119,False,-0.7718518150931769
0.04,0.02,4520,591,-43,-2,33359.90499999997,4373.299999999993,716.8150000000023,-218.03499999999894,0.4433628318584071,0.4213197969543147,0.0024248524588892373,-0.003638044529665041,0.534070796460177,0.5228426395939086,0.002183879957875834,-0.0032956403386377175,10.347423487316204,9.944265453881473,0.19882463240754156,-0.4952703742377622,1.5443700613890037,2.871295309516625,0.012178961601220673,-0.3192714133422885,-13.570559354603773,-6.875487594930075,-0.3082886196973167,-0.617259870187814,3.174255637260383,16.61325799934699,-0.018939037032403405,-2.738148253312538,43.07642453212765,114.22424928588306,0.7274122523952755,-6.881257837261543,3429,472,1091,119,False,-0.8144620103198802
0.03,0.02,4520,591,-43,-2,33387.134999999966,4373.299999999993,744.0449999999983,-218.03499999999894,0.443141592920354,0.4213197969543147,0.002203613520836145,-0.003638044529665041,0.534070796460177,0.5228426395939086,0.002183879957875834,-0.0032956403386377175,10.35528884306268,9.944265453881473,0.20668998815401807,-0.4952703742377622,1.547055759166236,2.871295309516625,0.014864659378452938,-0.3192714133422885,-13.570559354603773,-6.875487594930075,-0.3082886196973167,-0.617259870187814,3.175872032077007,16.61325799934699,-0.017322642215779727,-2.738148253312538,43.09835991392712,114.22424928588306,0.7493476341947414,-6.881257837261543,3429,472,1091,119,False,-0.8208479246659628
0.15,0.02,4489,589,-74,-4,32741.039999999975,4405.844999999992,97.950000000008,-185.48999999999978,0.4424147917130764,0.4227504244482173,0.001476812313558562,-0.002207417035762438,0.5326353308086433,0.5297113752122241,0.0007484143063422044,0.0035730952796777515,10.175322636676123,9.945310156288603,0.026723781767460153,-0.49422567183063215,1.5088409434430259,2.879411280772269,-0.023350156344757123,-0.3111554420866445,-14.510825802074045,-7.688359788792198,-1.2485550671675885,-1.4301320640499373,2.940790017252878,14.989431989140252,-0.25240465703990855,-4.3619742635192775,42.67329166083484,115.24414616214136,0.324279381102464,-5.861360961003243,3378,469,1111,120,False,-1.0197264203613041
0.1,0.25,4298,569,-265,-24,32161.199999999983,4394.729999999994,-481.88999999998487,-196.60499999999774,0.44090274546300606,0.4288224956063269,-3.523393651178042e-05,0.0038646541223471553,0.5309446254071661,0.5307557117750439,-0.000942291095134995,0.004617431842497521,10.144322201932228,10.390931079895669,-0.004276652976434647,-0.04860474822356586,1.4540754225909478,2.51728881578591,-0.07811567719683521,-0.6732779070730035,-15.242615024595096,-11.9458252782903,-1.9803442896886398,-5.68759755354804,2.7844104625908015,9.734063910701549,-0.4087842117019851,-9.61734234195798,42.44169675172633,116.2814267249519,0.09268447199395524,-4.824080398192706,3565,485,733,84,False,-1.0472832012494904
0.06,0.02,4515,591,-48,-2,33223.01499999997,4373.299999999993,579.9250000000029,-218.03499999999894,0.4429678848283499,0.4213197969543147,0.0020299054288320795,-0.003638044529665041,0.5339977851605758,0.5228426395939086,0.0021108686582747005,-0.0032956403386377175,10.312569452980556,9.944265453881473,0.1639705980718933,-0.4952703742377622,1.5416412250358336,2.871295309516625,0.009450125248050556,-0.3192714133422885,-12.997098153061748,-6.875487594930075,0.26517258184470904,-0.617259870187814,3.3096285310031455,16.61325799934699,0.11643385671035889,-2.738148253312538,43.015566867621445,114.22424928588306,0.6665545878890669,-6.881257837261543,3423,472,1092,119,False,-1.0684567722931049
0.08,0.01,4529,591,-34,-2,33029.22999999997,4371.859999999993,386.1399999999994,-219.47499999999854,0.44181938617796424,0.4230118443316413,0.0008814067784463919,-0.0019459971523384523,0.5325678957827334,0.5245346869712352,0.0006809792804323145,-0.0016035929613111843,10.251225753020199,9.919914321143668,0.10262689811153614,-0.5196215069755663,1.5418854079833952,2.9550796600883595,0.009694308195612233,-0.2354870627705541,-13.725155567037461,-7.225822927125725,-0.46288483213100484,-0.967595202383464,3.119032890317414,15.801547070835417,-0.07416178397537276,-3.5498591818241128,42.809211638312995,114.1791811084989,0.460199358580617,-6.92632601464571,3399,469,1130,122,False,-1.1819778545952428
0.12,0.02,4500,590,-63,-3,32732.76999999997,4398.674999999992,89.68000000000393,-192.65999999999985,0.4424444444444444,0.42203389830508475,0.0015064650449265748,-0.0029239431788949943,0.5328888888888889,0.5288135593220339,0.001001972386587724,0.002675279389487528,10.165577119579485,9.945093331162823,0.016978264670822085,-0.4944424969564114,1.5097470870809286,2.8887098918914638,-0.022444012706854366,-0.30185683096744986,-13.941340557084391,-7.662459835554847,-0.6790698221779348,-1.4042321108125861,3.056906513130553,15.010745487927878,-0.13628816116223375,-4.340660764731652,42.617374750722405,115.0192344029835,0.2683624709900272,-6.086272720161105,3400,470,1100,120,False,-1.2370229714407421
0.08,0.02,4510,590,-53,-3,32904.534999999974,4320.879999999994,261.445000000007,-270.4549999999981,0.4425720620842572,0.42203389830508475,0.0016340826847393575,-0.0029239431788949943,0.5334811529933481,0.523728813559322,0.001594236491046952,-0.002409466373224367,10.204427608804746,9.814866175887,0.05582875389608333,-0.6246696522322353,1.5254834541064475,2.8453886702366797,-0.006707645681335528,-0.3451780526222339,-13.725155567037461,-7.701400753300902,-0.46288483213100484,-1.4431730285586415,3.1152491014827417,14.619008446489346,-0.07794557281004488,-4.732397806170184,42.7572785479243,112.5868426623053,0.40826626819192313,-8.518664460839304,3413,471,1097,119,False,-1.780203852637591
0.1,0.01,4523,591,-40,-2,32991.95999999998,4247.234999999993,348.8700000000099,-344.09999999999854,0.44174220650011053,0.4230118443316413,0.0008042271005926915,-0.0019459971523384523,0.5321689144373204,0.5245346869712352,0.0002819979350192625,-0.0016035929613111843,10.254028383167565,9.62170901728752,0.1054295282589024,-0.8178268108317148,1.533306467210042,2.8744894991223977,0.0011153674222590393,-0.3160772237365159,-13.577731865580379,-7.228939647685618,-0.31546113067392234,-0.970711922943357,3.150673292442351,15.257778550150075,-0.042521381850435525,-4.093627702509455,42.77899716082756,110.29756029678705,0.42998488109518007,-10.80794682635755,3391,469,1132,122,False,-1.9340101060833952
0.1,0.02,4504,590,-59,-3,32952.71499999997,4196.254999999994,309.625,-395.0799999999981,0.4424955595026643,0.42203389830508475,0.0015575801031464387,-0.0029239431788949943,0.5330817051509769,0.523728813559322,0.0011947886486757264,-0.002409466373224367,10.23006022075302,9.51650648414347,0.08146136584435659,-0.9230293439757649,1.520769584718538,2.7537012322762857,-0.011421515069244936,-0.4368654905826279,-13.577731865580379,-7.704680529746444,-0.31546113067392234,-1.4464528050041832,3.151958361301538,14.110958978461762,-0.041236312991248525,-5.240447274197768,42.79644548122641,108.72043089740511,0.44743320149402876,-12.385076225739496,3404,471,1100,119,False,-2.4292145507473033
