col,rule,is_n,is_pnl,is_fw,is_prof,is_sh,is_dd,is_calmar,is_yld,oot_n,oot_pnl,oot_fw,oot_prof,oot_sh,oot_dd,oot_calmar,oot_yld,d_is_n,d_is_pnl,d_is_fw,d_is_prof,d_is_sh,d_is_dd,d_is_calmar,d_is_yld,d_oot_n,d_oot_pnl,d_oot_fw,d_oot_prof,d_oot_sh,d_oot_dd,d_oot_calmar,d_oot_yld
sig_skew25_bull_signed,veto0.02,4550,32963.214999999975,0.44241758241758244,0.5327472527472528,1.527265357469279,-13.092928891911267,2.3350225151667625,10.237341539716802,592,4371.404999999992,0.4239864864864865,0.5253378378378378,2.73319714682277,-3.9680734536757045,17.427390680912378,9.88949943770134,-13,320.1250000000073,0.0014796030180646014,0.0008603362449516316,0.008504582012208273,-0.21386518221776996,-0.02490875354681288,0.08874268480813896,-1,-219.9300000000003,-0.0009713549974932345,-0.0008004420947085311,-0.2408186300367614,0.021783014763061104,-0.8484459311010006,-0.550036390417894
sig_skew25_bull_signed,veto0.03,4544,33245.59999999997,0.4434419014084507,0.5327904929577465,1.5348379311647713,-13.27642768340179,2.314546503492877,10.32911999629655,591,4036.449999999992,0.4263959390862944,0.5245346869712352,2.524173482456941,-4.604067597876487,13.785418900773136,9.079588476866371,-19,602.510000000002,0.0025039220089328462,0.0009035764554453651,0.01607715570770063,-0.397363973708293,-0.04538476522069823,0.18052114138788689,-2,-554.8849999999998,0.0014380976023146697,-0.0016035929613111843,-0.4498422944025906,-0.614211129437721,-4.490417711240243,-1.3599473512528633
sig_skew25_bull_signed,veto0.04,4539,33351.049999999974,0.44415069398545937,0.5333773959021811,1.5396035811554751,-13.172943881865756,2.337152834797888,10.375200548490177,591,4143.754999999992,0.4263959390862944,0.5245346869712352,2.5603458887423307,-4.681347290093151,13.945429077229138,9.29596198480521,-24,707.9600000000064,0.003212714585941523,0.001490479399880007,0.020842805698404465,-0.29388017217225837,-0.022778433915687568,0.2266016935815145,-2,-447.5799999999999,0.0014380976023146697,-0.0016035929613111843,-0.41366988811720073,-0.6914908216543854,-4.330407534784241,-1.1435738433140248
sig_skew25_bull_signed,veto0.05,4534,33304.88999999996,0.4444199382443758,0.5339655932951036,1.5379092968713168,-13.41132153508354,2.293710455585166,10.359970422738881,591,3967.794999999992,0.428087986463621,0.5228426395939086,2.486473024890301,-4.704945318814482,13.243807751249923,8.910324226352774,-29,661.7999999999956,0.0034819588448579686,0.002078676792802492,0.019148521414246167,-0.5322578253900421,-0.06622081312840944,0.21137156783021815,-2,-623.54,0.0031301449796412584,-0.0032956403386377175,-0.48754275196923036,-0.7150888503757162,-5.032028860763456,-1.5292116017664608
sig_skew25_bull_signed,veto0.06,4529,33791.579999999965,0.44446897769927135,0.5347758887171561,1.5564892249703446,-12.879063709693497,2.409288783315527,10.52028519069327,591,3920.834999999991,0.4263959390862944,0.5211505922165821,2.5062931393571706,-4.643447079428585,13.249005862385536,8.775174856241975,-34,1148.489999999998,0.003530998299753507,0.002888972214854957,0.03772844951327392,0.0,0.04935751460195181,0.37168633578460764,-2,-670.5000000000009,0.0014380976023146697,-0.004987687715964251,-0.46772263750236087,-0.6535906109898191,-5.026830749627843,-1.6643609718772598
sig_skew25_bull_signed,veto0.07,4526,33131.44499999997,0.44365885992045956,0.5344675209898365,1.5281908461377653,-12.879063709693497,2.3810499371478375,10.31859169979782,590,4177.004999999992,0.4271186440677966,0.5220338983050847,2.7390018289168716,-4.613298829047924,14.273272690601454,9.370499271807397,-37,488.3550000000032,0.0027208805209417153,0.0025806044875353873,0.00943007068069468,0.0,0.021118668434262133,0.16999284488915656,-3,-414.3299999999999,0.0021608025838168454,-0.0041043816274616285,-0.23501394794265984,-0.6234423606091584,-4.002563921411925,-1.069036556311838
sig_skew25_bull_signed,veto0.08,4525,31634.83499999997,0.4422099447513812,0.5323756906077348,1.4720185412217237,-13.078354500123815,2.280409911096395,9.86419426605287,590,3919.204999999991,0.42542372881355933,0.5186440677966102,2.5882490350811675,-4.613298829047924,13.32964729794006,8.80450549640636,-38,-1008.2549999999974,0.0012719653518633578,0.0004887741054336869,-0.04674223423534696,-0.19929079043031805,-0.07952135761718049,-0.2844045888557929,-3,-672.130000000001,0.000465887329579584,-0.007494212135936151,-0.3857667417783639,-0.6234423606091584,-4.946189314073319,-1.6350303317128745
sig_skew25_bull_signed,veto0.09,4519,31018.94999999997,0.4410267758353618,0.5315335251161761,1.459086604392678,-13.220638040651808,2.2291243067630577,9.68484050101356,590,4042.1749999999915,0.4271186440677966,0.5203389830508475,2.646185586356968,-4.613298829047924,13.778783613309583,9.101884224631604,-44,-1624.1399999999958,8.879643584397412e-05,-0.00035339138612500154,-0.059674171064392656,-0.341574330958311,-0.13080696195051766,-0.463758353895102,-3,-549.1600000000003,0.0021608025838168454,-0.00579929688169889,-0.32783019050256357,-0.6234423606091584,-4.497052998703795,-1.3376516034876307
sig_skew25_bull_signed,veto0.10,4512,30871.534999999974,0.4408244680851064,0.5316932624113475,1.4538723555425983,-14.139396236767077,2.078248262641376,9.645937638973715,590,4021.5749999999916,0.42542372881355933,0.5203389830508475,2.654369931148263,-4.919169753002411,12.851350154579048,9.05870104501423,-51,-1771.554999999993,-0.0001135113144114519,-0.00019365409095362107,-0.06488841991447236,-1.2603325270735795,-0.2816830060721993,-0.502661215934948,-3,-569.7600000000002,0.000465887329579584,-0.00579929688169889,-0.31964584571126853,-0.9293132845636451,-5.42448645743433,-1.380834783105005
sig_skew25_bull_signed,veto0.11,4503,30745.389999999978,0.4399289362647124,0.5309793471019321,1.4453945292449124,-14.964558073081887,1.9587621061627145,9.611129775302476,590,3970.884999999992,0.42542372881355933,0.5203389830508475,2.626546882574269,-4.919169753002411,12.677634812013995,8.934319264354144,-60,-1897.6999999999898,-0.0010090431348054318,-0.0009075694003690682,-0.07336624621215826,-2.0854943633883902,-0.4011691625508609,-0.5374690796061863,-3,-620.4499999999998,0.000465887329579584,-0.00579929688169889,-0.3474688942852624,-0.9293132845636451,-5.598201799999384,-1.5052165637650905
sig_skew25_bull_signed,veto0.12,4498,31264.99499999997,0.4406402845709204,0.5315695864828813,1.458564518665462,-15.67762440009618,1.8888199992797614,9.787510652313186,589,3464.9849999999933,0.4227504244482173,0.5178268251273345,2.304629147239971,-4.960296836137223,10.868642041256901,7.805690406731154,-65,-1378.0949999999975,-0.0002976948285974279,-0.00031733001941980366,-0.06019625679160856,-2.7985606904026827,-0.471111269433814,-0.3610882025954769,-4,-1126.3499999999985,-0.002207417035762438,-0.008311454805211893,-0.6693866296195603,-0.9704403676984574,-7.407194570756477,-2.633845421388081
sig_skew25_bull_signed,veto0.13,4497,31250.634999999973,0.4402935290193462,0.5310206804536357,1.4616330382171387,-15.288797607622667,1.9363167989065082,9.793229791070303,588,3288.444999999993,0.4200680272108844,0.5153061224489796,2.143802825624656,-4.870551666106493,10.470171733123296,7.415704010929,-66,-1392.4549999999945,-0.000644450380171635,-0.0008662360486654253,-0.05712773723993192,-2.4097338979291703,-0.4236144698070672,-0.35536906383836,-5,-1302.889999999999,-0.004889814273095372,-0.010832157483566807,-0.8302129512348753,-0.8806951976677277,-7.805664878890083,-3.023831817190235
sig_skew25_bull_signed,veto0.14,4488,30058.099999999973,0.43894830659536543,0.5296345811051694,1.424876268959618,-15.425506954620616,1.8741741282875979,9.427893322948396,588,3354.2449999999926,0.4200680272108844,0.5170068027210885,2.216805929211469,-4.845219359851667,10.748823563615534,7.565985507030602,-75,-2584.9899999999943,-0.001989672804152409,-0.002252335397131766,-0.09388450649745272,-2.5464432449271186,-0.4857571404259775,-0.7207055319602667,-5,-1237.0899999999992,-0.004889814273095372,-0.009131477211457906,-0.7572098476480624,-0.8553628914129012,-7.527013048397844,-2.873550321088633
sig_skew25_bull_signed,veto0.15,4480,30296.129999999972,0.4395089285714286,0.5305803571428571,1.4322024184574487,-14.827617495726752,1.959176378365597,9.521037250584126,586,3238.9349999999927,0.4197952218430034,0.5170648464163823,2.1962368439363193,-4.88978782401153,10.26236596802893,7.327719902183479,-83,-2346.9599999999955,-0.001429050828089251,-0.001306559359444015,-0.086558356999622,-1.948553786033255,-0.4007548903479783,-0.6275616043245371,-7,-1352.3999999999992,-0.0051626196409763625,-0.009073433516164076,-0.7777789329232121,-0.8999313555727646,-8.013470643984448,-3.1118159259357556
sig_skew25_bull_signed,veto0.16,4470,29556.56999999997,0.43870246085011183,0.5302013422818792,1.4091095126543822,-15.46569989285119,1.8501085349903033,9.302303257609685,586,3071.2449999999926,0.4180887372013652,0.515358361774744,2.120758233766076,-4.956084711270018,9.570361392813274,6.961303588808568,-93,-3086.519999999997,-0.0022355185494060126,-0.001685574220421926,-0.10965126280268844,-2.586636183157692,-0.5098227337232721,-0.8462955972989779,-7,-1520.0899999999992,-0.006869104282614558,-0.010779918157802326,-0.8532575430934553,-0.9662282428312521,-8.705475219200105,-3.4782322393106666
sig_skew25_bull_signed,veto0.17,4462,29453.659999999974,0.43859255939040787,0.5302554908112954,1.4045780578095248,-14.835542828265844,1.9245625143080494,9.286657947856952,586,3170.024999999994,0.4197952218430034,0.5170648464163823,2.2407877425919343,-4.124079120778176,11.893348399861253,7.175080079599742,-101,-3189.429999999993,-0.0023454200091099775,-0.0016314256910057168,-0.11418271764754584,-1.9564791185723465,-0.435368754405526,-0.8619409070517108,-7,-1421.3099999999977,-0.0051626196409763625,-0.009073433516164076,-0.7332280342675972,-0.13422265233941033,-6.382488212152126,-3.2644557485194925
sig_skew25_bull_signed,veto0.18,4451,28704.634999999973,0.4374297910581892,0.5297685913277915,1.3715749077936257,-15.609241995441522,1.8003325940124775,9.06179277340538,585,3080.4749999999935,0.4188034188034188,0.5162393162393163,2.1498232286417,-4.206768876585989,11.310922614419962,6.97383562260975,-112,-3938.4549999999945,-0.003508188341328655,-0.0021183251745096054,-0.147185867663445,-2.730178285748025,-0.5595986747010979,-1.0868060815032834,-8,-1510.8599999999983,-0.006154422680560934,-0.009898963693230067,-0.8241925482178316,-0.21691240814722335,-6.964913997593417,-3.465700205509485
sig_skew25_bull_signed,veto0.19,4443,28802.17999999998,0.4384424938104884,0.530497411658789,1.370930847838754,-16.558362134538605,1.7007023004645123,9.113106512413273,584,3247.854999999993,0.4195205479452055,0.5154109589041096,2.3052645713794337,-4.302369652838192,11.697617786534018,7.399351343174348,-120,-3840.909999999989,-0.002495485589029456,-0.0013895048435120794,-0.1478299276183166,-3.6792984248451077,-0.6592289682490631,-1.03549234249539,-9,-1343.4799999999987,-0.005437293538774257,-0.010727321028436765,-0.6687512054800977,-0.31251318439942644,-6.578218825479361,-3.040184484944887
sig_skew25_bull_signed,veto0.20,4433,28701.794999999976,0.4392059553349876,0.5303406271148207,1.372690914351126,-17.50924285022882,1.6048727677022807,9.097295673095964,584,3380.4349999999918,0.4229452054794521,0.5154109589041096,2.3894341705923567,-4.220448280478058,12.442491620674573,7.707432063625082,-130,-3941.294999999991,-0.0017320240645302687,-0.0015462893874804706,-0.14606986110594478,-4.630179140535322,-0.7550585010112947,-1.051303181812699,-9,-1210.9,-0.002012636004527668,-0.010727321028436765,-0.5845816062671747,-0.23059181203929224,-5.833344991338805,-2.732103764494153
sig_skew25_bull_signed,veto0.21,4428,28940.38999999997,0.4401535682023487,0.5311653116531165,1.380243213867974,-18.094403418685566,1.5609389056437322,9.182356735907167,584,3377.8149999999905,0.4229452054794521,0.5136986301369864,2.4076054235491418,-4.220448280478058,12.432236291428229,7.701138864291093,-135,-3702.699999999997,-0.0007844111971691548,-0.0007216048491845983,-0.13851756158909656,-5.215339708992069,-0.7989923630698432,-0.966242119001496,-9,-1213.5200000000013,-0.002012636004527668,-0.012439649795560004,-0.5664103533103897,-0.23059181203929224,-5.84360032058515,-2.7383969638281416
sig_skew25_bull_signed,veto0.22,4418,29385.28999999998,0.4404708012675419,0.53168854685378,1.39485528544671,-18.01258050941767,1.5828457108664749,9.342009813511984,584,3585.844999999991,0.4246575342465753,0.5154109589041096,2.4478595092585915,-4.266058801148138,13.107663556471154,8.195615818816476,-145,-3257.7999999999884,-0.0004671781319759427,-0.00019836964852115724,-0.12390549001036066,-5.133516799724173,-0.7770855578471005,-0.8065890413966788,-9,-1005.4900000000007,-0.0003003072374044291,-0.010727321028436765,-0.5261562676009399,-0.27620233270937256,-5.1681730555422245,-2.2439200093027587
sig_skew25_bull_signed,veto0.23,4411,28820.609999999975,0.4400362729539787,0.5313987757878033,1.3734041394246481,-18.540253828788757,1.5195035558926058,9.173933135857082,583,3311.834999999991,0.4219554030874786,0.5128644939965694,2.2671000541179285,-4.661330311085213,11.022794376183171,7.573627005899103,-152,-3822.4799999999923,-0.0009017064455391632,-0.00048814071449787555,-0.14535663603242255,-5.661190119095259,-0.8404277128209696,-0.9746657190515808,-10,-1279.500000000001,-0.0030024383965011614,-0.013273785935976945,-0.706915722741603,-0.6714738426464475,-7.253042235830208,-2.865908822220132
sig_skew25_bull_signed,veto0.24,4406,29148.309999999976,0.4407625964593736,0.5320018157058557,1.3821670631307728,-17.112938670280556,1.6577684288157746,9.286765337233463,583,3314.0299999999925,0.4202401372212693,0.5128644939965694,2.2440260670335266,-4.660517273712644,11.03248050013068,7.564358089909577,-157,-3494.7799999999916,-0.00017538294014424194,0.00011489920355456373,-0.1365937123262979,-4.233874960587059,-0.7021628398978008,-0.8618335176751994,-10,-1277.3049999999994,-0.004717704262710454,-0.013273785935976945,-0.7299897098260049,-0.6706608052738785,-7.243356111882699,-2.8751777382096577
sig_skew25_bull_signed,veto0.25,4400,28646.854999999974,0.44022727272727274,0.5313636363636364,1.3706869124088272,-16.776816030509785,1.6729522001520047,9.135699808448141,582,3051.489999999993,0.41924398625429554,0.5103092783505154,1.9892225674629982,-5.482066987596778,8.593232809137119,6.9903408589797325,-163,-3996.2349999999933,-0.0007107066722450983,-0.0005232801386647612,-0.14807386304824344,-3.897752320816288,-0.6869790685615706,-1.0128990464605216,-11,-1539.844999999999,-0.005713855229684206,-0.015829001582030933,-0.9847932093965333,-1.4922105191580126,-9.68260380287626,-3.4491949691395023
sig_skew25_bull_signed,veto0.26,4391,28220.28999999997,0.4404463675700296,0.5308585743566385,1.3620807374414734,-17.294794561941906,1.607823223260123,9.023264082678077,582,2927.2049999999954,0.4175257731958763,0.5085910652920962,1.8962080218065773,-5.564969323658175,8.101142016423617,6.714707758626017,-172,-4422.799999999996,-0.0004916118294882588,-0.0010283421456626085,-0.15668003801559727,-4.415730852248409,-0.7521080454534523,-1.1253347722305858,-11,-1664.1299999999965,-0.007432068288103444,-0.01754721464045017,-1.0778077550529541,-1.5751128552194098,-10.174694595589761,-3.724828069493218
sig_skew25_bull_signed,veto0.27,4377,28881.639999999978,0.4402558830249029,0.531642677633082,1.3922766499492603,-16.283268153761483,1.7323813806577066,9.25122860102203,582,3009.024999999995,0.4175257731958763,0.5085910652920962,1.9635707322028964,-5.564969323658175,8.340646474338856,6.915373674133466,-186,-3761.44999999999,-0.0006820963746149156,-0.0002442388692190933,-0.1264841255078104,-3.404204444067986,-0.6275498880558688,-0.897370253886633,-11,-1582.3099999999968,-0.007432068288103444,-0.01754721464045017,-1.010445044656635,-1.5751128552194098,-9.935190137674523,-3.5241621539857686
sig_skew25_bull_signed,veto0.28,4368,28872.85499999998,0.44024725274725274,0.5313644688644689,1.3946117863796696,-16.408005105823904,1.7188883751023627,9.264269615375737,582,2984.5799999999954,0.41580756013745707,0.5085910652920962,1.9879729910414805,-5.63922430769456,8.160136617862191,6.864770971893939,-195,-3770.234999999986,-0.0006907266522651057,-0.0005224476378322684,-0.12414898907740102,-3.5289413961304064,-0.6410428936112127,-0.8843292395329261,-11,-1606.7549999999965,-0.009150281346522682,-0.01754721464045017,-0.9860427858180509,-1.6493678392557944,-10.115699994151187,-3.574764856225296
sig_skew25_bull_signed,veto0.29,4362,29208.734999999975,0.4401650618982118,0.5316368638239339,1.4081472085314461,-16.662509985558113,1.7047565975231247,9.378052775070257,581,3522.159999999995,0.42168674698795183,0.5146299483648882,2.344566438608305,-5.615593809178008,9.769196116141552,8.130660848191148,-201,-3434.3549999999923,-0.0007729175013060363,-0.00025005267836719636,-0.11061356692562452,-3.783446275864616,-0.6551746711904507,-0.7705460798384056,-12,-1069.174999999997,-0.0032710944960279154,-0.011508331567658181,-0.6294493382512263,-1.6257373407392421,-8.506640495871826,-2.3088749799280865
sig_skew25_bull_signed,veto0.30,4351,28748.98499999998,0.43989887382210985,0.5313720983681912,1.3925899772552435,-16.689725832327245,1.6853886904634816,9.246209820664145,580,3397.129999999995,0.4224137931034483,0.5120689655172413,2.1585460092678503,-5.541634857220458,9.525849785290465,7.883071398123021,-212,-3894.1049999999886,-0.001039105577407995,-0.0005148181341099178,-0.1261707982018272,-3.8106621226337474,-0.6745425782500938,-0.9023890342445178,-13,-1194.2049999999967,-0.0025440483805314607,-0.014069314415305012,-0.8154697675916811,-1.5517783887816927,-8.749986826722914,-2.556464429996214
sig_skew25_bull_signed,veto0.35,4313,28476.804999999986,0.4402967771852539,0.5321122188731742,1.3828435149612723,-15.095146270969813,1.8524834607152083,9.247783749567635,575,4547.009999999993,0.4365217391304348,0.5269565217391304,2.722734642304895,-5.078420378387633,14.208578848123107,10.775260132975927,-250,-4166.284999999982,-0.0006412022142639473,0.00022530237087303728,-0.13591726049579833,-2.216082561276316,-0.5074478079983671,-0.900815105341028,-18,-44.32499999999891,0.011563897646455046,0.0008182418065840746,-0.2512811345546364,-1.088563909948867,-4.067257763890272,0.3357243048566918
sig_skew25_bull_signed,veto0.40,4272,28601.309999999983,0.4400749063670412,0.533941947565543,1.4275977523919945,-12.879063709693497,2.1771132263838284,9.380653655333896,572,3946.294999999992,0.43356643356643354,0.5192307692307693,2.3809546927172964,-5.165136199259514,11.99375909172209,9.40642864412866,-291,-4041.7799999999843,-0.0008630730324766245,0.0020550310632418967,-0.09116302306507618,0.0,-0.18281804232974697,-0.7679451995747666,-21,-645.04,0.008608592082453792,-0.0069075107017770865,-0.593061084142235,-1.1752797308207485,-6.282077520291288,-1.033107183990575
sig_skew25_bull_signed,veto0.45,4229,28582.86999999998,0.44052967604634663,0.533695909198392,1.4469903950570597,-12.879063709693497,2.176244001962305,9.483412612077085,565,3643.214999999993,0.431858407079646,0.5203539823008849,2.1552866430200526,-5.741193781567061,9.906174411886742,8.793052763891847,-334,-4060.2199999999866,-0.00040830335317121325,0.0018089926960909164,-0.07177038040001094,0.0,-0.18368726675127034,-0.6651862428315773,-28,-948.119999999999,0.006900565595666264,-0.005784297631661439,-0.8187291338394789,-1.7513373131282952,-8.369662200126637,-1.6464830642273878
sig_skew25_bull_signed,veto0.50,4185,26616.984999999986,0.43799283154121865,0.5299880525686977,1.3905747027505624,-13.70804918699034,1.9556856758264978,8.910838601545581,564,3394.8549999999923,0.4308510638297872,0.5177304964539007,1.9918052902336991,-7.01959369290426,7.514847654784049,8.270141395007087,-378,-6026.104999999981,-0.002945147858299191,-0.0018988639336033897,-0.12818607270650828,-0.8289854772968432,-0.4042455928870776,-1.2377602533630814,-29,-1196.4799999999996,0.0058932223458074695,-0.00840778347864568,-0.9822104866258323,-3.029737224465494,-10.76098895722933,-2.1693944331121475
sig_skew25_bull_signed,tilt0.01,4563,32494.11499999997,0.44071882533421,0.5318869165023011,1.5127184506499274,-12.879063709693497,2.353449591310611,10.1047118595356,593,4293.434999999992,0.42327150084317033,0.524451939291737,2.6764676162648224,-4.061903596035857,16.697749110863555,9.78490210163779,0,-148.97499999999854,-0.0002191540653078694,0.0,-0.0060423248071432845,0.0,-0.006481677402964348,-0.04388699537306273,0,-297.89999999999964,-0.001686340640809414,-0.001686340640809414,-0.297548160594709,-0.07204712759709153,-1.5780875011498239,-0.6546337264814444
sig_skew25_bull_signed,tilt0.02,4563,32395.83499999997,0.44049967126890205,0.5316677624369932,1.5080701805677095,-12.91581725149212,2.342478573361226,10.071729258749462,593,4271.944999999992,0.42327150084317033,0.524451939291737,2.6599771035661877,-4.069403056562777,16.577137417687254,9.731159587832686,0,-247.25499999999738,-0.0004383081306157943,-0.00021915406530792492,-0.010690594889361194,-0.03675354179862289,-0.0174526953523495,-0.07686959615920053,0,-319.3899999999994,-0.001686340640809414,-0.001686340640809414,-0.3140386732933438,-0.07954658812401139,-1.6986991943261245,-0.7083762402865492
sig_skew25_bull_signed,tilt0.03,4563,32217.524999999972,0.44049967126890205,0.5314486083716853,1.5029389057137998,-12.926462434792734,2.332780868829652,10.023723701804718,593,4271.944999999992,0.42327150084317033,0.524451939291737,2.6599771035661877,-4.069403056562777,16.577137417687254,9.731159587832687,0,-425.56499999999505,-0.0004383081306157943,-0.00043830813061584983,-0.015821869743270822,-0.04739872509923693,-0.027150399883923537,-0.12487515310394492,0,-319.3899999999994,-0.001686340640809414,-0.001686340640809414,-0.3140386732933438,-0.07954658812401139,-1.6986991943261245,-0.7083762402865474
sig_skew25_bull_signed,tilt0.05,4563,32081.10999999997,0.44071882533421,0.5312294543063774,1.4976985007436374,-12.960074198663666,2.320784832951643,9.97095438405798,593,4271.944999999992,0.42327150084317033,0.524451939291737,2.6599771035661877,-4.069403056562777,16.577137417687254,9.731159587832689,0,-561.9799999999959,-0.0002191540653078694,-0.0006574621959237748,-0.02106227471343325,-0.08101048897016838,-0.03914643576193244,-0.1776444708506819,0,-319.3899999999994,-0.001686340640809414,-0.001686340640809414,-0.3140386732933438,-0.07954658812401139,-1.6986991943261245,-0.7083762402865457
sig_skew25_bull_signed,tilt0.07,4563,31803.119999999966,0.4402805172035941,0.5312294543063774,1.4813449512978691,-13.265180812624722,2.2555194717424194,9.8742835171405,593,4027.7049999999927,0.42158516020236086,0.5227655986509275,2.45907914397057,-4.643581282550781,13.636330081007303,9.176003767266907,0,-839.9700000000012,-0.0006574621959237192,-0.0006574621959237748,-0.03741582415920153,-0.3861171029312249,-0.10441179697115599,-0.2743153377681633,0,-563.6299999999992,-0.0033726812816188834,-0.003372681281618828,-0.5149366328889613,-0.6537248141120156,-4.6395065310060755,-1.2635320608523273
sig_skew25_bull_signed,tilt0.10,4563,32119.23999999997,0.44071882533421,0.5316677624369932,1.4889238458660732,-13.385480105562328,2.2486383383420097,9.972932101479396,593,3799.454999999993,0.41989881956155145,0.521079258010118,2.298043660030842,-6.2170579880915895,9.567836169428256,8.660291018400272,0,-523.8499999999985,-0.0002191540653078694,-0.00021915406530792492,-0.029836929590997485,-0.5064163958688308,-0.11129293037156573,-0.17566675342926708,0,-791.8799999999987,-0.005059021922428297,-0.005059021922428353,-0.6759721168286896,-2.227201519652824,-8.708000442585123,-1.7792448097189624
sig_skew25_bull_signed,tilt0.15,4563,32487.779999999977,0.44115713346482577,0.532325224632917,1.5033825404251568,-13.633715430520263,2.2229209838784776,10.088332194061595,593,4004.8049999999907,0.42495784148397975,0.5227655986509275,2.387106847367512,-6.215299932790557,10.125836239145457,9.117223147901287,0,-155.3099999999904,0.00021915406530792492,0.00043830813061584983,-0.015378235031913823,-0.7546517208267662,-0.1370102848350978,-0.06026666084706811,0,-586.5300000000011,0.0,-0.003372681281618828,-0.5869089294920196,-2.225443464351791,-8.150000372867922,-1.322312680217948
sig_skew25_bull_signed,tilt0.20,4563,32054.059999999976,0.44071882533421,0.532325224632917,1.4848915886885097,-13.836016033686436,2.1727525332099895,9.957932520361542,593,3835.30499999999,0.42327150084317033,0.521079258010118,2.317683842388659,-6.3367632938439735,9.481918161773546,8.74737514086485,0,-589.0299999999916,-0.0002191540653078694,0.00043830813061584983,-0.03386918676856099,-0.9569523239929385,-0.18717873550358588,-0.1906663345471209,0,-756.030000000002,-0.001686340640809414,-0.005059021922428353,-0.6563319344708725,-2.346906825405208,-8.793918450239833,-1.6921606872543844
sig_skew25_bull_signed,tilt0.30,4563,31688.329999999973,0.43984220907297833,0.5314486083716853,1.4714912397889857,-13.881644222429305,2.1506470492957965,9.844117989509565,593,3515.3549999999914,0.42158516020236086,0.5193929173693086,2.1159893094107907,-7.382979713381702,7.415284317247339,8.005607230599217,0,-954.7599999999948,-0.0010957703265395136,-0.00043830813061584983,-0.047269535668085005,-1.0025805127358076,-0.20928421941777886,-0.304480865399098,0,-1075.9800000000005,-0.0033726812816188834,-0.006745362563237767,-0.8580264674487408,-3.3931232449429363,-10.86055229476604,-2.4339285975200173
sig_skew25_bull_signed,tilt0.50,4563,32759.014999999978,0.44115713346482577,0.5340784571553803,1.4981850095563052,-14.748992613041748,2.0651240182900934,10.17424856287523,593,4196.88499999999,0.4317032040472175,0.524451939291737,2.570477719108733,-4.407758934370752,15.015352734730731,9.51967316934638,0,115.92500000001019,0.00021915406530792492,0.002191540653079138,-0.020575765900765486,-1.8699289033482511,-0.294807250423482,0.025649707966566737,0,-394.45000000000164,0.006745362563237767,-0.001686340640809414,-0.40353805775079854,-0.4179024659319861,-3.260483877282647,-0.9198626587728551
sig_skew25_bull_signed,tilt0.75,4563,33137.399999999965,0.4418145956607495,0.5342976112206882,1.5093522653276108,-14.552792573293386,2.107430223476824,10.272727915281092,593,5292.069999999991,0.4418212478920742,0.5379426644182125,3.425677179636209,-3.374519550859177,25.21333804582835,12.032354144877429,0,494.3099999999977,0.0008766162612316442,0.002410694718387063,-0.009408510129459868,-1.673728863599889,-0.2525010452367513,0.12412906037242877,0,700.7349999999988,0.016863406408094472,0.01180438448566612,0.45166140277667743,0.6153369175795884,6.9375014338149725,1.5928183167581942
sig_skew25_bull_signed,tilt1.00,4563,32758.23999999997,0.4420337497260574,0.5340784571553803,1.4896145602648376,-12.997105292846257,2.3434499845990135,10.156065507413713,593,4312.359999999988,0.4317032040472175,0.5295109612141653,2.7512908094905315,-3.447791681571557,19.765349858227136,9.765447287857567,0,115.15000000000146,0.001095770326539569,0.002191540653079138,-0.029146215192233038,-0.1180415831527597,-0.016481284114561845,0.007466652505049964,0,-278.975000000004,0.006745362563237767,0.003372681281618939,-0.22272496736899994,0.5420647868672086,1.4895132462137575,-0.6740885402616676
sig_skew25_chg_bull_signed,veto0.02,4547,32512.23499999997,0.4409500769738289,0.5311194193974049,1.5122730411268197,-12.928001581601805,2.345327180700195,10.130347515582315,593,4273.394999999993,0.42327150084317033,0.524451939291737,2.695300607914256,-4.582200568100726,14.72735919641801,9.670458608469737,-16,-130.85499999999593,1.2097574311031867e-05,-0.0007674971048962087,-0.0064877343302509605,-0.048937871908307784,-0.014604088013380423,-0.018251339326347704,0,-317.9399999999987,-0.001686340640809414,-0.001686340640809414,-0.2787151689452756,-0.5923440996619602,-3.548477415595368,-0.7690772196494979
sig_skew25_chg_bull_signed,veto0.03,4542,32867.33499999998,0.44165565830030823,0.5314839277851167,1.520882647504961,-12.910150248175073,2.363947112272433,10.251673252712939,593,4314.1549999999925,0.42495784148397975,0.5261382799325464,2.7464975853785853,-3.9840741334201213,17.112476551255984,9.749626209958798,-21,224.2450000000099,0.0007176789007903861,-0.0004029887171844715,0.002121872047890383,-0.031086538481575943,0.004015843558857757,0.10307439780427607,0,-277.1799999999994,0.0,0.0,-0.2275181914809461,0.005782335018644336,-1.1633600607573946,-0.6899096181604367
sig_skew25_chg_bull_signed,veto0.04,4535,32846.77999999997,0.44167585446527013,0.5323042998897464,1.526987837926188,-12.879063709693497,2.368763638773285,10.258271764916442,592,4465.389999999993,0.4239864864864865,0.527027027027027,2.778000005547915,-4.526339422119988,15.632692549639605,10.079900785418655,-28,203.69000000000233,0.0007378750657522914,0.00041738338744523595,0.008227062469117419,0.0,0.008832370059709493,0.10967291000777912,-1,-125.9449999999988,-0.0009713549974932345,0.0008887470944806131,-0.1960157713116164,-0.5364829536812223,-2.643144062373773,-0.3596350427005799
sig_skew25_chg_bull_signed,veto0.05,4532,32752.929999999968,0.4415269196822595,0.5324360105913504,1.5292738400750625,-12.879063709693497,2.36469840288758,10.222087202177253,592,4465.389999999993,0.4239864864864865,0.527027027027027,2.778000005547915,-4.526339422119988,15.632692549639605,10.079900785418655,-31,109.84000000000015,0.0005889402827416457,0.0005490940890492402,0.01051306461799184,0.0,0.004767134174004539,0.0734883472685901,-1,-125.9449999999988,-0.0009713549974932345,0.0008887470944806131,-0.1960157713116164,-0.5364829536812223,-2.643144062373773,-0.3596350427005799
sig_skew25_chg_bull_signed,veto0.06,4528,32687.774999999965,0.44125441696113077,0.532243816254417,1.5280627957680992,-12.879063709693497,2.361871838606638,10.214507700650605,592,4260.264999999993,0.4222972972972973,0.5236486486486487,2.666748900411316,-4.526339422119988,14.859790201645634,9.58859604227181,-35,44.68499999999767,0.0003164375616129256,0.0003568997521158357,0.009302020311028558,0.0,0.0019405698930627935,0.06590884574194256,-1,-331.0699999999988,-0.002660544186682434,-0.0024896312838976753,-0.3072668764482156,-0.5364829536812223,-3.416046410367745,-0.8509397858474248
sig_skew25_chg_bull_signed,veto0.07,4522,31939.80499999997,0.44051304732419283,0.5316231755860239,1.5072810735272877,-12.879063709693497,2.329168161513191,9.998489573990987,592,4464.164999999993,0.42567567567567566,0.5253378378378378,2.800065500318557,-3.9843097433545624,17.7541200644194,10.030400156382164,-41,-703.2849999999962,-0.000424932075325013,-0.00026374091627723306,-0.011479701929782982,0.0,-0.030763107200384443,-0.1501092809176754,-1,-127.16999999999916,0.0007178341916959097,-0.0008004420947085311,-0.1739502765409746,0.0055467250842031746,-0.5217165475939787,-0.40913567173707044
sig_skew25_chg_bull_signed,veto0.08,4520,31530.809999999965,0.4407079646017699,0.5314159292035399,1.492411548854174,-12.971532516314616,2.2946087812804192,9.86695196748476,592,4602.354999999993,0.42736486486486486,0.527027027027027,2.9446640555775265,-3.9397259342212902,18.556438527384813,10.31498161286793,-43,-1112.2800000000025,-0.00023001479774792388,-0.00047098729876127177,-0.026349226602896625,-0.09246880662111856,-0.06532248743315616,-0.28164688742390354,-1,11.020000000001346,0.0024070233808851094,0.0008887470944806131,-0.029351721282004917,0.050130534217475375,0.28060191537143453,-0.12455421525130461
sig_skew25_chg_bull_signed,veto0.09,4516,31651.094999999965,0.4408768821966342,0.5312223206377326,1.4926064000222141,-13.104428088326369,2.2765805126692427,9.9165083944334,592,4757.014999999993,0.42905405405405406,0.5287162162162162,2.9961709182255487,-3.8909970609992524,19.473418427036886,10.638878638442513,-47,-991.9950000000026,-6.109720288366427e-05,-0.0006645958645685734,-0.026154375434856547,-0.22536437863287162,-0.08335075604433273,-0.23209046047526272,-1,165.6800000000012,0.004096212570074309,0.0025779362836698683,0.02215514136601726,0.09885940743951327,1.1975818150235078,0.19934281032327839
sig_skew25_chg_bull_signed,veto0.10,4512,31756.984999999964,0.44104609929078015,0.5314716312056738,1.4939957681443152,-13.13602796945072,2.2756973470657287,9.955968246349578,591,4477.844999999992,0.4263959390862944,0.5262267343485617,2.735166632049846,-3.9798512565970854,17.83283111059938,10.030122769099593,-51,-886.1050000000032,0.00010811989126230381,-0.0004152852966273768,-0.024765007312755438,-0.2569642597572219,-0.08423392164784671,-0.1926306085590852,-2,-113.48999999999978,0.0014380976023146697,8.845441601534887e-05,-0.23884914480968567,0.01000521184168024,-0.4430055014139995,-0.4094130590196414
sig_skew25_chg_bull_signed,veto0.11,4504,31972.774999999958,0.441607460035524,0.5317495559502664,1.5024497389841427,-13.107340445824056,2.290029769011953,10.038852986175517,590,4207.4049999999925,0.42203389830508475,0.523728813559322,2.6138225993688096,-3.9798512565970854,16.67463570883172,9.448598128742312,-59,-670.3150000000096,0.0006694806360061367,-0.00013736055203472652,-0.016311036472927976,-0.22827673613055843,-0.06990149970162252,-0.10974586873314607,-3,-383.9299999999994,-0.0029239431788949943,-0.002409466373224367,-0.3601931774907219,0.01000521184168024,-1.6012009031816596,-0.9909376993769232
sig_skew25_chg_bull_signed,veto0.12,4498,31702.67999999996,0.4413072476656292,0.5313472654513117,1.4941751052053338,-13.184728901814058,2.2649457345509,9.9722229439502,590,3842.2449999999926,0.4186440677966102,0.5203389830508475,2.404005766294583,-5.020539742889188,11.99095628919986,8.625619239337123,-65,-940.4100000000071,0.00036926826611133334,-0.0005396510509894092,-0.024585670251736857,-0.30566519212056065,-0.0949855341626753,-0.1763759109584626,-3,-749.0899999999992,-0.006313773687369573,-0.00579929688169889,-0.5700100105649484,-1.0306832744504222,-6.284880322813519,-1.8139165887821118
sig_skew25_chg_bull_signed,veto0.13,4492,31950.039999999964,0.4416740872662511,0.5318343722172751,1.5003880087692854,-13.202578812907145,2.2725340487635166,10.063280157179724,588,4073.6049999999923,0.4200680272108844,0.5221088435374149,2.585541614499057,-4.927290622360797,13.00847625215197,9.192216051111314,-71,-693.0500000000029,0.0007361078667332821,-5.254428502599051e-05,-0.018372766687785314,-0.32351510321364785,-0.08739721995005878,-0.08531869772893863,-5,-517.7299999999996,-0.004889814273095372,-0.004029436395131425,-0.3884741623604744,-0.9374341539220312,-5.267360359861408,-1.2473197770079203
sig_skew25_chg_bull_signed,veto0.14,4487,31512.58499999996,0.44060619567639847,0.5308669489636728,1.4807196553382713,-13.432783176114887,2.215041350153166,9.936214483548401,588,4070.6949999999924,0.4200680272108844,0.5221088435374149,2.5984394270906344,-4.723299754986172,13.559877625694781,9.185046409282561,-76,-1130.5050000000083,-0.0003317837231193721,-0.0010199675386283191,-0.03804112011879934,-0.5537194664213896,-0.14488991856040956,-0.21238437136026178,-5,-520.6399999999994,-0.004889814273095372,-0.004029436395131425,-0.3755763497688971,-0.7334432865474065,-4.715958986318597,-1.2544894188366733
sig_skew25_chg_bull_signed,veto0.15,4484,31424.719999999965,0.4404549509366637,0.5307760927743087,1.470182191873912,-14.589987965867671,2.035907831634678,9.910669147220702,588,4070.6949999999924,0.4200680272108844,0.5221088435374149,2.5984394270906344,-4.723299754986172,13.559877625694781,9.185046409282561,-79,-1218.3700000000026,-0.00048302846285414036,-0.0011108237279924271,-0.048578583583158697,-1.7109242561741738,-0.32402343707889747,-0.23792970768796096,-5,-520.6399999999994,-0.004889814273095372,-0.004029436395131425,-0.3755763497688971,-0.7334432865474065,-4.715958986318597,-1.2544894188366733
sig_skew25_chg_bull_signed,veto0.16,4476,31667.294999999966,0.4407953529937444,0.531277926720286,1.4799120555526577,-15.40834953003167,1.936776212010047,10.00465554775523,588,4220.1149999999925,0.4217687074829932,0.5238095238095238,2.593863986678891,-4.667313455805456,14.26480710013333,9.532825231029161,-87,-975.7950000000019,-0.00014262640577344943,-0.0006089897820151791,-0.038848719904412965,-2.5292858203381723,-0.4231550567035285,-0.1439433071534335,-5,-371.21999999999935,-0.0031891340009865266,-0.002328756123022524,-0.3801517901806406,-0.67745698736669,-4.011029511880048,-0.9067105970900737
sig_skew25_chg_bull_signed,veto0.17,4471,31831.659999999963,0.4406173115634086,0.530977409975397,1.491001393530417,-15.652352164370761,1.912562404471459,10.069437535621176,588,4220.1149999999925,0.4217687074829932,0.5238095238095238,2.593863986678891,-4.667313455805456,14.26480710013333,9.532825231029161,-92,-811.4300000000039,-0.0003206678361092341,-0.0009095065269041358,-0.027759381926653726,-2.773288454677264,-0.4473688642421163,-0.07916131928748626,-5,-371.21999999999935,-0.0031891340009865266,-0.002328756123022524,-0.3801517901806406,-0.67745698736669,-4.011029511880048,-0.9067105970900737
sig_skew25_chg_bull_signed,veto0.18,4467,31727.549999999963,0.44034027311394675,0.5314528766509962,1.4866020147357943,-15.899679282353954,1.8790859447602573,10.048431924518622,588,4667.564999999993,0.42517006802721086,0.5272108843537415,2.9303176809758607,-4.51504205769029,16.440348612813164,10.531069889907558,-96,-915.5400000000045,-0.000597706285571098,-0.00043403985130496814,-0.032158760721276325,-3.020615572660457,-0.48084532395331814,-0.10016693039004032,-5,76.23000000000138,0.0002122265432311088,0.0010726044211951669,-0.043698095883670796,-0.5251855892515245,-1.8354879992002147,0.09153406178832313
sig_skew25_chg_bull_signed,veto0.19,4459,31463.44499999997,0.4404575016819915,0.5317335725498991,1.4859712907592575,-15.121792921178837,1.9657755043586906,9.984165438483275,587,4608.404999999993,0.424190800681431,0.5264054514480409,2.8758769034278147,-4.977778333992966,14.707614519900908,10.406875793064982,-104,-1179.6449999999968,-0.0004804777175263508,-0.0001533439524020741,-0.032789484697813176,-2.24272921148534,-0.39415576435488475,-0.16443341642538734,-6,17.070000000001528,-0.0007670408025487463,0.0002671715154944909,-0.09813887343171679,-0.9879218655542008,-3.568222092112471,-0.032660035054252745
sig_skew25_chg_bull_signed,veto0.20,4455,31459.324999999968,0.4404040404040404,0.5317620650953985,1.4878222850814453,-16.23827542113142,1.8304709368988288,9.988902110691402,587,4326.964999999992,0.42078364565587734,0.524701873935264,2.652079479802518,-5.1104829292181,13.383385226977284,9.793976259770837,-108,-1183.7649999999994,-0.0005339389954774343,-0.0001248514069026596,-0.03093849037562535,-3.359211711437922,-0.5294603318147466,-0.15969674421726054,-6,-264.3699999999999,-0.004174195828102412,-0.0014364059972823418,-0.32193629705701365,-1.1206264607793344,-4.892451385036095,-0.6455595683483981
sig_skew25_chg_bull_signed,veto0.21,4450,31467.49499999997,0.4404494382022472,0.5319101123595505,1.4899654651522778,-15.785132217583437,1.883314521197291,9.997748024175563,587,4219.819999999991,0.42078364565587734,0.5229982964224872,2.5504311906350465,-5.153819579512465,12.91727744740986,9.567858966463884,-113,-1175.5949999999975,-0.0004885411972706533,2.3195857249413976e-05,-0.028795310304792876,-2.9060685078899393,-0.47661674751628436,-0.15085083073310024,-6,-371.51500000000124,-0.004174195828102412,-0.0031399835100591744,-0.4235845862244849,-1.1639631110736994,-5.358559164603518,-0.8716768616553505
sig_skew25_chg_bull_signed,veto0.22,4445,31120.41999999997,0.4398200224971879,0.5313835770528684,1.4826847211798497,-15.929125665264715,1.8537736863986343,9.894002706570912,587,4568.929999999991,0.424190800681431,0.5264054514480409,2.7334768727958267,-4.242781611015472,17.095685053503363,10.394560256043604,-118,-1522.6699999999983,-0.001117956902329964,-0.0005033394494327048,-0.03607605427722094,-3.050061955571218,-0.5061575823149411,-0.25459614833775035,-6,-22.405000000000655,-0.0007670408025487463,0.0002671715154944909,-0.2405389040637047,-0.2529251425767063,-1.1801515585100155,-0.04497557207563041
sig_skew25_chg_bull_signed,veto0.23,4439,30830.23499999997,0.43951340391980176,0.530975444920027,1.4752752534899394,-16.26139469863078,1.8055795214355224,9.808973370065207,587,4568.929999999991,0.424190800681431,0.5264054514480409,2.7334768727958267,-4.242781611015472,17.095685053503363,10.394560256043604,-124,-1812.854999999996,-0.0014245754797160837,-0.0009114715822741148,-0.04348552196713129,-3.3823309889372837,-0.554351747278053,-0.3396254848434559,-6,-22.405000000000655,-0.0007670408025487463,0.0002671715154944909,-0.2405389040637047,-0.2529251425767063,-1.1801515585100155,-0.04497557207563041
sig_skew25_chg_bull_signed,veto0.24,4436,30659.249999999964,0.43913435527502254,0.5306582506762849,1.472229237393472,-16.272895472525466,1.798201197610002,9.761641376413632,587,4568.929999999991,0.424190800681431,0.5264054514480409,2.7334768727958267,-4.242781611015472,17.095685053503363,10.394560256043604,-127,-1983.8400000000038,-0.0018036241244953066,-0.0012286658260162175,-0.046531538063598665,-3.3938317628319687,-0.5617300711035733,-0.3869574784950309,-6,-22.405000000000655,-0.0007670408025487463,0.0002671715154944909,-0.2405389040637047,-0.2529251425767063,-1.1801515585100155,-0.04497557207563041
sig_skew25_chg_bull_signed,veto0.25,4431,30444.57999999997,0.4385014669374859,0.5303543218235162,1.4700311734566662,-16.652236886261363,1.7497219450559887,9.709593207241351,587,4566.4799999999905,0.42248722316865417,0.5264054514480409,2.7389060009615056,-4.242781611015472,17.085773679925722,10.386580838158531,-132,-2198.5099999999984,-0.00243651246203197,-0.001532594678784971,-0.04872960200040444,-3.773173176567866,-0.6102093236575867,-0.43900564766731165,-6,-24.855000000001382,-0.002470618315325579,0.0002671715154944909,-0.23510977589802584,-0.2529251425767063,-1.1900629320876561,-0.05295498996070336
sig_skew25_chg_bull_signed,veto0.26,4423,30659.37999999997,0.43906850553922677,0.5310874971738639,1.4747829001037103,-16.064037801436797,1.82158533969978,9.798268240910978,586,4149.289999999992,0.4197952218430034,0.5238907849829352,2.5190340837054,-4.29133800232905,15.234678541658282,9.487630585855094,-140,-1983.7099999999991,-0.001869473860291071,-0.0007994193284371898,-0.043977875353360396,-3.1849740917432996,-0.5383459290137953,-0.3503306139976843,-7,-442.0450000000001,-0.0051626196409763625,-0.002247494949611184,-0.4549816931541315,-0.30148153389028476,-3.041158070355097,-0.9519052422641412
sig_skew25_chg_bull_signed,veto0.27,4419,30674.554999999968,0.4392396469789545,0.5313419325639285,1.4748528886062577,-16.439082679318652,1.7805642265787174,9.81859832426183,586,4149.289999999992,0.4197952218430034,0.5238907849829352,2.5190340837054,-4.29133800232905,15.234678541658282,9.487630585855094,-144,-1968.5349999999999,-0.001698332420563331,-0.0005449839383726562,-0.04390788685081293,-3.5600189696251547,-0.579367042134858,-0.3300005306468332,-7,-442.0450000000001,-0.0051626196409763625,-0.002247494949611184,-0.4549816931541315,-0.30148153389028476,-3.041158070355097,-0.9519052422641412
sig_skew25_chg_bull_signed,veto0.28,4411,30530.509999999973,0.43935615506687825,0.5318521877125368,1.4687985717810563,-16.842612815075107,1.7329228011853877,9.787105951746486,586,3993.779999999992,0.4197952218430034,0.5221843003412969,2.3918116021280356,-5.0865130711249575,12.336394297149445,9.135493185974006,-152,-2112.5799999999945,-0.001581824332639592,-3.472878976429339e-05,-0.04996220367601434,-3.9635491053816096,-0.6270084675281877,-0.3614929031621763,-7,-597.5549999999998,-0.0051626196409763625,-0.003953979591249435,-0.5822041747314959,-1.096656602686192,-5.939442314863934,-1.3040426421452285
sig_skew25_chg_bull_signed,veto0.29,4407,30680.31999999997,0.43952802359882004,0.5321080099841162,1.4738799611771927,-16.5878003946408,1.7648027127891983,9.841860782621216,585,3931.309999999992,0.4188034188034188,0.5213675213675214,2.356714907767729,-5.586614540408179,11.0437630920541,9.0000560885237,-156,-1962.7699999999968,-0.0014099558006978041,0.00022109348181509336,-0.044880814279878,-3.7087366849473042,-0.5951285559243771,-0.30673807228744643,-8,-660.0249999999996,-0.006154422680560934,-0.004770758565024957,-0.6173008690918023,-1.596758071969413,-7.232073519959279,-1.4394797395955354
sig_skew25_chg_bull_signed,veto0.30,4402,30439.089999999967,0.4388914129940936,0.5313493866424353,1.4658513881483621,-16.499872661727107,1.765684926719239,9.76964359666251,584,3985.5299999999925,0.4195205479452055,0.5222602739726028,2.376273924231006,-5.562470283607474,11.255823037432041,9.135250892602743,-161,-2204.0,-0.0020465664054242216,-0.0005375298598658818,-0.05290938730870853,-3.6208089520336095,-0.5942463419943365,-0.37895525824615284,-9,-605.8049999999994,-0.005437293538774257,-0.0038780059599435868,-0.5977418526285256,-1.5726138151687081,-7.020013574581338,-1.3042849355164918
sig_skew25_chg_bull_signed,veto0.35,4371,30360.824999999968,0.4388011896591169,0.5309997712194006,1.462837480888096,-17.63909451283481,1.6490532812096632,9.808856872765515,582,4308.929999999993,0.422680412371134,0.5257731958762887,2.60502341836974,-3.834421158316194,17.75715359859873,9.903204884526602,-192,-2282.2649999999994,-0.002136789740400935,-0.0008871452829005699,-0.05592329456897471,-4.760030803141312,-0.7108779875039122,-0.3397419821431473,-11,-282.40499999999884,-0.0022774291128457302,-0.0003650840562576807,-0.3689923584897916,0.15543531012257183,-0.5186830134146483,-0.5363309435926329
sig_skew25_chg_bull_signed,veto0.40,4339,29887.134999999966,0.4376584466466928,0.5298455865406776,1.4501747951976154,-18.113427570391046,1.590490381597594,9.6955217026462,581,4610.899999999993,0.42512908777969016,0.5283993115318416,2.664290739175909,-3.8770349080939863,18.894368037632212,10.573084621595273,-224,-2755.9550000000017,-0.003279532752825054,-0.002041329961623539,-0.06858598025945528,-5.234363860697549,-0.7694408871159815,-0.4530771522624626,-12,19.56500000000142,0.0001712462957104144,0.002261031599295249,-0.30972503768362225,0.1128215603447793,0.6185314256188335,0.13354879347603799
sig_skew25_chg_bull_signed,veto0.45,4314,29731.324999999968,0.43648585999072786,0.5289754288363467,1.4641488950868218,-16.762017407932518,1.713219232419546,9.69243774157682,581,4616.629999999996,0.42512908777969016,0.5283993115318416,2.6751794964858746,-4.480636663543372,16.371024764359348,10.568467502047692,-249,-2911.7649999999994,-0.0044521194087899785,-0.002911487665954393,-0.05461188037024889,-3.882953698239021,-0.6467120362940293,-0.4561611133318433,-12,25.29500000000371,0.0001712462957104144,0.002261031599295249,-0.29883628037365684,-0.49078019510460624,-1.904811847654031,0.1289316739284576
sig_skew25_chg_bull_signed,veto0.50,4284,28697.83999999997,0.43557422969187676,0.5287114845938375,1.4412093928685468,-16.65183880385575,1.6873638865525076,9.415371958314774,580,4614.104999999995,0.4224137931034483,0.5275862068965518,2.659462142767294,-4.852840147338127,15.10645494043294,10.600536355635066,-279,-3945.2499999999964,-0.005363749707641086,-0.0031754319084635885,-0.0775513825885239,-3.7727750941622524,-0.6725673821610678,-0.7332268965938891,-13,22.770000000003165,-0.0025440483805314607,0.0014479269640054193,-0.31455363409223747,-0.8629836788993615,-3.169381671580439,0.1610005275158315
sig_skew25_chg_bull_signed,tilt0.01,4563,32585.96999999997,0.44071882533421,0.5318869165023011,1.5173651838460933,-12.879063709693497,2.3574482538318664,10.133156629527264,593,4380.764999999992,0.42327150084317033,0.524451939291737,2.7342793387668274,-4.061903596035857,17.064134229576855,9.969691059545283,0,-57.11999999999898,-0.0002191540653078694,0.0,-0.0013955916109773536,0.0,-0.002483014881708989,-0.015442225381399055,0,-210.5699999999997,-0.001686340640809414,-0.001686340640809414,-0.23973643809270406,-0.07204712759709153,-1.211702382436524,-0.4698447685739513
sig_skew25_chg_bull_signed,tilt0.02,4563,32580.189999999966,0.44071882533421,0.5318869165023011,1.5171819748637636,-12.879063709693497,2.357196844800954,10.131177144496165,593,4271.944999999992,0.42327150084317033,0.524451939291737,2.6599771035661877,-4.069403056562777,16.577137417687254,9.731159587832686,0,-62.900000000001455,-0.0002191540653078694,0.0,-0.0015788005933070615,0.0,-0.002734423912621242,-0.017421710412497404,0,-319.3899999999994,-0.001686340640809414,-0.001686340640809414,-0.3140386732933438,-0.07954658812401139,-1.6986991943261245,-0.7083762402865492
sig_skew25_chg_bull_signed,tilt0.03,4563,32390.43999999997,0.44049967126890205,0.5318869165023011,1.5050030529998055,-12.965627651910772,2.3332454612875306,10.076499157539574,593,4271.944999999992,0.42327150084317033,0.524451939291737,2.6599771035661877,-4.069403056562777,16.577137417687254,9.731159587832686,0,-252.64999999999782,-0.0004383081306157943,0.0,-0.013757722457265142,-0.08656394221727481,-0.02668580742604476,-0.07209969736908839,0,-319.3899999999994,-0.001686340640809414,-0.001686340640809414,-0.3140386732933438,-0.07954658812401139,-1.6986991943261245,-0.7083762402865492
sig_skew25_chg_bull_signed,tilt0.05,4563,32148.17999999997,0.4402805172035941,0.5314486083716853,1.4935537678628579,-13.01663204100052,2.313613594434715,9.9951765490618,593,4027.704999999992,0.42158516020236086,0.5227655986509275,2.45907914397057,-4.643581282550781,13.636330081007303,9.176003767266907,0,-494.9099999999962,-0.0006574621959237192,-0.00043830813061584983,-0.025207007594212794,-0.13756833130702262,-0.046317674278860466,-0.15342230584686334,0,-563.6299999999997,-0.0033726812816188834,-0.003372681281618828,-0.5149366328889613,-0.6537248141120156,-4.6395065310060755,-1.2635320608523273
sig_skew25_chg_bull_signed,tilt0.07,4563,32012.629999999965,0.43984220907297833,0.5312294543063774,1.4885980461496569,-13.098677848725604,2.2932682792672634,9.960467256572835,593,4048.614999999992,0.42327150084317033,0.5227655986509275,2.469333298677725,-4.643581282550781,13.712343900407882,9.221792559863625,0,-630.4600000000028,-0.0010957703265395136,-0.0006574621959237748,-0.030162729307413816,-0.2196141390321067,-0.066662989446312,-0.18813159833582738,0,-542.7199999999998,-0.001686340640809414,-0.003372681281618828,-0.5046824781818064,-0.6537248141120156,-4.563492711605496,-1.2177432682556102
sig_skew25_chg_bull_signed,tilt0.10,4563,32207.989999999965,0.4402805172035941,0.5316677624369932,1.4969581807031038,-12.946084263241197,2.3288296265347674,10.023103122943837,593,3736.914999999991,0.42158516020236086,0.5193929173693086,2.244674991050573,-6.387577312132585,9.148577157921023,8.511055285537916,0,-435.1000000000022,-0.0006574621959237192,-0.00021915406530792492,-0.021802594753966842,-0.06702055354769954,-0.031101642178807953,-0.12549573196482555,0,-854.420000000001,-0.0033726812816188834,-0.006745362563237767,-0.7293407858089584,-2.3977208436938193,-9.127259454092355,-1.928480542581319
sig_skew25_chg_bull_signed,tilt0.15,4563,32079.50499999996,0.43984220907297833,0.5314486083716853,1.4977485874025112,-13.191278549625304,2.280039470384825,9.98729495608292,593,3736.914999999991,0.42158516020236086,0.5193929173693086,2.244674991050573,-6.387577312132585,9.148577157921023,8.511055285537916,0,-563.5850000000064,-0.0010957703265395136,-0.00043830813061584983,-0.02101218805455951,-0.31221483993180676,-0.0798917983287506,-0.16130389882574292,0,-854.420000000001,-0.0033726812816188834,-0.006745362563237767,-0.7293407858089584,-2.3977208436938193,-9.127259454092355,-1.928480542581319
sig_skew25_chg_bull_signed,tilt0.20,4563,32180.284999999967,0.43984220907297833,0.5314486083716853,1.49470205629995,-13.234821923761784,2.276841187027084,10.012678776694216,593,3678.914999999991,0.42158516020236086,0.5193929173693086,2.249973322582411,-6.394268438085494,8.98751442223981,8.396550464913501,0,-462.8050000000003,-0.0010957703265395136,-0.00043830813061584983,-0.024058719157120656,-0.35575821406828645,-0.08309008168649124,-0.13592007821444696,0,-912.420000000001,-0.0033726812816188834,-0.006745362563237767,-0.7240424542771207,-2.4044119696467288,-9.288322189773568,-2.0429853632057338
sig_skew25_chg_bull_signed,tilt0.30,4563,31271.639999999967,0.4383081306158229,0.5310103002410694,1.4848239049946317,-13.176811736940063,2.2475869119389915,9.716363856910156,593,3685.054999999991,0.42327150084317033,0.521079258010118,2.268908751126986,-6.469771141157612,8.898465824410646,8.373134477576448,0,-1371.4500000000007,-0.0026298487836949325,-0.0008766162612316997,-0.033936870462438984,-0.29774802724656624,-0.11234435677458388,-0.4322349979985063,0,-906.2800000000007,-0.001686340640809414,-0.005059021922428353,-0.7051070257325454,-2.479914672718847,-9.377370787602732,-2.0664013505427867
sig_skew25_chg_bull_signed,tilt0.50,4563,31637.83499999997,0.4389655928117467,0.5316677624369932,1.4961223864247344,-14.26893241566742,2.090255955264576,9.848074342485543,593,3632.844999999991,0.42158516020236086,0.5177065767284992,2.113269536565317,-7.050796279812838,8.041712106591193,8.242582777054356,0,-1005.2549999999974,-0.0019723865877711577,-0.00021915406530792492,-0.02263838903233628,-1.3898687059739228,-0.26967531344899953,-0.30052451242312017,0,-958.4900000000007,-0.0033726812816188834,-0.00843170320404718,-0.8607462402942145,-3.0609398113740722,-10.234124505422185,-2.196953051064879
sig_skew25_chg_bull_signed,tilt0.75,4563,33434.65499999997,0.44071882533421,0.5336401490247644,1.5569149167209282,-13.285586494005756,2.320808551394007,10.390977660457255,593,3749.8999999999887,0.42327150084317033,0.521079258010118,2.17780306992709,-6.255085400974327,9.37706780648945,8.46344439323608,0,791.5650000000023,-0.0002191540653078694,0.0017532325224632883,0.03815414126385752,-0.4065227843122585,-0.03912271731956851,0.2423788055485918,0,-841.4350000000031,-0.001686340640809414,-0.005059021922428353,-0.7962127069324416,-2.2652289325355612,-8.898768805523929,-1.9760914348831555
sig_skew25_chg_bull_signed,tilt1.00,4563,33257.86499999997,0.43984220907297833,0.5334209949594565,1.5516262406987713,-13.73473044492473,2.2378082520841986,10.322611312812231,593,3818.1499999999887,0.42327150084317033,0.5193929173693086,2.2594150742621344,-6.335010388354277,9.43914002414218,8.623376517783353,0,614.7750000000015,-0.0010957703265395136,0.0015340784571553634,0.03286546524170064,-0.8556667352312335,-0.12212301662937675,0.17401245790356867,0,-773.1850000000031,-0.001686340640809414,-0.006745362563237767,-0.714600702597397,-2.3451539199155116,-8.836696587871199,-1.8161593103358822
sig_same_strike_cp_bull_signed,veto0.02,4446,34669.74999999997,0.4525416104363473,0.5384615384615384,1.5711300518941569,-12.879063709693497,2.4463204010921893,10.858785812366275,591,4226.51499999999,0.4263959390862944,0.5279187817258884,2.8084029469226337,-4.691260997620379,14.215154727866514,9.536674718977633,-117,2026.6600000000035,0.011603631036829432,0.006574621959237303,0.05236927643708622,0.0,0.0863891323786139,0.7101869574576121,-2,-364.8200000000015,0.0014380976023146697,0.001780501793341993,-0.16561282993689774,-0.7014045291816133,-4.060681884146865,-0.9028611091416021
sig_same_strike_cp_bull_signed,veto0.03,4417,35931.56999999996,0.4546071994566448,0.540638442381707,1.5989475642097941,-14.228956041185729,2.2614709683640113,11.2959113699839,590,4204.09499999999,0.4271186440677966,0.5288135593220339,2.812759803736435,-4.668382935843735,14.203289818353904,9.516207745619655,-146,3288.479999999996,0.013669220057126952,0.008751525879405864,0.08018678875272345,-1.3498923314922315,-0.0984603003495641,1.147312515075237,-3,-387.2400000000016,0.0021608025838168454,0.002675279389487528,-0.16125597312309647,-0.6785264674049696,-4.072546793659475,-0.9233280824995802
sig_same_strike_cp_bull_signed,veto0.04,4387,36226.44499999997,0.4572600866195578,0.5422840209710509,1.6035209412867348,-12.983315134585883,2.4903690194355135,11.424544265591617,589,4127.414999999992,0.4295415959252971,0.5297113752122241,2.7048032404983813,-4.897388964705407,13.273747927637316,9.309782950712716,-176,3583.355000000003,0.01632210722003996,0.010397104468749752,0.08476016582966417,-0.10425142489238581,0.13043775072193808,1.2759454106829544,-4,-463.9200000000001,0.004583754441317367,0.0035730952796777515,-0.26921253636115017,-0.9075324962666418,-5.002088684376062,-1.1297528774065189
sig_same_strike_cp_bull_signed,veto0.05,4368,37536.34999999996,0.4597069597069597,0.5446428571428571,1.6471521972072352,-12.879063709693497,2.5632012277325074,11.926394345843708,588,3922.5699999999906,0.4302721088435374,0.5289115646258503,2.584047064639895,-4.982341595270501,12.35367648919418,8.832886348846039,-195,4893.259999999995,0.01876898030744184,0.012755940640555963,0.1283914217501645,0.0,0.20326995901893197,1.7777954909350449,-5,-668.7650000000012,0.005314267359557645,0.0027732846933039568,-0.38996871221963625,-0.9924851268317356,-5.922160122819198,-1.6066494792731962
sig_same_strike_cp_bull_signed,veto0.06,4345,37867.69499999997,0.46029919447640966,0.5449942462600691,1.6548724894029356,-12.879063709693497,2.576337024930494,12.074407429206639,588,4064.479999999992,0.4336734693877551,0.5306122448979592,2.720478550978583,-5.022012757981694,12.732415695887013,9.178115939967197,-218,5224.605000000003,0.019361215076891813,0.01310732975776796,0.13611171394586496,0.0,0.21640575621691882,1.9258085742979763,-5,-526.855,0.008715627903775336,0.004473964965412858,-0.2535372258809483,-1.0321562895429288,-5.543420916126365,-1.2614198881520373
sig_same_strike_cp_bull_signed,veto0.07,4326,38814.73999999998,0.4604715672676838,0.5457697642163661,1.667705922664909,-13.112233445153116,2.5670018078752563,12.447083506780743,587,3750.8299999999913,0.434412265758092,0.5281090289608177,2.6423975682832523,-5.0762487603235575,11.557730193755184,8.465260615908893,-237,6171.650000000016,0.019533587868165947,0.013882847714065005,0.14894514720783825,-0.23316973545961872,0.20707053916168094,2.29848465187208,-6,-840.5050000000006,0.00945442427411225,0.0019707490282713236,-0.3316182085762791,-1.086392291884792,-6.718106418258195,-1.9742752122103422
sig_same_strike_cp_bull_signed,veto0.08,4303,38752.59999999998,0.46107366953288403,0.5456658145479898,1.6761632848487773,-12.879063709693497,2.611057491046849,12.446116347996266,585,3491.5099999999907,0.4307692307692308,0.5247863247863248,2.488382681727598,-5.110270347609061,10.63570669323445,7.939685396978564,-260,6109.510000000009,0.02013569013336619,0.013778898045688659,0.15740250939170664,0.0,0.25112622233327375,2.2975174930876037,-8,-1099.8250000000012,0.005811389285251045,-0.0013519551462215507,-0.4856330951319334,-1.1204138791702958,-7.640129918778928,-2.499850431140671
sig_same_strike_cp_bull_signed,veto0.09,4278,38752.77499999998,0.4618980832164563,0.5455820476858345,1.6841074346128182,-12.879063709693497,2.611064306306645,12.517751727285656,583,3826.9049999999916,0.43567753001715265,0.5265866209262435,2.902952586473145,-5.066642994377961,11.831071684208409,8.695161693805906,-285,6109.685000000012,0.02096010381693847,0.013695131183533382,0.16534665915574753,0.0,0.2511330375930698,2.3691528723769935,-10,-764.4300000000003,0.0107196885331729,0.0004483409936971716,-0.07106319038638631,-1.0767865259391955,-6.44476492780497,-1.744374134313329
sig_same_strike_cp_bull_signed,veto0.10,4252,38051.64999999998,0.45978363123236127,0.544214487300094,1.664856394075721,-12.879063709693497,2.5835976729774885,12.364986618935006,582,3420.554999999992,0.4329896907216495,0.5240549828178694,2.7633992777686065,-5.066642994377961,10.49534090132594,7.735392543658283,-311,5408.560000000012,0.018845651832843424,0.012327570797792897,0.1460956186186504,0.0,0.22366640426391315,2.2163877640263436,-11,-1170.7799999999997,0.008031849237669753,-0.0020832971146769186,-0.21061649909092495,-1.0767865259391955,-7.780495710687438,-2.704143284460952
sig_same_strike_cp_bull_signed,veto0.11,4227,37534.215,0.46084693636148566,0.5436479772888574,1.6370635201085957,-12.879063709693497,2.563116345844009,12.256405979579325,580,3386.4399999999914,0.43275862068965515,0.5206896551724138,2.7034768939816796,-5.192719951099369,10.131897947763287,7.664951594401536,-336,4891.125000000029,0.019908956961967816,0.011761060786556254,0.11830274465152502,0.0,0.20318507713043354,2.1078071246706624,-13,-1204.8950000000004,0.007800779205675401,-0.0054486247601325255,-0.2705388828778519,-1.2028634826606037,-8.143938664250092,-2.7745842337176985
sig_same_strike_cp_bull_signed,veto0.12,4206,37140.37499999999,0.4617213504517356,0.5442225392296719,1.625907028341999,-12.879063709693497,2.547404768741128,12.163946929700463,578,3105.259999999992,0.4290657439446367,0.5155709342560554,2.3312016639290745,-4.593218746010865,10.447558601053156,7.005081134831878,-357,4497.285000000025,0.02078337105221778,0.012335622727370765,0.1071462528849283,0.0,0.18747350002755248,2.0153480747918007,-15,-1486.0749999999998,0.004107902460656954,-0.01056734567649098,-0.642814112930457,-0.6033622775720993,-7.828278010960222,-3.434454693287357
sig_same_strike_cp_bull_signed,veto0.13,4181,36546.14,0.4611337000717532,0.5434106673044726,1.6050206359940153,-13.400608688393726,2.425281422971784,12.032535989642826,577,3208.0099999999916,0.42980935875216636,0.5164644714038128,2.546322564078452,-3.221545471650796,15.418871153763673,7.249866268859349,-382,3903.050000000032,0.02019572067223535,0.011523750802171495,0.08625986053694468,-0.5215449787002289,0.06535015425820845,1.883937134734163,-16,-1383.3250000000003,0.0048515172681866114,-0.009673808528733563,-0.4276932127810795,0.7683109967879695,-2.8569654582497055,-3.189669559259886
sig_same_strike_cp_bull_signed,veto0.14,4157,36127.11499999999,0.45970651912436855,0.5419773875390906,1.5818916743193152,-12.95776934472474,2.491259492468272,11.96667447284295,575,2884.874999999994,0.43130434782608695,0.5147826086956522,2.24775172489435,-3.318399144863838,13.378301076073233,6.5628836808703195,-406,3484.0250000000233,0.018768539724850708,0.010090471036789506,0.06313089886224454,-0.07870563503124295,0.13132822375469644,1.8180756179342872,-18,-1706.4599999999978,0.0063465063421072054,-0.011355671236894183,-0.7262640519651815,0.6714573235749275,-4.897535535940145,-3.8766521472489153
sig_same_strike_cp_bull_signed,veto0.15,4126,36388.814999999995,0.4602520601066408,0.5424139602520601,1.5976657804613406,-12.879063709693497,2.517122555251841,12.11142695927682,572,2634.8849999999966,0.43006993006993005,0.513986013986014,2.006856454916077,-4.222847666102995,9.555584388968985,6.021311574311476,-437,3745.7250000000276,0.019314080707122983,0.01052704374975899,0.07890500500426989,0.0,0.15719128653826564,1.9628281043681568,-21,-1956.4499999999953,0.005112088585950303,-0.012152265946532403,-0.9671593219434547,-0.23299119766422915,-8.720252223044394,-4.418224253807759
sig_same_strike_cp_bull_signed,veto0.16,4095,35233.625,0.4590964590964591,0.5413919413919414,1.5609935898641143,-13.607530145579672,2.3375683840662993,11.808424455743944,570,2718.5999999999976,0.4298245614035088,0.512280701754386,2.0322385196358237,-4.179624602611442,9.977361443434352,6.204989234962208,-468,2590.5350000000326,0.018158479696941232,0.009505024889640223,0.04223281440704363,-0.7284664358861743,-0.022362884647276093,1.6598256008352816,-23,-1872.7349999999942,0.004866719919529028,-0.013857578178160357,-0.9417772572237078,-0.18976813417267646,-8.298475168579026,-4.2345465931570265
sig_same_strike_cp_bull_signed,veto0.17,4075,34760.799999999996,0.4588957055214724,0.5411042944785276,1.556429263713197,-13.32053963020837,2.3689224914475333,11.70154292536149,570,2579.314999999998,0.4298245614035088,0.512280701754386,1.9737611019683805,-6.003665904950956,6.572311699653074,5.9015960964073475,-488,2117.7100000000282,0.017957726121954565,0.00921737797622646,0.03766848825612623,-0.44147592051487194,0.008991222733957915,1.5529440704528277,-23,-2012.019999999994,0.004866719919529028,-0.013857578178160357,-1.000254674891151,-2.01380943651219,-11.703524912360304,-4.537939731711887
sig_same_strike_cp_bull_signed,veto0.18,4046,34315.064999999995,0.4592189817103312,0.5402867029164607,1.5442160921950399,-14.276978994022999,2.193364421277153,11.607188128739114,570,2652.9749999999976,0.4298245614035088,0.512280701754386,2.010145024643999,-6.003665904950956,6.769718294032233,6.059549510617668,-517,1671.9750000000276,0.018281002310813366,0.008399786414159616,0.02545531673796919,-1.3979152843295015,-0.16656684743642236,1.4585892738304516,-23,-1938.3599999999942,0.004866719919529028,-0.013857578178160357,-0.9638707522155325,-2.01380943651219,-11.506118317981144,-4.379986317501567
sig_same_strike_cp_bull_signed,veto0.19,4026,33705.189999999995,0.4580228514654744,0.5399900645802285,1.5285709426701841,-14.564069031530776,2.127293162591657,11.44197155617608,566,2667.035,0.4275618374558304,0.5123674911660777,2.0155337019499115,-6.103110805224007,6.696535880569691,6.113453386503863,-537,1062.1000000000276,0.017084872065956547,0.008103148077927336,0.009810167213113452,-1.685005321837279,-0.2326381061219185,1.2933727012674172,-27,-1924.299999999992,0.0026039959718506256,-0.013770788766468645,-0.9584820749096199,-2.113254336785241,-11.579300731443688,-4.326082441615371
sig_same_strike_cp_bull_signed,veto0.20,3995,33132.625,0.4568210262828536,0.5386733416770964,1.5167464816485214,-14.586131897121943,2.1024318303415868,11.304130228547788,565,2743.6250000000005,0.4283185840707965,0.5097345132743363,2.1093364255196114,-5.339622252651754,7.885560379313776,6.299161527617702,-568,489.5350000000326,0.01588304688333575,0.006786425174795219,-0.002014293808549228,-1.7070681874284457,-0.25749943837198863,1.1555313736391248,-28,-1847.7099999999914,0.003360742586816734,-0.016403766658210084,-0.86467935133992,-1.3497657842129884,-10.390276232699602,-4.1403743005015325
sig_same_strike_cp_bull_signed,veto0.21,3974,33472.405,0.4579768495218923,0.5402617010568697,1.530809166063307,-13.33895444057015,2.3130825893903193,11.478392715259268,565,2870.4450000000006,0.4300884955752212,0.511504424778761,2.2137323532820563,-4.625576525542989,9.546965301242993,6.571745235307559,-589,829.3150000000314,0.017038870122374483,0.008374784554568526,0.012048390606236303,-0.4598907308766531,-0.04684867932325609,1.3297938603506054,-28,-1720.8899999999912,0.005130654091241471,-0.014633855153785347,-0.7602834235774751,-0.6357200571042236,-8.728871310770385,-3.8677905928116756
sig_same_strike_cp_bull_signed,veto0.22,3941,32608.125000000007,0.4580055823395077,0.53945699061152,1.498810720824113,-12.982229569387679,2.3396700722459842,11.276625051302778,565,3188.5750000000007,0.4336283185840708,0.5150442477876106,2.4881382889565473,-4.537822044134803,10.87602988758265,7.269818253118698,-622,-34.96499999996013,0.01706760293998988,0.007570074109218838,-0.019950054632957626,-0.10316585969418135,-0.02026119646759117,1.1280261963941154,-28,-1402.7599999999911,0.008670477100091056,-0.011094032144935762,-0.48587748790298413,-0.5479655756960371,-7.399806724430729,-3.1697175750005364
sig_same_strike_cp_bull_signed,veto0.23,3911,32944.36000000001,0.45819483508054204,0.5402710304270008,1.5255132160999714,-12.879063709693497,2.372982737419849,11.478273170090969,564,3136.3150000000005,0.43439716312056736,0.5141843971631206,2.490043651648843,-5.551226385322616,8.736172478211381,7.17953114312478,-652,301.27000000004045,0.017256855681024197,0.008384113924699621,0.006752440642900703,0.0,0.013051468706273717,1.3296743151823058,-29,-1455.0199999999913,0.009439321636587616,-0.011953882769425772,-0.48397212521068855,-1.5613699168838506,-9.539664133801997,-3.2600046849944544
sig_same_strike_cp_bull_signed,veto0.24,3895,32780.000000000015,0.45725288831835686,0.5399229781771502,1.5165193399781376,-12.879063709693497,2.3658717230436177,11.45644915431799,563,3282.6350000000007,0.4369449378330373,0.5168738898756661,2.513710898834604,-5.284153993744568,9.63254179081932,7.50641706522025,-668,136.91000000004715,0.01631490891883902,0.008036061674849049,-0.0022414354789330737,0.0,0.005940454330042311,1.3078502994093277,-30,-1308.6999999999912,0.011987096349057536,-0.00926439005688029,-0.46030487802492726,-1.2942975253058027,-8.64329482119406,-2.9331187628989843
sig_same_strike_cp_bull_signed,veto0.25,3868,31129.070000000014,0.4544984488107549,0.5377456049638056,1.4754195411508422,-14.764548881716353,2.0003306465996618,10.96826416061768,560,2861.595000000001,0.43214285714285716,0.5125,2.117348030395847,-7.493816031750756,5.873718330753351,6.555023835763107,-695,-1514.0199999999531,0.013560469411237064,0.005858688461504502,-0.04334123430622849,-1.8854851720228556,-0.35960062211391364,0.8196653057090177,-33,-1729.7399999999907,0.007185015658877414,-0.013638279932546404,-0.8566677464636845,-3.50395956331199,-12.402118281260027,-3.8845119923561278
sig_same_strike_cp_bull_signed,veto0.26,3837,31538.445000000014,0.4555642428980975,0.5389627313004952,1.4878713946900939,-13.620445658984098,2.185608183539276,11.212054797442507,558,3295.3150000000014,0.43727598566308246,0.517921146953405,2.4193878780652387,-5.007507154700516,10.206409933232443,7.566761967372122,-726,-1104.6449999999531,0.01462626349857965,0.00707581479819408,-0.03088938076697678,-0.7413819492906004,-0.1743230851742994,1.0634559425338441,-35,-1296.0199999999904,0.012318144179102708,-0.008217132979141395,-0.5546278987942928,-1.0176506862617503,-8.069426678780935,-2.872773860747113
sig_same_strike_cp_bull_signed,veto0.27,3807,31212.92500000001,0.45468873128447596,0.5387444181770423,1.4765469417385877,-15.951426232865293,1.854521745141327,11.207653510356254,555,3546.250000000001,0.44324324324324327,0.5225225225225225,2.605936596833736,-5.208878494677278,10.608784149178671,8.152353199596046,-756,-1430.1649999999572,0.013750751884958112,0.006857501674741195,-0.042213833718482974,-3.0723625231717957,-0.5054095235722484,1.059054655447591,-38,-1045.084999999991,0.01828540175926352,-0.0036157574100238454,-0.3680791800257954,-1.2190220262385125,-7.667052462834707,-2.2871826285231887
sig_same_strike_cp_bull_signed,veto0.28,3780,31765.43000000001,0.4568783068783069,0.53994708994709,1.49705299147218,-14.605093750431985,2.047123508340735,11.477639447366641,549,3488.9500000000007,0.4426229508196721,0.5209471766848816,2.445099342491814,-5.87348380530439,9.246452357009474,8.128137059734163,-783,-877.6599999999562,0.01594032747878904,0.00806017344478882,-0.021707783984890705,-1.7260300407384879,-0.3128077603728405,1.3290405924579787,-44,-1102.3849999999911,0.017665109335692375,-0.005191103247664808,-0.5289164343677175,-1.883627336865624,-9.029384255003905,-2.3113987683850716
sig_same_strike_cp_bull_signed,veto0.29,3752,31029.785000000018,0.4568230277185501,0.5394456289978679,1.4811050128819305,-13.842032488994708,2.1295068543883104,11.272323159800482,546,3700.625000000001,0.44505494505494503,0.521978021978022,2.612148583152909,-5.057106093375486,11.435580748483742,8.646299891822686,-811,-1613.3049999999494,0.015885048319032258,0.007558712495566722,-0.03765576257514014,-0.9629687793012103,-0.23042441432526495,1.1237243048918195,-47,-890.7099999999909,0.02009710357096528,-0.004160257954524349,-0.36186719370662246,-1.0672496249367205,-6.840255863529636,-1.7932359362965489
sig_same_strike_cp_bull_signed,veto0.30,3728,29656.050000000017,0.4543991416309013,0.5367489270386266,1.448404272911296,-13.367364639348303,2.144951624142873,10.826807299072456,545,3728.7300000000005,0.44587155963302755,0.5211009174311927,2.6472922355081754,-4.102451285555805,14.211121521437443,8.731568768366252,-835,-2987.03999999995,0.013461162231383439,0.004862010536325512,-0.07035650254577464,-0.4883009296548053,-0.21497964457070218,0.6782084441637934,-48,-862.6049999999914,0.0209137181490478,-0.0050373625013536705,-0.32672354135135606,-0.11259481711703945,-4.064715090575936,-1.707967059752983
sig_same_strike_cp_bull_signed,veto0.35,3588,26281.915000000015,0.45261984392419174,0.5348383500557413,1.3619119139270646,-16.4350403492335,1.6182191745661376,9.953069093806526,534,4542.314999999998,0.45318352059925093,0.5262172284644194,3.1319666915591755,-5.062441436640332,14.237519507786947,10.880891011790402,-975,-6361.174999999952,0.011681864524673902,0.002951433553440186,-0.1568488615300061,-3.5559766395400025,-0.7417120941474378,-0.1955297611021365,-59,-49.01999999999407,0.028225679115271185,7.894853187306872e-05,0.15795091469964406,-1.072584968201566,-4.038317104226431,0.4413551836711669
sig_same_strike_cp_bull_signed,veto0.40,3427,24822.030000000017,0.4522906332068865,0.5339947475926466,1.3205440589765458,-13.05657734947768,1.9643480154533193,9.824776654028367,524,4015.019999999996,0.45038167938931295,0.5209923664122137,2.7710609065987057,-4.208148553509628,14.996473930023344,9.89144836196952,-1136,-7821.05999999995,0.011352653807368662,0.0021078310903455133,-0.19821671648052486,-0.17751363978418233,-0.3955832532602561,-0.32382220088029534,-69,-576.314999999996,0.025423837905333202,-0.005145913520332668,-0.2029548702608257,-0.21829208507086229,-3.279362681990035,-0.548087466149715
sig_same_strike_cp_bull_signed,veto0.45,3278,25092.27500000002,0.4517998779743746,0.5347773032336791,1.3614357744418022,-14.30088273685633,1.805870124216992,10.44721692264053,507,3324.374999999998,0.4418145956607495,0.5128205128205128,2.1148185788140816,-6.837382783094455,7.5449366128571755,8.43185023233163,-1285,-7550.814999999948,0.010861898574856754,0.0028903867313779807,-0.15732500101526847,-1.421819027162833,-0.5540611444965835,0.2986180677318675,-86,-1266.9599999999937,0.01685675417676974,-0.013317767112033585,-0.8591971980454498,-2.8475263146556893,-10.730899999156204,-2.0076855957876045
sig_same_strike_cp_bull_signed,veto0.50,3104,23242.195000000018,0.45038659793814434,0.5325386597938144,1.322973672570736,-13.804876833419472,1.7808664623081878,10.207723811755736,481,3244.604999999995,0.44490644490644493,0.5093555093555093,2.1508689376598285,-5.800398379241957,8.667340276139758,8.774894526179128,-1459,-9400.89499999995,0.009448618538626496,0.0006517432915132959,-0.19578710288633472,-0.925813123725975,-0.5790648064053876,0.05912495684707331,-112,-1346.7299999999968,0.019948603422465183,-0.01678277057703703,-0.823146839199703,-1.8105419108031917,-9.608496335873621,-1.6646413019401063
sig_same_strike_cp_bull_signed,tilt0.01,4563,32674.884999999966,0.44071882533421,0.5321060705676091,1.5190468317998904,-12.879063709693497,2.3613122250431133,10.160155396353478,593,4591.334999999992,0.42495784148397975,0.5261382799325464,2.9740157768595314,-3.9898564684387656,18.27583661201338,10.439535828119235,0,31.794999999998254,-0.0002191540653078694,0.00021915406530792492,0.00028605634281975156,0.0,0.0013809563295379412,0.011556541444814883,0,0.0,0.0,0.0,0.0,0.0,0.0,0.0
sig_same_strike_cp_bull_signed,tilt0.02,4563,32723.144999999968,0.4402805172035941,0.5321060705676091,1.5196132440339885,-12.879063709693497,2.3634067024210124,10.178736932684817,593,4591.334999999993,0.42495784148397975,0.5261382799325464,2.9740157768595314,-3.9898564684387656,18.27583661201338,10.439535828119237,0,80.05500000000029,-0.0006574621959237192,0.00021915406530792492,0.0008524685769177864,0.0,0.00347543370743697,0.030138077776154404,0,9.094947017729282e-13,0.0,0.0,0.0,0.0,0.0,1.7763568394002505e-15
sig_same_strike_cp_bull_signed,tilt0.03,4563,32659.33499999997,0.4400613631382862,0.5318869165023011,1.5185305685472186,-12.879063709693497,2.3606369449549516,10.157061977968546,593,4591.334999999993,0.42495784148397975,0.5261382799325464,2.9740157768595314,-3.9898564684387656,18.27583661201338,10.439535828119237,0,16.24500000000262,-0.0008766162612316442,0.0,-0.00023020690985209313,0.0,0.0007056762413761852,0.00846312305988306,0,9.094947017729282e-13,0.0,0.0,0.0,0.0,0.0,1.7763568394002505e-15
sig_same_strike_cp_bull_signed,tilt0.05,4563,31610.264999999974,0.4389655928117467,0.5307911461757615,1.4796323033599248,-13.349800211573875,2.2329911949096237,9.83939753883276,593,4493.544999999993,0.42327150084317033,0.524451939291737,2.9049328165966575,-3.9898564684387656,17.855481219365167,10.217699511460815,0,-1032.8249999999935,-0.0019723865877711577,-0.0010957703265396246,-0.03912847209714587,-0.47073650188037774,-0.12694007380395167,-0.30920131607590307,0,-97.78999999999905,-0.001686340640809414,-0.001686340640809414,-0.06908296026287397,0.0,-0.42035539264821153,-0.22183631665842007
sig_same_strike_cp_bull_signed,tilt0.07,4563,31702.674999999974,0.4396230550076704,0.5307911461757615,1.4812305509067358,-13.060269121184087,2.286529654259107,9.853183175204116,593,4493.544999999993,0.42327150084317033,0.524451939291737,2.9049328165966575,-3.9898564684387656,17.855481219365167,10.217699511460815,0,-940.4149999999936,-0.0013149243918474385,-0.0010957703265396246,-0.037530224550334834,-0.18120541149058944,-0.07340161445446824,-0.2954156797045471,0,-97.78999999999905,-0.001686340640809414,-0.001686340640809414,-0.06908296026287397,0.0,-0.42035539264821153,-0.22183631665842007
sig_same_strike_cp_bull_signed,tilt0.10,4563,31516.794999999976,0.4394039009423625,0.5305719921104537,1.4787781981403294,-13.080023211093916,2.274963704977709,9.784801881232521,593,4378.529999999993,0.42327150084317033,0.524451939291737,2.8392250161122825,-3.9898564684387656,17.36271230639928,9.942369394469898,0,-1126.294999999991,-0.0015340784571553634,-0.0013149243918474385,-0.039982577316741263,-0.20095950140041907,-0.08496756373586623,-0.3637969736761413,0,-212.80499999999847,-0.001686340640809414,-0.001686340640809414,-0.13479076074724894,0.0,-0.9131243056140974,-0.4971664336493369
sig_same_strike_cp_bull_signed,tilt0.15,4563,32076.359999999975,0.4400613631382862,0.5316677624369932,1.4946727760003908,-13.042067437276755,2.305988435940875,9.95825193473723,593,4298.554999999993,0.42495784148397975,0.5227655986509275,2.792607122141996,-3.9912147100100133,17.015317722955537,9.738609416413608,0,-566.7299999999923,-0.0008766162612316442,-0.00021915406530792492,-0.02408799945667983,-0.16300372758325743,-0.05394283277270029,-0.1903469201714323,0,-292.77999999999884,0.0,-0.003372681281618828,-0.18140865471753553,-0.0013582415712476426,-1.2605188890578418,-0.7009264117056269
sig_same_strike_cp_bull_signed,tilt0.20,4563,32704.55499999998,0.4402805172035941,0.532325224632917,1.5103411508115505,-12.879063709693497,2.3626001279690882,10.158602149869632,593,4542.919999999991,0.4266441821247892,0.521079258010118,2.9594038638989133,-3.2261876674967285,22.344324732053703,10.323616888216623,0,61.46500000001106,-0.0006574621959237192,0.00043830813061584983,-0.008419624645520152,0.0,0.0026688592555128565,0.010003294960968745,0,-48.41500000000087,0.0016863406408094694,-0.005059021922428353,-0.014611912960618145,0.7636688009420372,4.068488120040325,-0.11591893990261148
sig_same_strike_cp_bull_signed,tilt0.30,4563,32966.88499999998,0.4420337497260574,0.5336401490247644,1.519180651798023,-12.879063709693497,2.3739555454359023,10.228567249705613,593,4636.5249999999905,0.42833052276559863,0.5227655986509275,3.037706568347686,-3.223246852228566,22.863502044805422,10.57332348790771,0,323.7950000000128,0.001095770326539569,0.0017532325224632883,0.00041987634095241866,0.0,0.014024276722326867,0.07996839479694984,0,45.18999999999869,0.0033726812816188834,-0.003372681281618828,0.06369079148815437,0.7666096162101996,4.587665432792043,0.1337876597884744
sig_same_strike_cp_bull_signed,tilt0.50,4563,31902.229999999985,0.4383081306158229,0.5321060705676091,1.4885271540346745,-12.879063709693497,2.327512727017247,9.887866721617455,593,4199.94499999999,0.42833052276559863,0.5177065767284992,2.8257079772283227,-3.020452058804578,21.929159321901853,9.485204129911937,0,-740.8599999999824,-0.0026298487836949325,0.00021915406530792492,-0.030233621422396162,0.0,-0.03241854169632852,-0.26073213329120826,0,-391.39000000000215,0.0033726812816188834,-0.00843170320404718,-0.14830779963120877,0.9694044096341878,3.6533227098884744,-0.954331698207298
sig_same_strike_cp_bull_signed,tilt0.75,4563,31928.62999999999,0.43918474687705455,0.532325224632917,1.4771586165484747,-13.270422947170685,2.260000761224499,9.865522492981441,593,4027.7649999999926,0.4266441821247892,0.5160202360876898,2.858691761926248,-3.200302831432718,19.786383654527228,9.081882638905313,0,-714.4599999999773,-0.0017532325224632883,0.00043830813061584983,-0.041602158908595976,-0.3913592374771877,-0.09993050748907617,-0.28307636192722185,0,-563.5699999999993,0.0016863406408094694,-0.010118043844856595,-0.11532401493328326,0.7895536370060476,1.5105470425138492,-1.3576531892139219
sig_same_strike_cp_bull_signed,tilt1.00,4563,30108.945000000003,0.4376506684198992,0.5301336839798378,1.4138110139545617,-15.535460145664674,1.8628358497506348,9.278546899674932,593,4320.319999999994,0.43676222596964587,0.5177065767284992,3.2425209033533644,-3.0728877042945566,22.22091279610416,9.743870217653352,0,-2534.144999999964,-0.0032873109796186517,-0.0017532325224632883,-0.10494976150250901,-2.6563964359711765,-0.4970954189629406,-0.8700519552337305,0,-271.0149999999976,0.01180438448566612,-0.00843170320404718,0.26850512649383296,0.916968764144209,3.94507618409078,-0.6956656104658823
sig_gex_net_signed,veto0.02,4513,32947.01999999996,0.4431641923332595,0.5324617770884112,1.507417080003575,-14.455165476268455,2.114349761838396,10.059987374871588,593,4391.204999999992,0.42327150084317033,0.5261382799325464,2.797856085408203,-3.960415908052381,17.546402681176186,9.869187121255862,-50,303.929999999993,0.0022262129337416448,0.0005748605861101153,-0.011343695453495561,-1.5761017665749577,-0.2455815068751792,-0.0886114800370752,0,-200.1300000000001,-0.001686340640809414,0.0,-0.17615969145132837,0.02944056038638454,-0.7294339308371924,-0.5703487068633724
sig_gex_net_signed,veto0.03,4498,33663.48999999997,0.44419742107603377,0.5335704757670076,1.5156607311851815,-15.215825338034975,2.0346689058937137,10.23255679642924,593,4460.714999999992,0.42495784148397975,0.5278246205733558,2.8650380954995307,-3.960415908052381,17.846330306302985,10.018544812775307,-65,1020.4000000000015,0.0032594416765159284,0.0016835592647064246,-0.0031000442718891463,-2.3367616283414776,-0.32526236281986165,0.0839579415205769,0,-130.6199999999999,0.0,0.001686340640809414,-0.10897768136000074,0.02944056038638454,-0.42950630571039383,-0.4209910153439278
sig_gex_net_signed,veto0.04,4487,32989.994999999966,0.4435034544238912,0.5324270113661689,1.470862769485507,-15.610404121867052,1.9594094518086658,9.969213589088769,592,4454.879999999994,0.42567567567567566,0.5287162162162162,2.8431984686751384,-3.960415908052381,17.82112799276773,10.005192509131795,-76,346.90499999999884,0.002565475024373376,0.0005400948638677461,-0.047898005971563684,-2.731340412173555,-0.4005218169049096,-0.179385265819894,-1,-136.4549999999981,0.0007178341916959097,0.0025779362836698683,-0.13081730818439308,0.02944056038638454,-0.4547086192456469,-0.4343433189874393
sig_gex_net_signed,veto0.05,4478,33062.38999999997,0.4428316212594908,0.5330504689593568,1.4809108602464771,-15.10075720404459,2.0282020667923177,9.932812654437903,592,4487.959999999994,0.4239864864864865,0.5287162162162162,2.773336780493005,-4.745635422013391,14.991706671069474,10.023063524857875,-85,419.3000000000029,0.0018936418599729832,0.0011635524570556832,-0.037849915210593554,-2.2216934943510935,-0.33172920192125765,-0.21578620047075958,-1,-103.37499999999818,-0.0009713549974932345,0.0025779362836698683,-0.20067899636652653,-0.7557789535746258,-3.284129940943904,-0.41647230326135976
sig_gex_net_signed,veto0.06,4470,32660.66999999997,0.4429530201342282,0.5331096196868009,1.4777598996450991,-16.178867197927353,1.879213173129792,9.772270085881702,591,4390.139999999993,0.4213197969543147,0.5262267343485617,2.7622502064552816,-4.739893840315781,14.657052490734987,9.793855945673702,-93,17.580000000001746,0.0020150407347103716,0.001222703184499796,-0.04100087581197154,-3.299803488233856,-0.4807180955837833,-0.37632876902696033,-2,-201.1949999999988,-0.003638044529665041,8.845441601534887e-05,-0.21176557040424981,-0.7500373718770152,-3.6187841212783916,-0.645679882445533
sig_gex_net_signed,veto0.07,4460,33567.18499999997,0.44506726457399104,0.5358744394618834,1.5010328472974455,-16.560024721632463,1.866317431261333,10.01204558741066,591,4267.439999999991,0.4179357021996616,0.5228426395939086,2.6876388776445275,-5.7844453434192005,11.648903359110053,9.462351285999828,-103,924.0950000000012,0.004129285174473196,0.003987522959582268,-0.017727928159625206,-3.6809610119389653,-0.4936138374522423,-0.13655326749800345,-2,-323.89500000000044,-0.007022139284318163,-0.0032956403386377175,-0.286376899215004,-1.7945888749804348,-6.626933252903326,-0.9771845421194065
sig_gex_net_signed,veto0.08,4440,33283.22499999997,0.4443693693693694,0.5355855855855856,1.487661273853382,-18.08484391129297,1.7003030321752393,9.908586664269139,590,4458.729999999992,0.42033898305084744,0.523728813559322,2.7903113259683643,-6.227982682585985,11.34314869504035,9.894774825316338,-123,640.135000000002,0.0034313899698515393,0.0036986690832844227,-0.031099501603688573,-5.205780201599474,-0.6596282365383361,-0.24001219063952384,-3,-132.60499999999956,-0.004618858433132311,-0.002409466373224367,-0.18370445089116716,-2.2381262141472194,-6.932687916973029,-0.5447610028028969
sig_gex_net_signed,veto0.09,4419,33942.47499999997,0.4458022176963114,0.5372256166553518,1.5022894104876827,-17.105550140916264,1.818818274569677,10.105087028256118,590,4329.189999999992,0.4186440677966102,0.5220338983050847,2.663811212161941,-6.805853557400038,10.055089703544578,9.558609878342256,-144,1299.385000000002,0.004864238296793555,0.005338700153050713,-0.016471364969387947,-4.226486431222767,-0.5411129941438984,-0.04351182665254427,-3,-262.1449999999995,-0.006313773687369573,-0.0041043816274616285,-0.3102045646975906,-2.8159970889612724,-8.2207469084688,-0.8809259497769784
sig_gex_net_signed,veto0.10,4394,33905.41999999998,0.4456076467910787,0.5373236231224396,1.4989440908923257,-17.428606246744373,1.7839434778295948,10.085771575467831,589,4151.929999999992,0.41765704584040747,0.5212224108658744,2.518842766401541,-8.472841812408967,7.721362167288088,9.107594264751157,-169,1262.330000000009,0.004669667391560883,0.0054367066201385095,-0.019816684564744946,-4.5495425370508755,-0.5759877908839806,-0.06282727944083177,-4,-439.40499999999975,-0.007300795643572278,-0.004915869066671963,-0.4551730104579903,-4.482985343970202,-10.55447444472529,-1.331941563368078
sig_gex_net_signed,veto0.11,4376,34076.034999999974,0.4462979890310786,0.5374771480804388,1.4955247921461008,-16.795968991263265,1.856678807043916,10.124002262716333,587,4247.989999999994,0.4190800681431005,0.5229982964224872,2.52803018997332,-8.837732370767755,7.586993320975332,9.330233497989193,-187,1432.945000000007,0.005360009631560747,0.00559023157813765,-0.023235983310969877,-3.9169052815697682,-0.5032524616696594,-0.02459659219232968,-6,-343.3449999999975,-0.005877773340879244,-0.0031399835100591744,-0.4459855868862115,-4.8478759023289895,-10.688843291038047,-1.109302330130042
sig_gex_net_signed,veto0.12,4359,33489.95499999999,0.44505620555173203,0.5365909612296398,1.466416080867362,-17.562208555466654,1.7573967611119097,9.939169175748843,585,4061.949999999994,0.4153846153846154,0.5196581196581197,2.4724118625533635,-6.932836171985269,9.216951036806396,8.846106772211458,-204,846.8650000000198,0.004118226152214188,0.004704044727338652,-0.052344694589708585,-4.683144845773157,-0.6025345076016657,-0.20942967915982003,-8,-529.384999999998,-0.00957322609936434,-0.006480160274426661,-0.5016039143061679,-2.942979703546503,-9.058885575206983,-1.5934290559077766
sig_gex_net_signed,veto0.13,4339,34457.41499999998,0.44641622493662136,0.5383728969808712,1.4922339926481174,-16.92274594687714,1.8550006369719787,10.204793829042364,583,4286.149999999993,0.41852487135506006,0.5248713550600344,2.5726699773703956,-7.192300319137701,9.412939134941993,9.327285970107145,-224,1814.3250000000116,0.005478245537103521,0.006485980478570075,-0.026526782808953264,-4.043682237183642,-0.5049306317415967,0.056194974133701336,-10,-305.1849999999986,-0.0064329701289196906,-0.0012669248725120097,-0.40134579948913585,-3.202443850698935,-8.862897477071385,-1.11224985801209
sig_gex_net_signed,veto0.14,4323,35099.84999999998,0.44668054591718714,0.5385149201943095,1.5043245494382567,-16.21367574004531,1.9574286570854473,10.382156386646283,581,4416.179999999993,0.41824440619621345,0.5249569707401033,2.682088819553081,-7.097141029079726,9.851508817561903,9.594888844180215,-240,2456.7600000000093,0.005742566517669301,0.006628003692008333,-0.014436226018814002,-3.3346120303518134,-0.40250261162812806,0.2335575317376204,-12,-175.15499999999884,-0.006713435287766301,-0.0011813091924430807,-0.29192695730645024,-3.1072845606409603,-8.424327794451475,-0.84464698393902
sig_gex_net_signed,veto0.15,4303,34440.54999999998,0.4457355333488264,0.5384615384615384,1.4730809393588333,-17.333566762827818,1.8105092034863142,10.173474164972415,580,4526.544999999991,0.41724137931034483,0.5258620689655172,2.7027715052747054,-7.17210281972771,10.011876894188804,9.807810852944948,-260,1797.4600000000137,0.004797553949308531,0.006574621959237303,-0.045679836098237336,-4.454503053134321,-0.5494220652272612,0.02487531006375221,-13,-64.79000000000087,-0.007716462173634919,-0.0002762109670291224,-0.271244271584826,-3.1822463512889447,-8.263959717824575,-0.6317249751742864
sig_gex_net_signed,veto0.16,4277,35450.984999999986,0.44657470189385085,0.5391629646948796,1.5029403162588233,-17.52890122788116,1.8212326672581074,10.483362124567442,578,4747.83499999999,0.4186851211072664,0.5259515570934256,2.899445009135939,-6.489959209163384,11.650697818313356,10.330109377206325,-286,2807.8950000000186,0.005636722494333002,0.007276048192578433,-0.015820459198247372,-4.649837518187663,-0.538698601455468,0.33476326965877945,-15,156.49999999999818,-0.006272720376713337,-0.0001867228391208009,-0.07457076772359228,-2.5001027407246186,-6.625138793700023,-0.1094264509129097
sig_gex_net_signed,veto0.17,4257,35785.96499999998,0.44679351656095845,0.5391120507399577,1.5120077231230515,-17.877284391776683,1.7956640159208346,10.605943269854682,576,4555.694999999992,0.4166666666666667,0.5225694444444444,2.7533382828685498,-7.426865970072718,9.735752705758477,9.93924133814357,-306,3142.8750000000146,0.005855537161440605,0.007225134237656583,-0.006753052334019127,-4.998220682083186,-0.5642672527927408,0.45734441494601974,-17,-35.63999999999942,-0.008291174817313063,-0.00356883548810194,-0.2206774939909817,-3.437009501633953,-8.540083906254901,-0.5002944899756656
sig_gex_net_signed,veto0.18,4233,35985.359999999986,0.44814552326954876,0.5400425230333097,1.5198663445915088,-16.85798074154033,1.9104709887420255,10.697470157597111,575,4616.1149999999925,0.41739130434782606,0.52,2.8254346781217707,-7.046325341433091,10.408795720799528,10.106492099026251,-330,3342.2700000000186,0.007207543870030919,0.008155606531008552,0.0011055691344381557,-3.9789170318468337,-0.4494602799715499,0.5488713026884486,-18,24.780000000000655,-0.007566537136153684,-0.006138279932546342,-0.1485810987377607,-3.0564688729943255,-7.8670408912138505,-0.3330437290929833
sig_gex_net_signed,veto0.19,4206,35505.069999999985,0.44674274845458867,0.5385164051355207,1.5040563744995066,-17.1051550433166,1.8680286926962997,10.549588972422434,574,4323.009999999994,0.4163763066202091,0.5174216027874564,2.5600435343857986,-7.024837012144477,9.72665823460635,9.468667282139554,-357,2861.9800000000178,0.005804769055070824,0.006629488633219549,-0.01470440095756409,-4.226091333623103,-0.4919025760172757,0.40099011751377134,-19,-268.324999999998,-0.008581534863770668,-0.008716677145089946,-0.4139722424737329,-3.0349805437057116,-8.549178377407028,-0.9708685459796804
sig_gex_net_signed,veto0.20,4178,36199.72999999999,0.4485399712781235,0.5399712781235041,1.5206437093034537,-18.42503868682955,1.7540938900232754,10.754701986322114,571,4195.584999999994,0.415061295971979,0.5131348511383538,2.4980753572032963,-7.523901486784423,8.793575993613882,9.189029543812403,-385,3556.6400000000212,0.007601991878605663,0.008084361621202962,0.0018829338463830503,-5.545974977136051,-0.6058373786903,0.6061031314134517,-22,-395.7499999999982,-0.009896545512000754,-0.013003428794192584,-0.4759404196562351,-3.5340450183456573,-9.482260618399497,-1.250506284306832
sig_gex_net_signed,veto0.21,4154,36450.00999999999,0.4492055849783341,0.5406836783822822,1.5208214579117074,-18.45844734593542,1.7580097242799635,10.84474500694093,571,4024.264999999995,0.4115586690017513,0.5131348511383538,2.5700184949242053,-8.125610123849524,7.785675049861356,8.808468267962915,-409,3806.92000000002,0.008267605578816284,0.008796761879981019,0.002060682454636753,-5.579383636241921,-0.6019215444336119,0.6961461520322665,-22,-567.069999999997,-0.013399172482228439,-0.013003428794192584,-0.40399728193532614,-4.135753655410759,-10.490161562152021,-1.6310675601563194
sig_gex_net_signed,veto0.22,4134,36095.78499999999,0.44895984518626025,0.5403967102080309,1.5056447121125234,-21.183634797942354,1.5230965077548486,10.733878604688574,570,4161.334999999995,0.41228070175438597,0.5140350877192983,2.617477332690333,-8.036077460429718,8.16085269007616,9.135641611352652,-429,3452.6950000000215,0.00802186578674241,0.008509793705729796,-0.01311606334454729,-8.304571088248856,-0.8368347609587268,0.5852797497799109,-23,-429.99999999999727,-0.012677139729593778,-0.01210319221324807,-0.35653844416919833,-4.046220991990952,-10.114983921937219,-1.303894216766583
sig_gex_net_signed,veto0.23,4103,35170.31,0.44820862783329274,0.5398488910553254,1.4719159689955672,-21.918530261147936,1.4496752889382465,10.484060954633746,568,3917.7799999999943,0.4119718309859155,0.5105633802816901,2.5211408549379177,-9.294532216096428,6.6135317143683015,8.671107963348224,-460,2527.2200000000303,0.0072706484337748956,0.007961974553024276,-0.04684480646150346,-9.039466551454439,-0.9102559797753289,0.335462099725083,-25,-673.5549999999976,-0.012986010498064249,-0.015574899650856233,-0.4528749219216137,-5.3046757476576625,-11.662304897645077,-1.7684278647710112
sig_gex_net_signed,veto0.24,4072,36247.804999999986,0.45137524557956776,0.5417485265225933,1.4850112267286588,-21.749601884378677,1.4871275947163087,10.854200337312076,566,3271.429999999994,0.4098939929328622,0.5017667844522968,2.0858940068691805,-10.903479092399289,4.651301167556657,7.2704018419189795,-491,3604.7150000000183,0.01043726618004992,0.009861610020292177,-0.03374954872841185,-8.87053817468518,-0.8728036739972667,0.7056014824034129,-27,-1319.904999999998,-0.015063848551117531,-0.024371495480249528,-0.888121769990351,-6.913622623960523,-13.624535444456722,-3.169133986200255
sig_gex_net_signed,veto0.25,4040,36331.96499999998,0.4514851485148515,0.5420792079207921,1.476557354338595,-23.352335538621723,1.3869478305250982,10.937937800549342,564,3208.0299999999943,0.4078014184397163,0.50177304964539,2.030248705476812,-11.205593278980528,4.4328686396727095,7.1395967278341175,-523,3688.8750000000146,0.010547169115333654,0.010192291418490984,-0.04220342111847564,-10.473271828928226,-0.9729834381884772,0.7893389456406794,-29,-1383.3049999999976,-0.017156423044263458,-0.024365230287156314,-0.9437670713827195,-7.215736810541762,-13.84296797234067,-3.2999391002851173
sig_gex_net_signed,veto0.26,4015,35988.529999999984,0.45155666251556664,0.5417185554171855,1.4689587018575334,-23.914632285792766,1.346805186975137,10.884592056711792,563,3393.779999999994,0.40852575488454707,0.5026642984014209,2.207055642324086,-8.978262776193167,5.873453538164563,7.548866173103994,-548,3345.440000000017,0.0106186831160488,0.009831638914884366,-0.049802073599537255,-11.03556857609927,-1.0131260817384384,0.7359932018031294,-30,-1197.554999999998,-0.016432086599432683,-0.023473981531125454,-0.7669601345354455,-4.988406307754402,-12.402383073848815,-2.890669655015241
sig_gex_net_signed,veto0.27,3989,34386.96499999999,0.4499874655302081,0.539232890448734,1.4247911842883514,-24.18388725414777,1.2964656452596321,10.425361993451784,561,3072.7049999999936,0.40641711229946526,0.49732620320855614,1.9439360239375851,-10.222886218611087,4.642073613966853,6.859730165484261,-574,1743.8750000000218,0.009049486130690232,0.007345973946432882,-0.09396959116871928,-11.304823544454273,-1.0634656234539432,0.27676313854312085,-32,-1518.6299999999983,-0.018540729184514493,-0.02881207672399022,-1.0300797529219463,-6.233029750172322,-13.633762998046524,-3.579805662634974
sig_gex_net_signed,veto0.28,3967,33916.794999999984,0.4489538694227376,0.5384421477186792,1.4083349100445879,-23.851828972953307,1.3037936325154773,10.303770928930188,559,2931.9549999999936,0.40429338103756707,0.49552772808586765,1.9241068197605096,-8.787355505051558,5.139188935006853,6.575846670074243,-596,1273.7050000000163,0.00801589002321973,0.006555231216378021,-0.11042586541248278,-10.97276526325981,-1.056137636198098,0.15517207402152522,-34,-1659.3799999999983,-0.02066446044641268,-0.030610551846678713,-1.0499089570990219,-4.797499036612792,-13.136647677006525,-3.863689158044992
sig_gex_net_signed,veto0.29,3937,33651.78499999999,0.45034290068580135,0.5379730759461518,1.4044800646939077,-22.661319810824228,1.3658843374891836,10.264472916924277,556,2654.9949999999935,0.4028776978417266,0.49460431654676257,1.777795280309375,-11.056894323056808,3.678761014271716,5.977350414554219,-626,1008.6950000000215,0.009404921286283507,0.006086159443850714,-0.11428071076316293,-9.78225610113073,-0.9940469312243918,0.11587406201561379,-37,-1936.3399999999983,-0.022080143642253136,-0.03153396338578379,-1.1962204965501564,-7.067037854618042,-14.597075597741663,-4.462185413565016
sig_gex_net_signed,veto0.30,3907,34080.86499999999,0.45149731251599695,0.5390325057588943,1.4021017915319605,-22.775068666395665,1.3693636065596357,10.408334751158087,555,2672.644999999993,0.4036036036036036,0.4954954954954955,1.7444320440222578,-12.525368921844276,3.2701740067157004,6.000652458371523,-656,1437.7750000000233,0.010559333116479108,0.007145589256593143,-0.1166589839251102,-9.896004956702168,-0.9905676621539397,0.25973589624942406,-38,-1918.6899999999987,-0.02135423788037616,-0.030642784437050874,-1.2295837328372736,-8.53551245340551,-15.005662605297678,-4.438883369747712
sig_gex_net_signed,veto0.35,3747,34241.315,0.45396317053642915,0.5385641846810783,1.3759137518410933,-23.343724652230534,1.3397433715893516,10.770879754886336,541,2349.0399999999963,0.4029574861367837,0.49353049907578556,1.4036911284114024,-12.363009428088349,2.893555650621184,5.403524123483482,-816,1598.225000000035,0.013025191136911307,0.006677268178777118,-0.14284702361597734,-10.464660942537037,-1.0201878971242238,0.6222808999776728,-52,-2242.2949999999955,-0.02200035534719602,-0.032607780856760804,-1.570324648448129,-8.373152959649584,-15.382280961392194,-5.036011704635753
sig_gex_net_signed,veto0.40,3587,31898.87500000001,0.45330359632004463,0.5386116531920825,1.358877029532915,-16.192517235840864,1.8511192446703821,10.43736387389715,526,2484.0949999999957,0.40304182509505704,0.49429657794676807,1.59084255106582,-10.737150251553922,3.532643570768516,5.934650150940753,-976,-744.2149999999565,0.01236561692052679,0.006724736689781352,-0.15988374592415577,-3.3134535261473665,-0.5088120240431933,0.28876501898848694,-67,-2107.239999999996,-0.02191601638892271,-0.03184170198577829,-1.3831732257937115,-6.747293783115157,-14.743193041244862,-4.504885677178482
sig_gex_net_signed,veto0.45,3393,28077.625,0.44916003536693194,0.5340406719717065,1.2881457765113316,-14.554306493869412,1.904559330859471,9.784423733722958,514,1332.6749999999943,0.39105058365758755,0.4785992217898833,0.8961525253344493,-14.550075006642432,1.3663720327452145,3.2719956650829602,-1170,-4565.464999999967,0.0082220559674141,0.0021537554694053274,-0.2306149989457391,-1.6752427841759143,-0.45537193785410435,-0.3641751211857045,-79,-3258.6599999999976,-0.0339072578263922,-0.04753905814266307,-2.0778632515250823,-10.560218538203667,-16.909464579268164,-7.167540163036275
sig_gex_net_signed,veto0.50,3171,22741.205,0.4446546830652791,0.5285398927783034,1.157044416573699,-18.524573794769445,1.3084739834866488,8.629823271039733,493,2364.2449999999926,0.39553752535496955,0.4847870182555781,1.7162534640321743,-6.585604194130287,5.468810981285881,6.16315389395884,-1392,-9901.884999999966,0.0037167036657612673,-0.003347023723997755,-0.3617163588833716,-5.645510085075948,-1.0514572852269266,-1.5187755838689299,-100,-2227.0899999999992,-0.029420316129010193,-0.04135126167696829,-1.2577623128273572,-2.5957477256915213,-12.807025630727498,-4.276381934160395
sig_gex_net_signed,tilt0.01,4563,32926.85999999997,0.44115713346482577,0.5325443786982249,1.5270742724512103,-12.879063709693497,2.372226660932134,10.23868230860303,593,4591.334999999992,0.42495784148397975,0.5261382799325464,2.9740157768595314,-3.9898564684387656,18.27583661201338,10.439535828119235,0,283.7700000000041,0.00021915406530792492,0.0006574621959237748,0.008313496994139635,0.0,0.012295392218558465,0.09008345369436732,0,0.0,0.0,0.0,0.0,0.0,0.0,0.0
sig_gex_net_signed,tilt0.02,4563,32671.17999999997,0.44093797939951784,0.5327635327635327,1.5193232386005064,-12.879063709693497,2.361151348579487,10.148910861144826,593,4380.764999999992,0.42327150084317033,0.524451939291737,2.7342793387668274,-4.061903596035857,17.064134229576855,9.969691059545283,0,28.090000000003783,0.0,0.0008766162612315886,0.0005624631434357763,0.0,0.0012200798659116607,0.00031200623616278733,0,-210.5699999999997,-0.001686340640809414,-0.001686340640809414,-0.23973643809270406,-0.07204712759709153,-1.211702382436524,-0.4698447685739513
sig_gex_net_signed,tilt0.03,4563,32023.629999999976,0.44049967126890205,0.5321060705676091,1.4982608849956782,-12.902572222475897,2.3286063909470367,9.957486786370566,593,4314.014999999992,0.42327150084317033,0.5227655986509275,2.7126489140553502,-4.061903596035857,16.78400028628357,9.817308578509163,0,-619.4599999999919,-0.0004383081306157943,0.00021915406530792492,-0.020499890461392445,-0.023508512782399293,-0.031324877766538695,-0.19111206853809648,0,-277.3199999999997,-0.001686340640809414,-0.003372681281618828,-0.2613668628041812,-0.07204712759709153,-1.4918363257298068,-0.6222272496100718
sig_gex_net_signed,tilt0.05,4563,31909.38499999997,0.4402805172035941,0.5314486083716853,1.4909580812600023,-12.92118562412977,2.3202395347970612,9.901620800271173,593,4079.1549999999925,0.42158516020236086,0.521079258010118,2.5382677008057177,-4.426681511947818,14.500782482229027,9.286042258878812,0,-733.7049999999981,-0.0006574621959237192,-0.00043830813061584983,-0.02780269419706838,-0.042121914436272334,-0.03969173391651415,-0.24697805463748956,0,-512.1799999999994,-0.0033726812816188834,-0.005059021922428353,-0.4357480760538137,-0.43682504350905216,-3.775054129784351,-1.153493569240423
sig_gex_net_signed,tilt0.07,4563,32111.179999999968,0.44049967126890205,0.532325224632917,1.491716525941162,-12.961425757243033,2.3218547260454545,9.954224957527142,593,4162.854999999992,0.42158516020236086,0.521079258010118,2.570521391142911,-4.395507777169183,14.925921639367651,9.462300748895688,0,-531.9099999999999,-0.0004383081306157943,0.00043830813061584983,-0.02704424951590867,-0.08236204754953569,-0.03807654266812088,-0.19437389738152078,0,-428.47999999999956,-0.0033726812816188834,-0.005059021922428353,-0.40349438571662066,-0.405651308730417,-3.3499149726457276,-0.9772350792235471
sig_gex_net_signed,tilt0.10,4563,32347.54499999997,0.44093797939951784,0.5325443786982249,1.498826499567903,-12.940501525274136,2.335911262551969,10.019958732602968,593,4162.854999999992,0.42158516020236086,0.521079258010118,2.570521391142911,-4.395507777169183,14.925921639367651,9.462300748895688,0,-295.54499999999825,0.0,0.0006574621959237748,-0.01993427588916763,-0.06143781558063921,-0.02402000616160649,-0.12864012230569521,0,-428.47999999999956,-0.0033726812816188834,-0.005059021922428353,-0.40349438571662066,-0.405651308730417,-3.3499149726457276,-0.9772350792235471
sig_gex_net_signed,tilt0.15,4563,33436.15999999996,0.44225290379136534,0.5334209949594565,1.533588865478139,-12.879063709693497,2.3941284078921226,10.364319781689451,593,4238.979999999992,0.42158516020236086,0.521079258010118,2.6251256147989404,-4.395507777169183,15.219794530400637,9.623994941646151,0,793.0699999999924,0.001314924391847494,0.0015340784571553634,0.01482809002106844,0.0,0.034197139178547165,0.21572092678078825,0,-352.35499999999956,-0.0033726812816188834,-0.005059021922428353,-0.3488901620605911,-0.405651308730417,-3.056042081612741,-0.8155408864730838
sig_gex_net_signed,tilt0.20,4563,34164.53499999996,0.44269121192198113,0.5338593030900723,1.5489725983004439,-12.879063709693497,2.4250894027959764,10.565647598431012,593,4109.774999999992,0.41989881956155145,0.5193929173693086,2.5827113751119732,-4.400821155278199,14.70365699007459,9.297235312335193,0,1521.4449999999924,0.0017532325224632883,0.0019723865877712132,0.030211822843373204,0.0,0.06515813408240101,0.4170487435223489,0,-481.5599999999995,-0.005059021922428297,-0.006745362563237767,-0.3913044017475582,-0.4109646868394332,-3.5721796219387887,-1.1423005157840418
sig_gex_net_signed,tilt0.30,4563,34274.37999999997,0.44291036598728906,0.5342976112206882,1.5407627058847846,-13.642782683161547,2.2937071704438003,10.529144631223353,593,3805.339999999992,0.4148397976391231,0.5126475548060708,2.4419694914274372,-5.2238989216137695,11.405730292660056,8.614203722542822,0,1631.2900000000009,0.0019723865877712132,0.002410694718387063,0.022001930427713923,-0.7637189734680501,-0.06622409826977504,0.38054577631469044,0,-785.9949999999999,-0.01011804384485665,-0.013490725126475533,-0.5320462854320942,-1.2340424531750038,-6.870106319353322,-1.825332105576413
sig_gex_net_signed,tilt0.50,4563,34057.54999999997,0.44093797939951784,0.5334209949594565,1.5370560120866559,-14.838759131176715,2.100893341421765,10.375240592055146,593,3526.9499999999894,0.4114671163575042,0.5092748735244519,2.32030735712034,-5.978421848328002,9.189607935288366,7.969705200334586,0,1414.4599999999991,0.0,0.0015340784571553634,0.01829523662958521,-1.959695421483218,-0.2590379272918102,0.22664173714648328,0,-1064.3850000000025,-0.013490725126475533,-0.016863406408094472,-0.6537084197391914,-1.988565379889236,-9.086228676725012,-2.469830627784649
sig_gex_net_signed,tilt0.75,4563,36511.159999999974,0.4437869822485207,0.5369274600043831,1.5850964534090488,-14.42578849557192,2.2516634213619517,11.00700162944271,593,3567.659999999989,0.4131534569983137,0.5092748735244519,2.436381469905218,-6.829110479789863,8.143910313070092,7.980628131710784,0,3868.070000000007,0.0028490028490028574,0.00504054350208194,0.06633567795197814,-1.546724785878423,-0.10826784735162365,0.8584027745340475,0,-1023.6750000000029,-0.011804384485666064,-0.016863406408094472,-0.5376343069543132,-2.8392540113510973,-10.131926298943286,-2.458907696408451
sig_gex_net_signed,tilt1.00,4563,36257.99999999997,0.4435678281832128,0.5351742274819198,1.5690988096462548,-15.854376985452637,2.0404315688723473,10.7782866483818,593,3373.4399999999896,0.40640809443507586,0.5059021922428331,2.305150062082501,-7.263323158622588,7.213962968339643,7.472897389213161,0,3614.9100000000035,0.0026298487836949325,0.0032873109796186517,0.050338034189184144,-2.97531327575914,-0.31949969984122806,0.6296877934731366,0,-1217.8950000000023,-0.018549747048903886,-0.0202360876897133,-0.6688657147770303,-3.273466690183822,-11.061873643673735,-2.966638438906074
sig_pin_bull_signed,veto0.02,4540,31683.474999999977,0.4392070484581498,0.5303964757709251,1.4844121372764723,-12.879063709693497,2.317850924116835,9.890203622826252,593,4591.334999999992,0.42495784148397975,0.5261382799325464,2.9740157768595314,-3.9898564684387656,18.27583661201338,10.439535828119235,-23,-959.6149999999907,-0.0017309309413680585,-0.0014904407313760526,-0.03434863818059841,0.0,-0.04208034459674037,-0.25839523208241033,0,0.0,0.0,0.0,0.0,0.0,0.0,0.0
sig_pin_bull_signed,veto0.03,4527,31478.754999999972,0.43914292025624035,0.5301524188204109,1.4846103727912863,-12.879063709693497,2.3087714101704386,9.842188584104209,593,4498.319999999991,0.42495784148397975,0.5227655986509275,2.9430472601823543,-3.9898564684387656,17.875977288528684,10.236454843105268,-36,-1164.3349999999955,-0.0017950591432774887,-0.001734497681890268,-0.034150402665784396,0.0,-0.05115985854313676,-0.30641027080445404,0,-93.01500000000124,0.0,-0.003372681281618828,-0.03096851667717715,0.0,-0.39985932348469433,-0.2030809850139672
sig_pin_bull_signed,veto0.04,4520,31083.479999999974,0.43849557522123894,0.529646017699115,1.4748268162024691,-12.879063709693497,2.2911365214843156,9.720020330955272,593,4384.714999999991,0.4266441821247892,0.5227655986509275,2.845860656535956,-3.9898564684387656,17.38916632955034,9.97486670687203,-43,-1559.6099999999933,-0.0024424041782789008,-0.00224089880318612,-0.04393395925460153,0.0,-0.06879474722925982,-0.4285785239533908,0,-206.6200000000008,0.0016863406408094694,-0.003372681281618828,-0.12815512032357557,0.0,-0.8866702824630401,-0.46466912124720494
sig_pin_bull_signed,veto0.05,4508,30320.699999999975,0.4385536823425022,0.5286157941437445,1.445158220981383,-12.964232874459803,2.2418845402415712,9.490712337891601,591,3845.124999999991,0.4213197969543147,0.5194585448392555,2.5043198847068484,-4.610487252195845,13.067899771842217,8.788023536053132,-55,-2322.389999999992,-0.0023842970570156496,-0.003271122358556644,-0.07360255447568775,-0.08516916476630598,-0.11804672847200415,-0.6578865170170616,-2,-746.210000000001,-0.003638044529665041,-0.006679735093290895,-0.46969589215268304,-0.620630783757079,-5.207936840171161,-1.6515122920661032
sig_pin_bull_signed,veto0.06,4500,30133.189999999973,0.43933333333333335,0.5291111111111111,1.441135377983198,-12.879063709693497,2.2481658466794605,9.44788137150278,587,3744.4949999999917,0.4190800681431005,0.5195911413969335,2.46064621265025,-5.356200605607864,10.933864991612058,8.61368783419921,-63,-2509.899999999994,-0.0016046460661844897,-0.002775805391190045,-0.07762539747387276,0.0,-0.11176542203411488,-0.7007174834058834,-6,-846.8400000000001,-0.005877773340879244,-0.00654713853561284,-0.5133695642092815,-1.366344137169098,-7.341971620401321,-1.825847993920025
sig_pin_bull_signed,veto0.07,4486,29533.53999999998,0.43758359340169417,0.5278644672313866,1.4210959151933806,-13.390198226902353,2.1358547063047046,9.274950670117295,586,3723.9699999999916,0.4180887372013652,0.5170648464163823,2.4680007643660664,-6.253434962530159,9.31022530832504,8.594336877179595,-77,-3109.5499999999884,-0.0033543859978236723,-0.004022449270914552,-0.09766486026369003,-0.5111345172088555,-0.22407656240887075,-0.8736481847913673,-7,-867.3650000000002,-0.006869104282614558,-0.009073433516164076,-0.506015012493465,-2.2635784940913934,-8.96561130368834,-1.8451989509396398
sig_pin_bull_signed,veto0.08,4476,28960.81499999998,0.4363270777479893,0.5268096514745308,1.4016817599639746,-14.219316640888058,1.987195695482481,9.108306765303242,585,3740.0099999999916,0.4188034188034188,0.517948717948718,2.464013779721672,-6.060212388768353,9.651309525807207,8.604728584808903,-87,-3682.274999999987,-0.004610901651528554,-0.0050772650277702835,-0.11707901549309607,-1.340252931194561,-0.3727355732310944,-1.0402920896054209,-8,-851.3250000000003,-0.006154422680560934,-0.008189561983828364,-0.5100019971378593,-2.070355920329588,-8.624527086206172,-1.8348072433103315
sig_pin_bull_signed,veto0.09,4470,30312.60499999998,0.4369127516778524,0.5279642058165548,1.4442736757805597,-12.922998226376398,2.2486709943182475,9.544942788007905,585,4080.254999999991,0.4222222222222222,0.5196581196581197,2.7394314107902966,-4.9192248657754645,13.052653816277548,9.45697634397136,-93,-2330.484999999986,-0.00402522772166547,-0.0039227106857463445,-0.07448709967651101,-0.04393451668290105,-0.11126027439532793,-0.6036560669007578,-8,-511.08000000000084,-0.002735619261757527,-0.006480160274426661,-0.23458436606923483,-0.9293683973366988,-5.2231827957358306,-0.982559484147874
sig_pin_bull_signed,veto0.10,4461,29336.169999999984,0.43600089665994174,0.5265635507733692,1.4076247767552905,-13.955954356280712,2.040834420121634,9.244539920103382,583,4188.884999999991,0.4219554030874786,0.5197255574614065,2.856699045766872,-4.51934424483123,14.614585378958585,9.751476030823778,-102,-3306.9199999999837,-0.004937082739576104,-0.005323365728931884,-0.11113599870178015,-1.0768906465872146,-0.3190968485919412,-0.9040589348052812,-10,-402.4500000000007,-0.0030024383965011614,-0.006412722471139887,-0.1173167310926595,-0.5294877763924646,-3.6612512330547933,-0.6880597972954572
sig_pin_bull_signed,veto0.11,4451,29048.219999999983,0.4363064479892159,0.5266232307346663,1.3933195061779178,-13.843991551815241,2.0448704299624585,9.177231476313372,582,3687.36499999999,0.4175257731958763,0.5171821305841925,2.56187290509751,-3.511285888138337,16.406977763009234,8.62260756263689,-112,-3594.8699999999844,-0.004631531410301926,-0.005263685767634807,-0.1254412692791529,-0.9649278421217442,-0.3150608387511169,-0.971367378595291,-11,-903.9700000000021,-0.007432068288103444,-0.00895614934835387,-0.41214287176202147,0.47857058030042854,-1.8688588490041447,-1.8169282654823444
sig_pin_bull_signed,veto0.12,4447,28976.81499999998,0.4364740274342253,0.5264223071733753,1.3897612712860732,-14.349807964244926,1.9697965013301426,9.163528940944238,582,3442.85499999999,0.41580756013745707,0.5154639175257731,2.3889764289642925,-3.9195721982165894,13.660977781797012,8.05187421521321,-116,-3666.274999999987,-0.004463951965292534,-0.005464609328925785,-0.12899950417099748,-1.4707442545514287,-0.3901347673834328,-0.9850699139644252,-11,-1148.4800000000018,-0.009150281346522682,-0.010674362406773219,-0.5850393478952389,0.0702842702221762,-4.614858830216367,-2.387661612906024
sig_pin_bull_signed,veto0.13,4436,28765.884999999984,0.43575293056807934,0.5259242560865645,1.3942109951775281,-13.629766930494059,2.0645180073112757,9.121505110802977,581,3189.0949999999907,0.41480206540447506,0.5146299483648882,2.286812999037678,-4.584764576591295,10.76653393322144,7.450026853404683,-127,-3877.2049999999836,-0.005185048831438499,-0.005962660415736676,-0.12454978027954255,-0.7507032208005615,-0.29541326140229973,-1.0270937441056862,-12,-1402.2400000000011,-0.010155776079504686,-0.011508331567658181,-0.6872027778218532,-0.5949081081525298,-7.509302678791938,-2.9895089747145516
sig_pin_bull_signed,veto0.14,4429,28739.78499999998,0.43576428087604424,0.5260781214721156,1.396349706874042,-13.139221246282615,2.1403938121222805,9.132141680550331,581,3255.3649999999907,0.4165232358003442,0.5163511187607573,2.3826618743143393,-4.131352930721668,12.211739864856115,7.625552175650514,-134,-3903.3049999999857,-0.005173698523473602,-0.0058087950301854985,-0.12241106858302864,-0.26015753658911756,-0.21953745659129487,-1.0164571743583313,-12,-1335.9700000000012,-0.008434605683635521,-0.009787161171789016,-0.5913539025451922,-0.1414964622829027,-6.064096747157263,-2.813983652468721
sig_pin_bull_signed,veto0.15,4410,28060.189999999988,0.43514739229024946,0.5249433106575964,1.3760779000418084,-13.207346317000148,2.097986696638266,8.948579057545603,580,3485.1399999999903,0.4189655172413793,0.5172413793103449,2.592496431025116,-3.7797277391606237,14.351753225864758,8.174973529161997,-153,-4582.89999999998,-0.005790587109268386,-0.00694360584470477,-0.14268287541526226,-0.32828260730665093,-0.2619445720753095,-1.2000197973630602,-13,-1106.1950000000015,-0.005992324242600433,-0.008896900622201498,-0.38151934583441527,0.21012872927814197,-3.92408338614862,-2.2645622989572374
sig_pin_bull_signed,veto0.16,4395,27827.454999999987,0.4352673492605233,0.5251422070534698,1.3690511289844802,-13.283009897321163,2.075250698125383,8.90862985195371,578,3624.6099999999897,0.4204152249134948,0.5173010380622838,2.602436538063059,-3.7797277391606237,14.964913270436435,8.534219072606092,-168,-4815.63499999998,-0.005670630138994548,-0.006744709448831321,-0.14970964647259044,-0.40394618762766576,-0.2846805705881925,-1.2399690029549522,-15,-966.7250000000022,-0.004542616570484936,-0.00883724187026258,-0.3715792387964725,0.21012872927814197,-3.3109233415769435,-1.9053167555131427
sig_pin_bull_signed,veto0.17,4382,27913.579999999987,0.43564582382473754,0.525330899132816,1.3780125838907868,-12.968445812190577,2.129682646564728,8.976894841044274,578,3812.4399999999896,0.42214532871972316,0.5190311418685121,2.6883635084473805,-3.7797277391606237,15.795146081773597,8.96334808713849,-181,-4729.50999999998,-0.0052921555747802995,-0.006556017369485079,-0.14074819156628382,-0.08938210249707979,-0.23024862214884756,-1.1717040138643888,-15,-778.8950000000023,-0.0028125127642565917,-0.007107138064034291,-0.28565226841215097,0.21012872927814197,-2.480690530239782,-1.4761877409807447
sig_pin_bull_signed,veto0.18,4369,28460.184999999983,0.4357976653696498,0.5255207141222248,1.3981884083930487,-12.879063709693497,2.1704522214609434,9.200404685865598,578,3731.5299999999897,0.42214532871972316,0.5207612456747405,2.6848061735368165,-3.7797277391606237,15.43688723799837,8.79024452065812,-194,-4182.904999999984,-0.005140314029868032,-0.006366202380076347,-0.12057236706402197,0.0,-0.18947904725263198,-0.9481941690430649,-15,-859.8050000000021,-0.0028125127642565917,-0.0053770342578058905,-0.28920960332271495,0.21012872927814197,-2.8389493740150087,-1.6492913074611142
sig_pin_bull_signed,veto0.19,4352,29186.11499999999,0.4365808823529412,0.5259650735294118,1.4259075346687087,-12.879063709693497,2.204505353448526,9.463165116990048,576,4030.89999999999,0.4236111111111111,0.5225694444444444,2.8907916775409723,-3.7296860805491083,16.992134040036916,9.562310041931902,-211,-3456.9749999999767,-0.004357097046576663,-0.005921842972889335,-0.09285324078836199,0.0,-0.15542591526504923,-0.6854337379186148,-17,-560.4350000000018,-0.001346730372868643,-0.00356883548810194,-0.08322409931855912,0.2601703878896573,-1.2837025719764625,-0.8772257861873332
sig_pin_bull_signed,veto0.20,4335,28851.444999999992,0.4362168396770473,0.5254901960784314,1.4202561527013478,-12.879063709693497,2.1888707013302477,9.382406160637867,575,3907.1949999999906,0.4226086956521739,0.52,2.8253070106993943,-3.7296860805491083,16.433479985474175,9.303554080310859,-228,-3791.644999999975,-0.004721139722470569,-0.0063967204238697395,-0.09850462275572291,0.0,-0.17106056738332764,-0.7661926942707957,-18,-684.1400000000012,-0.0023491458318058434,-0.006138279932546342,-0.14870876616013717,0.2601703878896573,-1.8423566265392033,-1.1359817478083762
sig_pin_bull_signed,veto0.21,4321,28684.844999999994,0.436241610738255,0.5260356398981717,1.4250560364293057,-12.879063709693497,2.1810466536195317,9.357493139976064,573,3858.379999999991,0.4223385689354276,0.5200698080279232,2.8562725207126545,-3.3579236047786725,18.00868826229055,9.22523764960841,-242,-3958.2449999999735,-0.004696368661262829,-0.0058512766041294295,-0.093704739027765,0.0,-0.17888461509404374,-0.7911057149325984,-20,-732.9550000000008,-0.002619272548552154,-0.006068471904623118,-0.11774325614687697,0.6319328636600932,-0.2671483497228273,-1.214298178510825
sig_pin_bull_signed,veto0.22,4306,28864.579999999987,0.43636785880167206,0.5262424523920112,1.4347659395322374,-12.879063709693497,2.1894863947661865,9.451090736899149,572,4065.259999999991,0.42482517482517484,0.5227272727272727,2.925879667107892,-3.3579236047786725,19.04615465544434,9.74447848201999,-257,-3778.50999999998,-0.004570120597845784,-0.0056444641102899595,-0.08399483592483326,0.0,-0.17044487394738894,-0.6975081180095142,-21,-526.0750000000007,-0.00013266665880490303,-0.003411007205273653,-0.04813610975163929,0.6319328636600932,0.7703180434309616,-0.6950573460992455
sig_pin_bull_signed,veto0.23,4292,29111.19999999999,0.4363932898415657,0.5260950605778192,1.453162549000133,-12.879063709693497,2.201015081656172,9.570555229098336,571,3651.2249999999917,0.4203152364273205,0.5201401050788091,2.7323786851627925,-3.3546063774694814,16.993581324978983,8.784331604322828,-271,-3531.8899999999776,-0.00454468955795212,-0.005791855924481948,-0.06559822645693769,0.0,-0.1589161870574034,-0.5780436258103272,-22,-940.1100000000001,-0.004642605056659255,-0.005998174853737215,-0.24163709169673897,0.6352500909692842,-1.2822552870343955,-1.6552042237964066
sig_pin_bull_signed,veto0.24,4281,28762.944999999992,0.43634664797944406,0.5265124970801215,1.4399855703719442,-12.879063709693497,2.1847178901502455,9.465060965237987,571,3815.634999999992,0.4220665499124343,0.521891418563923,2.857423265897321,-3.3546063774694814,17.812789448110074,9.194126184103945,-282,-3880.144999999975,-0.004591331420073785,-0.005374419422179644,-0.07877520508512648,0.0,-0.17521337856332986,-0.6835378896706761,-22,-775.6999999999998,-0.00289129157154544,-0.0042468613686234,-0.11659251096221057,0.6352500909692842,-0.4630471639033047,-1.2454096440152895
sig_pin_bull_signed,veto0.25,4260,28779.52499999999,0.4368544600938967,0.5262910798122066,1.4366812762988306,-12.879063709693497,2.185496486293637,9.529453135127588,571,3624.7449999999917,0.4203152364273205,0.5201401050788091,2.6022378272840148,-3.344542869874229,16.91278853038319,8.703144973622194,-303,-3863.564999999977,-0.004083519305621119,-0.005595836690094558,-0.08207949915824009,0.0,-0.17443478241993837,-0.6191457197810752,-22,-966.5900000000001,-0.004642605056659255,-0.005998174853737215,-0.3717779495755167,0.6453135985645364,-1.3630480816301898,-1.7363908544970403
sig_pin_bull_signed,veto0.26,4248,28439.654999999995,0.4354990583804143,0.5256591337099812,1.4395437857200297,-12.879063709693497,2.1694815561628316,9.475856181813365,571,3618.9349999999913,0.4203152364273205,0.5201401050788091,2.5967276210647476,-3.344542869874229,16.883858076664726,8.672368150197835,-315,-4203.434999999972,-0.0054389210191035375,-0.006227782792319947,-0.07921698973704094,0.0,-0.19044971255074383,-0.6727426730952981,-22,-972.4000000000005,-0.004642605056659255,-0.005998174853737215,-0.3772881557947838,0.6453135985645364,-1.3919785353486525,-1.7671676779213996
sig_pin_bull_signed,veto0.27,4236,28830.464999999993,0.43626062322946174,0.5269121813031161,1.4616662637928022,-12.879063709693497,2.1878869264578276,9.643365464878979,570,3408.1549999999907,0.4192982456140351,0.519298245614035,2.426541868699813,-4.34661288733749,12.186743580351342,8.174686153579707,-327,-3812.6249999999745,-0.004677356170056102,-0.00497473519918501,-0.05709451166426849,0.0,-0.17204434225574783,-0.5052333900296837,-23,-1183.1800000000012,-0.005659595869944634,-0.006840034318511323,-0.5474739081597186,-0.35675641889872445,-6.089093031662037,-2.264849674539528
sig_pin_bull_signed,veto0.28,4222,29370.134999999995,0.43723353860729514,0.5284225485551871,1.4902536939674804,-12.879063709693497,2.213055715270817,9.874739322537494,570,3615.9549999999917,0.42280701754385963,0.5210526315789473,2.5594337852136535,-4.332681699984051,13.021765649076467,8.688085209648296,-341,-3272.9549999999726,-0.0037044407922227074,-0.003464367947114022,-0.028507081489590247,0.0,-0.14687555344275838,-0.2738595323711692,-23,-975.3800000000001,-0.002150823940120117,-0.005085648353599037,-0.41458199164587795,-0.34282523154528555,-5.254070962936911,-1.7514506184709386
sig_pin_bull_signed,veto0.29,4208,30132.19499999999,0.4384505703422053,0.5292300380228137,1.5171388939984634,-12.879063709693497,2.2481204206346033,10.153474782870296,569,3283.994999999992,0.4200351493848858,0.5184534270650264,2.302391877508918,-4.994921394448841,10.194800827104686,7.893657085938098,-355,-2510.8949999999786,-0.0024874090573125396,-0.002656878479487479,-0.0016218814586073105,0.0,-0.11181084807897212,0.004875927961633053,-24,-1307.3399999999997,-0.0049226920990939615,-0.0076848528675199645,-0.6716238993506134,-1.0050649260100757,-8.081035784908693,-2.545878742181137
sig_pin_bull_signed,veto0.30,4190,30211.349999999988,0.4379474940334129,0.5293556085918855,1.5214042359284052,-12.879063709693497,2.251731316424475,10.228860960068252,568,3233.4949999999917,0.41901408450704225,0.5176056338028169,2.236561623158851,-5.16755584468312,9.693433063157137,7.797423892105749,-373,-2431.73999999998,-0.002990485366104967,-0.00253130791041567,0.002643460471334569,0.0,-0.1081999522891004,0.08026210515958887,-25,-1357.8400000000001,-0.005943756976937498,-0.008532646129729482,-0.7374541537006802,-1.1776993762443544,-8.582403548856242,-2.642111936013486
sig_pin_bull_signed,veto0.35,4132,32620.194999999992,0.44119070667957405,0.531945788964182,1.5901929743964052,-12.879063709693497,2.3589363461611046,11.193574871528584,564,3507.8599999999915,0.425531914893617,0.5195035460992907,2.223835003046746,-7.204780913415236,7.581427990177009,8.539019619107503,-431,-22.89499999997497,0.0002527272800562086,5.887246188085449e-05,0.0714321989393345,0.0,-0.0009949225524708005,1.0449760166199216,-29,-1083.4750000000004,0.0005740734096372768,-0.006634733833255635,-0.7501807738127853,-3.2149244449764707,-10.69440862183637,-1.900516209011732
sig_pin_bull_signed,veto0.40,4052,31471.809999999998,0.44027640671273444,0.5308489634748272,1.5835280075011626,-12.879063709693497,2.30846275171796,11.015985421232552,561,3555.6799999999917,0.42780748663101603,0.5204991087344029,2.3675576863479115,-6.683629735677292,8.291384817349885,8.667054720459872,-511,-1171.2799999999697,-0.0006615726867834071,-0.0010379530274738924,0.06476723204409196,0.0,-0.0514685169956155,0.8673865663238889,-32,-1035.6550000000002,0.002849645147036284,-0.0056391711981435,-0.6064580905116199,-2.6937732672385266,-9.984451794663494,-1.7724811076593632
sig_pin_bull_signed,veto0.45,3970,30704.265000000003,0.44005037783375317,0.5319899244332493,1.5567532571603881,-12.879063709693497,2.2740873642147936,10.961167265704663,553,4242.779999999993,0.4321880650994575,0.5280289330922242,2.8195695970492998,-6.77105338796348,9.889640926758672,10.545650768495413,-593,-1938.8249999999643,-0.000887601565764673,0.00010300793094819571,0.03799248170331748,0.0,-0.08584390449878176,0.8125684107960005,-40,-348.5549999999985,0.00723022361547776,0.0018906531596778464,-0.15444617981023168,-2.7811969195247146,-8.386195685254707,0.10611494037617852
sig_pin_bull_signed,veto0.50,3863,27393.769999999997,0.4387781516955734,0.529381309862801,1.4334758067324667,-13.554021213600922,2.0139179078702543,10.04467818258807,551,3920.9199999999937,0.4337568058076225,0.52994555353902,2.732947339881665,-5.930174105073324,10.374482426728118,9.741423409756562,-700,-5249.319999999971,-0.0021598277039444613,-0.0025056066395001686,-0.085284968724604,-0.6749575039074251,-0.3460133608433211,-0.10392067232059254,-42,-670.4149999999981,0.008798964323642744,0.0038072736064735935,-0.24106843697786662,-1.9403176366345587,-7.9013541852852605,-0.6981124183626726
sig_pin_bull_signed,tilt0.01,4563,32236.959999999966,0.44049967126890205,0.5314486083716853,1.5039604552629817,-13.302296680994374,2.267696115479976,10.030394900345122,593,4591.334999999992,0.42495784148397975,0.5261382799325464,2.9740157768595314,-3.9898564684387656,18.27583661201338,10.439535828119235,0,-406.130000000001,-0.0004383081306157943,-0.00043830813061584983,-0.014800320194088945,-0.42323297130087667,-0.09223515323359921,-0.11820395456354049,0,0.0,0.0,0.0,0.0,0.0,0.0,0.0
sig_pin_bull_signed,tilt0.02,4563,32181.87999999997,0.4402805172035941,0.5312294543063774,1.5041156487272005,-13.296004205134054,2.2664319033201674,10.019084025908487,593,4380.764999999992,0.42327150084317033,0.524451939291737,2.7342793387668274,-4.061903596035857,17.064134229576855,9.969691059545283,0,-461.2099999999991,-0.0006574621959237192,-0.0006574621959237748,-0.014645126729870173,-0.41694049544055645,-0.09349936539340797,-0.12951482900017552,0,-210.5699999999997,-0.001686340640809414,-0.001686340640809414,-0.23973643809270406,-0.07204712759709153,-1.211702382436524,-0.4698447685739513
sig_pin_bull_signed,tilt0.03,4563,31994.834999999974,0.4402805172035941,0.5312294543063774,1.4951906941417823,-13.326660125615177,2.2532803649014594,9.950974209908937,593,4226.684999999992,0.42327150084317033,0.5227655986509275,2.6543157217341635,-4.061903596035857,16.418382747873224,9.632310915062511,0,-648.2549999999937,-0.0006574621959237192,-0.0006574621959237748,-0.02357008131528837,-0.4475964159216801,-0.10665090381211595,-0.19762464499972587,0,-364.64999999999964,-0.001686340640809414,-0.003372681281618828,-0.3197000551253679,-0.07204712759709153,-1.8574538641401546,-0.8072249130567233
sig_pin_bull_signed,tilt0.05,4563,31266.91499999997,0.4396230550076704,0.5305719921104537,1.47205812987426,-13.678450074915787,2.1649612260608597,9.728722030392628,593,4116.064999999992,0.42327150084317033,0.5227655986509275,2.575281518831272,-4.061903596035857,15.956705233779235,9.39936151118153,0,-1376.1749999999956,-0.0013149243918474385,-0.0013149243918474385,-0.046702645582810565,-0.7993863652222899,-0.19497004265271567,-0.4198768245160345,0,-475.2699999999995,-0.001686340640809414,-0.003372681281618828,-0.39873425802825935,-0.07204712759709153,-2.319131378234143,-1.040174316937705
sig_pin_bull_signed,tilt0.07,4563,30893.584999999974,0.43918474687705455,0.5303528380451458,1.4578543578878318,-13.963211271440256,2.1053857555535394,9.614082183737361,593,3975.1499999999924,0.42327150084317033,0.5227655986509275,2.4930508891587886,-4.069403056562777,15.34261484492062,9.059582454473023,0,-1749.5049999999937,-0.0017532325224632883,-0.0015340784571553634,-0.06090641756923887,-1.084147561746759,-0.25454551316003604,-0.5345166711713016,0,-616.1849999999995,-0.001686340640809414,-0.003372681281618828,-0.48096488770074286,-0.07954658812401139,-2.9332217670927587,-1.3799533736462113
sig_pin_bull_signed,tilt0.10,4563,30777.489999999972,0.4394039009423625,0.5303528380451458,1.4561439807228103,-13.816739772511715,2.122834032249786,9.575455390792568,593,3975.1499999999924,0.42327150084317033,0.5227655986509275,2.4930508891587886,-4.069403056562777,15.34261484492062,9.059582454473023,0,-1865.599999999995,-0.0015340784571553634,-0.0015340784571553634,-0.0626167947342604,-0.9376760628182179,-0.23709723646378933,-0.5731434641160948,0,-616.1849999999995,-0.001686340640809414,-0.003372681281618828,-0.48096488770074286,-0.07954658812401139,-2.9332217670927587,-1.3799533736462113
sig_pin_bull_signed,tilt0.15,4563,31439.62999999997,0.44071882533421,0.5316677624369932,1.482716614995549,-13.10299304914222,2.267604981909981,9.770569170321599,593,3975.1499999999924,0.42327150084317033,0.5227655986509275,2.4930508891587886,-4.069403056562777,15.34261484492062,9.059582454473023,0,-1203.4599999999991,-0.0002191540653078694,-0.00021915406530792492,-0.03604416046152159,-0.2239293394487234,-0.09232628680359456,-0.3780296845870641,0,-616.1849999999995,-0.001686340640809414,-0.003372681281618828,-0.48096488770074286,-0.07954658812401139,-2.9332217670927587,-1.3799533736462113
sig_pin_bull_signed,tilt0.20,4563,31373.469999999972,0.44049967126890205,0.5314486083716853,1.4816050610392795,-13.865669305284333,2.140141319069212,9.761354284310976,593,4174.589999999991,0.42495784148397975,0.5261382799325464,2.6733768538670755,-4.0224348018823886,16.35972471636534,9.523832337624365,0,-1269.6199999999953,-0.0004383081306157943,-0.00043830813061584983,-0.0371557144177912,-0.9866055955908362,-0.2197899496443636,-0.38724457059768724,0,-416.7450000000008,0.0,0.0,-0.300638922992456,-0.03257833344362293,-1.91611189564804,-0.9157034904948702
sig_pin_bull_signed,tilt0.30,4563,32156.504999999976,0.44049967126890205,0.532325224632917,1.5053389675538666,-13.9069571457838,2.1658339081445956,9.998452807568151,593,3367.1949999999915,0.418212478920742,0.5177065767284992,2.3324904343106323,-4.36641965494879,11.976450341387736,7.745719110529154,0,-486.58499999999185,-0.0004383081306157943,0.00043830813061584983,-0.01342180790320402,-1.0278934360903023,-0.19409736056897975,-0.1501460473405114,0,-1224.1400000000003,-0.006745362563237767,-0.00843170320404718,-0.6415253425488991,-0.3765631865100243,-6.299386270625643,-2.6938167175900807
sig_pin_bull_signed,tilt0.50,4563,31319.979999999974,0.4400613631382862,0.532325224632917,1.4730102476225908,-12.879063709693497,2.3017043548533906,9.753777683797077,593,3528.144999999989,0.42158516020236086,0.5193929173693086,2.4250781544964695,-5.781246910831638,9.506459953028093,8.102119714921798,0,-1323.1099999999933,-0.0008766162612316442,0.00043830813061584983,-0.04575052783447986,0.0,-0.05822691386018475,-0.39482117111158566,0,-1063.1900000000028,-0.0033726812816188834,-0.006745362563237767,-0.548937622363062,-1.7913904423928724,-8.769376658985285,-2.3374161131974365
sig_pin_bull_signed,tilt0.75,4563,31348.28999999998,0.44049967126890205,0.5334209949594565,1.4733075593812492,-13.375044179137275,2.2175662463368417,9.760438681392744,593,3832.4899999999875,0.4266441821247892,0.521079258010118,2.74697560745327,-4.235072481414578,14.176254106189491,8.791719772692417,0,-1294.7999999999884,-0.0004383081306157943,0.0015340784571553634,-0.04545321607582142,-0.4959804694437775,-0.14236502237673365,-0.388160173515919,0,-758.8450000000043,0.0016863406408094694,-0.005059021922428353,-0.2270401694062616,-0.24521601297581253,-4.0995825058238875,-1.6478160554268175
sig_pin_bull_signed,tilt1.00,4563,30671.444999999985,0.4394039009423625,0.532325224632917,1.4536655497941706,-12.879063709693497,2.272605713767394,9.563442704612482,593,3752.084999999989,0.42495784148397975,0.5177065767284992,2.827702959701885,-4.24526342823288,13.82503214353831,8.643126658558135,0,-1971.6449999999822,-0.0015340784571553634,0.00043830813061584983,-0.06509522566290005,0.0,-0.08732555494618133,-0.5851561502961804,0,-839.2500000000027,0.0,-0.00843170320404718,-0.14631281715764644,-0.2554069597941142,-4.450804468475068,-1.7964091695611
sig_oi_pressure_chg_signed,veto0.02,4544,31932.99499999997,0.4399207746478873,0.5319102112676056,1.4943639339501034,-12.903974155928374,2.324372466464777,9.934242292950275,593,4780.174999999992,0.4266441821247892,0.5278246205733558,3.115460231170393,-3.9898564684387656,19.091159520381634,10.849875004028815,-19,-710.0949999999975,-0.0010172047516305294,2.329476530449348e-05,-0.024396841506967304,-0.024910446234876815,-0.03555880224879848,-0.21435656195838781,0,188.84000000000015,0.0016863406408094694,0.001686340640809414,0.14144445431086172,0.0,0.8153229083682554,0.4103391759095807
sig_oi_pressure_chg_signed,veto0.03,4538,32245.57499999997,0.4402820625826355,0.5321727633318643,1.5024551122489627,-12.944066990782648,2.330830369856441,10.03476051255067,593,4856.399999999992,0.4266441821247892,0.5278246205733558,3.1413722426927047,-3.9898564684387656,19.421595376928096,11.043507289115018,-25,-397.5149999999958,-0.0006559168168823182,0.0002858468295631189,-0.016305663208108,-0.06500328108915099,-0.029100898857134183,-0.11383834235799206,0,265.0650000000005,0.0016863406408094694,0.001686340640809414,0.1673564658331732,0.0,1.1457587649147172,0.6039714609957834
sig_oi_pressure_chg_signed,veto0.04,4528,32344.17999999997,0.44059187279151946,0.5326855123674912,1.5077002164749012,-13.150154583298193,2.2985258000950237,10.074304747891482,593,4856.399999999992,0.4266441821247892,0.5278246205733558,3.1413722426927047,-3.9898564684387656,19.421595376928096,11.043507289115018,-35,-298.9099999999962,-0.00034610660799838655,0.0007985958651900438,-0.01106055898216951,-0.2710908736046953,-0.06140546861855167,-0.07429410701718098,0,265.0650000000005,0.0016863406408094694,0.001686340640809414,0.1673564658331732,0.0,1.1457587649147172,0.6039714609957834
sig_oi_pressure_chg_signed,veto0.05,4525,32399.26499999997,0.4408839779005525,0.5334806629834254,1.5058063732347,-13.214651715811296,2.2896519822889236,10.0768307349812,593,4856.399999999992,0.4266441821247892,0.5278246205733558,3.1413722426927047,-3.9898564684387656,19.421595376928096,11.043507289115018,-38,-243.8249999999971,-5.4001498965339234e-05,0.001593746481124314,-0.012954402222370653,-0.33558800611779915,-0.07027928642465175,-0.07176811992746224,0,265.0650000000005,0.0016863406408094694,0.001686340640809414,0.1673564658331732,0.0,1.1457587649147172,0.6039714609957834
sig_oi_pressure_chg_signed,veto0.06,4521,31995.20999999997,0.44061048440610484,0.5332890953328909,1.4944137652715779,-13.278318682920748,2.2614997260070027,9.945915340874535,593,4632.469999999992,0.42327150084317033,0.5261382799325464,3.041374016997952,-4.022923341847822,18.30135985712413,10.513337898031404,-42,-647.8799999999974,-0.00032749499341300226,0.0014021788305897953,-0.02434701018549279,-0.3992549732272508,-0.09843154270657273,-0.20268351403412765,0,41.13500000000022,-0.001686340640809414,0.0,0.06735824013842073,-0.03306687340905601,0.02552324511075099,0.07380206991216909
sig_oi_pressure_chg_signed,veto0.07,4515,32313.274999999972,0.44141749723145074,0.5339977851605758,1.5085541373430353,-13.343235249093688,2.2639615746345174,10.035561917427271,593,4618.829999999993,0.42327150084317033,0.5261382799325464,3.03710069033474,-4.0275892328354885,18.2219259585488,10.479138169765546,-48,-329.81499999999505,0.0004795178319328963,0.0021108686582747005,-0.010206638114035327,-0.4641715394001906,-0.09596969407905798,-0.11303693748139132,0,27.4950000000008,-0.001686340640809414,0.0,0.06308491347520873,-0.037732764396722906,-0.05391065346458035,0.0396023416463116
sig_oi_pressure_chg_signed,veto0.08,4508,32218.26499999997,0.4412156166814552,0.5339396628216504,1.503128339647978,-13.796287924912967,2.185734445631361,9.998811374617315,592,4595.629999999992,0.4239864864864865,0.527027027027027,2.9699852808234897,-4.035550261838746,18.087184683597663,10.456274759146147,-55,-424.8249999999971,0.0002776372819373596,0.0020527463193492634,-0.015632435809092682,-0.9172242152194698,-0.17419682308221418,-0.14978748029134792,-1,4.295000000000073,-0.0009713549974932345,0.0008887470944806131,-0.004030496036041775,-0.045693793399980365,-0.18865192841571599,0.016738931026912596
sig_oi_pressure_chg_signed,veto0.09,4493,31947.934999999976,0.4411306476741598,0.5334965501891832,1.4922554727038584,-13.440507215023676,2.232216065633622,9.941899146839663,592,4754.429999999993,0.42567567567567566,0.5287162162162162,3.0896419950716636,-4.035550261838746,18.764823525720637,10.79910952881844,-70,-695.1549999999916,0.00019266827464198277,0.0016096336868820504,-0.02650530275321228,-0.5614435053301783,-0.12771520307995354,-0.2066997080689994,-1,163.09500000000116,0.0007178341916959097,0.0025779362836698683,0.11562621821213215,-0.045693793399980365,0.488986913707258,0.3595737006992046
sig_oi_pressure_chg_signed,veto0.10,4487,32549.974999999973,0.4421662580788946,0.5346556719411634,1.511380140242888,-13.604860033856973,2.2301998109272128,10.138639696888381,591,4802.899999999993,0.4263959390862944,0.5296108291032149,3.1190194935987554,-4.035550261838746,18.972312375640666,10.920903995910756,-76,-93.11499999999432,0.0012282786793767486,0.002768755438862236,-0.007380635214182751,-0.7257963241634755,-0.12973145778636264,-0.009959158020281578,-2,211.56500000000142,0.0014380976023146697,0.0034725491706685263,0.14500371673922396,-0.045693793399980365,0.6964757636272871,0.4813681677915209
sig_oi_pressure_chg_signed,veto0.11,4475,31889.60999999997,0.4408938547486034,0.5331843575418994,1.488956768286666,-14.189730844255877,2.112021771360826,9.9466058172729,591,4635.409999999993,0.42470389170896783,0.5279187817258884,2.9947399969675765,-4.0367333702922625,18.25127550713687,10.517704370871128,-88,-753.4799999999959,-4.412465091446771e-05,0.0012974410395982794,-0.029804007170404656,-1.3106671345623795,-0.24790949735274959,-0.20199303763576282,-2,44.07500000000073,-0.00025394977501191907,0.001780501793341993,0.02072422010804509,-0.04687690185349691,-0.024561104876507756,0.078168542751893
sig_oi_pressure_chg_signed,veto0.12,4464,31644.994999999966,0.44086021505376344,0.5336021505376344,1.4786008330827913,-13.97207202878683,2.1349593551647463,9.871607626728196,591,4537.919999999993,0.4230118443316413,0.5262267343485617,2.9666384603465206,-4.091184898391933,17.59911589544201,10.297086857844583,-99,-998.0950000000012,-7.776434575440527e-05,0.0017152340353332463,-0.040159942374279334,-1.0930083190933324,-0.22497191354882906,-0.2769912281804672,-2,-53.414999999999054,-0.0019459971523384523,8.845441601534887e-05,-0.007377316513010879,-0.10132842995316693,-0.6767207165713671,-0.14244897027465164
sig_oi_pressure_chg_signed,veto0.13,4455,32834.73499999997,0.44287317620650957,0.5346801346801346,1.521332883201156,-13.53790305796941,2.252988763735666,10.255317136724821,590,4407.339999999993,0.42203389830508475,0.5254237288135594,2.9031732595160222,-4.091184898391933,17.052895806391547,10.02766210819027,-108,191.64500000000407,0.0019351968069917236,0.002793218177833512,0.002572107744085228,-0.6588393482759134,-0.10694250497790936,0.10671828181615872,-3,-183.99499999999898,-0.0029239431788949943,-0.0007145511189869946,-0.07084251734350921,-0.10132842995316693,-1.2229408056218318,-0.4118737199289644
sig_oi_pressure_chg_signed,veto0.14,4449,32453.134999999973,0.44279613396268824,0.5342773657001574,1.5088357379958153,-14.647189407922486,2.0677838844067584,10.14486816477775,590,4500.969999999992,0.42203389830508475,0.5254237288135594,3.016454897851662,-3.282466319587657,21.74217970141809,10.26255301461367,-114,-189.95499999999447,0.0018581545631704,0.002390449197856248,-0.009925037461255393,-1.7681256982289888,-0.29214738430681697,-0.0037306901309133167,-3,-90.36499999999978,-0.0029239431788949943,-0.0007145511189869946,0.04243912099213043,0.7073901488511085,3.466343089404713,-0.176982813505564
sig_oi_pressure_chg_signed,veto0.15,4437,32905.53999999997,0.44354293441514536,0.5348208248816768,1.5239670538929229,-13.558375991122373,2.252496228870492,10.306308290527063,590,4047.5299999999925,0.41694915254237286,0.5203389830508475,2.616132087797312,-4.001396551452745,15.908461268235571,9.249038484169791,-126,262.45000000000437,0.002604955015627519,0.0029339083793756826,0.005206278435852196,-0.6793122814288761,-0.10743503984308322,0.15770943561840056,-3,-543.8049999999994,-0.00800868894160689,-0.00579929688169889,-0.35788368906221946,-0.011540083013979796,-2.367375343777807,-1.1904973439494437
sig_oi_pressure_chg_signed,veto0.16,4425,32444.059999999972,0.4440677966101695,0.5349152542372881,1.5065495248880774,-14.041677808051938,2.156588815185083,10.182771368989846,590,3914.869999999993,0.41694915254237286,0.5169491525423728,2.44444456601735,-4.001396551452745,15.34982896130759,8.913451721867377,-138,-199.0299999999952,0.003129817210651642,0.0030283377349870078,-0.012211250568993304,-1.162614098358441,-0.20334245352849223,0.034172514081182825,-3,-676.4649999999988,-0.00800868894160689,-0.009189127390173524,-0.5295712108421813,-0.011540083013979796,-2.926007650705788,-1.526084106251858
sig_oi_pressure_chg_signed,veto0.17,4416,32219.634999999973,0.4438405797101449,0.5348731884057971,1.498007949516672,-14.247273605624475,2.116601073409993,10.129757628812541,589,3571.599999999993,0.4142614601018676,0.5144312393887945,2.3270124525217435,-4.001396551452745,13.915433214820522,8.132893427808712,-147,-423.45499999999447,0.002902600310627057,0.002986271903495985,-0.020752825940398623,-1.3682098959309776,-0.24333019530358246,-0.01884122609612149,-4,-1019.7349999999988,-0.010696381382112152,-0.011707040543751823,-0.647003324337788,-0.011540083013979796,-4.360403397192856,-2.3066424003105226
sig_oi_pressure_chg_signed,veto0.18,4405,32243.29499999997,0.4431328036322361,0.5343927355278093,1.505857501287335,-13.95882129585783,2.161295586073203,10.160975442196754,588,3574.9399999999932,0.41496598639455784,0.5153061224489796,2.3289432137917303,-4.001396551452745,13.929312068516598,8.149971104162923,-158,-399.79499999999825,0.002194824232718273,0.0025058190255081714,-0.01290327416973569,-1.079757586164332,-0.19863568264037257,0.012376587288091656,-5,-1016.3949999999986,-0.009991855089421908,-0.010832157483566807,-0.6450725630678011,-0.011540083013979796,-4.3465245434967805,-2.289564723956312
sig_oi_pressure_chg_signed,veto0.19,4395,32494.629999999976,0.44368600682593856,0.5344709897610922,1.5133934699087372,-13.555198127882573,2.236080648116945,10.266811870749738,587,3409.0799999999936,0.41396933560477,0.514480408858603,2.243934449823295,-4.001396551452745,13.241964908493145,7.791005747474481,-168,-148.45999999999185,0.0027480274264207183,0.002584073258791064,-0.005367305548333423,-0.6761344181890756,-0.12385062059663055,0.11821301584107502,-6,-1182.2549999999983,-0.010988505879209742,-0.011657871073943338,-0.7300813270362365,-0.011540083013979796,-5.033871703520234,-2.648530080644754
sig_oi_pressure_chg_signed,veto0.20,4387,32196.089999999975,0.4424435833143378,0.5338500113973103,1.5003866579011602,-13.81652872287162,2.181626786158625,10.169959717330487,586,3289.189999999994,0.4129692832764505,0.5136518771331058,2.1788938050919358,-4.001396551452745,12.747494938639003,7.539206652638899,-176,-446.9999999999927,0.001505603914819964,0.001963094895009121,-0.018374117555910452,-0.937465013178123,-0.17830448255495046,0.021360862421824223,-7,-1302.1449999999977,-0.011988558207529254,-0.012486402799440577,-0.7951219717675957,-0.011540083013979796,-5.528341673374376,-2.9003291754803353
sig_oi_pressure_chg_signed,veto0.21,4375,31843.69499999997,0.4418285714285714,0.5334857142857143,1.4918958123754227,-13.134621174931906,2.2796957588637183,10.082494618728818,586,3360.799999999994,0.4129692832764505,0.515358361774744,2.2173871219002796,-4.001396551452745,13.042600641863238,7.693686520733539,-188,-799.3949999999968,0.0008905920290535607,0.0015987977834132083,-0.026864963081647986,-0.25555746523840916,-0.08023550984985706,-0.06610423617984473,-7,-1230.534999999998,-0.011988558207529254,-0.010779918157802326,-0.7566286549592518,-0.011540083013979796,-5.23323597015014,-2.7458493073856953
sig_oi_pressure_chg_signed,veto0.22,4357,31577.534999999967,0.44112921735138855,0.5336240532476475,1.4731609386798965,-15.383825459833748,1.9365336546772767,10.0454527003572,585,3316.749999999994,0.41196581196581195,0.5145299145299145,2.204417940486578,-4.001396551452745,12.860985666325371,7.60235647264411,-206,-1065.5550000000003,0.00019123795187070414,0.0017371367453463682,-0.04559983677717416,-2.5047617501402506,-0.4233976140362987,-0.10314615455146203,-8,-1274.5849999999978,-0.012992029518167802,-0.011608365402631882,-0.7695978363729536,-0.011540083013979796,-5.414850945688007,-2.837179355475125
sig_oi_pressure_chg_signed,veto0.23,4344,31795.60499999997,0.44060773480662985,0.5333793738489871,1.4792526948432738,-15.20740892715568,1.9671726811951569,10.133468256697993,583,3461.9549999999945,0.41509433962264153,0.516295025728988,2.3224177835307325,-4.001396551452745,13.460673850125792,7.940631653117861,-219,-847.484999999997,-0.000330244592887996,0.0014924573466860158,-0.03950808061379685,-2.328345217462182,-0.3927585875184185,-0.015130598210669532,-10,-1129.3799999999974,-0.00986350186133822,-0.00984325420355836,-0.651597993328799,-0.011540083013979796,-4.815162761887587,-2.498904175001374
sig_oi_pressure_chg_signed,veto0.24,4329,32554.594999999965,0.44213444213444214,0.534996534996535,1.5145710884183992,-14.52258989282533,2.0894445218695044,10.404258157416983,582,3091.554999999995,0.41237113402061853,0.5137457044673539,2.045573729901733,-6.505039815586248,7.342562954106446,7.11198012039655,-234,-88.49500000000262,0.0011964627349242973,0.0031096184942338567,-0.004189687038671508,-1.6435261831318329,-0.27048674684407104,0.25565930250832025,-11,-1499.779999999997,-0.012586707463361213,-0.012392575465192457,-0.9284420469577985,-2.5151833471474827,-10.933273657906932,-3.327555707722685
sig_oi_pressure_chg_signed,veto0.25,4314,33809.04499999996,0.4434399629114511,0.5368567454798331,1.5664442995752532,-12.879063709693497,2.4100311548752265,10.849911954697486,582,3249.5649999999946,0.41408934707903783,0.5154639175257731,2.158284102534902,-5.510342361582838,9.138379683890797,7.485464162055951,-249,1165.9549999999945,0.002501983511933259,0.004969828977531954,0.04768352411818255,0.0,0.050099886161651064,0.7013130997888233,-11,-1341.7699999999973,-0.01086849440494192,-0.010674362406773219,-0.8157316743246295,-1.5204858931440723,-9.137456928122582,-2.9540716660632835
sig_oi_pressure_chg_signed,veto0.26,4303,32308.614999999972,0.44201719730420636,0.5349755984197072,1.5212176070978027,-13.605646920215293,2.22010374482396,10.414738398826657,581,3232.269999999995,0.41308089500860584,0.5146299483648882,2.216980613418247,-6.734771340210702,7.434731931896364,7.487847164307437,-260,-334.4749999999949,0.001079217904688512,0.0030886819174060776,0.002456831640732071,-0.7265832105217953,-0.1398275238896156,0.2661395439179941,-12,-1359.0649999999969,-0.011876946475373906,-0.011508331567658181,-0.7570351634412846,-2.744914871771936,-10.841104680117015,-2.9516886638117974
sig_oi_pressure_chg_signed,veto0.27,4292,32421.88999999997,0.4426840633737186,0.5349487418452936,1.5271076456393493,-13.168163085715406,2.2987010229816693,10.46861769186893,579,3250.4299999999957,0.41278065630397237,0.5146804835924007,2.3552835186700087,-6.120109280019752,8.230217130901286,7.589618028865678,-271,-221.1999999999971,0.0017460839742007295,0.0030618253429924858,0.008346870182278643,-0.28909937602190894,-0.06123024573190605,0.32001883696026745,-14,-1340.904999999996,-0.012177185180007377,-0.011457796340145654,-0.6187322581895227,-2.130252811580986,-10.045619481112093,-2.849917799253557
sig_oi_pressure_chg_signed,veto0.28,4276,33345.01499999997,0.44363891487371376,0.5364826941066417,1.5629035585110522,-13.004817592082896,2.367111339913008,10.801490303735365,579,3487.269999999996,0.41450777202072536,0.5164075993091537,2.5353823880313744,-6.0377106379860335,8.990333697327221,8.140128215183386,-287,701.9250000000029,0.00270093547419592,0.004595777604340601,0.04414278305398156,-0.12575388238939844,0.007180071199432536,0.6528914488267024,-14,-1104.064999999996,-0.010450069463254386,-0.009730680623392662,-0.43863338882815706,-2.047854169547268,-9.285502914686157,-2.2994076129358483
sig_oi_pressure_chg_signed,veto0.29,4262,33682.02999999997,0.44439230408259034,0.5375410605349601,1.5550578846029366,-13.30543084183245,2.327571412196901,10.945780995337232,579,3426.4899999999952,0.41450777202072536,0.5164075993091537,2.496158853729539,-6.069512309787441,8.77736699512981,8.014945056590134,-301,1038.9400000000023,0.003454324683072496,0.005654144032658959,0.036297109145865925,-0.42636713213895305,-0.0323598565166745,0.7971821404285695,-14,-1164.8449999999966,-0.010450069463254386,-0.009730680623392662,-0.4778569231299925,-2.079655841348675,-9.498469616883568,-2.4245907715291004
sig_oi_pressure_chg_signed,veto0.30,4249,33552.20999999997,0.44433984466933396,0.5377735937867734,1.5479604232458766,-13.930931676617103,2.2179441128136865,10.933520006681546,578,3295.479999999996,0.41522491349480967,0.5155709342560554,2.465534332962814,-6.355756454624327,8.041747544982988,7.72237071072486,-314,909.1200000000026,0.003401865269816118,0.00588667728447223,0.029199647788805905,-1.0518679669236057,-0.14198715589988886,0.7849211517728829,-15,-1295.854999999996,-0.009732927989170082,-0.01056734567649098,-0.5084814438967173,-2.3658999861855614,-10.234089067030391,-2.7171651173943747
sig_oi_pressure_chg_signed,veto0.35,4182,33093.60999999997,0.44308943089430897,0.5373027259684362,1.5354464385138418,-14.207970588265024,2.1568676297610176,10.95206299598679,571,2962.154999999996,0.415061295971979,0.5166374781085814,1.8421195564006503,-8.748113223885825,5.2184366212143045,7.005078771086845,-381,450.5200000000041,0.0021514514947911234,0.005415809466135069,0.016685663056771105,-1.3289068785715266,-0.20306363895255775,0.8034641410781269,-22,-1629.1799999999957,-0.009896545512000754,-0.009500801823964955,-1.1318962204588812,-4.75825675544706,-13.057399990799073,-3.4344570570323896
sig_oi_pressure_chg_signed,veto0.40,4099,31409.464999999975,0.4427909246157599,0.5354964625518419,1.5030116189911942,-18.21361836788635,1.6303805410200893,10.614897595078112,566,3076.309999999997,0.4204946996466431,0.5176678445229682,1.8867147002279663,-5.804284595168832,8.18607884131794,7.304293855656428,-464,-1233.6249999999927,0.0018529452162420745,0.0036095460495407794,-0.01574915646587649,-5.334554658192854,-0.7295507276934861,0.4662987401694494,-27,-1515.0249999999946,-0.004463141837336648,-0.008470435409578148,-1.0873010766315652,-1.8144281267300668,-10.089757770695439,-3.135241972462807
sig_oi_pressure_chg_signed,veto0.45,4005,31025.639999999974,0.4439450686641698,0.5340823970037453,1.5159384962653943,-15.07234626633441,1.9555223103107175,10.780083195161161,555,2198.744999999997,0.41621621621621624,0.5117117117117117,1.3358520711838422,-7.547780972199222,4.423097377202447,5.317519837810129,-558,-1617.4499999999935,0.00300708926465193,0.002195480501444136,-0.0028222791916763246,-2.193282556640913,-0.40440895840285784,0.6314843402524986,-38,-2392.5899999999947,-0.008741625267763509,-0.014426568220834657,-1.6381637056756893,-3.5579245037604563,-13.852739234810931,-5.122015990309106
sig_oi_pressure_chg_signed,veto0.50,3910,30584.924999999974,0.4442455242966752,0.5342710997442455,1.5179217331206378,-13.824516949549267,2.1135399437543088,10.949298448428506,545,2116.149999999995,0.41651376146788993,0.5064220183486239,1.2697321793992986,-7.461545487294479,4.299053276749121,5.2032632671964025,-653,-2058.1649999999936,0.003307544897157344,0.0023841832419443376,-0.0008390423364328381,-0.9454532398557696,-0.24639132495926663,0.8006995935198429,-48,-2475.1849999999968,-0.008444080016089817,-0.01971626158392248,-1.7042835974602328,-3.471689018855713,-13.976783335264258,-5.236272560922832
sig_oi_pressure_chg_signed,tilt0.01,4563,32804.04999999997,0.44093797939951784,0.5321060705676091,1.5228929692301048,-12.879063709693497,2.366913635793432,10.197087859882444,593,4591.334999999992,0.42495784148397975,0.5261382799325464,2.9740157768595314,-3.9898564684387656,18.27583661201338,10.439535828119235,0,160.95999999999913,0.0,0.00021915406530792492,0.004132193773034087,0.0,0.006982367079856555,0.04848900497378139,0,0.0,0.0,0.0,0.0,0.0,0.0,0.0
sig_oi_pressure_chg_signed,tilt0.02,4563,32658.229999999967,0.44071882533421,0.5318869165023011,1.5186303817215234,-12.879063709693497,2.360588951160864,10.155048570255838,593,4359.274999999992,0.42327150084317033,0.524451939291737,2.717651721664431,-4.069403056562777,16.94260087866476,9.915934827825264,0,15.139999999999418,-0.0002191540653078694,0.0,-0.00013039373554724065,0.0,0.0006576824472888099,0.0064497153471752,0,-232.0599999999995,-0.001686340640809414,-0.001686340640809414,-0.2563640551951005,-0.07954658812401139,-1.3332357333486193,-0.5236010002939704
sig_oi_pressure_chg_signed,tilt0.03,4563,32658.229999999967,0.44071882533421,0.5318869165023011,1.5186303817215234,-12.879063709693497,2.360588951160864,10.155048570255838,593,4359.274999999992,0.42327150084317033,0.524451939291737,2.717651721664431,-4.069403056562777,16.94260087866476,9.915934827825264,0,15.139999999999418,-0.0002191540653078694,0.0,-0.00013039373554724065,0.0,0.0006576824472888099,0.0064497153471752,0,-232.0599999999995,-0.001686340640809414,-0.001686340640809414,-0.2563640551951005,-0.07954658812401139,-1.3332357333486193,-0.5236010002939704
sig_oi_pressure_chg_signed,tilt0.05,4563,32748.40999999997,0.44071882533421,0.5321060705676091,1.5164909658957781,-12.879063709693497,2.3645024291970596,10.183533915675243,593,4495.184999999993,0.42495784148397975,0.5261382799325464,2.873640422327173,-4.0224348018823886,17.71784899712181,10.233444982187237,0,105.32000000000335,-0.0002191540653078694,0.00021915406530792492,-0.002269809561292524,0.0,0.00457116048348416,0.03493506076658015,0,-96.14999999999873,0.0,0.0,-0.10037535453235824,-0.03257833344362293,-0.5579876148915695,-0.2060908459319979
sig_oi_pressure_chg_signed,tilt0.07,4563,32641.054999999968,0.44071882533421,0.5318869165023011,1.5089763446149649,-12.879063709693497,2.3598428536557554,10.153411407971964,593,4495.184999999993,0.42495784148397975,0.5261382799325464,2.873640422327173,-4.0224348018823886,17.71784899712181,10.233444982187237,0,-2.0349999999998545,-0.0002191540653078694,0.0,-0.009784430842105785,0.0,-8.841505781997938e-05,0.004812553063301195,0,-96.14999999999873,0.0,0.0,-0.10037535453235824,-0.03257833344362293,-0.5579876148915695,-0.2060908459319979
sig_oi_pressure_chg_signed,tilt0.10,4563,32714.759999999966,0.44071882533421,0.5318869165023011,1.5113249185308404,-12.879063709693497,2.363042933366686,10.173931816399275,593,4021.734999999993,0.42158516020236086,0.5227655986509275,2.488818616151956,-6.154424468674051,10.272393914153625,9.161156778176498,0,71.66999999999825,-0.0002191540653078694,0.0,-0.007435856926230278,0.0,0.003111664653110413,0.02533296149061215,0,-569.599999999999,-0.0033726812816188834,-0.003372681281618828,-0.48519716070757557,-2.1645680002352856,-8.003442697859754,-1.2783790499427372
sig_oi_pressure_chg_signed,tilt0.15,4563,32861.71999999997,0.44049967126890205,0.5321060705676091,1.5135597364232478,-12.879063709693497,2.3694101130994407,10.22126416796483,593,3890.969999999993,0.42158516020236086,0.5227655986509275,2.4185892242960585,-6.249257807861295,9.764208190626457,8.847806995801847,0,218.63000000000466,-0.0004383081306157943,0.00021915406530792492,-0.005201039033822852,0.0,0.009478844385865326,0.07266531305616653,0,-700.3649999999989,-0.0033726812816188834,-0.003372681281618828,-0.555426552563473,-2.2594013394225296,-8.511628421386922,-1.5917288323173882
sig_oi_pressure_chg_signed,tilt0.20,4563,32207.159999999974,0.43984220907297833,0.5314486083716853,1.5010966429513732,-12.879063709693497,2.3409121130808153,10.019928380283362,593,4018.439999999993,0.42327150084317033,0.524451939291737,2.5187923043921563,-5.1832608284787565,12.186360032381474,9.143376703870976,0,-435.929999999993,-0.0010957703265395136,-0.00043830813061584983,-0.017664132505697427,0.0,-0.019019155632760132,-0.12867047462530046,0,-572.8949999999991,-0.001686340640809414,-0.001686340640809414,-0.45522347246737516,-1.1934043600399908,-6.089476579631905,-1.296159124248259
sig_oi_pressure_chg_signed,tilt0.30,4563,32543.844999999965,0.44049967126890205,0.5316677624369932,1.5081850253850693,-13.119015088739511,2.3125303008466047,10.129930423319733,593,4192.059999999993,0.42495784148397975,0.524451939291737,2.7020978421414275,-4.0224348018823886,16.433379905485022,9.493091564901954,0,-99.24500000000262,-0.0004383081306157943,-0.00021915406530792492,-0.0105757500720014,-0.2399513790460137,-0.04740096786697068,-0.018668431588929835,0,-399.2749999999987,0.0,-0.001686340640809414,-0.271917934718104,-0.03257833344362293,-1.8424567065283561,-0.9464442632172805
sig_oi_pressure_chg_signed,tilt0.50,4563,33823.189999999966,0.44049967126890205,0.5321060705676091,1.5309736924293609,-13.284507401650439,2.3370596374302512,10.514661222024133,593,3549.2049999999927,0.42158516020236086,0.5193929173693086,2.3213730266796504,-4.3436317919182645,12.733344357082425,8.020369069331606,0,1180.0999999999985,-0.0004383081306157943,0.00021915406530792492,0.012212916972290211,-0.4054436919569415,-0.022871631283324145,0.3660623671154699,0,-1042.1299999999992,-0.0033726812816188834,-0.006745362563237767,-0.652642750179881,-0.3537753234794989,-5.542492254930954,-2.419166758787629
sig_oi_pressure_chg_signed,tilt0.75,4563,33509.884999999966,0.4402805172035941,0.5321060705676091,1.530172275515717,-14.968547016234998,2.0626411106620597,10.39977867109489,593,4162.204999999993,0.4266441821247892,0.524451939291737,2.806192209770756,-4.277649644882193,15.334586520338794,9.390555443625471,0,866.7949999999983,-0.0006574621959237192,0.00021915406530792492,0.011411500058646329,-2.089483306541501,-0.2972901580515157,0.25117981618622665,0,-429.1299999999992,0.0016863406408094694,-0.001686340640809414,-0.16782356708877533,-0.2877931764434276,-2.9412500916745845,-1.0489803844937633
sig_oi_pressure_chg_signed,tilt1.00,4563,33156.29999999997,0.4396230550076704,0.5316677624369932,1.5160373959484987,-15.014934149605333,2.0432636651335128,10.28621643956802,593,4097.684999999992,0.42327150084317033,0.5193929173693086,2.9626410016214857,-4.313464389885109,14.954023695705287,9.192630703323942,0,513.2099999999991,-0.0013149243918474385,-0.00021915406530792492,-0.0027233795085719326,-2.1358704399118356,-0.31666760358006263,0.13761758465935792,0,-493.64999999999964,-0.001686340640809414,-0.006745362563237767,-0.011374775238045753,-0.3236079214463432,-3.321812916308092,-1.2469051247952923
sig_atm_term_signed,veto0.02,4563,32729.939999999966,0.44093797939951784,0.5321060705676091,1.5220882404080636,-12.879063709693497,2.3637014492273423,10.171911840907145,593,4269.594999999992,0.42327150084317033,0.5227655986509275,2.690019218307713,-4.064559616215503,16.58705892566175,9.732563893960137,0,86.84999999999854,0.0,0.00021915406530792492,0.0033274649509928977,0.0,0.0037701805137668742,0.02331298599848175,0,-321.7399999999998,-0.001686340640809414,-0.003372681281618828,-0.28399655855181827,-0.07470314777673703,-1.688777686351628,-0.7069719341590979
sig_atm_term_signed,veto0.03,4561,32791.45999999997,0.44113133084849815,0.5323393992545494,1.5244348602748679,-12.879063709693497,2.3663682617214987,10.196796246452456,593,3865.2749999999915,0.41989881956155145,0.5193929173693086,2.4736278472200537,-4.064559616215503,14.90629700134919,8.81868991197678,-2,148.37000000000262,0.00019335144898030565,0.0004524827522482955,0.005674084817797187,0.0,0.006436993007923331,0.04819739154379299,0,-726.0600000000004,-0.005059021922428297,-0.006745362563237767,-0.5003879296394778,-0.07470314777673703,-3.369539610664189,-1.6208459161424553
sig_atm_term_signed,veto0.04,4559,32893.66999999997,0.4413248519412152,0.5325729326606712,1.5272384078798749,-12.879063709693497,2.3707920158878046,10.23174860017362,593,3865.2749999999915,0.41989881956155145,0.5193929173693086,2.4736278472200537,-4.064559616215503,14.90629700134919,8.81868991197678,-4,250.58000000000175,0.0003868725416973362,0.0006860161583700508,0.008477632422804193,0.0,0.010860747174229246,0.08314974526495789,0,-726.0600000000004,-0.005059021922428297,-0.006745362563237767,-0.5003879296394778,-0.07470314777673703,-3.369539610664189,-1.6208459161424553
sig_atm_term_signed,veto0.05,4558,32922.73999999997,0.44142167617376044,0.5326897762176394,1.5282667313936689,-12.879063709693497,2.3720486223030264,10.241675652532837,593,3971.1449999999913,0.42158516020236086,0.521079258010118,2.475570331578632,-4.027965986027211,15.483700078398117,9.06144765202754,-5,279.65000000000146,0.0004836967742425924,0.0008028597153382222,0.009505955936598198,0.0,0.012117353589450985,0.09307679762417465,0,-620.1900000000005,-0.0033726812816188834,-0.005059021922428353,-0.4984454452808995,-0.038109517588445385,-2.7921365336152615,-1.378088176091694
sig_atm_term_signed,veto0.06,4558,32922.73999999997,0.44142167617376044,0.5326897762176394,1.5282667313936689,-12.879063709693497,2.3720486223030264,10.241675652532837,591,4043.9549999999913,0.42470389170896783,0.5228426395939086,2.468815984724291,-4.011978507802503,15.851455491944037,9.259202866263456,-5,279.65000000000146,0.0004836967742425924,0.0008028597153382222,0.009505955936598198,0.0,0.012117353589450985,0.09307679762417465,-2,-547.3800000000006,-0.00025394977501191907,-0.0032956403386377175,-0.5051997921352402,-0.022122039363737578,-2.4243811200693415,-1.180332961855779
sig_atm_term_signed,veto0.07,4558,33065.76999999997,0.44164107064501973,0.5329091706888986,1.5329250903723464,-12.879063709693497,2.37822126019178,10.284347099906526,589,3989.009999999991,0.4244482173174873,0.5212224108658744,2.4311375822187276,-4.011978507802503,15.62043022678924,9.155455526952618,-5,422.6800000000003,0.0007030912455018856,0.0010222541865975154,0.0141643149152757,0.0,0.018289991478204648,0.1357482449978633,-4,-602.3250000000007,-0.0005096241664924728,-0.004915869066671963,-0.5428781946408039,-0.022122039363737578,-2.655406385224138,-1.2840803011666164
sig_atm_term_signed,veto0.08,4557,33040.41999999997,0.4415185429010314,0.5328066710555189,1.532334773241609,-12.879063709693497,2.377128471794517,10.277208945848278,588,3891.669999999991,0.42346938775510207,0.5204081632653061,2.3879083132113985,-4.011978507802503,15.21214905987797,8.963181508300606,-6,397.33000000000175,0.0005805635015135313,0.0009197545532177998,0.013573997784538383,0.0,0.017197203080941748,0.12861009093961506,-5,-699.6650000000009,-0.0014884537288776811,-0.005730116667240215,-0.5861074636481329,-0.022122039363737578,-3.063687552135409,-1.476354319818629
sig_atm_term_signed,veto0.09,4556,32925.47999999997,0.4413959613696225,0.5327041264266901,1.5294585656360802,-12.879063709693497,2.372167028189037,10.245719739882928,588,3891.669999999991,0.42346938775510207,0.5204081632653061,2.3879083132113985,-4.011978507802503,15.21214905987797,8.963181508300606,-7,282.3899999999994,0.00045798197010465946,0.0008172099243889397,0.010697790179009514,0.0,0.012235759475461627,0.09712088497426485,-5,-699.6650000000009,-0.0014884537288776811,-0.005730116667240215,-0.5861074636481329,-0.022122039363737578,-3.063687552135409,-1.476354319818629
sig_atm_term_signed,veto0.10,4554,32935.22999999997,0.44158981115502854,0.5329380764163373,1.529948699667205,-12.879063709693497,2.372588312927828,10.25300191230302,587,3920.1899999999914,0.42248722316865417,0.5195911413969335,2.4469103090974094,-4.011978507802503,15.331640107211888,9.055401123277285,-9,292.1399999999994,0.0006518317555107012,0.0010511599140361483,0.011187924210134259,0.0,0.012657044214252622,0.10440305739435729,-6,-671.1450000000004,-0.002470618315325579,-0.00654713853561284,-0.5271054677621221,-0.022122039363737578,-2.944196504801491,-1.3841347048419497
sig_atm_term_signed,veto0.11,4553,33110.57999999997,0.44190643531737317,0.5330551284867121,1.534167269745627,-12.879063709693497,2.3801516458430187,10.311683630506106,587,3856.969999999994,0.42248722316865417,0.5178875638841567,2.410201981595157,-4.011978507802503,15.066914106024955,8.910222972151915,-10,467.49000000000524,0.0009684559178553265,0.0011682119844109717,0.015406494288556338,0.0,0.020220377129443357,0.1630847755974436,-6,-734.364999999998,-0.002470618315325579,-0.008250716048389672,-0.5638137952643745,-0.022122039363737578,-3.208922505988424,-1.5293128559673193
sig_atm_term_signed,veto0.12,4553,33110.57999999997,0.44190643531737317,0.5330551284867121,1.534167269745627,-12.879063709693497,2.3801516458430187,10.311683630506106,587,3695.599999999994,0.42078364565587734,0.5161839863713799,2.4081909736261164,-4.0675753717869005,14.196921682859365,8.554948459884718,-10,467.49000000000524,0.0009684559178553265,0.0011682119844109717,0.015406494288556338,0.0,0.020220377129443357,0.1630847755974436,-6,-895.7349999999979,-0.004174195828102412,-0.009954293561166505,-0.565824803233415,-0.07771890334813492,-4.078914929154013,-1.8845873682345164
sig_atm_term_signed,veto0.13,4553,33202.47999999997,0.44212607072260046,0.5332747638919394,1.5365210624514578,-12.879063709693497,2.38410551503524,10.340043364522106,587,3722.6799999999935,0.42078364565587734,0.5161839863713799,2.429805344949574,-4.0675753717869005,14.308114250433148,8.61984689484016,-10,559.3899999999994,0.0011880913230826184,0.0013878473896382637,0.017760286994387142,0.0,0.02417424632166476,0.19144450961344361,-6,-868.6549999999984,-0.004174195828102412,-0.009954293561166505,-0.5442104319099577,-0.07771890334813492,-3.967722361580231,-1.8196889332790747
sig_atm_term_signed,veto0.14,4552,33144.539999999964,0.44200351493848855,0.5331722319859402,1.5352398623608288,-12.879063709693497,2.381613528879244,10.323309871317342,587,3722.6799999999935,0.42078364565587734,0.5161839863713799,2.429805344949574,-4.0675753717869005,14.308114250433148,8.61984689484016,-11,501.4499999999971,0.0010655355389707077,0.0012853154836390823,0.0164790869037581,0.0,0.021682260165668765,0.17471101640867914,-6,-868.6549999999984,-0.004174195828102412,-0.009954293561166505,-0.5442104319099577,-0.07771890334813492,-3.967722361580231,-1.8196889332790747
sig_atm_term_signed,veto0.15,4550,33011.22999999997,0.44175824175824174,0.532967032967033,1.5311392077923334,-12.879063709693497,2.375869497024846,10.283841518729405,587,3771.1699999999937,0.42078364565587734,0.5161839863713799,2.4384134151019348,-4.0386952812681045,14.611204995288022,8.721722748215594,-13,368.1399999999994,0.0008202623587239,0.0010801164647318284,0.012378432335262701,0.0,0.015938228311270564,0.13524266382074224,-6,-820.1649999999981,-0.004174195828102412,-0.009954293561166505,-0.5356023617575967,-0.048838812829338885,-3.664631616725357,-1.7178130799036406
sig_atm_term_signed,veto0.16,4550,33011.22999999997,0.44175824175824174,0.532967032967033,1.5311392077923334,-12.879063709693497,2.375869497024846,10.283841518729405,587,3838.449999999993,0.42078364565587734,0.5178875638841567,2.487764455706986,-4.01565874615577,14.975729076959992,8.859049838660933,-13,368.1399999999994,0.0008202623587239,0.0010801164647318284,0.012378432335262701,0.0,0.015938228311270564,0.13524266382074224,-6,-752.8849999999989,-0.004174195828102412,-0.008250716048389672,-0.48625132115254566,-0.025802277717004607,-3.300107535053387,-1.5804859894583014
sig_atm_term_signed,veto0.17,4550,33000.899999999965,0.44175824175824174,0.532967032967033,1.5308913884844406,-12.879063709693497,2.375423793328969,10.28029263394442,587,3838.449999999993,0.42078364565587734,0.5178875638841567,2.487764455706986,-4.01565874615577,14.975729076959992,8.859049838660933,-13,357.8099999999977,0.0008202623587239,0.0010801164647318284,0.012130613027369952,0.0,0.01549252461539341,0.13169377903575707,-6,-752.8849999999989,-0.004174195828102412,-0.008250716048389672,-0.48625132115254566,-0.025802277717004607,-3.300107535053387,-1.5804859894583014
sig_atm_term_signed,veto0.18,4549,33056.119999999966,0.44163552429105296,0.5330841943284238,1.531623328281009,-12.879063709693497,2.3778053297312205,10.295395745434423,587,3770.8399999999915,0.42078364565587734,0.5161839863713799,2.4381621754462386,-4.038808923989029,14.60942644919599,8.7010355617713,-14,413.02999999999884,0.0006975448915351179,0.0011972778261226669,0.012862552823938334,0.0,0.017874061017645104,0.14679689052575995,-6,-820.4950000000003,-0.004174195828102412,-0.009954293561166505,-0.5358536014132929,-0.048952455550263174,-3.666410162817389,-1.738500266347934
sig_atm_term_signed,veto0.19,4549,33056.119999999966,0.44163552429105296,0.5330841943284238,1.531623328281009,-12.879063709693497,2.3778053297312205,10.295395745434423,587,3770.8399999999915,0.42078364565587734,0.5161839863713799,2.4381621754462386,-4.038808923989029,14.60942644919599,8.7010355617713,-14,413.02999999999884,0.0006975448915351179,0.0011972778261226669,0.012862552823938334,0.0,0.017874061017645104,0.14679689052575995,-6,-820.4950000000003,-0.004174195828102412,-0.009954293561166505,-0.5358536014132929,-0.048952455550263174,-3.666410162817389,-1.738500266347934
sig_atm_term_signed,veto0.20,4548,33063.04999999997,0.4415127528583993,0.5329815303430079,1.531223323896822,-12.879063709693497,2.378104031541173,10.29613127259466,587,3770.8399999999915,0.42078364565587734,0.5161839863713799,2.4381621754462386,-4.038808923989029,14.60942644919599,8.7010355617713,-15,419.9599999999991,0.0005747734588814613,0.0010946138407067485,0.012462548439751364,0.0,0.01817276282759739,0.14753241768599779,-6,-820.4950000000003,-0.004174195828102412,-0.009954293561166505,-0.5358536014132929,-0.048952455550263174,-3.666410162817389,-1.738500266347934
sig_atm_term_signed,veto0.21,4544,33101.789999999964,0.44190140845070425,0.5334507042253521,1.532336777521583,-12.879063709693497,2.3797731076486386,10.309304132817008,586,3787.919999999992,0.42150170648464164,0.5170648464163823,2.471741157431642,-4.038808923989029,14.68022016628649,8.753733645621114,-19,458.6999999999971,0.0009634290511864041,0.0015637877230509911,0.013576002064512371,0.0,0.019841838935063194,0.16070527790834532,-7,-803.415,-0.003456134999338112,-0.009073433516164076,-0.5022746194278893,-0.048952455550263174,-3.595616445726888,-1.6858021824981204
sig_atm_term_signed,veto0.22,4544,33113.009999999966,0.44190140845070425,0.5334507042253521,1.5325990307681363,-12.879063709693497,2.380256281794733,10.313158899092024,586,3846.759999999992,0.42150170648464164,0.5170648464163823,2.50998675621663,-4.038808923989029,14.924403699491569,8.871022232902018,-19,469.91999999999825,0.0009634290511864041,0.0015637877230509911,0.01383825531106564,0.0,0.02032501308115764,0.1645600441833608,-7,-744.5749999999998,-0.003456134999338112,-0.009073433516164076,-0.46402902064290164,-0.048952455550263174,-3.35143291252181,-1.5685135952172171
sig_atm_term_signed,veto0.23,4544,33265.12999999997,0.44212147887323944,0.5336707746478874,1.537214977206325,-12.879063709693497,2.3867970066283246,10.357379734213199,586,3846.759999999992,0.42150170648464164,0.5170648464163823,2.50998675621663,-4.038808923989029,14.924403699491569,8.871022232902018,-19,622.0400000000009,0.0011834994737215943,0.0017838581455862368,0.018454201749254384,0.0,0.02686573791474922,0.20878087930453582,-7,-744.5749999999998,-0.003456134999338112,-0.009073433516164076,-0.46402902064290164,-0.048952455550263174,-3.35143291252181,-1.5685135952172171
sig_atm_term_signed,veto0.24,4541,33334.60499999997,0.4424135652939881,0.5338031270645233,1.5395731609775654,-12.879063709693497,2.389777984521201,10.382997124465957,586,3846.759999999992,0.42150170648464164,0.5170648464163823,2.50998675621663,-4.038808923989029,14.924403699491569,8.871022232902018,-22,691.5149999999994,0.001475585894470277,0.0019162105622221315,0.02081238552049469,0.0,0.029846715807625657,0.23439826955729437,-7,-744.5749999999998,-0.003456134999338112,-0.009073433516164076,-0.46402902064290164,-0.048952455550263174,-3.35143291252181,-1.5685135952172171
sig_atm_term_signed,veto0.25,4541,33334.60499999997,0.4424135652939881,0.5338031270645233,1.5395731609775654,-12.879063709693497,2.389777984521201,10.382997124465957,585,3903.8299999999917,0.4222222222222222,0.517948717948718,2.5391458515968415,-4.038808923989029,15.161687727909767,9.014224807561915,-22,691.5149999999994,0.001475585894470277,0.0019162105622221315,0.02081238552049469,0.0,0.029846715807625657,0.23439826955729437,-8,-687.5050000000001,-0.002735619261757527,-0.008189561983828364,-0.43486992526268997,-0.048952455550263174,-3.114148884103612,-1.42531102055732
sig_atm_term_signed,veto0.26,4540,33435.26499999997,0.442511013215859,0.533920704845815,1.5423255767565447,-12.879063709693497,2.3940901041044587,10.412708080835849,585,3802.379999999992,0.4205128205128205,0.5162393162393163,2.4721084691056467,-4.038808923989029,14.740185242000825,8.779675489258652,-23,792.1750000000029,0.0015730338163411628,0.002033788343513865,0.023564801299474025,0.0,0.03415883539088327,0.2641092259271858,-8,-788.9549999999999,-0.00444502097115923,-0.009898963693230067,-0.5019073077538847,-0.048952455550263174,-3.5356513700125536,-1.6598603388605824
sig_atm_term_signed,veto0.27,4539,33379.65499999997,0.4423881912315488,0.5338180215906587,1.5406690327719705,-12.879063709693497,2.391708867815612,10.396784712818395,585,3802.379999999992,0.4205128205128205,0.5162393162393163,2.4721084691056467,-4.038808923989029,14.740185242000825,8.779675489258652,-24,736.5650000000023,0.0014502118320309787,0.0019311050883575875,0.02190825731489987,0.0,0.03177759910203681,0.24818585790973202,-8,-788.9549999999999,-0.00444502097115923,-0.009898963693230067,-0.5019073077538847,-0.048952455550263174,-3.5356513700125536,-1.6598603388605824
sig_atm_term_signed,veto0.28,4539,33219.87499999997,0.44216787838731,0.5335977087464199,1.5370758928526795,-12.879063709693497,2.3848531370602175,10.344254150001458,585,3644.539999999992,0.4188034188034188,0.5145299145299145,2.356402225834711,-4.038808923989029,14.087160460791685,8.404000024903864,-24,576.7850000000035,0.001229898987792133,0.0017107922441187418,0.01831511739560887,0.0,0.024921868346642118,0.195655295092795,-8,-946.7950000000001,-0.006154422680560934,-0.011608365402631882,-0.6176135510248204,-0.048952455550263174,-4.188676151221694,-2.035535803215371
sig_atm_term_signed,veto0.29,4536,33351.10499999997,0.44246031746031744,0.5339506172839507,1.540721394713382,-12.879063709693497,2.390485379529212,10.38923675843749,584,3598.0199999999923,0.4178082191780822,0.5136986301369864,2.3266568916454764,-4.038808923989029,13.895340321053334,8.306723722167245,-27,708.0149999999994,0.0015223380607995995,0.0020637007816495245,0.02196061925631132,0.0,0.030554110815636637,0.2406379035288264,-9,-993.3149999999996,-0.007149622305897552,-0.012439649795560004,-0.647358885214055,-0.048952455550263174,-4.3804962909600444,-2.13281210595199
sig_atm_term_signed,veto0.30,4535,33293.83499999997,0.44233737596471884,0.5338478500551268,1.539451625716837,-12.879063709693497,2.388029131654361,10.372735217283607,584,3786.8299999999927,0.4195205479452055,0.5154109589041096,2.434185440233748,-4.038808923989029,14.67570112234351,8.730294860675558,-28,650.7450000000026,0.0013993965652009943,0.001960933552825672,0.020690850259766247,0.0,0.028097862940785756,0.22413636237494394,-9,-804.5049999999992,-0.005437293538774257,-0.010727321028436765,-0.5398303366257835,-0.048952455550263174,-3.600135489669869,-1.7092409674436766
sig_atm_term_signed,veto0.35,4528,33300.95499999997,0.44213780918727913,0.5337897526501767,1.5397736895924514,-12.879063709693497,2.3883346451410374,10.378122759262371,584,3397.2699999999927,0.4160958904109589,0.511986301369863,2.157083428742394,-4.038808923989029,13.07095641196847,7.85218177153514,-35,657.8650000000052,0.0011998297877612862,0.001902836147875564,0.021012914135380756,0.0,0.028403376427462046,0.22952390435370873,-9,-1194.0649999999991,-0.008861951073020846,-0.014151978562683354,-0.8169323481171373,-0.048952455550263174,-5.204880200044908,-2.587354056584095
sig_atm_term_signed,veto0.40,4523,33301.21499999997,0.44218439089100153,0.5339376520008844,1.5389395506500487,-12.879063709693497,2.3883458007556357,10.38049290392951,584,3200.409999999992,0.4126712328767123,0.5085616438356164,2.0842128579264263,-4.008644236843964,12.360234747804691,7.376398916177025,-40,658.125,0.00124641149148369,0.002050735498583256,0.02017877519297806,0.0,0.028414532042060348,0.23189404902084654,-9,-1390.9249999999997,-0.012286608607267435,-0.017576636096929943,-0.8898029189331051,-0.01878776840519869,-5.915601864208687,-3.06313691194221
sig_atm_term_signed,veto0.45,4519,33243.54499999997,0.4421332153131224,0.5337464040716973,1.5365019711620604,-12.879063709693497,2.3858700583885626,10.358296846353348,582,3162.504999999993,0.4106529209621993,0.5085910652920962,2.019293235700495,-4.09071841018638,11.96019074531532,7.334557574388514,-44,600.4550000000017,0.001195235913604542,0.0018594875693961344,0.017741195704989776,0.0,0.025938789674987195,0.20969799144468482,-11,-1428.829999999999,-0.014304920521780451,-0.01754721464045017,-0.9547225411590365,-0.1008619417476142,-6.315645866698059,-3.104978253730721
sig_atm_term_signed,veto0.50,4516,33244.60999999997,0.44176262178919395,0.5338795394154119,1.5370320161513866,-12.879063709693497,2.3859158027117817,10.356385327722295,581,3240.1649999999927,0.4113597246127367,0.5094664371772806,2.1090399025986937,-4.17093341854256,12.035918829703629,7.536755512890783,-47,601.5200000000041,0.0008246423896761113,0.001992622913110753,0.01827124069431596,0.0,0.025984533998206327,0.20778647281363227,-12,-1351.1699999999992,-0.013598116871243071,-0.016671842755265787,-0.8649758742608378,-0.18107695010379476,-6.23991778230975,-2.902780315228452
sig_atm_term_signed,tilt0.01,4563,32640.859999999964,0.44093797939951784,0.5318869165023011,1.518696199754206,-12.879063709693497,2.359834381270203,10.14783520262786,593,4591.334999999992,0.42495784148397975,0.5261382799325464,2.9740157768595314,-3.9898564684387656,18.27583661201338,10.439535828119235,0,-2.2300000000032014,0.0,0.0,-6.45757028645555e-05,0.0,-9.688744337221777e-05,-0.0007636522808027735,0,0.0,0.0,0.0,0.0,0.0,0.0,0.0
sig_atm_term_signed,tilt0.02,4563,32656.909999999967,0.44093797939951784,0.5318869165023011,1.519201581892954,-12.879063709693497,2.360531617876348,10.153331680540354,593,4591.334999999992,0.42495784148397975,0.5261382799325464,2.9740157768595314,-3.9898564684387656,18.27583661201338,10.439535828119235,0,13.819999999999709,0.0,0.0,0.00044080643588340074,0.0,0.0006003491627724067,0.0047328256316916395,0,0.0,0.0,0.0,0.0,0.0,0.0,0.0
sig_atm_term_signed,tilt0.03,4563,32589.409999999967,0.44093797939951784,0.5318869165023011,1.5178346213769076,-12.879063709693497,2.3575978681188468,10.134944927596797,593,4591.334999999992,0.42495784148397975,0.5261382799325464,2.9740157768595314,-3.9898564684387656,18.27583661201338,10.439535828119235,0,-53.68000000000029,0.0,0.0,-0.0009261540801630552,0.0,-0.0023334005947286407,-0.013653927311866099,0,0.0,0.0,0.0,0.0,0.0,0.0,0.0
sig_atm_term_signed,tilt0.05,4563,32589.409999999967,0.44093797939951784,0.5318869165023011,1.5178346213769076,-12.879063709693497,2.3575978681188468,10.134944927596797,593,4591.334999999992,0.42495784148397975,0.5261382799325464,2.9740157768595314,-3.9898564684387656,18.27583661201338,10.439535828119235,0,-53.68000000000029,0.0,0.0,-0.0009261540801630552,0.0,-0.0023334005947286407,-0.013653927311866099,0,0.0,0.0,0.0,0.0,0.0,0.0,0.0
sig_atm_term_signed,tilt0.07,4563,32531.229999999967,0.44093797939951784,0.5316677624369932,1.5164506904408384,-12.879063709693497,2.3550661432942355,10.120122210865375,593,4591.334999999992,0.42495784148397975,0.5261382799325464,2.9740157768595314,-3.9898564684387656,18.27583661201338,10.439535828119235,0,-111.86000000000058,0.0,-0.00021915406530792492,-0.0023100850162323106,0.0,-0.004865125419339922,-0.028476644043287536,0,0.0,0.0,0.0,0.0,0.0,0.0,0.0
sig_atm_term_signed,tilt0.10,4563,32531.229999999967,0.44093797939951784,0.5316677624369932,1.5164506904408384,-12.879063709693497,2.3550661432942355,10.120122210865375,593,4627.8649999999925,0.42495784148397975,0.5261382799325464,2.9660046789867174,-3.9898564684387656,18.433188262580067,10.54333956125395,0,-111.86000000000058,0.0,-0.00021915406530792492,-0.0023100850162323106,0.0,-0.004865125419339922,-0.028476644043287536,0,36.530000000000655,0.0,0.0,-0.008011097872814066,0.0,0.15735165056668876,0.1038037331347148
sig_atm_term_signed,tilt0.15,4563,32595.899999999965,0.44093797939951784,0.5316677624369932,1.5180654992306688,-12.879063709693497,2.357880107725391,10.136981845274077,593,4343.039999999991,0.42327150084317033,0.5227655986509275,2.774234606102303,-4.012709256484774,17.112997510536907,9.877998853680483,0,-47.19000000000233,0.0,-0.00021915406530792492,-0.0006952762264018642,0.0,-0.002051160988184364,-0.011617009634585784,0,-248.29500000000098,-0.001686340640809414,-0.003372681281618828,-0.19978117075722857,-0.02285278804600832,-1.1628391014764716,-0.5615369744387522
sig_atm_term_signed,tilt0.20,4563,32783.37999999997,0.44115713346482577,0.5318869165023011,1.5226895603254025,-12.879063709693497,2.3660181829221933,10.202821321424164,593,4235.939999999991,0.42158516020236086,0.521079258010118,2.7740977973518173,-4.049450730300648,16.50769105984969,9.63285039534813,0,140.29000000000087,0.00021915406530792492,0.0,0.003928784868331814,0.0,0.006086914208617955,0.05422246651550111,0,-355.39500000000044,-0.0033726812816188834,-0.005059021922428353,-0.19991797950771417,-0.0595942618618821,-1.7681455521636877,-0.8066854327711042
sig_atm_term_signed,tilt0.30,4563,32752.769999999968,0.44115713346482577,0.5318869165023011,1.5222662857093994,-12.879063709693497,2.364691466054797,10.192323934015082,593,4060.4799999999914,0.41989881956155145,0.5193929173693086,2.6883160503797043,-4.107633063818497,15.550263996519803,9.218022690908542,0,109.68000000000029,0.00021915406530792492,0.0,0.003505510252328703,0.0,0.004760197341221684,0.04372507910641943,0,-530.8550000000005,-0.005059021922428297,-0.006745362563237767,-0.2856997264798271,-0.1177765953797314,-2.7255726154935758,-1.2215131372106924
sig_atm_term_signed,tilt0.50,4563,32953.74999999996,0.4415954415954416,0.5321060705676091,1.529035506266465,-12.879063709693497,2.3733883226956616,10.25980792960834,593,3918.789999999991,0.41989881956155145,0.5177065767284992,2.6764480125205177,-3.27175366529107,18.793183668377164,8.874429268208706,0,310.6599999999962,0.0006574621959237748,0.00021915406530792492,0.010274730809394228,0.0,0.013457053982086187,0.11120907469967811,0,-672.545000000001,-0.005059021922428297,-0.00843170320404718,-0.2975677643390138,0.7181028031476955,0.5173470563637856,-1.5651065599105287
sig_atm_term_signed,tilt0.75,4563,32949.81999999997,0.4413762875301337,0.5318869165023011,1.5290126816515242,-12.879063709693497,2.3732185817630023,10.254691515875447,593,3884.179999999991,0.42158516020236086,0.5193929173693086,2.4234987446193075,-4.355316051651818,13.984057066946109,8.789163309975828,0,306.7300000000032,0.00043830813061584983,0.0,0.010251906194453486,0.0,0.013287313049426874,0.10609266096678382,0,-707.1550000000007,-0.0033726812816188834,-0.006745362563237767,-0.550517032240224,-0.3654595832130525,-4.2917795450672696,-1.6503725181434064
sig_atm_term_signed,tilt1.00,4563,33637.369999999966,0.4420337497260574,0.5327635327635327,1.547157436664611,-12.879063709693497,2.4027233764155196,10.485108532319451,593,3353.75999999999,0.418212478920742,0.5160202360876898,2.0915324609302357,-4.870015097864841,10.692451994973986,7.57394097820132,0,994.2799999999988,0.001095770326539569,0.0008766162612315886,0.028396661207540363,0.0,0.04279210770194419,0.3365096774107883,0,-1237.5750000000016,-0.006745362563237767,-0.010118043844856595,-0.8824833159292957,-0.8801586294260755,-7.583384617039393,-2.8655948499179145
sig_skew_term_signed,veto0.02,4558,32511.069999999963,0.44076349275998244,0.5315928038613427,1.5157562227681918,-12.879063709693497,2.3541882131222294,10.118889773653072,592,5002.619999999993,0.42905405405405406,0.5304054054054054,3.1796230711935785,-3.9086679163027154,20.47421778373955,11.32935624529793,-5,-132.02000000000407,-0.00017448663953539834,-0.000294112640958466,-0.003004552688878892,0.0,-0.005743055591346025,-0.02970908125559113,-1,411.28500000000076,0.004096212570074309,0.0042671254728590124,0.205607294334047,0.08118855213605025,2.1983811717261723,0.8898204171786954
sig_skew_term_signed,veto0.03,4558,32511.069999999963,0.44076349275998244,0.5315928038613427,1.5157562227681918,-12.879063709693497,2.3541882131222294,10.118889773653072,592,5019.359999999992,0.42905405405405406,0.5304054054054054,3.1880549948084607,-3.9086679163027154,20.548724522351897,11.371578123187547,-5,-132.02000000000407,-0.00017448663953539834,-0.000294112640958466,-0.003004552688878892,0.0,-0.005743055591346025,-0.02970908125559113,-1,428.02500000000055,0.004096212570074309,0.0042671254728590124,0.21403921794892922,0.08118855213605025,2.2728879103385182,0.932042295068312
sig_skew_term_signed,veto0.04,4557,32450.509999999966,0.4406407724380075,0.5314900153609831,1.5142704085729282,-12.879063709693497,2.35154889153121,10.10123991471636,588,5269.189999999991,0.43197278911564624,0.532312925170068,3.2802954749970925,-3.9039290260658923,21.69139495970375,12.070387360934387,-6,-192.58000000000175,-0.00029720696151036563,-0.0003969011413180734,-0.004490366884142505,0.0,-0.008382377182365452,-0.04735894019230358,-5,677.8549999999996,0.0070149476316664905,0.006174645237521648,0.30627969813756106,0.08592744237287331,3.4155583476903715,1.6308515328151518
sig_skew_term_signed,veto0.05,4557,32450.509999999966,0.4406407724380075,0.5314900153609831,1.5142704085729282,-12.879063709693497,2.35154889153121,10.10123991471636,587,5225.969999999991,0.43270868824531517,0.5315161839863713,3.2382566839552505,-3.9039290260658923,21.497438672087664,12.006851250663395,-6,-192.58000000000175,-0.00029720696151036563,-0.0003969011413180734,-0.004490366884142505,0.0,-0.008382377182365452,-0.04735894019230358,-6,634.6349999999993,0.007750846761335417,0.005377904053824989,0.264240907095719,0.08592744237287331,3.221602060074286,1.5673154225441603
sig_skew_term_signed,veto0.06,4555,32374.399999999965,0.4406147091108672,0.5315038419319429,1.5125507227223924,-12.879063709693497,2.348227504938035,10.082924441757681,586,5095.3999999999905,0.431740614334471,0.5307167235494881,3.101305286795117,-3.933815498969986,20.754106739348963,11.738721862972044,-8,-268.6900000000023,-0.00032327028865064555,-0.0003830745703582439,-0.006210052734678229,0.0,-0.011703763775540388,-0.06567441315098144,-7,504.0649999999987,0.0067827728504912255,0.0045784436169417075,0.12728950993558552,0.05604096946877979,2.478270127335584,1.2991860348528093
sig_skew_term_signed,veto0.07,4552,32240.709999999963,0.4404657293497364,0.531414762741652,1.5088246170417177,-12.879063709693497,2.342381549619874,10.043239179831815,586,5095.3999999999905,0.431740614334471,0.5307167235494881,3.101305286795117,-3.933815498969986,20.754106739348963,11.738721862972044,-11,-402.38000000000466,-0.0004722500497814641,-0.00047215376064912995,-0.009936158415353002,0.0,-0.017549719093701288,-0.10535967507684774,-7,504.0649999999987,0.0067827728504912255,0.0045784436169417075,0.12728950993558552,0.05604096946877979,2.478270127335584,1.2991860348528093
sig_skew_term_signed,veto0.08,4552,32270.019999999964,0.4406854130052724,0.531634446397188,1.5093884519835798,-12.879063709693497,2.3436645007264643,10.047027344242908,585,5101.819999999992,0.4324786324786325,0.5316239316239316,3.1073356144748328,-3.933815498969986,20.78257270029606,11.754898719288304,-11,-373.07000000000335,-0.0002525663942454237,-0.00025247010511308954,-0.009372323473490818,0.0,-0.01626676798711113,-0.10157151066575487,-8,510.4850000000006,0.0075207909946527485,0.005485651691385263,0.1333198376153013,0.05604096946877979,2.5067360882826826,1.3153628911690696
sig_skew_term_signed,veto0.09,4550,32372.339999999967,0.4408791208791209,0.5320879120879121,1.5132658544908497,-12.879063709693497,2.3481375402711815,10.081318313161399,584,5150.289999999992,0.4332191780821918,0.5325342465753424,3.145077091288214,-3.933815498969986,20.99766172224814,11.879487425520944,-13,-270.75,-5.8858520396942726e-05,0.00020099558561093023,-0.005494920966220951,0.0,-0.011793728442393903,-0.06728054174726417,-9,558.9549999999999,0.008261336598212043,0.006395966642796069,0.17106131442868255,0.05604096946877979,2.721825110234761,1.4399515974017092
sig_skew_term_signed,veto0.10,4550,32689.759999999966,0.4413186813186813,0.5325274725274726,1.5232961691927267,-12.879063709693497,2.3619580042229424,10.175523623870157,583,4980.599999999991,0.4322469982847341,0.5317324185248714,2.946657317506492,-5.456318993678748,14.596665536517156,11.509060444635242,-13,46.669999999998254,0.00038070191916345086,0.0006405560251714348,0.004535393735656035,0.0,0.0020267355093670503,0.02692476896149465,-10,389.2649999999994,0.0072891568007543706,0.005594138592325049,-0.0273584593530396,-1.466462525239982,-3.679171075496223,1.0695246165160075
sig_skew_term_signed,veto0.11,4550,32630.859999999964,0.4410989010989011,0.5325274725274726,1.5219626312148966,-12.879063709693497,2.3593998575183135,10.156838874137692,583,4980.599999999991,0.4322469982847341,0.5317324185248714,2.946657317506492,-5.456318993678748,14.596665536517156,11.509060444635242,-13,-12.230000000003201,0.00016092169938325407,0.0006405560251714348,0.0032018557578259443,0.0,-0.0005314111952618994,0.008240019229029727,-10,389.2649999999994,0.0072891568007543706,0.005594138592325049,-0.0273584593530396,-1.466462525239982,-3.679171075496223,1.0695246165160075
sig_skew_term_signed,veto0.12,4549,32660.059999999965,0.44119586722356563,0.5326445372609365,1.523215906599454,-12.879063709693497,2.360668433544053,10.166810722161609,583,4980.599999999991,0.4322469982847341,0.5317324185248714,2.946657317506492,-5.456318993678748,14.596665536517156,11.509060444635242,-14,16.969999999997526,0.00025788782404778665,0.0007576207586353911,0.004455131142383273,0.0,0.000737164830477699,0.01821186725294588,-10,389.2649999999994,0.0072891568007543706,0.005594138592325049,-0.0273584593530396,-1.466462525239982,-3.679171075496223,1.0695246165160075
sig_skew_term_signed,veto0.13,4548,32705.279999999962,0.4412928759894459,0.5327616534740546,1.524302856536778,-12.879063709693497,2.362631589313943,10.182279454898246,582,4833.199999999992,0.43127147766323026,0.5309278350515464,2.8937180253468817,-5.515653763814429,13.976183101321379,11.194656434622813,-15,62.18999999999505,0.0003548965899280443,0.0008747369717534426,0.005542081079707328,0.0,0.0027003206003675118,0.033680599989583726,-11,241.86499999999978,0.006313636179250515,0.004789555119000033,-0.08029775151264973,-1.5257972953756633,-4.299653510692,0.7551206065035778
sig_skew_term_signed,veto0.14,4547,32665.919999999962,0.4413899274246756,0.5326588959753684,1.5232711630735414,-12.879063709693497,2.3609229321615057,10.171964731040761,581,4696.829999999992,0.43029259896729777,0.5301204819277109,2.831532491966983,-5.515653763814429,13.54924426374145,10.907174426359841,-16,22.82999999999447,0.00045194802515774457,0.0007719794730672858,0.004510387616470712,0.0,0.0009916634479303355,0.023365876132098506,-12,105.49499999999989,0.00533475748331802,0.003982201995164525,-0.14248328489254858,-1.5257972953756633,-4.726592348271929,0.4676385982406064
sig_skew_term_signed,veto0.15,4545,32736.289999999964,0.4415841584158416,0.5328932893289329,1.525160152390091,-12.879063709693497,2.3639768586501857,10.196029196340053,581,4696.829999999992,0.43029259896729777,0.5301204819277109,2.831532491966983,-5.515653763814429,13.54924426374145,10.907174426359841,-18,93.19999999999709,0.0006461790163237446,0.0010063728266317407,0.006399376933020395,0.0,0.004045589936610305,0.04743034143139013,-12,105.49499999999989,0.00533475748331802,0.003982201995164525,-0.14248328489254858,-1.5257972953756633,-4.726592348271929,0.4676385982406064
sig_skew_term_signed,veto0.16,4545,32944.90999999996,0.4418041804180418,0.5331133113311332,1.531667708302828,-12.879063709693497,2.373006495743468,10.254893234737079,581,4947.459999999992,0.43201376936316693,0.53184165232358,2.946168086473816,-5.515653763814429,14.335262649169843,11.489365951398003,-18,301.81999999999243,0.000866201018523971,0.0012263948288320226,0.01290693284575739,0.0,0.013075227029892389,0.10629437982841594,-12,356.125,0.007055927879187185,0.00570337239103369,-0.027847690385715662,-1.5257972953756633,-3.9405739628435352,1.0498301232787686
sig_skew_term_signed,veto0.17,4544,32814.38999999996,0.441681338028169,0.5330105633802817,1.5278733087970702,-12.879063709693497,2.3673614462753654,10.216115885379484,581,4947.459999999992,0.43201376936316693,0.53184165232358,2.946168086473816,-5.515653763814429,14.335262649169843,11.489365951398003,-19,171.29999999999563,0.0007433586286511584,0.0011236468779806108,0.009112533339999507,0.0,0.007430177561789986,0.06751703047082103,-12,356.125,0.007055927879187185,0.00570337239103369,-0.027847690385715662,-1.5257972953756633,-3.9405739628435352,1.0498301232787686
sig_skew_term_signed,veto0.18,4544,32814.38999999996,0.441681338028169,0.5330105633802817,1.5278733087970702,-12.879063709693497,2.3673614462753654,10.216115885379484,581,4947.459999999992,0.43201376936316693,0.53184165232358,2.946168086473816,-5.515653763814429,14.335262649169843,11.489365951398003,-19,171.29999999999563,0.0007433586286511584,0.0011236468779806108,0.009112533339999507,0.0,0.007430177561789986,0.06751703047082103,-12,356.125,0.007055927879187185,0.00570337239103369,-0.027847690385715662,-1.5257972953756633,-3.9405739628435352,1.0498301232787686
sig_skew_term_signed,veto0.19,4542,32850.649999999965,0.4418758256274769,0.5332452664024658,1.5297160814644182,-12.879063709693497,2.3689311166622455,10.229527686984504,581,4947.459999999992,0.43201376936316693,0.53184165232358,2.946168086473816,-5.515653763814429,14.335262649169843,11.489365951398003,-21,207.55999999999767,0.0009378462279590605,0.0013583499001647015,0.01095530600734751,0.0,0.008999847948670148,0.08092883207584123,-12,356.125,0.007055927879187185,0.00570337239103369,-0.027847690385715662,-1.5257972953756633,-3.9405739628435352,1.0498301232787686
sig_skew_term_signed,veto0.20,4541,32667.309999999965,0.44153270204800704,0.5329222638185421,1.523520158915583,-12.879063709693497,2.360983295390564,10.172923103963026,580,4864.639999999992,0.43275862068965515,0.5310344827586206,2.8910930351219415,-5.515653763814429,14.074864590776084,11.255420470231414,-22,24.219999999997526,0.0005947226484891988,0.0010353473162409976,0.004759383458512234,0.0,0.001052026676988671,0.024324249054362923,-13,273.3050000000003,0.007800779205675401,0.004896202826074281,-0.08292274173758996,-1.5257972953756633,-4.200972021237295,0.815884642112179
sig_skew_term_signed,veto0.21,4540,32544.589999999964,0.44140969162995597,0.5328193832599118,1.5203951088857743,-12.879063709693497,2.3556477589304174,10.133948857430736,580,4864.639999999992,0.43275862068965515,0.5310344827586206,2.8910930351219415,-5.515653763814429,14.074864590776084,11.255420470231414,-23,-98.50000000000364,0.00047171223043812605,0.0009324667576107171,0.0016343334287036715,0.0,-0.004283509783157946,-0.01464999747792639,-13,273.3050000000003,0.007800779205675401,0.004896202826074281,-0.08292274173758996,-1.5257972953756633,-4.200972021237295,0.815884642112179
sig_skew_term_signed,veto0.22,4540,32591.324999999964,0.44140969162995597,0.5330396475770925,1.521809174362948,-12.879063709693497,2.3576811520268435,10.148595365702631,580,4864.639999999992,0.43275862068965515,0.5310344827586206,2.8910930351219415,-5.515653763814429,14.074864590776084,11.255420470231414,-23,-51.765000000003056,0.00047171223043812605,0.0011527310747914132,0.003048398905877381,0.0,-0.0022501166867319178,-3.4892060316593643e-06,-13,273.3050000000003,0.007800779205675401,0.004896202826074281,-0.08292274173758996,-1.5257972953756633,-4.200972021237295,0.815884642112179
sig_skew_term_signed,veto0.23,4538,32479.654999999966,0.4411635081533715,0.5328338475099162,1.5191338008794466,-12.879063709693497,2.3528194705617995,10.116523152024385,580,4686.419999999992,0.43103448275862066,0.5293103448275862,2.8153359714008133,-5.515653763814429,13.516726146384796,10.861107093989503,-25,-163.4350000000013,0.00022552875385367654,0.000946931007615115,0.00037302542237593883,0.0,-0.007111798151775872,-0.032075702884277746,-13,95.08500000000004,0.006076641274640915,0.00317206489503985,-0.15867980545871818,-1.5257972953756633,-4.7591104656285825,0.42157126587026816
sig_skew_term_signed,veto0.24,4537,32495.004999999965,0.44126074498567336,0.5329512893982808,1.5196324671920634,-12.879063709693497,2.3534883689529122,10.1225985271816,580,4686.419999999992,0.43103448275862066,0.5293103448275862,2.8153359714008133,-5.515653763814429,13.516726146384796,10.861107093989503,-26,-148.08500000000276,0.00032276558615551565,0.001064372895979715,0.0008716917349926856,0.0,-0.0064428997606631455,-0.026000327727063066,-13,95.08500000000004,0.006076641274640915,0.00317206489503985,-0.15867980545871818,-1.5257972953756633,-4.7591104656285825,0.42157126587026816
sig_skew_term_signed,veto0.25,4536,32790.58499999997,0.4417989417989418,0.5335097001763669,1.5273604503962943,-12.879063709693497,2.3663303535681357,10.211185280410827,580,4686.419999999992,0.43103448275862066,0.5293103448275862,2.8153359714008133,-5.515653763814429,13.516726146384796,10.861107093989503,-27,147.49500000000262,0.000860962399423959,0.0016227836740657642,0.008599674939223645,0.0,0.006399084854560311,0.06258642550216464,-13,95.08500000000004,0.006076641274640915,0.00317206489503985,-0.15867980545871818,-1.5257972953756633,-4.7591104656285825,0.42157126587026816
sig_skew_term_signed,veto0.26,4536,32863.344999999965,0.4417989417989418,0.5335097001763669,1.5287668121704783,-12.879063709693497,2.3694804179802595,10.231382227388647,580,4686.419999999992,0.43103448275862066,0.5293103448275862,2.8153359714008133,-5.515653763814429,13.516726146384796,10.861107093989503,-27,220.25499999999738,0.000860962399423959,0.0016227836740657642,0.010006036713407607,0.0,0.009549149266684154,0.0827833724799838,-13,95.08500000000004,0.006076641274640915,0.00317206489503985,-0.15867980545871818,-1.5257972953756633,-4.7591104656285825,0.42157126587026816
sig_skew_term_signed,veto0.27,4534,32686.15499999997,0.44133215703573003,0.5330833700926334,1.5241681618948002,-12.879063709693497,2.361801514619709,10.17844232580196,580,4614.419999999995,0.43103448275862066,0.5275862068965518,2.778931659033906,-5.515653763814429,13.292100732944034,10.693097114795025,-29,43.06500000000233,0.0003941776362121896,0.0011964535903322693,0.005407386437729533,0.0,0.0018702459061334942,0.029843470893297308,-13,23.085000000002765,0.006076641274640915,0.0014479269640054193,-0.1950841178256253,-1.5257972953756633,-4.983735879069345,0.25356128667579014
sig_skew_term_signed,veto0.28,4534,32822.204999999965,0.4415527128363476,0.5330833700926334,1.5278280878317343,-12.879063709693497,2.3676998440258075,10.219942869313076,580,4614.419999999995,0.43103448275862066,0.5275862068965518,2.778931659033906,-5.515653763814429,13.292100732944034,10.693097114795025,-29,179.11499999999796,0.000614733436829773,0.0011964535903322693,0.009067312374663627,0.0,0.007768575312232073,0.07134401440441351,-13,23.085000000002765,0.006076641274640915,0.0014479269640054193,-0.1950841178256253,-1.5257972953756633,-4.983735879069345,0.25356128667579014
sig_skew_term_signed,veto0.29,4534,32707.094999999965,0.4415527128363476,0.5330833700926334,1.5247738231329977,-12.879063709693497,2.3627103492498587,10.179532989020212,580,4614.419999999995,0.43103448275862066,0.5275862068965518,2.778931659033906,-5.515653763814429,13.292100732944034,10.693097114795025,-29,64.00499999999738,0.000614733436829773,0.0011964535903322693,0.00601304767592703,0.0,0.002779080536283285,0.030934134111548772,-13,23.085000000002765,0.006076641274640915,0.0014479269640054193,-0.1950841178256253,-1.5257972953756633,-4.983735879069345,0.25356128667579014
sig_skew_term_signed,veto0.30,4532,32593.154999999962,0.44130626654898497,0.5328773168578994,1.5214582097832192,-12.879063709693497,2.3577607364014064,10.14670674108524,580,4776.179999999995,0.43275862068965515,0.5293103448275862,2.8866162582873,-5.515653763814429,13.797452836406245,11.045361516136108,-31,-49.93500000000495,0.00036828714946712804,0.0009904003555982754,0.002697434326148551,0.0,-0.0021705323121690157,-0.001892113823423358,-13,184.84500000000298,0.007800779205675401,0.00317206489503985,-0.08739951857223138,-1.5257972953756633,-4.478383775607133,0.6058256880168731
sig_skew_term_signed,veto0.35,4530,32508.59999999997,0.4406181015452539,0.5324503311258278,1.519428294858124,-12.879063709693497,2.354080625867433,10.116869029358659,580,4777.739999999994,0.43275862068965515,0.5293103448275862,2.887491832116563,-5.515653763814429,13.802338568357769,11.049367783581554,-33,-134.48999999999796,-0.0003198778542639613,0.0005634146235267146,0.0006675194010532515,0.0,-0.005850642846142229,-0.03172982555000381,-13,186.40500000000247,0.007800779205675401,0.00317206489503985,-0.08652394474296843,-1.5257972953756633,-4.47349804365561,0.6098319554623188
sig_skew_term_signed,veto0.40,4530,32454.15999999996,0.4406181015452539,0.5322295805739514,1.5173188657973478,-12.879063709693497,2.3517080526580605,10.087963850863975,579,4898.019999999994,0.43350604490500866,0.5302245250431779,2.920657332184026,-5.515653763814429,14.179737911750568,11.358791641002412,-33,-188.93000000000757,-0.0003198778542639613,0.00034266407165028934,-0.0014419096597229064,0.0,-0.008223216055514904,-0.06063500404468769,-14,306.6850000000022,0.00854820342102891,0.004086245110631492,-0.053358444675505545,-1.5257972953756633,-4.096098700262811,0.9192558128831774
sig_skew_term_signed,veto0.45,4529,32603.929999999964,0.44049459041731065,0.5321262971958489,1.5206645142811794,-12.879063709693497,2.3582292708182666,10.128173359013534,578,4090.3899999999935,0.4273356401384083,0.5242214532871973,2.614986981798477,-5.69214148111238,11.310380081225592,9.493351690038416,-34,-39.16000000000349,-0.00044338898220719347,0.00023938069354778602,0.0019037388241087694,0.0,-0.0017019978953087822,-0.020425495895128876,-15,-500.94499999999834,0.0023777986544285534,-0.00191682664534909,-0.35902879506105423,-1.702285012673614,-6.965456530787787,-0.9461841380808185
sig_skew_term_signed,veto0.50,4525,32957.46499999996,0.44132596685082875,0.532596685082873,1.5311572902586723,-12.879063709693497,2.373548765881049,10.236445923321558,578,4143.269999999993,0.4273356401384083,0.5242214532871973,2.671374152446135,-5.69214148111238,11.467596531105423,9.635509387090824,-38,314.3749999999927,0.0003879874513109116,0.0007097685805718124,0.012396514801601644,0.0,0.013617497167473402,0.08784706841289491,-15,-448.0649999999987,0.0023777986544285534,-0.00191682664534909,-0.3026416244133965,-1.702285012673614,-6.8082400809079555,-0.8040264410284106
sig_skew_term_signed,tilt0.01,4563,32709.479999999967,0.44093797939951784,0.5321060705676091,1.5210420372772433,-12.879063709693497,2.3628138395534157,10.169056806075108,593,4591.334999999992,0.42495784148397975,0.5261382799325464,2.9740157768595314,-3.9898564684387656,18.27583661201338,10.439535828119235,0,66.38999999999942,0.0,0.00021915406530792492,0.002281261820172631,0.0,0.002882570839840337,0.020457951166445554,0,0.0,0.0,0.0,0.0,0.0,0.0,0.0
sig_skew_term_signed,tilt0.02,4563,32725.529999999966,0.44093797939951784,0.5321060705676091,1.5215464738162174,-12.879063709693497,2.363510160960131,10.174554282458827,593,4591.334999999992,0.42495784148397975,0.5261382799325464,2.9740157768595314,-3.9898564684387656,18.27583661201338,10.439535828119235,0,82.43999999999869,0.0,0.00021915406530792492,0.002785698359146771,0.0,0.0035788922465553874,0.02595542755016389,0,0.0,0.0,0.0,0.0,0.0,0.0,0.0
sig_skew_term_signed,tilt0.03,4563,32725.529999999966,0.44093797939951784,0.5321060705676091,1.5215464738162174,-12.879063709693497,2.363510160960131,10.174554282458827,593,4591.334999999992,0.42495784148397975,0.5261382799325464,2.9740157768595314,-3.9898564684387656,18.27583661201338,10.439535828119235,0,82.43999999999869,0.0,0.00021915406530792492,0.002785698359146771,0.0,0.0035788922465553874,0.02595542755016389,0,0.0,0.0,0.0,0.0,0.0,0.0,0.0
sig_skew_term_signed,tilt0.05,4563,32748.649999999965,0.44093797939951784,0.5321060705676091,1.5221904742342314,-12.879063709693497,2.3645128353053204,10.182474353098604,593,4591.334999999992,0.42495784148397975,0.5261382799325464,2.9740157768595314,-3.9898564684387656,18.27583661201338,10.439535828119235,0,105.55999999999767,0.0,0.00021915406530792492,0.0034296987771607057,0.0,0.004581566591745023,0.033875498189940956,0,0.0,0.0,0.0,0.0,0.0,0.0,0.0
sig_skew_term_signed,tilt0.07,4563,32748.649999999965,0.44093797939951784,0.5321060705676091,1.5221904742342314,-12.879063709693497,2.3645128353053204,10.182474353098604,593,4591.334999999992,0.42495784148397975,0.5261382799325464,2.9740157768595314,-3.9898564684387656,18.27583661201338,10.439535828119235,0,105.55999999999767,0.0,0.00021915406530792492,0.0034296987771607057,0.0,0.004581566591745023,0.033875498189940956,0,0.0,0.0,0.0,0.0,0.0,0.0,0.0
sig_skew_term_signed,tilt0.10,4563,32746.41999999997,0.44093797939951784,0.5321060705676091,1.5221260090103252,-12.879063709693497,2.3644161433772988,10.181710386632316,593,4591.334999999992,0.42495784148397975,0.5261382799325464,2.9740157768595314,-3.9898564684387656,18.27583661201338,10.439535828119235,0,103.33000000000175,0.0,0.00021915406530792492,0.0033652335532545763,0.0,0.004484874663723382,0.03311153172365344,0,0.0,0.0,0.0,0.0,0.0,0.0,0.0
sig_skew_term_signed,tilt0.15,4563,32813.07999999997,0.44093797939951784,0.5321060705676091,1.5237413867112017,-12.879063709693497,2.3673047169537917,10.199793679500457,593,4471.909999999993,0.42495784148397975,0.5261382799325464,2.9056549849795683,-3.9898564684387656,17.76265381259093,10.152882050741802,0,169.99000000000524,0.0,0.00021915406530792492,0.004980611254131073,0.0,0.0073734482402163515,0.051194824591794585,0,-119.42499999999927,0.0,0.0,-0.06836079187996313,0.0,-0.5131827994224487,-0.2866537773774329
sig_skew_term_signed,tilt0.20,4563,32898.20999999997,0.44115713346482577,0.532325224632917,1.52631233727916,-12.879063709693497,2.370988311919284,10.222605778963919,593,4471.909999999993,0.42495784148397975,0.5261382799325464,2.9056549849795683,-3.9898564684387656,17.76265381259093,10.152882050741802,0,255.12000000000262,0.00021915406530792492,0.00043830813061584983,0.007551561822089381,0.0,0.011057043205708439,0.07400692405525611,0,-119.42499999999927,0.0,0.0,-0.06836079187996313,0.0,-0.5131827994224487,-0.2866537773774329
sig_skew_term_signed,tilt0.30,4563,32904.61999999997,0.44115713346482577,0.532325224632917,1.5266734156423083,-12.879063709693497,2.371265432264799,10.222514128777444,593,4458.189999999992,0.42495784148397975,0.5261382799325464,2.8365129144670163,-3.938546173728901,17.934459383103,10.084248974879555,0,261.5300000000061,0.00021915406530792492,0.00043830813061584983,0.00791264018523763,0.0,0.011334163551223408,0.07391527386878138,0,-133.14499999999953,0.0,0.0,-0.1375028623925152,0.05131029470986448,-0.34137722891037825,-0.35528685323967935
sig_skew_term_signed,tilt0.50,4563,32911.57999999997,0.4413762875301337,0.5325443786982249,1.5261372328412623,-12.879063709693497,2.3715662921857366,10.22172182740952,593,4507.829999999993,0.42495784148397975,0.5261382799325464,2.8857013298311465,-3.283548473022785,21.77080313294997,10.219565720089395,0,268.49000000000524,0.00043830813061584983,0.0006574621959237748,0.007376457384191681,0.0,0.011635023472161166,0.07312297250085642,0,-83.5049999999992,0.0,0.0,-0.08831444702838498,0.7063079954159805,3.4949665209365897,-0.2199701080298393
sig_skew_term_signed,tilt0.75,4563,33410.899999999965,0.44247205785667326,0.5329826868288406,1.540259320044931,-12.879063709693497,2.3930470945219784,10.366886357442649,593,4814.379999999991,0.42833052276559863,0.5261382799325464,3.075849049792173,-3.299290712623578,23.266279784558343,10.908692118423588,0,767.8099999999977,0.001534078457155419,0.0010957703265395136,0.02149854458786038,0.0,0.033115825808403,0.2182875025339861,0,223.04499999999916,0.0033726812816188834,0.0,0.10183327293264144,0.6905657558151876,4.990443172544964,0.4691562903043529
sig_skew_term_signed,tilt1.00,4563,33532.69999999997,0.44247205785667326,0.5327635327635327,1.5430067736304633,-12.879063709693497,2.398256300279364,10.398050793783678,593,4790.184999999992,0.42833052276559863,0.5261382799325464,3.062304301788118,-3.299290712623578,23.139502560697647,10.850577686003186,0,889.6100000000006,0.001534078457155419,0.0008766162612315886,0.02424599817339268,0.0,0.03832503156578859,0.2494519388750156,0,198.85000000000036,0.0033726812816188834,0.0,0.08828852492858674,0.6905657558151876,4.863665948684268,0.4110418578839514
sig_smile_slope_signed,veto0.02,4406,35022.96999999998,0.4584657285519746,0.542896050839764,1.5516760213570537,-12.879063709693497,2.461047776250932,10.817917820696257,582,2411.0349999999926,0.4175257731958763,0.5137457044673539,1.6157342641946604,-8.35868536655421,4.39807205218513,5.316651506381086,-157,2379.880000000012,0.01752774915245675,0.011009134337462867,0.03291524589998307,0.0,0.10111650753735679,0.6693189657875944,-11,-2180.2999999999993,-0.007432068288103444,-0.012392575465192457,-1.358281512664871,-4.368828898115445,-13.877764559828249,-5.122884321738149
sig_smile_slope_signed,veto0.03,4345,34334.879999999976,0.45960874568469506,0.5431530494821634,1.5383940132768972,-12.879063709693497,2.432269999901278,10.703928126214945,578,1984.084999999991,0.41695501730103807,0.5069204152249135,1.3138598815536076,-9.86570993278369,3.0404390322882806,4.309138326536142,-218,1691.7900000000081,0.01867076628517722,0.011266132979862231,0.01963323781982651,0.0,0.07233873118770262,0.5553292713062827,-15,-2607.250000000001,-0.008002824182941681,-0.01921786470763287,-1.660155895305924,-5.875853464344924,-15.235397579725099,-6.130397501583093
sig_smile_slope_signed,veto0.04,4303,35291.00999999998,0.4631652335579828,0.5440390425284685,1.5707689727110203,-12.879063709693497,2.4721607358160647,11.054536239610625,577,2610.344999999992,0.42634315424610053,0.512998266897747,1.8616184365193478,-9.721661306906801,4.110084169724925,5.609873878334677,-260,2647.920000000013,0.022227254158464937,0.012152126026167331,0.05200819725394967,0.0,0.11222946710248927,0.9059373847019625,-16,-1980.9899999999998,0.0013853127621207828,-0.013140013034799392,-1.1123973403401837,-5.731804838468036,-14.165752442288454,-4.829661949784557
sig_smile_slope_signed,veto0.05,4261,33686.77499999999,0.46186341234452005,0.5421262614409763,1.523371598560152,-13.444978911089759,2.3036067140563725,10.633245282643655,572,2895.604999999992,0.43006993006993005,0.5174825174825175,2.1388490192494176,-10.329024694660593,4.314914695430615,6.207340152049113,-302,1043.6850000000195,0.02092543294500221,0.010239344938675177,0.004610823103081252,-0.5659152013962618,-0.056324554657202874,0.484646427734992,-21,-1695.73,0.005112088585950303,-0.008655762450028859,-0.8351667576101138,-6.339168226221827,-13.960921916582762,-4.232195676070122
sig_smile_slope_signed,veto0.06,4218,30548.709999999985,0.45874822190611664,0.5386439070649597,1.4216348850836213,-15.465299182778994,1.8879402796085258,9.706065371442655,569,2677.5249999999905,0.4305799648506151,0.5184534270650264,2.013693540177265,-10.894796887922642,3.766827268764399,5.75071408060201,-345,-2094.379999999983,0.017810242506598795,0.006756990562658549,-0.09712589037344932,-2.5862354730854964,-0.47199098910504955,-0.44253348346600774,-24,-1913.8100000000013,0.005622123366635368,-0.0076848528675199645,-0.9603222366822664,-6.904940419483876,-14.50900934324898,-4.688821747517225
sig_smile_slope_signed,veto0.07,4177,30253.599999999984,0.4606176681829064,0.5398611443619823,1.415857514361195,-14.730555435757628,1.9703929848359927,9.70127974956296,565,2168.6949999999906,0.42123893805309737,0.5132743362831859,1.6054534803327152,-13.25056115902868,2.4835623900842285,4.688240071649995,-386,-2389.4899999999834,0.01967968878338855,0.00797422785968116,-0.10290326109587578,-1.8514917260641308,-0.3895382838775827,-0.4473191053457022,-28,-2422.6400000000012,-0.003718903430882381,-0.012863943649360499,-1.3685622965268163,-9.260704690589915,-15.79227422192915,-5.75129575646924
sig_smile_slope_signed,veto0.08,4153,30851.049999999985,0.46183481820370814,0.5410546592824464,1.4285420813445653,-15.300069867156763,1.9198151909523606,9.923443161256282,562,2494.989999999991,0.42526690391459077,0.5142348754448398,1.7953307939757106,-13.843976770074255,2.752462636784829,5.4189977138036465,-410,-1792.0399999999827,0.0208968388041903,0.009167742780145316,-0.09021869411250538,-2.4210061574632658,-0.44011607776121475,-0.22515569365238086,-31,-2096.3450000000007,0.0003090624306110179,-0.011903404487706548,-1.1786849828838208,-9.85412030163549,-15.52337397522855,-5.020538114315588
sig_smile_slope_signed,veto0.09,4125,28794.789999999986,0.46036363636363636,0.5396363636363637,1.3696580991688743,-16.64263278126791,1.6918223237097512,9.318189011077767,560,2826.7199999999934,0.425,0.5125,1.937638710338408,-16.31672151463658,2.6629677390787467,6.119303823980378,-438,-3848.299999999981,0.01942565696411852,0.007749447134062559,-0.1491026762881964,-3.7635690715744126,-0.6681089450038242,-0.8304098438308962,-33,-1764.6149999999984,4.21585160202409e-05,-0.013638279932546404,-1.0363770665211234,-12.326865046197813,-15.612868872934632,-4.320232004138857
sig_smile_slope_signed,veto0.10,4094,27223.34999999999,0.4596971177332682,0.538104543234001,1.3138684459660104,-18.499590419236018,1.4697798967947031,8.854336219051566,556,2868.4949999999913,0.4226618705035971,0.5107913669064749,1.9945564060271932,-15.996396216678054,2.758656487408366,6.268976608819748,-469,-5419.739999999976,0.01875913833375037,0.006217626731699899,-0.2048923294910603,-5.620526709542521,-0.8901513719188723,-1.2942626358570966,-37,-1722.8400000000006,-0.0022959709803826445,-0.015346913026071496,-0.9794593708323382,-12.006539748239287,-15.517180124605012,-4.170559219299487
sig_smile_slope_signed,veto0.11,4057,25881.884999999995,0.4592063100813409,0.5373428641853586,1.272379403201166,-19.000441572981604,1.3862268349749916,8.500273430727505,553,2960.019999999991,0.42857142857142855,0.5099457504520796,1.9547732826581474,-17.461135261811535,2.612470688300732,6.536720774596158,-506,-6761.204999999973,0.018268330681823042,0.0054559476830574605,-0.24638137225590473,-6.121377863288107,-0.9737044337385838,-1.6483254241811576,-40,-1631.315000000001,0.0036135870874487996,-0.01619252948046679,-1.019242494201384,-13.471278793372768,-15.663365923712647,-3.902815053523077
sig_smile_slope_signed,veto0.12,4021,26009.149999999994,0.4590897786620244,0.5369311116637653,1.2781339681085222,-17.429176662128828,1.515894952631658,8.612493537107415,552,2863.469999999995,0.4329710144927536,0.5163043478260869,1.942104691252574,-17.609132436931237,2.501372297098849,6.353576756160536,-542,-6633.939999999973,0.01815179926250654,0.005044195161464149,-0.24062680734854847,-4.550112952435331,-0.8440363160819173,-1.5361053178012476,-41,-1727.864999999997,0.008013173008773855,-0.009833932106459442,-1.0319110856069575,-13.61927596849247,-15.77446431491453,-4.0859590719586985
sig_smile_slope_signed,veto0.13,3987,24801.34999999999,0.4582392776523702,0.5349887133182845,1.2404983887837018,-19.03123017958799,1.3469441334119532,8.266230251242723,548,2535.8399999999965,0.4343065693430657,0.5145985401459854,1.5036232100774276,-21.251131277320333,1.8238994853121324,5.645977543800268,-576,-7841.739999999976,0.01730129825285237,0.0031017968159833265,-0.2782623866733689,-6.1521664698944925,-1.0129871353016222,-1.88236860366594,-45,-2055.4949999999953,0.00934872785908597,-0.011539739786560976,-1.4703925667821038,-17.261274808881566,-16.451937126701246,-4.793558284318967
sig_smile_slope_signed,veto0.14,3958,25334.354999999992,0.45856493178372915,0.5358767054067711,1.2691440762331945,-17.102896318722298,1.5192705104785922,8.512519686647966,543,1945.1799999999967,0.429097605893186,0.5101289134438306,1.149136986006893,-23.229972866481756,1.2649546129132567,4.370085232365915,-605,-7308.734999999975,0.017626952384211303,0.003989788904469993,-0.2496166992238762,-4.2238326090288005,-0.8406607582349832,-1.6360791682606965,-50,-2646.154999999995,0.00413976440920627,-0.01600936648871576,-1.8248787908526385,-19.24011639804299,-17.01088199910012,-6.069450595753319
sig_smile_slope_signed,veto0.15,3921,24996.744999999984,0.45855649069115023,0.5363427697016068,1.265693949785381,-16.18096227453933,1.5921665815945238,8.481891230282416,535,2389.914999999997,0.4392523364485981,0.5196261682242991,1.3686545282045914,-21.536945437751065,1.6912755897279186,5.437245134288798,-642,-7646.344999999983,0.01761851129163239,0.004455853199305637,-0.2530668256716897,-3.301898564845832,-0.7677646871190515,-1.6667076246262464,-58,-2201.419999999995,0.014294494964618376,-0.006512111708247281,-1.60536124865494,-17.5470889693123,-16.58456102228546,-5.002290693830437
sig_smile_slope_signed,veto0.16,3887,25255.929999999986,0.4589657833804991,0.5364033959351685,1.2680562471199652,-15.90389030167952,1.6305891597595386,8.638590485689468,531,3104.4449999999943,0.4444444444444444,0.5254237288135594,1.7736270769635785,-17.63475480712213,2.720456484067063,7.118786200798488,-676,-7387.159999999982,0.01802780398098125,0.004516479432867371,-0.25070452833710544,-3.024826591986022,-0.7293421089540368,-1.5100083692191948,-62,-1486.8899999999976,0.019486602960464672,-0.0007145511189869946,-1.200388699895953,-13.644898338683362,-15.555380127946316,-3.3207496273207466
sig_smile_slope_signed,veto0.17,3847,26636.039999999986,0.46061866389394335,0.5380816220431505,1.321910097114806,-13.588684089103294,1.973753175063303,9.199486644825226,527,2972.944999999995,0.44212523719165087,0.523719165085389,1.6972316837517887,-16.33876731202396,2.8048161513723286,6.866575557171814,-716,-6007.049999999981,0.019680684494425504,0.006194705540849332,-0.19685067834226477,-0.709620379409797,-0.38617809365027234,-0.9491122100834364,-66,-1618.3899999999967,0.017167395707671118,-0.0024191148471573998,-1.2767840931077428,-12.348910843585195,-15.47102046064105,-3.572960270947421
sig_smile_slope_signed,veto0.18,3822,27042.53499999999,0.4633699633699634,0.5389848246991105,1.3365628667839882,-13.122785505724918,2.0633609148174026,9.394837742668246,523,2012.589999999995,0.4321223709369025,0.51434034416826,1.2045754843464698,-19.323021859753613,1.5755554358952228,4.691885697021002,-741,-5600.5549999999785,0.022431983970445546,0.007097908196809333,-0.1821979086730825,-0.24372179603142108,-0.2965703538961728,-0.7537611122404169,-70,-2578.744999999997,0.00716452945292273,-0.011797935764286338,-1.7694402925130617,-15.333165391314846,-16.700281176118157,-5.747650131098233
sig_smile_slope_signed,veto0.19,3793,26731.464999999993,0.4632217242288426,0.5388874242024783,1.3290464832430722,-13.104284749807707,2.051320731368038,9.376559933962886,522,1466.0599999999945,0.42528735632183906,0.5076628352490421,0.8532493255849641,-21.905613721260657,1.0011730347504284,3.4179509686323617,-770,-5911.6249999999745,0.02228374482932477,0.007000507700177128,-0.1897142922139985,-0.22522104011421007,-0.30861053734553723,-0.7720389209457768,-71,-3125.2749999999974,0.0003295148378593127,-0.01847544468350426,-2.120766451274567,-17.91575725282189,-17.27466357726295,-7.0215848594868735
sig_smile_slope_signed,veto0.20,3760,27331.614999999998,0.4651595744680851,0.5409574468085107,1.3704651583540715,-12.879063709693497,2.11645360178066,9.661223568146696,514,1194.1149999999943,0.42217898832684825,0.5077821011673151,0.7059837772803974,-23.516440653142787,0.7553108856535731,2.8110978233745803,-803,-5311.474999999969,0.024221595068567248,0.009070530306209523,-0.1482956171029992,0.0,-0.2434776669329155,-0.4873752867619672,-79,-3397.2199999999975,-0.0027788531571315,-0.018356178765231213,-2.268031999579134,-19.52658418470402,-17.520525726359807,-7.6284380047446545
sig_smile_slope_signed,veto0.21,3722,26575.835000000006,0.4631918323481999,0.539494895217625,1.363535591055829,-13.48231358657544,1.9864948102300526,9.502807629383055,512,1146.7149999999956,0.419921875,0.50390625,0.6811170124363309,-22.69411738818022,0.7508627863627965,2.7153252972563795,-841,-6067.254999999961,0.02225385294868204,0.007607978715323815,-0.15522518440124156,-0.603249876881943,-0.3734364584835228,-0.645791225525608,-81,-3444.6199999999963,-0.005035966483979748,-0.02223202993254636,-2.2928987644232004,-18.704260919741454,-17.524973825650584,-7.724210530862855
sig_smile_slope_signed,veto0.22,3697,26088.150000000005,0.46388964024885043,0.5398972139572626,1.3584164898193156,-13.581331121639378,1.9491100212071009,9.419438716898426,509,992.3449999999979,0.41846758349705304,0.5009823182711198,0.5834951378989867,-23.28124425037111,0.6313316377483333,2.374894130187496,-866,-6554.939999999962,0.02295166084933259,0.008010297454961512,-0.16034428563775505,-0.7022674119458809,-0.41082124750647453,-0.7291601380102364,-84,-3598.989999999994,-0.006490257986926706,-0.02515596166142653,-2.390520638960545,-19.291387781932343,-17.644504974265047,-8.064641697931739
sig_smile_slope_signed,veto0.23,3655,26764.915000000005,0.4656634746922025,0.5417236662106704,1.3767807431569306,-14.414724533094473,1.866301844553969,9.783468652555669,506,1095.0499999999975,0.4189723320158103,0.5039525691699605,0.6244595039493989,-23.61160848630761,0.6884204176484051,2.6275213455366266,-908,-5878.174999999963,0.02472549529268464,0.00983674970836923,-0.1419800323001401,-1.5356608234009759,-0.4936294241596064,-0.36513020235299365,-87,-3496.2849999999944,-0.005985509468169448,-0.02218571076258591,-2.3495562729101325,-19.621752017868843,-17.587416194364973,-7.812014482582608
sig_smile_slope_signed,veto0.24,3622,26567.835000000006,0.4654886802871342,0.5408614025400331,1.3744716821541685,-14.031024968502523,1.9084472569892557,9.79116041560506,503,1018.2599999999954,0.41749502982107356,0.5029821073558648,0.5796692670547099,-24.441345649716542,0.6174096360052338,2.452583647756316,-941,-6075.254999999961,0.02455070088761635,0.008974486037731988,-0.14428909330290218,-1.1519612588090258,-0.45148401172431973,-0.3574384393036034,-90,-3573.074999999996,-0.007462811662906188,-0.023156172576681566,-2.3943465098048216,-20.451489181277775,-17.658426976008144,-7.986952180362919
sig_smile_slope_signed,veto0.25,3591,26200.84,0.4650515176830966,0.5391255917571707,1.3567454706935176,-13.351679143490458,1.9880408908331562,9.726267434007442,496,1127.4749999999954,0.4173387096774194,0.5040322580645161,0.6511036940336791,-21.499198404127405,0.7789813183830203,2.76797202457276,-972,-6442.249999999967,0.02411353828357876,0.007238675254869542,-0.16201530476355308,-0.47261543379696036,-0.37189037788041923,-0.4223314209012212,-97,-3463.8599999999965,-0.007619131806560375,-0.022106021868030235,-2.3229120828258525,-17.50934193568864,-17.496855293630357,-7.671563803546475
sig_smile_slope_signed,veto0.26,3561,26064.399999999998,0.4661611906767762,0.5405784891884302,1.363069170386731,-13.273495915489208,1.9931654712110456,9.753323362873632,493,1307.2249999999979,0.4198782961460446,0.5070993914807302,0.7322788242008845,-21.56430960577734,0.9038455764968717,3.2448585167467385,-1002,-6578.68999999997,0.02522321127725835,0.008691572686129079,-0.15569160507033963,-0.39443220579571125,-0.3667657975025298,-0.3952754920350312,-100,-3284.109999999994,-0.005079545337935143,-0.019038888451816116,-2.241736952658647,-17.574453137338573,-17.37199103551651,-7.194677311372496
sig_smile_slope_signed,veto0.27,3526,25231.525,0.4653998865570051,0.5388542257515598,1.3400617064677447,-13.280138793545454,1.9515424517591635,9.555284984014138,490,1633.964999999998,0.42244897959183675,0.5081632653061224,0.8911289043340018,-21.59489000211717,1.1358123777791225,4.082472202241105,-1037,-7411.564999999966,0.02446190715748725,0.006967309249258702,-0.17869906898932597,-0.401075083851957,-0.40838881695441187,-0.5933138708945247,-103,-2957.3699999999935,-0.0025088618921429995,-0.017975014626423924,-2.0828868725255294,-17.605033533678405,-17.140024234234257,-6.35706362587813
sig_smile_slope_signed,veto0.28,3490,25258.114999999998,0.4656160458452722,0.539541547277937,1.3520937335535874,-12.879063709693497,2.013666510807198,9.67592020807769,488,1666.654999999998,0.42213114754098363,0.5081967213114754,0.9073863017927956,-20.402592767903727,1.2270607628182808,4.162701665575193,-1073,-7384.974999999969,0.024678066445754376,0.0076546307756358845,-0.16666704190348325,0.0,-0.34626475790637734,-0.47267864683097294,-105,-2924.679999999994,-0.002826693942996117,-0.01794155862107094,-2.066629475066736,-16.41273629946496,-17.0487758491951,-6.276834162544041
sig_smile_slope_signed,veto0.29,3460,27430.250000000004,0.4687861271676301,0.542485549132948,1.4400217690678438,-12.879063709693497,2.121225776226272,10.610652781679319,485,1907.2949999999973,0.4247422680412371,0.51340206185567,1.0283570401255246,-19.167118948688998,1.502078498340926,4.768489037796737,-1103,-5212.839999999964,0.02784814776811223,0.010598632630646865,-0.07873900638922682,0.0,-0.23870549248730333,0.4620539267706558,-108,-2684.0399999999945,-0.00021557344274264478,-0.012736218076876304,-1.9456587367340068,-15.177262480250231,-16.773758113672454,-5.671046790322498
sig_smile_slope_signed,veto0.30,3428,27821.76500000001,0.46995332555425906,0.543757292882147,1.4676709175382792,-12.879063709693497,2.1400673732957807,10.892557957691169,484,1764.1549999999963,0.4194214876033058,0.5103305785123967,0.9879215016846072,-18.736065172577966,1.4171918722561634,4.45262285408239,-1135,-4821.324999999957,0.029015346154741217,0.011870376379845893,-0.051089857918791504,0.0,-0.21986389541779472,0.7439591027825063,-109,-2827.1799999999957,-0.005536353880673972,-0.015807701420149645,-1.9860942751749242,-14.7462087041392,-16.858644739757214,-5.986912974036845
sig_smile_slope_signed,veto0.35,3261,26328.48000000001,0.4697945415516713,0.5455381784728611,1.4533638195670864,-12.879063709693497,2.067325233328498,10.893043663974435,463,136.81499999999983,0.4060475161987041,0.4924406047516199,0.1299618876860664,-17.700809909885834,0.11237249517962618,0.3671724753889906,-1302,-6314.609999999957,0.02885656215215343,0.013651261970559991,-0.06539695588998429,0.0,-0.29260603538507723,0.7444448090657723,-130,-4454.519999999992,-0.018910325285275642,-0.03369767518092648,-2.8440538891734652,-13.710953441447067,-18.16346411683375,-10.072363352730244
sig_smile_slope_signed,veto0.40,3072,22147.345000000016,0.4658203125,0.541015625,1.2954589067218756,-12.879063709693497,1.8497830123057537,9.800585291199901,433,-323.9650000000021,0.4018475750577367,0.4896073903002309,-0.11810487808256659,-21.921360052392124,-0.21263172551099474,-0.9346771827286524,-1491,-10495.744999999952,0.024882333100482157,0.009128708497698867,-0.22330186873519509,0.0,-0.5101482564078217,-0.34801356370876135,-160,-4915.299999999994,-0.02311026642624303,-0.03653088963231543,-3.092120654942098,-17.931503583953358,-18.488468337524374,-11.374213010847887
sig_smile_slope_signed,veto0.45,2887,21565.935000000012,0.4638032559750606,0.5396605472809144,1.2988530134130893,-12.879063709693497,1.8177263774784729,10.174830113888998,410,-751.8400000000022,0.3902439024390244,0.47317073170731705,-0.3426025826328347,-24.094911238626587,-0.44451252427401694,-2.3040440901563346,-1676,-11077.154999999955,0.02286527657554277,0.007773630778613261,-0.21990776204398133,0.0,-0.5422048912351025,0.02623125898033507,-183,-5343.174999999994,-0.034713939044955344,-0.05296754822522931,-3.316618359492366,-20.10505477018782,-18.720349136287396,-12.74357991827557
sig_smile_slope_signed,veto0.50,2707,19271.995000000003,0.4625046176579239,0.5374953823420761,1.199708254391448,-12.912138354125016,1.6820214363947636,9.741143401879892,383,-1500.3950000000025,0.3838120104438642,0.45691906005221933,-0.7738933677500854,-24.38231111518881,-0.8609584802073391,-4.9434095669988505,-1856,-13371.094999999965,0.021566638258406046,0.005608465839774923,-0.31905252106562276,-0.03307464443151886,-0.6779098323188117,-0.4074554530287706,-210,-6091.729999999994,-0.041145831040115544,-0.06921921988032703,-3.7479091446096167,-20.392454646750043,-19.13679509222072,-15.382945395118085
sig_smile_slope_signed,tilt0.01,4563,32355.294999999976,0.44049967126890205,0.5314486083716853,1.5106617684641317,-12.879063709693497,2.3473930110209937,10.06234147602738,593,4761.804999999992,0.4266441821247892,0.5278246205733558,3.0730060787840174,-3.9898564684387656,19.011639763537683,10.844517817097264,0,-287.794999999991,-0.0004383081306157943,-0.00043830813061584983,-0.008099006992938973,0.0,-0.012538257692581656,-0.08625737888128349,0,170.47000000000025,0.0016863406408094694,0.001686340640809414,0.09899030192448599,0.0,0.7358031515243049,0.4049819889780295
sig_smile_slope_signed,tilt0.02,4563,32209.524999999972,0.4402805172035941,0.5312294543063774,1.507610956741461,-12.879063709693497,2.341015727570398,10.01689026233816,593,4761.804999999991,0.4266441821247892,0.5278246205733558,3.0730060787840174,-3.9898564684387656,19.011639763537683,10.844517817097262,0,-433.56499999999505,-0.0006574621959237192,-0.0006574621959237748,-0.011149818715609605,0.0,-0.018915541143177173,-0.1317085925705026,0,170.46999999999935,0.0016863406408094694,0.001686340640809414,0.09899030192448599,0.0,0.7358031515243049,0.40498198897802773
sig_smile_slope_signed,tilt0.03,4563,32250.434999999976,0.4400613631382862,0.5310103002410694,1.5080970977163446,-12.879063709693497,2.342807310861642,10.034415870927472,593,4740.314999999992,0.4266441821247892,0.5278246205733558,3.054961649422661,-3.9970920113433484,18.884424020177867,10.79029566176991,0,-392.65499999999156,-0.0008766162612316442,-0.0008766162612316997,-0.010663677740726074,0.0,-0.017123957851933547,-0.1141829839811912,0,148.98000000000047,0.0016863406408094694,0.001686340640809414,0.08094587256312957,-0.007235542904582726,0.6085874081644889,0.35075983365067565
sig_smile_slope_signed,tilt0.05,4563,32356.304999999975,0.4402805172035941,0.5312294543063774,1.5042155197672236,-12.879063709693497,2.347437134859472,10.064220856367658,593,4740.314999999992,0.4266441821247892,0.5278246205733558,3.054961649422661,-3.9970920113433484,18.884424020177867,10.79029566176991,0,-286.7849999999926,-0.0006574621959237192,-0.0006574621959237748,-0.014545255689847103,0.0,-0.012494133854103584,-0.08437799854100447,0,148.98000000000047,0.0016863406408094694,0.001686340640809414,0.08094587256312957,-0.007235542904582726,0.6085874081644889,0.35075983365067565
sig_smile_slope_signed,tilt0.07,4563,32373.769999999975,0.44049967126890205,0.5316677624369932,1.4976448583771613,-12.879063709693497,2.348199991851259,10.057586882134299,593,4384.434999999992,0.42495784148397975,0.5261382799325464,2.8060229807180384,-4.4275217398111515,15.669149281190807,9.990245438529158,0,-269.31999999999243,-0.0004383081306157943,-0.00021915406530792492,-0.02111591707990934,0.0,-0.011731276862316342,-0.09101197277436412,0,-206.89999999999964,0.0,0.0,-0.1679927961414931,-0.43766527137238587,-2.606687330822572,-0.44929038959007706
sig_smile_slope_signed,tilt0.10,4563,32217.41499999997,0.4402805172035941,0.5316677624369932,1.492574792217425,-12.879063709693497,2.3413613669758893,10.01485843038971,593,4384.434999999992,0.42495784148397975,0.5261382799325464,2.8060229807180384,-4.4275217398111515,15.669149281190807,9.990245438529158,0,-425.67499999999563,-0.0006574621959237192,-0.00021915406530792492,-0.026185983239645605,0.0,-0.018569901737686134,-0.13374042451895285,0,-206.89999999999964,0.0,0.0,-0.1679927961414931,-0.43766527137238587,-2.606687330822572,-0.44929038959007706
sig_smile_slope_signed,tilt0.15,4563,32709.67499999998,0.4418145956607495,0.5334209949594565,1.506198167232652,-12.879063709693497,2.362822300815969,10.157096222845484,593,4223.469999999992,0.42495784148397975,0.524451939291737,2.757595230173238,-4.503662911553679,14.795799346669746,9.631085858770113,0,66.58500000001368,0.0008766162612316442,0.0015340784571553634,-0.01256260822441857,0.0,0.002891032102393609,0.008497367936820766,0,-367.8649999999998,0.0,-0.001686340640809414,-0.2164205466862934,-0.5138064431149134,-3.4800372653436327,-0.8084499693491214
sig_smile_slope_signed,tilt0.20,4563,31854.09999999998,0.4413762875301337,0.5316677624369932,1.472018031420373,-13.033606051370402,2.297817832236172,9.882398769019458,593,3893.1449999999923,0.42158516020236086,0.5227655986509275,2.640307080235093,-4.53614487837452,13.459798861686794,8.856085664935762,0,-788.989999999987,0.00043830813061584983,-0.00021915406530792492,-0.04674274403669765,-0.15454234167690473,-0.062113436477403194,-0.26620008588920463,0,-698.1899999999996,-0.0033726812816188834,-0.003372681281618828,-0.33370869662443825,-0.5462884099357543,-4.8160377503265845,-1.583450163183473
sig_smile_slope_signed,tilt0.30,4563,31924.599999999977,0.44115713346482577,0.5318869165023011,1.477400661317076,-13.827980342929783,2.1687100215813198,9.898895737601459,593,3550.5249999999896,0.418212478920742,0.5160202360876898,2.3300128892803933,-5.958809216216731,9.285561632706193,8.05775900786659,0,-718.4899999999907,0.00021915406530792492,0.0,-0.04136011413999463,-0.9489166332362853,-0.19122124713225563,-0.24970311730720418,0,-1040.8100000000022,-0.006745362563237767,-0.010118043844856595,-0.6440028875791382,-1.9689527477779656,-8.990274979307186,-2.381776820252645
sig_smile_slope_signed,tilt0.50,4563,30901.739999999976,0.44049967126890205,0.5316677624369932,1.440327188462197,-14.352027966013193,2.048676869654991,9.516478039545909,593,3392.6049999999896,0.41652613827993257,0.5160202360876898,2.4423533097118044,-4.221280325445003,12.487677949899435,7.606746195903784,0,-1741.3499999999913,-0.0004383081306157943,-0.00021915406530792492,-0.07843358699487357,-1.4729642563196954,-0.3112543990585843,-0.6321208153627538,0,-1198.7300000000023,-0.00843170320404718,-0.010118043844856595,-0.531662467147727,-0.23142385700623702,-5.788158662113943,-2.8327896322154507
sig_smile_slope_signed,tilt0.75,4563,29460.33499999998,0.44115713346482577,0.5318869165023011,1.377024046734484,-16.12383050025107,1.771037547940494,9.027364062343622,593,2893.8949999999886,0.4148397976391231,0.5126475548060708,1.9529933265348445,-8.11737839136061,5.487125717895169,6.501622656303508,0,-3182.7549999999865,0.00021915406530792492,0.0,-0.14173672872258658,-3.2447667905575734,-0.5888937207730813,-1.1212347925650406,0,-1697.4400000000032,-0.01011804384485665,-0.013490725126475533,-1.021022450324687,-4.1275219229218445,-12.78871089411821,-3.937913171815727
sig_smile_slope_signed,tilt1.00,4563,27594.93499999997,0.44049967126890205,0.5316677624369932,1.3184496499718095,-17.732645205361397,1.5463979195019875,8.447681132853383,593,3063.7949999999846,0.41652613827993257,0.5109612141652614,2.0120639243917893,-10.865142546097884,4.354268249518859,6.853739598183782,0,-5048.154999999999,-0.0004383081306157943,-0.00021915406530792492,-0.2003111254852612,-4.8535814956679,-0.8135333492115879,-1.70091772205528,0,-1527.5400000000072,-0.00843170320404718,-0.015177065767284947,-0.9619518524677422,-6.875286077659118,-13.921568362494519,-3.585796229935453
sig_iv_price_resid_signed,veto0.02,4536,31196.19499999997,0.43959435626102294,0.5304232804232805,1.4685408746358597,-13.534483491893518,2.184984703358825,9.747008350143236,590,3810.6499999999905,0.4152542372881356,0.5169491525423728,2.3979389315175883,-3.9697045932573802,15.031686627656022,8.744148328695422,-27,-1446.8949999999968,-0.0013436231384948982,-0.0014636360790206693,-0.05021990082121097,-0.6554197822000205,-0.1749465653547504,-0.40159050476542646,-3,-780.6850000000013,-0.009703604195844151,-0.009189127390173524,-0.5760768453419431,0.020151875181385392,-3.2441499843573567,-1.6953874994238127
sig_iv_price_resid_signed,veto0.03,4522,31303.364999999976,0.4400707651481645,0.5309597523219814,1.4776231320305824,-13.428184858500874,2.2068698307696404,9.800418554988125,588,3700.6599999999917,0.41496598639455784,0.5170068027210885,2.314654778752748,-3.9697045932573802,14.568219907865172,8.537288145759481,-41,-1339.7249999999913,-0.0008672142513533321,-0.000927164180319684,-0.04113764342648829,-0.5491211488073766,-0.153061437943935,-0.34818029992053745,-5,-890.6750000000002,-0.009991855089421908,-0.009131477211457906,-0.6593609981067834,0.020151875181385392,-3.707616704148206,-1.9022476823597536
sig_iv_price_resid_signed,veto0.04,4506,29857.089999999975,0.43852640923213493,0.5297381269418553,1.4308826220589443,-13.84202461179498,2.0800043967220994,9.379736663202584,587,3820.3699999999913,0.41737649063032367,0.5178875638841567,2.4167804180246018,-3.9697045932573802,15.072723978730673,8.854562369714932,-57,-2785.9999999999927,-0.002411570167382915,-0.0021487895604458407,-0.08787815339812632,-0.9629609021014822,-0.27992687199147603,-0.768862191706079,-6,-770.9650000000006,-0.007581350853656077,-0.008250716048389672,-0.5572353588349297,0.020151875181385392,-3.2031126332827053,-1.5849734584043027
sig_iv_price_resid_signed,veto0.05,4493,29965.229999999974,0.4382372579568217,0.5299354551524594,1.4315054168243222,-13.745607748532779,2.0992411173212955,9.425050538359212,586,3818.4649999999915,0.4180887372013652,0.5187713310580204,2.42003010449283,-3.9697045932573802,15.06468014229552,8.850413772515028,-70,-2677.8599999999933,-0.002700721442696119,-0.0019514613498416988,-0.08725535863274847,-0.8665440388392813,-0.2606901513922799,-0.7235483165494507,-7,-772.8700000000003,-0.006869104282614558,-0.007366948874525936,-0.5539856723667014,0.020151875181385392,-3.2111564697178583,-1.5891220556042072
sig_iv_price_resid_signed,veto0.06,4484,30763.524999999972,0.43889384478144516,0.530107047279215,1.452375257605061,-13.759478026474065,2.1310793360109903,9.695325888243467,584,4071.5449999999923,0.4212328767123288,0.5222602739726028,2.567391064459984,-3.9697045932573802,16.137656826782283,9.452222867092264,-79,-1879.564999999995,-0.0020441346180726794,-0.0017798692230861501,-0.06638551785200963,-0.880414316780568,-0.22885193270258508,-0.453272966665196,-9,-519.7899999999995,-0.0037249647716509626,-0.0038780059599435868,-0.40662471239954723,0.020151875181385392,-2.1381797852310953,-0.9873129610269711
sig_iv_price_resid_signed,veto0.07,4463,30764.579999999973,0.4389424154156397,0.5308088729554111,1.4463229104795283,-14.180195719766301,2.0678947131109817,9.752431626801974,584,3902.974999999993,0.4195205479452055,0.5188356164383562,2.5588098150582246,-3.9757330394376664,15.398616678820263,9.004894005512314,-100,-1878.5099999999948,-0.0019955639838781236,-0.0010780435468900063,-0.07243786497754234,-1.3011320100728039,-0.2920365556025937,-0.39616722810668925,-9,-688.3599999999988,-0.005437293538774257,-0.007302663494190176,-0.41520596180130687,0.014123429001099197,-2.877219933193116,-1.4346418226069204
sig_iv_price_resid_signed,veto0.08,4449,30868.739999999972,0.4389750505731625,0.5311305911440773,1.4478428029761943,-14.222114723399837,2.0660469335877907,9.805564896334708,583,3972.004999999993,0.4202401372212693,0.5197255574614065,2.6031099390352663,-3.9757330394376664,15.690767737399815,9.178501997338408,-114,-1774.349999999995,-0.001962928826355348,-0.0007563253582237861,-0.07091797248087639,-1.34305101370634,-0.2938843351257847,-0.3430339585739546,-10,-619.329999999999,-0.004717704262710454,-0.006412722471139887,-0.3709058378242651,0.014123429001099197,-2.5850688746135635,-1.2610338307808266
sig_iv_price_resid_signed,veto0.09,4439,31244.289999999975,0.4397386798828565,0.531876548772246,1.4648162430614697,-14.666603325689264,2.018211497625408,9.953160943450483,582,4202.234999999993,0.42439862542955326,0.5223367697594502,2.7879809525446295,-3.9757330394376664,16.669839664240538,9.706596305093443,-124,-1398.799999999992,-0.0011992995166613674,-1.036773005513858e-05,-0.05394453239560093,-1.787539615995767,-0.3417197710881674,-0.19543791145818012,-11,-389.09999999999854,-0.0005592160544264924,-0.0038015101730961565,-0.18603482431490193,0.014123429001099197,-1.6059969477728409,-0.7329395230257916
sig_iv_price_resid_signed,veto0.10,4423,31152.449999999975,0.4399728690933755,0.5322179516165498,1.4674953876158077,-14.212306335462005,2.07900464378503,9.953698970136772,580,4218.439999999991,0.42758620689655175,0.5224137931034483,2.7593759079908304,-4.567031607847927,14.5718035752765,9.789083270697915,-140,-1490.6399999999921,-0.000965110306142325,0.00033103511424870113,-0.051265387841263,-1.3332426257685075,-0.28092662492854537,-0.1948998847718908,-13,-372.89500000000044,0.002628365412571998,-0.003724486829098095,-0.214639868868701,-0.5771751394091611,-3.7040330367368792,-0.6504525574213194
sig_iv_price_resid_signed,veto0.11,4403,30721.514999999978,0.43924596865773335,0.5323642970701794,1.4533981939642187,-14.119933347305835,2.074948926096621,9.852778145973698,576,4631.26499999999,0.4305555555555556,0.5243055555555556,2.8974285404222697,-4.567031607847927,16.11642978874146,10.837191224413173,-160,-1921.5749999999898,-0.0016920107417844887,0.00047738056787827166,-0.06536258149285201,-1.240869637612338,-0.2849823426169542,-0.2958207089349649,-17,39.92999999999847,0.005597714071575832,-0.0018327243769907797,-0.07658723643726173,-0.5771751394091611,-2.159406823271919,0.3976553962939384
sig_iv_price_resid_signed,veto0.12,4379,30514.04999999998,0.4391413564740808,0.531399862982416,1.4488168882924992,-14.11167640988736,2.067603081927364,9.825946051670911,576,4678.30499999999,0.4305555555555556,0.5243055555555556,2.8608046898711605,-4.567031607847927,16.293691480258154,10.959328502610086,-184,-2129.0399999999863,-0.0017966229254370303,-0.0004870535198850945,-0.06994388716457145,-1.2326127001938634,-0.2923281867862113,-0.3226528032377516,-17,86.96999999999844,0.005597714071575832,-0.0018327243769907797,-0.1132110869883709,-0.5771751394091611,-1.9821451317552246,0.5197926744908514
sig_iv_price_resid_signed,veto0.13,4360,30105.719999999987,0.4389908256880734,0.5307339449541284,1.4382700744198107,-14.108821730399695,2.051065313886593,9.730964419751665,574,4710.459999999992,0.43031358885017423,0.5261324041811847,2.89520851271057,-4.567031607847927,16.4150087889575,11.044146716656655,-203,-2537.369999999981,-0.0019471537114444382,-0.001152971548172732,-0.08049070103725997,-1.229758020706198,-0.3088659548269823,-0.41763443515699805,-19,119.125,0.0053557473661944854,-5.875751361683612e-06,-0.07880726414896166,-0.5771751394091611,-1.8608278230558781,0.6046108885374206
sig_iv_price_resid_signed,veto0.14,4345,30622.099999999984,0.43958573072497126,0.5316455696202531,1.4548666243075732,-13.778769624939798,2.122128507152705,9.921621326692238,573,4659.0299999999925,0.4293193717277487,0.525305410122164,2.8525402488745106,-4.567031607847927,16.2210262251789,10.935683852565662,-218,-2020.9899999999834,-0.0013522486745465856,-0.00024134688204802135,-0.06389415114949748,-0.899705915246301,-0.2378027615608702,-0.22697752821642503,-20,67.69500000000062,0.004361530243768952,-0.0008328698103823307,-0.12147552798502081,-0.5771751394091611,-2.054810386834479,0.4961480244464269
sig_iv_price_resid_signed,veto0.15,4324,30611.40999999998,0.4398704902867715,0.5314523589269196,1.45807112785228,-13.001576474098506,2.248503909043258,9.963233423835852,570,4402.859999999993,0.4280701754385965,0.5228070175438596,2.729847704731256,-4.567031607847927,15.259373700284753,10.409735291614242,-239,-2031.6799999999857,-0.0010674891127463448,-0.0004345575753815778,-0.060689647604790675,-0.12251276440500902,-0.11142735967031747,-0.18536543107281034,-23,-188.47499999999854,0.0031123339546167417,-0.003331262388686751,-0.24416807212827552,-0.5771751394091611,-3.0164629117286257,-0.029800536504993147
sig_iv_price_resid_signed,veto0.16,4305,30684.96999999998,0.4399535423925668,0.5314750290360046,1.4643625985496436,-12.950511030215516,2.2606751936271148,10.041596170622014,568,4358.964999999993,0.4278169014084507,0.522887323943662,2.7275601104867038,-4.538275502580957,15.191009293605557,10.361697211613736,-258,-1958.119999999988,-0.0009844370069510555,-0.0004118874662965011,-0.0543981769074271,-0.07144732052201874,-0.09925607508646062,-0.10700268428664828,-25,-232.36999999999898,0.0028590599244709414,-0.003250955988884363,-0.24645566637282768,-0.5484190341421913,-3.0848273184078217,-0.07783861650549895
sig_iv_price_resid_signed,veto0.17,4286,29952.119999999988,0.43887074195053666,0.5298646756882874,1.4488271603142473,-12.879063709693497,2.2398840258163806,9.850901130856023,567,3986.7749999999924,0.42328042328042326,0.5202821869488536,2.562905620015361,-4.538275502580957,13.800652390389864,9.479850910409503,-277,-2690.9699999999793,-0.002067237448981185,-0.0020222408140136983,-0.06993361514282337,0.0,-0.12004724289719482,-0.2976977240526395,-26,-604.5599999999995,-0.001677418203556491,-0.005856092983692718,-0.4111101568441704,-0.5484190341421913,-4.475184221623515,-0.9596849177097315
sig_iv_price_resid_signed,veto0.18,4259,30034.544999999984,0.43836581357126087,0.5297018079361352,1.4511324029788877,-13.135392534370835,2.1998742398423365,9.909858678688144,565,4014.274999999992,0.4230088495575221,0.5203539823008849,2.5958063610904722,-4.538275502580957,13.902819111961126,9.57047850306416,-304,-2608.5449999999837,-0.002572165828256978,-0.0021851085661659386,-0.06762837247818299,-0.25632882467733786,-0.16005702887123885,-0.23874017622051902,-28,-577.06,-0.0019489919264576439,-0.005784297631661439,-0.3782094157690592,-0.5484190341421913,-4.373017500052253,-0.8690573250550742
sig_iv_price_resid_signed,veto0.19,4243,30732.624999999985,0.44001885458402074,0.5302851755833137,1.477737940274956,-12.879063709693497,2.275366883213801,10.156913051295131,563,3978.1249999999923,0.4227353463587922,0.5204262877442274,2.424141811860368,-4.98789970596078,12.52739802581222,9.532301698172414,-320,-1910.464999999982,-0.0009191248154971077,-0.0016017409189874598,-0.04102283518211469,0.0,-0.08456438549977419,0.008314196386468353,-30,-613.2099999999996,-0.0022224951251875735,-0.005711992188318971,-0.5498739649991635,-0.9980432375220145,-5.748438586201159,-0.9072341299468203
sig_iv_price_resid_signed,veto0.20,4227,31310.144999999982,0.4402649633309676,0.5308729595457772,1.4936424646704696,-12.879063709693497,2.3012658709739204,10.388953517694645,562,4365.1149999999925,0.42526690391459077,0.5231316725978647,2.6598664769224474,-4.98789970596078,13.842674399511399,10.456013917989145,-336,-1332.9449999999852,-0.0006730160685502473,-0.0010139569565239537,-0.025118310786601095,0.0,-0.058665397739654956,0.2403546627859825,-31,-226.21999999999935,0.0003090624306110179,-0.0030066073346816102,-0.31414929993708407,-0.9980432375220145,-4.43316221250198,0.01647808986990995
sig_iv_price_resid_signed,veto0.21,4206,31357.40999999999,0.4400855920114123,0.5306704707560628,1.4929337540648637,-12.879063709693497,2.3033723554896173,10.469052979920189,560,4342.904999999995,0.42678571428571427,0.5232142857142857,2.634743197560508,-5.231522964218537,13.12565824138027,10.376111818848178,-357,-1285.6799999999785,-0.0008523873881055577,-0.0012164457462383593,-0.02582702139220694,0.0,-0.05655891322395812,0.32045412501152626,-33,-248.42999999999665,0.0018278728017345203,-0.002923994218260617,-0.33927257929902366,-1.2416664957797714,-5.150178370633109,-0.06342400927105629
sig_iv_price_resid_signed,veto0.22,4179,30110.084999999985,0.43910026322086626,0.5300311079205552,1.4589955231834817,-12.879063709693497,2.2471107662201413,10.113359320327739,557,4260.279999999995,0.4254937163375224,0.526032315978456,2.6107143423338326,-5.231522964218537,12.856812377202028,10.261907124764052,-384,-2533.004999999983,-0.0018377161786515828,-0.0018558085817459435,-0.059765252273588976,0.0,-0.11282050249343412,-0.035239534580924214,-36,-331.05499999999665,0.0005358748535426727,-0.00010596395409034898,-0.36330143452569885,-1.2416664957797714,-5.419024234811351,-0.17762870335518244
sig_iv_price_resid_signed,veto0.23,4153,29428.099999999984,0.4384782085239586,0.5294967493378281,1.4462357896312517,-12.879063709693497,2.2157422561826228,9.94602000857447,555,4374.109999999995,0.42702702702702705,0.5261261261261261,2.646328944536765,-5.231522964218537,13.227374735026185,10.577378810565687,-410,-3214.9899999999834,-0.002459770875559264,-0.002390167164473045,-0.07252498582581901,0.0,-0.14418901253095262,-0.20257884633419287,-38,-217.22499999999673,0.0020691855430473027,-1.2153806420278634e-05,-0.32768683232276663,-1.2416664957797714,-5.048461876987194,0.1378429824464522
sig_iv_price_resid_signed,veto0.24,4139,28814.619999999988,0.43754530079729403,0.5281468953853588,1.418695900485559,-13.57174349891401,2.075515382765341,9.764553069681835,553,4674.089999999995,0.42857142857142855,0.5280289330922242,2.7742264587696024,-5.231522964218537,14.21024367385564,11.3294628716363,-424,-3828.4699999999793,-0.0033926786022238087,-0.0037400211169423825,-0.10006487497151162,-0.692679789220513,-0.2844158859482344,-0.384045785226828,-40,82.75500000000284,0.0036135870874487996,0.0018906531596778464,-0.19978931808992906,-1.2416664957797714,-4.065592938157739,0.8899270435170656
sig_iv_price_resid_signed,veto0.25,4122,29271.78499999999,0.4378942261038331,0.5278990781174188,1.4377386599933533,-13.443323694337602,2.1157925191070777,9.95726494999645,553,4245.769999999996,0.42495479204339964,0.5244122965641953,2.5743412699530457,-5.231522964218537,12.80967173275449,10.296674765086795,-441,-3371.3049999999785,-0.003043753295684737,-0.0039878383848823695,-0.0810221154637174,-0.5642599846441048,-0.24413874960649773,-0.19133390491221292,-40,-345.56499999999596,-3.049440580105145e-06,-0.0017259833683510584,-0.39967450690648576,-1.2416664957797714,-5.466164879258889,-0.14286106303243962
sig_iv_price_resid_signed,veto0.26,4101,29019.22999999999,0.4367227505486467,0.5271884906120459,1.4315480771733597,-13.290871461192443,2.1286589270602905,9.913008141829051,546,3906.989999999996,0.42124542124542125,0.5201465201465202,2.378985699983828,-5.231522964218537,11.715188097427566,9.54483923855098,-462,-3623.8599999999788,-0.004215228850871167,-0.0046984258902552645,-0.08721269828371092,-0.4118077514989462,-0.23127234165328492,-0.23559071307961155,-47,-684.3449999999957,-0.0037124202385585003,-0.005991759786026174,-0.5950300768757035,-1.2416664957797714,-6.560648514585813,-0.8946965895682553
sig_iv_price_resid_signed,veto0.27,4096,29662.509999999995,0.437744140625,0.5283203125,1.451832818628089,-13.228153020502706,2.1678147988851597,10.138260015068019,543,3682.4999999999964,0.42173112338858193,0.5156537753222836,2.2906371397701237,-5.356079204304538,10.740767201080239,9.025151313738514,-467,-2980.5799999999726,-0.003193838774517843,-0.0035666040023011325,-0.06692795682898156,-0.3490893108092088,-0.19211646982841568,-0.010338839840644098,-50,-908.8349999999955,-0.003226718095397818,-0.010484504610262735,-0.6833786370894077,-1.3662227358657724,-7.53506941093314,-1.4143845143807212
sig_iv_price_resid_signed,veto0.28,4085,29490.31499999999,0.4376988984088127,0.5282741738066096,1.447647288294042,-13.162547013958612,2.1708394627326406,10.110022542126867,541,3669.2949999999955,0.4214417744916821,0.5138632162661737,2.253316008754079,-5.356079204304538,10.699635156750945,9.01003203227536,-478,-3152.774999999976,-0.0032390809907051343,-0.003612742695691562,-0.07111348716302857,-0.2834833042651148,-0.18909180598093478,-0.03857631278179596,-52,-922.0399999999963,-0.003516066992297673,-0.012275063666372654,-0.7206997681054523,-1.3662227358657724,-7.576201455262433,-1.4295037958438748
sig_iv_price_resid_signed,veto0.29,4077,29374.14499999999,0.4375766494971793,0.5280843757664949,1.4500966628238505,-13.095449812391566,2.176670593522503,10.098810323797736,541,3712.159999999995,0.4232902033271719,0.5138632162661737,2.2492052370683844,-5.356079204304538,10.833219699417434,9.095667003165692,-486,-3268.944999999978,-0.003361329902338561,-0.0038025407358062147,-0.06866411263322014,-0.21638610269806868,-0.1832606751910726,-0.04978853111092718,-52,-879.174999999997,-0.0016676381568078713,-0.012275063666372654,-0.7248105397911471,-1.3662227358657724,-7.442616912595945,-1.3438688249535424
sig_iv_price_resid_signed,veto0.30,4071,29567.264999999992,0.437975927290592,0.5283714075165807,1.4584765922512242,-12.879063709693497,2.2221790761823783,10.17533584295399,541,3712.159999999995,0.4232902033271719,0.5138632162661737,2.2492052370683844,-5.356079204304538,10.833219699417434,9.095667003165692,-492,-3075.8249999999753,-0.002962052108925861,-0.0035155089857203947,-0.0602841832058465,0.0,-0.13775219253119708,0.02673698804532698,-52,-879.174999999997,-0.0016676381568078713,-0.012275063666372654,-0.7248105397911471,-1.3662227358657724,-7.442616912595945,-1.3438688249535424
sig_iv_price_resid_signed,veto0.35,4069,29410.554999999993,0.4379454411403293,0.5283853526665028,1.4521395011886045,-12.879063709693497,2.214929427581938,10.125018379436181,541,3712.159999999995,0.4232902033271719,0.5138632162661737,2.2492052370683844,-5.356079204304538,10.833219699417434,9.095667003165692,-494,-3232.5349999999744,-0.0029925382591885485,-0.0035015638357983603,-0.0666212742684662,0.0,-0.1450018411316374,-0.023580475472481766,-52,-879.174999999997,-0.0016676381568078713,-0.012275063666372654,-0.7248105397911471,-1.3662227358657724,-7.442616912595945,-1.3438688249535424
sig_iv_price_resid_signed,veto0.40,4069,29410.554999999993,0.4379454411403293,0.5283853526665028,1.4521395011886045,-12.879063709693497,2.214929427581938,10.125018379436181,541,3712.159999999995,0.4232902033271719,0.5138632162661737,2.2492052370683844,-5.356079204304538,10.833219699417434,9.095667003165692,-494,-3232.5349999999744,-0.0029925382591885485,-0.0035015638357983603,-0.0666212742684662,0.0,-0.1450018411316374,-0.023580475472481766,-52,-879.174999999997,-0.0016676381568078713,-0.012275063666372654,-0.7248105397911471,-1.3662227358657724,-7.442616912595945,-1.3438688249535424
sig_iv_price_resid_signed,veto0.45,4034,30088.43499999999,0.4402578086266733,0.5294992563212693,1.4554806929015274,-14.46757955753272,1.9995013031029523,10.402272190144478,535,3533.549999999995,0.4205607476635514,0.514018691588785,2.1441168646424753,-5.384365507148646,10.223848243220596,8.74810637804306,-529,-2554.654999999977,-0.0006801707728445461,-0.00238766018103187,-0.0632800825555433,-1.588515847839222,-0.3604299656106231,0.25367333523581514,-58,-1057.7849999999967,-0.004397093820428355,-0.012119588343761367,-0.8298989122170561,-1.39450903870988,-8.051988368792783,-1.6914294500761748
sig_iv_price_resid_signed,veto0.50,3978,31807.439999999995,0.4421820010055304,0.5324283559577677,1.51191691779753,-14.735762879486442,2.030592553612248,11.08958058591935,535,3533.549999999995,0.4205607476635514,0.514018691588785,2.1441168646424753,-5.384365507148646,10.223848243220596,8.74810637804306,-585,-835.6499999999724,0.0012440216060125575,0.0005414394554665858,-0.006843857659540653,-1.856699169792945,-0.3293387151013274,0.9409817310106874,-58,-1057.7849999999967,-0.004397093820428355,-0.012119588343761367,-0.8298989122170561,-1.39450903870988,-8.051988368792783,-1.6914294500761748
sig_iv_price_resid_signed,tilt0.01,4563,32671.049999999967,0.44071882533421,0.5321060705676091,1.5199057832038885,-13.216127769818478,2.30092705472881,10.15890352790868,593,4591.334999999992,0.42495784148397975,0.5261382799325464,2.9740157768595314,-3.9898564684387656,18.27583661201338,10.439535828119235,0,27.959999999999127,-0.0002191540653078694,0.00021915406530792492,0.0011450077468178055,-0.33706406012498036,-0.0590042139847653,0.010304673000018028,0,0.0,0.0,0.0,0.0,0.0,0.0,0.0
sig_iv_price_resid_signed,tilt0.02,4563,32569.784999999974,0.44049967126890205,0.5318869165023011,1.5177606279880673,-13.258613298459293,2.2892785202030943,10.126181070433004,593,4591.334999999992,0.42495784148397975,0.5261382799325464,2.9740157768595314,-3.9898564684387656,18.27583661201338,10.439535828119235,0,-73.30499999999302,-0.0004383081306157943,0.0,-0.001000147469003343,-0.37954958876579603,-0.07065274851048109,-0.022417784475658564,0,0.0,0.0,0.0,0.0,0.0,0.0,0.0
sig_iv_price_resid_signed,tilt0.03,4563,32688.974999999973,0.44093797939951784,0.532325224632917,1.5232184932597228,-12.998296328717851,2.340258137705933,10.162264652570522,593,4591.334999999993,0.42495784148397975,0.5261382799325464,2.9740157768595314,-3.9898564684387656,18.27583661201338,10.439535828119237,0,45.885000000005675,0.0,0.00043830813061584983,0.004457717802652139,-0.11923261902435378,-0.019673131007642564,0.013665797661859713,0,9.094947017729282e-13,0.0,0.0,0.0,0.0,0.0,1.7763568394002505e-15
sig_iv_price_resid_signed,tilt0.05,4563,32725.914999999975,0.44049967126890205,0.5321060705676091,1.5184651256817323,-13.004749273637502,2.3406843443641003,10.172957829209619,593,4591.334999999993,0.42495784148397975,0.5261382799325464,2.9740157768595314,-3.9898564684387656,18.27583661201338,10.439535828119237,0,82.825000000008,-0.0004383081306157943,0.00021915406530792492,-0.000295649775338358,-0.1256855639440051,-0.01924692434947506,0.024358974300955794,0,9.094947017729282e-13,0.0,0.0,0.0,0.0,0.0,1.7763568394002505e-15
sig_iv_price_resid_signed,tilt0.07,4563,32207.134999999973,0.4396230550076704,0.5314486083716853,1.502240355566177,-13.21634098277473,2.281171632588118,10.013925289285464,593,4192.889999999993,0.42327150084317033,0.524451939291737,2.662642089634267,-4.554184223123162,14.517699774579086,9.523940402600884,0,-435.95499999999447,-0.0013149243918474385,-0.00043830813061584983,-0.0165204198908937,-0.33727727308123256,-0.07875963612545744,-0.1346735656231992,0,-398.4449999999988,-0.001686340640809414,-0.001686340640809414,-0.3113736872252644,-0.5643277546843963,-3.758136837434293,-0.9155954255183509
sig_iv_price_resid_signed,tilt0.10,4563,32190.55499999997,0.4396230550076704,0.5312294543063774,1.5017381424446063,-13.260037562938514,2.2729486974335744,10.000672292069513,593,4162.909999999993,0.42327150084317033,0.524451939291737,2.6439089756855694,-4.554184223123162,14.40607879959546,9.460144275432254,0,-452.5349999999962,-0.0013149243918474385,-0.0006574621959237748,-0.017022633012464317,-0.38097385324501687,-0.08698257128000098,-0.1479265628391495,0,-428.4249999999993,-0.001686340640809414,-0.001686340640809414,-0.33010680117396207,-0.5643277546843963,-3.8697578124179195,-0.9793915526869803
sig_iv_price_resid_signed,tilt0.15,4563,32778.62499999997,0.44071882533421,0.5318869165023011,1.5220474698467643,-13.170221357891723,2.3135104904641928,10.18767681356878,593,4346.729999999993,0.42495784148397975,0.5261382799325464,2.7702016940807166,-4.548810469821132,15.10996818139317,9.896723427798596,0,135.5350000000035,-0.0002191540653078694,0.0,0.003286694389693645,-0.29115764819822587,-0.04642077824938262,0.03907795866011732,0,-244.60499999999865,0.0,0.0,-0.20381408277881485,-0.5589540013823662,-3.1658684306202094,-0.5428124003206385
sig_iv_price_resid_signed,tilt0.20,4563,32780.189999999966,0.4402805172035941,0.5316677624369932,1.5192028409002727,-13.228736270964403,2.30334312075296,10.195356897160941,593,4179.189999999993,0.42495784148397975,0.5261382799325464,2.700011181589468,-4.583405693522323,14.374446821023968,9.511466497217453,0,137.09999999999854,-0.0006574621959237192,-0.00021915406530792492,0.0004420654432020221,-0.3496725612709053,-0.0565881479606154,0.04675804225227864,0,-412.1449999999986,0.0,0.0,-0.2740045952700636,-0.5935492250835575,-3.901389790989411,-0.9280693309017813
sig_iv_price_resid_signed,tilt0.30,4563,33269.20999999996,0.44049967126890205,0.532325224632917,1.5408470285500737,-13.500903353225358,2.277030353045048,10.356760423048987,593,4312.624999999991,0.42833052276559863,0.5278246205733558,2.813035373752195,-4.517372035098717,15.086497363808325,9.787011304719984,0,626.1199999999953,-0.0004383081306157943,0.00043830813061584983,0.02208625309300305,-0.6218396435318603,-0.0829009156685272,0.2081615681403246,0,-278.71000000000095,0.0033726812816188834,0.001686340640809414,-0.1609804031073363,-0.5275155666599511,-3.1893392482050533,-0.6525245233992507
sig_iv_price_resid_signed,tilt0.50,4563,33517.009999999966,0.44093797939951784,0.5329826868288406,1.5489445995683733,-12.879063709693497,2.3975859308794885,10.451961033908402,593,4049.164999999992,0.42327150084317033,0.524451939291737,2.6483909064413496,-5.059868627404913,12.586032516465291,9.191847306687352,0,873.9199999999983,0.0,0.0010957703265395136,0.030183824111302604,0.0,0.037654662165913066,0.3033621789997394,0,-542.1700000000001,-0.001686340640809414,-0.001686340640809414,-0.3256248704181819,-1.070012158966147,-5.689804095548087,-1.2476885214318827
sig_iv_price_resid_signed,tilt0.75,4563,34728.62999999997,0.4413762875301337,0.5334209949594565,1.5562882965627578,-12.990937227807509,2.4276938985224703,10.80346279418121,593,4228.039999999991,0.42158516020236086,0.5227655986509275,2.680429934660457,-4.285401644128931,15.567478828245441,9.576213526703954,0,2085.540000000001,0.00043830813061584983,0.0015340784571553634,0.037527521105687134,-0.11187351811401136,0.06776262980889491,0.6548639392725466,0,-363.295000000001,-0.0033726812816188834,-0.003372681281618828,-0.29358584219907424,-0.29554517569016525,-2.708357783767937,-0.8633223014152804
sig_iv_price_resid_signed,tilt1.00,4563,34688.87499999997,0.44115713346482577,0.5332018408941486,1.5593121303196162,-12.879063709693497,2.447120242689147,10.750139231059027,593,3511.9449999999897,0.41652613827993257,0.5160202360876898,2.1417669792929495,-4.892635014761428,11.17808846895495,8.037732618989235,0,2045.7850000000035,0.00021915406530792492,0.0013149243918474385,0.040551354862545574,0.0,0.08718897397557157,0.6015403761503642,0,-1079.3900000000021,-0.00843170320404718,-0.010118043844856595,-0.832248797566582,-0.9027785463226623,-7.097748143058428,-2.4018032091299997
parity_balance_wf,veto0.02,4456,35230.30999999997,0.4519748653500898,0.5415170556552962,1.592917089997819,-12.879063709693497,2.4696488247391586,10.990127190495869,588,4041.5199999999923,0.4268707482993197,0.5255102040816326,2.696370351538994,-5.5624797905806105,11.425585441970663,9.120056035657726,-107,2587.220000000001,0.01103688595057195,0.009630139152995043,0.07415631454074822,0.0,0.1097175560255832,0.8415283355872063,-5,-549.8149999999996,0.0019129068153399542,-0.0006280758509137341,-0.2776454253205376,-1.5726233221418449,-6.850251170042716,-1.3194797924615091
parity_balance_wf,veto0.03,4426,36817.309999999976,0.45458653411658384,0.5427022141888839,1.6424332933430412,-12.879063709693497,2.5344363708015063,11.512019072700703,587,3687.1499999999905,0.42589437819420783,0.5229982964224872,2.430985802059666,-5.569040857707652,10.343971727396303,8.285611173232544,-137,4174.220000000008,0.013648554717065997,0.010815297686582737,0.12367251788597056,0.0,0.1745051020879309,1.36342021779204,-6,-904.1850000000013,0.0009365367102280864,-0.0031399835100591744,-0.5430299747998655,-1.5791843892688862,-7.931864884617076,-2.1539246548866906
parity_balance_wf,veto0.04,4395,37482.82499999997,0.4566552901023891,0.5440273037542662,1.6463168887860393,-12.879063709693497,2.561072276497518,11.78353683552132,586,3011.0649999999905,0.4232081911262799,0.5187713310580204,1.9656429623255571,-6.190259662558323,7.503517435307397,6.746819361228227,-168,4839.735000000001,0.015717310702871246,0.01214038725196509,0.12755611332896866,0.0,0.20114100778394262,1.6349379806126567,-7,-1580.2700000000013,-0.0017496503576998612,-0.007366948874525936,-1.0083728145339743,-2.2004031941195574,-10.772319176705981,-3.6927164668910075
parity_balance_wf,veto0.05,4369,37869.734999999964,0.4561684596017395,0.545662623025864,1.6604217932999707,-12.879063709693497,2.576417668015856,11.952808014213419,586,2751.0949999999893,0.42150170648464164,0.5170648464163823,1.8393193768093863,-5.977132749539512,7.064702309367528,6.128474770869542,-194,5226.644999999997,0.015230480202221675,0.013775706523562858,0.14166101784290008,0.0,0.21648639930228075,1.8042091593047562,-7,-1840.2400000000025,-0.003456134999338112,-0.009073433516164076,-1.1346964000501452,-1.9872762811007467,-11.211134302645851,-4.311061057249693
parity_balance_wf,veto0.06,4348,37406.19499999998,0.4558417663293468,0.5450781968721251,1.6461028113823533,-12.879063709693497,2.558020910798643,11.834568802175193,585,2909.4049999999925,0.4205128205128205,0.5162393162393163,1.9643151160000525,-6.056689623426505,7.395648665359006,6.44188310617175,-215,4763.1050000000105,0.014903786929828966,0.013191280369823977,0.1273420359252826,0.0,0.19808964208506774,1.6859699472665302,-8,-1681.9299999999994,-0.00444502097115923,-0.009898963693230067,-1.009700660859479,-2.066833154987739,-10.880187946654374,-3.9976527219474844
parity_balance_wf,veto0.07,4323,37200.83499999998,0.4575526254915568,0.5456858662965534,1.6403467559902085,-12.879063709693497,2.549823668861491,11.822405459743955,583,2949.854999999993,0.4219554030874786,0.5180102915951973,2.0681597653523816,-5.778230378529509,7.865936522871302,6.598810410884485,-240,4557.74500000001,0.016614646092038943,0.013798949794252224,0.12158598053313785,0.0,0.18989240014791564,1.673806604835292,-10,-1641.4799999999987,-0.0030024383965011614,-0.008127988337349068,-0.9058560115071499,-1.7883739100907432,-10.409900089142077,-3.84072541723475
parity_balance_wf,veto0.08,4302,37205.13499999998,0.45792654579265457,0.5453277545327755,1.6458559806298196,-12.879063709693497,2.54999560799057,11.865639856413676,583,2771.654999999992,0.4219554030874786,0.516295025728988,1.9767524193246733,-5.902633511418314,7.210200771228785,6.2260904764450435,-261,4562.045000000013,0.016988566393136728,0.013440838030474356,0.12709520517274897,0.0,0.1900643392769945,1.717041001505013,-10,-1819.6799999999998,-0.0030024383965011614,-0.00984325420355836,-0.9972633575348582,-1.912777042979548,-11.065635840784594,-4.213445351674191
parity_balance_wf,veto0.09,4282,36137.02499999998,0.45656235404016815,0.5439047174217655,1.6218947294943205,-12.879063709693497,2.5068876629717955,11.575875056362554,581,3065.2549999999924,0.423407917383821,0.5180722891566265,2.179295324757907,-5.689434642517234,8.319562604811598,6.9123788489332085,-281,3493.935000000012,0.015624374640650307,0.012017800919464361,0.10313395403724979,0.0,0.14695639425822016,1.427276201453891,-12,-1526.0799999999995,-0.0015499241001587505,-0.008065990775919851,-0.7947204521016245,-1.6995781740784688,-9.956274007201781,-3.527156979186026
parity_balance_wf,veto0.10,4263,35102.95499999998,0.45625146610368283,0.5435139573070608,1.5972519911971215,-12.879063709693497,2.4643696062786287,11.298689510629282,581,2995.4549999999927,0.423407917383821,0.5163511187607573,2.1150753136268463,-5.717337851574528,8.079656735999375,6.749820689350565,-300,2459.8650000000125,0.015313486704164991,0.011627040804759625,0.0784912157400508,0.0,0.10443833756505327,1.1500906557206196,-12,-1595.8799999999992,-0.0015499241001587505,-0.009787161171789016,-0.8589404632326851,-1.7274813831357623,-10.196179876014003,-3.68971513876867
parity_balance_wf,veto0.11,4241,34937.28999999998,0.45649610940815843,0.5437396840367837,1.5980809949942036,-12.879063709693497,2.4574840761824737,11.300722881870332,581,2994.3649999999925,0.423407917383821,0.5163511187607573,2.114311790526035,-5.717337851574528,8.076548223791763,6.747198811700372,-322,2294.2000000000116,0.015558130008640592,0.011852767534482611,0.07932021953713297,0.0,0.09755280746889827,1.152124026961669,-12,-1596.9699999999993,-0.0015499241001587505,-0.009787161171789016,-0.8597039863334963,-1.7274813831357623,-10.199288388221616,-3.692337016418863
parity_balance_wf,veto0.12,4215,34218.68499999998,0.45504151838671414,0.5428232502965599,1.5720116818270178,-12.879063709693497,2.4273744513957776,11.134867528870005,580,3207.759999999993,0.42586206896551726,0.5189655172413793,2.2832706919445678,-5.717337851574528,8.687345352389523,7.234245620112331,-348,1575.5950000000157,0.014103538987196296,0.010936333794258735,0.053250906369947115,0.0,0.06744318268220217,0.9862686739613427,-13,-1383.574999999999,0.0009042274815375118,-0.007172762691167067,-0.6907450849149637,-1.7274813831357623,-9.588491259623856,-3.205290208006904
parity_balance_wf,veto0.13,4201,33420.60499999998,0.4544156153296834,0.5417757676743632,1.5406689333084298,-13.208960643184419,2.333685302862913,10.908889928257551,577,3254.664999999993,0.42634315424610053,0.5199306759098787,2.45587368170823,-4.94471506826662,10.200687198193325,7.388323250052706,-362,777.515000000014,0.013477635930165544,0.009888851172062063,0.021908157851359134,-0.32989693349092164,-0.02624596585066241,0.7602910733488883,-16,-1336.6699999999987,0.0013853127621207828,-0.006207604022667623,-0.5181420951513016,-0.9548585998278547,-8.075149413820053,-3.0512125780665285
parity_balance_wf,veto0.14,4177,32902.71499999999,0.45463251137179794,0.541776394541537,1.520793605882467,-13.531926028190286,2.2567828011867097,10.815875408766903,576,3103.4649999999933,0.4270833333333333,0.5190972222222222,2.3188352223961655,-4.984315696435072,9.621891347408623,7.046939252813912,-386,259.6250000000218,0.0136945319722801,0.0098894780392359,0.0020328304253962592,-0.6528623184967888,-0.10314846752686568,0.6672765538582404,-17,-1487.8699999999985,0.002125491849353567,-0.00704105771032415,-0.655180554463366,-0.9944592279963063,-8.653945264604756,-3.3925965753053227
parity_balance_wf,veto0.15,4166,32683.764999999992,0.45463274123859815,0.5417666826692271,1.5156313958529974,-13.337465950159128,2.28052735364418,10.774423699841199,574,3436.9849999999933,0.43031358885017423,0.5226480836236934,2.519639986558874,-4.9333983285064695,10.83391521988819,7.845389232983725,-397,40.67500000002474,0.013694761839080305,0.009879766166925985,-0.0031293796040732236,-0.45840224046563094,-0.07940391506939548,0.6258248449325361,-19,-1154.3499999999985,0.0053557473661944854,-0.003490196308852944,-0.45437579030065756,-0.9435418600677039,-7.441921392125188,-2.59414659513551
parity_balance_wf,veto0.16,4147,33660.889999999985,0.4552688690619725,0.5420786110441282,1.5363370945064736,-13.199380936910535,2.3453933042391677,11.134000001719999,573,3266.594999999994,0.4293193717277487,0.5218150087260035,2.545983480664996,-4.1543694430852405,12.188561514320105,7.434611348303163,-416,1017.8000000000175,0.01433088966245466,0.010191694541827112,0.017576319049402933,-0.32031722721703737,-0.014537964474407694,0.985401146811336,-20,-1324.739999999998,0.004361530243768952,-0.004323271206542856,-0.42803229619453553,-0.16451297464647485,-6.087275097693274,-3.004924479816072
parity_balance_wf,veto0.17,4130,33211.61499999999,0.45544794188861987,0.5411622276029056,1.5239424905142098,-13.205816372321602,2.3254983147910298,11.036629026424908,573,3473.8349999999937,0.42757417102966844,0.5200698080279232,2.738272884477189,-4.198778701865454,12.87477575471948,7.933950493360298,-433,568.5250000000233,0.014509962489102024,0.009275311100604422,0.005181715057139158,-0.3267526626281043,-0.03443295392254564,0.8880301715162453,-20,-1117.4999999999982,0.0026163295456886893,-0.006068471904623118,-0.23574289238234236,-0.20892223342668803,-5.401060857293899,-2.505585334758937
parity_balance_wf,veto0.18,4108,33102.56499999999,0.45569620253164556,0.5421129503407984,1.5103951573819236,-13.510336786221123,2.268609571001158,11.036677471992512,572,3584.8849999999943,0.42832167832167833,0.5209790209790209,2.8111537243638955,-4.162355697256111,13.430398326209708,8.226047093507788,-455,459.4750000000204,0.014758223132127712,0.010226033838497295,-0.008365618075147019,-0.6312730765276253,-0.09132169771241738,0.888078617083849,-21,-1006.4499999999975,0.003363836837698586,-0.005159258953525425,-0.1628620524956359,-0.1724992288173457,-4.84543828580367,-2.213488734611447
parity_balance_wf,veto0.19,4095,33008.83499999999,0.4559218559218559,0.5418803418803418,1.4998491524210253,-13.790036963313598,2.2188224679556456,11.03431039510844,570,3498.4249999999947,0.4280701754385965,0.5210526315789473,2.7228066796201107,-4.20655493168949,12.947891052908,8.063820915489748,-468,365.74500000002445,0.014983876522338069,0.00999342537804071,-0.018911623036045322,-0.9109732536201012,-0.14110880075792975,0.885711540199777,-23,-1092.9099999999971,0.0031123339546167417,-0.005085648353599037,-0.25120909723942075,-0.21669846325072406,-5.327945559105379,-2.375714912629487
parity_balance_wf,veto0.20,4078,32693.444999999992,0.4558607160372732,0.5419323197645904,1.5016040521590115,-13.557099704096903,2.2439805195282014,10.97679413145523,569,3727.904999999995,0.4288224956063269,0.5202108963093146,2.963694125068554,-4.199450248271367,13.87958963255732,8.618118391181913,-485,50.35500000002503,0.01492273663775534,0.01004540326228931,-0.017156723298059173,-0.6780359944034053,-0.11595074918537396,0.8281952765465679,-24,-863.4299999999967,0.0038646541223471553,-0.005927383623231752,-0.010321651790977437,-0.20959377983260108,-4.396246979456059,-1.8214174369373222
parity_balance_wf,veto0.21,4061,32402.994999999995,0.45604530903718293,0.5419847328244275,1.5072249195393312,-13.554820775946977,2.2323460293230255,10.915484666559564,568,3917.5349999999944,0.4295774647887324,0.5211267605633803,3.1276442204348105,-4.199450248271367,14.636573874566126,9.096104858634892,-502,-240.09499999997206,0.01510732963766509,0.010097816322126363,-0.011535855917739424,-0.67575706625348,-0.1275852393905499,0.7668858116509014,-25,-673.7999999999975,0.004619623304752629,-0.005011519369166106,0.15362844357527905,-0.20959377983260108,-3.639262737447252,-1.3434309694843432
parity_balance_wf,veto0.22,4040,32417.18999999999,0.4561881188118812,0.5420792079207921,1.5077861918860649,-13.576095379301064,2.229435483110782,10.994799504221119,566,4016.804999999995,0.4293286219081272,0.5229681978798587,3.2496443639914037,-4.199450248271367,15.034706211984263,9.33540409480879,-523,-225.899999999976,0.015250139412363362,0.010192291418490984,-0.01097458357100578,-0.6970316696075667,-0.1304957856027933,0.8462006493124559,-27,-574.529999999997,0.004370780424147458,-0.0031700820526876505,0.2756285871318722,-0.20959377983260108,-3.2411304000291157,-1.1041317333104441
parity_balance_wf,veto0.23,4028,32118.085,0.4558093346573982,0.541708043694141,1.498722860494393,-13.709385560306607,2.195463156589349,10.91286680945525,564,4324.9549999999945,0.4308510638297872,0.524822695035461,3.4656599552145817,-2.2473543811323453,30.418576237832806,10.088040940378459,-535,-525.0049999999683,0.014871355257880359,0.009821127191839918,-0.020037914962677705,-0.8303218506131103,-0.16446811212422618,0.7642679545465878,-29,-266.3799999999974,0.0058932223458074695,-0.0013155848970853867,0.49164417835505025,1.7425020873064203,12.142739625819427,-0.35149488774077575
parity_balance_wf,veto0.24,4009,32837.685,0.4569718134198054,0.5422798702918433,1.5238212036041938,-13.626761404770985,2.2384180036134387,11.193615303473521,564,4354.864999999995,0.4326241134751773,0.526595744680851,3.3928729027472135,-2.314299449862958,29.75892873400814,10.141227077612937,-554,194.59500000003027,0.016033834020287574,0.010392953789542192,0.005060428147123153,-0.7476976950774876,-0.12151326510013671,1.0450164485648585,-29,-236.46999999999662,0.007666271991197571,0.000457464748304659,0.4188571258876821,1.6755570185758075,11.483092121994762,-0.29830875050629757
parity_balance_wf,veto0.25,3991,32912.45,0.4572788774743172,0.5427211225256828,1.5386825166534248,-13.333998986353699,2.290688465871238,11.290950491409669,563,4828.604999999994,0.4351687388987567,0.5293072824156305,3.681769362730596,-2.3184522266720315,33.21538406382714,11.25031017189055,-572,269.3600000000297,0.01634089807479938,0.010834206023381698,0.019921741196354148,-0.4549352766602013,-0.06924280284233753,1.1423516365010062,-30,237.27000000000226,0.010210897414776932,0.00316900248308416,0.7077535858710644,1.671404241766734,14.939547451813759,0.8107743437713157
parity_balance_wf,veto0.26,3974,32990.975000000006,0.45822848515349773,0.5437845998993458,1.5409612018032606,-13.423727692119137,2.2786307066815894,11.377381915904838,563,4501.484999999993,0.42984014209591476,0.5239786856127886,3.5324239533757087,-2.315575484318042,30.824645698516022,10.475178874485211,-589,347.8850000000384,0.01729050575397989,0.011897683397044667,0.022200426346189905,-0.5446639824256394,-0.08130056203198599,1.2287830609961752,-30,-89.84999999999854,0.004882300611935009,-0.0021595943197577627,0.5584081765161772,1.6742809841207236,12.548809086502644,0.03564304636597626
parity_balance_wf,veto0.27,3963,32106.51000000001,0.45697703759777947,0.5427706283118849,1.5256182545947499,-13.220743605997226,2.276113084228478,11.07775538830425,563,4401.834999999994,0.4280639431616341,0.522202486678508,3.387347382760241,-2.9483768010088776,23.630812354658595,10.279252598866188,-600,-536.5799999999581,0.016039058198261624,0.010883711809583807,0.006857479137679201,-0.3416798963037291,-0.08381818448509737,0.929156533395588,-30,-189.49999999999818,0.0031061016776543493,-0.003935793254038367,0.4133316059007095,1.041479667429888,5.354975742645216,-0.1602832292530465
parity_balance_wf,veto0.28,3936,31467.58000000001,0.4563008130081301,0.5424288617886179,1.5189435470159423,-13.061966515238593,2.2759526561396157,10.930671875351166,560,4046.754999999993,0.42857142857142855,0.5196428571428572,3.0929385791679196,-2.9466721876052473,21.598254460544183,9.573085958836772,-627,-1175.5099999999584,0.015362833608612236,0.0105419452863168,0.00018277155887158614,-0.18290280554509586,-0.08397861257395967,0.7820730204425033,-33,-544.579999999999,0.0036135870874487996,-0.006495422789689176,0.11892280230838814,1.0431842808335183,3.3224178485308045,-0.8664498692824623
parity_balance_wf,veto0.29,3916,31086.755000000005,0.4573544433094995,0.5423901940755873,1.505991456712117,-12.984409740163708,2.272693400732184,10.835575614907295,559,4139.364999999993,0.4275491949910555,0.518783542039356,3.1284251950493616,-3.3518339318642787,19.45473632380328,9.77858963546722,-647,-1556.3349999999627,0.016416463909981638,0.010503277573286174,-0.012769318744953573,-0.1053460304702103,-0.08723786798139122,0.6869767599986325,-34,-451.96999999999844,0.002591353507075733,-0.007354737893190411,0.15440941818983012,0.6380225365744869,1.178899711789903,-0.6609461926520144
parity_balance_wf,veto0.30,3894,30623.235000000008,0.4565998972778634,0.5413456599897278,1.495996992846458,-13.029385556758333,2.244233273028527,10.726416959034568,559,4248.624999999993,0.4293381037567084,0.5205724508050089,3.216434710279656,-3.3518339318642787,20.00773574226117,10.038894995562538,-669,-2019.8549999999595,0.015661917878345533,0.009458743487426702,-0.022763782610612626,-0.15032184706483598,-0.11569799568504857,0.577818104125905,-34,-342.7099999999991,0.004380262272728641,-0.005565829127537447,0.24241893342012455,0.6380225365744869,1.7318991302477897,-0.4006408325566966
parity_balance_wf,veto0.35,3813,30355.54500000001,0.4555468135326515,0.5415683189089956,1.4983567191374727,-13.310455114638186,2.1851030676703433,10.913920821905775,551,5012.6249999999945,0.4337568058076225,0.5263157894736842,4.143347482506559,-4.0461101521078895,19.821742954360836,11.982402980215232,-750,-2287.5449999999582,0.01460883413313363,0.009681402406694462,-0.020404056319597963,-0.43139140494468897,-0.17482820104323205,0.7653219669971119,-42,421.2900000000027,0.008798964323642744,0.00017750954113782136,1.1693317056470272,-0.056253683669123866,1.5459063423474575,1.5428671520959973
parity_balance_wf,veto0.40,3700,31196.040000000008,0.457027027027027,0.5454054054054054,1.518926124137741,-13.815650333706792,2.1405109041108075,11.551247282057505,537,4916.734999999993,0.4338919925512104,0.527001862197393,3.580173900821388,-3.9630045711447313,19.817058556678777,12.173797317757675,-863,-1447.0499999999593,0.01608904762750918,0.013518488903104253,0.0001653486806703075,-0.9365866240132945,-0.21942036460276793,1.4026484271488417,-56,325.40000000000146,0.008934151067230667,0.0008635822648466185,0.6061581239618565,0.026851897294034366,1.5412219446653985,1.73426148963844
parity_balance_wf,veto0.45,3603,29589.505000000012,0.45323341659728006,0.5428809325562032,1.4671576314110324,-14.196074086716187,2.0169528522354283,11.304761290566114,531,4653.999999999992,0.4331450094161959,0.527306967984934,3.3726500902506653,-4.265665062515116,17.34673664060661,11.657557373517735,-960,-3053.5849999999555,0.012295437197762216,0.010994016053902045,-0.051603144046038274,-1.3170103770226902,-0.3429784164781471,1.1561624356574516,-62,62.664999999999964,0.008187167932216133,0.0011686880523876786,0.39863431339113387,-0.2758085940763504,-0.9290999714067674,1.2180215453985
parity_balance_wf,veto0.50,3495,26608.55500000001,0.45064377682403434,0.5416309012875536,1.3842660434012408,-15.280475422824185,1.7540876152707137,10.522517016775215,517,4615.90499999999,0.43520309477756286,0.5203094777562862,3.179294675067583,-3.5817869338196293,20.475855379047847,12.122044928122328,-1068,-6034.534999999956,0.009705797424516494,0.009743984785252513,-0.13449473205582985,-2.4014117131306882,-0.6058436534428617,0.3739181618665519,-76,24.56999999999789,0.010245253293583112,-0.005828802176260139,0.20527889820805134,0.4080695346191363,2.200018767034468,1.6825091000030934
parity_balance_wf,tilt0.01,4563,32920.524999999965,0.44115713346482577,0.532325224632917,1.5219941034464068,-12.884301337557865,2.3709886709691714,10.23549884264843,593,4591.334999999992,0.42495784148397975,0.5261382799325464,2.9740157768595314,-3.9898564684387656,18.27583661201338,10.439535828119235,0,277.4349999999977,0.00021915406530792492,0.00043830813061584983,0.0032333279893361766,-0.0052376278643677665,0.011057402255596038,0.08689998773976804,0,0.0,0.0,0.0,0.0,0.0,0.0,0.0
parity_balance_wf,tilt0.02,4563,33081.854999999974,0.4413762875301337,0.5325443786982249,1.5286080963006372,-12.879063709693497,2.3789143802527413,10.28442232098126,593,4591.334999999993,0.42495784148397975,0.5261382799325464,2.9740157768595314,-3.9898564684387656,18.27583661201338,10.439535828119237,0,438.7650000000067,0.00043830813061584983,0.0006574621959237748,0.009847320843566543,0.0,0.018983111539165876,0.13582346607259765,0,9.094947017729282e-13,0.0,0.0,0.0,0.0,0.0,1.7763568394002505e-15
parity_balance_wf,tilt0.03,4563,32876.51499999998,0.44093797939951784,0.5321060705676091,1.518116158208427,-12.94684686066668,2.357641746245836,10.219368570662029,593,4591.334999999993,0.42495784148397975,0.5261382799325464,2.9740157768595314,-3.9898564684387656,18.27583661201338,10.439535828119237,0,233.4250000000102,0.0,0.00021915406530792492,-0.0006446172486436197,-0.06778315097318277,-0.002289522467739502,0.07076971575336621,0,9.094947017729282e-13,0.0,0.0,0.0,0.0,0.0,1.7763568394002505e-15
parity_balance_wf,tilt0.05,4563,32781.364999999976,0.44071882533421,0.5321060705676091,1.517447587386175,-12.91825280709356,2.358753531226626,10.185371321177175,593,4480.714999999993,0.42495784148397975,0.5261382799325464,2.8897196423960407,-3.9898564684387656,17.80042513737666,10.208760908872168,0,138.27500000000873,-0.0002191540653078694,0.00021915406530792492,-0.0013131880708956434,-0.03918909740006349,-0.0011777374869494928,0.036772466268512716,0,-110.61999999999898,0.0,0.0,-0.08429613446349071,0.0,-0.4754114746367186,-0.23077491924706628
parity_balance_wf,tilt0.07,4563,32703.989999999976,0.44071882533421,0.5318869165023011,1.5151271575080807,-12.879063709693497,2.362575609515027,10.157179165626477,593,4469.374999999993,0.42495784148397975,0.5261382799325464,2.8846465256054685,-3.9898564684387656,17.751781188757867,10.180293843910382,0,60.90000000000873,-0.0002191540653078694,0.0,-0.0036336179489899756,0.0,0.0026443408014515946,0.008580310717814399,0,-121.95999999999913,0.0,0.0,-0.08936925125406292,0.0,-0.5240554232555112,-0.25924198420885247
parity_balance_wf,tilt0.10,4563,32476.854999999974,0.44093797939951784,0.5318869165023011,1.505091467156403,-13.01691042244902,2.327782797496316,10.092334536730805,593,4603.534999999993,0.42495784148397975,0.5261382799325464,2.989101436161849,-3.2999795709908137,22.160003133496442,10.530053254879087,0,-166.2349999999933,0.0,0.0,-0.013669308300667593,-0.13784671275552363,-0.03214847121725928,-0.05626431817785793,0,12.200000000000728,0.0,0.0,0.015085659302317644,0.6898768974479519,3.8841665214830634,0.09051742675985253
parity_balance_wf,tilt0.15,4563,31962.164999999975,0.44115713346482577,0.5318869165023011,1.4845866076137066,-13.187111257774852,2.275720925336453,9.939176113660395,593,4600.064999999992,0.42495784148397975,0.5261382799325464,3.0207088242425124,-3.3009155609394374,22.13565739848226,10.521280934130147,0,-680.924999999992,0.00021915406530792492,0.0,-0.03417416784336402,-0.3080475480813547,-0.08421034337712241,-0.2094227412482681,0,8.730000000000473,0.0,0.0,0.04669304738298097,0.6889409074993282,3.8598207864688803,0.08174510601091178
parity_balance_wf,tilt0.20,4563,32308.47999999998,0.4418145956607495,0.5325443786982249,1.487054158752915,-13.329722551724767,2.2660540408421546,10.02623577540398,593,4826.054999999991,0.42495784148397975,0.5295109612141653,3.06257627329359,-3.260270212448172,23.606682602040465,11.03813304435374,0,-334.60999999998603,0.0008766162612316442,0.0006574621959237748,-0.031706616704155755,-0.45065884203127027,-0.09387722787142083,-0.12236307950468195,0,234.71999999999935,0.0,0.003372681281618939,0.0885604964340585,0.7295862559905935,5.330845990027086,0.5985972162345057
parity_balance_wf,tilt0.30,4563,32540.06499999998,0.4415954415954416,0.5340784571553803,1.4936724857481263,-13.364606386442226,2.2698761065384203,10.105269117157437,593,4129.159999999991,0.41989881956155145,0.524451939291737,2.706344540180552,-4.094083697932578,15.885422272453994,9.370486132149804,0,-103.0249999999869,0.0006574621959237748,0.002191540653079138,-0.02508828970894439,-0.48554267674872875,-0.09005516217515508,-0.043329737751225395,0,-462.1750000000011,-0.005059021922428297,-0.001686340640809414,-0.2676712366789795,-0.10422722949381225,-2.390414339559385,-1.0690496959694311
parity_balance_wf,tilt0.50,4563,30321.079999999987,0.43984220907297833,0.5321060705676091,1.4103746676823763,-13.547884198522695,2.1453191814519696,9.379266261883663,593,4358.31499999999,0.4266441821247892,0.524451939291737,3.137287107181023,-3.795366671221746,18.161592001692316,9.895523269146475,0,-2322.00999999998,-0.0010957703265395136,0.00021915406530792492,-0.10838610777469437,-0.6688204888291978,-0.21461208726160574,-0.7693325930250001,0,-233.02000000000226,0.0016863406408094694,-0.001686340640809414,0.16327133032149144,0.19448979721701942,-0.11424461032106237,-0.54401255897276
parity_balance_wf,tilt0.75,4563,29537.064999999977,0.438088976550515,0.5312294543063774,1.3761331245723194,-14.417424613578628,1.9838228301264875,9.108362727219793,593,4634.494999999989,0.42495784148397975,0.5227655986509275,3.226875536038138,-4.972643446047458,14.813005616053273,10.50481891662773,0,-3106.0249999999905,-0.0028490028490028574,-0.0006574621959237748,-0.14262765088475127,-1.5383609038851311,-0.37610843858708787,-1.0402361276888694,0,43.159999999997126,0.0,-0.003372681281618828,0.2528597591786066,-0.9827869776086926,-3.462830995960106,0.06528308850849562
parity_balance_wf,tilt1.00,4563,31490.28999999998,0.4418145956607495,0.5347359193513039,1.450613133350243,-13.850047852040712,2.1473871924405707,9.704246026164792,593,4840.094999999993,0.4317032040472175,0.5278246205733558,3.5494548690157126,-4.606849902637682,16.75919798935091,11.00425246897383,0,-1152.7999999999884,0.0008766162612316442,0.002849002849002802,-0.06814764210682767,-0.9709841423472145,-0.21254407627300465,-0.4443528287438703,0,248.76000000000113,0.006745362563237767,0.001686340640809414,0.5754390921561812,-0.6169934341989167,-1.5166386226624695,0.5647166408545949
parity_balance_chg_wf,veto0.02,4545,33373.824999999975,0.44246424642464244,0.5328932893289329,1.5368436597220827,-12.950114318114036,2.378338376653382,10.39520519814067,592,4230.724999999991,0.4206081081081081,0.5236486486486487,2.6439689246875107,-5.453568672975765,12.241250563503476,9.494501089997364,-18,730.7350000000079,0.0015262670251245947,0.0010063728266317407,0.018082884265012034,-0.07105060842053845,0.01840710793980671,0.24660634323200803,-1,-360.6100000000006,-0.004349733375871634,-0.0024896312838976753,-0.3300468521720208,-1.463712204536999,-6.034586048509903,-0.9450347381218709
parity_balance_chg_wf,veto0.03,4538,33609.76499999998,0.44270603790215957,0.5328338475099162,1.5454600857239607,-13.016571684473794,2.376176007565327,10.479810944260636,591,4138.34499999999,0.4196277495769882,0.5228426395939086,2.654489353528846,-5.60205582849657,11.637115656708119,9.247235445644709,-25,966.6750000000102,0.0017680585026417228,0.000946931007615115,0.026699310266889986,-0.13750797478029675,0.016244738851751706,0.33121208935197366,-2,-452.9900000000016,-0.005330091906991574,-0.0032956403386377175,-0.31952642333068537,-1.6121993600578044,-6.63872095530526,-1.1923003824745262
parity_balance_chg_wf,veto0.04,4535,34795.10499999998,0.4436604189636163,0.5338478500551268,1.5801114464162338,-12.879063709693497,2.451557886736902,10.840470227304605,589,3816.634999999991,0.4159592529711375,0.5212224108658744,2.5157260759552087,-5.710529212426767,10.466920856829415,8.568957291438624,-28,2152.015000000014,0.0027224395640984556,0.001960933552825672,0.061350670959163134,0.0,0.0916266180233265,0.6918713723959424,-4,-774.7000000000007,-0.008998588512842243,-0.004915869066671963,-0.45828970090432275,-1.7206727439880014,-7.808915755183964,-1.8705785366806111
parity_balance_chg_wf,veto0.05,4529,35585.27499999998,0.4449105762861559,0.5354382865974829,1.6048743763006978,-12.879063709693497,2.4842992798770744,11.091397898058416,589,3823.9449999999906,0.41765704584040747,0.5195246179966044,2.505910348043331,-5.717294974106728,10.475966598734939,8.602142918201961,-34,2942.185000000012,0.003972596886638036,0.003551370095181805,0.08611360084362718,0.0,0.12436801116349905,0.942799043149753,-4,-767.3900000000012,-0.007300795643572278,-0.006613661935941928,-0.4681054288162003,-1.727438505667962,-7.79987001327844,-1.8373929099172734
parity_balance_chg_wf,veto0.06,4521,35580.13499999998,0.44481309444813094,0.5352798053527981,1.607935332024562,-12.879063709693497,2.4840878029954947,11.10359414301674,587,3798.4049999999907,0.41737649063032367,0.5195911413969335,2.558171988725677,-4.90859062162558,12.114720594190985,8.587548613500662,-42,2937.045000000013,0.003875115048613098,0.0033928888504969335,0.08917455656749129,0.0,0.1241565342819193,0.9549952881080781,-6,-792.9300000000012,-0.007581350853656077,-0.00654713853561284,-0.41584378813385436,-0.9187341531868141,-6.161116017822394,-1.851987214618573
parity_balance_chg_wf,veto0.07,4515,35330.82999999998,0.44451827242524916,0.5351052048726467,1.6020306272754254,-12.879063709693497,2.4738070889765345,11.028419848104793,586,3700.3849999999907,0.41638225255972694,0.5187713310580204,2.5294934153597186,-4.90859062162558,11.78076198443577,8.366070657454978,-48,2687.7400000000125,0.003580293025731318,0.0032182883703455456,0.08326985181835478,0.0,0.11387582026295906,0.8798209931961303,-7,-890.9500000000012,-0.008575588924252808,-0.007366948874525936,-0.44452236149981283,-0.9187341531868141,-6.495074627577608,-2.0734651706642566
parity_balance_chg_wf,veto0.08,4508,35373.82999999998,0.44498669032830523,0.5354924578527063,1.606469471605646,-12.879063709693497,2.4755835925198872,11.057594577445087,586,3171.3849999999907,0.4129692832764505,0.515358361774744,2.2417220383327057,-6.31062068916453,7.776005134607771,7.157289596491595,-55,2730.7400000000125,0.004048710928787391,0.0036055413504051392,0.08770869614857535,0.0,0.11565232380631185,0.9089957225364245,-7,-1419.9500000000012,-0.011988558207529254,-0.010779918157802326,-0.7322937385268258,-2.3207642207257644,-10.499831477405607,-3.2822462316276395
parity_balance_chg_wf,veto0.09,4501,35076.59499999997,0.4445678738058209,0.5352143968007109,1.602014282416559,-12.879063709693497,2.463275390101955,10.993340673385532,586,3076.964999999992,0.4129692832764505,0.5119453924914675,2.1167711780151355,-6.011742622997063,7.9053685729097225,6.883247211604414,-62,2433.5050000000047,0.003629894406303069,0.0033274802984097906,0.08325350695948841,0.0,0.10334412138837967,0.8447418184768694,-7,-1514.37,-0.011988558207529254,-0.014192887441078827,-0.857244598844396,-2.021886154558297,-10.370468039103656,-3.556288616514821
parity_balance_chg_wf,veto0.10,4492,34429.73499999997,0.44390026714158504,0.5349510240427426,1.5843816732172704,-12.879063709693497,2.436258682148473,10.791955051208259,585,3333.6199999999917,0.4153846153846154,0.5128205128205128,2.1803793479768916,-5.7514519115874085,8.996004723980004,7.486526533935959,-71,1786.645000000004,0.0029622877420671934,0.0030641075404415075,0.06562089776019975,0.0,0.07632741343489746,0.643356196299596,-8,-1257.7150000000001,-0.00957322609936434,-0.013317767112033585,-0.7936364288826399,-1.761595443148643,-9.279831888033375,-2.9530092941832757
parity_balance_chg_wf,veto0.11,4482,34471.63999999998,0.44399821508255244,0.535029004908523,1.5860487503076748,-12.879063709693497,2.4380185850294933,10.826824434920509,585,3177.0399999999927,0.4153846153846154,0.5128205128205128,2.074967554506414,-5.783804775274604,8.500320286072325,7.1380827535352225,-81,1828.5500000000102,0.0030602356830345956,0.003142088406221877,0.06728797485060412,0.0,0.07808731631591792,0.678225580011846,-8,-1414.2949999999992,-0.00957322609936434,-0.013317767112033585,-0.8990482223531173,-1.793948306835838,-9.775516325941053,-3.3014530745840123
parity_balance_chg_wf,veto0.12,4473,34472.24499999998,0.44399731723675384,0.5349877040017885,1.592712253767372,-12.879063709693497,2.4380439835595804,10.853191012883721,585,3245.9099999999926,0.4153846153846154,0.5128205128205128,2.14521503961841,-5.748461445637736,8.749382456738493,7.306092811109513,-90,1829.1550000000134,0.003059337837235998,0.0031007874994873896,0.07395147831030124,0.0,0.07811271484600502,0.7045921579750587,-8,-1345.4249999999993,-0.00957322609936434,-0.013317767112033585,-0.8288007372411212,-1.7586049771989707,-9.526454155274886,-3.1334430170097214
parity_balance_chg_wf,veto0.13,4465,35106.089999999975,0.44479283314669654,0.535946248600224,1.6117666303431233,-12.879063709693497,2.46449970685737,11.07290342952229,584,3289.1299999999947,0.4160958904109589,0.511986301369863,2.2392947307350672,-5.688219510995894,8.96709312933136,7.421633669644066,-98,2463.0000000000073,0.0038548537471786992,0.004059332097922863,0.09300585488605262,0.0,0.10456843814379457,0.9243045746136271,-9,-1302.2049999999972,-0.008861951073020846,-0.014151978562683354,-0.7347210461244642,-1.698363042557128,-9.308743482682019,-3.0179021584751684
parity_balance_chg_wf,veto0.14,4457,35103.909999999974,0.44491810634956247,0.536010769575948,1.6089924191707847,-12.879063709693497,2.4644092389758607,11.082230016592439,583,3482.9999999999945,0.41852487135506006,0.5145797598627787,2.4122682861979063,-4.429843507455857,12.237507438976486,7.8513902911912155,-106,2460.820000000007,0.003980126950044627,0.0041238530736468215,0.09023164371371406,0.0,0.10447797026228534,0.9336311616837758,-10,-1108.3349999999973,-0.0064329701289196906,-0.011558520069767653,-0.5617474906616251,-0.43998703901709124,-6.038329173036892,-2.5881455369280193
parity_balance_chg_wf,veto0.15,4447,36050.43499999998,0.44501911400944455,0.5365414886440297,1.6418468120797944,-12.879063709693497,2.503357361031103,11.421972111334144,583,3480.5799999999945,0.41852487135506006,0.5145797598627787,2.4099002736180175,-4.451090812033335,12.170079083500223,7.845507133150094,-116,3407.3450000000157,0.0040811346099267065,0.004654572141728597,0.12308603662272377,0.0,0.14342609231752768,1.2733732564254812,-10,-1110.7549999999974,-0.0064329701289196906,-0.011558520069767653,-0.5641155032415139,-0.46123434359456894,-6.105757528513156,-2.5940286949691407
parity_balance_chg_wf,veto0.16,4440,36133.23499999998,0.44504504504504505,0.5364864864864864,1.6443145456251063,-12.879063709693497,2.506733256791579,11.464734075298244,583,3847.7599999999943,0.4219554030874786,0.5180102915951973,2.6525180603229153,-4.449414909816333,13.5509034919419,8.686313980622971,-123,3490.1450000000114,0.004107065645527208,0.004599569984185314,0.1255537701680356,0.0,0.14680198807800382,1.3161352203895813,-10,-743.5749999999975,-0.0030024383965011614,-0.008127988337349068,-0.3214977165366162,-0.45955844137756774,-4.724933120071478,-1.7532218474962633
parity_balance_chg_wf,veto0.17,4434,36716.144999999975,0.44587280108254396,0.5374379792512404,1.661393454609049,-12.879063709693497,2.5303603982333693,11.6597582543687,583,4123.359999999993,0.42538593481989706,0.5197255574614065,2.891469888452859,-4.344333167374635,14.947763415717956,9.266766765079527,-129,4073.0550000000076,0.004934821683026114,0.0055510627489392395,0.1426326791519783,0.0,0.17042912951979394,1.5111593994600376,-10,-467.97499999999854,0.00042809333591731225,-0.006412722471139887,-0.08254588840667232,-0.3544766989358692,-3.3280731962954224,-1.1727690630397074
parity_balance_chg_wf,veto0.18,4428,36763.239999999976,0.4460252935862692,0.5372628726287263,1.661102279937957,-12.879063709693497,2.532258768159574,11.67713026590255,582,3695.8399999999924,0.422680412371134,0.5154639175257731,2.6876307826316235,-4.503797398633134,12.82274723834524,8.340795840254192,-135,4120.150000000009,0.005087314186751346,0.005375956126425163,0.14234150448088623,0.0,0.17232749944599846,1.528531410993887,-11,-895.4949999999994,-0.0022774291128457302,-0.010674362406773219,-0.286384994227908,-0.5139409301943685,-5.4530893736681385,-2.0987399878650432
parity_balance_chg_wf,veto0.19,4419,36453.614999999976,0.4458022176963114,0.5369993211133741,1.6504456394855735,-12.879063709693497,2.5197492345950296,11.601579771601065,582,3695.8399999999924,0.422680412371134,0.5154639175257731,2.6876307826316235,-4.503797398633134,12.82274723834524,8.340795840254192,-144,3810.5250000000087,0.004864238296793555,0.005112404611072985,0.13168486402850288,0.0,0.15981796588145425,1.4529809166924021,-11,-895.4949999999994,-0.0022774291128457302,-0.010674362406773219,-0.286384994227908,-0.5139409301943685,-5.4530893736681385,-2.0987399878650432
parity_balance_chg_wf,veto0.20,4415,36860.90499999997,0.44620611551528877,0.5372593431483579,1.6617025725057635,-12.879063709693497,2.5361906100297693,11.737211434399763,579,3651.5199999999923,0.4214162348877375,0.5129533678756477,2.574667061899841,-4.950214323986433,11.517015272679926,8.273494420321558,-148,4217.815000000002,0.005268136115770927,0.005372426646056749,0.1429417970486928,0.0,0.17625934131619392,1.5886125794911,-14,-939.8149999999996,-0.0035416065962422527,-0.013184912056898646,-0.3993487149596904,-0.9603578555476675,-6.758821339333453,-2.1660414077976764
parity_balance_chg_wf,veto0.21,4404,36947.754999999976,0.44686648501362397,0.5379200726612171,1.6658801545174344,-12.879063709693497,2.5396814367266347,11.787488748963897,578,3256.3899999999917,0.41695501730103807,0.5086505190311419,2.2086504200775936,-6.459590998392565,7.812858413344162,7.412410978068382,-159,4304.665000000008,0.005928505614106128,0.0060331561589159755,0.14711937906036376,0.0,0.17975016801305932,1.638889894055234,-15,-1334.9450000000002,-0.008002824182941681,-0.01748776090140447,-0.7653653567819378,-2.469734529953799,-10.462978198669216,-3.0271248500508525
parity_balance_chg_wf,veto0.22,4397,36735.98499999998,0.4466681828519445,0.5376392995224016,1.6600336405865503,-12.879063709693497,2.5311603267092133,11.740952661594761,576,3401.209999999992,0.4201388888888889,0.5104166666666666,2.273676639294981,-5.587828183604218,9.459171963302355,7.764266672510604,-166,4092.8950000000114,0.005730203452426641,0.005752383020100504,0.14127286512947967,0.0,0.17122905799563792,1.5923538066860985,-17,-1190.125,-0.004818952595090853,-0.01572161326587973,-0.7003391375645505,-1.5979717151654524,-8.816664648711024,-2.675269155608631
parity_balance_chg_wf,veto0.23,4383,37032.15499999997,0.4469541409993155,0.5377595254391969,1.6702426519311593,-12.879063709693497,2.543068737493383,11.877133441851658,576,3205.3399999999906,0.4184027777777778,0.5086805555555556,2.143787964014873,-5.587828183604218,8.88157997077534,7.343484671729485,-180,4389.065000000002,0.006016161599797676,0.0058726089368957846,0.15148187647408862,0.0,0.18313746877980774,1.7285345869429953,-17,-1385.9950000000013,-0.006555063706201958,-0.01745772437699078,-0.8302278128446585,-1.5979717151654524,-9.394256641238039,-3.09605115638975
parity_balance_chg_wf,veto0.24,4373,37315.299999999974,0.4472901898010519,0.5387605762634348,1.6866261114677181,-12.879063709693497,2.554396291118747,11.988526319157794,576,3006.1799999999903,0.4166666666666667,0.5069444444444444,1.9911949031997538,-5.587828183604218,8.298221107920638,6.903154042718895,-190,4672.210000000006,0.006352210401534053,0.0068736597611336325,0.16786533601064746,0.0,0.1944650224051716,1.839927464249131,-17,-1585.1550000000016,-0.008291174817313063,-0.01919383548810194,-0.9828208736597777,-1.5979717151654524,-9.977615504092741,-3.53638178540034
parity_balance_chg_wf,veto0.25,4368,37566.92999999998,0.4482600732600733,0.5389194139194139,1.6941184852864273,-12.879063709693497,2.564416665055271,12.0759526019504,573,3392.2099999999905,0.4205933682373473,0.5113438045375218,2.246500363045782,-6.262418309524903,8.416470821970087,7.840397690646561,-195,4923.840000000011,0.007322093860555434,0.00703249741711276,0.1753577098293566,0.0,0.2044853963416955,1.927353747041737,-20,-1199.1250000000014,-0.004364473246632472,-0.014794475395024542,-0.7275154138137494,-2.2725618410861372,-9.859365790043292,-2.599138137472674
parity_balance_chg_wf,veto0.26,4361,37914.80499999998,0.4487502866315065,0.5390965374914011,1.693859614443503,-12.879063709693497,2.5781986109070405,12.188636833719515,573,3227.709999999991,0.418848167539267,0.5095986038394416,2.101334537800429,-6.262418309524903,7.983540054464776,7.431932874498399,-202,5271.715000000011,0.007812307231988669,0.007209620989099941,0.1750988389864323,0.0,0.2182673421934651,2.0400379788108527,-20,-1363.625000000001,-0.006109673944712735,-0.016539676093104805,-0.8726812390591023,-2.2725618410861372,-10.292296557548603,-3.007602953620836
parity_balance_chg_wf,veto0.27,4353,37363.69999999998,0.44773719274063867,0.5380197564897772,1.6791030576274748,-12.879063709693497,2.556327045197744,12.05444702296741,573,3175.6499999999915,0.418848167539267,0.5078534031413613,2.0676703869407262,-6.262418309524903,7.847030502324448,7.31250375624571,-210,4720.610000000015,0.006799213341120824,0.006132839987476046,0.16034228217040414,0.0,0.1963957764841684,1.905848168058748,-20,-1415.6850000000004,-0.006109673944712735,-0.018284876791185067,-0.9063453899188052,-2.2725618410861372,-10.428806109688932,-3.1270320718735247
parity_balance_chg_wf,veto0.28,4347,37015.11999999998,0.4472049689440994,0.5376121463077985,1.670115604720336,-12.879063709693497,2.5423854568431454,11.94960527367961,572,3142.669999999991,0.4178321678321678,0.506993006993007,2.01593300909863,-6.262418309524903,7.760677003356853,7.23918183818048,-216,4372.030000000013,0.006266989544581547,0.005725229805497389,0.15135482926326538,0.0,0.18245418812957004,1.8010064187709478,-21,-1448.6650000000009,-0.007125673651811937,-0.01914527293953938,-0.9580827677609016,-2.2725618410861372,-10.515159608656525,-3.2003539899387548
parity_balance_chg_wf,veto0.29,4341,37113.08999999998,0.44667127390002304,0.5372034093526837,1.677159834777516,-12.879063709693497,2.546312312918748,11.99614952752164,572,3188.0699999999915,0.4178321678321678,0.506993006993007,2.0475488142940566,-6.237619962616746,7.910901852299856,7.351449446635694,-222,4470.000000000015,0.005733294500505193,0.005316492850382604,0.1583990593204454,0.0,0.18638104420517276,1.847550672612977,-21,-1403.2650000000003,-0.007125673651811937,-0.01914527293953938,-0.9264669625654749,-2.2477634941779803,-10.364934759713522,-3.0880863814835404
parity_balance_chg_wf,veto0.30,4333,36981.81499999998,0.446111239326102,0.5368105238864528,1.6752586459510062,-12.879063709693497,2.5410489954848847,11.982057797663943,571,3075.9399999999937,0.4168126094570928,0.5061295971978984,1.9903665273168951,-5.873944351693408,8.08796929556579,7.102314577715739,-230,4338.725000000013,0.005173259926584184,0.0049236073841516514,0.1564978704939355,0.0,0.18111772677130933,1.8334589427552803,-22,-1515.3949999999982,-0.00814523202688694,-0.020008682734647953,-0.9836492495426363,-1.884087883254642,-10.187867316447589,-3.3372212504034957
parity_balance_chg_wf,veto0.35,4291,36893.59499999999,0.44674900955488234,0.5381030062922396,1.6721278479926582,-12.879063709693497,2.5375051633963386,12.076396369525806,567,3501.8849999999948,0.41622574955908287,0.5097001763668431,2.2154451720237756,-5.216425283002656,10.452254674216704,8.149236455231005,-272,4250.505000000019,0.005811030155364494,0.006216089789938484,0.15336707253558757,0.0,0.1775738946827632,1.9277975146171435,-26,-1089.449999999997,-0.008732091924896879,-0.0164381035657033,-0.7585706048357559,-1.2265688145638904,-7.823581937796675,-2.2902993728882297
parity_balance_chg_wf,veto0.40,4254,36875.66499999998,0.44687353079454634,0.5380818053596615,1.6774705458336372,-12.879063709693497,2.5367842423150697,12.15197775267567,563,4238.214999999995,0.4227353463587922,0.5168738898756661,2.803620416630624,-3.3618324942984072,19.89561616473197,9.916084884680462,-309,4232.575000000012,0.005935551395028493,0.006194888857360414,0.15870977037656653,0.0,0.17685297360149432,2.003378897767007,-30,-353.11999999999716,-0.0022224951251875735,-0.00926439005688029,-0.17039536022890767,0.6280239741403584,1.6197795527185903,-0.5234509434387729
parity_balance_chg_wf,veto0.45,4216,35443.96499999998,0.4454459203036053,0.5367647058823529,1.6302796166648101,-12.879063709693497,2.4784782032855412,11.764925053961068,553,4143.974999999994,0.4213381555153707,0.5171790235081374,2.7930628474035095,-3.2073520147581522,20.355459152708466,9.867979261878304,-347,2800.8750000000146,0.00450794090408746,0.004877789380051789,0.11151884120773947,0.0,0.11854693457196586,1.6163261990524056,-40,-447.35999999999785,-0.0036196859686090654,-0.008959256424408979,-0.18095292945602193,0.7825044536806134,2.0796225406950875,-0.5715565662409308
parity_balance_chg_wf,veto0.50,4154,35380.95,0.44583533943187287,0.5375541646605682,1.627427641149528,-12.879063709693497,2.4758776157098823,11.895799227970581,546,3669.2349999999965,0.4175824175824176,0.5128205128205128,2.549373320102098,-2.820617442314201,20.31721555048635,8.885787767022729,-409,2737.8600000000297,0.004897360032355025,0.005667248158267024,0.10866686569245743,0.0,0.1159463469963069,1.7472003730619186,-47,-922.0999999999954,-0.00737542390156215,-0.013317767112033585,-0.4246424567574336,1.1692390261245644,2.0413789384729704,-1.5537480610965062
parity_balance_chg_wf,tilt0.01,4563,32639.859999999964,0.44115713346482577,0.5321060705676091,1.519052449584224,-12.89367938334737,2.357115983689056,10.150648523175365,593,4591.334999999992,0.42495784148397975,0.5261382799325464,2.9740157768595314,-3.9898564684387656,18.27583661201338,10.439535828119235,0,-3.2300000000032014,0.00021915406530792492,0.00021915406530792492,0.0002916741271532519,-0.014615673653873174,-0.0028152850245195538,0.002049668266701943,0,0.0,0.0,0.0,0.0,0.0,0.0,0.0
parity_balance_chg_wf,tilt0.02,4563,32639.859999999968,0.44115713346482577,0.5321060705676091,1.519052449584224,-12.89367938334737,2.357115983689056,10.150648523175366,593,4591.334999999992,0.42495784148397975,0.5261382799325464,2.9740157768595314,-3.9898564684387656,18.27583661201338,10.439535828119235,0,-3.2299999999995634,0.00021915406530792492,0.00021915406530792492,0.0002916741271532519,-0.014615673653873174,-0.0028152850245195538,0.002049668266703719,0,0.0,0.0,0.0,0.0,0.0,0.0,0.0
parity_balance_chg_wf,tilt0.03,4563,32621.534999999967,0.44115713346482577,0.532325224632917,1.51894705588278,-12.907140771807216,2.3538630391281554,10.1465002333243,593,4591.334999999992,0.42495784148397975,0.5261382799325464,2.9740157768595314,-3.9898564684387656,18.27583661201338,10.439535828119235,0,-21.55500000000029,0.00021915406530792492,0.00043830813061584983,0.00018628042570933978,-0.0280770621137183,-0.006068229585419971,-0.002098621584362803,0,0.0,0.0,0.0,0.0,0.0,0.0,0.0
parity_balance_chg_wf,tilt0.05,4563,32874.68499999997,0.44115713346482577,0.5327635327635327,1.5262675480975738,-12.879063709693497,2.3699709772745146,10.222267972816052,593,4437.254999999992,0.42495784148397975,0.524451939291737,2.8911531636317966,-3.9898564684387656,17.614092562303387,10.103106327432469,0,231.59500000000116,0.00021915406530792492,0.0008766162612315886,0.007506772640503145,0.0,0.010039708560939165,0.07366911790738939,0,-154.07999999999993,0.0,-0.001686340640809414,-0.0828626132277348,0.0,-0.6617440497099913,-0.3364295006867657
parity_balance_chg_wf,tilt0.07,4563,33199.95499999997,0.4413762875301337,0.5329826868288406,1.5378951121861517,-12.879063709693497,2.3839969722836423,10.320433737332223,593,4530.084999999992,0.42495784148397975,0.524451939291737,2.998796638481611,-3.2079065972966427,22.403051643131914,10.3363164341153,0,556.8650000000052,0.00043830813061584983,0.0010957703265395136,0.019134336729081047,0.0,0.024065703570066876,0.1718348824235605,0,-61.25,0.0,-0.001686340640809414,0.02478086162207971,0.7819498711421229,4.127215031118535,-0.10321939400393454
parity_balance_chg_wf,tilt0.10,4563,33533.494999999966,0.4413762875301337,0.5329826868288406,1.5464105171957008,-12.879063709693497,2.398290262116547,10.422708842959628,593,4530.084999999992,0.42495784148397975,0.524451939291737,2.998796638481611,-3.2079065972966427,22.403051643131914,10.3363164341153,0,890.4049999999988,0.00043830813061584983,0.0010957703265395136,0.027649741738630107,0.0,0.03835899340297155,0.27410998805096476,0,-61.25,0.0,-0.001686340640809414,0.02478086162207971,0.7819498711421229,4.127215031118535,-0.10321939400393454
parity_balance_chg_wf,tilt0.15,4563,33551.04499999997,0.4413762875301337,0.5334209949594565,1.558773786134631,-12.879063709693497,2.3990398566629527,10.434699136407025,593,4450.219999999992,0.4266441821247892,0.524451939291737,2.9434301460207446,-3.20406332069784,22.003116755101598,10.141220336402952,0,907.9550000000017,0.00043830813061584983,0.0015340784571553634,0.040013010677560246,0.0,0.03910858794937733,0.28610028149836175,0,-141.11499999999978,0.0016863406408094694,-0.001686340640809414,-0.030585630838786848,0.7857931477409257,3.727280143088219,-0.29831549171628247
parity_balance_chg_wf,tilt0.20,4563,33713.634999999966,0.44115713346482577,0.5336401490247644,1.5643081234408114,-12.879063709693497,2.4059726823679273,10.488091000558029,593,4420.239999999992,0.4266441821247892,0.524451939291737,2.923509235662291,-3.20406332069784,21.843173483095935,10.077499055570723,0,1070.5449999999983,0.00021915406530792492,0.0017532325224632883,0.045547347983740716,0.0,0.04604141365435188,0.33949214564936625,0,-171.09500000000025,0.0016863406408094694,-0.001686340640809414,-0.050506541197240296,0.7857931477409257,3.5673368710825564,-0.3620367725485121
parity_balance_chg_wf,tilt0.30,4563,34119.23999999997,0.4413762875301337,0.5338593030900723,1.5764065552091235,-12.879063709693497,2.4231762630775493,10.604934214063926,593,3930.679999999992,0.42327150084317033,0.5193929173693086,2.6391301721495357,-4.628988151048427,13.326162684177985,8.9858943578803,0,1476.1500000000015,0.00043830813061584983,0.0019723865877712132,0.05764577975205287,0.0,0.0632449943639739,0.456335359155263,0,-660.6549999999997,-0.001686340640809414,-0.006745362563237767,-0.33488560470999573,-0.6391316826096611,-4.949673927835393,-1.453641470238935
parity_balance_chg_wf,tilt0.50,4563,34580.93499999997,0.4420337497260574,0.5342976112206882,1.5945125939351281,-12.879063709693497,2.4426023288124297,10.747415616343416,593,4210.089999999989,0.42158516020236086,0.5193929173693086,2.864549530121059,-4.548552699061299,14.599839941987812,9.5917531823549,0,1937.8450000000012,0.001095770326539569,0.002410694718387063,0.07575181847805745,0.0,0.08267106009885428,0.5988167614347528,0,-381.2450000000026,-0.0033726812816188834,-0.006745362563237767,-0.1094662467384726,-0.5586962306225338,-3.675996670025567,-0.8477826457643349
parity_balance_chg_wf,tilt0.75,4563,35445.93999999996,0.4418145956607495,0.5342976112206882,1.6191245125708902,-12.879063709693497,2.4785596626069126,11.014738973768015,593,4196.474999999989,0.42158516020236086,0.5177065767284992,2.9374618614841377,-3.7850751881575913,17.483694711579904,9.597438075972619,0,2802.8499999999913,0.0008766162612316442,0.002410694718387063,0.10036373711381952,0.0,0.11862839389333724,0.8661401188593523,0,-394.8600000000024,-0.0033726812816188834,-0.00843170320404718,-0.036553915375393764,0.20478128028117437,-0.7921419004334744,-0.842097752146616
parity_balance_chg_wf,tilt1.00,4563,35348.49999999997,0.4413762875301337,0.5336401490247644,1.6154853821375503,-12.879063709693497,2.474537274557699,10.976733151435807,593,4017.9099999999903,0.42327150084317033,0.5193929173693086,2.8839076502868037,-4.084236095481173,15.463391452657682,9.086462179750418,0,2705.4100000000035,0.00043830813061584983,0.0017532325224632883,0.09672460668047966,0.0,0.11460600584412362,0.8281342965271445,0,-573.4250000000015,-0.001686340640809414,-0.006745362563237767,-0.09010812657272771,-0.09437962704240732,-2.812445159355697,-1.3530736483688166
parity_fwd_z_wf,veto0.02,4424,36206.089999999975,0.45773056057866185,0.544755877034358,1.5982258542335448,-13.72445182961441,2.355109061334542,11.297996315974888,588,4168.3549999999905,0.42857142857142855,0.5272108843537415,2.762821747577841,-5.534750530152143,11.87049465629507,9.371548217432856,-139,3563.0000000000073,0.016792581179144006,0.012868960532056883,0.07946507877647413,-0.8453881199209121,-0.004822207379033383,1.1493974610662256,-5,-422.9800000000014,0.0036135870874487996,0.0010726044211951669,-0.2111940292816903,-1.5448940617133777,-6.405341955718308,-1.0679876106863784
parity_fwd_z_wf,veto0.03,4371,35827.77999999998,0.4605353466026081,0.5454129489819264,1.5773093477328377,-14.255832313212114,2.2533700043757188,11.190372747145927,585,3894.9949999999917,0.42735042735042733,0.5247863247863248,2.703910748150735,-5.5996945372943845,10.90893122418499,8.804284018655594,-192,3184.6900000000096,0.019597367203090243,0.01352603247962525,0.05854857227576704,-1.3767686035186166,-0.10656126433785662,1.0417738922372646,-8,-696.3400000000001,0.002392585866447583,-0.0013519551462215507,-0.27010502870879627,-1.6098380688556189,-7.366905387828389,-1.6352518094636412
parity_fwd_z_wf,veto0.04,4323,35416.13499999998,0.4621790423317141,0.5447605829285218,1.5664751714687122,-13.636987579543177,2.339643652371468,11.106518779764016,583,3283.054999999993,0.4236706689536878,0.5180102915951973,2.3642186435163475,-5.690909918639957,8.945274265078634,7.356844215439193,-240,2773.045000000013,0.021241062932196242,0.012873666426220676,0.04771439601164151,-0.7579238698496802,-0.020287616342107295,0.9579199248553536,-10,-1308.2799999999988,-0.0012871725302919246,-0.008127988337349068,-0.609797133343184,-1.7010534502011918,-9.330562346934745,-3.0826916126800414
parity_fwd_z_wf,veto0.05,4284,35651.309999999976,0.4635854341736695,0.5466853408029878,1.5649796391989361,-12.879063709693497,2.487014450377841,11.269386702681853,582,3328.0349999999926,0.42439862542955326,0.5171821305841925,2.3750840760883665,-5.003839448916823,10.321669068524987,7.457828306821852,-279,3008.2200000000084,0.022647454774151643,0.014798424300686674,0.04621886374186546,0.0,0.1270831816642657,1.1207878477731903,-11,-1263.2999999999993,-0.0005592160544264924,-0.00895614934835387,-0.598931700771165,-1.0139829804780573,-7.954167543488392,-2.981707521297383
parity_fwd_z_wf,veto0.06,4249,35486.81999999998,0.4634031536832196,0.5469522240527183,1.5611414412253313,-13.373229783306984,2.3885953813396994,11.309707556192668,581,2982.0649999999923,0.423407917383821,0.5163511187607573,2.1375348190387333,-5.0388650974522164,9.12424709218077,6.653129412594113,-314,2843.7300000000105,0.02246517428370176,0.015065307550417129,0.042380665768260606,-0.49416607361348674,0.028664112626124005,1.1611087012840056,-12,-1609.2699999999995,-0.0015499241001587505,-0.009787161171789016,-0.8364809578207981,-1.0490086290134508,-9.151589519832608,-3.7864064155251214
parity_fwd_z_wf,veto0.07,4221,34914.81499999999,0.46316038853352287,0.546789860222696,1.5427725133432364,-13.93876760882741,2.2697876606645693,11.191169881384505,577,3113.1699999999933,0.42980935875216636,0.5181975736568457,2.324325924693618,-4.98068548229725,9.660799317914293,7.0333080000469765,-342,2271.7250000000204,0.022222409134005028,0.014902943720394912,0.02401173788616573,-1.059703899133913,-0.09014360804900612,1.0425710264758425,-16,-1478.1649999999986,0.0048515172681866114,-0.007940706275700649,-0.6496898521659134,-0.9908290138584848,-8.615037294099086,-3.406227828072258
parity_fwd_z_wf,veto0.08,4194,33532.344999999994,0.4618502622794468,0.5462565569861707,1.517717605039398,-13.777111218276438,2.241914133994796,10.820057505890757,577,3117.384999999994,0.43154246100519933,0.5181975736568457,2.3516273977388407,-4.900364011015677,9.833231489712505,7.005387886962225,-369,889.2550000000265,0.020912282879928967,0.014369640483869572,-0.0010431704176727674,-0.8980475085829411,-0.11801713471877928,0.6714586509820943,-16,-1473.949999999998,0.006584619521219581,-0.007940706275700649,-0.6223883791206908,-0.9105075425769114,-8.442605122300874,-3.4341479411570095
parity_fwd_z_wf,veto0.09,4169,31253.334999999995,0.4598224994003358,0.5432957543775486,1.4511316576183197,-14.877007296934758,1.9900177051512338,10.134242825373136,576,2983.2549999999937,0.4288194444444444,0.515625,2.2281972173553433,-4.881241600830641,9.422857679220888,6.697434515891843,-394,-1389.754999999972,0.018884520000817973,0.01140883787524749,-0.06762911783875092,-1.9979435872412612,-0.3699135635623416,-0.01435602953552717,-17,-1608.079999999998,0.0038616029604646718,-0.01051327993254636,-0.7458185595041882,-0.8913851323918758,-8.85297893279249,-3.7421013122273914
parity_fwd_z_wf,veto0.10,4143,31622.65,0.4593289886555636,0.5426019792420951,1.4660850660719802,-15.480896608822873,1.9260548304518088,10.312029157704997,576,3209.0349999999926,0.4357638888888889,0.5173611111111112,2.3885452154795046,-4.881755609634894,10.178598442197963,7.210995378406826,-420,-1020.439999999966,0.018391009256045754,0.010715062739793946,-0.052675709385090475,-2.6018328991293753,-0.4338764382617666,0.16343030279633375,-17,-1382.2999999999993,0.010806047404909147,-0.0087771688214352,-0.5854705613800268,-0.8918991411961281,-8.097238169815416,-3.2285404497124084
parity_fwd_z_wf,veto0.11,4114,32075.685,0.45964997569275645,0.54229460379193,1.485846065170983,-15.735851254148214,1.9112073669564782,10.508822209465201,573,2951.134999999993,0.43455497382198954,0.5165794066317626,2.115300487787377,-4.89943777680516,9.28107136258257,6.693620620398331,-449,-567.4049999999661,0.01871199629323861,0.01040768728962882,-0.03291471028608761,-2.8567875444547166,-0.4487239017570972,0.3602233545565383,-20,-1640.199999999999,0.009597132338009795,-0.009558873300783755,-0.8587152890721543,-0.909581308366394,-8.99476524943081,-3.7459152077209037
parity_fwd_z_wf,veto0.12,4086,31939.50499999999,0.45912873225648554,0.5425844346549192,1.4860510132536995,-15.099742206525137,1.9866123918621905,10.536850633010944,571,2966.4899999999934,0.436077057793345,0.5183887915936952,2.153151445832736,-6.132745494727931,7.455401772392477,6.725208178370382,-477,-703.5849999999773,0.018190752856967696,0.010697518152618102,-0.032709762203371184,-2.22067849683164,-0.3733188768513849,0.3882517781022816,-22,-1624.8449999999984,0.011119216309365243,-0.00774948833885114,-0.8208643310267956,-2.1428890262891658,-10.820434839620901,-3.714327649748853
parity_fwd_z_wf,veto0.13,4063,31587.454999999994,0.4585281811469358,0.5414718188530643,1.47127334845314,-16.387723811066625,1.8182489652284834,10.475962064476695,567,2997.229999999994,0.43915343915343913,0.5167548500881834,2.1506563086337964,-6.134492609214502,7.534945916463352,6.794435473797853,-500,-1055.634999999973,0.017590201747417933,0.009584902350763147,-0.047487427003930716,-3.5086601013731276,-0.5416823034850919,0.32736320956803233,-26,-1594.1049999999977,0.014195597669459381,-0.009383429844362912,-0.823359468225735,-2.144636140775736,-10.740890695550027,-3.6451003543213814
parity_fwd_z_wf,veto0.14,4023,31539.739999999998,0.4596072582649764,0.5411384538901317,1.4749814829065122,-16.760911496649246,1.7761383569859557,10.548826451778321,567,3073.5399999999945,0.4409171075837742,0.5167548500881834,2.1247081206226563,-6.156577707592811,7.710296863109052,6.980140186915876,-540,-1103.3499999999694,0.01866927886545855,0.009251537387830577,-0.04377929255055846,-3.881847786955749,-0.5837929117276197,0.4002275968696587,-26,-1517.7949999999973,0.015959266099794478,-0.009383429844362912,-0.8493076562368751,-2.166721239154046,-10.565539748904326,-3.4593956412033586
parity_fwd_z_wf,veto0.15,3991,30910.28,0.459784515159108,0.5394637935354548,1.457960789509142,-15.857299157109836,1.854515774320674,10.40793271909914,566,3502.734999999994,0.44346289752650175,0.5176678445229682,2.374282256270024,-5.415094739436162,10.071385271232192,7.972081719678293,-572,-1732.8099999999686,0.018846535759590166,0.007576877033153684,-0.06079998594792868,-2.9782354474163384,-0.5054154943929015,0.2593338641904772,-27,-1088.5999999999976,0.018505056042522006,-0.008470435409578148,-0.5997335205895076,-1.4252382709973963,-8.204451340781187,-2.4674541084409416
parity_fwd_z_wf,veto0.16,3967,31212.999999999996,0.4608016133098059,0.5402067053188808,1.4735614945442264,-14.375645555184228,2.057807411395204,10.580218892197216,564,3742.104999999995,0.44680851063829785,0.5212765957446809,2.568737803174498,-4.765675544794199,12.28031825064282,8.52401154877763,-596,-1430.089999999971,0.01986363391028806,0.008319788816579687,-0.04519928091284431,-1.4965818454907307,-0.3021238573183713,0.43162003728855325,-29,-849.2299999999968,0.021850669154318103,-0.004861684187865478,-0.4052779736850334,-0.7758190763554333,-5.995518361370559,-1.9155242793416054
parity_fwd_z_wf,veto0.17,3952,32281.600000000006,0.46229757085020245,0.541244939271255,1.5078710858725983,-13.464435049994261,2.2422574606649186,10.976514178093822,561,3755.8899999999953,0.4474153297682709,0.5240641711229946,2.5687121716833548,-4.679191271558478,12.556560216610523,8.554203833333892,-611,-361.4899999999616,0.021359591450684612,0.009358022768953922,-0.01088968958447234,-0.5853713403007639,-0.11767380804865679,0.8279153231851595,-32,-835.4449999999965,0.02245748828429117,-0.0020741088095517224,-0.4053036051761767,-0.6893348031197126,-5.719276395402856,-1.8853319947853429
parity_fwd_z_wf,veto0.18,3926,32620.77,0.46204788588894546,0.5407539480387162,1.5149963675172182,-13.37065038455714,2.272231529152705,11.140225732801742,561,3615.3399999999956,0.44385026737967914,0.5204991087344029,2.428556719387708,-5.672553511170232,9.944185729423578,8.227158356425228,-637,-22.319999999966967,0.02110990648942762,0.008867031536415104,-0.0037644079398524433,-0.49158667486364216,-0.08769973956087052,0.9916268778930792,-32,-975.9949999999963,0.018892425895699394,-0.0056391711981435,-0.5454590574718234,-1.6826970427314665,-8.3316508825898,-2.2123774716940066
parity_fwd_z_wf,veto0.19,3904,32893.07000000001,0.46285860655737704,0.5417520491803278,1.5350016329596927,-12.879063709693497,2.370766072411106,11.29400844392978,561,3677.694999999996,0.44206773618538325,0.5204991087344029,2.398067172838253,-5.107614506305067,11.247564626365959,8.360415627590104,-659,249.98000000003958,0.021920627157859196,0.009865132678026689,0.016240857502622053,0.0,0.01083480369753076,1.1454095890211171,-32,-913.6399999999958,0.017109894701403505,-0.0056391711981435,-0.5759486040212782,-1.1177580378663015,-7.02827198564742,-2.0791202005291307
parity_fwd_z_wf,veto0.20,3883,31728.685000000005,0.46149884110224054,0.5403038887458151,1.4980957461643694,-12.879063709693497,2.3198511150524843,10.948195841631803,559,3774.0949999999957,0.4418604651162791,0.5205724508050089,2.518778951286539,-5.506800303343304,10.724768589542952,8.550751989574408,-680,-914.4049999999625,0.0205608617027227,0.00841697224351401,-0.02066502929270131,0.0,-0.04008015366109108,0.7995969867231398,-34,-817.2399999999961,0.01690262363229933,-0.005565829127537447,-0.4552368255729924,-1.5169438349045388,-7.551068022470426,-1.8887838385448266
parity_fwd_z_wf,veto0.21,3865,30745.93,0.46054333764553684,0.5391979301423027,1.46809401797747,-13.899641190724434,2.108854645291201,10.658835101004358,558,3820.614999999996,0.44265232974910396,0.521505376344086,2.4802237271604484,-5.487226702628798,10.905029387956493,8.665027229207046,-698,-1897.159999999967,0.019605358246019,0.007311013640001529,-0.0506667574796007,-1.0205774810309372,-0.25107662342237447,0.5102362460956957,-35,-770.7199999999957,0.01769448826512421,-0.0046329035884603575,-0.4937920496990831,-1.4973702341900328,-7.370807224056886,-1.7745085989121883
parity_fwd_z_wf,veto0.22,3838,29694.245000000003,0.45961438249088066,0.5385617509119333,1.437357907548902,-15.472135120023268,1.854625734006966,10.36816819157161,553,3472.059999999996,0.4412296564195298,0.5189873417721519,2.312014338122501,-5.637360623174227,9.58408071100423,7.97783890236759,-725,-2948.844999999965,0.018676403091362814,0.006674834409632124,-0.08140286790816864,-2.5930714103297703,-0.5053055347066093,0.2195693366629481,-40,-1119.274999999996,0.016271814935550077,-0.007150938160394471,-0.6620014387370303,-1.6475041547354614,-8.691755901009149,-2.461696925751645
parity_fwd_z_wf,veto0.23,3810,28184.59500000001,0.45774278215223096,0.537007874015748,1.3890691817776522,-17.839466744925762,1.5575085362193344,9.903816518735105,552,3440.4699999999957,0.44021739130434784,0.5163043478260869,2.320040113925338,-6.317622938895704,8.469278185503642,7.925047584100555,-753,-4458.494999999959,0.01680480275271312,0.005120957513446878,-0.12969159367941852,-4.960403035232265,-0.802422732494241,-0.24478233617355727,-41,-1150.8649999999961,0.01525954982036809,-0.009833932106459442,-0.6539756629341933,-2.3277664704569387,-9.806558426509737,-2.51448824401868
parity_fwd_z_wf,veto0.24,3782,28532.375000000015,0.45848757271285034,0.5386039132734003,1.416809178782852,-17.927973813241866,1.5616548688153005,10.099470262633044,548,3407.029999999995,0.4397810218978102,0.5164233576642335,2.333694680243486,-7.264328476662085,7.289380463011657,7.91978009844429,-781,-4110.714999999953,0.0175495933133325,0.00671699677109916,-0.1019515966742186,-5.048910103548369,-0.7982763998982749,-0.04912859227561839,-45,-1184.3049999999967,0.014823180413830461,-0.009714922268312831,-0.6403210966160455,-3.274472008223319,-10.986456149001722,-2.5197557296749444
parity_fwd_z_wf,veto0.25,3763,28393.84000000001,0.45841084241296837,0.5384002125963328,1.4080134966524918,-16.428771853694535,1.6990298349628843,10.09734458326722,545,3430.1999999999944,0.44036697247706424,0.5174311926605505,2.3095387454835015,-7.786688679587817,6.849603111376031,7.982596626839776,-800,-4249.249999999956,0.017472863013450524,0.006513296094031618,-0.11074727880457891,-3.5497081440010376,-0.6609014337506911,-0.05125427164144192,-48,-1161.1349999999975,0.015409130993084497,-0.008707087271995873,-0.66447703137603,-3.7968322111490513,-11.426233500637348,-2.456939201279459
parity_fwd_z_wf,veto0.26,3743,28424.22000000001,0.4589901148811114,0.5394068928666845,1.4080806120180391,-17.655901200227987,1.581991680254571,10.165090608221334,545,3906.9249999999943,0.44403669724770645,0.5229357798165137,2.7099461824577316,-7.512933307276218,8.157557165413655,9.074472023750614,-820,-4218.869999999959,0.018052135481593568,0.007519976364383396,-0.11068016343903153,-4.77683749053449,-0.7779395884590043,0.016491753312671165,-48,-684.4099999999976,0.0190788557637267,-0.003202500116032625,-0.2640695944017999,-3.5230768388374525,-10.118279446599724,-1.3650638043686207
parity_fwd_z_wf,veto0.27,3717,27546.34500000001,0.4587032553134248,0.5391444713478611,1.3914455048344336,-17.38078363588384,1.5759688370440026,9.939599987529654,540,3392.974999999994,0.4388888888888889,0.5166666666666667,2.352048598995609,-7.7848741815282505,6.772120290149285,7.944687428218048,-846,-5096.744999999959,0.017765275913906975,0.00725755484556001,-0.12731527062263703,-4.501719926190344,-0.7839624316695728,-0.20899886737900886,-53,-1198.3599999999979,0.013931047404909136,-0.009471613265879641,-0.6219671778639224,-3.795017713089485,-11.503716321864093,-2.494848399901187
parity_fwd_z_wf,veto0.28,3695,28153.77500000001,0.46008119079837617,0.5404600811907984,1.41428671821235,-16.98458345634996,1.6347908676238887,10.227852910427579,537,3443.949999999993,0.43947858472998136,0.5139664804469274,2.5181748560632276,-5.945023484104298,9.009773826954627,8.15975052219369,-868,-4489.314999999959,0.01914321139885833,0.008573164688497226,-0.1044740572447207,-4.105519746656462,-0.7251404010896867,0.07925405551891629,-56,-1147.3849999999989,0.01452074324600161,-0.012171799485618973,-0.4558409207963039,-1.9551670156655323,-9.266062785058752,-2.279785305925545
parity_fwd_z_wf,veto0.29,3677,27641.47500000001,0.4593418547729127,0.5401142235518085,1.3980668257687219,-17.40912716913616,1.5767922027486447,10.09781240595453,535,3425.7099999999914,0.4411214953271028,0.514018691588785,2.491353791478533,-4.217846497272822,12.627636221440653,8.136881244207364,-886,-5001.614999999958,0.018403875373394885,0.00822730704950736,-0.12069394968834879,-4.530063459442662,-0.7831390659649307,-0.05078644895413298,-58,-1165.6250000000005,0.01616365384312307,-0.012119588343761367,-0.48266198538099836,-0.22799002883405617,-5.648200390572725,-2.3026545839118704
parity_fwd_z_wf,veto0.30,3644,28664.620000000014,0.4610318331503842,0.5411635565312843,1.4317256517405685,-16.251292623450222,1.7277137541474823,10.552214089279213,532,3725.489999999993,0.4417293233082707,0.5150375939849624,2.7545214891116534,-3.958298770743878,14.714980222407249,8.933141889510233,-919,-3978.469999999954,0.020093853750866364,0.009276640028983207,-0.08703512371650213,-3.372228913756725,-0.6322175145660931,0.4036152343705499,-61,-865.8449999999989,0.016771481824290946,-0.011100685947583955,-0.21949428774787805,0.03155769769488748,-3.56085638960613,-1.5063939386090013
parity_fwd_z_wf,veto0.35,3508,26628.665,0.45923603192702395,0.5399087799315849,1.3721145027781696,-13.090004684624311,2.04858874726892,10.17528815602422,518,3428.2949999999983,0.44015444015444016,0.5115830115830116,2.3834437558922756,-4.389232759574271,12.144310093629983,8.442009517866802,-1055,-6014.4249999999665,0.018298052527506103,0.008021863429283793,-0.14664627267890107,-0.2109409749308142,-0.31134252144465524,0.026689301115556674,-75,-1163.0399999999936,0.015196598670460415,-0.0145552683495348,-0.5905720209672558,-0.3993762911355052,-6.131526518383396,-1.9975263102524323
parity_fwd_z_wf,veto0.40,3384,24404.770000000004,0.458628841607565,0.5393026004728132,1.3148829096971415,-14.212337126298108,1.7851246757868484,9.658098889891889,501,2643.3599999999988,0.43313373253493015,0.5069860279441117,1.730155701959449,-6.109558581983721,6.627033366267245,6.737292833521302,-1179,-8238.319999999963,0.017690862208047164,0.007415683970512066,-0.20387786575992917,-1.3332734166046105,-0.574806592926727,-0.49049996501677384,-92,-1947.974999999993,0.008175891050950401,-0.01915225198843462,-1.2438600749000825,-2.119702113544955,-11.648803245746134,-3.702242994597933
parity_fwd_z_wf,veto0.45,3228,23485.915000000008,0.4569392812887237,0.538723667905824,1.3148914937554719,-13.232871097235286,1.870439867053163,9.770242875821456,488,2098.004999999999,0.4262295081967213,0.5020491803278688,1.3969377755247383,-8.377725895761245,3.7947038864007907,5.566989054179302,-1335,-9157.17499999996,0.016001301889205843,0.0068367514035229116,-0.2038692817015988,-0.35380738754178864,-0.4894914016604124,-0.37835597908720686,-105,-2493.3299999999927,0.001271666712741537,-0.024089099604677533,-1.5770780013347931,-4.387869427322479,-14.481132725612587,-4.872546773939932
parity_fwd_z_wf,veto0.50,3051,21949.27500000001,0.45722713864306785,0.5378564405113078,1.2822670842296797,-13.010149625384853,1.820387509004669,9.638993074451149,467,2049.749999999998,0.4261241970021413,0.4989293361884368,1.4746498170752853,-7.818538881235372,3.96874177602394,5.71673604283891,-1512,-10693.814999999959,0.01628915924355001,0.005969524009006633,-0.23649369122739095,-0.1310859156913562,-0.5395437597089063,-0.5096057804575143,-126,-2541.5849999999937,0.001166355518161577,-0.027208943744109537,-1.4993659597842461,-3.8286824127966064,-14.307094835989439,-4.7227997852803245
parity_fwd_z_wf,tilt0.01,4563,32534.12999999997,0.44093797939951784,0.5318869165023011,1.514584211815411,-13.216127769818478,2.2951255889265085,10.117511814808282,593,4591.334999999992,0.42495784148397975,0.5261382799325464,2.9740157768595314,-3.9898564684387656,18.27583661201338,10.439535828119235,0,-108.95999999999913,0.0,0.0,-0.004176563641659747,-0.33706406012498036,-0.06480567978706686,-0.031087040100381103,0,0.0,0.0,0.0,0.0,0.0,0.0,0.0
parity_fwd_z_wf,tilt0.02,4563,32360.399999999972,0.4402805172035941,0.5312294543063774,1.5110385176176198,-13.18658030376657,2.292868631967622,10.06772013664427,593,4591.334999999992,0.42495784148397975,0.5261382799325464,2.9740157768595314,-3.9898564684387656,18.27583661201338,10.439535828119235,0,-282.68999999999505,-0.0006574621959237192,-0.0006574621959237748,-0.007722257839450908,-0.3075165940730731,-0.06706263674595325,-0.08087871826439219,0,0.0,0.0,0.0,0.0,0.0,0.0,0.0
parity_fwd_z_wf,tilt0.03,4563,31705.59999999997,0.43984220907297833,0.5307911461757615,1.4843887166131373,-13.367589018692705,2.2340871880567077,9.859194215733735,593,4591.334999999992,0.42495784148397975,0.5261382799325464,2.9740157768595314,-3.9898564684387656,18.27583661201338,10.439535828119235,0,-937.489999999998,-0.0010957703265395136,-0.0010957703265396246,-0.03437205884393335,-0.48852530899920765,-0.1258440806568677,-0.2894046391749274,0,0.0,0.0,0.0,0.0,0.0,0.0,0.0
parity_fwd_z_wf,tilt0.05,4563,31636.11499999997,0.4396230550076704,0.5303528380451458,1.478185258725099,-13.228815750000953,2.2545283069018,9.832858486360694,593,4569.844999999992,0.42495784148397975,0.5261382799325464,2.9561587799127347,-3.9970920113433484,18.15043632709912,10.385598300067592,0,-1006.9749999999985,-0.0013149243918474385,-0.0015340784571553634,-0.040575516731971684,-0.34975204030745566,-0.10540296181177533,-0.31574036854796894,0,-21.48999999999978,0.0,0.0,-0.017856996946796766,-0.007235542904582726,-0.12540028491426014,-0.05393752805164276
parity_fwd_z_wf,tilt0.07,4563,31825.469999999972,0.4394039009423625,0.5307911461757615,1.48553524454419,-12.879063709693497,2.324127153519481,9.882111335547382,593,4558.504999999992,0.42495784148397975,0.5261382799325464,2.951159461527597,-3.9970920113433484,18.101746296671774,10.35715738204246,0,-817.6199999999953,-0.0015340784571553634,-0.0010957703265396246,-0.03322553091288061,0.0,-0.03580411519409443,-0.2664875193612808,0,-32.82999999999993,0.0,0.0,-0.02285631533193433,-0.007235542904582726,-0.1740903153416049,-0.08237844607677403
parity_fwd_z_wf,tilt0.10,4563,31945.81999999997,0.4396230550076704,0.5310103002410694,1.4849935677566677,-12.879063709693497,2.3294330506790097,9.91496625506361,593,4476.079999999991,0.4266441821247892,0.524451939291737,2.867773379956056,-3.9916721479192376,17.772453039890838,10.135254317652102,0,-697.2699999999968,-0.0013149243918474385,-0.0008766162612316997,-0.03376720770040298,0.0,-0.03049821803456565,-0.2336325998450519,0,-115.25500000000102,0.0016863406408094694,-0.001686340640809414,-0.10624239690347537,-0.00181567948047201,-0.5033835721225408,-0.30428151046713303
parity_fwd_z_wf,tilt0.15,4563,32738.83499999997,0.4415954415954416,0.5329826868288406,1.5035842602492668,-12.879063709693497,2.364087229892101,10.157917174347888,593,4449.499999999991,0.4266441821247892,0.524451939291737,2.920004709259525,-3.2093664318120085,21.96292252167216,10.114787321223755,0,95.74500000000262,0.0006574621959237748,0.0010957703265395136,-0.015176515207803831,0.0,0.004155961178525569,0.009318319439225675,0,-141.83500000000095,0.0016863406408094694,-0.001686340640809414,-0.05401106760000651,0.7804900366267571,3.68708590965878,-0.32474850689547985
parity_fwd_z_wf,tilt0.20,4563,32440.72499999998,0.44093797939951784,0.5321060705676091,1.4985491145080827,-12.879063709693497,2.351122153723008,10.062935367713118,593,3822.339999999991,0.42158516020236086,0.5193929173693086,2.5992601330075056,-4.897061429301468,12.22514476120369,8.716413608344919,0,-202.36499999998705,0.0,0.00021915406530792492,-0.020211660948987964,0.0,-0.00880911499056758,-0.08566348719554462,0,-768.9950000000008,-0.0033726812816188834,-0.006745362563237767,-0.37475564385202587,-0.9072049608627024,-6.050691850809688,-1.7231222197743161
parity_fwd_z_wf,tilt0.30,4563,32310.404999999984,0.44115713346482577,0.5325443786982249,1.494028797509918,-12.882585207090822,2.344789902918379,10.010759184957807,593,3936.294999999991,0.42158516020236086,0.5193929173693086,2.794035945784109,-4.839217212196053,12.766758250881429,8.994322302556725,0,-332.6849999999831,0.00021915406530792492,0.0006574621959237748,-0.02473197794715265,-0.0035214973973243247,-0.015141365795196204,-0.13783966995085528,0,-655.0400000000009,-0.0033726812816188834,-0.006745362563237767,-0.1799798310754226,-0.8493607437572877,-5.50907836113195,-1.4452135255625098
parity_fwd_z_wf,tilt0.50,4563,32320.999999999985,0.44071882533421,0.5329826868288406,1.501811375802853,-12.879063709693497,2.345894256016476,9.957635147146307,593,4550.2699999999895,0.4300168634064081,0.524451939291737,3.1636030264779125,-4.6056662209280255,15.679177477580277,10.385024177412221,0,-322.08999999998196,-0.0002191540653078694,0.0010957703265395136,-0.0169493996542176,0.0,-0.014037012697099449,-0.19096370776235538,0,-41.06500000000233,0.005059021922428353,-0.001686340640809414,0.18958724961838103,-0.6158097524892598,-2.596659134433102,-0.05451165070701336
parity_fwd_z_wf,tilt0.75,4563,33391.01999999999,0.44291036598728906,0.5336401490247644,1.5110763995723087,-13.107733517371212,2.350462883827147,10.242742514675061,593,5231.8099999999895,0.43676222596964587,0.5278246205733558,3.58697534752029,-5.532729252873042,15.187212010991738,11.761501714157228,0,747.9300000000221,0.0019723865877712132,0.0017532325224632883,-0.007684375884762007,-0.22866980767771494,-0.009468384886428538,0.09414365976639871,0,640.4749999999976,0.01180438448566612,0.001686340640809414,0.6129595706607587,-1.5428727844342767,-3.0886246010216407,1.3219658860379937
parity_fwd_z_wf,tilt1.00,4563,31208.324999999983,0.44115713346482577,0.5321060705676091,1.4428164604894405,-16.76848479042339,1.7640007666009228,9.52826423841344,593,4868.87999999999,0.43676222596964587,0.524451939291737,3.3583485600289515,-6.282832464461855,12.367912607860541,10.948792837167694,0,-1434.7649999999849,0.00021915406530792492,0.00021915406530792492,-0.07594431496763021,-3.8894210807298926,-0.5959305021126526,-0.6203346164952226,0,277.54499999999825,0.01180438448566612,-0.001686340640809414,0.3843327831694201,-2.292975996023089,-5.907924004152838,0.5092570090484596
parity_fwd_slope_chg_wf,veto0.02,4528,33151.82499999997,0.441916961130742,0.5320229681978799,1.5402339693461409,-12.879063709693497,2.3819270052850428,10.3352991767226,592,4844.804999999992,0.42736486486486486,0.5320945945945946,3.047033857813244,-3.939030926540473,19.621230492591827,10.821717481272854,-35,508.7350000000006,0.0009789817312241822,0.00013605169557873165,0.021473193889070208,0.0,0.02199573657146736,0.18670032181393736,-1,253.47000000000025,0.0024070233808851094,0.005956314662048268,0.07301808095371243,0.05082554189829258,1.3453938805784489,0.3821816531536193
parity_fwd_slope_chg_wf,veto0.03,4519,33698.504999999976,0.4427970789997787,0.5326399645939367,1.5683394341077699,-12.879063709693497,2.405328430130546,10.520527599455935,589,4698.974999999991,0.4295415959252971,0.5314091680814941,2.970416657612605,-3.9244262517155786,19.0524422199821,10.53612549244707,-44,1055.4150000000081,0.0018590996002608717,0.0007530480916355664,0.049578658650699214,0.0,0.04539716141697081,0.3719287445472723,-4,107.63999999999942,0.004583754441317367,0.005270888148947717,-0.0035991192469264632,0.06543021672318705,0.7766056079687225,0.09658966432783522
parity_fwd_slope_chg_wf,veto0.04,4507,33464.629999999976,0.4426447747947637,0.532061238074107,1.5581444822806279,-12.879063709693497,2.395346517152483,10.479910683179034,586,4366.314999999992,0.42662116040955633,0.5290102389078498,2.6666258834755556,-4.03568779695632,17.11389557397501,9.87513134605562,-56,821.5400000000081,0.0017067953952458748,0.00017432157180585772,0.039383706823557185,0.0,0.03541524843890764,0.33131182827037087,-7,-225.01999999999953,0.0016633189255765846,0.002871958975303457,-0.3073898933839758,-0.045831328517554226,-1.1619410380383677,-0.5644044820636154
parity_fwd_slope_chg_wf,veto0.05,4499,34123.68999999997,0.44343187374972215,0.5330073349633252,1.566691188119895,-13.105371418170256,2.3815168673968854,10.695202300661581,586,4628.424999999993,0.4283276450511945,0.5290102389078498,2.7260109964391086,-4.01312132859559,18.32872697842828,10.421111124370197,-64,1480.6000000000058,0.0024938943502043065,0.0011204184610240642,0.047930412662824384,-0.2263077084767584,0.021585598683310003,0.5466034457529183,-7,37.090000000001055,0.0033698035672147797,0.002871958975303457,-0.24800478042042284,-0.023264860156824163,0.05289036641489986,-0.018424703749037263
parity_fwd_slope_chg_wf,veto0.06,4494,33896.769999999975,0.44348019581664444,0.5329327992879395,1.560769039138435,-12.879063709693497,2.4137563618199938,10.621104283990388,584,4593.714999999991,0.4280821917808219,0.5256849315068494,2.710126548269978,-4.01312132859559,18.1800749407012,10.375211147742531,-69,1253.6800000000076,0.002542216417126597,0.0010458827856383301,0.042008263681364344,0.0,0.053825093106418365,0.47250542908172477,-9,2.3799999999991996,0.00312435029684216,-0.00045334842569699774,-0.2638892285895533,-0.023264860156824163,-0.09576167131217872,-0.06432468037670347
parity_fwd_slope_chg_wf,veto0.07,4483,33389.739999999976,0.4432299799241579,0.5331251394155699,1.5483199264032845,-12.879063709693497,2.3921408954945584,10.48109281200806,583,4902.2299999999905,0.4305317324185249,0.5265866209262435,2.791229076449002,-4.885308180674783,16.02427497771661,11.11631148066991,-80,746.6500000000087,0.00229200052464007,0.001238222913268805,0.029559150946213864,0.0,0.03220962678098305,0.33249395709939655,-10,310.8949999999986,0.005573890934545134,0.0004483409936971716,-0.18278670041052925,-0.8954517122360173,-2.2515616342967704,0.6767756525506758
parity_fwd_slope_chg_wf,veto0.08,4479,33894.66499999997,0.4442956016968073,0.5336012502790801,1.5601869340974583,-13.351047384987758,2.3283395490515453,10.65465962623354,583,4837.789999999992,0.4305317324185249,0.5265866209262435,2.7601091946281326,-4.885308180674783,15.795772629787425,10.954180419424278,-84,1251.5750000000044,0.0033576222972894754,0.0017143337767789868,0.04142615864038768,-0.4719836752942612,-0.031591719662030116,0.5060607713248775,-10,246.45499999999993,0.005573890934545134,0.0004483409936971716,-0.2139065822313988,-0.8954517122360173,-2.4800639822259534,0.5146445913050428
parity_fwd_slope_chg_wf,veto0.09,4470,33943.864999999976,0.4445190156599553,0.5337807606263982,1.559706760759946,-14.008130579049046,2.22104198258651,10.700539464559185,581,4705.529999999992,0.43029259896729777,0.5249569707401033,2.670733972242176,-4.885308180674783,15.328179401362297,10.718918069308604,-93,1300.7750000000087,0.0035810362604374313,0.0018938441240970993,0.0409459853028753,-1.1290668693555492,-0.13888928612706541,0.5519406096505222,-12,114.19499999999971,0.00533475748331802,-0.0011813091924430807,-0.30328180461735554,-0.8954517122360173,-2.947657210651082,0.27938224118936894
parity_fwd_slope_chg_wf,veto0.10,4457,33324.04499999998,0.44402064168723354,0.5330940094233789,1.5403115430506882,-14.732674782594726,2.088709016296047,10.54517006294689,579,4367.089999999993,0.4265975820379965,0.5215889464594128,2.4426659318727437,-5.509987418912425,12.537153639927324,9.94818938483777,-106,680.955000000009,0.0030826622877156984,0.0012070929210777903,0.021550767593617515,-1.853611072901229,-0.2712222524175285,0.39657120803822643,-14,-224.24499999999898,0.0016397405540167775,-0.004549333473133577,-0.5313498449867877,-1.5201309504736598,-5.738682972086055,-0.49134644328146493
parity_fwd_slope_chg_wf,veto0.11,4452,32222.819999999978,0.44272237196765496,0.5314465408805031,1.5045002694910339,-15.781648400092557,1.9109278409327635,10.222901616609441,577,4512.269999999991,0.42807625649913345,0.5233968804159446,2.5900501893858987,-4.935112766574439,14.500491320726253,10.277170922448423,-111,-420.2699999999895,0.0017843925681371164,-0.00044037562179799483,-0.014260505966036785,-2.9025846903990598,-0.4490034277808119,0.07430276170077832,-16,-79.06500000000051,0.003118415015153697,-0.0027413995166017946,-0.38396558747363274,-0.9452562981356731,-3.7753452912871257,-0.1623649056708114
parity_fwd_slope_chg_wf,veto0.12,4444,32447.084999999974,0.4426192619261926,0.531953195319532,1.4990149425622263,-15.565366915165876,1.945590138586241,10.325338151790625,577,4423.949999999992,0.42807625649913345,0.5216637781629117,2.589026914263777,-4.392341014056711,15.948284146764413,10.071876766554052,-119,-196.00499999999374,0.0016812825266747655,6.627881723086926e-05,-0.01974583289484433,-2.686303205472379,-0.4143411301273343,0.1767392968819621,-16,-167.38500000000022,0.003118415015153697,-0.004474501769634709,-0.38498886259575427,-0.4024845456179458,-2.3275524652489654,-0.3676590615651829
parity_fwd_slope_chg_wf,veto0.13,4437,32577.16999999997,0.4433175569078206,0.5323416723011043,1.5050489729267307,-15.399356308233102,1.9713029433525349,10.379542228795998,576,4350.839999999991,0.4270833333333333,0.5208333333333334,2.556655186501939,-4.392341014056711,15.66418610536251,9.911203648441147,-126,-65.91999999999825,0.002379577508302755,0.00045475579880316364,-0.01371180253033999,-2.520292598539605,-0.3886283253610405,0.2309433738873352,-17,-240.4950000000008,0.002125491849353567,-0.00530494659921299,-0.41736059035759254,-0.4024845456179458,-2.611650506650868,-0.5283321796780882
parity_fwd_slope_chg_wf,veto0.14,4425,32425.204999999973,0.4433898305084746,0.5315254237288135,1.5025384105544406,-15.75898541081954,1.9209061946922368,10.365032893147998,574,4417.6149999999925,0.42857142857142855,0.5226480836236934,2.6968249572388205,-4.224101576538665,16.557855340329297,10.083348949658504,-138,-217.88499999999476,0.0024518511089567374,-0.0003614927734876261,-0.01622236490263007,-2.879921701126042,-0.4390250740213386,0.21643403823933482,-19,-173.71999999999935,0.0036135870874487996,-0.003490196308852944,-0.2771908196207109,-0.2342451080998993,-1.7179812716840814,-0.35618687846073094
parity_fwd_slope_chg_wf,veto0.15,4415,32706.68999999997,0.44371460928652323,0.5325028312570781,1.5129215245932748,-15.255680982557557,1.994618975703442,10.45837884222438,573,4445.054999999993,0.4293193717277487,0.5218150087260035,2.7658026459027196,-4.30653728021593,16.34980770500009,10.167597445894508,-148,63.60000000000218,0.0027766298870053885,0.0006159147547769583,-0.005839250863795886,-2.3766172728640598,-0.36531229301013335,0.3097799873157179,-20,-146.27999999999884,0.004361530243768952,-0.004323271206542856,-0.20821313095681182,-0.31668081177716445,-1.9260289070132899,-0.271938382224727
parity_fwd_slope_chg_wf,veto0.16,4404,32369.13999999997,0.4434604904632153,0.5322434150772025,1.4976580125910461,-16.246079655501312,1.861372938517853,10.367594975954828,571,4326.774999999994,0.4290718038528897,0.521891418563923,2.6816223040480196,-4.324904684506458,15.813602820774241,9.946670933359803,-159,-273.9499999999971,0.0025225110636974413,0.00035649857490138714,-0.021102762866024527,-3.3670159458078146,-0.4985583301957224,0.21899612104616573,-22,-264.5599999999977,0.004113962368909929,-0.0042468613686234,-0.29239347281151185,-0.3350482160676922,-2.4622337912391377,-0.49286489475943185
parity_fwd_slope_chg_wf,veto0.17,4394,32237.51499999997,0.4433318161128812,0.5316340464269458,1.4904731379330975,-16.485591328720492,1.829833027772455,10.338051811998675,571,4324.024999999994,0.4290718038528897,0.5236427320490368,2.6711019993765093,-4.828695431694132,14.154025522572548,9.927242731160604,-169,-405.5749999999971,0.002393836713363351,-0.0002528700753553492,-0.02828763752397312,-3.606527619026995,-0.5300982409411203,0.18945295709001186,-22,-267.3099999999977,0.004113962368909929,-0.0024955478835095857,-0.3029137774830222,-0.8388389632553661,-4.121811089440831,-0.512293096958631
parity_fwd_slope_chg_wf,veto0.18,4383,31962.774999999972,0.4426192105863564,0.5309148984713666,1.4917334986111475,-16.771951655930824,1.78932848667077,10.280742178123218,570,4445.354999999992,0.4298245614035088,0.5245614035087719,2.805690003234047,-3.780485170452645,18.626229948258477,10.233997964414296,-180,-680.314999999995,0.0016812311868385499,-0.0009720180309344961,-0.02702727684592321,-3.8928879462373267,-0.5706027820428055,0.1321433232145548,-23,-145.97999999999956,0.004866719919529028,-0.0015768764237744648,-0.1683257736254844,0.20937129798612064,0.35039333624509794,-0.20553786370493832
parity_fwd_slope_chg_wf,veto0.19,4374,31676.029999999977,0.44215820759030633,0.5306355738454503,1.4840029467111822,-16.655695506685355,1.7920299618370736,10.228980926953527,570,4366.464999999993,0.4298245614035088,0.5245614035087719,2.715000315321146,-3.8059207286053427,18.14775004536571,10.034155237542388,-189,-967.0599999999904,0.001220228190788486,-0.0012513426568507846,-0.03475782874588851,-3.7766317969918575,-0.5679013068765018,0.08038207204486447,-23,-224.86999999999898,0.004866719919529028,-0.0015768764237744648,-0.2590154615383855,0.18393573983342293,-0.12808656664766715,-0.40538059057684706
parity_fwd_slope_chg_wf,veto0.20,4367,31324.559999999976,0.4424089764140142,0.5310281657888711,1.472866905243988,-16.70124694511194,1.7751025769474644,10.132106737656123,569,4596.779999999992,0.43409490333919154,0.5272407732864675,2.949957431348004,-3.4897029784686575,20.92198083282772,10.53617896362768,-196,-1318.5299999999916,0.001470997014496378,-0.000858750713430001,-0.045893870213082666,-3.822183235418443,-0.584828691766111,-0.01649211725253963,-24,5.444999999999709,0.009137061855211792,0.0011024933539210968,-0.024058345511527524,0.5001534899701081,2.6461442208143424,0.09664313550844561
parity_fwd_slope_chg_wf,veto0.21,4362,31631.259999999977,0.44291609353507566,0.5314076111875287,1.4745793922358779,-16.825261036418368,1.772452101050777,10.244354890606914,567,4663.674999999992,0.43738977072310403,0.527336860670194,3.004734042757018,-3.4897029784686575,21.25163563467279,10.763226894433386,-201,-1011.8299999999908,0.001978114135557818,-0.0004793053147724713,-0.044181383221192805,-3.946197326724871,-0.5874791676627984,0.0957560356982512,-26,72.34000000000015,0.012431929239124284,0.0011985807376476698,0.030718265897486496,0.5001534899701081,2.9757990226594124,0.3236910663141508
parity_fwd_slope_chg_wf,veto0.22,4356,32228.924999999974,0.44329660238751145,0.5312213039485767,1.4919164157397695,-16.026928173299996,1.881897427358222,10.437828561286953,565,4281.489999999992,0.4353982300884956,0.5221238938053098,2.6576290212046945,-4.137455533708823,16.343717687845647,9.95710631837603,-207,-414.1649999999936,0.0023586229879936083,-0.0006656125537244373,-0.026844359717301147,-3.147864463606499,-0.4780338413553533,0.2892297063782898,-28,-309.84500000000025,0.010440388604515849,-0.004014386127236591,-0.316386755654837,-0.1475990652700574,-1.9321189241677317,-0.48242950974320387
parity_fwd_slope_chg_wf,veto0.23,4346,31555.824999999975,0.4429360331339162,0.5306028531983433,1.4790771915005283,-15.908580570338197,1.8718760861288117,10.247598964764633,565,4490.679999999991,0.43716814159292033,0.5238938053097345,2.758265204099293,-4.137455533708823,17.206649508819552,10.433699696678547,-217,-1087.2649999999921,0.001998053734398375,-0.0012840633039578053,-0.03968358395654237,-3.0295168606446996,-0.48805518258476366,0.09900010985596985,-28,-100.65500000000065,0.012210300108940586,-0.002244474622811854,-0.21575057276023824,-0.1475990652700574,-1.0691871031938263,-0.005836131440688064
parity_fwd_slope_chg_wf,veto0.24,4335,31371.489999999976,0.44244521337946946,0.5303344867358708,1.4764383577423463,-16.241704334147027,1.8269853679521184,10.221699333985436,564,4429.699999999992,0.43617021276595747,0.5230496453900709,2.719670957976395,-4.369533538607877,16.05401694554428,10.30104577811066,-228,-1271.5999999999913,0.0015072339799516166,-0.00155242976643033,-0.042322417714724336,-3.3626406244535296,-0.532945900761457,0.07310047907677308,-29,-161.63500000000022,0.011212371281977718,-0.0030886345424754325,-0.25434481888313654,-0.37967707016911145,-2.2218196664690986,-0.13849005000857417
parity_fwd_slope_chg_wf,veto0.25,4325,31344.834999999977,0.4430057803468208,0.5301734104046243,1.479911478869908,-15.43120693600887,1.9219536106373878,10.235366002712436,562,4285.894999999991,0.43416370106761565,0.5213523131672598,2.746367378216383,-4.287398509427956,15.789609110039212,10.045235134808884,-238,-1298.25499999999,0.002067800947302967,-0.0017135060976768424,-0.03884929658716274,-2.5521432263153727,-0.4379776580761876,0.08676714780377281,-31,-305.4400000000005,0.0092058595836359,-0.004785966765286531,-0.22764839864314856,-0.2975420409891907,-2.4862275019741666,-0.3943006933103508
parity_fwd_slope_chg_wf,veto0.26,4312,31106.709999999977,0.4424860853432282,0.5296846011131725,1.4736271350325552,-15.925452073022575,1.8537050046494945,10.183946902729607,559,4460.864999999991,0.4347048300536673,0.5241502683363148,2.8578522486071654,-4.047141500228273,17.464538003460504,10.501912931539605,-251,-1536.37999999999,0.001548105943710354,-0.0022023153891286285,-0.04513364042451551,-3.0463883633290774,-0.5062262640640809,0.03534804782094447,-34,-130.47000000000116,0.009746988569687531,-0.0019880115962315204,-0.11616352825236609,-0.05728503178950728,-0.8112986085528746,0.062377103420370617
parity_fwd_slope_chg_wf,veto0.27,4300,30185.269999999975,0.44116279069767445,0.5286046511627907,1.4479426879202044,-16.14659209967845,1.795108014810776,9.911711525639607,558,4430.594999999991,0.4336917562724014,0.5232974910394266,2.759788581892634,-4.047141500228273,17.336646590597486,10.441818131255097,-263,-2457.8199999999924,0.00022481129815660195,-0.0032822653395104817,-0.07081808753686625,-3.267528389984953,-0.5648232539027993,-0.23688732926905587,-35,-160.7400000000007,0.00873391478842167,-0.0028407888931197833,-0.21422719496689746,-0.05728503178950728,-0.939190021415893,0.002282303135862307
parity_fwd_slope_chg_wf,veto0.28,4290,29630.664999999975,0.4403263403263403,0.527972027972028,1.4302078695356266,-16.44069742361644,1.7430692509310157,9.74195639212851,557,4229.67499999999,0.4326750448833034,0.5206463195691203,2.622241284078987,-4.009673703295458,16.64491232649351,9.979725208504963,-273,-3012.424999999992,-0.0006116390731775168,-0.0039148885302731085,-0.08855290592144405,-3.5616337139229444,-0.6168620177825597,-0.4066424627801535,-36,-361.6600000000017,0.0077172033993236355,-0.0054919603634260294,-0.3517744927805446,-0.019817234856692068,-1.6309242855198676,-0.45981061961427194
parity_fwd_slope_chg_wf,veto0.29,4276,30055.964999999975,0.4408325537885875,0.5287652011225444,1.443482064688103,-15.071529440528392,1.9181085024983797,9.914378867860789,555,4536.364999999991,0.436036036036036,0.5261261261261261,2.8202772493505743,-4.0440090716282375,17.797826628119488,10.746751477677861,-287,-2587.1249999999927,-0.00010542561093035419,-0.0031217153797566954,-0.07527871076896764,-2.192465730834895,-0.4418227662151957,-0.23421998704787406,-38,-54.970000000001164,0.011078194552056275,-1.2153806420278634e-05,-0.1537385275089571,-0.054152603189471904,-0.47800998389389093,0.3072156495586267
parity_fwd_slope_chg_wf,veto0.30,4267,29713.439999999977,0.4405905788610265,0.5291774080149988,1.435419672287328,-14.607159507984841,1.965228476354672,9.82356460813143,555,4542.20499999999,0.43423423423423424,0.5243243243243243,2.931056072588445,-3.955636441458257,18.22076503260945,10.774840199394315,-296,-2929.6499999999905,-0.0003474005384913603,-0.0027095084873023367,-0.08334110316974264,-1.7280957982913439,-0.3947027923589035,-0.325034246777232,-38,-49.13000000000193,0.009276392750254492,-0.001813955608222062,-0.04295970427108653,0.03422002698050841,-0.05507157940392915,0.3353043712750807
parity_fwd_slope_chg_wf,veto0.35,4222,30192.239999999976,0.44173377546186643,0.530317385125533,1.452371847205816,-15.104131931762122,1.9192741829831976,10.070051204696004,550,4162.799999999992,0.43454545454545457,0.5218181818181818,2.5801530412558544,-4.828681091468609,13.586747864933672,10.01875086191147,-341,-2450.8499999999913,0.000795796062348586,-0.001569531376768185,-0.06638892825125464,-2.225068222068625,-0.44065708573037776,-0.07854765021265919,-43,-428.53499999999985,0.00958761306147482,-0.004320098114364512,-0.393862735603677,-0.8388246230298435,-4.6890887470797065,-0.4207849662077656
parity_fwd_slope_chg_wf,veto0.40,4178,29280.214999999975,0.4401627573001436,0.5294399234083293,1.415264676063029,-16.714994342964136,1.7019645947978166,9.831758293638341,548,3795.879999999994,0.42700729927007297,0.5145985401459854,2.404034699254314,-5.311521232427703,11.18773847553542,9.234183224539557,-385,-3362.8749999999927,-0.0007752220993742509,-0.0024469930939717832,-0.1034960993940417,-3.835930633270639,-0.6579666739157588,-0.3168405612703218,-45,-795.4549999999977,0.002049457786093223,-0.011539739786560976,-0.5699810776052177,-1.3216647639889372,-7.088098136477958,-1.2053526035796782
parity_fwd_slope_chg_wf,veto0.45,4121,29154.18999999998,0.43969910215967,0.5294831351613686,1.4344433950262792,-15.103227259326903,1.878593029420568,9.88591697674257,544,3995.919999999997,0.42830882352941174,0.5147058823529411,2.605845757443576,-3.639252746257072,17.2522520098616,9.739896178817927,-442,-3488.899999999987,-0.0012388772398478354,-0.0024037813409325537,-0.08431738043079151,-2.2241635496334062,-0.48133823929300745,-0.26268187816609334,-49,-595.414999999995,0.003350982045431994,-0.011432397579605236,-0.3681700194159556,0.35060372218169356,-1.0235846021517787,-0.6996396493013073
parity_fwd_slope_chg_wf,veto0.50,4059,29987.879999999972,0.44050258684405025,0.5309189455530919,1.4761146372230876,-14.2083927695229,2.0318065368826366,10.29362769445913,537,3805.1699999999964,0.4245810055865922,0.5139664804469274,2.669136098904659,-3.9734396648895234,14.994447876307612,9.368740090014667,-504,-2655.2099999999955,-0.00043539255546759525,-0.0009679709492091959,-0.04264613823398311,-1.3293290598294032,-0.3281247318309388,0.14502883955046642,-56,-786.1649999999954,-0.00037683589738757295,-0.012171799485618973,-0.30487967795487236,0.016416803549242243,-3.2813887357057663,-1.070795738104568
parity_fwd_slope_chg_wf,tilt0.01,4563,32867.039999999964,0.44115713346482577,0.5321060705676091,1.5244490324253,-12.879063709693497,2.369640272358166,10.217460000419667,593,4591.334999999992,0.42495784148397975,0.5261382799325464,2.9740157768595314,-3.9898564684387656,18.27583661201338,10.439535828119235,0,223.9499999999971,0.00021915406530792492,0.00021915406530792492,0.005688256968229277,0.0,0.009709003644590819,0.0688611455110042,0,0.0,0.0,0.0,0.0,0.0,0.0,0.0
parity_fwd_slope_chg_wf,tilt0.02,4563,32983.96499999997,0.44115713346482577,0.5321060705676091,1.5296991625999152,-12.879063709693497,2.374692917481321,10.249506642531939,593,4591.334999999992,0.42495784148397975,0.5261382799325464,2.9740157768595314,-3.9898564684387656,18.27583661201338,10.439535828119233,0,340.875,0.00021915406530792492,0.00021915406530792492,0.010938387142844563,0.0,0.014761648767745772,0.10090778762327623,0,0.0,0.0,0.0,0.0,0.0,0.0,-1.7763568394002505e-15
parity_fwd_slope_chg_wf,tilt0.03,4563,32757.729999999967,0.44071882533421,0.5318869165023011,1.5234318057146752,-13.211613032698283,2.30537947031483,10.179256196569952,593,4591.334999999992,0.42495784148397975,0.5261382799325464,2.9740157768595314,-3.9898564684387656,18.27583661201338,10.439535828119233,0,114.63999999999942,-0.0002191540653078694,0.0,0.004671030257604514,-0.3325493230047858,-0.054551798398745355,0.030657341661289195,0,0.0,0.0,0.0,0.0,0.0,0.0,-1.7763568394002505e-15
parity_fwd_slope_chg_wf,tilt0.05,4563,33359.524999999965,0.4413762875301337,0.532325224632917,1.538813603046938,-13.209785145899321,2.3309888259036624,10.363182530208894,593,4407.354999999992,0.42495784148397975,0.524451939291737,2.864827427660514,-3.9970920113433484,17.454390787455306,10.039622219878474,0,716.4349999999977,0.00043830813061584983,0.00043830813061584983,0.02005282758986726,-0.33072143620582395,-0.028942442809912983,0.21458367530023104,0,-183.97999999999956,0.0,-0.001686340640809414,-0.10918834919901732,-0.007235542904582726,-0.8214458245580722,-0.3999136082407606
parity_fwd_slope_chg_wf,tilt0.07,4563,33919.01499999997,0.4418145956607495,0.5327635327635327,1.5536050209817414,-13.20779749235726,2.3545996534021016,10.545489688686356,593,4407.354999999992,0.42495784148397975,0.524451939291737,2.864827427660514,-3.9970920113433484,17.454390787455306,10.039622219878474,0,1275.925000000003,0.0008766162612316442,0.0008766162612315886,0.03484424552467069,-0.32873378266376285,-0.0053316153114737475,0.3968908337776931,0,-183.97999999999956,0.0,-0.001686340640809414,-0.10918834919901732,-0.007235542904582726,-0.8214458245580722,-0.3999136082407606
parity_fwd_slope_chg_wf,tilt0.10,4563,33952.10499999997,0.4420337497260574,0.5329826868288406,1.5554310513870224,-13.190143282957498,2.3591210473838267,10.555386586573805,593,4407.354999999992,0.42495784148397975,0.524451939291737,2.864827427660514,-3.9970920113433484,17.454390787455306,10.039622219878474,0,1309.0149999999994,0.001095770326539569,0.0010957703265395136,0.03667027592995176,-0.31107957326400104,-0.0008102213297487282,0.40678773166514226,0,-183.97999999999956,0.0,-0.001686340640809414,-0.10918834919901732,-0.007235542904582726,-0.8214458245580722,-0.3999136082407606
parity_fwd_slope_chg_wf,tilt0.15,4563,33768.489999999976,0.44225290379136534,0.5329826868288406,1.5481421723300564,-13.799332600822027,2.2476984536330527,10.504875310700161,593,4377.374999999992,0.42495784148397975,0.524451939291737,2.845415723461847,-3.9970920113433484,17.326351722184036,9.975879446457892,0,1125.4000000000087,0.001314924391847494,0.0010957703265395136,0.029381396872985688,-0.9202688911285293,-0.11223281508052274,0.35627645579149814,0,-213.96000000000004,0.0,-0.001686340640809414,-0.12860005339768454,-0.007235542904582726,-0.9494848898293426,-0.4636563816613428
parity_fwd_slope_chg_wf,tilt0.20,4563,34106.299999999974,0.44247205785667326,0.5332018408941486,1.5552648040196637,-13.920122832869694,2.2414456385150445,10.598120781344281,593,4618.524999999992,0.42495784148397975,0.5261382799325464,3.0044694821167455,-3.9970920113433484,18.35964479694747,10.500458916565837,0,1463.2100000000064,0.001534078457155419,0.0013149243918474385,0.03650402856259305,-1.041059123176197,-0.11848563019853087,0.4495219264356187,0,27.19000000000051,0.0,0.0,0.030453705257214025,-0.007235542904582726,0.08380818493409237,0.06092308844660188
parity_fwd_slope_chg_wf,tilt0.30,4563,34948.04499999996,0.443129520052597,0.5340784571553803,1.5767847705109257,-13.625192880975263,2.323332919166643,10.855003088335707,593,4589.854999999993,0.42833052276559863,0.5261382799325464,2.9447325422627766,-3.989759006460214,18.269911580686777,10.37409865107593,0,2304.9549999999945,0.002191540653079138,0.002191540653079138,0.058023995053855026,-0.7461291712817655,-0.03659834954693242,0.706404233427044,0,-1.479999999998654,0.0033726812816188834,0.0,-0.02928323459675486,9.746197855164951e-05,-0.005925031326601271,-0.06543717704330554
parity_fwd_slope_chg_wf,tilt0.50,4563,35139.664999999964,0.443129520052597,0.5338593030900723,1.5821288999879035,-12.953102081110135,2.4517978407194083,10.917197487057129,593,4319.014999999994,0.42327150084317033,0.521079258010118,2.786408740649639,-4.12623290950683,16.54296894848959,9.720748335223522,0,2496.574999999997,0.002191540653079138,0.0019723865877712132,0.06336812453083285,-0.07403837141663772,0.09186657200583292,0.7685986321484659,0,-272.3199999999979,-0.001686340640809414,-0.005059021922428353,-0.18760703620989228,-0.13637644106806412,-1.7328676635237876,-0.7187874928957125
parity_fwd_slope_chg_wf,tilt0.75,4563,34463.65999999997,0.44115713346482577,0.532325224632917,1.536442151689873,-14.23001773984054,2.2062573861239296,10.685646443804774,593,4077.9899999999934,0.42158516020236086,0.5193929173693086,2.7161172909332145,-3.3585012219760633,19.106931929571672,9.164135736509088,0,1820.5699999999997,0.00021915406530792492,0.00043830813061584983,0.017681376232802304,-1.350954030147042,-0.15367388258964576,0.5370475888961117,0,-513.3449999999984,-0.0033726812816188834,-0.006745362563237767,-0.2578984859263169,0.6313552464627024,0.8310953175582938,-1.2754000916101464
parity_fwd_slope_chg_wf,tilt1.00,4563,34229.89999999996,0.4402805172035941,0.5321060705676091,1.5264779028468574,-16.095062324618773,1.942732559293406,10.606935059369404,593,4028.939999999995,0.418212478920742,0.5177065767284992,2.6239535972304675,-6.078228874033548,10.421168664687505,9.012072868022491,0,1586.8099999999904,-0.0006574621959237192,0.00021915406530792492,0.007717127389786693,-3.215998614925276,-0.41719870942016946,0.45833620446074086,0,-562.3949999999968,-0.006745362563237767,-0.00843170320404718,-0.35006217962906394,-2.0883724055947823,-7.854667947325874,-1.4274629600967437
parity_fwd_iqr_wf,veto0.02,4534,34014.96999999997,0.44287604764005295,0.5346272606969563,1.5565901310147376,-12.879063709693497,2.418766070558197,10.57170192057053,592,4556.584999999994,0.42567567567567566,0.527027027027027,2.952265443543138,-3.9898564684387656,18.12631645823587,10.374428722640545,-29,1371.8800000000047,0.0019380682405351068,0.0027403441946551865,0.03782935555766698,0.0,0.05883480184462142,0.4231030656618664,-1,-34.74999999999818,0.0007178341916959097,0.0008887470944806131,-0.021750333316393533,0.0,-0.14952015377750882,-0.06510710547869003
parity_fwd_iqr_wf,veto0.03,4523,34151.87499999997,0.44240548308644706,0.5348220207826664,1.564557226791132,-12.879063709693497,2.4245548397115146,10.64854629911461,592,4556.584999999994,0.42567567567567566,0.527027027027027,2.952265443543138,-3.9898564684387656,18.12631645823587,10.374428722640545,-40,1508.7850000000035,0.0014675036869292168,0.0029351042803652527,0.045796451334061405,0.0,0.06462357099793925,0.4999474442059473,-1,-34.74999999999818,0.0007178341916959097,0.0008887470944806131,-0.021750333316393533,0.0,-0.14952015377750882,-0.06510710547869003
parity_fwd_iqr_wf,veto0.04,4512,33718.82999999997,0.4423758865248227,0.5343528368794326,1.5544483187885416,-12.879063709693497,2.4061938492334867,10.554428796060035,592,4556.584999999994,0.42567567567567566,0.527027027027027,2.952265443543138,-3.9898564684387656,18.12631645823587,10.374428722640545,-51,1075.7400000000052,0.001437907125304838,0.0024659203771314475,0.03568754333147095,0.0,0.04626258051991128,0.4058299411513726,-1,-34.74999999999818,0.0007178341916959097,0.0008887470944806131,-0.021750333316393533,0.0,-0.14952015377750882,-0.06510710547869003
parity_fwd_iqr_wf,veto0.05,4505,33315.65499999997,0.44173140954495005,0.5336293007769145,1.5416835207320236,-12.879063709693497,2.3889652805237636,10.448818013050547,592,4627.894999999993,0.42567567567567566,0.527027027027027,2.9696394772059556,-3.9898564684387656,18.43331755913956,10.55392246294183,-58,672.5650000000023,0.0007934301454322057,0.0017423842746133733,0.02292274527495297,0.0,0.029034011810188165,0.3002191581418838,-1,36.56000000000131,0.0007178341916959097,0.0008887470944806131,-0.004376299653575888,0.0,0.15748094712618155,0.11438663482259592
parity_fwd_iqr_wf,veto0.06,4501,32258.04499999997,0.44079093534770053,0.5318818040435459,1.4992292917742696,-12.879063709693497,2.3431404214049674,10.118643422363961,592,4720.724999999993,0.42567567567567566,0.527027027027027,3.07735170452504,-3.2079065972966427,23.42488838568102,10.788460496873983,-62,-385.04499999999825,-0.00014704405181731328,-5.1124587552298095e-06,-0.01953148368280111,0.0,-0.016790847308608026,-0.029955432544701566,-1,129.39000000000124,0.0007178341916959097,0.0008887470944806131,0.10333592766550836,0.7819498711421229,5.14905177366764,0.3489246687547478
parity_fwd_iqr_wf,veto0.07,4493,32632.324999999968,0.44135321611395506,0.5330514133095927,1.5159417904840005,-12.879063709693497,2.3594635204538945,10.264471063063924,591,4596.474999999994,0.42470389170896783,0.5245346869712352,2.883834686710363,-4.537240211456598,16.090454932470113,10.57862748897712,-70,-10.764999999999418,0.0004152367144372171,0.0011644968072915818,-0.0028189849730702043,0.0,-0.00046774825968087796,0.11587220815526145,-2,5.140000000002146,-0.00025394977501191907,-0.0016035929613111843,-0.09018109014916842,-0.5473837430178321,-2.1853816795432657,0.1390916608578845
parity_fwd_iqr_wf,veto0.08,4486,32345.504999999972,0.44092732946946056,0.5329915292019617,1.4963032631103816,-12.879063709693497,2.3469652710405415,10.181355935244367,591,4596.474999999994,0.42470389170896783,0.5245346869712352,2.883834686710363,-4.537240211456598,16.090454932470113,10.57862748897712,-77,-297.5849999999955,-1.0649930057282653e-05,0.0011046126996605565,-0.022457512346689024,0.0,-0.012965997673033858,0.03275708033570446,-2,5.140000000002146,-0.00025394977501191907,-0.0016035929613111843,-0.09018109014916842,-0.5473837430178321,-2.1853816795432657,0.1390916608578845
parity_fwd_iqr_wf,veto0.09,4479,32963.59999999997,0.44161643223933916,0.5338245144005358,1.5160380824738584,-12.879063709693497,2.3738136990570684,10.387615533058085,591,4587.7049999999945,0.42470389170896783,0.5245346869712352,3.024292231816327,-4.597136393640556,15.84804353423386,10.556312968325559,-84,320.51000000000204,0.0006784528398213197,0.0019375978982346664,-0.0027226929832122604,0.0,0.013882430343493013,0.2390166781494223,-2,-3.6299999999973807,-0.00025394977501191907,-0.0016035929613111843,0.05027645495679556,-0.60727992520179,-2.427793077779519,0.11677714020632379
parity_fwd_iqr_wf,veto0.10,4473,32404.01999999997,0.4415381175944556,0.5336463223787168,1.4909209152619511,-12.926942883813867,2.3408184589817655,10.227987327833265,591,4587.7049999999945,0.42470389170896783,0.5245346869712352,3.024292231816327,-4.597136393640556,15.84804353423386,10.556312968325559,-90,-239.06999999999607,0.0006001381949377604,0.001759405876415654,-0.027839860195119526,-0.04787917412036968,-0.019112809731809843,0.07938847292460238,-2,-3.6299999999973807,-0.00025394977501191907,-0.0016035929613111843,0.05027645495679556,-0.60727992520179,-2.427793077779519,0.11677714020632379
parity_fwd_iqr_wf,veto0.11,4466,33393.94999999997,0.44223018360949395,0.5344827586206896,1.5284230060122208,-12.879063709693497,2.3923212218946492,10.547022850885314,591,4587.7049999999945,0.42470389170896783,0.5245346869712352,3.024292231816327,-4.597136393640556,15.84804353423386,10.556312968325559,-97,750.8600000000006,0.001292204209976111,0.0025958421183884806,0.009662230555150142,0.0,0.03238995318107385,0.39842399597665157,-2,-3.6299999999973807,-0.00025394977501191907,-0.0016035929613111843,0.05027645495679556,-0.60727992520179,-2.427793077779519,0.11677714020632379
parity_fwd_iqr_wf,veto0.12,4457,32208.019999999975,0.4408795153690823,0.5333183755889612,1.4862424872283944,-13.08656753446111,2.3038311175295085,10.19798252444048,591,4982.584999999994,0.4263959390862944,0.5279187817258884,3.2244006160231775,-4.542795027849333,17.539546715779665,11.457929706426732,-106,-435.06999999999243,-5.8464030435523284e-05,0.0014314590866600918,-0.032518288228676306,-0.2075038247676133,-0.05610015118406686,0.049383669531817276,-2,391.2500000000018,0.0014380976023146697,0.001780501793341993,0.25038483916364607,-0.5529385594105678,-0.7362898962337141,1.0183938783074975
parity_fwd_iqr_wf,veto0.13,4448,32204.999999999978,0.44154676258992803,0.5339478417266187,1.492989099544401,-13.136537534131595,2.2949378651445795,10.221747326848815,591,4893.254999999994,0.42470389170896783,0.5262267343485617,3.1807803807253574,-4.514299441377174,17.306764211100866,11.294236338910054,-115,-438.08999999998923,0.0006087831904101892,0.0020609252243175558,-0.0257716759126696,-0.2574738244380974,-0.06499340356899586,0.0731484719401525,-2,301.9200000000019,-0.00025394977501191907,8.845441601534887e-05,0.20676460386582596,-0.5244429729384086,-0.9690724009125127,0.8547005107908188
parity_fwd_iqr_wf,veto0.14,4447,32403.804999999975,0.4418709242185743,0.5342927816505509,1.5031550427263367,-13.002172595309606,2.3272653429120336,10.288069586935196,591,5112.149999999994,0.428087986463621,0.5296108291032149,3.1966174844385784,-4.480441283439746,18.287268087747666,11.770907829956803,-116,-239.28499999999258,0.0009329448190564804,0.0024058651482498083,-0.015605732730733957,-0.12310888561610867,-0.03266592580154182,0.13947073202653293,-2,520.8150000000023,0.0031301449796412584,0.0034725491706685263,0.22260170757904696,-0.4905848150009806,0.011431475734287488,1.3313720018375683
parity_fwd_iqr_wf,veto0.15,4441,31985.39999999998,0.4417923891015537,0.5338887637919387,1.4910545491065634,-13.125940131044992,2.287329895827934,10.167239380612587,590,5344.189999999993,0.43050847457627117,0.5322033898305085,3.3772607364691885,-4.397963037007417,19.554032765321235,12.299733668679403,-122,-657.6899999999878,0.0008544097020358743,0.0020018472896375927,-0.027706226350507235,-0.24687642135149446,-0.07260137288564161,0.018640525703924382,-3,752.8550000000014,0.005550633092291424,0.006065109897962162,0.403244959609657,-0.4081065685686518,1.2781961533078565,1.8601978405601685
parity_fwd_iqr_wf,veto0.16,4434,32385.249999999978,0.44248985115020295,0.5345060893098782,1.5093225215994213,-12.995736618883788,2.327615157429468,10.319791572729185,590,5427.459999999994,0.43050847457627117,0.5322033898305085,3.4059818728180713,-4.3691003766459025,20.018466358143677,12.472225969215708,-129,-257.83999999998923,0.0015518717506851076,0.0026191728075770637,-0.009438253857649403,-0.1166729091902905,-0.032316111284107496,0.1711927178205226,-3,836.1250000000018,0.005550633092291424,0.006065109897962162,0.43196609595853985,-0.3792439082071368,1.742629746130298,2.0326901410964737
parity_fwd_iqr_wf,veto0.17,4429,32328.324999999975,0.4425378189207496,0.5344321517272522,1.5059188655574434,-13.058221032599452,2.314024657124588,10.297462373773097,589,5475.129999999996,0.4312393887945671,0.533106960950764,3.3647661951814176,-4.37522443777105,20.182470532100016,12.630057670126863,-134,-314.76499999999214,0.0015998395212317718,0.0025452352249510923,-0.012841909899627302,-0.17915732290595443,-0.045906611588987456,0.1488635188644345,-4,883.7950000000037,0.006281547310587332,0.006968681018217682,0.3907504183218862,-0.38536796933228423,1.9066339200866373,2.1905218420076285
parity_fwd_iqr_wf,veto0.18,4422,32099.23499999998,0.4418815015829941,0.5341474445952058,1.4896151509586648,-13.355439397848684,2.2528494398993915,10.234486603598615,589,5376.789999999995,0.4312393887945671,0.533106960950764,3.299813776549766,-4.40944750366085,19.633059442936958,12.375133319247631,-141,-543.8549999999886,0.0009435221834762642,0.002260528092904668,-0.029145624498405853,-0.47637568815518705,-0.10708182881418393,0.0858877486899523,-4,785.4550000000036,0.006281547310587332,0.006968681018217682,0.3257979996902347,-0.4195910352220844,1.357222830923579,1.9355974911283962
parity_fwd_iqr_wf,veto0.19,4412,32073.85999999998,0.44197642792384406,0.5344514959202176,1.4874456607051187,-13.421530374292507,2.2406865366576016,10.265830280893972,589,5262.119999999995,0.4295415959252971,0.5314091680814941,3.2570554220389036,-4.40944750366085,19.176492675461756,12.121066933621961,-151,-569.2299999999886,0.0010384485243262187,0.002564579417916435,-0.03131511475195192,-0.5424666645990097,-0.11924473205597375,0.11723142598530956,-4,670.7850000000035,0.004583754441317367,0.005270888148947717,0.2830396451793722,-0.4195910352220844,0.9006560634483769,1.6815311055027262
parity_fwd_iqr_wf,veto0.20,4408,31747.474999999977,0.4412431941923775,0.5344827586206896,1.4805017772561821,-13.935344635365416,2.1447772476781224,10.173463171361368,588,5473.369999999995,0.4302721088435374,0.532312925170068,3.3939843749393437,-3.7208033335223085,23.723855022374536,12.668940579671892,-155,-895.6149999999907,0.0003052147928596649,0.0025958421183884806,-0.03825899820088852,-1.0562809256719188,-0.215154021035453,0.024864316452704927,-5,882.0350000000035,0.005314267359557645,0.006174645237521648,0.41996859807981224,0.2690531349164571,5.448018410361158,2.229404751552657
parity_fwd_iqr_wf,veto0.21,4399,32224.594999999976,0.4410093203000682,0.5348942941577631,1.4906014107769394,-13.764953688251735,2.190969416776047,10.349218327926827,587,5749.519999999995,0.43100511073253833,0.5332197614991482,3.4998257230222247,-3.6951267288222933,25.211945610035183,13.331227982798254,-164,-418.4949999999917,7.134090055033182e-05,0.0030073776554619958,-0.02815936468013125,-0.8858899785582377,-0.16896185193752844,0.20061947301816474,-6,1158.1850000000031,0.006047269248558584,0.007081481566601822,0.5258099461626933,0.2947297396164723,6.936108998021805,2.891692154679019
parity_fwd_iqr_wf,veto0.22,4393,31846.069999999978,0.4404734805372183,0.5344866833598907,1.4814693419923701,-14.481419670814761,2.067773082336871,10.258880406380392,584,5822.479999999995,0.4315068493150685,0.5342465753424658,3.6038908184435186,-3.6880639859140945,25.6122577523036,13.568055479497534,-170,-797.0199999999895,-0.00046449886229954496,0.0025997668575895583,-0.03729143346470054,-1.6023559611212637,-0.29215818637670443,0.11028155147172924,-9,1231.1450000000032,0.006549007831088749,0.00810829540991942,0.6298750415839871,0.30179248252467117,7.33642114029022,3.1285196513782996
parity_fwd_iqr_wf,veto0.23,4380,31476.33999999998,0.4404109589041096,0.5342465753424658,1.4787113611017197,-14.829571876075557,2.005009455215365,10.196583378083544,583,5703.239999999994,0.4305317324185249,0.5334476843910806,3.5810111022730142,-3.7227086448425255,24.804301655611148,13.330406984530773,-183,-1166.749999999989,-0.0005270204954082591,0.0023596588401646468,-0.04004941435535092,-1.9505081663820594,-0.35492181349821017,0.04798452317488078,-10,1111.9050000000025,0.005573890934545134,0.00730940445853423,0.6069953254134828,0.2671478235962401,6.52846504359777,2.8908711564115386
parity_fwd_iqr_wf,veto0.24,4372,30433.449999999975,0.439615736505032,0.5333943275388838,1.4353880697115733,-15.700375074400814,1.855387558190896,9.865656531045524,582,5481.319999999995,0.42783505154639173,0.5309278350515464,3.55824210846314,-3.7594723715039247,23.517134655217866,12.849782133773859,-191,-2209.639999999992,-0.0013222428944858478,0.0015074110365826954,-0.08337270574549738,-2.8213113647073165,-0.5045437105226793,-0.2829423238631392,-11,889.9850000000033,0.0028772100624119834,0.004789555119000033,0.5842263316036087,0.23038409693484097,5.2412980432044876,2.410246305654624
parity_fwd_iqr_wf,veto0.25,4364,29497.784999999974,0.4390467461044913,0.5334555453712191,1.4034609167367487,-16.050224844425145,1.780549927168982,9.588598722605218,582,5274.619999999995,0.4261168384879725,0.5292096219931272,3.396518889260171,-4.132917510312708,20.512595546013042,12.36327633784388,-199,-3145.304999999993,-0.001891233295026551,0.001568628868917954,-0.115299858720322,-3.1711611347316477,-0.5793813415445934,-0.5600001323034451,-11,683.2850000000035,0.0011589970039927455,0.003071342060580795,0.42250311240063976,-0.14306104187394197,2.2367589339996634,1.9237405097246452
parity_fwd_iqr_wf,veto0.26,4354,28609.64999999998,0.43867707854846116,0.532843362425356,1.373093743733353,-16.44160617633403,1.7056874715648236,9.326590114234682,581,5298.359999999995,0.4268502581755594,0.5301204819277109,3.500204292970068,-2.8148089935447356,30.266087128598283,12.469320096387074,-209,-4033.439999999988,-0.0022609008510566797,0.0009564459230548827,-0.14566703172371764,-3.562542466640533,-0.6542437971487518,-0.8220087406739811,-12,707.0250000000033,0.0018924166915796348,0.003982201995164525,0.5261885161105364,1.17504747489403,11.990250516584904,2.0297842682678393
parity_fwd_iqr_wf,veto0.27,4346,29249.259999999977,0.4394845835250805,0.53382420616659,1.388465794708564,-16.875418226051014,1.6846871032425945,9.564730320592686,580,5327.489999999994,0.42758620689655175,0.5310344827586206,3.4904226488077508,-2.8083151376339424,30.518148440572883,12.546092700197379,-217,-3393.829999999991,-0.0014533958744373243,0.0019372896642888549,-0.13029498074850676,-3.996354516357517,-0.6752441654709809,-0.5838685343159771,-13,736.1550000000025,0.002628365412571998,0.004896202826074281,0.5164068719482193,1.1815413308048233,12.242311828559505,2.1065568720781442
parity_fwd_iqr_wf,veto0.28,4338,29824.69499999998,0.4405255878284924,0.5343476256339327,1.4094885143869031,-16.559061825459654,1.7375567940916365,9.74799930277804,580,5195.629999999995,0.42586206896551726,0.5293103448275862,3.3342285922732464,-4.610716537021496,18.086887351178184,12.269702351151949,-225,-2818.394999999986,-0.0004123915710254611,0.0024607091316315444,-0.10927226107016752,-3.679998115766157,-0.6223744746219388,-0.4005995521306236,-13,604.2950000000028,0.0009042274815375118,0.00317206489503985,0.36021281541371497,-0.6208600685827301,-0.18894926083519437,1.8301665230327142
parity_fwd_iqr_wf,veto0.29,4327,30088.77499999998,0.44210769586318466,0.535243817887682,1.4113218251631172,-16.748479343751303,1.7272101949530674,9.870815324813725,579,5037.669999999996,0.42487046632124353,0.5267702936096719,3.1861976641033807,-4.645329531988445,17.358691524691267,11.887442753423459,-236,-2554.314999999988,0.0011697164636668145,0.003356901385380917,-0.10743895029395345,-3.8694156340578054,-0.632721073760508,-0.27778353009493806,-14,446.3350000000046,-8.737516273621404e-05,0.0006320136771255092,0.21218188724384923,-0.655473063549679,-0.9171450873221119,1.447906925304224
parity_fwd_iqr_wf,veto0.30,4319,29290.584999999985,0.4413058578374624,0.5343829590182912,1.3895731910432494,-16.61016773248849,1.7130792215276998,9.617870809455228,577,4923.309999999996,0.4246100519930676,0.5268630849220104,3.1544090074948525,-4.68780923312382,16.777381827922785,11.685984632343088,-244,-3352.504999999983,0.00036787843794455766,0.0024960425159901156,-0.12918758441382128,-3.7311040227949945,-0.6468520471858756,-0.5307280454534347,-16,331.975000000004,-0.0003477894909121315,0.000724804989464034,0.1803932306353211,-0.6979527646850547,-1.498454784090594,1.2464488042238528
parity_fwd_iqr_wf,veto0.35,4259,31516.414999999986,0.4461141112937309,0.5376849025592862,1.4770423282801195,-14.702547923076988,2.0238914296210404,10.507545505898008,576,4916.519999999995,0.4253472222222222,0.5295138888888888,3.1663142874251067,-6.026460998990127,13.031091371386083,11.722880948565921,-304,-1126.674999999981,0.005176131894213065,0.005797986056985116,-0.04171844717695117,-1.823484213383491,-0.336039839092535,0.35894665098934553,-17,325.18500000000313,0.0003893807382424619,0.0033756089563424796,0.19229851056557523,-2.0366045305513616,-5.244745240627296,1.2833451204466861
parity_fwd_iqr_wf,veto0.40,4195,31397.51499999999,0.4467222884386174,0.5380214541120382,1.495454074277301,-14.49968068331023,2.047512624355448,10.618329580212034,568,4050.739999999993,0.4225352112676056,0.5246478873239436,2.4703943982345153,-7.916925007672349,8.04735022983459,9.678366590169754,-368,-1245.574999999979,0.005784309039099544,0.006134537609737034,-0.02330670117976963,-1.6206169736167322,-0.3124186443581274,0.46973072530337134,-25,-540.5949999999989,-0.002422630216374122,-0.0014903926086027308,-0.5036213786250161,-3.9270685392335833,-10.228486382178788,-0.7611692379494812
parity_fwd_iqr_wf,veto0.45,4122,31361.55999999998,0.4483260553129549,0.5390587093643863,1.5179326371781363,-15.127760424487743,1.961140269397404,10.827086836167044,562,4325.764999999994,0.42704626334519574,0.5266903914590747,2.553425981716643,-8.289240977822605,8.24865861376521,10.480742346292253,-441,-1281.529999999988,0.007388075913437042,0.007171792862085136,-0.0008281382789343539,-2.248696714794246,-0.39879099931617135,0.6784879812583817,-31,-265.5699999999979,0.0020884218612159944,0.0005521115265283427,-0.4205897951428885,-4.299384509383839,-10.027177998248169,0.041206518173018125
parity_fwd_iqr_wf,veto0.50,4038,29645.059999999976,0.4450222882615156,0.5351659237246161,1.4647942671373773,-15.140981092251558,1.893260696907938,10.450875485112467,555,4342.284999999997,0.42702702702702705,0.5261261261261261,2.670028454015065,-8.762871423411136,7.834944932157636,10.676982482488748,-525,-2998.0299999999916,0.004084308861997732,0.003279007222315,-0.05396650831969341,-2.2619173825580603,-0.4666705718056374,0.3022766302038047,-38,-249.04999999999472,0.0020691855430473027,-1.2153806420278634e-05,-0.3039873228444665,-4.77301495497237,-10.440891679855742,0.2374466543695135
parity_fwd_iqr_wf,tilt0.01,4563,32468.73999999997,0.44093797939951784,0.5316677624369932,1.5095262492750112,-12.879063709693497,2.352343713547882,10.091112890307263,593,4591.334999999992,0.42495784148397975,0.5261382799325464,2.9740157768595314,-3.9898564684387656,18.27583661201338,10.439535828119235,0,-174.34999999999854,0.0,-0.00021915406530792492,-0.009234526182059444,0.0,-0.007587555165693427,-0.05748596460139943,0,0.0,0.0,0.0,0.0,0.0,0.0,0.0
parity_fwd_iqr_wf,tilt0.02,4563,32689.679999999968,0.44115713346482577,0.5318869165023011,1.5166819139936192,-12.879063709693497,2.361954531616572,10.165180355977581,593,4293.434999999992,0.42327150084317033,0.524451939291737,2.6764676162648224,-4.061903596035857,16.697749110863555,9.78490210163779,0,46.590000000000146,0.00021915406530792492,0.0,-0.002078861463451487,0.0,0.002023262902996592,0.016581501068918314,0,-297.89999999999964,-0.001686340640809414,-0.001686340640809414,-0.297548160594709,-0.07204712759709153,-1.5780875011498239,-0.6546337264814444
parity_fwd_iqr_wf,tilt0.03,4563,32435.97999999997,0.44093797939951784,0.5316677624369932,1.509428022603742,-12.879063709693497,2.3509151885624933,10.09088051199832,593,4293.434999999992,0.42327150084317033,0.524451939291737,2.6764676162648224,-4.061903596035857,16.697749110863555,9.78490210163779,0,-207.10999999999694,0.0,-0.00021915406530792492,-0.009332752853328685,0.0,-0.009016080151082129,-0.05771834291034317,0,-297.89999999999964,-0.001686340640809414,-0.001686340640809414,-0.297548160594709,-0.07204712759709153,-1.5780875011498239,-0.6546337264814444
parity_fwd_iqr_wf,tilt0.05,4563,32370.12999999997,0.44115713346482577,0.5318869165023011,1.506644703154159,-12.921641443710119,2.3403040574734266,10.071964316079178,593,4258.6549999999925,0.42327150084317033,0.524451939291737,2.652723421323538,-4.061903596035857,16.552112302318452,9.709004913943279,0,-272.9599999999991,0.00021915406530792492,0.0,-0.012116072302911673,-0.04257773401662135,-0.019627211240148768,-0.07663453882948446,0,-332.6799999999994,-0.001686340640809414,-0.001686340640809414,-0.32129235553599367,-0.07204712759709153,-1.7237243096949264,-0.7305309141759562
parity_fwd_iqr_wf,tilt0.07,4563,32626.119999999966,0.4413762875301337,0.5327635327635327,1.515707344701351,-12.894046194122218,2.3564525535816143,10.15490894635285,593,4235.714999999993,0.42158516020236086,0.5227655986509275,2.616428058670255,-4.061903596035857,16.456141296316858,9.673700745537129,0,-16.970000000001164,0.00043830813061584983,0.0008766162612315886,-0.0030534307557197327,-0.014982484428720966,-0.0034787151319610743,0.006310091444186483,0,-355.619999999999,-0.0033726812816188834,-0.003372681281618828,-0.3575877181892766,-0.07204712759709153,-1.8196953156965208,-0.7658350825821056
parity_fwd_iqr_wf,tilt0.10,4563,32480.92999999997,0.44115713346482577,0.5325443786982249,1.5042251314594335,-12.91761747082489,2.345852676344857,10.120895433048648,593,4364.354999999992,0.42158516020236086,0.5227655986509275,2.727167412042464,-3.8767613818318614,17.806850131947485,9.993659442690413,0,-162.15999999999622,0.00021915406530792492,0.0006574621959237748,-0.014535643997637182,-0.03855376113139286,-0.014078592368718557,-0.027703421860014288,0,-226.97999999999956,-0.0033726812816188834,-0.003372681281618828,-0.24684836481706762,0.11309508660690426,-0.46898648006589383,-0.44587638542882146
parity_fwd_iqr_wf,tilt0.15,4563,32679.98999999997,0.4415954415954416,0.5329826868288406,1.5039659757997461,-13.260326708979331,2.2936346794772327,10.178166238345746,593,4296.744999999992,0.42158516020236086,0.521079258010118,2.6736242584453715,-4.067935399171067,16.68683817407444,9.836631711776207,0,36.900000000001455,0.0006574621959237748,0.0010957703265395136,-0.014794799657324553,-0.38126299928583407,-0.06629658923634274,0.029567383437083095,0,-294.59000000000015,-0.0033726812816188834,-0.005059021922428353,-0.3003915184141599,-0.07807893073230154,-1.5889984379389404,-0.6029041163430282
parity_fwd_iqr_wf,tilt0.20,4563,32337.87499999997,0.4413762875301337,0.5329826868288406,1.4895479225207513,-13.44603334367281,2.2476830385855555,10.063905016884439,593,4366.584999999992,0.42158516020236086,0.521079258010118,2.7197889464444165,-4.067935399171067,16.979361308704338,10.005643746897983,0,-305.2149999999965,0.00043830813061584983,0.0010957703265395136,-0.029212852936319367,-0.566969633979312,-0.11224823012801988,-0.08469383802422392,0,-224.75,-0.0033726812816188834,-0.005059021922428353,-0.25422683041511496,-0.07807893073230154,-1.296475303309041,-0.4338920812212521
parity_fwd_iqr_wf,tilt0.30,4563,32886.47999999997,0.4418145956607495,0.5334209949594565,1.5059782545542009,-13.43587520476153,2.272243284117248,10.233848075163126,593,3866.0549999999926,0.41989881956155145,0.5193929173693086,2.392315349651806,-4.630605962686449,13.086975512659144,8.838363805746209,0,243.38999999999942,0.0008766162612316442,0.0015340784571553634,-0.012782520902869798,-0.5568114950680325,-0.08768798459632743,0.0852492202544628,0,-725.2799999999993,-0.005059021922428297,-0.006745362563237767,-0.5817004272077253,-0.6407494942476832,-5.188861099354234,-1.6011720223730261
parity_fwd_iqr_wf,tilt0.50,4563,32290.19499999997,0.44049967126890205,0.5332018408941486,1.4688068076984813,-14.252073830864642,2.1186792032096085,10.056066670976819,593,4479.574999999992,0.42327150084317033,0.524451939291737,2.7568087464402913,-3.970678981627086,17.88148266034671,10.228818457096635,0,-352.8949999999968,-0.0004383081306157943,0.0013149243918474385,-0.0499539677585894,-1.373010121171145,-0.24125206550396694,-0.09253218393184426,0,-111.76000000000022,-0.001686340640809414,-0.001686340640809414,-0.21720703041924017,0.01917748681167941,-0.39435395166666964,-0.21071737102260002
parity_fwd_iqr_wf,tilt0.75,4563,31457.60499999997,0.44093797939951784,0.5329826868288406,1.4413022153563009,-14.776770846114776,2.0114480152892003,9.816766678820487,593,4415.634999999991,0.42327150084317033,0.5227655986509275,2.755790617095351,-5.191956109479621,13.464720330134426,10.072399071510802,0,-1185.484999999997,0.0,0.0010957703265395136,-0.07745856010076979,-1.8977071364212783,-0.34848325342437514,-0.3318321760881755,0,-175.70000000000073,-0.001686340640809414,-0.003372681281618828,-0.21822515976418044,-1.2020996410408555,-4.811116281878952,-0.36713675660843315
parity_fwd_iqr_wf,tilt1.00,4563,30966.46999999998,0.4418145956607495,0.5334209949594565,1.4394699887557905,-14.025211942237739,2.0990854342374115,9.678498450919912,593,4539.589999999991,0.42158516020236086,0.5193929173693086,2.7017431593552708,-5.679390309525852,12.682677455333021,10.417494710463853,0,-1676.619999999988,0.0008766162612316442,0.0015340784571553634,-0.0792907867012802,-1.1461482325442418,-0.26084583447616394,-0.4701004039887504,0,-51.7450000000008,-0.0033726812816188834,-0.006745362563237767,-0.2722726175042607,-1.6895338410870862,-5.593159156680358,-0.02204111765538208
parity_oi_balance_wf,veto0.02,4528,32331.039999999964,0.44324204946996465,0.5351148409893993,1.5013410372802143,-13.170747447736433,2.2943704542838854,10.059915714744431,589,4221.819999999991,0.4227504244482173,0.5246179966044142,2.6703686882169015,-4.616053429066446,14.429485414791307,9.59226151864559,-35,-312.0500000000029,0.0023040700704468065,0.0032279244870981882,-0.01741973817685638,-0.291683738042936,-0.06556081442968997,-0.08868314016423184,-4,-369.51500000000124,-0.002207417035762438,-0.0015202833281321437,-0.3036470886426299,-0.6261969606276807,-3.846351197222072,-0.8472743094736455
parity_oi_balance_wf,veto0.03,4507,31781.53999999997,0.4424228977146661,0.5351675171954737,1.4948687277953143,-12.879063709693497,2.3221872941186685,9.930231785000455,588,4316.164999999992,0.42517006802721086,0.5255102040816326,2.6819625384465957,-4.610592477600668,14.79454214974733,9.81196349979993,-56,-861.5499999999956,0.0014849183151482426,0.0032806006931725973,-0.023892047661756344,0.0,-0.03774397459490686,-0.21836706990820787,-5,-275.1700000000001,0.0002122265432311088,-0.0006280758509137341,-0.29205323841293573,-0.6207360091619023,-3.4812944622660478,-0.6275723283193049
parity_oi_balance_wf,veto0.04,4498,32193.764999999967,0.44330813694975546,0.5355713650511338,1.4986299627047202,-12.879063709693497,2.340325166852125,10.07441427136283,588,4235.7349999999915,0.42346938775510207,0.5255102040816326,2.6594938704784727,-4.610592477600668,14.497832887008107,9.628270060321364,-65,-449.3250000000007,0.002370157550237617,0.003684448548832653,-0.020130812752350513,0.0,-0.019606101861450398,-0.0741845835458328,-5,-355.60000000000036,-0.0014884537288776811,-0.0006280758509137341,-0.3145219063810587,-0.6207360091619023,-3.778003725005272,-0.8112657677978703
parity_oi_balance_wf,veto0.05,4480,31662.089999999975,0.4421875,0.5341517857142857,1.4801800450420528,-13.361227715620789,2.233294519328836,9.941708258320144,586,3971.079999999991,0.4232081911262799,0.5238907849829352,2.496053464228582,-4.586796302544947,13.597011563148277,9.080257708574168,-83,-980.9999999999927,0.001249520600482168,0.0022648692119845437,-0.03858073041501786,-0.4821640059272916,-0.12663674938473957,-0.2068905965885186,-7,-620.255000000001,-0.0017496503576998612,-0.002247494949611184,-0.47796231263094935,-0.5969398341061813,-4.678825048865102,-1.359278119545067
parity_oi_balance_wf,veto0.06,4464,32587.41499999997,0.4428763440860215,0.5351702508960573,1.5036196095154124,-13.274406421613467,2.287298935348229,10.261404106342015,586,3770.4799999999914,0.4249146757679181,0.5238907849829352,2.383919528516131,-4.586796302544947,12.862715776910873,8.601473516309218,-99,-55.674999999995634,0.0019383646865036575,0.0032833343937561654,-0.015141165941658263,-0.3953427119199695,-0.07263233336534647,0.11280525143335218,-7,-820.8550000000005,-4.316571606166608e-05,-0.002247494949611184,-0.5900962483434005,-0.5969398341061813,-5.4131208351025055,-1.8380623118100168
parity_oi_balance_wf,veto0.07,4451,33306.91999999997,0.44416984947202875,0.5367333183554257,1.5255515551278818,-13.516403396211436,2.2759612291705826,10.50899076656719,585,3756.1999999999916,0.4256410256410256,0.5247863247863248,2.309673667136397,-4.771251003004411,12.31537230683108,8.595254189505633,-112,663.8300000000017,0.0032318700725109117,0.004846401853124571,0.006790779670811098,-0.6373396865179384,-0.08397003954299276,0.36039191165852635,-8,-835.1350000000002,0.0006831841570458796,-0.0013519551462215507,-0.6643421097231346,-0.7813945345656457,-5.960464305182299,-1.8442816386136016
parity_oi_balance_wf,veto0.08,4433,32369.08499999997,0.4430408301376043,0.5359801488833746,1.5017801157535777,-13.625614713220008,2.219348097430127,10.254942803554403,584,4117.049999999992,0.4280821917808219,0.5256849315068494,2.6360861936404993,-3.378443040930496,19.189687907794152,9.506914192886162,-130,-274.0049999999974,0.0021028507380864703,0.004093232381073508,-0.01698065970349294,-0.7465510035265108,-0.14058317128344822,0.10634394864574048,-9,-474.28499999999985,0.00312435029684216,-0.00045334842569699774,-0.3379295832190321,0.6114134275082694,0.9138512957807734,-0.9326216352330725
parity_oi_balance_wf,veto0.09,4417,32430.31999999997,0.4437400950871632,0.5363368802354539,1.4990666086687516,-13.739151056974173,2.2035136322589937,10.307697794123575,584,4193.309999999992,0.4280821917808219,0.5273972602739726,2.6776132636380474,-3.378443040930496,19.572153042476895,9.671816822458343,-146,-212.7699999999968,0.002802115687645379,0.004449963733152762,-0.019694166788319034,-0.8600873472806754,-0.15641763645458173,0.15909893921491225,-9,-398.02499999999964,0.00312435029684216,0.0012589803414262413,-0.29640251322148403,0.6114134275082694,1.2963164304635164,-0.7677190056608918
parity_oi_balance_wf,veto0.10,4400,32981.47499999996,0.44477272727272726,0.5381818181818182,1.5166543119711855,-13.372016934681922,2.287047440196014,10.50316275002411,584,4167.769999999993,0.4280821917808219,0.5273972602739726,2.6739474856760217,-3.3646147929058743,19.52387254925354,9.57414525707928,-163,338.38499999999476,0.003834747873209421,0.006294901679517073,-0.0021064634858851683,-0.4929532249884243,-0.07288382851756126,0.3545638951154473,-9,-423.5649999999987,0.00312435029684216,0.0012589803414262413,-0.30006829118350975,0.6252416755328913,1.2480359372401608,-0.8653905710399545
parity_oi_balance_wf,veto0.11,4372,31188.43499999997,0.44281793229643185,0.535224153705398,1.4546492910784454,-15.406783827836446,1.919165809506056,9.978845002875412,583,4147.629999999994,0.4288164665523156,0.5283018867924528,2.6507291971062346,-3.369717836539712,19.393028550220784,9.509216027255444,-191,-1454.6549999999988,0.0018799528969140056,0.0033372372030968656,-0.06411148437862524,-2.5277201181429483,-0.4407654592075194,-0.1697538520332511,-10,-443.7049999999981,0.0038586250683358414,0.002163606859906464,-0.3232865797532969,0.6201386318990538,1.1171919382074051,-0.9303198008637903
parity_oi_balance_wf,veto0.12,4358,31297.26499999997,0.44332262505736575,0.5353373106929784,1.46534945243808,-14.914948206749115,1.9866480252356045,10.031647002866888,582,4112.6549999999925,0.42955326460481097,0.5292096219931272,2.5964105769722097,-4.478510479952646,14.459471539089613,9.475222621900896,-205,-1345.824999999997,0.002384645657847906,0.003450394190677275,-0.053411323018990764,-2.0358844970556174,-0.3732832434779709,-0.11695185204177427,-11,-478.6799999999994,0.004595423120831221,0.003071342060580795,-0.3776051998873218,-0.48865401151388,-3.816365072923766,-0.964313206218339
parity_oi_balance_wf,veto0.13,4334,30273.534999999967,0.4425473004153207,0.5348407937240425,1.4295317655269302,-15.142133011151767,1.917607870217975,9.752437808650187,582,4262.554999999991,0.43127147766323026,0.5309278350515464,2.6745015996220296,-4.428952868025022,15.195326791995411,9.832169058073038,-229,-2369.5550000000003,0.001609321015802856,0.002953877221741341,-0.08922900993014049,-2.2630693014582697,-0.4423233984956003,-0.3961610462584755,-11,-328.78000000000065,0.006313636179250515,0.004789555119000033,-0.29951417723750184,-0.4390963995862567,-3.0805098200179675,-0.6073667700461964
parity_oi_balance_wf,veto0.14,4304,28957.884999999966,0.4412174721189591,0.533224907063197,1.385307116908243,-15.626447798313228,1.8081396434419592,9.377563757680292,581,4661.689999999991,0.43373493975903615,0.5352839931153184,2.9687229498015553,-3.8967071069672663,19.02317109138526,10.779590579555965,-259,-3685.2050000000017,0.0002794927194412766,0.0013379905608958964,-0.13345365854882774,-2.7473840886197305,-0.5517916252716162,-0.7710350972283706,-12,70.35499999999956,0.008777098275056405,0.00914571318277202,-0.005292827057976179,0.09314936147149933,0.747334479371883,0.34005475143673003
parity_oi_balance_wf,veto0.15,4282,29266.649999999965,0.4420831387202242,0.5336291452592247,1.3855827732395831,-17.169523889204115,1.6564355804223445,9.514397447990067,577,4330.439999999991,0.43327556325823224,0.5337954939341422,2.7638459042542625,-4.120867653456723,16.611735832179093,10.094468094232171,-281,-3376.4400000000023,0.001145159320706357,0.0017422287569235362,-0.13317800221748755,-4.290460179510617,-0.7034956882912309,-0.6342014069185957,-16,-260.89500000000044,0.008317721774252496,0.007657214001595802,-0.21016987260526898,-0.1310111850179574,-1.6641007798342855,-0.34506773388706335
parity_oi_balance_wf,veto0.16,4266,28850.32499999997,0.44210032817627753,0.5325832161275199,1.3751840922178393,-17.23937038616363,1.6352064107745268,9.407158117808304,575,4160.079999999991,0.4330434782608696,0.5339130434782609,2.6837709200368782,-4.1046527427431725,15.972112678463839,9.756719928889868,-297,-3792.764999999996,0.0011623487767596918,0.000696299625218777,-0.14357668323923134,-4.360306676470131,-0.7247248579390486,-0.7414407371003584,-18,-431.255000000001,0.008085636776889837,0.0077747635457144915,-0.2902448568226532,-0.11479627430440686,-2.3037239335495396,-0.6828158992293663
parity_oi_balance_wf,veto0.17,4245,28444.93999999997,0.44216725559481745,0.5321554770318021,1.3615489644949221,-17.724738818762813,1.576559754260881,9.311358981715872,573,3986.274999999991,0.43455497382198954,0.5322862129144852,2.588089488798874,-4.1997358993172025,14.911112926689944,9.418912561613872,-318,-4198.149999999998,0.0012292761952996112,0.00026856052950097187,-0.15721181096214853,-4.845675109069315,-0.7833715144526945,-0.8372398731927913,-20,-605.0600000000009,0.009597132338009795,0.006147932981938831,-0.38592628806065754,-0.20987943087843686,-3.364723685323435,-1.0206232665053623
parity_oi_balance_wf,veto0.18,4222,28283.94499999997,0.4431549028896258,0.5329227854097585,1.3599321844126726,-17.31969318001612,1.607759268508237,9.296970004952863,569,3704.5849999999905,0.43233743409490333,0.5307557117750439,2.4281530626928136,-4.247316763998972,13.63144619875097,8.819827288198036,-341,-4359.144999999997,0.002216923490107936,0.0010358689074573268,-0.15882859104439806,-4.440629470322623,-0.7521720002053385,-0.8516288499557998,-24,-886.7500000000014,0.00737959261092358,0.004617431842497521,-0.5458627141667178,-0.25746029556020655,-4.644390413262409,-1.6197085399211986
parity_oi_balance_wf,veto0.19,4203,28870.374999999967,0.443730668570069,0.5329526528669998,1.3808951279494677,-17.231579417526195,1.636648145369896,9.53897701929375,567,3658.0549999999903,0.43386243386243384,0.5291005291005291,2.3699571351077005,-4.658697330675441,12.261076725465534,8.75960327112861,-360,-3772.715,0.0027926891705511436,0.001065736364698644,-0.137865647507603,-4.352515707832698,-0.7232831233436794,-0.609621835614913,-26,-933.2800000000016,0.00890459237845409,0.002962249167982711,-0.604058641751831,-0.6688408622366753,-6.014759886547845,-1.6799325569906252
parity_oi_balance_wf,veto0.20,4183,28453.34999999997,0.443939756155869,0.5326320822376285,1.35791458326828,-17.491701816645346,1.5978565908111853,9.448670718589904,567,3565.48499999999,0.43386243386243384,0.5291005291005291,2.401330136431055,-4.281008161730745,12.982808034755983,8.580555280138055,-380,-4189.739999999998,0.00300177675635116,0.0007451657353273466,-0.1608461921887907,-4.612638106951849,-0.7620746779023901,-0.6999281363187588,-26,-1025.8500000000017,0.00890459237845409,0.002962249167982711,-0.5726856404284764,-0.29115169329197954,-5.293028577257395,-1.8589805479811794
parity_oi_balance_wf,veto0.21,4168,28632.03499999997,0.44433781190019195,0.5328694817658349,1.3659381663877042,-16.928604107540153,1.657420954597113,9.520773996214963,567,3495.40499999999,0.43209876543209874,0.527336860670194,2.373927478633323,-4.281008161730745,12.711007770139805,8.407840539424932,-395,-4011.0549999999967,0.003399832500674105,0.0009825652635337967,-0.1528226090693665,-4.0495403978466555,-0.7025103141164624,-0.6278248586936996,-26,-1095.9300000000017,0.0071409239481189934,0.0011985807376476698,-0.6000882982262086,-0.29115169329197954,-5.564828841873574,-2.031695288694303
parity_oi_balance_wf,veto0.22,4145,28194.37999999997,0.4431845597104946,0.5322074788902292,1.3614765425609092,-17.10137934501467,1.6250802171099141,9.432257920770157,564,3341.5149999999917,0.4308510638297872,0.526595744680851,2.2348850411194126,-4.298927220987444,12.065877866236663,8.096334193077846,-418,-4448.709999999999,0.0022465803109767424,0.00032056238792810277,-0.15728423289616145,-4.2223156353211735,-0.7348510516036613,-0.7163409341385059,-29,-1249.8200000000002,0.0058932223458074695,0.000457464748304659,-0.7391307357401189,-0.30907075254867866,-6.209958745776715,-2.343201635041389
parity_oi_balance_wf,veto0.23,4122,28233.88999999997,0.44347404172731686,0.532265890344493,1.361950731407517,-17.723117980651644,1.5694356482306844,9.497386358472118,562,3735.154999999991,0.4359430604982206,0.5320284697508897,2.388555790235339,-3.969229320587157,14.715154540543832,9.026275642560762,-441,-4409.199999999997,0.0025360623277990157,0.00037897384219187646,-0.15681004404955368,-4.8440542709581464,-0.790495620482891,-0.6512124964365444,-31,-856.1800000000007,0.010985219014240877,0.005890189818343328,-0.5854599866241923,0.020627147851608463,-3.5606820714695466,-1.4132601855584728
parity_oi_balance_wf,veto0.24,4093,28782.20999999997,0.4446616173955534,0.5333496213046665,1.388061647067188,-17.293628644203977,1.6276961083596748,9.758391555401394,561,3712.834999999992,0.43493761140819964,0.5311942959001783,2.3528806029789293,-4.6363517827107295,12.517354249412111,8.95813232133062,-470,-3860.8799999999974,0.0037236379960355337,0.0014627048023653222,-0.13069912838988262,-4.41456493451048,-0.7322351603539006,-0.39020729950726896,-32,-878.5,0.009979769924219895,0.005056015967631944,-0.6211351738806021,-0.6464953142719638,-5.758482362601267,-1.4814035067886149
parity_oi_balance_wf,veto0.25,4065,29062.449999999975,0.4445264452644526,0.5338253382533825,1.3941364448139797,-17.76831778890262,1.5937200369272424,9.911485887844373,561,3843.7149999999924,0.4385026737967914,0.5329768270944741,2.415194569880749,-4.590137715555422,13.120680768901991,9.230030175119412,-498,-3580.639999999992,0.0035884658649347756,0.0019384217510813873,-0.12462433064309097,-4.889254079209124,-0.766211231786333,-0.23711296706428975,-32,-747.6199999999994,0.013544832312811672,0.006838547161927777,-0.5588212069787826,-0.6002812471166568,-5.1551558431113875,-1.2095056529998232
parity_oi_balance_wf,veto0.26,4043,29101.979999999974,0.44496660895374723,0.5340093989611675,1.3958925879363893,-17.649987453075706,1.6057505070833091,9.990642391675323,559,3600.934999999993,0.43828264758497315,0.5313059033989267,2.1069724288066434,-5.87919262228808,9.553885776054019,8.659365991187038,-520,-3541.1099999999933,0.00402862955422939,0.0021224824588663704,-0.1228681875206814,-4.770923743382209,-0.7541807616302663,-0.15795646323334012,-34,-990.3999999999987,0.013324806100993403,0.005167623466380333,-0.8670433480528881,-1.8893361538493147,-8.72195083595936,-1.7801698369321972
parity_oi_balance_wf,veto0.27,4028,29448.794999999984,0.44513406156901686,0.5340119165839126,1.4174731606919255,-17.015741591915823,1.6778010290964493,10.145268621532642,559,3627.1599999999935,0.4400715563506261,0.5330948121645797,2.229559480427106,-5.046190512000285,11.217525531892134,8.73117986568488,-535,-3194.2949999999837,0.004196082169499016,0.002125000081611428,-0.10128761476514514,-4.136677882222326,-0.682130239617126,-0.003330233376020786,-34,-964.1749999999984,0.015113714866646366,0.006956532232033297,-0.7444562964324253,-1.0563340435615194,-7.0583110801212445,-1.7083559624343554
parity_oi_balance_wf,veto0.28,4004,28663.85499999998,0.4448051948051948,0.5332167832167832,1.3972072470023376,-17.28010576849071,1.624823276333885,9.93818903325832,557,3874.2799999999947,0.44344703770197486,0.5368043087971275,2.4247468793921194,-4.357205013585417,13.939835651272533,9.334919399977196,-559,-3979.234999999986,0.0038672154056769714,0.0013298667144820975,-0.1215535284547331,-4.401042058797213,-0.7351079923796904,-0.21040982165034272,-36,-717.0549999999971,0.018489196217995107,0.010666028864581123,-0.549268897467412,-0.36734854514665116,-4.336000960740845,-1.1046164281420392
parity_oi_balance_wf,veto0.29,3976,28135.344999999983,0.443158953722334,0.5314386317907445,1.3894653130337309,-16.367328490993653,1.6957529800298428,9.816674157160664,554,3581.4249999999947,0.44223826714801445,0.5342960288808665,2.2602220294507496,-4.357205013585417,12.816598239190114,8.713861595238177,-587,-4507.744999999984,0.0022209743228161494,-0.00044828471155666794,-0.12929546242333978,-3.488264781300156,-0.6641782886837326,-0.3319246977479988,-39,-1009.9099999999971,0.017280425664034704,0.00815774894832011,-0.7137937474087819,-0.36734854514665116,-5.459238372823265,-1.7256742328810581
parity_oi_balance_wf,veto0.30,3946,27862.384999999987,0.44348707551951344,0.531931069437405,1.387705577316798,-16.49236672712982,1.6727206725980812,9.813121471642166,552,3620.6849999999945,0.4420289855072464,0.5344202898550725,2.3874620766710337,-4.357205013585417,12.966552948119027,8.838773195559174,-617,-4780.70499999998,0.0025490961199955975,4.415293510384721e-05,-0.13105519814027278,-3.6133030174363228,-0.6872105961154942,-0.3354773832664968,-41,-970.6499999999974,0.01707114402326665,0.008282009922526146,-0.5865537001884977,-0.36734854514665116,-5.309283663894352,-1.6007626325600608
parity_oi_balance_wf,veto0.35,3827,26132.379999999983,0.4455186830415469,0.5312255030049647,1.3346530303569604,-16.05564807801269,1.6505007299196937,9.488796179322707,545,3344.4899999999943,0.43853211009174314,0.5266055045871559,2.1984916843930407,-7.634562015938428,6.800575810821105,8.194845060731947,-736,-6510.709999999985,0.00458070364202906,-0.0006614134973363939,-0.1841077451001103,-3.176584368319194,-0.7094305387938817,-0.6598026755859561,-48,-1246.8449999999975,0.013574268607763396,0.00046722465460957707,-0.7755240924664908,-3.6447055474996626,-11.475260801192274,-2.2446907673872882
parity_oi_balance_wf,veto0.40,3665,25887.825,0.44638472032742155,0.5301500682128241,1.3535307461704416,-14.551955288396629,1.8102549366452927,9.825246591142417,533,2699.189999999994,0.4371482176360225,0.5178236397748592,1.9195846363720162,-7.974341696521724,5.190183353193475,6.734754676569878,-898,-6755.264999999967,0.005446740927903704,-0.0017368482894770665,-0.1652300292866291,-1.6728915787031315,-0.5496763320682827,-0.32335226376624604,-60,-1892.1449999999977,0.01219037615204277,-0.008314640157687125,-1.0544311404875153,-3.984485228082958,-13.085653258819903,-3.7047811515493567
parity_oi_balance_wf,veto0.45,3515,24324.425000000003,0.4469416785206259,0.5314366998577524,1.330455771168279,-12.879063709693497,1.9657614551858884,9.649005125379142,526,2236.4499999999953,0.43346007604562736,0.5171102661596958,1.7889420878785534,-8.119734885374331,4.185178718073681,5.65702366871687,-1048,-8318.664999999964,0.0060036991211080415,-0.0004502166445486955,-0.1883050042887917,0.0,-0.394169813527687,-0.4995937295295203,-67,-2354.8849999999966,0.008502234561647615,-0.009028013772850563,-1.185073688980978,-4.129878416935566,-14.090657893939698,-4.782512159402365
parity_oi_balance_wf,veto0.50,3338,22624.085000000003,0.4475733972438586,0.5323547034152187,1.27087114724621,-20.799513453983597,1.1614444193167062,9.431858952215459,516,1967.639999999993,0.43023255813953487,0.5155038759689923,1.6211045763271916,-7.032918213528756,4.228346721198907,5.119283169228709,-1225,-10019.004999999965,0.006635417844340741,0.00046778691291760044,-0.2478896282108607,-7.920449744290099,-1.1984868493968692,-0.7167399026932042,-77,-2623.694999999999,0.005274716655555123,-0.010634403963554084,-1.3529112005323398,-3.0430617450899904,-14.047489890814472,-5.320252658890526
parity_oi_balance_wf,tilt0.01,4563,32752.199999999968,0.4413762875301337,0.5318869165023011,1.5210507975414473,-12.879063709693497,2.3646667534156363,10.190301917275294,593,4591.334999999992,0.42495784148397975,0.5261382799325464,2.9740157768595314,-3.9898564684387656,18.27583661201338,10.439535828119235,0,109.11000000000058,0.00043830813061584983,0.0,0.002290022084376675,0.0,0.004735484702060866,0.041703062366631016,0,0.0,0.0,0.0,0.0,0.0,0.0,0.0
parity_oi_balance_wf,tilt0.02,4563,32265.48499999997,0.44093797939951784,0.5312294543063774,1.5060240930414113,-12.912139300661316,2.337463046917435,10.038772445061912,593,4504.004999999992,0.42495784148397975,0.5261382799325464,2.9124859460440935,-3.9898564684387656,17.900383371036252,10.255583241247963,0,-377.6049999999959,0.0,-0.0006574621959237748,-0.012736682415659395,-0.03307559096781887,-0.022468221796140497,-0.1098264098467503,0,-87.32999999999993,0.0,0.0,-0.06152983081543795,0.0,-0.3754532409771265,-0.18395258687127125
parity_oi_balance_wf,tilt0.03,4563,32153.269999999975,0.44049967126890205,0.5310103002410694,1.5027261478927159,-12.95257185676163,2.3252781324191254,10.00518536400514,593,4393.384999999993,0.42495784148397975,0.5261382799325464,2.828821191745557,-3.9898564684387656,17.42625761589107,10.02410319746116,0,-489.81999999999243,-0.0004383081306157943,-0.0008766162612316997,-0.01603462756435481,-0.07350814706813225,-0.03465313629444999,-0.14341349090352296,0,-197.9499999999989,0.0,0.0,-0.14519458511397465,0.0,-0.8495789961223075,-0.41543263065807423
parity_oi_balance_wf,tilt0.05,4563,31624.16499999997,0.4400613631382862,0.5303528380451458,1.489259028641569,-12.879063709693497,2.3152242282813003,9.847275850855894,593,4295.594999999992,0.42327150084317033,0.524451939291737,2.7608136673116395,-3.9898564684387656,17.008483350010014,9.801476292611673,0,-1018.9249999999956,-0.0008766162612316442,-0.0015340784571553634,-0.02950174681550166,0.0,-0.044707040432275136,-0.3013230040527688,0,-295.7399999999998,-0.001686340640809414,-0.001686340640809414,-0.21320210954789198,0.0,-1.2673532620033647,-0.638059535507562
parity_oi_balance_wf,tilt0.07,4563,31812.099999999977,0.4402805172035941,0.5303528380451458,1.4907350137763482,-13.302431689868971,2.249587214701067,9.917397367870151,593,4164.829999999993,0.42327150084317033,0.524451939291737,2.687457135013901,-3.9898564684387656,16.45183942019513,9.486479222281933,0,-830.9899999999907,-0.0006574621959237192,-0.0015340784571553634,-0.02802576168072246,-0.42336798017547395,-0.11034405401250824,-0.2312014870385113,0,-426.5049999999992,-0.001686340640809414,-0.001686340640809414,-0.2865586418456303,0.0,-1.823997191818247,-0.9530566058373022
parity_oi_balance_wf,tilt0.10,4563,32058.399999999972,0.44071882533421,0.5312294543063774,1.5001636851484144,-13.266229183441133,2.266257770895109,9.998640166972518,593,4156.2799999999925,0.42327150084317033,0.524451939291737,2.685736226261746,-3.9927320576360796,16.40370113807392,9.465161057448682,0,-584.689999999995,-0.0002191540653078694,-0.0006574621959237748,-0.018597090308656306,-0.3871654737476362,-0.09367349781846634,-0.1499586879361452,0,-435.0549999999994,-0.001686340640809414,-0.001686340640809414,-0.2882795505977853,-0.00287558919731401,-1.8721354739394584,-0.9743747706705523
parity_oi_balance_wf,tilt0.15,4563,31166.434999999972,0.4400613631382862,0.5303528380451458,1.4633529245273804,-13.271617204713332,2.2269709414678767,9.70779405747141,593,4407.949999999992,0.4266441821247892,0.5278246205733558,2.857273146094115,-3.9927320576360796,17.475995627149075,10.017230377095716,0,-1476.6549999999952,-0.0008766162612316442,-0.0015340784571553634,-0.05540785092969025,-0.3925534950198344,-0.13296032724569873,-0.4408047974372522,0,-183.38500000000022,0.0016863406408094694,0.001686340640809414,-0.11674263076541624,-0.00287558919731401,-0.7998409848643036,-0.4223054510235187
parity_oi_balance_wf,tilt0.20,4563,31094.43499999997,0.4400613631382862,0.5307911461757615,1.4672279273411617,-12.90145203729216,2.2876503958783387,9.682597473174472,593,4475.344999999992,0.42833052276559863,0.5278246205733558,2.799157328102142,-3.97017715174197,17.86550660455461,10.170452737742975,0,-1548.6549999999988,-0.0008766162612316442,-0.0010957703265396246,-0.05153284811590897,-0.022388327598662272,-0.07228087283523665,-0.46600138173419126,0,-115.98999999999978,0.0033726812816188834,0.001686340640809414,-0.17485844875738943,0.019679316696795457,-0.4103300074587679,-0.26908309037625955
parity_oi_balance_wf,tilt0.30,4563,30313.619999999974,0.43918474687705455,0.5305719921104537,1.4316169198677495,-13.23500453608831,2.195705019484725,9.437956040753642,593,4209.00999999999,0.42833052276559863,0.5261382799325464,2.7697574799801115,-4.045019048294108,16.4127312337441,9.589303566237326,0,-2329.469999999994,-0.0017532325224632883,-0.0013149243918474385,-0.08714385558932114,-0.3559408263948125,-0.1642262492288502,-0.7106428141550207,0,-382.32500000000164,0.0033726812816188834,0.0,-0.20425829687942,-0.055162579855342564,-1.8631053782692781,-0.8502322618819083
parity_oi_balance_wf,tilt0.50,4563,31314.459999999977,0.4402805172035941,0.5321060705676091,1.4665704729760403,-13.013864652044619,2.2776191675625608,9.756396204564009,593,4120.2749999999905,0.4266441821247892,0.5227655986509275,2.9566312229984075,-3.6311354677995866,17.869299733872264,9.453554482796577,0,-1328.62999999999,-0.0006574621959237192,0.00021915406530792492,-0.052190302481030404,-0.13480094235112183,-0.08231210115101462,-0.39220265034465385,0,-471.0600000000013,0.0016863406408094694,-0.003372681281618828,-0.01738455386112392,0.358721000639179,-0.4065368781411145,-0.9859813453226582
parity_oi_balance_wf,tilt0.75,4563,31842.169999999984,0.44093797939951784,0.5329826868288406,1.476052530177329,-14.92194740377342,2.006579487024588,9.922941951785077,593,3639.159999999989,0.4266441821247892,0.5193929173693086,2.6505481158516786,-4.736036908681469,11.994351688134854,8.321785334361422,0,-800.9199999999837,0.0,0.0010957703265395136,-0.0427082452797416,-2.042883694079922,-0.3533517816889873,-0.22565690312358555,0,-952.1750000000029,0.0016863406408094694,-0.006745362563237767,-0.32346766100785285,-0.7461804402427035,-6.281484923878525,-2.1177504937578124
parity_oi_balance_wf,tilt1.00,4563,28430.11499999999,0.4378698224852071,0.5303528380451458,1.3486886479860114,-16.362956386128843,1.707214729706874,8.875130878774879,593,3789.5199999999895,0.42833052276559863,0.521079258010118,2.5856080057840924,-4.408390787247179,13.455566787145223,8.646413850617108,0,-4212.974999999977,-0.003068156914310727,-0.0015340784571553634,-0.17007212747105926,-3.483892676435346,-0.6527165390067013,-1.2734679761337837,0,-801.8150000000023,0.0033726812816188834,-0.005059021922428353,-0.388407771075439,-0.41853431880841363,-4.820269824868156,-1.7931219775021265
stack_equal_all,veto0.02,4502,31923.08499999997,0.4406930253220791,0.5315415370946246,1.4695899544996558,-13.12183807239517,2.2853520827709173,9.926265422898103,592,3944.4499999999925,0.4222972972972973,0.5219594594594594,2.552790519909333,-5.600144986515671,11.05656141200635,8.815886990719324,-61,-720.0049999999974,-0.00024495407743874154,-0.0003453794076765382,-0.049170820957414874,-0.24277436270167208,-0.07457918594265811,-0.22233343201055966,-1,-646.8849999999993,-0.002660544186682434,-0.0041788204730869305,-0.42122525695019863,-1.6102885180769055,-7.219275200007029,-1.6236488373999105
stack_equal_all,veto0.03,4481,32319.06999999997,0.44275831287659007,0.5326935951796474,1.4893049404131515,-13.12183807239517,2.302408759644508,10.034558124894465,591,3621.4149999999922,0.4196277495769882,0.5177664974619289,2.244617541588895,-7.013326499869793,8.057529696303753,8.129682421986088,-82,-324.0199999999968,0.0018203334770722224,0.0008066786773462953,-0.029455835043919132,-0.24277436270167208,-0.05752250906906742,-0.11404073001419768,-2,-969.9199999999996,-0.005330091906991574,-0.008371782470617428,-0.7293982352706365,-3.023470031431027,-10.218306915709626,-2.309853406133147
stack_equal_all,veto0.04,4457,32809.179999999964,0.44334754319048686,0.5337671079201256,1.5355683469920987,-13.371687251277267,2.279928662629105,10.195344386738425,590,3551.209999999993,0.42033898305084744,0.5169491525423728,2.206807500079687,-7.163969717972389,7.725084496874973,7.980702718761908,-106,166.0899999999965,0.002409563790969016,0.0018801914178244727,0.016807571535027988,-0.49262354158376986,-0.08000260608447052,0.046745531829762044,-3,-1040.1249999999986,-0.004618858433132311,-0.009189127390173524,-0.7672082767798445,-3.1741132495336233,-10.550752115138405,-2.458833109357327
stack_equal_all,veto0.05,4432,33020.26499999997,0.4444945848375451,0.5340703971119134,1.5278957453920199,-15.586174450408427,1.963534696973188,10.26501590038823,589,3479.799999999993,0.41935483870967744,0.5161290322580645,2.1557964253729796,-7.1461989422803684,7.578462126261777,7.829918984932148,-131,377.1750000000029,0.0035566054380272716,0.002183480609612265,0.009134969934949222,-2.7071107407149295,-0.39639657174038745,0.116417045479567,-4,-1111.534999999999,-0.0056030027743023125,-0.010009247674481858,-0.8182193514865519,-3.156342473841603,-10.697374485751602,-2.6096168431870863
stack_equal_all,veto0.06,4408,33814.09999999998,0.4453266787658802,0.5356170598911071,1.539108707664236,-16.019193679408133,1.9377823964484382,10.54239025092117,588,3048.974999999992,0.41836734693877553,0.5119047619047619,1.9036493538710002,-8.75995315618395,5.373041579509347,6.8522282060161945,-155,1171.0100000000093,0.004388699366362381,0.003730143388805951,0.020347932207165353,-3.1401299697146356,-0.4221488722651372,0.39379139601250657,-5,-1542.3599999999997,-0.006590494545204217,-0.014233518027784497,-1.0703664229885312,-4.770096687745185,-12.90279503250403,-3.58730762210304
stack_equal_all,veto0.07,4379,32126.404999999984,0.44325188399177895,0.5343685773007536,1.4748581593608634,-16.92196379182109,1.7789397074807145,10.08883248531703,587,3131.5649999999914,0.41737649063032367,0.5127768313458262,1.9109329074209507,-8.170290307175788,5.926184928911609,7.0496606373039885,-184,-516.6849999999831,0.002313904592261107,0.0024816607984524675,-0.04390261609620727,-4.042900082127591,-0.5809915612328609,-0.059766369591633506,-6,-1459.7700000000004,-0.007581350853656077,-0.01336144858672017,-1.0630828694385808,-4.180433838737023,-12.349651683101769,-3.3898751908152462
stack_equal_all,veto0.08,4354,31505.03999999998,0.44441892512632064,0.5335323840146992,1.4275310808748198,-17.637065598510144,1.6867802754664272,9.945291653001965,586,3444.7449999999935,0.42150170648464164,0.5170648464163823,2.1742729129507197,-7.071961488162122,7.575900846825238,7.720473948923644,-209,-1138.0499999999884,0.0034809457268027977,0.0016454675123980245,-0.09122969458225083,-4.758001888816647,-0.6731509932471482,-0.20330720190669815,-7,-1146.5899999999983,-0.003456134999338112,-0.009073433516164076,-0.7997428639088118,-3.0821050197233566,-10.69993576518814,-2.719061879195591
stack_equal_all,veto0.09,4331,31176.109999999982,0.4449318864003694,0.5335950126991457,1.424851010851633,-16.648887235273346,1.7755587313325907,9.871680636932666,584,3665.8349999999928,0.4246575342465753,0.5171232876712328,2.3144074278073443,-4.269128304534322,13.410321719812666,8.201578640033812,-232,-1466.979999999985,0.00399390700085156,0.001708096196844533,-0.09390976460543765,-3.7698235255798487,-0.5843725373809847,-0.2769182179759966,-9,-925.4999999999991,-0.0003003072374044291,-0.009014992261313526,-0.6596083490521871,-0.27927183609555595,-4.8655148922007125,-2.2379571880854225
stack_equal_all,veto0.10,4304,29068.359999999986,0.44400557620817843,0.5302044609665427,1.3484365690938873,-18.74231152947859,1.511087701345041,9.25330055394012,583,3250.469999999993,0.4219554030874786,0.5077186963979416,2.09098843899169,-4.803853272597258,10.485433944926813,7.277816325968561,-259,-3574.7299999999814,0.0030675968086605887,-0.0016824555357584092,-0.17032420636318335,-5.863247819785094,-0.8488435673685344,-0.8952983009685429,-10,-1340.8649999999989,-0.0030024383965011614,-0.01841958353460471,-0.8830273378678415,-0.8139968041584922,-7.790402667086566,-3.1617195021506737
stack_equal_all,veto0.11,4286,30933.154999999988,0.44750349976668224,0.5328978068128791,1.405253437184016,-18.94985810509754,1.5525630407544109,9.864035602826098,580,2899.0299999999925,0.4224137931034483,0.503448275862069,1.9031417593627065,-5.297710449417056,8.423358829153754,6.462270228435194,-277,-1709.9349999999795,0.006565520367164401,0.0010108903105779943,-0.1135073382730547,-6.070794395404043,-0.8073682279591645,-0.28456325208256494,-13,-1692.3049999999994,-0.0025440483805314607,-0.022690004070477388,-1.070874017496825,-1.3078539809782903,-9.852477782859625,-3.977265599684041
stack_equal_all,veto0.12,4259,30031.569999999985,0.44681850199577366,0.5322845738436253,1.3814169946032409,-19.476987815401852,1.4835178380457035,9.62601998664992,571,2138.369999999994,0.4185639229422067,0.4956217162872154,1.429421877936261,-5.983784582750063,5.419446401894761,4.832383934945388,-304,-2611.5199999999822,0.005880522596255822,0.00039765734132413133,-0.1373437808538298,-6.597924105708355,-0.8764134306678719,-0.5225788682587424,-22,-2452.964999999998,-0.006393918541773069,-0.030516563645330952,-1.5445938989232704,-1.9939281143112977,-12.856390210118619,-5.607151893173847
stack_equal_all,veto0.13,4233,31183.884999999984,0.44790928419560594,0.5322466335931963,1.4156999686469223,-18.254514101739897,1.61962971466661,10.04459657560582,568,1988.1099999999951,0.41725352112676056,0.49471830985915494,1.320326457631704,-6.20678800546462,4.842984233323293,4.495343122901251,-330,-1459.2049999999836,0.006971304796088096,0.0003597170908952174,-0.1030608068101484,-5.3754503920464,-0.7403015540469653,-0.10400227930284345,-25,-2603.2249999999967,-0.007704320357219185,-0.03141997007339142,-1.6536893192278275,-2.2169315370258547,-13.432852378690086,-5.944192705217984
stack_equal_all,veto0.14,4201,30163.639999999985,0.4484646512735063,0.5310640323732445,1.3905031444194387,-17.269996013383928,1.677601405211791,9.767203041378309,566,1529.6099999999947,0.41519434628975266,0.4911660777385159,1.0322388520392662,-8.487936063504028,2.699364410133459,3.4531357726363234,-362,-2479.4499999999825,0.0075266718739884775,-0.0008228841290566224,-0.128257631037632,-4.39093230369043,-0.6823298635017845,-0.3813958135303537,-27,-3061.724999999997,-0.00976349519422709,-0.034972202194030466,-1.9417769248202652,-4.498079595065263,-15.57647220187992,-6.986400055482911
stack_equal_all,veto0.15,4173,30990.344999999994,0.4512341241313204,0.5329499161274862,1.416974628467912,-16.2453574676355,1.8130668495791378,10.07179625545249,566,1824.204999999995,0.4204946996466431,0.49469964664310956,1.1553105537681294,-7.466451236891746,3.6817983568591646,4.109940725724042,-390,-1652.7449999999735,0.01029614473180257,0.0010629996251850793,-0.10178614698915878,-3.366293757942003,-0.5468644191344376,-0.07680259945617252,-27,-2767.129999999997,-0.004463141837336648,-0.0314386332894368,-1.818705223091402,-3.4765947684529808,-14.594038255154214,-6.329595102395193
stack_equal_all,veto0.16,4146,30168.86499999999,0.452484322238302,0.5337674867342016,1.4055900771786918,-17.30287871276765,1.6745906958336487,9.862952115838107,566,2008.4199999999978,0.42226148409893993,0.49646643109540634,1.2638100297482748,-7.466451236891746,4.068715432151192,4.515902297929207,-417,-2474.2249999999767,0.01154634283878414,0.0018805702319004691,-0.11317069827837889,-4.423815003074154,-0.6853405728799267,-0.2856467390705557,-27,-2582.914999999994,-0.002696357385039816,-0.029671848837140025,-1.7102057471112566,-3.4765947684529808,-14.207121179862186,-5.923633530190028
stack_equal_all,veto0.17,4115,29116.35499999999,0.4520048602673147,0.5326852976913731,1.3737153811880491,-18.442344717012478,1.537229095203705,9.58231729240636,561,2094.109999999996,0.41889483065953653,0.49554367201426025,1.379064422571243,-7.575115825357302,4.188648074580345,4.732707597088285,-448,-3526.7349999999788,0.011066880867796836,0.0007983811890719394,-0.14504539426902152,-5.563281007318981,-0.8227021735098703,-0.5662815625023025,-32,-2497.224999999996,-0.006063010824443216,-0.03059460791828611,-1.5949513542882885,-3.5852593569185363,-14.087188537433033,-5.70682823103095
stack_equal_all,veto0.18,4098,30362.12499999999,0.45339189848706685,0.5344070278184481,1.4159719839182563,-16.942537663196617,1.7168955501690368,10.033057536086572,558,2453.8599999999956,0.42473118279569894,0.4982078853046595,1.6030613401112441,-7.575115825357302,4.943371637381196,5.553210783076803,-465,-2280.9649999999783,0.012453919087549004,0.0025201113161469335,-0.10278879153881437,-4.06347395350312,-0.6430357185445386,-0.11554131882209084,-35,-2137.4749999999963,-0.00022665868828081193,-0.02793039462788688,-1.3709544367482873,-3.5852593569185363,-13.332464974632183,-4.886325045042431
stack_equal_all,veto0.19,4052,28755.72999999998,0.45360315893385983,0.5347976307996052,1.4173060736396443,-18.205149050674585,1.545318639690738,9.622994018099867,555,2677.8699999999963,0.42162162162162165,0.4954954954954955,1.7151887676722803,-7.575115825357302,5.418317295122343,6.0766741959361825,-511,-3887.359999999986,0.012665179534341986,0.002910714297304051,-0.10145470181742633,-5.326085340981088,-0.8146126290228375,-0.525604836808796,-38,-1913.4649999999956,-0.003336219862358103,-0.030642784437050874,-1.258827009187251,-3.5852593569185363,-12.857519316891036,-4.362861632183052
stack_equal_all,veto0.20,4029,29534.199999999983,0.4551998014395632,0.5361131794489948,1.4480742672149416,-18.03559722001313,1.5857479194208652,9.909368178212537,555,2670.869999999997,0.42342342342342343,0.4972972972972973,1.6987353776284897,-7.575115825357302,5.403418400425619,6.044193783885674,-534,-3108.889999999985,0.014261822040045335,0.004226262946693704,-0.07068650824212908,-5.156533510319633,-0.7741833492927102,-0.23923067669612585,-38,-1920.4649999999947,-0.0015344180605563196,-0.028840982635249035,-1.2752803992310418,-3.5852593569185363,-12.87241821158776,-4.395342044233561
stack_equal_all,veto0.21,3993,30424.239999999983,0.45780115201602806,0.5379413974455297,1.4822464560740074,-16.312280518057992,1.7854583625420022,10.295634386308343,551,2745.6049999999977,0.42286751361161523,0.49909255898366606,1.8174751841649055,-6.2948513106682205,6.694028895482218,6.227899514512338,-570,-2218.849999999984,0.016863172616510214,0.0060544809432285795,-0.036514319383063265,-3.433216808364495,-0.5744729061715732,0.1470355313996805,-42,-1845.729999999994,-0.002090327872364517,-0.027045720948880303,-1.156540592694626,-2.304994842229455,-11.581807716531161,-4.211636313606896
stack_equal_all,veto0.22,3966,30893.75999999999,0.4583963691376702,0.5385779122541604,1.5003161344596267,-17.999671962458073,1.6332546228761626,10.511622690854768,551,2542.0099999999975,0.42286751361161523,0.49909255898366606,1.620702052659809,-7.535354608328955,5.156881000498869,5.756024328277768,-597,-1749.3299999999763,0.017458389738152336,0.006690995751859274,-0.018444640997443917,-5.120608252764576,-0.7266766458374128,0.3630238359461053,-42,-2049.3249999999944,-0.002090327872364517,-0.027045720948880303,-1.3533137241997224,-3.5454981398901895,-13.11895561151451,-4.683511499841467
stack_equal_all,veto0.23,3938,31770.429999999993,0.45962417470797357,0.5403758252920264,1.533302946411939,-17.242606293269777,1.7341506147090235,10.888639039646684,551,2370.019999999997,0.4246823956442831,0.49909255898366606,1.5184085826660683,-8.75578586091331,4.123846119485354,5.376776107714285,-625,-872.6599999999744,0.018686195308455722,0.008488908789725302,0.014542170954868316,-4.3635425835762796,-0.6257806540045519,0.7400401847380209,-42,-2221.314999999995,-0.00027544583969663083,-0.027045720948880303,-1.4556071941934632,-4.765929392474544,-14.151990492528025,-5.06275972040495
stack_equal_all,veto0.24,3917,31698.57499999999,0.45928006127138116,0.5409752361501149,1.519232404560781,-17.729800490455638,1.684190198938933,10.917272969924484,551,2150.054999999997,0.4246823956442831,0.49727767695099817,1.3592279434233825,-9.769909727632244,3.338169392759959,4.874993622991235,-646,-944.5149999999776,0.018342081871863314,0.009088319647813758,0.00047162910371034705,-4.850736780762141,-0.6757410697746424,0.7686741150158216,-42,-2441.2799999999947,-0.00027544583969663083,-0.02886060298154819,-1.614787833436149,-5.780053259193479,-14.93766721925342,-5.564542205127999
stack_equal_all,veto0.25,3886,32098.85999999999,0.4590838908903757,0.5411734431291817,1.5359673382301093,-14.298849349651057,2.104196036188633,11.132082093732542,547,2259.0749999999957,0.42413162705667273,0.4954296160877514,1.470636458753678,-9.819473283631849,3.497311220054926,5.161476421129582,-677,-544.2299999999777,0.01814591149085787,0.009286526626880565,0.01720656277303867,-1.41978563995756,-0.25573523252494246,0.9834832388238794,-46,-2332.259999999996,-0.0008262144273070149,-0.03070866384479498,-1.5033793181058535,-5.829616815193083,-14.778525391958453,-5.2780594069896525
stack_equal_all,veto0.26,3852,30772.749999999985,0.45820353063343716,0.5404984423676013,1.5248726627283902,-14.562592660658138,2.0139198401526825,10.758810493059803,544,2511.2649999999962,0.43014705882352944,0.5,1.5608280031026558,-10.142511284022238,3.782675707446998,5.786239557757665,-711,-1870.339999999982,0.01726555123391932,0.008611525865300118,0.006111887271319505,-1.6835289509646412,-0.34601142856089284,0.6102116381511404,-49,-2080.0699999999956,0.00518921733954969,-0.02613827993254636,-1.4131877737568757,-6.152654815583472,-14.49316090456638,-4.65329627036157
stack_equal_all,veto0.27,3820,30306.504999999983,0.45890052356020944,0.5397905759162304,1.5218344082853714,-13.23559321394907,2.195292417687812,10.69339623040952,541,2507.6549999999966,0.42513863216266173,0.49722735674676527,1.5645351182528755,-10.41318743134101,3.6787937325096753,5.802856240374963,-743,-2336.5849999999846,0.017962544160691596,0.007903659413929232,0.003073632828300754,-0.3565295042555725,-0.16463885102576326,0.5447973755008579,-52,-2083.6799999999953,0.00018079067868198573,-0.02891092318578109,-1.409480658606656,-6.423330962902244,-14.597042879503704,-4.636679587744272
stack_equal_all,veto0.28,3787,29707.96499999999,0.4597306575125429,0.5394771587008186,1.510847559431675,-13.745356839652894,2.0882076048835536,10.547140480031784,540,2094.284999999995,0.4222222222222222,0.49444444444444446,1.3169927033787823,-11.86722127402992,2.6739416340746667,4.8680731794512395,-776,-2935.124999999978,0.01879267811302504,0.0075902421985174495,-0.00791321602539563,-0.8662931299593968,-0.2717236638300218,0.3985416251231211,-53,-2497.049999999997,-0.002735619261757527,-0.031693835488101896,-1.6570230734807492,-7.877364805591154,-15.601894977938713,-5.571462648667995
stack_equal_all,veto0.29,3755,30481.509999999987,0.4617842876165113,0.5414114513981358,1.5456618539076983,-13.451602012923875,2.167649148278915,10.885073707189235,536,1744.3649999999943,0.42350746268656714,0.4944029850746269,1.0251039445571744,-14.392931443979284,1.8234055836968133,4.088181721026843,-808,-2161.57999999998,0.02084630821699346,0.009524534895834713,0.026901078450627613,-0.5725383032303775,-0.19228212043466053,0.7364748522805726,-57,-2846.9699999999975,-0.0014503787974126103,-0.03173529485791948,-1.948911832302357,-10.40307497554052,-16.452431028316564,-6.351354107092392
stack_equal_all,veto0.30,3714,29226.454999999994,0.46015078082929456,0.5395799676898223,1.504373290571531,-12.678025775420773,2.2413695659890656,10.560246958366694,532,1891.574999999997,0.424812030075188,0.49624060150375937,1.1088792868833328,-12.076275848154133,2.3636549637196955,4.487033662922909,-849,-3416.634999999973,0.019212801429776716,0.0076930511875211716,-0.014387484885539648,0.20103793427272443,-0.11856170272450983,0.41164810345803104,-61,-2699.7599999999948,-0.0001458114087917739,-0.02989767842878699,-1.8651364899761986,-8.086419379715366,-15.912181648293682,-5.952502165196326
stack_equal_all,veto0.35,3547,30738.394999999997,0.46095291795883847,0.5429940795038061,1.559532805890604,-13.922707140486407,2.105046551232328,11.638016304447625,507,2312.379999999992,0.4260355029585799,0.5009861932938856,1.432664719466771,-9.018604224110344,3.901850386030844,5.835996578729703,-1016,-1904.6949999999706,0.020014938559320627,0.011107163001504938,0.04077203043353328,-1.04364343079291,-0.2548847174812474,1.489417449538962,-86,-2278.955,0.0010776614746001445,-0.025152086638660753,-1.5413510573927605,-5.028747755671579,-14.373986225982534,-4.603539249389532
stack_equal_all,veto0.40,3365,28752.909999999996,0.45854383358098066,0.5408618127786032,1.5159315662004236,-14.986295642323755,1.8771183148058121,11.507035810233244,481,1630.23,0.4261954261954262,0.4968814968814969,0.9916660256823394,-10.436710550466398,2.3445895202897225,4.3573344038925015,-1198,-3890.179999999971,0.01760585418146282,0.008974896276302102,-0.0028292092566470917,-2.107231932630258,-0.48281295390776324,1.3584369553245814,-112,-2961.104999999992,0.001237584711446471,-0.02925678305104945,-1.9823497511771921,-6.446854082027632,-15.931247091723655,-6.082201424226733
stack_equal_all,veto0.45,3144,25664.97,0.46055979643765904,0.5384860050890585,1.435985774425615,-16.51449151371847,1.5864137326962433,11.049037247374864,454,763.1099999999981,0.4118942731277533,0.4845814977973568,0.4747040466651799,-12.1903632603421,0.9226657189676071,2.1920203004099843,-1419,-6978.119999999966,0.019621817038141198,0.006599088586757396,-0.08277500103145563,-3.635427804024971,-0.7735175360173321,0.9004383924662012,-139,-3828.224999999994,-0.013063568356226463,-0.04155678213518954,-2.4993117301943517,-8.200506791903333,-17.35317089304577,-8.24751552770925
stack_equal_all,veto0.50,2888,20667.840000000004,0.45429362880886426,0.5301246537396122,1.2775440708665375,-14.518666118052234,1.5676712898283487,9.73456479263069,418,-442.2350000000015,0.40669856459330145,0.4784688995215311,-0.15659268040111235,-16.819328022500766,-0.3772775201101374,-1.3614079698556087,-1675,-11975.249999999964,0.013355649409346415,-0.001762262762688982,-0.24121670459053313,-1.639602408358737,-0.7922599788852267,-0.4140340622779721,-175,-5033.569999999993,-0.0182592768906783,-0.04766938041101526,-3.1306084572606436,-12.829471554062,-18.653114132123516,-11.800943797974844
stack_equal_all,tilt0.01,4563,32754.77999999997,0.44093797939951784,0.532325224632917,1.5224618824989093,-12.879063709693497,2.364778608476244,10.181245413862861,593,4551.2349999999915,0.42495784148397975,0.5261382799325464,2.8288447684481284,-4.061903596035857,17.782207520496147,10.374282317263846,0,111.69000000000233,0.0,0.00043830813061584983,0.0037011070418386804,0.0,0.00484733976266849,0.03264655895419821,0,-40.100000000000364,0.0,0.0,-0.14517100841140307,-0.07204712759709153,-0.49362909151723144,-0.06525351085538844
stack_equal_all,tilt0.02,4563,32312.379999999972,0.44049967126890205,0.5318869165023011,1.50573466091161,-12.94499877604185,2.333570548811201,10.049968395161894,593,4529.744999999992,0.42495784148397975,0.5261382799325464,2.8120691806742335,-4.069403056562777,17.658872128373957,10.320241684959717,0,-330.7099999999955,-0.0004383081306157943,0.0,-0.013026114545460654,-0.06593506634835222,-0.02636071990237454,-0.09863045974676865,0,-61.590000000000146,0.0,0.0,-0.16194659618529794,-0.07954658812401139,-0.6169644836394212,-0.11929414315951803
stack_equal_all,tilt0.03,4563,31772.969999999972,0.43984220907297833,0.5314486083716853,1.4917737934510529,-12.928453098987752,2.312938872407027,9.87841912686108,593,4529.744999999992,0.42495784148397975,0.5261382799325464,2.8120691806742335,-4.069403056562777,17.658872128373957,10.320241684959718,0,-870.1199999999953,-0.0010957703265395136,-0.00043830813061584983,-0.02698698200601779,-0.04938938929425518,-0.04699239630654839,-0.27017972804758195,0,-61.590000000000146,0.0,0.0,-0.16194659618529794,-0.07954658812401139,-0.6169644836394212,-0.11929414315951625
stack_equal_all,tilt0.05,4563,31871.489999999965,0.43984220907297833,0.5314486083716853,1.4891159093055373,-13.028865282108487,2.299412130825289,9.907155917822125,593,4041.4149999999927,0.42158516020236086,0.5227655986509275,2.430031979030781,-6.351046489103694,10.006668280537053,9.210114908370915,0,-771.6000000000022,-0.0010957703265395136,-0.00043830813061584983,-0.02964486615153339,-0.14980157241499015,-0.060519137888286334,-0.2414429370865374,0,-549.9199999999992,-0.0033726812816188834,-0.003372681281618828,-0.5439837978287505,-2.361190020664928,-8.269168331476326,-1.2294209197483195
stack_equal_all,tilt0.07,4563,32463.02999999997,0.44049967126890205,0.5325443786982249,1.5133213265932388,-12.879063709693497,2.352094789408306,10.08674787801903,593,4041.414999999993,0.42158516020236086,0.5227655986509275,2.430031979030781,-6.351046489103694,10.006668280537053,9.210114908370917,0,-180.05999999999767,-0.0004383081306157943,0.0006574621959237748,-0.005439448863831853,0.0,-0.007836479305269428,-0.06185097688963204,0,-549.9199999999987,-0.0033726812816188834,-0.003372681281618828,-0.5439837978287505,-2.361190020664928,-8.269168331476326,-1.2294209197483177
stack_equal_all,tilt0.10,4563,31954.83499999997,0.43984220907297833,0.5318869165023011,1.4901476618476592,-12.879063709693497,2.3298299960364997,9.924199902089823,593,4069.4549999999927,0.42327150084317033,0.5227655986509275,2.4680092208596696,-6.136308849357559,10.434027155967325,9.273663257132489,0,-688.2549999999974,-0.0010957703265395136,0.0,-0.028613113609411434,0.0,-0.03010127267707574,-0.2243989528188397,0,-521.8799999999992,-0.001686340640809414,-0.003372681281618828,-0.5060065559998619,-2.1464523809187934,-7.841809456046054,-1.1658725709867461
stack_equal_all,tilt0.15,4563,32399.44999999997,0.4413762875301337,0.5325443786982249,1.5027921850641086,-12.879063709693497,2.349321206941507,10.05912100356213,593,3972.499999999992,0.42327150084317033,0.521079258010118,2.43580650695856,-6.136365545336178,10.167360722228162,9.034706692141983,0,-243.63999999999578,0.00043830813061584983,0.0006574621959237748,-0.015968590392962057,0.0,-0.01061006177206858,-0.0894778513465333,0,-618.835,-0.001686340640809414,-0.005059021922428353,-0.5382092699009715,-2.146509076897412,-8.108475889785216,-1.404829135977252
stack_equal_all,tilt0.20,4563,33048.28999999997,0.44247205785667326,0.5327635327635327,1.5194425389253972,-12.879063709693497,2.377467788212426,10.252321922068882,593,3710.834999999991,0.42158516020236086,0.521079258010118,2.276105527949449,-7.134181680735768,8.13007767062836,8.431550533612937,0,405.20000000000437,0.001534078457155419,0.0008766162612315886,0.0006817634683264906,0.0,0.017536519498850822,0.10372306716021917,0,-880.5000000000009,-0.0033726812816188834,-0.005059021922428353,-0.6979102489100826,-3.1443252122970025,-10.145758941385019,-2.007985294506298
stack_equal_all,tilt0.30,4563,32457.184999999976,0.4418145956607495,0.532325224632917,1.500370915830225,-13.599694051356742,2.227218969669726,10.049128275522811,593,3330.9849999999906,0.42327150084317033,0.5193929173693086,2.26342874971252,-6.047466480643726,8.54847684984022,7.598183179768419,0,-185.90499999999156,0.0008766162612316442,0.00043830813061584983,-0.018389859626845695,-0.7206303416632451,-0.1327122990438494,-0.09947057938585147,0,-1260.3500000000013,-0.001686340640809414,-0.006745362563237767,-0.7105870271470116,-2.05761001220496,-9.727359762173158,-2.8413526483508154
stack_equal_all,tilt0.50,4563,31925.484999999968,0.44049967126890205,0.5316677624369932,1.4621569505158067,-13.572366168860011,2.2095912601851437,9.865463694779882,593,3538.9449999999915,0.42495784148397975,0.5177065767284992,2.446021151769274,-5.736099130459477,9.6125482140138,8.052005524321329,0,-717.6049999999996,-0.0004383081306157943,-0.00021915406530792492,-0.056603824941263925,-0.6933024591665138,-0.15034000852843166,-0.28313516012878104,0,-1052.3900000000003,0.0,-0.00843170320404718,-0.5279946250902574,-1.7462426620207117,-8.663288397999578,-2.387530303797906
stack_equal_all,tilt0.75,4563,32536.20999999997,0.44291036598728906,0.534516765285996,1.4749435242383542,-14.322465097225601,2.117920281025486,10.009271190647967,593,3732.1899999999896,0.4266441821247892,0.5177065767284992,2.5061600034310643,-5.1413154454429035,11.350842580896112,8.364459401491967,0,-106.87999999999738,0.0019723865877712132,0.002629848783694877,-0.04381725121871649,-1.443401387532104,-0.2420109876880896,-0.13932766426069598,0,-859.1450000000023,0.0016863406408094694,-0.00843170320404718,-0.4678557734284672,-1.151458977004138,-6.924994031117267,-2.075076426627268
stack_equal_all,tilt1.00,4563,32621.42999999997,0.4444444444444444,0.5338593030900723,1.4908180584113249,-14.268208883955241,2.1293200200363787,10.044400338329336,593,2887.0649999999882,0.42495784148397975,0.5126475548060708,2.065643794985725,-6.119690834498089,7.260189622323429,6.411899880670697,0,-21.659999999996217,0.0035064650449265766,0.0019723865877712132,-0.027942717045745802,-1.3891451742617438,-0.23061124867719673,-0.1041985165793271,0,-1704.2700000000036,0.0,-0.013490725126475533,-0.9083719818738065,-2.129834366059323,-11.01564698968995,-4.0276359474485375
stack_weighted_all,veto0.02,4500,33972.54999999997,0.44622222222222224,0.5355555555555556,1.5413915140911298,-14.924075012505295,2.085777733188904,10.523975655227837,589,3382.104999999994,0.4227504244482173,0.5161290322580645,2.1622392088450546,-4.495431370745882,11.68752856404418,7.542602000935312,-63,1329.4599999999991,0.005284242822704399,0.00366863905325443,0.022630738634059178,-2.0450113028117975,-0.27415353552467137,0.37537680031917375,-4,-1209.2299999999977,-0.002207417035762438,-0.010009247674481858,-0.8117765680144768,-0.5055749023071163,-6.588308047969198,-2.896933827183923
stack_weighted_all,veto0.03,4469,34268.70999999997,0.44864622958156186,0.5361378384426047,1.5360592873231975,-15.522819515731404,2.0157080010438424,10.595040425450009,588,3012.7749999999933,0.4217687074829932,0.5153061224489796,2.0096343916435746,-4.768018452343601,9.747575363135452,6.75162214625736,-94,1625.6200000000026,0.007708250182044019,0.00425092194030352,0.017298511866126853,-2.643755806037907,-0.344223267669733,0.4464415705413458,-5,-1578.5599999999986,-0.0031891340009865266,-0.010832157483566807,-0.9643813852159568,-0.7781619839048357,-8.528261248877927,-3.6879136818618745
stack_weighted_all,veto0.04,4435,34419.434999999976,0.44937993235625706,0.535738444193912,1.5514362215935602,-14.80127849297625,2.119489676362428,10.661519090069936,588,2803.964999999991,0.42857142857142855,0.5136054421768708,1.8095982636409322,-6.79788180378741,6.337591265132173,6.211446571810207,-128,1776.3450000000084,0.008441952956739218,0.003851527691610901,0.03267544613648954,-1.9222147832827527,-0.24044159235114737,0.5129202351612729,-5,-1787.3700000000008,0.0036135870874487996,-0.012532837755675597,-1.1644175132185992,-2.8080253353486446,-11.938245346881207,-4.228089256309028
stack_weighted_all,veto0.05,4403,32457.534999999974,0.4492391551215081,0.5348625936861231,1.4872376128697566,-17.193775382554982,1.7616662100410467,10.11909419808879,584,2509.7399999999925,0.4246575342465753,0.5068493150684932,1.6902761800129253,-6.870787768959487,5.580348013585899,5.567171668101842,-160,-185.55499999999302,0.00830117572199024,0.0029756771838219676,-0.031523162587314024,-4.314711672861485,-0.5982650586725287,-0.029504656819872466,-9,-2081.5949999999993,-0.0003003072374044291,-0.019288964864053182,-1.283739596846606,-2.8809313005207215,-12.69548859842748,-4.872364160017392
stack_weighted_all,veto0.06,4365,30544.684999999983,0.44650630011454756,0.5319587628865979,1.4149448527746546,-19.052321140431868,1.5323704744675373,9.582160177160576,580,2448.179999999993,0.43103448275862066,0.5103448275862069,1.7252756305398798,-6.610079831815982,5.651333108934884,5.43606443660821,-198,-2098.4049999999843,0.005568320715029718,7.184638429680312e-05,-0.10381592268241602,-6.173257430738371,-0.8275607942460381,-0.5664386777480868,-13,-2143.154999999999,0.006076641274640915,-0.015793452346339443,-1.2487401463196517,-2.6202233633772165,-12.624503503078493,-5.003471391511025
stack_weighted_all,veto0.07,4333,30591.009999999987,0.4488806831294715,0.5333487191322409,1.4119855158051615,-18.611947414110777,1.5700782508496995,9.64801823191316,574,3113.319999999993,0.43902439024390244,0.5121951219512195,2.519873269520831,-3.4250556561070047,14.049365461673991,6.913124304428637,-230,-2052.07999999998,0.007942703729953648,0.001461802629939779,-0.10677525965190915,-5.732883704417279,-0.7898530178638759,-0.5005806229955034,-19,-1478.014999999999,0.014066548759922692,-0.013943157981326837,-0.45414250733870043,0.5648008123317609,-4.226471150339387,-3.526411523690598
stack_weighted_all,veto0.08,4304,30116.74499999999,0.4495817843866171,0.533224907063197,1.3925326331635404,-19.605344543889252,1.4763627424490202,9.554417798492107,569,3435.664999999991,0.44112478031634444,0.5166959578207382,2.676243874276406,-4.341281051638321,12.306545121397134,7.612550322290863,-259,-2526.3449999999757,0.008643804987099268,0.0013379905608958964,-0.1262281422935303,-6.726280834195755,-0.8835685262645552,-0.5941810564165557,-24,-1155.670000000001,0.016166938832364697,-0.009442322111808177,-0.2977719025831256,-0.35142458319955505,-5.969291490616245,-2.8269855058283717
stack_weighted_all,veto0.09,4276,30939.42499999998,0.45112254443405053,0.5346117867165575,1.4233081878746563,-19.602216268605176,1.5010790794597666,9.854958372060572,568,3044.3849999999907,0.44190140845070425,0.5176056338028169,2.493533250745083,-5.4077727316196835,8.68982873915996,6.736532014284755,-287,-1703.6649999999863,0.010184565034532689,0.0027248702142563808,-0.09545258758241437,-6.7231525589116785,-0.8588521892538088,-0.2936404828480903,-25,-1546.9500000000012,0.0169435669667245,-0.008532646129729482,-0.4804825261144483,-1.417916263180918,-9.586007872853418,-3.7030038138344796
stack_weighted_all,veto0.10,4242,29869.069999999985,0.4507307873644507,0.5339462517680339,1.3846526400309442,-20.162576576283303,1.4283172044886014,9.562972324530318,566,2365.444999999994,0.4381625441696113,0.5123674911660777,2.0315437987373692,-7.262352240226014,4.961830152463812,5.230976593295645,-321,-2774.0199999999822,0.00979280796493287,0.0020593352657327646,-0.13410813542612643,-7.283512866589806,-0.931614064224974,-0.5856265303783452,-27,-2225.889999999998,0.013204702685631564,-0.013770788766468645,-0.9424719781221622,-3.2724957717872485,-13.314006459549567,-5.20855923482359
stack_weighted_all,veto0.11,4209,28931.854999999985,0.4518888096935139,0.5350439534331195,1.362849024773001,-19.037246214479385,1.48336129335889,9.336264489321325,566,1861.4999999999939,0.43462897526501765,0.5053003533568905,1.426819279481365,-11.548961066377235,2.4307999543178544,4.106365340555875,-354,-3711.2349999999824,0.010950830293996072,0.0031570369308183688,-0.1559117506840697,-6.158182504785888,-0.8765699753546854,-0.8123343655873381,-27,-2729.834999999998,0.0096711337810379,-0.020837926575655863,-1.5471964973781664,-7.559104597938469,-15.845036657695523,-6.333170487563359
stack_weighted_all,veto0.12,4177,28583.649999999987,0.45271726119224326,0.5355518314579842,1.3562726689220332,-19.823790338162347,1.4138799034965879,9.313371550859562,561,2432.2649999999944,0.43672014260249553,0.5098039215686274,1.7330546172918828,-12.300425578577679,3.016262068343044,5.37379249213626,-386,-4059.4399999999805,0.011779281792725416,0.0036649149556831073,-0.16248810653503742,-6.94472662846885,-0.9460513652169875,-0.8352273040491003,-32,-2159.0699999999974,0.011762301118515783,-0.016334358363918944,-1.2409611595676486,-8.310569110138914,-15.259574543670334,-5.065743335982975
stack_weighted_all,veto0.13,4142,28152.304999999986,0.45243843553838725,0.5352486721390632,1.3531469014021407,-17.949105081484372,1.5468927832508732,9.236719038239341,557,1923.969999999995,0.43447037701974867,0.5080789946140036,1.431196845215678,-13.738039745450134,2.114713051840589,4.2925503456627725,-421,-4490.784999999982,0.011500456138869408,0.0033617556367621093,-0.16561387405493,-5.070041371790875,-0.8130384854627022,-0.9118798166693214,-36,-2667.364999999997,0.009512535535768918,-0.018059285318542728,-1.5428189316438534,-9.748183277011368,-16.16112356017279,-6.146985482456462
stack_weighted_all,veto0.14,4113,29592.96499999999,0.4551422319474836,0.537077558959397,1.404830537349857,-16.87920456228155,1.6964584524827513,9.75546112632211,554,1783.3899999999942,0.4332129963898917,0.5054151624548736,1.2574040491770928,-14.923947334242177,1.799297444775557,3.9663112964666274,-450,-3050.124999999978,0.014204252547965757,0.005190642457095884,-0.11393023810721359,-4.0001408525880535,-0.6634728162308241,-0.39313772858655227,-39,-2807.944999999998,0.008255154905911943,-0.020723117477672748,-1.7166117276824386,-10.934090865803412,-16.47653916723782,-6.473224531652607
stack_weighted_all,veto0.15,4089,28851.799999999996,0.45341159207630227,0.5353387136219124,1.382550019969126,-15.996957542368634,1.762261322576018,9.544838207221355,552,1427.384999999993,0.42934782608695654,0.5036231884057971,1.0455396704814497,-14.730381577652151,1.448411849169271,3.215013554823366,-474,-3791.2899999999718,0.012473612676784429,0.0034517971196112995,-0.1362107554879446,-3.1178938326751364,-0.5976699461375574,-0.6037606476873076,-41,-3163.949999999999,0.004389984602976793,-0.022515091526749242,-1.9284761063780818,-10.740525109213387,-16.827424762844107,-7.224522273295869
stack_weighted_all,veto0.16,4042,29453.324999999993,0.4549727857496289,0.537357743691242,1.3984054810069824,-16.79825236483139,1.6996845413174753,9.824896740150374,550,1509.0699999999931,0.42727272727272725,0.5036363636363637,1.0094261719430497,-16.019759399654117,1.4104323355656878,3.433430597978472,-521,-3189.764999999974,0.014034806350111062,0.005470827188940874,-0.1203552944500883,-3.9191886551378943,-0.6602467273961001,-0.32370211475828903,-43,-3082.2649999999985,0.0023148857887475005,-0.0225019162961827,-1.9645896049164817,-12.02990293121535,-16.86540427644769,-7.006105230140763
stack_weighted_all,veto0.17,4016,29920.725,0.4564243027888446,0.5388446215139442,1.4114139784229738,-17.43010463162473,1.6539817636099563,10.042897101533043,548,1476.1899999999916,0.42883211678832117,0.5036496350364964,1.0274558341773237,-16.16583355350075,1.3663060210111793,3.386445043648759,-547,-2722.364999999969,0.015486323389326762,0.006957705011643056,-0.10734679703409689,-4.551040921931232,-0.7059495051036191,-0.10570175337561949,-45,-3115.1450000000004,0.0038742753043414235,-0.02248864489604996,-1.9465599426822078,-12.175977085061984,-16.9095305910022,-7.053090784470475
stack_weighted_all,veto0.18,3986,30347.19,0.45760160561966884,0.5393878575012544,1.4309022817892767,-16.61023363629381,1.7507174244660737,10.269170577546966,544,1513.9299999999919,0.42830882352941174,0.5018382352941176,0.9643562794232863,-15.342717059891116,1.4775627831166578,3.503437646802889,-577,-2295.8999999999687,0.016663626220150995,0.007500940998953265,-0.08785849366779397,-3.7311699266003124,-0.6092138442475017,0.12057172263830296,-49,-3077.4049999999997,0.003350982045431994,-0.02430004463842872,-2.009659497436245,-11.352860591452352,-16.798273828896722,-6.936098181316346
stack_weighted_all,veto0.19,3954,30804.729999999996,0.4582701062215478,0.5407182599898837,1.4523886530548538,-15.73076149268765,1.8655454531455107,10.498948630397503,539,994.6699999999914,0.4230055658627087,0.4972170686456401,0.6175709151199217,-20.33749049834766,0.7244428785563745,2.308437108218747,-609,-1838.3599999999715,0.017332126822029947,0.008831343487582521,-0.0663721224022169,-2.8516977829941528,-0.4943858155680647,0.3503497754888407,-54,-3596.6650000000004,-0.001952275621271038,-0.02892121128690628,-2.3564448617396097,-16.347634029908892,-17.551393733457004,-8.131098719900487
stack_weighted_all,veto0.20,3921,30708.214999999997,0.45830145371078806,0.5406783983677633,1.4434975430051966,-15.45242497068428,1.8955220213055415,10.53652741915799,531,647.7899999999948,0.4180790960451977,0.4915254237288136,0.4100571077418252,-19.73534453262504,0.48259514482279875,1.5202747895684607,-642,-1934.874999999971,0.01736347431127022,0.008791481865462192,-0.07526323245187405,-2.573361260990783,-0.4644092474080339,0.38792856424932687,-62,-3943.544999999997,-0.00687874543878203,-0.03461285620373278,-2.563958669117706,-15.745488064186272,-17.79324146719058,-8.919261038550774
stack_weighted_all,veto0.21,3891,31395.344999999994,0.4592649704446158,0.5412490362374711,1.480439110744436,-16.0179191838398,1.8533640289814513,10.853218120979609,525,528.1249999999948,0.41714285714285715,0.4895238095238095,0.33880479726705537,-21.340404004272123,0.3629099361365893,1.2508683542918546,-672,-1247.7449999999735,0.01832699104509794,0.009362119735169983,-0.03832166471263476,-3.138855474146304,-0.5065672397321241,0.7046192660709458,-68,-4063.2099999999973,-0.0078149843411226,-0.03661447040873683,-2.6352109795924763,-17.350547535833357,-17.91292667587679,-9.18866747382738
stack_weighted_all,veto0.22,3863,31998.519999999997,0.4594874449909397,0.5420657520062128,1.5060516861611772,-15.743364148602016,1.9075204725282884,11.128600051263481,520,273.1149999999943,0.4153846153846154,0.48846153846153845,0.2023910155945349,-22.092113202561432,0.18027767141425285,0.6499924556465662,-700,-644.5699999999706,0.018549465591421843,0.010178835503911632,-0.012709089295893428,-2.8643004389085185,-0.452410796185287,0.9800011963548183,-73,-4318.2199999999975,-0.00957322609936434,-0.03767674147100791,-2.7716247612649965,-18.102256734122665,-18.095558940599126,-9.789543372472668
stack_weighted_all,veto0.23,3829,31007.6,0.45912770958474797,0.5406111256202664,1.4779094845083955,-18.04841635168546,1.6324916659758144,10.89329432990884,516,806.3649999999927,0.4166666666666667,0.4903100775193798,0.48505740944750825,-19.970614093885263,0.5956862875725338,1.934975846546666,-734,-1635.4899999999689,0.018189730185230124,0.008724209117965231,-0.04085129094867512,-5.1693526419919635,-0.727439602737761,0.744695475000178,-77,-3784.9699999999993,-0.008291174817313063,-0.03582820241316653,-2.4889583674120233,-15.980757625446497,-17.680150324440845,-8.50455998157257
stack_weighted_all,veto0.24,3790,31420.744999999995,0.4604221635883905,0.5414248021108179,1.4858334385433092,-18.3053731680634,1.622561468253196,11.128577463280726,512,564.614999999997,0.4140625,0.484375,0.35609729974191917,-20.403084589116627,0.40613117712518865,1.362198993022467,-773,-1222.344999999972,0.019484184188872655,0.00953788560851676,-0.032927336913761485,-5.426309458369904,-0.7373698004603795,0.979978608372063,-81,-4026.719999999995,-0.010895341483979748,-0.04176327993254636,-2.6179184771176125,-16.41322812067786,-17.86970543488819,-9.077336835096768
stack_weighted_all,veto0.25,3756,30574.754999999994,0.45926517571884984,0.5402023429179978,1.4714811285284524,-17.19804572025822,1.698608279884783,10.902855686720129,511,600.3299999999965,0.41291585127201563,0.487279843444227,0.37748076957901816,-19.299654367274567,0.45686429950233814,1.451476609618717,-807,-2068.3349999999737,0.018327196319331995,0.008315426415696714,-0.0472796469286183,-4.318982010564724,-0.6613229888287924,0.7542568318114657,-82,-3991.0049999999956,-0.012041990211964115,-0.03885843648831938,-2.5965350072805133,-15.3097978988358,-17.81897231251104,-8.988059218500517
stack_weighted_all,veto0.26,3708,30016.39999999999,0.45927723840345197,0.5391046386192018,1.4481414072076297,-16.54041706028716,1.7463597944141533,10.81963285902068,509,618.449999999997,0.4106090373280943,0.48526522593320237,0.38901259461388765,-18.578908717231084,0.48910465396586084,1.502462318186747,-855,-2626.689999999977,0.018339259003934127,0.007217722116900638,-0.07061936824944093,-3.6613533505936644,-0.613571474299422,0.671034004112018,-84,-3972.8849999999948,-0.014348804155885464,-0.04087305399934399,-2.585003182245644,-14.589052248792317,-17.78673195804752,-8.937073509932487
stack_weighted_all,veto0.27,3682,29219.719999999994,0.4584464964693102,0.5377512221618685,1.418548503208353,-17.189519033720817,1.6528738310101785,10.578374359078138,506,892.2249999999956,0.41304347826086957,0.4901185770750988,0.5351938088267949,-19.485466972696884,0.6767665848549739,2.182935753464832,-881,-3423.3699999999735,0.01750851706979234,0.005864305659567415,-0.10021227224871776,-4.31045532402732,-0.7070574377033969,0.4297755041694753,-87,-3699.109999999996,-0.01191436322311018,-0.036019702857447544,-2.4388219680327365,-15.495610504258117,-17.599070027158405,-8.256600074654402
stack_weighted_all,veto0.28,3645,29113.034999999996,0.45843621399176954,0.5377229080932785,1.4323033848009192,-15.61398571324677,1.815559196924405,10.688857544865664,500,231.15499999999633,0.406,0.486,0.18123640722039025,-21.472335994624455,0.15683904145143882,0.5722594711659416,-918,-3530.054999999971,0.017498234592251694,0.005835991590977363,-0.08645739065615143,-2.7349220035532724,-0.5443720717891705,0.5402586899570014,-93,-4360.179999999996,-0.01895784148397972,-0.04013827993254637,-2.792779369639141,-17.48247952618569,-18.11899757056194,-9.867276356953294
stack_weighted_all,veto0.29,3615,28595.524999999998,0.4580912863070539,0.5369294605809128,1.4071937158651069,-16.636859595939605,1.6851538730015372,10.595751935528025,496,498.999999999996,0.4092741935483871,0.49193548387096775,0.31940434566890313,-21.375619042708117,0.3421139233558929,1.2463430820340917,-948,-4047.5649999999696,0.01715330690753608,0.00504254407861171,-0.11156705959196378,-3.7577958862461074,-0.6747773957120382,0.447153080619362,-97,-4092.334999999996,-0.015683647935592626,-0.03420279606157861,-2.654611431190628,-17.38576257426935,-17.933722688657486,-9.193192746085144
stack_weighted_all,veto0.30,3582,28445.775,0.45951982132886654,0.5368509212730318,1.4089611643986766,-16.38928812842384,1.7050538229824623,10.651299981113132,487,161.95499999999572,0.40451745379876797,0.4887063655030801,0.14755485573802685,-23.13135353648986,0.10184880734765875,0.40950342257930317,-981,-4197.314999999966,0.018581841929348697,0.004964004770730668,-0.10979961105839409,-3.510224418730342,-0.6548774457311131,0.5027011262044692,-106,-4429.3799999999965,-0.02044038768521178,-0.03743191442946625,-2.8264609211215044,-19.141497068051095,-18.17398780466572,-10.03003240553993
stack_weighted_all,veto0.35,3418,26989.449999999997,0.4596255119953189,0.53744880046811,1.4187892223066427,-12.879063709693497,2.099818664013863,10.612706983952307,468,-537.5949999999982,0.39316239316239315,0.4829059829059829,-0.23177492978798558,-25.80884328880753,-0.2982254274244493,-1.4029573028312499,-1145,-5653.63999999997,0.018687532595801082,0.0055618839658089225,-0.09997155315042794,0.0,-0.2601126046997124,0.4641081290436446,-125,-5128.92999999999,-0.031795448321586595,-0.04323229702656345,-3.205790706647517,-21.818986820368764,-18.574062039437827,-11.842493130950485
stack_weighted_all,veto0.40,3227,24110.525000000005,0.4601797334986055,0.5354818717074682,1.3216787677419228,-14.876319094118628,1.6922127426876625,10.051546928987849,445,-214.87500000000023,0.40224719101123596,0.48314606741573035,-0.05270889333103264,-20.108746162038152,-0.15412753143895372,-0.6014315119603356,-1336,-8532.564999999962,0.019241754099087682,0.003594955205167061,-0.19708200771514783,-1.9972553844251308,-0.6677185260259129,-0.09705192592081424,-148,-4806.209999999992,-0.022710650472743787,-0.04299221251681601,-3.026724670190564,-16.118889693599385,-18.42996414345233,-11.04096734007957
stack_weighted_all,veto0.45,3033,22035.960000000006,0.46060006594131225,0.5361028684470821,1.2539162030046094,-12.879063709693497,1.8436785764842316,9.792238068598852,409,-723.055,0.3960880195599022,0.4767726161369193,-0.2991420287159999,-20.5260767316532,-0.5021611128049461,-2.231862021536602,-1530,-10607.129999999961,0.01966208654179441,0.004215951944780971,-0.2648445724524613,0.0,-0.5162526922293438,-0.3563607863098106,-184,-5314.389999999992,-0.028869821924077554,-0.04936566379562707,-3.2731578055755315,-16.53622026321443,-18.777997724818324,-12.671397849655836
stack_weighted_all,veto0.50,2846,20274.82000000001,0.46205200281096276,0.539353478566409,1.201402983289686,-16.028338810049554,1.4019601085784232,9.633138328058148,378,-459.32000000000244,0.3994708994708995,0.47619047619047616,-0.2130384524707149,-19.009730929558142,-0.3465648669658311,-1.537865055455157,-1717,-12368.269999999957,0.021114023411444915,0.007466562064107896,-0.3173577921673847,-3.149275100356057,-0.9579711601351522,-0.5154605268505144,-215,-5050.654999999994,-0.02548694201308027,-0.049947803742070196,-3.187054229330246,-15.019874461119375,-18.62240147897921,-11.977400883574392
stack_weighted_all,tilt0.01,4563,32955.19999999997,0.44093797939951784,0.532325224632917,1.5278592818013514,-12.879063709693497,2.3734509465529854,10.249927834165591,593,4761.804999999992,0.4266441821247892,0.5278246205733558,3.0730060787840174,-3.9898564684387656,19.011639763537683,10.844517817097264,0,312.1100000000006,0.0,0.00043830813061584983,0.009098506344280777,0.0,0.013519677839409994,0.10132897925692852,0,170.47000000000025,0.0016863406408094694,0.001686340640809414,0.09899030192448599,0.0,0.7358031515243049,0.4049819889780295
stack_weighted_all,tilt0.02,4563,32448.629999999976,0.44049967126890205,0.5318869165023011,1.5096140716871436,-12.934323053411923,2.341420729790214,10.088776273977084,593,4740.314999999992,0.4266441821247892,0.5278246205733558,3.054961649422661,-3.9970920113433484,18.884424020177867,10.79029566176991,0,-194.45999999999185,-0.0004383081306157943,0.0,-0.0091467037699271,-0.05525934371842567,-0.01851053892336152,-0.059822580931578884,0,148.98000000000047,0.0016863406408094694,0.001686340640809414,0.08094587256312957,-0.007235542904582726,0.6085874081644889,0.35075983365067565
stack_weighted_all,tilt0.03,4563,32094.144999999975,0.43984220907297833,0.5314486083716853,1.4992327716690195,-12.943188270783883,2.324382159125168,9.980727462189302,593,4740.314999999992,0.4266441821247892,0.5278246205733558,3.054961649422661,-3.9970920113433484,18.884424020177867,10.79029566176991,0,-548.9449999999924,-0.0010957703265395136,-0.00043830813061584983,-0.019528003788051196,-0.06412456109038622,-0.03554910958840729,-0.1678713927193609,0,148.98000000000047,0.0016863406408094694,0.001686340640809414,0.08094587256312957,-0.007235542904582726,0.6085874081644889,0.35075983365067565
stack_weighted_all,tilt0.05,4563,31858.909999999974,0.43984220907297833,0.5310103002410694,1.491168366025948,-12.879063709693497,2.3256026803316603,9.904424012390832,593,4740.314999999992,0.4266441821247892,0.5278246205733558,3.054961649422661,-3.9970920113433484,18.884424020177867,10.79029566176991,0,-784.179999999993,-0.0010957703265395136,-0.0008766162612316997,-0.027592409431122622,0.0,-0.034328588381915104,-0.24417484251783073,0,148.98000000000047,0.0016863406408094694,0.001686340640809414,0.08094587256312957,-0.007235542904582726,0.6085874081644889,0.35075983365067565
stack_weighted_all,tilt0.07,4563,31739.949999999968,0.43984220907297833,0.5312294543063774,1.487295976072171,-12.879063709693497,2.320349228147978,9.857368253068783,593,4272.534999999993,0.42327150084317033,0.524451939291737,2.63935698419646,-4.501421708832007,14.98839521684217,9.732634366202813,0,-903.1399999999994,-0.0010957703265395136,-0.0006574621959237748,-0.031464799384899766,0.0,-0.03958204056559733,-0.2912306018398798,0,-318.7999999999993,-0.001686340640809414,-0.001686340640809414,-0.3346587926630713,-0.5115652403932414,-3.287441395171209,-0.7069014619164218
stack_weighted_all,tilt0.10,4563,32073.129999999972,0.44049967126890205,0.5318869165023011,1.4962000951819043,-12.998794091171003,2.3135245636903554,9.959456515781797,593,4412.644999999992,0.4266441821247892,0.5261382799325464,2.8174158657306148,-4.42486002073645,15.787428333262639,10.054180282560443,0,-569.9599999999955,-0.0004383081306157943,0.0,-0.022560680275166334,-0.11973038147750614,-0.046406705023219974,-0.18914233912686562,0,-178.6899999999996,0.0016863406408094694,0.0,-0.1565999111289167,-0.43500355229768406,-2.4884082787507396,-0.3853555455587916
stack_weighted_all,tilt0.15,4563,32216.874999999975,0.44071882533421,0.5325443786982249,1.4993011313063287,-13.021329213782384,2.3157572528182775,9.984681541752128,593,3865.794999999992,0.42495784148397975,0.5227655986509275,2.5005921439054752,-6.243856477331117,9.704941545531366,8.794478339889332,0,-426.21499999999287,-0.0002191540653078694,0.0006574621959237748,-0.019459644150741973,-0.14226550408888627,-0.0441740158952979,-0.16391731315653502,0,-725.54,0.0,-0.003372681281618828,-0.4734236329540562,-2.2540000088923513,-8.570895066482013,-1.6450574882299023
stack_weighted_all,tilt0.20,4563,30819.07499999997,0.4396230550076704,0.5314486083716853,1.452707246091452,-13.74846083249886,2.1351313951203603,9.532964741107737,593,3583.224999999992,0.41989881956155145,0.5193929173693086,2.3968588016963,-6.320383013999748,8.840363611682879,8.154273351491724,0,-1824.0149999999958,-0.0013149243918474385,-0.00043830813061584983,-0.06605352936561859,-0.8693971228053634,-0.22479987359321507,-0.615634113800926,0,-1008.1099999999997,-0.005059021922428297,-0.006745362563237767,-0.5771569751632315,-2.330526545560982,-9.4354730003305,-2.2852624766275103
stack_weighted_all,tilt0.30,4563,30445.109999999968,0.43918474687705455,0.5310103002410694,1.4343012380029116,-14.291482314462037,2.038773399328295,9.408671243610453,593,3816.339999999991,0.42327150084317033,0.521079258010118,2.5252787894880684,-5.87218415020461,10.177935749732967,8.656038409789687,0,-2197.9799999999996,-0.0017532325224632883,-0.0008766162612316997,-0.08445953745415902,-1.4124186047685399,-0.32115786938528057,-0.73992761129821,0,-774.9950000000008,-0.001686340640809414,-0.005059021922428353,-0.44873698737146306,-1.8823276817658448,-8.097900862280412,-1.7834974183295476
stack_weighted_all,tilt0.50,4563,31808.53999999997,0.4402805172035941,0.5336401490247644,1.455621215682961,-13.36666768679599,2.2386249591687877,9.82188713945326,593,3786.8899999999894,0.42158516020236086,0.521079258010118,2.684090384498117,-3.9381138662884334,15.051204542866028,8.525571378463042,0,-834.5499999999956,-0.0006574621959237192,0.0017532325224632883,-0.06313955977410957,-0.48760397710249315,-0.12130630954478772,-0.3267117154554029,0,-804.4450000000024,-0.0033726812816188834,-0.005059021922428353,-0.28992539236141424,0.05174260215033222,-3.2246320691473507,-1.9139644496561932
stack_weighted_all,tilt0.75,4563,30811.93999999998,0.43984220907297833,0.5316677624369932,1.397575671762114,-15.53933465970847,1.8887959592977446,9.461274671269036,593,2697.5299999999897,0.41652613827993257,0.5109612141652614,1.853171939390243,-7.089167984672587,5.834465866177048,6.009680881139724,0,-1831.149999999987,-0.0010957703265395136,-0.00021915406530792492,-0.12118510369495672,-2.660270950014972,-0.4711353094158308,-0.6873241836396264,0,-1893.805000000002,-0.00843170320404718,-0.015177065767284947,-1.1208438374692884,-3.099311516233821,-12.44137074583633,-4.4298549469795105
stack_weighted_all,tilt1.00,4563,32293.124999999985,0.44269121192198113,0.5336401490247644,1.4658556004139172,-15.900223473689682,1.8991697240546546,9.894574002443708,593,3463.6899999999905,0.42327150084317033,0.5126475548060708,2.2534897807309275,-7.660624364833783,7.03470550076716,7.668648428085243,0,-349.96499999998196,0.0017532325224632883,0.0017532325224632883,-0.05290517504315351,-3.0211597639961845,-0.46076154465892083,-0.2540248524649549,0,-1127.6450000000013,-0.001686340640809414,-0.013490725126475533,-0.7205259961286039,-3.6707678963950174,-11.241131111246219,-2.770887400033992
stack_equal_core,veto0.02,4496,32129.619999999966,0.4415035587188612,0.530693950177936,1.4897548681766737,-13.903533337871266,2.1652747890949064,9.949662411982139,592,4018.544999999993,0.4206081081081081,0.5219594594594594,2.4735975955018996,-4.535447352918212,13.92737012340039,9.04682820876832,-67,-513.4700000000012,0.0005655793193433678,-0.0011929663243651634,-0.02900590728039698,-1.0244696281777692,-0.19465647961866894,-0.19893644292652368,-1,-572.789999999999,-0.004349733375871634,-0.0041788204730869305,-0.5004181813576318,-0.5455908844794468,-4.3484664886129885,-1.3927076193509151
stack_equal_core,veto0.03,4470,31246.43499999997,0.4429530201342282,0.5322147651006711,1.43642980723852,-16.23045953693354,1.8238264145223964,9.632286137617383,592,3687.824999999991,0.4172297297297297,0.5202702702702703,2.4127140105835934,-5.491510976092844,10.492060769206166,8.330155917740756,-93,-1396.6549999999988,0.0020150407347103716,0.00032784859836998415,-0.08233096821855068,-3.3513958272400437,-0.536104854191179,-0.5163127172912798,-1,-903.5100000000007,-0.007728111754250033,-0.005868009662276075,-0.5613017662759381,-1.5016545076540782,-7.783775842807213,-2.109379910378479
stack_equal_core,veto0.04,4433,32364.65499999997,0.44529663884502596,0.5330475975637265,1.499147149030108,-15.24396859922972,1.9835707413092383,10.02000710092175,590,3474.7049999999917,0.41694915254237286,0.5203389830508475,2.238535790053483,-6.658533747040051,8.120819751544653,7.866573844534228,-130,-278.4349999999977,0.004358659445508117,0.001160681061425417,-0.019613626426962627,-2.3649048895362235,-0.3763605274043371,-0.12859175398691214,-3,-1116.63,-0.00800868894160689,-0.00579929688169889,-0.7354799868060486,-2.668677278601286,-10.155016860468725,-2.5729619835850066
stack_equal_core,veto0.05,4412,32559.129999999972,0.4453762466001813,0.5335448776065277,1.493283695128426,-16.126938584353603,1.881738898427916,10.091966118479926,588,4040.1549999999925,0.4302721088435374,0.5306122448979592,2.5372144215302086,-5.546957782288963,11.453403184146486,9.056525570365478,-151,-83.95999999999549,0.004438267200663482,0.0016579611042265574,-0.025477080328644597,-3.2478748746601056,-0.4781923702856594,-0.05663273642873712,-5,-551.1799999999994,0.005314267359557645,0.004473964965412858,-0.43680135532932285,-1.5571013138501977,-6.822433427866892,-1.3830102577537566
stack_equal_core,veto0.06,4390,33172.70499999997,0.44533029612756264,0.5355353075170843,1.5085918047542832,-15.078609503907744,2.035237935691399,10.329827187395304,584,3983.2049999999936,0.4332191780821918,0.5273972602739726,2.52922724831518,-7.964889921687876,7.855852586439742,8.959970361412596,-173,529.6150000000052,0.004392316728044798,0.0036483910147832033,-0.010168970702787439,-2.199545794214247,-0.3246933330221764,0.18122833248664172,-9,-608.1299999999983,0.008261336598212043,0.0012589803414262413,-0.44478852854435136,-3.97503345324911,-10.419984025573637,-1.4795654667066387
stack_equal_core,veto0.07,4360,33908.20499999998,0.44770642201834865,0.5362385321100918,1.5384800482697083,-14.149037426082698,2.1975466673303434,10.603124250397444,581,3820.6199999999935,0.43373493975903615,0.5249569707401033,2.487089641921217,-7.8038070759700195,7.66785386688917,8.588212365963004,-203,1265.1150000000125,0.0067684426188308056,0.0043516156077906265,0.019719272812637634,-1.2699737163892006,-0.16238460138323196,0.45452539548878157,-12,-770.7149999999983,0.008777098275056405,-0.0011813091924430807,-0.48692613493831427,-3.813950607531254,-10.607982745124207,-1.8513234621562304
stack_equal_core,veto0.08,4334,33234.36999999998,0.4467005076142132,0.5359944623904015,1.5245992276149603,-14.017982331352188,2.1916632349754677,10.45225452657874,580,3341.8849999999934,0.42758620689655175,0.5172413793103449,2.2421798246725,-7.830569870075811,6.624860812298109,7.507368909122875,-229,591.2800000000134,0.005762528214695362,0.004107545888100361,0.005838452157889584,-1.138918621658691,-0.16826803373810773,0.3036556716700769,-13,-1249.4499999999985,0.002628365412571998,-0.008896900622201498,-0.7318359521870312,-3.8407134016370454,-11.650975799715269,-2.9321669189963595
stack_equal_core,veto0.09,4311,32038.024999999976,0.44606819763395966,0.534446764091858,1.4795797736081586,-14.80007922937943,2.0306082220930826,10.126948364488676,579,2566.569999999992,0.4231433506044905,0.5112262521588946,1.7348878932652179,-8.644417228093772,4.540874869216509,5.7388067811102195,-252,-605.0649999999914,0.005130218234441819,0.0025598475895568518,-0.039181001848912045,-1.9210155196859322,-0.32932304662049283,-0.021650490419986568,-14,-2024.7649999999999,-0.0018144908794892611,-0.014912027773651748,-1.2391278835943136,-4.6545607596550065,-13.73496174279687,-4.700729047009015
stack_equal_core,veto0.10,4286,31954.614999999983,0.446803546430238,0.5340643957069529,1.469977688020794,-15.076707580982049,1.9902159700450206,10.14828746419394,574,2184.7849999999926,0.4268292682926829,0.5087108013937283,1.353476046059901,-9.755773830953732,3.3993598801113296,4.887071807880015,-277,-688.474999999984,0.005865567030720165,0.002177479204651722,-0.048783087436276684,-2.1976438712885518,-0.3697152986685548,-0.00031139071472274793,-19,-2406.5499999999993,0.0018714268087031694,-0.017427478538818097,-1.6205397307996305,-5.7659173625149664,-14.876476731902049,-5.55246402023922
stack_equal_core,veto0.11,4265,31940.634999999987,0.447831184056272,0.5334114888628371,1.4553407359936121,-14.5266366895827,2.0650324337411714,10.147585338892428,571,2096.00499999999,0.4220665499124343,0.5061295971978984,1.308308277698722,-7.610399091603654,4.173159816780541,4.70845394599396,-298,-702.4549999999799,0.006893204656754137,0.0015245723605359363,-0.06342003946345853,-1.647572979889203,-0.294898834972404,-0.0010135160162345613,-22,-2495.3300000000017,-0.00289129157154544,-0.020008682734647953,-1.6657074991608094,-3.620542623164888,-14.102676795232838,-5.731081882125275
stack_equal_core,veto0.12,4241,31783.834999999985,0.44871492572506483,0.5336005659042679,1.456891660357385,-14.53340086704623,2.0579425358512045,10.149897299776072,570,1401.0549999999912,0.41578947368421054,0.5017543859649123,0.9043734448728011,-8.698364742586879,2.406274957683902,3.1264337293475832,-322,-859.2549999999828,0.007776946325546985,0.0017136494019667214,-0.061869115099685734,-1.6543371573527335,-0.30198873286237093,0.0012984448674089322,-23,-3190.2800000000007,-0.009168367799769206,-0.024383893967634074,-2.0696423319867305,-4.708508274148113,-15.869561654329477,-7.313102098771651
stack_equal_core,veto0.13,4211,30916.799999999974,0.44953692709570175,0.5340774162906673,1.4399404127264317,-16.90912242953907,1.7393797534918938,9.950281740878328,568,2144.964999999991,0.4242957746478873,0.5088028169014085,1.4162092123770003,-4.910873489888186,6.624707143273131,4.80906899837451,-352,-1726.2899999999936,0.008598947696183912,0.0021904997883661625,-0.07882036273063897,-4.030058719845574,-0.6205515152216816,-0.1983171140303348,-25,-2446.370000000001,-0.0006620668360924342,-0.017335463031137865,-1.5578065644825312,-0.92101702144942,-11.651129468740248,-5.630466829744725
stack_equal_core,veto0.14,4181,30906.25999999998,0.45132743362831856,0.5343219325520211,1.4452972024646238,-17.248334336464783,1.7048187859232136,10.00337326988832,565,1817.4699999999918,0.4230088495575221,0.5026548672566372,1.188213274317924,-5.917216573443226,4.6279747899685715,4.071101533940201,-382,-1736.8299999999872,0.01038945422880072,0.0024350160497199624,-0.07346357299244688,-4.369270626771286,-0.6551124827903618,-0.14522558502034322,-28,-2773.865,-0.0019489919264576439,-0.023483412675909143,-1.7858025025416076,-1.9273601050044604,-13.647861822044806,-6.368434294179034
stack_equal_core,veto0.15,4157,30754.014999999985,0.45224921818619196,0.5354823189800337,1.4425644816999785,-17.184838210825436,1.705981602784465,10.00022956879209,565,1608.1149999999905,0.4176991150442478,0.49911504424778763,1.0463541038127917,-7.90622834268672,3.0516324335188854,3.566506599339601,-406,-1889.0749999999825,0.011311238786674116,0.003595402477732601,-0.07619629375709214,-4.305774501131939,-0.6539496659291104,-0.14836928611657285,-28,-2983.220000000001,-0.007258726439731966,-0.02702323568475873,-1.9276616730467397,-3.9163718742479547,-15.224204178494492,-6.873029228779634
stack_equal_core,veto0.16,4099,30083.794999999976,0.4545010978287387,0.5369602342034643,1.4498059635028082,-15.215659408757254,1.9010160888586083,9.94876569018907,559,1778.76999999999,0.41323792486583183,0.4991055456171735,1.251793914215128,-5.493793439118881,4.874689830565916,3.9748499573860427,-464,-2559.294999999991,0.013563118429220866,0.005073317701163149,-0.06895481195426245,-2.336595699063757,-0.4589151798549671,-0.19983316471959256,-34,-2812.565000000002,-0.011719916618147919,-0.02703273431537284,-1.7222218626444035,-1.5039369706801153,-13.401146781447462,-6.464685870733192
stack_equal_core,veto0.17,4073,30301.119999999974,0.4556837711760373,0.5379327277191259,1.4578775433538786,-15.118394369866254,1.9216883357174226,10.115510182770823,557,2190.2099999999896,0.42190305206463197,0.5026929982046678,1.5687677889793297,-4.819167848644463,6.899391781120472,4.902103852863225,-490,-2341.969999999994,0.014745791776519468,0.006045811216824792,-0.06088323210319202,-2.2393306601727563,-0.4382429329961528,-0.033088672137839836,-36,-2401.1250000000023,-0.003054789419347781,-0.02344528172787852,-1.4052479878802018,-0.8293113802056977,-11.376444830892908,-5.53743197525601
stack_equal_core,veto0.18,4047,29992.46499999998,0.45539906103286387,0.5376822337533976,1.4553031775317045,-15.195912829862138,1.8999456885993935,10.043294796571008,557,1864.4349999999909,0.41651705565529623,0.4991023339317774,1.3969733839953733,-6.2583152705425835,4.49308599680023,4.176643805773111,-516,-2650.624999999989,0.014461081633346029,0.005795317251096499,-0.0634575979253662,-2.3168491201686408,-0.4599855801141819,-0.105304058337655,-36,-2726.900000000001,-0.008440785828683517,-0.027035946000768973,-1.5770423928641581,-2.268458802103818,-13.78275061521315,-6.262892022346124
stack_equal_core,veto0.19,4022,29043.60499999998,0.45450024863252114,0.5372948781700646,1.422025163011957,-18.023406505229794,1.5705351731164483,9.76384611479768,555,1926.0449999999912,0.4198198198198198,0.5009009009009009,1.3919935296349624,-7.319740845127056,3.9734416691482486,4.321138330854588,-541,-3599.484999999986,0.013562269233003299,0.005407961667763472,-0.09673561244511375,-5.144342795536296,-0.7893960955971271,-0.3847527401109829,-38,-2665.290000000001,-0.005138021664159942,-0.025237379031645468,-1.582022247224569,-3.32988437668829,-14.30239494286513,-6.118397497264647
stack_equal_core,veto0.20,3995,29992.284999999978,0.4545682102628285,0.537171464330413,1.452248457907958,-17.50799039291015,1.649035798909009,10.140110161418317,554,2284.634999999991,0.42418772563176893,0.5054151624548736,1.6582625133109432,-7.319740845127056,4.747152148211397,5.143797165573857,-568,-2650.8049999999894,0.013630230863310666,0.00528454782811183,-0.06651231754911269,-4.628926683216651,-0.7108954698045664,-0.008488693490345867,-39,-2306.7000000000007,-0.0007701158522108176,-0.020723117477672748,-1.3157532635485882,-3.32988437668829,-13.528684463801982,-5.295738662545378
stack_equal_core,veto0.21,3966,30435.859999999986,0.4551185073121533,0.5380736258194655,1.4771129162052161,-15.818944561650536,1.8415696982894099,10.335587923144786,551,1602.6249999999914,0.4192377495462795,0.5009074410163339,1.1814321281884523,-8.72957094850158,2.7540671160090415,3.6219765070145407,-597,-2207.2299999999814,0.014180527912635466,0.006186709317164363,-0.041647859251854547,-2.9398808519570387,-0.5183615704241655,0.18698906823612305,-42,-2988.7100000000005,-0.0057200919377002335,-0.025230838916212472,-1.792583648671079,-4.739714480062815,-15.521769496004337,-6.817559321104694
stack_equal_core,veto0.22,3941,29778.704999999987,0.45521441258563816,0.538442019791931,1.4770985279936233,-15.13979621738468,1.8986441397714406,10.174845478616943,548,1782.3849999999916,0.4197080291970803,0.5,1.3144820815923997,-8.793885149240708,3.051772765486928,4.050448782321295,-622,-2864.38499999998,0.014276433186120319,0.006555103289629827,-0.04166224746344738,-2.2607325076911824,-0.46128712894213475,0.026246623708280126,-45,-2808.9500000000003,-0.005249812286899469,-0.02613827993254636,-1.6595336952671318,-4.804028680801943,-15.22406384652645,-6.38908704579794
stack_equal_core,veto0.23,3910,31054.544999999984,0.4578005115089514,0.540153452685422,1.515135466249502,-14.539113354314868,2.028390365846549,10.694829360817277,547,2068.5149999999917,0.42413162705667273,0.5045703839122486,1.526504377116085,-7.560263088731886,4.143456208843205,4.70583779002627,-653,-1588.5449999999837,0.01686253210943356,0.008266536183120898,-0.00362530920756865,-1.6600496446213704,-0.3315409028670264,0.5462305059086141,-46,-2522.82,-0.0008262144273070149,-0.02156789602029774,-1.4475113997434463,-3.57040662029312,-14.132380403170174,-5.733698038092965
stack_equal_core,veto0.24,3879,32027.474999999984,0.4591389533384893,0.54292343387471,1.5602996596583338,-13.314289417169551,2.2567625243573533,11.098500669445166,546,2336.754999999991,0.4267399267399267,0.5054945054945055,1.7217288856518405,-8.160823075966771,4.359527174408119,5.307375117679571,-684,-615.6149999999834,0.018200973938971465,0.01103651737240885,0.04153888420126317,-0.4352257074760537,-0.10316874435622214,0.9499018145365028,-47,-2254.580000000001,0.0017820852559469746,-0.020643774438040885,-1.252286891207691,-4.170966607528006,-13.91630943760526,-5.132160710439663
stack_equal_core,veto0.25,3855,31177.819999999985,0.4591439688715953,0.5416342412451361,1.5314540590646142,-13.53071109374351,2.184812125923507,10.861414270346192,542,1996.7799999999916,0.42435424354243545,0.5018450184501845,1.49637226807663,-8.496586470474863,3.55386616862048,4.564801026358953,-708,-1465.2699999999822,0.018205989472077466,0.009747324742835017,0.012693283607543515,-0.6516473840500137,-0.17511914279006824,0.7128154154375288,-51,-2594.5550000000003,-0.0006035979415442982,-0.024293261482361883,-1.4776435087829014,-4.506730002036098,-14.721970443392898,-5.874734801760281
stack_equal_core,veto0.26,3823,30672.219999999987,0.4598482866858488,0.5409364373528642,1.509183819243642,-14.731572843418983,1.986854006207935,10.759473334012455,539,2447.9699999999903,0.42857142857142855,0.5064935064935064,1.7606965053106274,-8.318738360674422,4.49015257645048,5.63640591829872,-740,-1970.8699999999808,0.018910307286330974,0.009049520850563098,-0.009576956213428689,-1.8525091337254853,-0.37307726250564044,0.6108744791037921,-54,-2143.3650000000016,0.0036135870874487996,-0.01964477343903992,-1.213319271548904,-4.328881892235656,-13.785684035562898,-4.803129909820515
stack_equal_core,veto0.27,3782,30586.869999999995,0.4608672659968271,0.5412480169222633,1.5105780669803175,-15.073222226888314,1.9385239282237168,10.83362872957232,538,2243.729999999991,0.4275092936802974,0.5055762081784386,1.6737596785062192,-9.136443886291513,3.732096708260929,5.218105376551121,-781,-2056.219999999972,0.019929286597309248,0.009361100419962187,-0.008182708476753175,-2.1941585171948166,-0.4214073404898586,0.6850298746636572,-55,-2347.605000000001,0.0025514521963176384,-0.020562071754107736,-1.3002560983533122,-5.146587417852747,-14.54373990375245,-5.221430451568113
stack_equal_core,veto0.28,3759,30840.37499999999,0.46209098164405427,0.541633413141793,1.5165384541247557,-16.33197141905519,1.7981368400014706,10.978157221247185,535,2202.5299999999934,0.4280373831775701,0.5046728971962616,1.4893687151733477,-11.289281907165647,2.962505511055851,5.154217227230355,-804,-1802.7149999999783,0.021153002244536423,0.009746496639491897,-0.002222321332314925,-3.4529077093616927,-0.5617944287121048,0.8295583663385226,-58,-2388.8049999999985,0.0030795416935903708,-0.021465382736284733,-1.4846470616861838,-7.299425438726881,-15.313331100957527,-5.28531860088888
stack_equal_core,veto0.29,3726,29664.264999999985,0.4605475040257649,0.5397208803005904,1.4770640283748522,-17.034225798162623,1.683506376969457,10.635898727385781,530,2399.2999999999947,0.4339622641509434,0.5094339622641509,1.5685250750889093,-10.910801657513863,3.3521564387550646,5.659178882462524,-837,-2978.8249999999825,0.019609524626247044,0.007833963798289267,-0.04169674708221849,-4.155162088469126,-0.6764248917441185,0.48729987247711826,-63,-2192.034999999997,0.009004422666963663,-0.01670431766839542,-1.4054907017706222,-6.9209451890750975,-14.923680173258314,-4.7803569456567105
stack_equal_core,veto0.30,3692,30033.344999999987,0.4601841820151679,0.5400866738894908,1.4963239377616464,-15.014664439690339,1.924485544064993,10.848649157676164,525,2539.9349999999945,0.43238095238095237,0.5104761904761905,1.6260430518888023,-11.163375689762395,3.4779471382512255,6.083933119096743,-871,-2609.744999999981,0.019246202615650077,0.008199757387189699,-0.02243683769542426,-2.135600729996842,-0.43544572464858233,0.7000503027675009,-68,-2051.3999999999974,0.007423110896972618,-0.015662089456355832,-1.3479727249707292,-7.173519221323629,-14.797889473762153,-4.355602709022492
stack_equal_core,veto0.35,3469,28163.075,0.459786682040934,0.540213317959066,1.5043536196467235,-14.847622372610186,1.870463806474653,10.834457182945533,502,2825.674999999994,0.4402390438247012,0.5159362549800797,1.7820320370390932,-8.398846332688148,5.171420259565578,7.2286926661773485,-1094,-4480.014999999967,0.018848702641416137,0.008326401456764887,-0.014407155810347128,-1.9685586629166885,-0.48946746223892235,0.6858583280368702,-91,-1765.659999999998,0.015281202340721445,-0.010202024952466693,-1.1919837398204383,-4.408989864249382,-13.1044163524478,-3.2108431619418862
stack_equal_core,veto0.40,3280,27864.000000000007,0.463109756097561,0.5405487804878049,1.4885358348623614,-15.348404468208276,1.7974584049277769,11.284703378833944,476,1765.9949999999988,0.4327731092436975,0.5063025210084033,1.0582857232379688,-9.622804805521202,2.7623224191384215,4.789967728653795,-1283,-4779.08999999996,0.022171776698043155,0.008661863985503726,-0.03022494059470926,-2.469340758514779,-0.5624728637857985,1.1361045239252814,-117,-2825.339999999993,0.007815267759717748,-0.01983575892414302,-1.9157300536215627,-5.6329483370824365,-15.513514192874958,-5.64956809946544
stack_equal_core,veto0.45,3066,26490.590000000004,0.4657534246575342,0.5388127853881278,1.4385207115866694,-14.35780391110619,1.86159552358175,11.506636975078937,445,551.7450000000002,0.4157303370786517,0.49213483146067416,0.35483197022142016,-15.54433488850673,0.5207801451923486,1.607417230736602,-1497,-6152.499999999964,0.024815445258016378,0.0069258688858266915,-0.08024006387040128,-1.478740201412693,-0.4983357451318253,1.3580381201702743,-148,-4039.5899999999915,-0.009227504405328046,-0.0340034484718722,-2.6191838066381115,-11.554478420067966,-17.75505646682103,-8.832118597382633
stack_equal_core,veto0.50,2865,24007.785000000003,0.4652705061082024,0.5357766143106457,1.3657850895330728,-15.17567380528441,1.6542804404645224,11.198637138657286,401,-487.3749999999998,0.4014962593516209,0.47880299251870323,-0.2205178922813934,-17.33287719654364,-0.40304732250125813,-1.576084074201989,-1698,-8635.304999999964,0.024332526708684576,0.0038896978083445832,-0.1529756859239979,-2.2966100955909123,-0.705650828249053,1.0500382837486235,-192,-5078.709999999992,-0.023461582132358827,-0.04733528741384313,-3.1945336691409247,-13.343020728104875,-18.678883934514637,-12.015619902321223
stack_equal_core,tilt0.01,4563,32662.83999999997,0.44071882533421,0.5321060705676091,1.5190702993574563,-12.879063709693497,2.3607891719437037,10.15292184916189,593,4761.804999999992,0.4266441821247892,0.5278246205733558,3.0730060787840174,-3.9898564684387656,19.011639763537683,10.844517817097264,0,19.750000000003638,-0.0002191540653078694,0.00021915406530792492,0.00030952390038563315,0.0,0.000857903230128354,0.0043229942532274634,0,170.47000000000025,0.0016863406408094694,0.001686340640809414,0.09899030192448599,0.0,0.7358031515243049,0.4049819889780295
stack_equal_core,tilt0.02,4563,32482.20999999997,0.4402805172035941,0.5318869165023011,1.5156575272372734,-12.879063709693497,2.352930822070017,10.103037753117833,593,4761.804999999992,0.4266441821247892,0.5278246205733558,3.0730060787840174,-3.9898564684387656,19.011639763537683,10.844517817097264,0,-160.87999999999738,-0.0006574621959237192,0.0,-0.003103248219797239,0.0,-0.007000446643558256,-0.045561101790829284,0,170.47000000000025,0.0016863406408094694,0.001686340640809414,0.09899030192448599,0.0,0.7358031515243049,0.4049819889780295
stack_equal_core,tilt0.03,4563,31694.559999999972,0.4396230550076704,0.5312294543063774,1.4903791860522768,-12.898804556805715,2.3147934304135194,9.858431333991641,593,4761.804999999992,0.4266441821247892,0.5278246205733558,3.0730060787840174,-3.9898564684387656,19.011639763537683,10.844517817097264,0,-948.5299999999952,-0.0013149243918474385,-0.0006574621959237748,-0.02838158940479385,-0.019740847112217352,-0.04513783830005602,-0.2901675209170218,0,170.47000000000025,0.0016863406408094694,0.001686340640809414,0.09899030192448599,0.0,0.7358031515243049,0.4049819889780295
stack_equal_core,tilt0.05,4563,31265.899999999972,0.4394039009423625,0.5310103002410694,1.472673547377715,-12.879063709693497,2.299292195259484,9.708594363004272,593,4410.319999999992,0.42495784148397975,0.5261382799325464,2.746851274283378,-4.069403056562777,17.15668025306549,10.033189019073262,0,-1377.189999999995,-0.0015340784571553634,-0.0008766162612316997,-0.04608722807935561,0.0,-0.06063907345409136,-0.44000449190439106,0,-181.01499999999942,0.0,0.0,-0.22716450257615328,-0.07954658812401139,-1.1191563589478903,-0.40634680904597253
stack_equal_core,tilt0.07,4563,31877.469999999976,0.4402805172035941,0.5316677624369932,1.4851107818373666,-13.115008899547915,2.284567803557855,9.889705826463887,593,4141.599999999993,0.42327150084317033,0.524451939291737,2.538648097564029,-6.235217813033558,10.464253070766093,9.417857864841354,0,-765.6199999999917,-0.0006574621959237192,-0.00021915406530792492,-0.03364999361970411,-0.2359451898544176,-0.07536346515572045,-0.2588930284447759,0,-449.73499999999876,-0.001686340640809414,-0.001686340640809414,-0.43536767929550235,-2.2453613445947926,-7.811583541247286,-1.021677963277881
stack_equal_core,tilt0.10,4563,32422.26999999997,0.4413762875301337,0.5325443786982249,1.5033673995724182,-12.891461314568305,2.348056806772768,10.061433755093663,593,4131.2399999999925,0.42327150084317033,0.524451939291737,2.6031773488884595,-6.068085408524011,10.723557629433197,9.392086961444193,0,-220.81999999999607,0.00043830813061584983,0.0006574621959237748,-0.015393375884652505,-0.01239760487480801,-0.011874461940807546,-0.08716509981499954,0,-460.09499999999935,-0.001686340640809414,-0.001686340640809414,-0.3708384279710719,-2.0782289400852454,-7.552278982580182,-1.0474488666750421
stack_equal_core,tilt0.15,4563,32848.659999999974,0.4420337497260574,0.5327635327635327,1.5184605268440843,-12.879063709693497,2.368844999084586,10.195054715692232,593,4020.044999999993,0.42327150084317033,0.5227655986509275,2.5702846349484743,-6.075283171554475,10.401516767712467,9.118206700173795,0,205.57000000000698,0.001095770326539569,0.0008766162612315886,-0.00030024861298638683,0.0,0.008913730371010509,0.04645586078356878,0,-571.289999999999,-0.001686340640809414,-0.003372681281618828,-0.4037311419110572,-2.0854267031157097,-7.874319844300912,-1.3213291279454396
stack_equal_core,tilt0.20,4563,33655.65499999997,0.443129520052597,0.5336401490247644,1.5398216376536797,-12.879063709693497,2.4035028399703173,10.430936026180497,593,4243.179999999992,0.42495784148397975,0.524451939291737,2.708166575320359,-6.038830232629254,11.08990988625274,9.611434108746606,0,1012.5650000000023,0.002191540653079138,0.0017532325224632883,0.021060862196609076,0.0,0.04357157125674194,0.2823371712718341,0,-348.15499999999975,0.0,-0.001686340640809414,-0.26584920153917224,-2.048973764190488,-7.185926725760639,-0.8281017193726292
stack_equal_core,tilt0.30,4563,33615.58499999997,0.44225290379136534,0.5325443786982249,1.5449963756681964,-12.879063709693497,2.4017943644097994,10.419378982344265,593,3795.6399999999935,0.42495784148397975,0.5227655986509275,2.694474396730633,-4.8942216473724,12.140825436128674,8.622445108479086,0,972.4950000000026,0.001314924391847494,0.0006574621959237748,0.026235600211125698,0.0,0.04186309569622404,0.27078012743560187,0,-795.6949999999983,0.0,-0.003372681281618828,-0.2795413801288986,-0.9043651789336344,-6.135011175884705,-1.8170907196401487
stack_equal_core,tilt0.50,4563,35261.96999999997,0.4457593688362919,0.5356125356125356,1.5762763109103806,-12.69436851323821,2.5069102619172665,10.878798292525147,593,4173.879999999992,0.4266441821247892,0.524451939291737,3.079705801270059,-5.606053889115188,11.736221226166231,9.487337200204918,0,2618.8800000000047,0.004821389436774071,0.0037256191102345015,0.057515535453309896,0.1846951964552872,0.14697899320369112,0.7301994376164842,0,-417.4549999999999,0.0016863406408094694,-0.001686340640809414,0.10569002441052744,-1.6161974206764222,-6.5396153858471475,-0.9521986279143171
stack_equal_core,tilt0.75,4563,32706.434999999976,0.44269121192198113,0.5347359193513039,1.476466123531088,-13.708271840343086,2.2197639949026686,10.057249545806181,593,3926.3149999999905,0.4266441821247892,0.5193929173693086,2.923196170014176,-4.573239816563245,13.472554780769283,8.820143267531247,0,63.34500000000844,0.0017532325224632883,0.002849002849002802,-0.042294651925982585,-0.8292081306495884,-0.14016727381090677,-0.09134930910248151,0,-665.0200000000013,0.0016863406408094694,-0.006745362563237767,-0.05081960684535547,-0.583383348124479,-4.803281831244096,-1.619392560587988
stack_equal_core,tilt1.00,4563,31998.94999999997,0.44422529037913655,0.5336401490247644,1.4388192273365359,-15.543861829769906,1.9320187844144627,9.814917403379617,593,2899.724999999992,0.41652613827993257,0.5109612141652614,2.0806368772266133,-7.225050914349571,6.177923319183527,6.417393671407119,0,-644.1399999999958,0.0032873109796187072,0.0017532325224632883,-0.07994154812053478,-2.6647981200764086,-0.42791248429911266,-0.3336814515290456,0,-1691.6099999999997,-0.00843170320404718,-0.015177065767284947,-0.8933788996329182,-3.235194445910805,-12.097913292829851,-4.022142156712116
stack_weighted_core,veto0.02,4488,33111.534999999974,0.4483065953654189,0.535873440285205,1.4926362836032452,-19.42864610093586,1.5778070253160394,10.196272063466578,589,3112.87999999999,0.41935483870967744,0.5178268251273345,2.012549025825048,-4.59089839705346,10.480008713300276,6.930264337550924,-75,468.445000000007,0.007368615965901049,0.0039865237829038724,-0.026124491853825482,-6.549582391242364,-0.782124243397536,0.04767320855791546,-4,-1478.4550000000017,-0.0056030027743023125,-0.008311454805211893,-0.9614667510344836,-0.601041928614694,-7.795827898713103,-3.5092714905683104
stack_weighted_core,veto0.03,4458,32832.75999999997,0.4499775684163302,0.5356662180349933,1.4606419842614535,-17.78998096318906,1.7144280508036607,10.062573648981648,587,2732.1899999999923,0.424190800681431,0.5161839863713799,1.9027164691957335,-4.891453409687875,8.570281491908188,6.063926474455916,-105,189.67000000000553,0.009039589016812344,0.0037793015326921253,-0.05811879119561714,-4.910917253495562,-0.6455032179099147,-0.08602520592701524,-6,-1859.1449999999995,-0.0007670408025487463,-0.009954293561166505,-1.071299307663798,-0.9015969412491094,-9.70555512010519,-4.375609353663319
stack_weighted_core,veto0.04,4425,31480.784999999974,0.447909604519774,0.5326553672316384,1.4080196941752283,-18.966605334430366,1.5678069640034138,9.699749402685338,585,3074.294999999993,0.4307692307692308,0.517948717948718,2.2136615562114015,-4.687335310176657,10.129718160588878,6.798624129438321,-138,-1162.304999999993,0.006971625120256175,0.0007684507293372889,-0.11074108128184235,-6.087541624736868,-0.7921243047101616,-0.4488494522233246,-8,-1517.039999999999,0.005811389285251045,-0.008189561983828364,-0.76035422064813,-0.6974788417378912,-8.1461184514245,-3.640911698680914
stack_weighted_core,veto0.05,4380,30763.529999999984,0.44680365296803654,0.5321917808219178,1.3998202531605006,-18.907796403264783,1.5508175344088821,9.545739479993138,583,3205.8149999999914,0.43567753001715265,0.5180102915951973,2.434080819467827,-3.777236985119502,13.140966295331872,7.073572042288525,-183,-1879.5599999999831,0.005865673568518692,0.00030486431961662674,-0.11894052229657004,-6.0287326935712855,-0.8091137343046932,-0.6028593749155249,-10,-1385.5200000000004,0.0107196885331729,-0.008127988337349068,-0.5399349573917043,0.21261948331926384,-5.134870316681507,-3.3659637858307097
stack_weighted_core,veto0.06,4351,29955.72999999998,0.4474833371638704,0.5334405883704896,1.3859504956872382,-16.668921219881117,1.730750243030976,9.35025621356282,580,2574.914999999991,0.43448275862068964,0.5120689655172413,1.9458665595938691,-4.809036409358497,8.190261907530083,5.685411701427187,-212,-2687.359999999986,0.006545357764352555,0.0015536718681884443,-0.1328102797698325,-3.7898575101876197,-0.6291810256825994,-0.7983426413458421,-13,-2016.420000000001,0.009524917136709887,-0.014069314415305012,-1.0281492172656623,-0.8191799409197316,-10.085574704483296,-4.754124126692048
stack_weighted_core,veto0.07,4317,30228.55499999998,0.45054435950891825,0.5353254574936298,1.3982801627454402,-16.689714942291243,1.7382135959694627,9.53153407962222,574,2549.0849999999937,0.4355400696864111,0.5121951219512195,1.9221495838052378,-4.9151383093205645,7.929069768829101,5.690818687052007,-246,-2414.534999999989,0.009606380109400403,0.0034385409913286757,-0.12048061271163046,-3.8106512325977455,-0.6217176727441127,-0.6170647752864422,-19,-2042.2499999999982,0.010582228202431376,-0.013943157981326837,-1.0518661930542936,-0.9252818408817989,-10.346766843184277,-4.748717141067227
stack_weighted_core,veto0.08,4270,31218.419999999984,0.4526932084309134,0.535831381733021,1.4323132881731557,-16.82858836072757,1.758045750920866,9.925537847829093,569,2514.574999999992,0.437609841827768,0.5131810193321616,1.8847312445355369,-4.249777330644383,9.040212823308524,5.649344026140085,-293,-1424.6699999999837,0.011755229031395531,0.003944465230719896,-0.08644748728391494,-3.9495246510340714,-0.6018855177927094,-0.22306100707957022,-24,-2076.7599999999998,0.012652000343788272,-0.012957260600384712,-1.0892845323239946,-0.2599208622056173,-9.235623788704855,-4.79019180197915
stack_weighted_core,veto0.09,4247,31357.294999999995,0.45349658582528846,0.5359076995526254,1.4530844428070684,-15.606275564850383,1.9008515652784597,9.99838946997141,564,2826.8249999999916,0.4432624113475177,0.5195035460992907,2.115162751158692,-5.482834846254306,7.925207716524065,6.348967313708469,-316,-1285.7949999999728,0.012558606425770613,0.0040207830503242725,-0.06567633265000228,-2.7272118551568862,-0.4590797034351157,-0.1502093849372521,-29,-1764.5100000000002,0.018304569863537956,-0.006634733833255635,-0.8588530257008395,-1.4929783778155405,-10.350628895489313,-4.090568514410766
stack_weighted_core,veto0.10,4200,30709.17,0.4552380952380952,0.5371428571428571,1.4335694085632913,-16.525205538871827,1.7725024219144558,9.853014462216215,562,2755.0749999999916,0.4430604982206406,0.5177935943060499,2.106915153553017,-6.687879405965641,6.323530856926963,6.176362058127494,-363,-1933.9199999999691,0.014300115838577376,0.005255940640556012,-0.08519136689377937,-3.6461418291783296,-0.5874288467991196,-0.2955843926924473,-31,-1836.2600000000002,0.018102656736660838,-0.008344685626496484,-0.8671006233065146,-2.6980229375268756,-11.952305755086416,-4.263173769991741
stack_weighted_core,veto0.11,4174,31173.649999999994,0.4583133684714902,0.5400095831336847,1.4519458935230773,-14.40369326053363,2.0522278628032167,10.064643801431586,560,2243.8599999999924,0.4392857142857143,0.5142857142857142,1.5973796276826153,-11.436279688539416,2.981752524829446,5.029447864861673,-389,-1469.4399999999732,0.017375389071972336,0.008122666631383613,-0.06681488193399332,-1.5246295508401335,-0.3077034059103587,-0.08395505347707655,-33,-2347.4749999999995,0.014327872801734531,-0.011852565646832125,-1.3766361491769161,-7.446423220100651,-15.294084087183933,-5.410087963257562
stack_weighted_core,veto0.12,4136,30345.929999999993,0.4596228239845261,0.539651837524178,1.4327353175599324,-13.634219994516464,2.1328017160023762,9.87725434219697,557,2571.6199999999926,0.44165170556552963,0.5170556552962298,1.8077336329249418,-10.611928047637917,3.7066151588889746,5.7687489050207255,-427,-2297.1599999999744,0.018684844585008242,0.007764921021876869,-0.08602545789713822,-0.7551562848229665,-0.22712955271119917,-0.2713445127116927,-36,-2019.7149999999992,0.01669386408154988,-0.009082624636316594,-1.1662821439345896,-6.622071579199152,-14.569221453124404,-4.670786923098509
stack_weighted_core,veto0.13,4107,30821.959999999985,0.461163866569272,0.5402970538105674,1.4538112931962703,-13.86408176594475,2.117445915347061,10.11252934891329,554,2473.719999999993,0.4404332129963899,0.516245487364621,1.6899450893737527,-12.139426739558472,3.1108893362748713,5.56138710488941,-456,-1821.1299999999828,0.020225887169754153,0.00841013730826623,-0.06494948226080033,-0.9850180562512527,-0.24248535336651456,-0.03606950599537306,-39,-2117.614999999999,0.01547537151241013,-0.009892792567925413,-1.2840706874857788,-8.149570271119707,-15.164947275738507,-4.878148723229825
stack_weighted_core,veto0.14,4077,30462.04499999999,0.46185921020358106,0.5408388520971302,1.44429123724862,-15.43339256460088,1.8885664187518236,10.06438860019865,553,1805.219999999994,0.43037974683544306,0.5045207956600362,1.1981343845471382,-16.01908216979377,1.6975619263154482,4.0375831937125914,-486,-2181.0449999999764,0.020921230804063218,0.008951935594829097,-0.07446953820845059,-2.554328854907382,-0.47136484996175176,-0.08421025471001364,-40,-2786.114999999998,0.0054219053514633075,-0.0216174842725102,-1.7758813923123933,-12.029225701355003,-16.57827468569793,-6.401952634406643
stack_weighted_core,veto0.15,4046,29311.43499999999,0.45946613939693526,0.5395452298566485,1.400754651660254,-17.08676827245254,1.6660262368831298,9.757434919580664,552,1838.389999999994,0.4311594202898551,0.5072463768115942,1.2410923056838754,-14.238010561855488,1.9463186776917736,4.125665621779598,-517,-3331.654999999977,0.018528159997417415,0.0076583133543474124,-0.11800612379681663,-4.207704562759044,-0.6939050318304456,-0.39116393532799876,-41,-2752.944999999998,0.006201578805875352,-0.018891903120952125,-1.732923471175656,-10.248154093416723,-16.329517934321604,-6.313870206339637
stack_weighted_core,veto0.16,4015,28799.324999999993,0.4580323785803238,0.5387297633872976,1.3831648956585747,-16.317750711018988,1.725674049150865,9.647585539658884,548,2166.5149999999926,0.4324817518248175,0.5091240875912408,1.3498489530329392,-15.174225843239695,2.166442377624966,4.917419027703711,-548,-3843.764999999974,0.017094399180805964,0.0068428468849964785,-0.13559587979849597,-3.4386870013254907,-0.6342572195627103,-0.5010133152497787,-45,-2424.8199999999993,0.0075239103408377694,-0.017014192341305523,-1.6241668238265923,-11.18436937480093,-16.10939423438841,-5.522116800415524
stack_weighted_core,veto0.17,3978,28765.719999999994,0.45877325289089993,0.5392156862745098,1.3704240427497498,-19.85844756406999,1.4169687418514594,9.712739046759294,546,2038.4349999999922,0.4358974358974359,0.5091575091575091,1.2567188886229652,-16.054073847540636,1.9217218626098815,4.669830080116982,-585,-3877.3699999999735,0.017835273491382087,0.007328769772208643,-0.14833673270732084,-6.9793838543764934,-0.942962526862116,-0.43585980814936853,-47,-2552.8999999999996,0.010939594413456155,-0.016980770775037235,-1.7172968882365662,-12.06421737910187,-16.354114749403497,-5.769705748002253
stack_weighted_core,veto0.18,3952,29535.05999999999,0.4592611336032389,0.5394736842105263,1.4011220574430676,-19.42892604410737,1.4720537105503833,10.046525164530006,545,1785.8649999999918,0.42752293577981654,0.5009174311926605,1.088397421538842,-13.68709924378691,1.9647143657255388,4.108172730206742,-611,-3108.029999999977,0.018323154203721048,0.007586767708225195,-0.11763871801400305,-6.5498623344138736,-0.8878775581631921,-0.10207369037865632,-48,-2805.4700000000003,0.0025650942958367895,-0.025220848739885837,-1.8856183553206896,-9.697242775348144,-16.31112224628784,-6.331363097912493
stack_weighted_core,veto0.19,3926,29176.479999999996,0.4579724910850739,0.5384615384615384,1.3923169954684251,-19.561449172800238,1.4511290686179805,9.987212224562892,542,929.0049999999923,0.4188191881918819,0.492619926199262,0.578110784251369,-18.699211296165696,0.7348704229410609,2.141463042442445,-637,-3466.6099999999715,0.01703451168555603,0.006574621959237303,-0.12644377998864553,-6.6823854631067405,-0.9088022000955949,-0.1613866303457705,-51,-3662.3299999999995,-0.00613865329209784,-0.03351835373328438,-2.3959049926081626,-14.70935482772693,-17.540966189072318,-8.29807278567679
stack_weighted_core,veto0.20,3890,28911.635000000002,0.4568123393316195,0.5372750642673522,1.3794116280866509,-19.13331698463615,1.475276021223493,9.961565897165723,534,505.9849999999966,0.4157303370786517,0.49063670411985016,0.3291242115916065,-18.962364388293263,0.39111120756797957,1.1814016648917798,-673,-3731.4549999999654,0.015874359932101678,0.005388147765051032,-0.1393491473704198,-6.254253274942652,-0.8846552474900824,-0.1870329577429395,-59,-4085.3499999999954,-0.009227504405328046,-0.035501575812696196,-2.644891565267925,-14.972507919854497,-17.884725404445398,-9.258134163227455
stack_weighted_core,veto0.21,3859,29292.574999999997,0.4578906452448821,0.5387406063747084,1.3915338701120026,-20.187137356478186,1.4095967754469796,10.174716021337582,526,870.8999999999966,0.4220532319391635,0.49429657794676807,0.5229280382392099,-18.188236215321268,0.7073839535307745,2.0698786664647963,-704,-3350.5149999999703,0.016952665845364256,0.006853689872407309,-0.1272269053450681,-7.308073646784688,-0.9503344932665958,0.026117166428919703,-67,-3720.4349999999954,-0.00290460954481625,-0.03184170198577829,-2.4510877386203216,-14.198379746882502,-17.568452658482602,-8.369657161654438
stack_weighted_core,veto0.22,3825,28888.995,0.4577777777777778,0.5390849673202615,1.3996641382501234,-18.718857232181705,1.5072110362800546,10.124912967930772,520,243.88499999999635,0.41346153846153844,0.48846153846153845,0.18589165209562766,-21.81629262281844,0.162913408663679,0.5850807468286898,-738,-3754.0949999999684,0.01683979837825994,0.007198050817960322,-0.1190966372069473,-5.839793522488208,-0.8527202324335208,-0.023685886977890647,-73,-4347.449999999995,-0.011496303022441312,-0.03767674147100791,-2.788124124763904,-17.826436154379675,-18.1129232033497,-9.854455081290546
stack_weighted_core,veto0.23,3792,30172.489999999998,0.45938818565400846,0.5395569620253164,1.4385908749476022,-16.20234657914095,1.788467451938371,10.629375117950081,517,96.21499999999651,0.41005802707930367,0.48549323017408125,0.10969194350028827,-22.455051550432927,0.06223786455468045,0.2313663685182946,-771,-2470.5999999999694,0.01845020625449062,0.007670045523015312,-0.08016990050946848,-3.3232828694474534,-0.5714638167752044,0.4807762630414185,-76,-4495.119999999995,-0.014899814404676082,-0.04064504975846511,-2.864323833359243,-18.46519508199416,-18.213598747458697,-10.20816945960094
stack_weighted_core,veto0.24,3767,30793.799999999996,0.46084417308202813,0.5410140695513671,1.4719699558582702,-14.573951373106606,2.013188397921165,10.915996828335352,511,-135.18000000000256,0.4070450097847358,0.48336594911937375,-0.0071837273617103275,-22.57335803450115,-0.08653294154635484,-0.3278729876607472,-796,-1849.2899999999718,0.019906193682510287,0.009127153049065972,-0.04679081959880049,-1.694887663413109,-0.3467428707924105,0.7673979734266894,-82,-4726.514999999994,-0.01791283169924396,-0.04277233081317261,-2.981199504221242,-18.583501566062385,-18.362369553559734,-10.767408815779982
stack_weighted_core,veto0.25,3728,31403.039999999994,0.46164163090128757,0.5415772532188842,1.4920909250112238,-13.225025756970252,2.245095542005487,11.225603566222038,510,144.69999999999493,0.40784313725490196,0.48627450980392156,0.1346165118314918,-21.621514097611758,0.09731464168403917,0.35345209356244517,-835,-1240.0499999999738,0.020703651501769726,0.009690336716583037,-0.02666985044584691,-0.34596204727675506,-0.11483572670808817,1.077004711313375,-83,-4446.634999999997,-0.017114704229077793,-0.0398637701286248,-2.8393992650280397,-17.63165762917299,-18.17852197032934,-10.086083734556789
stack_weighted_core,veto0.26,3693,29713.089999999997,0.45924722447874355,0.5388572975900352,1.4354231267637971,-14.451906753450883,1.9863260083761165,10.711837729110254,505,-230.12000000000467,0.401980198019802,0.48118811881188117,-0.06497758811860993,-23.26390890368973,-0.14262650575480343,-0.5655667378335802,-870,-2929.999999999971,0.01830924507922571,0.006970381087734068,-0.08333764869327354,-1.572843043757386,-0.3736052603374589,0.5632388742015912,-88,-4821.454999999996,-0.022977643464177744,-0.04495016112066519,-3.0389933649781415,-19.274052435250965,-18.418463117768184,-11.005102565952814
stack_weighted_core,veto0.27,3647,29694.405,0.4595557992870853,0.5382506169454346,1.4335137231908766,-13.88854521342465,2.066099396173453,10.81313254405898,502,220.3649999999941,0.4043824701195219,0.4860557768924303,0.17340431074468865,-22.577392228921575,0.14216579289290263,0.5454989682391795,-916,-2948.6849999999686,0.018617819887567444,0.006363700443133502,-0.08524705226619411,-1.009481503731152,-0.29383187254012233,0.6645336891503177,-91,-4370.9699999999975,-0.020575371364457862,-0.04008250304011607,-2.8006114661148427,-18.587535760482808,-18.133670819120475,-9.894036859880055
stack_weighted_core,veto0.28,3608,29420.125,0.46008869179600886,0.5376940133037694,1.426720449481696,-14.873793305286004,1.9182684048285619,10.82587377254082,496,438.3749999999976,0.40725806451612906,0.4879032258064516,0.2903307342985511,-21.93700181426665,0.292470260299884,1.1009365777654827,-955,-3222.9649999999674,0.01915071239649102,0.005807096801468292,-0.09204032597537459,-1.9947295955925064,-0.4416628638850135,0.6772749176321575,-97,-4152.959999999995,-0.01769977696785069,-0.038235054126094736,-2.68368504256098,-17.947145345827884,-17.983366351713496,-9.338599250353752
stack_weighted_core,veto0.29,3574,29186.160000000007,0.46026860660324564,0.5377728035814213,1.429562313275284,-15.987151686153583,1.7759255953246238,10.860070364207763,491,483.6599999999971,0.4073319755600815,0.48879837067209775,0.31224108023255515,-21.835042837680625,0.3245110925261961,1.2169742315783678,-989,-3456.9299999999603,0.0193306272037278,0.005885887079120189,-0.08919846218178673,-3.1080879764600855,-0.5840056733889516,0.7114715092991002,-102,-4107.674999999995,-0.017625865923898254,-0.03733990926044861,-2.6617746966269764,-17.84518636924186,-17.95132551948718,-9.222561596540867
stack_weighted_core,veto0.30,3538,29460.66000000001,0.461560203504805,0.5387224420576597,1.4467203710489527,-16.007465313850354,1.7839240893671722,11.068489988594756,486,366.169999999998,0.40329218106995884,0.48559670781893005,0.25207278061058674,-22.670772306345174,0.23601595595741387,0.930172418610861,-1025,-3182.4299999999566,0.020622224105287135,0.006835525555358601,-0.07204040440811799,-3.1284016041568563,-0.5760071793464032,0.9198911336860931,-107,-4225.164999999994,-0.021665660414020904,-0.04054157211361631,-2.7219429962489445,-18.680915837906408,-18.039820656055966,-9.509363409508374
stack_weighted_core,veto0.35,3367,27041.615000000016,0.46094446094446095,0.5375705375705375,1.418116162658367,-15.923834417615712,1.7003734432064392,10.67712459622131,471,-56.69499999999789,0.3991507430997877,0.4840764331210191,0.01578059321591825,-22.061542947847666,-0.037200121685935575,-0.14854731754120692,-1196,-5601.474999999951,0.02000648154494311,0.005683621068236389,-0.10064461279870374,-3.044770707922215,-0.6595578255071362,0.528525741312647,-122,-4648.02999999999,-0.02580709838419204,-0.04206184681152725,-2.9582351836436134,-18.0716864794089,-18.313036733699313,-10.588083145660441
stack_weighted_core,veto0.40,3181,26421.000000000007,0.4630619302106256,0.5397673687519647,1.4311357782021634,-15.54008341942332,1.7171184407187732,11.020456479895774,443,-202.22500000000105,0.39954853273137697,0.4853273137697517,-0.08227755240083018,-19.42170727580811,-0.1502283014796356,-0.5693704194857183,-1382,-6222.08999999996,0.02212395081110774,0.007880452249663605,-0.08762499725490724,-2.661019709729823,-0.6428128279948022,0.8718576249871113,-150,-4793.559999999993,-0.025409308752602777,-0.04081096616279467,-3.056293329260362,-15.431850807369344,-18.426064913493015,-11.008906247604953
stack_weighted_core,veto0.45,2969,22833.309999999998,0.4627820815089256,0.5399124284270799,1.3231386016844935,-14.047235976990718,1.7300773435013161,10.210322727316223,411,-542.3400000000001,0.39902676399026765,0.4793187347931874,-0.23226965390427562,-20.43678518051209,-0.379899924535552,-1.6591714238513926,-1594,-9809.77999999997,0.021844102109407737,0.008025511924778739,-0.19562217377257718,-1.168172267297221,-0.6298539252122592,0.061723872407560165,-182,-5133.674999999992,-0.025931077493712096,-0.04681954513935899,-3.206285430763807,-16.446928712073323,-18.65573653654893,-12.098707251970627
stack_weighted_core,veto0.50,2787,22123.100000000002,0.4628632938643703,0.5403659849300323,1.3074509007058281,-14.137651302083384,1.6838991682780344,10.566239558106508,378,-295.7200000000021,0.3994708994708995,0.48148148148148145,-0.11078434420753605,-18.491194285746698,-0.230247007685244,-0.9893937604490817,-1776,-10519.989999999965,0.021925314464852463,0.008479068427731162,-0.21130987475124252,-1.2585875923898868,-0.676032100435541,0.4176407031978453,-215,-4887.054999999994,-0.02548694201308027,-0.044656798451064905,-3.0848001210670675,-14.501337817307931,-18.50608361969862,-11.428929588568316
stack_weighted_core,tilt0.01,4563,32865.48999999997,0.44071882533421,0.5321060705676091,1.5245389876629054,-12.879063709693497,2.3695732170886616,10.222352843547727,593,4761.804999999992,0.4266441821247892,0.5278246205733558,3.0730060787840174,-3.9898564684387656,19.011639763537683,10.844517817097264,0,222.40000000000146,-0.0002191540653078694,0.00021915406530792492,0.005778212205834743,0.0,0.009641948375086251,0.0737539886390639,0,170.47000000000025,0.0016863406408094694,0.001686340640809414,0.09899030192448599,0.0,0.7358031515243049,0.4049819889780295
stack_weighted_core,tilt0.02,4563,32486.924999999974,0.4400613631382862,0.5316677624369932,1.515651866733841,-12.879063709693497,2.353136295909643,10.102711290731857,593,4761.804999999992,0.4266441821247892,0.5278246205733558,3.0730060787840174,-3.9898564684387656,19.011639763537683,10.844517817097264,0,-156.1649999999936,-0.0008766162612316442,-0.00021915406530792492,-0.003108908723229664,0.0,-0.006794972803932264,-0.045887564176805284,0,170.47000000000025,0.0016863406408094694,0.001686340640809414,0.09899030192448599,0.0,0.7358031515243049,0.4049819889780295
stack_weighted_core,tilt0.03,4563,32052.644999999975,0.4396230550076704,0.5312294543063774,1.5003280306026763,-12.888204859652639,2.3324767408025218,9.96808516725781,593,4740.314999999992,0.4266441821247892,0.5278246205733558,3.054961649422661,-3.9970920113433484,18.884424020177867,10.79029566176991,0,-590.4449999999924,-0.0013149243918474385,-0.0006574621959237748,-0.01843274485439439,-0.009141149959141615,-0.027454527911053628,-0.18051368765085307,0,148.98000000000047,0.0016863406408094694,0.001686340640809414,0.08094587256312957,-0.007235542904582726,0.6085874081644889,0.35075983365067565
stack_weighted_core,tilt0.05,4563,31842.194999999974,0.4400613631382862,0.5310103002410694,1.4854512079901816,-12.879063709693497,2.3248652579789013,9.88984300521671,593,4740.314999999992,0.4266441821247892,0.5278246205733558,3.054961649422661,-3.9970920113433484,18.884424020177867,10.79029566176991,0,-800.8949999999932,-0.0008766162612316442,-0.0008766162612316997,-0.03330956746688907,0.0,-0.03506601073467408,-0.2587558496919531,0,148.98000000000047,0.0016863406408094694,0.001686340640809414,0.08094587256312957,-0.007235542904582726,0.6085874081644889,0.35075983365067565
stack_weighted_core,tilt0.07,4563,31441.719999999972,0.4394039009423625,0.5310103002410694,1.4717828303708318,-13.131081490508148,2.262845557990164,9.750342855895326,593,4727.194999999992,0.4266441821247892,0.5278246205733558,3.0699563597766537,-3.969057673510104,18.96078237757592,10.757218212104371,0,-1201.3699999999953,-0.0015340784571553634,-0.0008766162612316997,-0.04697794508623887,-0.25201778081465065,-0.09708571072341154,-0.39825599901333675,0,135.86000000000058,0.0016863406408094694,0.001686340640809414,0.09594058291712226,0.020798794928661657,0.6849457655625422,0.3176823839851366
stack_weighted_core,tilt0.10,4563,31663.52999999997,0.43984220907297833,0.5316677624369932,1.4790525009286961,-13.09447700379082,2.2788522081471605,9.834281938612214,593,4359.639999999992,0.42495784148397975,0.5261382799325464,2.800011317575046,-4.42486002073645,15.582977976865816,9.906473801689176,0,-979.5599999999977,-0.0010957703265395136,-0.00021915406530792492,-0.039708274528374554,-0.21541329409732235,-0.0810790605664149,-0.3143169162964483,0,-231.6949999999997,0.0,0.0,-0.1740044592844856,-0.43500355229768406,-2.6928586351475623,-0.5330620264300592
stack_weighted_core,tilt0.15,4563,32483.58499999997,0.44115713346482577,0.5327635327635327,1.5039001638667795,-12.879063709693497,2.352990744785403,10.067880336363977,593,4105.444999999992,0.4266441821247892,0.524451939291737,2.6934797696706374,-4.490785742284942,14.392783922626284,9.302560339994935,0,-159.50499999999738,0.00021915406530792492,0.0008766162612315886,-0.014860611590291173,0.0,-0.006940523928172571,-0.08071851854468548,0,-485.8899999999994,0.0016863406408094694,-0.001686340640809414,-0.28053600718889404,-0.5009292738461761,-3.8830526893870942,-1.1369754881242997
stack_weighted_core,tilt0.20,4563,31434.354999999974,0.44071882533421,0.5318869165023011,1.473807211502774,-12.879063709693497,2.306797400957969,9.725963235878112,593,3950.0199999999913,0.42327150084317033,0.5227655986509275,2.7016940819020805,-4.54231507970322,13.65209093525347,8.96709772838456,0,-1208.7349999999933,-0.0002191540653078694,0.0,-0.044953563954296616,0.0,-0.05313386775560636,-0.4226356190305509,0,-641.3150000000005,-0.001686340640809414,-0.003372681281618828,-0.27232169495745095,-0.5524586112644547,-4.623745676759908,-1.4724380997346742
stack_weighted_core,tilt0.30,4563,31182.284999999974,0.44093797939951784,0.5318869165023011,1.4554578119298995,-13.187285285893513,2.2419043570783113,9.640009140952628,593,4018.8549999999914,0.42327150084317033,0.521079258010118,2.6929346042173687,-5.826385108113363,10.842414731678181,9.118034825842408,0,-1460.804999999993,0.0,0.0,-0.06330296352717113,-0.30822157620001533,-0.11802691163526413,-0.5085897139560345,0,-572.4800000000005,-0.001686340640809414,-0.005059021922428353,-0.2810811726421627,-1.8365286396745972,-7.433421880335198,-1.3215010022768272
stack_weighted_core,tilt0.50,4563,32234.81499999997,0.44093797939951784,0.5336401490247644,1.4786072435551492,-13.476390091306358,2.2383113451743206,9.924807184844218,593,4106.49499999999,0.42158516020236086,0.521079258010118,2.880177465971856,-4.39720833473139,14.70311777772706,9.269100147935584,0,-408.2749999999978,0.0,0.0017532325224632883,-0.0401535319019215,-0.5973263816128611,-0.12161992353925477,-0.22379167006444511,0,-484.84000000000196,-0.0033726812816188834,-0.005059021922428353,-0.09383831088767547,-0.40735186629262454,-3.5727188342863183,-1.170435680183651
stack_weighted_core,tilt0.75,4563,31943.124999999978,0.4418145956607495,0.5329826868288406,1.4566380794544955,-15.075778410632282,1.9899064166179772,9.786314635631618,593,3184.8399999999906,0.41989881956155145,0.5109612141652614,2.376387377350821,-6.826555011647841,7.220653276368815,7.151190727459685,0,-699.9649999999892,0.0008766162612316442,0.0010957703265395136,-0.06212269600257514,-2.1967147009387844,-0.3700248520955982,-0.36228421927704524,0,-1406.4950000000013,-0.005059021922428297,-0.015177065767284947,-0.5976283995087104,-2.836698543209075,-11.055183335644564,-3.2883451006595497
stack_weighted_core,tilt1.00,4563,31152.884999999987,0.4415954415954416,0.5329826868288406,1.43886224474206,-17.083870245283055,1.7295671898874856,9.49856635239436,593,3592.089999999991,0.42158516020236086,0.5126475548060708,2.4310103626330206,-7.489479988770732,7.480085971427462,7.928021897742537,0,-1490.20499999998,0.0006574621959237748,0.0010957703265395136,-0.07989853071501063,-4.204806535589558,-0.6303640788260898,-0.6500325025143034,0,-999.2450000000008,-0.0033726812816188834,-0.013490725126475533,-0.5430054142265108,-3.4996235203319666,-10.795750640585917,-2.5115139303766973
veto_gex_cp_iv,veto0.02,4471,35118.72999999997,0.45112950123014983,0.5381346454931782,1.5696486659078228,-13.711313636128999,2.3154020363415744,10.832724561756171,592,4179.989999999991,0.4222972972972973,0.527027027027027,2.687567074287378,-4.787506227179342,13.764470236433704,9.412229622924443,-92,2475.6399999999994,0.010191521830631989,0.0062477289908771105,0.05088789045075215,-0.8322499264355017,-0.044529232372001015,0.6841257068475084,-1,-411.34500000000116,-0.002660544186682434,0.0008887470944806131,-0.2864487025721534,-0.797649758740576,-4.511366375579675,-1.027306205194792
veto_gex_cp_iv,veto0.03,4429,33892.32999999997,0.45156920298035674,0.5375931361481147,1.5234483106970604,-15.02878012571817,2.068331250535968,10.44673215609519,591,3601.2249999999894,0.4213197969543147,0.5228426395939086,2.343783714093694,-5.254577129427234,10.690481784946268,8.027906657396079,-134,1249.2400000000052,0.0106312235808389,0.005706219645813526,0.004687535239989771,-2.1497164160246722,-0.2916000181776073,0.29813330118652637,-2,-990.1100000000024,-0.003638044529665041,-0.0032956403386377175,-0.6302320627658373,-1.264720660988468,-7.5853548270671105,-2.411629170723156
veto_gex_cp_iv,veto0.04,4395,34362.75499999997,0.45369738339021615,0.5376564277588168,1.5344169405503063,-14.245580049334327,2.2000133174170644,10.601855749868582,590,3737.2449999999894,0.423728813559322,0.5254237288135594,2.4528739780864575,-4.727103618107846,12.36333392410389,8.340182606112748,-168,1719.6650000000009,0.012759403990698304,0.0057695112565157025,0.01565616509323564,-1.36651633964083,-0.15991795129651099,0.45325689495991917,-3,-854.0900000000024,-0.001229027924657733,-0.0007145511189869946,-0.521141798773074,-0.7372471496690807,-5.912502687909489,-2.0993532220064868
veto_gex_cp_iv,veto0.05,4371,34375.37499999997,0.45481583161747885,0.5385495309997712,1.5231445926634928,-15.690981675717254,1.9977910070591147,10.603677509578517,589,4000.64499999999,0.42614601018675724,0.5280135823429541,2.680656958238289,-4.632629838598089,13.570038468023462,8.933199595123327,-192,1732.2850000000035,0.013877852217961006,0.006662614497470076,0.004383817206422114,-2.8119179660237563,-0.36214026165446067,0.45507865466985464,-4,-590.6900000000019,0.0011881687027774923,0.0018753024104077864,-0.29335881862124236,-0.6427733701593237,-4.705798143989917,-1.506336232995908
veto_gex_cp_iv,veto0.06,4347,35495.62999999997,0.45686680469289165,0.5412928456406717,1.550524087184094,-16.427294026585155,1.9448066628530738,10.96474955050575,588,3896.1249999999895,0.4268707482993197,0.5289115646258503,2.6683361950037985,-4.683794457947727,13.046189590214642,8.708403675203927,-216,2852.540000000001,0.015928825293373805,0.009405929138370572,0.03176331172702329,-3.548230316891658,-0.4151246058605016,0.8161506955970879,-5,-695.2100000000023,0.0019129068153399542,0.0027732846933039568,-0.30567958185573296,-0.693937989508961,-5.229647021798737,-1.7311321529153076
veto_gex_cp_iv,veto0.07,4323,35521.55499999997,0.4575526254915568,0.5410594494563961,1.5279986548882054,-16.783303774066425,1.9043727580258698,10.975444753321291,588,3595.83499999999,0.42517006802721086,0.5272108843537415,2.4329425436629486,-4.8594677689104415,11.541236266022812,8.002816248153861,-240,2878.465000000004,0.016614646092038943,0.009172532954094925,0.009237879431134743,-3.904240064372928,-0.4555585106877056,0.8268458984126283,-5,-995.5000000000018,0.0002122265432311088,0.0010726044211951669,-0.5410732331965828,-0.8696113004716759,-6.734600345990566,-2.4367195799653736
veto_gex_cp_iv,veto0.08,4300,34978.91499999998,0.4583720930232558,0.5413953488372093,1.5045224840943379,-18.38378776158641,1.7228441180387173,10.784096583613694,587,3706.374999999991,0.42759795570698467,0.5281090289608177,2.4102116019693245,-4.914353607601972,11.787300462992022,8.258998355720896,-263,2335.8250000000116,0.01743411362373798,0.009508432334908168,-0.014238291362732802,-5.504724051892914,-0.6370871506748581,0.6354977287050314,-6,-884.960000000001,0.002640114223004919,0.0019707490282713236,-0.563804174890207,-0.924497139163206,-6.488536149021357,-2.1805374723983384
veto_gex_cp_iv,veto0.09,4283,37195.45499999999,0.4608918982021947,0.5447116507121177,1.5897790210778855,-15.957064355061314,2.0578077472981793,11.474270739502224,587,3592.249999999992,0.42759795570698467,0.5264054514480409,2.302692080515243,-5.507128933578011,10.173107782060793,7.9875134857733245,-280,4552.36500000002,0.019953918802676884,0.012824734209816557,0.07101824562081482,-3.0780006453678173,-0.3021235214153961,1.325671884593561,-6,-999.085,0.002640114223004919,0.0002671715154944909,-0.6713236963442886,-1.5172724651392455,-8.102728829952586,-2.45202234234591
veto_gex_cp_iv,veto0.10,4269,37076.80999999998,0.46099789177793393,0.5448582806277816,1.599302470210318,-15.245696842833253,2.149813179936416,11.460213364382835,586,3228.2299999999923,0.42662116040955633,0.5238907849829352,2.102326728068831,-6.851216870688355,7.298676270418292,7.183211352047498,-294,4433.720000000016,0.02005991237841609,0.0129713641254805,0.08054169475324735,-2.3666331331397554,-0.21011808877715943,1.3116145094741718,-7,-1363.1049999999996,0.0016633189255765846,-0.002247494949611184,-0.8716890487907003,-2.8613604022495895,-10.977160341595088,-3.256324476071737
veto_gex_cp_iv,veto0.11,4243,38241.31499999998,0.462880037709168,0.5463115720009427,1.6337827888986614,-14.272523392065006,2.338088739281979,11.848541619855583,586,3228.2299999999923,0.42662116040955633,0.5238907849829352,2.102326728068831,-6.851216870688355,7.298676270418292,7.183211352047498,-320,5598.225000000013,0.02194205830965018,0.014424655498641581,0.11502201344159069,-1.3934596823715086,-0.021842529431596258,1.69994276494692,-7,-1363.1049999999996,0.0016633189255765846,-0.002247494949611184,-0.8716890487907003,-2.8613604022495895,-10.977160341595088,-3.256324476071737
veto_gex_cp_iv,veto0.12,4217,38992.94499999999,0.4638368508418307,0.5480199193739625,1.642029474556399,-14.114463434858054,2.3910425712039483,12.132463363365781,584,3771.4099999999917,0.4332191780821918,0.5273972602739726,2.500448440813099,-6.128920247844691,9.628812068848589,8.365143744612912,-346,6349.855000000025,0.02289887144231284,0.016133002871661417,0.12326869909932836,-1.235399725164557,0.03111130249037286,1.9838645084571187,-9,-819.9250000000002,0.008261336598212043,0.0012589803414262413,-0.47356733604643253,-2.1390637794059257,-8.64702454316479,-2.074392083506323
veto_gex_cp_iv,veto0.13,4201,39911.70499999999,0.4651273506308022,0.5493930016662699,1.6675128935940295,-13.996192070115669,2.4437917413882078,12.417979420637486,583,3492.749999999992,0.4288164665523156,0.5248713550600344,2.430733245986685,-6.105653969172955,8.905172000072987,7.766379996393348,-362,7268.61500000002,0.02418937123128434,0.017506085163968788,0.14875211813695888,-1.1171283604221713,0.08386047267463237,2.2693805657288237,-10,-1098.585,0.0038586250683358414,-0.0012669248725120097,-0.5432825308728466,-2.11579750073419,-9.370664611940391,-2.6731558317258868
veto_gex_cp_iv,veto0.14,4174,40079.84999999999,0.46621945376137996,0.550790608528989,1.670966909921386,-13.0018775725648,2.637034324101827,12.500876436982368,582,3120.7899999999922,0.4261168384879725,0.520618556701031,2.171211861186236,-7.848005975784453,6.147060802947955,6.9224362138091875,-389,7436.760000000024,0.025281474361862122,0.018903692026687846,0.1522061344643153,-0.12281386287130225,0.27710305538825164,2.3522775820737056,-11,-1470.5449999999996,0.0011589970039927455,-0.005519723231515394,-0.8028039156732953,-3.8581495073456873,-12.128775809065424,-3.5170996143100473
veto_gex_cp_iv,veto0.15,4147,39726.25499999999,0.4663612249819146,0.5495538943814806,1.6605191635001353,-14.678735964357623,2.323932578989679,12.414729751356052,581,3224.729999999992,0.4268502581755594,0.5215146299483648,2.227867361048528,-7.848005975784453,6.364328973232808,7.169315163026073,-416,7083.165000000023,0.02542324558239678,0.01766697787917948,0.14175838804306462,-1.7996722546641255,-0.035998689723896415,2.2661308964473896,-12,-1366.605,0.0018924166915796348,-0.0046236499841815215,-0.7461484158110037,-3.8581495073456873,-11.91150763878057,-3.270220665093162
veto_gex_cp_iv,veto0.16,4120,39748.27,0.466504854368932,0.5495145631067961,1.6566490453841989,-14.035355438641183,2.431235600396752,12.47545915454198,580,3057.4099999999926,0.4241379310344828,0.5189655172413793,2.296549408523533,-7.700102979851212,6.130489674448112,6.816476762097162,-443,7105.180000000029,0.025566874969414177,0.017627646604495006,0.13788826992712822,-1.1562917289476857,0.07130433168317651,2.326860299633317,-13,-1533.9249999999993,-0.0008199104494969744,-0.007172762691167067,-0.6774663683359985,-3.7102465114124463,-12.145346937565266,-3.6230590660220727
veto_gex_cp_iv,veto0.17,4094,40468.36,0.46775769418661456,0.5508060576453346,1.6779672964218255,-14.069950573157827,2.450359024020331,12.727975872290108,579,3023.004999999993,0.4231433506044905,0.5181347150259067,2.1800293624474962,-9.949837548547045,4.687870659199188,6.751385282361745,-469,7825.270000000033,0.026819714787096716,0.018919141143033502,0.15920652096475485,-1.1908868634643301,0.0904277553067554,2.5793770173814448,-14,-1568.329999999999,-0.0018144908794892611,-0.00800356490663967,-0.7939864144120352,-5.959981080108279,-13.58796595281419,-3.68815054575749
veto_gex_cp_iv,veto0.18,4066,40119.935,0.4675356615838662,0.5499262174126907,1.6732525562124745,-15.4891663064959,2.2148422486136616,12.65238668645093,578,2966.754999999992,0.42387543252595156,0.5190311418685121,2.2058476130253397,-8.805129513385426,5.193154529802429,6.585234892774094,-497,7476.84500000003,0.02659768218434838,0.018039300910389522,0.15449178075540382,-2.6101025968024025,-0.14508902009991376,2.503787831542267,-15,-1624.58,-0.0010824089580281915,-0.007107138064034291,-0.7681681638341917,-4.81527304494666,-13.08268208221095,-3.854300935345141
veto_gex_cp_iv,veto0.19,4034,38574.61,0.46430342092216165,0.5473475458601884,1.617557343480778,-16.796349438174897,1.996777245044196,12.246056055471655,577,2839.9749999999917,0.42287694974003465,0.5181975736568457,2.1123405073528945,-9.45983537321507,4.61591686438866,6.2998977366752476,-529,5931.520000000033,0.023365441522643804,0.015460629357887279,0.09879656802370729,-3.9172857284813993,-0.3631540236693793,2.0974572005629923,-16,-1751.3600000000001,-0.0020808917439451013,-0.007940706275700649,-0.861675269506637,-5.469978904776304,-13.65991974762472,-4.139638091443987
veto_gex_cp_iv,veto0.20,4012,38602.899999999994,0.4648554336989033,0.5471086739780658,1.6072336398682896,-16.45530343035098,2.039026318880389,12.270766871672675,573,2762.499999999995,0.42408376963350786,0.5130890052356021,2.0705583096446194,-6.929326261848176,6.120520377387818,6.19760638906474,-551,5959.810000000027,0.023917454299385466,0.015221757475764708,0.08847286441121893,-3.576239720657483,-0.3209049498331864,2.1221680167640127,-20,-1828.8349999999969,-0.0008740718504718914,-0.01304927469694428,-0.903457467214912,-2.93946979340941,-12.15531623462556,-4.241929439054495
veto_gex_cp_iv,veto0.21,3987,38640.27,0.4667669927263607,0.5477802859292701,1.6130510291216895,-14.966002983941157,2.2431895572700102,12.3173740511082,569,2848.2049999999954,0.421792618629174,0.5149384885764499,2.2102430486925417,-6.766627503471269,6.472840618354193,6.367899956044967,-576,5997.180000000029,0.025829013326842842,0.01589336942696895,0.09429025366461885,-2.0869392742476602,-0.11674171144356515,2.1687751961995367,-24,-1743.1299999999965,-0.0031652228548057493,-0.0111997913560965,-0.7637727281669897,-2.776771035032503,-11.802995993659184,-4.071635872074268
veto_gex_cp_iv,veto0.22,3960,38618.35,0.4671717171717172,0.5474747474747474,1.6084425713883288,-15.857137231161564,2.1164327452654734,12.362075501256843,568,3430.014999999996,0.426056338028169,0.5176056338028169,2.5842146690504784,-5.766482599090188,9.248734334050893,7.628851969558559,-603,5975.260000000031,0.02623373777219934,0.015587830972446315,0.08968179593125813,-2.978073521468067,-0.24349852344810197,2.2134766463481803,-25,-1161.319999999996,0.0010984965441892536,-0.008532646129729482,-0.3898011078090531,-1.7766261306514224,-9.027102277962486,-2.810683858560676
veto_gex_cp_iv,veto0.23,3928,38991.579999999994,0.4669042769857434,0.5473523421588594,1.6217938174567688,-14.41615112975846,2.340957772758374,12.553601771843814,566,3539.264999999998,0.42579505300353354,0.5176678445229682,2.61042315267909,-5.76594704918504,9.5637097700995,7.851521736815574,-635,6348.490000000027,0.02596629758622554,0.015465425656558285,0.1030330419996981,-1.537087420064962,-0.01897349595520126,2.4050029169351514,-27,-1052.0699999999938,0.0008372115195537932,-0.008470435409578148,-0.36359262418044125,-1.7760905807462741,-8.712126841913879,-2.588014091303661
veto_gex_cp_iv,veto0.24,3899,37455.67,0.4655039753783021,0.5460374454988458,1.5792989964340263,-15.13897544920805,2.177841753921772,12.107407642060293,564,3476.494999999997,0.42730496453900707,0.5195035460992907,2.577610915006756,-5.712769728378677,9.470435736845094,7.75746901526526,-664,4812.580000000031,0.024565995978784283,0.014150528996544676,0.0605382209769556,-2.2599117395145534,-0.18208951479180335,1.9588087871516304,-29,-1114.8399999999947,0.0023471230550273225,-0.006634733833255635,-0.39640486185277535,-1.7229132599399115,-8.805400875168285,-2.682066812853975
veto_gex_cp_iv,veto0.25,3872,37662.11,0.46487603305785125,0.5451962809917356,1.5705826123316933,-16.605501051306327,1.9918673298729201,12.210050642935323,559,3424.9049999999997,0.4275491949910555,0.518783542039356,2.5975886406163293,-5.722352027511316,9.305284232025512,7.708286491534041,-691,5019.020000000033,0.023938053658333402,0.013309364489434428,0.05182183687462261,-3.7264373416128294,-0.36806393884065525,2.0614517880266607,-34,-1166.429999999992,0.002591353507075733,-0.007354737893190411,-0.3764271362432021,-1.7324955590725502,-8.970552379987867,-2.7312493365851935
veto_gex_cp_iv,veto0.26,3846,37652.735,0.46463858554342174,0.5447217888715549,1.5651828545158653,-16.272153504754343,2.0323778740391405,12.268163219557778,557,3231.58,0.4254937163375224,0.5152603231597845,2.5384517340417547,-5.162590528945741,9.696658503316357,7.278121874386983,-717,5009.645000000033,0.023700606143903902,0.012834872369253736,0.046422079058794585,-3.3930897950608454,-0.3275533946744349,2.119564364649115,-36,-1359.754999999992,0.0005358748535426727,-0.010877956772761821,-0.4355640428177767,-1.1727340605069756,-8.579178108697022,-3.161413953732252
veto_gex_cp_iv,veto0.27,3815,36336.21,0.46343381389252947,0.5428571428571428,1.523627192779548,-15.732693661376379,2.058814042774785,11.888785530080995,556,2886.3050000000017,0.420863309352518,0.5107913669064749,2.2013717200712306,-6.6753295916298665,6.654019099690844,6.473852526599209,-748,3693.1200000000317,0.022495834493011624,0.010970226354841683,0.004866417322477279,-2.8536299516828816,-0.3011172259387904,1.7401866751723318,-37,-1705.0299999999902,-0.00409453213146177,-0.015346913026071496,-0.7726440567883008,-2.685473123191101,-11.621817512322535,-3.965683301520026
veto_gex_cp_iv,veto0.28,3782,35460.875,0.4637757800105764,0.5425700687466949,1.5116433734159296,-15.554754598028694,2.0527138417075506,11.659783092613743,549,3109.1450000000013,0.424408014571949,0.51183970856102,2.3131693059736844,-7.136538749919641,6.733167703697229,7.023073866687089,-781,2817.7850000000326,0.022837800611058556,0.010683152244393757,-0.007117402041141085,-2.675690888335197,-0.30721742700602483,1.5111842377050806,-44,-1482.1899999999905,-0.0005498269120307597,-0.014298571371526347,-0.660846470885847,-3.1466822814808753,-11.542668908316148,-3.4164619614321454
veto_gex_cp_iv,veto0.29,3746,34692.180000000015,0.4628937533368927,0.5421783235451147,1.4962353682167038,-15.266479944556158,2.064549091689691,11.481251093777763,547,2926.730000000002,0.42230347349177333,0.5100548446069469,2.1897124946399167,-7.076593951860567,6.3695727745831885,6.629648657366637,-817,2049.0900000000474,0.021955773937374856,0.010291407042813616,-0.02252540724036689,-2.387416234862661,-0.2953821770238845,1.3326522388691,-46,-1664.60499999999,-0.002654367992206419,-0.016083435325599416,-0.7843032822196148,-3.0867374834218015,-11.90626383743019,-3.8098871707525976
veto_gex_cp_iv,veto0.30,3716,34264.72000000001,0.4623250807319699,0.5414424111948332,1.4862159917163897,-15.384732535992196,2.03365940592305,11.396889949081613,543,2911.1800000000003,0.42173112338858193,0.5101289134438306,2.1570379846453,-6.638820473966166,6.751501291309766,6.635042573553594,-847,1621.630000000041,0.02138710133245203,0.00955549469253203,-0.03254478374068093,-2.505668826298699,-0.32627186279052545,1.2482910941729504,-50,-1680.1549999999916,-0.003226718095397818,-0.01600936648871576,-0.8169777922142316,-2.6489640055274,-11.524335320703614,-3.8044932545656405
veto_gex_cp_iv,veto0.35,3540,31569.490000000013,0.4596045197740113,0.5387005649717514,1.4053641645979231,-16.565058961695023,1.798164428063729,10.828884397647728,531,3449.895000000005,0.4274952919020716,0.5178907721280602,2.378375119111067,-7.9300551619661155,6.766882439826578,8.031295068285557,-1023,-1073.599999999955,0.018666540374493445,0.0068136484694503174,-0.11339661085914754,-3.6859952520015256,-0.5617668406498464,0.6802855427390657,-62,-1141.4399999999869,0.0025374504180918356,-0.008247507804486132,-0.5956406577484645,-3.94019869352735,-11.508954172186801,-2.408240759833678
veto_gex_cp_iv,veto0.40,3370,30086.15500000002,0.45875370919881303,0.5391691394658754,1.3755391388520073,-17.3066016060154,1.671420131510576,10.67049527143372,520,3609.450000000004,0.4326923076923077,0.5153846153846153,2.327879505732635,-9.416346564233812,5.98011812842202,8.568028644839323,-1193,-2556.9349999999467,0.017815729799295188,0.007282222963574281,-0.14322163660506337,-4.427537896321901,-0.6885111372029995,0.5218964165250579,-73,-981.8849999999879,0.007734466208327961,-0.01075366454793103,-0.6461362711268963,-5.426490095795047,-12.295718483591358,-1.8715071832799115
veto_gex_cp_iv,veto0.45,3189,29779.44000000001,0.4609595484477893,0.5402947632486673,1.3845883633597615,-15.781909700624439,1.821422198952659,11.065468189766468,506,3043.3200000000047,0.4308300395256917,0.5118577075098815,1.8243540300219305,-11.889009272559214,3.951147119987881,7.3337606693431505,-1374,-2863.649999999958,0.02002156904827146,0.008407846746366188,-0.13417241209730912,-2.902845990930942,-0.5385090697609163,0.9168693348578056,-87,-1548.0149999999871,0.005872198041711962,-0.014280572422664894,-1.149661746837601,-7.899152804120448,-14.324689492025497,-3.1057751587760842
veto_gex_cp_iv,veto0.50,3002,28401.535000000014,0.4630246502331779,0.5423051299133911,1.3690092253719048,-15.996836814961005,1.7451990509201496,11.115663024813912,481,2868.8050000000067,0.43243243243243246,0.5072765072765073,1.656758852375269,-10.561579634844138,4.178692594693155,7.255962168296667,-1561,-4241.554999999953,0.02208667083366006,0.01041821341108995,-0.14975155008516583,-3.117773105267508,-0.6147322177934258,0.9670641699052496,-112,-1722.5299999999852,0.0074745909484527084,-0.018861772656039055,-1.3172569244842625,-6.571723166405373,-14.097144017320224,-3.183573659822568
veto_gex_cp_iv,tilt0.01,4563,32776.00999999997,0.44093797939951784,0.5321060705676091,1.5221911217141624,-12.879063709693497,2.3656988188888572,10.187698401449396,593,4591.334999999992,0.42495784148397975,0.5261382799325464,2.9740157768595314,-3.9898564684387656,18.27583661201338,10.439535828119235,0,132.92000000000553,0.0,0.00021915406530792492,0.00343034625709171,0.0,0.005767550175281855,0.03909954654073289,0,0.0,0.0,0.0,0.0,0.0,0.0,0.0
veto_gex_cp_iv,tilt0.02,4563,32080.26499999997,0.4402805172035941,0.5316677624369932,1.4988417864312171,-12.879063709693497,2.335345669315988,9.967942826241416,593,4591.334999999992,0.42495784148397975,0.5261382799325464,2.9740157768595314,-3.9898564684387656,18.27583661201338,10.439535828119235,0,-562.8249999999971,-0.0006574621959237192,-0.00021915406530792492,-0.01991898902585354,0.0,-0.0245855993975872,-0.18065602866724717,0,0.0,0.0,0.0,0.0,0.0,0.0,0.0
veto_gex_cp_iv,tilt0.03,4563,31765.874999999975,0.4400613631382862,0.5314486083716853,1.4863359220490493,-12.92609024334363,2.3130493026057,9.869814625658785,593,4591.334999999992,0.42495784148397975,0.5261382799325464,2.9740157768595314,-3.9898564684387656,18.27583661201338,10.439535828119235,0,-877.2149999999929,-0.0008766162612316442,-0.00043830813061584983,-0.03242485340802137,-0.04702653365013276,-0.04688196610787543,-0.27878422924987767,0,0.0,0.0,0.0,0.0,0.0,0.0,0.0
veto_gex_cp_iv,tilt0.05,4563,31186.54499999997,0.4394039009423625,0.5303528380451458,1.4598613860312506,-13.058330164253828,2.2642316743799653,9.665468323674892,593,4524.584999999992,0.42495784148397975,0.524451939291737,2.9532558552928294,-3.9898564684387656,17.988770624956754,10.287267310227394,0,-1456.5449999999983,-0.0015340784571553634,-0.0015340784571553634,-0.05889938942582007,-0.17926645456033086,-0.09569959433361008,-0.4831305312337708,0,-66.75,0.0,-0.001686340640809414,-0.020759921566702033,0.0,-0.287065987056625,-0.15226851789184082
veto_gex_cp_iv,tilt0.07,4563,31471.17999999997,0.4400613631382862,0.5310103002410694,1.4728833119077167,-12.879063709693497,2.3084347503739764,9.729346649868216,593,4608.284999999993,0.42495784148397975,0.524451939291737,2.983323384672318,-3.9619231797097596,18.478193372563567,10.461800444417387,0,-1171.9099999999962,-0.0008766162612316442,-0.0008766162612316997,-0.04587746354935396,0.0,-0.05149651833959901,-0.419252205040447,0,16.950000000000728,0.0,-0.001686340640809414,0.0093076078127865,0.027933288729006023,0.20235676055018814,0.022264616298151907
veto_gex_cp_iv,tilt0.10,4563,31801.849999999973,0.44071882533421,0.5316677624369932,1.4795442703682828,-12.879063709693497,2.32308434939808,9.826156361636631,593,4608.284999999993,0.42495784148397975,0.524451939291737,2.983323384672318,-3.9619231797097596,18.478193372563567,10.461800444417387,0,-841.2399999999943,-0.0002191540653078694,-0.00021915406530792492,-0.03921650508878782,0.0,-0.03684691931549544,-0.3224424932720318,0,16.950000000000728,0.0,-0.001686340640809414,0.0093076078127865,0.027933288729006023,0.20235676055018814,0.022264616298151907
veto_gex_cp_iv,tilt0.15,4563,32351.80999999997,0.44093797939951784,0.532325224632917,1.4969983192699392,-12.879063709693497,2.3472407553340173,9.98346817821804,593,4288.944999999992,0.42327150084317033,0.5227655986509275,2.7420186327078455,-4.467712698729449,15.163965601480884,9.721526487362743,0,-291.27999999999884,0.0,0.00043830813061584983,-0.021762456187131463,0.0,-0.012690513379558066,-0.1651306766906231,0,-302.3899999999994,-0.001686340640809414,-0.003372681281618828,-0.23199714415168593,-0.47785623029068347,-3.1118710105324947,-0.7180093407564918
veto_gex_cp_iv,tilt0.20,4563,33090.24499999997,0.44225290379136534,0.5336401490247644,1.5124041744167795,-12.879063709693497,2.379275830535659,10.2094151831731,593,4722.859999999992,0.4266441821247892,0.524451939291737,3.0515202335493536,-4.402591219972636,17.076687128032052,10.680595498729378,0,447.1550000000061,0.001314924391847494,0.0017532325224632883,-0.006356601040291121,0.0,0.019344561822083772,0.06081632826443695,0,131.52500000000055,0.0016863406408094694,-0.001686340640809414,0.0775044566898222,-0.4127347515338702,-1.1991494839813264,0.24105967061014333
veto_gex_cp_iv,tilt0.30,4563,32431.404999999977,0.4400613631382862,0.5329826868288406,1.491903343472774,-12.879063709693497,2.3507156204774113,9.957407904568253,593,4546.754999999992,0.42327150084317033,0.5193929173693086,3.090514700812496,-3.5946175339749,20.07244489338651,10.23865664829072,0,-211.6849999999904,-0.0008766162612316442,0.0010957703265395136,-0.026857431984296687,0.0,-0.009215648236164053,-0.19119095034040967,0,-44.57999999999993,-0.001686340640809414,-0.006745362563237767,0.11649892395296435,0.3952389344638658,1.7966082813731319,-0.20087917982851522
veto_gex_cp_iv,tilt0.50,4563,32681.224999999977,0.43984220907297833,0.5325443786982249,1.4918602878355762,-13.271382724699293,2.291775949632939,9.940011178747756,593,4756.004999999991,0.42495784148397975,0.5193929173693086,3.1833119779698653,-4.267689401592616,17.750489899224316,10.677888016552934,0,38.13500000000931,-0.0010957703265395136,0.0006574621959237748,-0.02690048762149444,-0.39231901500579625,-0.06815531908063654,-0.20858767616090645,0,164.66999999999916,0.0,-0.006745362563237767,0.20929620111033387,-0.27783293315385027,-0.5253467127890623,0.23835218843369965
veto_gex_cp_iv,tilt0.75,4563,33335.359999999986,0.4418145956607495,0.5334209949594565,1.5016975085830546,-12.879063709693497,2.389810358005755,10.023421507820224,593,4920.04999999999,0.42833052276559863,0.521079258010118,3.4638283702817367,-4.216702326283054,18.638404550503324,10.949691353147749,0,692.2700000000186,0.0008766162612316442,0.0015340784571553634,-0.017063266874016048,0.0,0.02987908929217964,-0.12517734708843875,0,328.7149999999983,0.0033726812816188834,-0.005059021922428353,0.4898125934222053,-0.226845857844288,0.3625679384899456,0.5101555250285141
veto_gex_cp_iv,tilt1.00,4563,34378.849999999984,0.4444444444444444,0.5342976112206882,1.499206609095135,-12.879063709693497,2.4341198180849064,10.232445604755677,593,4356.214999999993,0.42495784148397975,0.5143338954468802,3.199513216281839,-5.136478103261206,13.412710058501501,9.60516474822744,0,1735.7600000000166,0.0035064650449265766,0.002410694718387063,-0.019554166361935632,0.0,0.07418854937133101,0.08384674984701412,0,-235.11999999999898,0.0,-0.01180438448566612,0.2254974394223077,-1.1466216348224405,-4.8631265535118775,-0.8343710798917954
veto_gex_skewterm,veto0.02,4512,32749.05999999997,0.4434840425531915,0.5323581560283688,1.5045284325406134,-14.3081816887548,2.128358519742673,10.01541990784386,591,4525.549999999992,0.42470389170896783,0.5279187817258884,2.880751646410143,-3.9232040631824194,18.298603165844174,10.164446370026662,-51,105.97000000000116,0.002546063153673672,0.0004712395260676461,-0.014232342916457252,-1.429117979061303,-0.23157274897090252,-0.1331789470648026,-2,-65.78499999999985,-0.00025394977501191907,0.001780501793341993,-0.09326413044938864,0.06665240525634619,0.02276655383079529,-0.2750894580925731
veto_gex_skewterm,veto0.03,4499,33134.10499999997,0.4432096021338075,0.5323405201155812,1.5026802222478721,-15.227692764770214,2.0139077461642882,10.080942096254883,591,4693.9899999999925,0.4263959390862944,0.5296108291032149,2.970796622317333,-3.915210393170079,19.075348522646266,10.541211756867112,-64,491.0149999999994,0.0022716227342896578,0.0004536036132800625,-0.016080553209198545,-2.3486290550767173,-0.34602352254928714,-0.06765675865377929,-2,102.65500000000065,0.0014380976023146697,0.0034725491706685263,-0.0032191545421982326,0.07464607526868683,0.7995119106328872,0.10167592874787701
veto_gex_skewterm,veto0.04,4484,32830.77999999996,0.4435771632471008,0.5323371989295272,1.4692438442976283,-15.610404121867052,1.9537315133973183,9.943727351715141,591,4780.2399999999925,0.428087986463621,0.5313028764805414,3.048600742203233,-3.915210393170079,19.455431917461187,10.731588168367004,-79,187.68999999999505,0.0026391838475829377,0.0004502824272261119,-0.049516931159442334,-2.731340412173555,-0.40619975531625707,-0.20487150319352132,-2,188.90500000000065,0.0031301449796412584,0.0051645965479950595,0.07458496534370163,0.07464607526868683,1.1795953054478083,0.2920523402477695
veto_gex_skewterm,veto0.05,4473,32859.33499999997,0.4424323720098368,0.5327520679633355,1.4745406006873258,-15.10075720404459,2.0207234908613447,9.90288168538281,587,4935.084999999992,0.43100511073253833,0.534923339011925,3.0836310093463166,-3.9104556350362487,20.16478833058528,11.150476649247953,-90,216.24500000000262,0.001494392610318973,0.0008651514610343858,-0.044220174769744824,-2.2216934943510935,-0.33920777785223066,-0.245717169525852,-6,343.75,0.006047269248558584,0.008785059079378654,0.10961523248678517,0.07940083340251691,1.888951718571903,0.7109408211287178
veto_gex_skewterm,veto0.06,4467,32784.48499999997,0.44280277591224537,0.5330199238862772,1.482164390259185,-15.449192086722546,1.9724471922288451,9.827384237755144,585,5008.454999999992,0.4324786324786325,0.5333333333333333,3.094180838506998,-3.911566521859576,20.48499274032687,11.362533996027086,-96,141.39500000000407,0.001864796512727529,0.0011330073839760368,-0.03659638519788566,-2.5701283770290484,-0.38748407648473027,-0.32121461715351884,-8,417.1199999999999,0.0075207909946527485,0.007195053400786966,0.12016506164746676,0.07828994657918953,2.2091561283134915,0.9229981679078509
veto_gex_skewterm,veto0.07,4457,32913.13499999997,0.44402064168723354,0.5344402064168723,1.4848979627973866,-16.580998235593217,1.84213390348196,9.833587684585158,585,5194.58499999999,0.4324786324786325,0.5333333333333333,3.1361088394501,-3.911566521859576,21.31504875061539,11.754170008971874,-106,270.04500000000553,0.0030826622877156984,0.002553289914571155,-0.03386281265968405,-3.70193452589972,-0.5177973652316155,-0.3150111703235048,-8,603.2499999999982,0.0075207909946527485,0.007195053400786966,0.16209306259056877,0.07828994657918953,3.039212138602011,1.3146341808526394
veto_gex_skewterm,veto0.08,4442,33458.454999999965,0.444844664565511,0.5364700585321927,1.4941710015275178,-17.761705637401466,1.736681097666476,9.974462884207076,583,4960.594999999991,0.4288164665523156,0.5300171526586621,2.9936464381003574,-3.928496007579601,20.18494147519554,11.240832229401473,-121,815.364999999998,0.0039066851659931845,0.004583142029891518,-0.02458977392955286,-4.882641927707969,-0.6232501710470995,-0.17413597070158637,-10,369.2599999999993,0.0038586250683358414,0.0038788727261157563,0.01963066124082591,0.06136046085916469,1.9091048631821614,0.8012964012822383
veto_gex_skewterm,veto0.09,4417,33560.34499999997,0.44532488114104596,0.5361104822277564,1.4952671513397962,-16.885775983967672,1.830090706647938,10.000223483030702,583,4723.76499999999,0.42538593481989706,0.5265866209262435,2.895206004782728,-4.605896536165769,16.326306939755785,10.634806138146319,-146,917.2550000000047,0.004386901741528115,0.004223565725455236,-0.023493624117274514,-4.006712274274175,-0.5298405620656375,-0.14837537187796102,-10,132.42999999999847,0.00042809333591731225,0.0004483409936971716,-0.07880977207680351,-0.6160400677270035,-1.9495296722575937,0.19527031002708384
veto_gex_skewterm,veto0.10,4397,33864.15499999997,0.44644075506026837,0.5378667273140778,1.5005201588937311,-17.153059095087098,1.811285885745027,10.092660174498736,581,5062.364999999991,0.43029259896729777,0.5301204819277109,3.059442121732041,-4.80057837996952,16.886914669040635,11.388828459309677,-166,1221.0650000000023,0.005502775660750525,0.005979810811776676,-0.01824061656333953,-4.273995385393601,-0.5486453829685485,-0.05593868040992689,-12,471.02999999999884,0.00533475748331802,0.003982201995164525,0.08542634487250966,-0.810721911530754,-1.3889219429727433,0.9492926311904419
veto_gex_skewterm,veto0.11,4376,33839.85999999997,0.4460694698354662,0.5374771480804388,1.4899813045100203,-16.937565656942656,1.8335460482432422,10.056453968516326,581,5167.68499999999,0.43029259896729777,0.5301204819277109,3.120353100053861,-3.9358001518206294,21.06430157345318,11.601056909930286,-187,1196.770000000004,0.005131490435948349,0.00559023157813765,-0.028779470947050356,-4.058501947249159,-0.5263852204703332,-0.09214488639233664,-12,576.3499999999985,0.00533475748331802,0.003982201995164525,0.14633732319432946,0.05405631661813626,2.7884649614398,1.1615210818110508
veto_gex_skewterm,veto0.12,4357,33866.96999999999,0.44617856323158134,0.5377553362405325,1.4838417071077823,-16.652139898136774,1.8658642792227793,10.057469907522686,579,4929.984999999991,0.4283246977547496,0.5284974093264249,2.933779801592486,-5.290514231185893,14.88796586329097,11.057434914013022,-206,1223.8800000000192,0.0052405838320634945,0.0058684197382313785,-0.034919068349288374,-3.7730761884432766,-0.4940669894907961,-0.0911289473859771,-14,338.6499999999987,0.0033668562707698246,0.0023591293938785007,-0.040235975267045365,-1.300657762747127,-3.387870748722408,0.6178990858937876
veto_gex_skewterm,veto0.13,4336,33695.85999999998,0.4462638376383764,0.5378228782287823,1.4802695023271317,-15.89271906379044,1.9491269680263155,9.991403075945202,576,4787.98499999999,0.4288194444444444,0.5295138888888888,2.834556932836406,-6.503360702213433,11.733307097448026,10.711579526680014,-227,1052.7700000000114,0.005325858238858561,0.005935961726481143,-0.03849127312993894,-3.013655354096942,-0.4108043006872599,-0.1571957789634606,-17,196.64999999999782,0.0038616029604646718,0.0033756089563424796,-0.13945884402312547,-2.5135042337746674,-6.542529514565352,0.27204369856077903
veto_gex_skewterm,veto0.14,4323,34739.42999999998,0.44691186675919503,0.5387462410363174,1.5009283121366637,-16.212847069396876,1.9456071009221683,10.285460558297675,575,4739.11499999999,0.4295652173913043,0.528695652173913,2.872105430905655,-6.968813058732969,10.828540529822273,10.656658180973478,-240,2096.340000000011,0.005973887359677188,0.006859324534016276,-0.017832463320407,-3.3337833597033786,-0.4143241677914071,0.1368617033890125,-18,147.77999999999793,0.0046073759073245735,0.002557372241366651,-0.10191034595387638,-2.978956590294203,-7.447296082191105,0.21712235285424342
veto_gex_skewterm,veto0.15,4300,34753.11999999998,0.446046511627907,0.5379069767441861,1.4911453678419972,-16.551430134847987,1.906251900428835,10.284552305392822,573,5375.774999999991,0.43455497382198954,0.5357766143106457,3.173670963279262,-4.984912549767217,17.363011792439224,11.985997468030408,-263,2110.0300000000134,0.00510853222838914,0.00602006024188495,-0.027615407615073417,-3.6723664251544896,-0.4536793682847404,0.13595345048415908,-20,784.4399999999996,0.009597132338009795,0.009638334378099356,0.19965518641973068,-0.9950560813284515,-0.9128248195741548,1.5464616399111737
veto_gex_skewterm,veto0.16,4275,34523.944999999985,0.44584795321637427,0.5382456140350877,1.486339261425978,-16.704776906888235,1.8813578607626693,10.207214410561399,572,4909.814999999991,0.42832167832167833,0.5297202797202797,2.8970800401182992,-5.039751720761046,15.559310276606535,10.894305281030395,-288,1880.8550000000178,0.004909973816856428,0.006358697532786617,-0.03242151403109261,-3.8257131971947373,-0.4785734079509061,0.05861555565273591,-21,318.47999999999956,0.003363836837698586,0.0035819997877333254,-0.07693573674123222,-1.0498952523222806,-2.7165263354068436,0.4547694529111599
veto_gex_skewterm,veto0.17,4253,35117.39999999999,0.4472137314836586,0.5400893486950388,1.5058829893149437,-17.19017651537931,1.8467810851454673,10.402938111502984,569,4993.924999999992,0.4305799648506151,0.5325131810193322,2.886332779549636,-5.385148307603128,14.832592567948684,11.175214282469515,-310,2474.3100000000195,0.006275752084140773,0.008202432192737641,-0.012877786142126979,-4.311112805685813,-0.513150183568108,0.2543392565943208,-24,402.59000000000015,0.005622123366635368,0.006374901086785845,-0.0876829973098956,-1.3952918391643623,-3.443244044064695,0.7356784543502801
veto_gex_skewterm,veto0.18,4234,35988.33999999998,0.4478034955125177,0.5403873405762872,1.5306312064358143,-16.012297701920506,2.011469650030931,10.668155870399074,568,5001.214999999991,0.4295774647887324,0.5316901408450704,2.9253564048898544,-5.057438745058921,15.818774355811783,11.180516557452087,-329,3345.2500000000146,0.006865516112999848,0.008500424073986101,0.011870430978743629,-3.1332339922270087,-0.3484616186826446,0.5195570154904114,-25,409.8799999999992,0.004619623304752629,0.00555186091252402,-0.04865937196967707,-1.067582276620155,-2.4570622562015956,0.7409807293328523
veto_gex_skewterm,veto0.19,4213,35976.64999999999,0.44623783527177785,0.5395205316876335,1.527772941379166,-16.616754668664534,1.937929586287757,10.687740528118011,566,4880.129999999992,0.4275618374558304,0.5318021201413428,2.837200573978615,-6.268576717831675,12.427132730297885,10.919876644482882,-350,3333.5600000000195,0.005299855872260006,0.007633615185332343,0.009012165922095416,-3.7376909589710365,-0.42200168242581837,0.5391416732093486,-27,288.7950000000001,0.0026039959718506256,0.0056638402087964,-0.13681520288091642,-2.2787202493929097,-5.848703881715494,0.4803408163636469
veto_gex_skewterm,veto0.20,4187,36511.35999999999,0.44829233341294483,0.540960114640554,1.5391528115968924,-16.239538906384798,2.0001876107974095,10.842332961017549,566,5063.6499999999905,0.4275618374558304,0.5318021201413428,2.9005225121670573,-5.620258329603518,14.42804624845959,11.301069792500318,-376,3868.270000000026,0.007354354013426989,0.009073198138252914,0.020392036139821768,-3.3604751966913007,-0.3597436579161659,0.6937341061088862,-27,472.3149999999987,0.0026039959718506256,0.0056638402087964,-0.07349326469247419,-1.630401861164752,-3.847790363553788,0.8615339643810831
veto_gex_skewterm,veto0.21,4163,36287.34499999999,0.4482344463127552,0.5409560413163584,1.5254200335336237,-16.66306847078538,1.9423272031664935,10.772241586364695,563,5268.199999999992,0.4280639431616341,0.5310834813499112,3.0487571351147924,-5.504998594181688,15.37953368777562,11.834784769201235,-400,3644.255000000019,0.007296466913237376,0.009069124814057306,0.006659258076552987,-3.7840047610918823,-0.41760406554708185,0.623642731456032,-30,676.8649999999998,0.0031061016776543493,0.004945201417364875,0.07474135825526096,-1.5151421257429227,-2.8963029242377587,1.3952489410820004
veto_gex_skewterm,veto0.22,4137,35845.02999999999,0.44863427604544354,0.5402465554749819,1.5095789940102555,-16.870839023298416,1.9046334382175447,10.650635470547174,561,5134.0399999999945,0.42780748663101603,0.5276292335115864,2.9387010943970804,-6.21246316260676,13.2503195192439,11.566172340933127,-426,3201.940000000024,0.007696296645925693,0.008359638972680772,-0.00918178144681514,-3.9917753136049186,-0.4552978304960307,0.5020366156385112,-32,542.7050000000027,0.002849645147036284,0.0014909535790400552,-0.035314682462451064,-2.222606694167994,-5.025517092769478,1.1266365128138922
veto_gex_skewterm,veto0.23,4115,35230.209999999985,0.44787363304981775,0.5392466585662211,1.4764038546832914,-19.855650377498577,1.6018972244055878,10.479768248282223,561,5196.699999999993,0.42780748663101603,0.5258467023172906,3.0177637732967755,-6.052652288434905,13.781103562732426,11.739540204542278,-448,2587.120000000017,0.006935653650299911,0.007359742063919983,-0.04235692077377928,-6.97658666780508,-0.7580340443079876,0.33116939337356044,-32,605.3650000000016,0.002849645147036284,-0.0002915776152557781,0.04374799643724403,-2.06279581999614,-4.494733049280953,1.3000043764230433
veto_gex_skewterm,veto0.24,4096,36169.50999999998,0.450439453125,0.54052734375,1.4845565125082805,-20.889144466910242,1.546420693853031,10.78073552735947,559,4952.514999999995,0.4275491949910555,0.5241502683363148,2.8248758040144275,-5.988273327466849,13.218522434481587,11.204729297727464,-467,3526.420000000013,0.009501473725482157,0.008640427247698867,-0.0342042629487902,-8.010080757216745,-0.8135105748605445,0.6321366724508071,-34,361.180000000003,0.002591353507075733,-0.0019880115962315204,-0.14913997284510394,-1.998416859028083,-5.057314177531792,0.7651934696082296
veto_gex_skewterm,veto0.25,4059,35967.30499999999,0.450849963045085,0.5412663217541266,1.473153234254563,-21.294887747752746,1.511967724949578,10.762424874321246,556,4824.244999999996,0.4262589928057554,0.5215827338129496,2.7690367249426937,-5.698393673564223,13.50079621208467,10.906487945596925,-504,3324.2150000000256,0.009911983645567168,0.009379405251825457,-0.04560754120250765,-8.415824038059249,-0.8479635437639974,0.6138260194125831,-37,232.9100000000044,0.001301151321775662,-0.004555546119596743,-0.20497905191683774,-1.7085372051254577,-4.775040399928709,0.4669521174776907
veto_gex_skewterm,veto0.26,4021,36464.804999999986,0.4521263367321562,0.5426510818204426,1.4921794943828106,-20.973976516832614,1.547529567943583,10.980106103351638,555,4561.8699999999935,0.42342342342342343,0.518918918918919,2.796718362484103,-5.8088994729662735,12.465715632644166,10.323985959703155,-542,3821.7150000000183,0.011188357332638343,0.010764165318141505,-0.026581281074260055,-8.094912807139117,-0.8124017007699924,0.8315072484429749,-38,-29.464999999998327,-0.0015344180605563196,-0.007219361013627412,-0.17729741437542845,-1.819043004527508,-5.810120979369213,-0.11554986841608006
veto_gex_skewterm,veto0.27,3988,36048.484999999986,0.45135406218655966,0.5421263791374122,1.4689253673073506,-22.448023336184747,1.43620102942673,10.901560007732114,555,4430.769999999996,0.42162162162162165,0.518918918918919,2.6621320915074596,-6.896864746584185,10.173731896951242,10.0040731854794,-575,3405.3950000000186,0.010416082787041814,0.010239462635111107,-0.049835408149720095,-9.56895962649125,-0.9237302392868454,0.7529611528234508,-38,-160.56499999999596,-0.003336219862358103,-0.007219361013627412,-0.3118836853520719,-2.907008278145419,-8.102104715062136,-0.43546264263983403
veto_gex_skewterm,veto0.28,3968,36049.54999999999,0.45110887096774194,0.5418346774193549,1.45885455019318,-22.820700782892928,1.4127714213588751,10.927182559186583,554,4467.259999999996,0.42057761732851984,0.5180505415162455,2.662742250381337,-6.822400423460915,10.376240658236917,10.117344857723342,-595,3406.460000000021,0.010170891568224094,0.009947760917053738,-0.05990622526389067,-9.94163707319943,-0.9471598473547003,0.7785837042779207,-39,-124.07499999999618,-0.004380224155459911,-0.008087738416300838,-0.3112735264781943,-2.8325439550221496,-7.899595953776462,-0.3221909703958925
veto_gex_skewterm,veto0.29,3944,35169.48999999999,0.4513184584178499,0.540314401622718,1.4376721539716624,-23.58399398880539,1.3472829900980436,10.689991673114337,551,3996.704999999995,0.4192377495462795,0.5136116152450091,2.4377616726895517,-8.638475545419137,7.269632100343273,9.149081750801535,-619,2526.4000000000233,0.010380479018332056,0.008427485120416911,-0.0810886214854083,-10.704930279111892,-1.0126482786155317,0.541392818205674,-42,-594.6299999999969,-0.0057200919377002335,-0.01252666468753727,-0.5362541041699798,-4.6486190769803715,-11.006204511670106,-1.2904540773176993
veto_gex_skewterm,veto0.30,3920,35450.14499999999,0.45127551020408163,0.5405612244897959,1.4406239410739412,-22.704828517784655,1.406034022651154,10.794740896827665,549,3477.6749999999947,0.41712204007285975,0.5063752276867031,2.089490599459037,-10.212849634004435,5.299400069952089,8.005376856451871,-643,2807.055000000022,0.010337530804563788,0.0086743079874948,-0.07813683438312946,-9.825764808091158,-0.9538972460624213,0.6461420419190027,-44,-1113.6599999999971,-0.007835801411120003,-0.019763052245843293,-0.8845251774004943,-6.222993165565669,-12.97643654206129,-2.4341589716673635
veto_gex_skewterm,veto0.35,3775,34019.8,0.4519205298013245,0.5388079470198676,1.382563127768106,-21.13537226028541,1.4740254118934,10.580819492708617,540,3243.329999999998,0.4148148148148148,0.5,1.9274884444113798,-8.765830986683353,5.732834640579752,7.547591765002653,-788,1376.7100000000355,0.010982550401806679,0.006921030517566429,-0.13619764768896458,-8.256308550591914,-0.8859058568201754,0.43222063779995423,-53,-1348.0049999999937,-0.010143026669164945,-0.02613827993254636,-1.0465273324481517,-4.775974518244587,-12.543001971433625,-2.891944063116582
veto_gex_skewterm,veto0.40,3611,33096.125000000015,0.4549986153420105,0.5397396842979784,1.3748174724005962,-17.981406299038223,1.7043220388978966,10.683823452743939,527,2682.9049999999997,0.41366223908918404,0.4990512333965844,1.5807431572610293,-11.215062795830114,3.6669948582428176,6.349578068258843,-952,453.03500000004715,0.014060635942492683,0.007852767795677229,-0.14394330305647451,-5.102342589344726,-0.6556092298156788,0.5352245978352759,-66,-1908.429999999992,-0.011295602394795712,-0.027087046535961945,-1.3932726195985021,-7.225206327391349,-14.60884175377056,-4.089957759860392
veto_gex_skewterm,veto0.45,3433,30216.585000000006,0.4520827264782989,0.5374308185260704,1.3447314070061018,-13.02321666099612,2.2270430457718047,10.305679091404313,514,2731.714999999998,0.4143968871595331,0.5,1.5919980334703097,-11.168712607250967,3.7527564785120573,6.6668887567737425,-1130,-2426.504999999961,0.011144747078781048,0.005543902023769309,-0.17402936845096884,-0.1441529513026225,-0.13288822294177072,0.15708023649565028,-79,-1859.619999999994,-0.010560954324446648,-0.02613827993254636,-1.3820177433892218,-7.178856138812201,-14.52308013350132,-3.7726470713454923
veto_gex_skewterm,veto0.50,3218,24135.555000000008,0.4440646364201367,0.5307644499689248,1.2039682537331589,-15.72896102286849,1.60154886629091,8.89404282345372,499,2346.6349999999966,0.41282565130260523,0.49498997995991983,1.3699605706505846,-13.428037835761671,2.661202823466137,5.919985771660368,-1345,-8507.53499999996,0.0031266570206188726,-0.0011224665333763317,-0.3147925217239118,-2.849897313174992,-0.7583824024226653,-1.2545560314549427,-94,-2244.6999999999953,-0.012132190181374514,-0.031148299972626525,-1.6040552062089468,-9.438181367322905,-15.614633788547241,-4.519550056458867
veto_gex_skewterm,tilt0.01,4563,32989.59999999998,0.44115713346482577,0.5325443786982249,1.528546501201072,-12.879063709693497,2.374936137299524,10.255408783405588,593,4591.334999999992,0.42495784148397975,0.5261382799325464,2.9740157768595314,-3.9898564684387656,18.27583661201338,10.439535828119235,0,346.5100000000093,0.00021915406530792492,0.0006574621959237748,0.009785725744001272,0.0,0.015004868585948739,0.10680992849692572,0,0.0,0.0,0.0,0.0,0.0,0.0,0.0
veto_gex_skewterm,tilt0.02,4563,32733.919999999973,0.44093797939951784,0.5327635327635327,1.5208006330346928,-12.879063709693497,2.3638740719574836,10.165644763355631,593,4380.764999999992,0.42327150084317033,0.524451939291737,2.7342793387668274,-4.061903596035857,17.064134229576855,9.969691059545283,0,90.83000000000538,0.0,0.0008766162612315886,0.0020398575776221506,0.0,0.003942803243908166,0.01704590844696874,0,-210.5699999999997,-0.001686340640809414,-0.001686340640809414,-0.23973643809270406,-0.07204712759709153,-1.211702382436524,-0.4698447685739513
veto_gex_skewterm,tilt0.03,4563,32047.269999999968,0.4402805172035941,0.5318869165023011,1.498274989972671,-12.893788801404035,2.331230667779408,9.947245311057296,593,4314.014999999992,0.42327150084317033,0.5227655986509275,2.7126489140553502,-4.061903596035857,16.78400028628357,9.817308578509163,0,-595.8199999999997,-0.0006574621959237192,0.0,-0.02048578548439961,-0.014725091710538152,-0.028700600934167486,-0.20135354385136672,0,-277.3199999999997,-0.001686340640809414,-0.003372681281618828,-0.2613668628041812,-0.07204712759709153,-1.4918363257298068,-0.6222272496100718
veto_gex_skewterm,tilt0.05,4563,32166.564999999966,0.44049967126890205,0.5318869165023011,1.4983053925614467,-12.879063709693497,2.339132840304035,9.972422392968536,593,4063.3149999999923,0.42158516020236086,0.521079258010118,2.5237670840551067,-4.432630883200159,14.420932734272439,9.246648833221622,0,-476.52500000000146,-0.0004383081306157943,0.0,-0.020455382895623986,0.0,-0.02079842840954038,-0.17617646194012693,0,-528.0199999999995,-0.0033726812816188834,-0.005059021922428353,-0.4502486928044247,-0.44277441476139323,-3.8549038777409397,-1.1928869948976129
veto_gex_skewterm,tilt0.07,4563,31870.604999999974,0.4402805172035941,0.5321060705676091,1.4784255999273863,-13.087390826882892,2.2890909753583766,9.868812926035401,593,4162.854999999992,0.42158516020236086,0.521079258010118,2.570521391142911,-4.395507777169183,14.925921639367651,9.462300748895688,0,-772.4849999999933,-0.0006574621959237192,0.00021915406530792492,-0.04033517552968435,-0.20832711718939478,-0.07084029335519881,-0.27978592887326137,0,-428.47999999999956,-0.0033726812816188834,-0.005059021922428353,-0.40349438571662066,-0.405651308730417,-3.3499149726457276,-0.9772350792235471
veto_gex_skewterm,tilt0.10,4563,32207.674999999974,0.44071882533421,0.5325443786982249,1.4933684816407604,-12.981000736351497,2.3225518163689287,9.965767392099622,593,4162.854999999992,0.42158516020236086,0.521079258010118,2.570521391142911,-4.395507777169183,14.925921639367651,9.462300748895688,0,-435.4149999999936,-0.0002191540653078694,0.0006574621959237748,-0.025392293816310252,-0.10193702665799975,-0.03737945234464668,-0.18283146280904106,0,-428.47999999999956,-0.0033726812816188834,-0.005059021922428353,-0.40349438571662066,-0.405651308730417,-3.3499149726457276,-0.9772350792235471
veto_gex_skewterm,tilt0.15,4563,32779.30999999996,0.4413762875301337,0.5329826868288406,1.5132470797888038,-13.049127619872475,2.3350087803965875,10.140447536015808,593,4289.954999999992,0.42327150084317033,0.5227655986509275,2.6452534692820335,-4.395507777169183,15.416973681812244,9.734629845326662,0,136.2199999999939,0.00043830813061584983,0.0010957703265395136,-0.005513695668266871,-0.17006391017897826,-0.024922488316987845,-0.00815131889285503,0,-301.3800000000001,-0.001686340640809414,-0.003372681281618828,-0.3287623075774979,-0.405651308730417,-2.858862930201134,-0.7049059827925728
veto_gex_skewterm,tilt0.20,4563,33840.26999999996,0.4420337497260574,0.5338593030900723,1.5337344185141784,-13.719537274189594,2.263635444902007,10.436182053179067,593,4109.774999999992,0.41989881956155145,0.5193929173693086,2.5827113751119732,-4.400821155278199,14.70365699007459,9.297235312335193,0,1197.179999999993,0.001095770326539569,0.0019723865877712132,0.014973643057107688,-0.8404735644960972,-0.09629582381156832,0.28758319827040424,0,-481.5599999999995,-0.005059021922428297,-0.006745362563237767,-0.3913044017475582,-0.4109646868394332,-3.5721796219387887,-1.1423005157840418
veto_gex_skewterm,tilt0.30,4563,34198.579999999965,0.44247205785667326,0.534516765285996,1.5398366717550298,-13.569676701886374,2.3030310687640094,10.492923395226345,593,3712.509999999992,0.4148397976391231,0.5126475548060708,2.3571064016714236,-5.265284734425083,11.021137869917931,8.386439778973555,0,1555.489999999998,0.001534078457155419,0.002629848783694877,0.02107589629795914,-0.690612992192877,-0.056900199949565966,0.34432454031768245,0,-878.8249999999998,-0.01011804384485665,-0.013490725126475533,-0.6169093751881078,-1.2754282659863172,-7.254698742095448,-2.0530960491456796
veto_gex_skewterm,tilt0.50,4563,34252.57999999997,0.44115713346482577,0.5340784571553803,1.5459938827383641,-14.332451233265232,2.1825098773981484,10.416496492687674,593,3976.869999999992,0.4131534569983137,0.5143338954468802,2.5403216688445154,-3.967026078234702,15.745865934492219,8.923181172078062,0,1609.4900000000052,0.00021915406530792492,0.002191540653079138,0.027233107281293467,-1.4533875235717346,-0.177421391315427,0.26789763777901143,0,-614.4649999999997,-0.011804384485666064,-0.01180438448566612,-0.43369410801501607,0.022830390204063633,-2.5299706775211597,-1.5163546560411731
veto_gex_skewterm,tilt0.75,4563,36020.164999999964,0.4433486741179049,0.5367083059390751,1.5688279664682179,-14.759904869739781,2.183278853718197,10.80664224432709,593,3936.53999999999,0.4131534569983137,0.5160202360876898,2.6838790936337578,-6.8017554395225766,9.08371950530333,8.745173153335417,0,3377.074999999997,0.002410694718387063,0.004821389436774015,0.050067191011147205,-1.880841160046284,-0.17665241499537832,0.6580433894184274,0,-654.7950000000019,-0.011804384485666064,-0.010118043844856595,-0.2901366832257737,-2.811898971083811,-9.192117106710048,-1.694362674783818
veto_gex_skewterm,tilt1.00,4563,36539.03499999997,0.4440061363138286,0.5362699978084593,1.5682140801753606,-14.772717706685878,2.1997676160376023,10.792388713474292,593,3892.2949999999896,0.4131534569983137,0.5126475548060708,2.5163350684314088,-5.598076509945403,10.903980309683522,8.583135769315476,0,3895.9449999999997,0.0030681569143107823,0.004383081306158165,0.0494533047182899,-1.8936539969923807,-0.1601636526759731,0.6437898585656292,0,-699.0400000000022,-0.011804384485666064,-0.013490725126475533,-0.4576807084281227,-1.6082200415066374,-7.3718563023298564,-1.856400058803759
veto_top4_bad,veto0.02,4483,33435.24499999997,0.44523756413116217,0.5340173990631274,1.5203797018085188,-13.929081246845247,2.2136153424013356,10.350874585995129,591,4440.599999999992,0.42470389170896783,0.5279187817258884,2.8619855122548814,-3.9252218624814317,17.918703333419206,10.013886752831567,-80,792.1550000000061,0.004299584731644324,0.0021304825608262634,0.0016189263514481134,-1.0500175371517493,-0.14631592631223977,0.20227573108646624,-2,-150.73499999999967,-0.00025394977501191907,0.001780501793341993,-0.11203026460465004,0.06463460595733395,-0.35713327859417276,-0.4256490752876676
veto_top4_bad,veto0.03,4446,33772.049999999974,0.4484930274403959,0.5362123256860098,1.5380616385687682,-13.776262357327894,2.251604079895436,10.48540016061527,590,3871.0099999999916,0.4186440677966102,0.523728813559322,2.5119725242153597,-4.800755520951525,12.640471886389129,8.724035862433267,-117,1128.9600000000064,0.007555048040878032,0.004325409183708717,0.01930086311169754,-0.8971986476343972,-0.10832718881813941,0.33680130570660793,-3,-720.3250000000003,-0.006313773687369573,-0.002409466373224367,-0.4620432526441718,-0.8108990525127595,-5.63536472562425,-1.715499965685968
veto_top4_bad,veto0.04,4419,32785.36999999997,0.44851776420004524,0.5363204344874406,1.4933749633657527,-13.830983798543334,2.203256822232573,10.17946234602397,587,3043.7299999999923,0.41056218057921634,0.5161839863713799,1.974598108823568,-6.253487127023814,7.512915603220794,6.849861966638375,-144,142.2800000000061,0.0075797848005274004,0.004433517985139468,-0.02538581209131796,-0.9519200888498371,-0.1566744464810026,0.03086349111530673,-6,-1547.6049999999996,-0.014395660904763408,-0.009954293561166505,-0.9994176680359634,-2.2636306585850487,-10.762921008792585,-3.5896738614808594
veto_top4_bad,veto0.05,4387,31280.584999999977,0.4483701846364258,0.5345338500113973,1.4386931229473023,-14.24082713838378,2.0800175085396813,9.730060568805337,586,3020.63499999999,0.41638225255972694,0.5170648464163823,1.983629698040089,-4.710525082218655,9.893774468797611,6.777710239303824,-176,-1362.50499999999,0.007432205236907963,0.002646933509096172,-0.08006765250976833,-1.361763428690283,-0.27991376017389413,-0.4185382861033258,-7,-1570.7000000000016,-0.008575588924252808,-0.009073433516164076,-0.9903860788194425,-0.720668613779889,-8.382062143215768,-3.661825588815411
veto_top4_bad,veto0.06,4362,31120.644999999975,0.44910591471801925,0.5337001375515819,1.4264873489991163,-15.84154486917259,1.864030556597245,9.692085221685808,584,3166.75999999999,0.4195205479452055,0.5188356164383562,2.0886760594232068,-4.678772772922601,10.471881889912614,7.135270374464454,-201,-1522.4449999999924,0.008167935318501407,0.0018132210492807221,-0.09227342645795433,-2.9624811594790934,-0.49590071211633036,-0.45651363322285476,-9,-1424.5750000000016,-0.005437293538774257,-0.007302663494190176,-0.8853397174363247,-0.6889163044838353,-7.803954722100764,-3.3042654536547804
veto_top4_bad,veto0.07,4341,31710.90999999997,0.45012669891730017,0.5335176226675881,1.4371379628066336,-15.41298716584079,1.9378063798391123,9.882862918714295,582,2907.19999999999,0.4175257731958763,0.5171821305841925,1.9017581483026818,-4.6578803274257075,9.608942439942282,6.587966989463127,-222,-932.1799999999967,0.009188719517782329,0.0016307061652869326,-0.08162281265043703,-2.533923456147292,-0.4221248888744631,-0.26573593619436764,-11,-1684.135000000002,-0.007432068288103444,-0.00895614934835387,-1.0722576285568497,-0.6680238589869418,-8.666894172071096,-3.8515688386561076
veto_top4_bad,veto0.08,4317,31770.149999999976,0.4512392865415798,0.5341672457725272,1.427368691547694,-16.244394260021554,1.8407037209817385,9.916420297171577,581,3081.8149999999896,0.4199655765920826,0.5163511187607573,2.047778717000799,-4.6578803274257075,10.220174751162123,6.989594585982253,-246,-872.9399999999914,0.010301307142061955,0.0022803292702260336,-0.0913920839093767,-3.365330550328057,-0.5192275477318369,-0.23217855773708607,-12,-1509.5200000000023,-0.004992264891897136,-0.009787161171789016,-0.9262370598587326,-0.6680238589869418,-8.055661860851256,-3.4499412421369815
veto_top4_bad,veto0.09,4292,32143.43999999998,0.45130475302889095,0.5349487418452936,1.4358504426053766,-17.19434665890985,1.7513185956831383,10.063641178604904,579,2693.8449999999893,0.41796200345423146,0.5129533678756477,1.8093128781970165,-4.710556036971574,8.767977758112478,6.129450335967335,-271,-499.6499999999869,0.010366773629373105,0.0030618253429924858,-0.08291033285169402,-4.315282949216353,-0.6086126730304371,-0.08495767630375894,-14,-1897.4900000000025,-0.006995838029748291,-0.013184912056898646,-1.164702898662515,-0.7206995685328081,-9.5078588539009,-4.3100854921519
veto_top4_bad,veto0.10,4264,32313.11999999998,0.45286116322701686,0.5365853658536586,1.437025068330907,-18.544783113971707,1.628947851131307,10.151480270267818,579,2714.6999999999894,0.4214162348877375,0.5164075993091537,1.8196369776675148,-4.890437208503567,8.514300416264053,6.146604220228953,-299,-329.9699999999866,0.011923183827499018,0.004698449351357437,-0.08173570712616374,-5.66571940427821,-0.7309834175822685,0.002881415359155426,-14,-1876.6350000000025,-0.0035416065962422527,-0.009730680623392662,-1.1543787991920167,-0.9005807400648012,-9.761536195749326,-4.2929316078902815
veto_top4_bad,veto0.11,4248,32179.289999999983,0.4524482109227872,0.5360169491525424,1.4267802950037751,-19.397195808065792,1.5534733069263496,10.127794627209145,577,2730.6299999999906,0.42287694974003465,0.5164644714038128,1.769499560350858,-5.1018172992590065,8.211962035048007,6.212125865487296,-315,-463.7999999999847,0.011510231523269354,0.004130032650241255,-0.09198048045329554,-6.518132098372295,-0.8064579617872258,-0.020804227699517952,-16,-1860.7050000000013,-0.0020808917439451013,-0.009673808528733563,-1.2045162165086734,-1.1119608308202409,-10.063874576965372,-4.227409962631938
veto_top4_bad,veto0.12,4219,32555.93999999998,0.4531879592320455,0.5370940981275184,1.4221041005216606,-20.587339890155366,1.473959235049366,10.245708956310096,575,2314.849999999992,0.4191304347826087,0.5130434782608696,1.4944542169581998,-6.450214800351308,5.461609537405239,5.2822923576592204,-344,-87.1499999999869,0.01224997983252768,0.005207181625217272,-0.09665667493541008,-7.708276180461869,-0.8859720336642094,0.09711010140143372,-18,-2276.4849999999997,-0.005827406701371052,-0.013094801671676759,-1.4795615599013316,-2.460358331912542,-12.81422707460814,-5.157243470460014
veto_top4_bad,veto0.13,4199,31732.919999999987,0.45320314360562036,0.5360800190521553,1.3980604586068561,-22.141570369048807,1.3494942652131228,10.004133694630177,574,2276.974999999992,0.42160278745644597,0.5121951219512195,1.4748747842932912,-6.445992722737692,5.371734251714581,5.215744528791116,-364,-910.1699999999801,0.012265164206102519,0.004193102549854166,-0.12070031685021454,-9.26250665935531,-1.0104370035004526,-0.14446516027848588,-19,-2314.3599999999997,-0.003355054027533777,-0.013943157981326837,-1.4991409925662402,-2.4561362542989267,-12.904102360298797,-5.223791299328119
veto_top4_bad,veto0.14,4176,32739.494999999995,0.4559386973180077,0.5390325670498084,1.4402120001500742,-22.780547905464505,1.3365612977767525,10.334477003634735,572,1781.594999999994,0.4160839160839161,0.506993006993007,1.1597518607928892,-8.68327802164875,3.0892265705444197,4.09001971323407,-387,96.40500000002794,0.015000717918489836,0.007145650547507265,-0.07854877530699644,-9.901484195771008,-1.023369970936823,0.1858781487260721,-21,-2809.739999999998,-0.008873925400063654,-0.01914527293953938,-1.8142639160666423,-4.693421553209984,-15.18661004146896,-6.349516114885165
veto_top4_bad,veto0.15,4156,33374.965,0.45620789220404234,0.5392204042348412,1.4648265652983896,-20.454457168412965,1.5058029991145827,10.56963772342654,570,1568.7549999999947,0.41578947368421054,0.5052631578947369,1.042879483038862,-9.260438140248215,2.5395494950879796,3.6132358597688796,-407,731.8750000000291,0.0152699128045245,0.007333487732540056,-0.05393421015868105,-7.575393458719468,-0.8541282695989927,0.4210388685178774,-23,-3022.579999999997,-0.009168367799769206,-0.0208751220378095,-1.9311362938206695,-5.27058167180945,-15.7362871169254,-6.826299968350355
veto_top4_bad,veto0.16,4134,33426.96,0.4562167392356072,0.5399129172714079,1.4753721313072738,-18.97763166630586,1.6244946404877405,10.626031248713547,566,1806.8749999999911,0.41519434628975266,0.5053003533568905,1.213064635526891,-10.110827811686942,2.6920871763642307,4.203698766348893,-429,783.8700000000317,0.01527875983608934,0.008026000769106756,-0.04338864414979682,-6.098567956612364,-0.7354366282258349,0.4774323938048841,-27,-2784.460000000001,-0.00976349519422709,-0.020837926575655863,-1.7609511413326404,-6.1209713432481765,-15.583749435649148,-6.235837061770342
veto_top4_bad,veto0.17,4113,33913.829999999994,0.4563578896182835,0.5402382689034768,1.4985185140777366,-19.330158126827573,1.6086905677057772,10.813314964358668,563,2495.234999999991,0.42628774422735344,0.5133214920071048,1.6705066061660325,-8.620449929423513,4.420761565839022,5.7811845840638085,-450,1270.740000000027,0.015419910218765653,0.008351352401175682,-0.020242261379334048,-6.451094417134076,-0.7512407010077982,0.6647161094500049,-30,-2096.100000000001,0.0013299027433736899,-0.012816787925441608,-1.303509170693499,-4.6305934609847474,-13.855075046174356,-4.658351244055426
veto_top4_bad,veto0.18,4088,34121.66499999999,0.45792563600782776,0.5406066536203522,1.5057877213932485,-18.087107303925947,1.7255142359596307,10.94399858414918,560,2280.9099999999908,0.425,0.5089285714285714,1.6730495219327972,-7.789336206146445,4.453358487543297,5.310702313960319,-475,1478.5750000000262,0.01698765660830992,0.008719737118051074,-0.01297305406382221,-5.20804359423245,-0.6344170327539447,0.7953997292405166,-33,-2310.425000000001,4.21585160202409e-05,-0.017209708503974963,-1.3009662549267342,-3.7994797377076797,-13.82247812447008,-5.128833514158916
veto_top4_bad,veto0.19,4052,34518.53999999999,0.4585389930898322,0.5412142152023692,1.5148386320645124,-19.005411928930034,1.6534629057860828,11.144092462688066,559,2017.2949999999908,0.4186046511627907,0.5062611806797853,1.5241050120051518,-10.480625105958888,2.911901781815386,4.67481530575354,-511,1875.4500000000262,0.01760101369031436,0.009327298700068098,-0.003922143392558253,-6.126348219236537,-0.7064683629274926,0.9954936077794034,-34,-2574.040000000001,-0.006353190321189028,-0.019877099252761044,-1.4499107648543796,-6.490768637520122,-15.363934830197993,-5.764720522365694
veto_top4_bad,veto0.20,4026,34688.125,0.4585196224540487,0.5419771485345256,1.5149346084901611,-19.857784278673797,1.587096181900142,11.24996858173492,558,1950.5349999999912,0.41935483870967744,0.5053763440860215,1.4469597679194475,-9.16378596172405,3.215804003839223,4.524893543379255,-537,2045.0350000000326,0.01758164305453086,0.010090232032224478,-0.0038261669669095166,-6.9787205689803,-0.7728350868134335,1.1013697268262579,-35,-2640.8000000000006,-0.0056030027743023125,-0.02076193584652486,-1.527056008940084,-5.173929493285285,-15.060032608174156,-5.91464228473998
veto_top4_bad,veto0.21,3998,36160.065,0.46173086543271635,0.5447723861930965,1.5635462415526478,-19.534839893669275,1.6533768528928863,11.764583111554856,555,1989.4649999999908,0.4198198198198198,0.5063063063063064,1.4848138853473642,-8.55006593799184,3.5181815079136953,4.6333725606826235,-565,3516.975000000035,0.02079288603319851,0.012885469690795404,0.0447854660955771,-6.655776183975778,-0.7065544158206891,1.6159842566461933,-38,-2601.870000000001,-0.005138021664159942,-0.019831973626240007,-1.4892018915121672,-4.560209469553075,-14.757655104099683,-5.806163267436611
veto_top4_bad,veto0.22,3966,36262.755000000005,0.4626828038325769,0.546142208774584,1.5749259726856955,-19.641915794243474,1.647103116907614,11.855140858025337,553,1732.11499999999,0.4141048824593128,0.5027124773960217,1.2553830218593858,-10.559420243527045,2.4673077651274653,4.050452851252295,-597,3619.6650000000373,0.021744824433059085,0.014255292272282838,0.056165197228624786,-6.762852084549976,-0.7128281518059614,1.7065420031166738,-40,-2859.220000000002,-0.01085295902466693,-0.02342580253652471,-1.7186327550001457,-6.569563775088279,-15.808528846885913,-6.3890829768669395
veto_top4_bad,veto0.23,3942,37347.310000000005,0.465246067985794,0.5481988838153222,1.5983725409538019,-18.67564464879706,1.7624387906062675,12.257673207900025,551,2240.0599999999913,0.41742286751361163,0.5063520871143375,1.66689408586486,-8.763207822803436,3.884403697152026,5.274666174377656,-621,4704.2200000000375,0.024308088586276144,0.016311967313021092,0.07961176549673121,-5.796580939103563,-0.5974924781073079,2.109074352991362,-42,-2351.2750000000005,-0.0075349739703681196,-0.019786192818208814,-1.3071216909946715,-4.77335135436467,-14.391432914861353,-5.164869653741579
veto_top4_bad,veto0.24,3918,37114.015,0.46452271567126086,0.5472179683511996,1.6032490579086933,-16.749182054182267,1.95798191769155,12.223129627103472,548,2062.624999999992,0.41788321167883213,0.5054744525547445,1.4859436991577664,-9.540010644598967,3.273867673771605,4.873909846284408,-645,4470.925000000032,0.023584736271743012,0.015331051848898491,0.08448828245162265,-3.8701183444887697,-0.40194935102202534,2.0745307721948087,-45,-2528.71,-0.007074629805147614,-0.020663827377801813,-1.488072077701765,-5.550154176160201,-15.001968938241774,-5.565625981834827
veto_top4_bad,veto0.25,3880,38063.21000000001,0.4652061855670103,0.547938144329897,1.6297594421787305,-15.203864143380045,2.188929424114161,12.662193645498723,544,2230.2849999999908,0.4209558823529412,0.5055147058823529,1.5857296199958857,-8.8620683549282,3.8235670910475865,5.295209373839573,-683,5420.120000000039,0.02426820616749248,0.016051227827595826,0.11099866672165981,-2.3248004336865478,-0.17100184459941437,2.5135947905900604,-49,-2361.050000000001,-0.004001959131038568,-0.02062357405019344,-1.3882861568636458,-4.872211886489434,-14.452269520965793,-5.144326454279661
veto_top4_bad,veto0.26,3854,38719.16,0.4657498702646601,0.5487804878048781,1.6630948387747104,-14.069196904404539,2.3889919865399305,12.946771531103641,538,2940.5699999999933,0.4256505576208178,0.5092936802973977,2.0665082224573426,-6.660996893287133,6.800793176531091,7.066773592981299,-709,6076.070000000036,0.02481189086514224,0.01689357130257696,0.14433406331763976,-1.1901331947110414,0.02906071782635511,2.7981726761949783,-55,-1650.7649999999985,0.0006927161368380785,-0.016844599635148616,-0.9075075544021889,-2.6711404248483674,-11.475043435482288,-3.3727622351379356
veto_top4_bad,veto0.27,3822,39867.72000000001,0.4683411826268969,0.5512820512820513,1.6940692494498462,-13.063128086602784,2.6166878720332534,13.394945768030224,533,2636.2449999999935,0.42401500938086306,0.5046904315196998,1.8190555877420296,-7.118573781111273,5.67159595898637,6.412342953548385,-741,7224.630000000041,0.027403203227379047,0.01939513477975019,0.1753084739927755,-0.18406437690928712,0.256756603319678,3.2463469131215614,-60,-1955.0899999999983,-0.0009428321031166864,-0.021447848412846526,-1.1549601891175019,-3.1287173126725074,-12.60424065302701,-4.02719287457085
veto_top4_bad,veto0.28,3796,40123.46000000001,0.4686512118018967,0.5513698630136986,1.7004312531415626,-13.524153890708392,2.5367789125343907,13.520247554198647,527,2848.939999999998,0.4250474383301708,0.5066413662239089,1.9392839045954113,-7.017585325617602,6.243062625293597,6.973712296120483,-767,7480.370000000039,0.027713232402378885,0.01948294651139748,0.18167047768449196,-0.6450901810148952,0.1768476438208153,3.3716486992899846,-66,-1742.394999999994,8.959684619103125e-05,-0.019496913708637487,-1.0347318722641201,-3.027728857178836,-12.032773986719782,-3.465823531998752
veto_top4_bad,veto0.29,3751,39414.030000000006,0.46760863769661426,0.5518528392428685,1.6816128107216064,-15.003486083565242,2.2633342435645174,13.41214667787941,522,2604.8549999999977,0.42337164750957856,0.5019157088122606,1.7899638476964077,-6.178843512253499,6.4524276869521024,6.414644525183985,-812,6770.940000000039,0.026670658297096417,0.01996592274056741,0.16285203526453573,-2.124422373871745,-0.09659702514905799,3.2635478229707466,-71,-1986.479999999994,-0.0015861939744011844,-0.024222571120285807,-1.1840519291631237,-2.188987043814733,-11.823408925061276,-4.0248913029352495
veto_top4_bad,veto0.30,3724,38151.91,0.46616541353383456,0.5499462943071965,1.649029846818674,-14.892907469653386,2.2376531552131538,13.057007497393007,521,2879.3449999999975,0.42418426103646834,0.5028790786948176,2.0057227070450523,-6.034517604080175,7.341884118888076,7.085917841256554,-839,5508.820000000036,0.025227434134316717,0.018059377804895416,0.13026907136160326,-2.0138437599598884,-0.12227811350042161,2.9084086424843445,-72,-1711.9899999999943,-0.0007735804475114127,-0.023259201237728733,-0.9682930698144792,-2.0446611356414097,-10.933952493125304,-3.3536179868626803
veto_top4_bad,veto0.35,3552,34326.545000000006,0.46199324324324326,0.543918918918919,1.5487668687282143,-15.690585499503293,1.996155084446482,12.189517316485182,496,1948.864999999999,0.4173387096774194,0.49798387096774194,1.4061147093819444,-6.587072643713442,4.4697726713915085,4.943077120134731,-1011,1683.4550000000381,0.021055263843725414,0.012032002416617837,0.030006093271143675,-2.8115217898097953,-0.36377618426709346,2.040918461576519,-97,-2642.469999999993,-0.007619131806560375,-0.028154408964804423,-1.567901067477587,-2.597216175274676,-13.80606394062187,-5.4964587079845035
veto_top4_bad,veto0.40,3375,33113.55000000002,0.4625185185185185,0.5428148148148149,1.5091432633891126,-15.19870239171629,2.016999278602133,12.234097618297625,469,2024.5449999999973,0.417910447761194,0.4989339019189765,1.3727722617512865,-7.789264806312062,3.9326811215327853,5.3751760267964235,-1188,470.46000000005006,0.021580539119000652,0.010927898312513729,-0.009617512067958023,-2.319638682022793,-0.34293199011144226,2.085498763388962,-124,-2566.7899999999945,-0.007047393722785733,-0.02720437801356984,-1.601243515108245,-3.799408337873296,-14.343155490480594,-5.064359801322811
veto_top4_bad,veto0.45,3163,31042.810000000012,0.46285172304773947,0.5415744546316787,1.4745832509626706,-14.738897828283534,2.000436114814883,12.067804034581242,448,3133.9349999999986,0.42857142857142855,0.5133928571428571,2.2464736052268193,-5.500968007200158,8.808900118195998,8.750816043085955,-1400,-1600.2799999999552,0.02191374364822163,0.009687538129377615,-0.044177524494400044,-1.8598341185900367,-0.35949515389869235,1.9192051796725789,-145,-1457.3999999999933,0.0036135870874487996,-0.012745422789689265,-0.7275421716327122,-1.5111115387613925,-9.46693649381738,-1.68871978503328
veto_top4_bad,veto0.50,2952,26928.335000000017,0.4583333333333333,0.5392953929539296,1.3710126626706698,-14.869873780552906,1.8161056410259695,11.121510781945073,428,2944.1299999999983,0.42990654205607476,0.5116822429906542,2.3242837069583135,-5.457615073764831,8.310956647724215,8.509375796634894,-1611,-5714.75499999995,0.01739535393381547,0.007408476451628454,-0.14774811278640088,-1.9908100708594088,-0.5438256276876059,0.9729119270364102,-165,-1647.2049999999936,0.004948700572095011,-0.014456036941892125,-0.6497320699012179,-1.4677586053260656,-9.964879964289164,-1.9301600314843412
veto_top4_bad,tilt0.01,4563,32671.259999999973,0.44071882533421,0.5321060705676091,1.5145028050761473,-13.276319065718504,2.2905041100485186,10.154378203521375,593,4591.334999999992,0.42495784148397975,0.5261382799325464,2.9740157768595314,-3.9898564684387656,18.27583661201338,10.439535828119235,0,28.17000000000553,-0.0002191540653078694,0.00021915406530792492,-0.004257970380923348,-0.3972553560250063,-0.06942715866505678,0.005779348612712454,0,0.0,0.0,0.0,0.0,0.0,0.0,0.0
veto_top4_bad,tilt0.02,4563,32023.444999999978,0.4402805172035941,0.5316677624369932,1.4978045408130762,-13.367758917049594,2.247565022805909,9.946951365292737,593,4591.334999999992,0.42495784148397975,0.5261382799325464,2.9740157768595314,-3.9898564684387656,18.27583661201338,10.439535828119235,0,-619.6449999999895,-0.0006574621959237192,-0.00021915406530792492,-0.02095623464399443,-0.4886952073560966,-0.11236624590766642,-0.20164748961592593,0,0.0,0.0,0.0,0.0,0.0,0.0,0.0
veto_top4_bad,tilt0.03,4563,31523.244999999974,0.4396230550076704,0.5307911461757615,1.4794968761262135,-13.24623287509664,2.2466966265623616,9.78392082543954,593,4591.334999999993,0.42495784148397975,0.5261382799325464,2.9740157768595314,-3.9898564684387656,18.27583661201338,10.439535828119235,0,-1119.844999999994,-0.0013149243918474385,-0.0010957703265396246,-0.039263899330857166,-0.3671691654031424,-0.11323464215121382,-0.36467802946912364,0,9.094947017729282e-13,0.0,0.0,0.0,0.0,0.0,0.0
veto_top4_bad,tilt0.05,4563,31316.019999999975,0.4394039009423625,0.5301336839798378,1.4650829562048657,-13.50134433893232,2.195449770116964,9.701325390535713,593,4675.034999999993,0.42495784148397975,0.5261382799325464,3.0040320066155144,-3.9619231797097596,18.76802907907023,10.613848164306118,0,-1327.0699999999924,-0.0015340784571553634,-0.0017532325224632883,-0.05367781925220494,-0.6222806292388228,-0.16448149859661143,-0.4472734643729499,0,83.70000000000073,0.0,0.0,0.03001622975598295,0.027933288729006023,0.49219246705685293,0.17431233618688324
veto_top4_bad,tilt0.07,4563,31694.979999999974,0.4402805172035941,0.5310103002410694,1.482625059678009,-12.879063709693497,2.318360098969208,9.80530297229717,593,4675.034999999993,0.42495784148397975,0.5261382799325464,3.0040320066155144,-3.9619231797097596,18.76802907907023,10.613848164306118,0,-948.1099999999933,-0.0006574621959237192,-0.0008766162612316997,-0.036135715779061606,0.0,-0.04157116974436725,-0.3432958826114927,0,83.70000000000073,0.0,0.0,0.03001622975598295,0.027933288729006023,0.49219246705685293,0.17431233618688324
veto_top4_bad,tilt0.10,4563,31409.03999999998,0.4400613631382862,0.5307911461757615,1.470449137481497,-12.97877777124355,2.2879569948996616,9.715447768082168,593,4860.454999999993,0.4266441821247892,0.5278246205733558,3.1526397648371307,-3.9619231797097596,19.57625003165565,11.05625331827153,0,-1234.0499999999884,-0.0008766162612316442,-0.0010957703265396246,-0.048311637975573696,-0.09971406155005269,-0.07197427381391375,-0.43315108682649495,0,269.1200000000008,0.0016863406408094694,0.001686340640809414,0.17862398797759926,0.027933288729006023,1.3004134196422719,0.6167174901522952
veto_top4_bad,tilt0.15,4563,32143.714999999967,0.4413762875301337,0.5321060705676091,1.4910990065013237,-13.14455425996092,2.2909057099321446,9.914452543190345,593,4776.954999999993,0.4266441821247892,0.5278246205733558,3.1408436264967765,-3.9619231797097596,19.21172034058602,10.882775209000444,0,-499.375,0.00043830813061584983,0.00021915406530792492,-0.027661768955747013,-0.2654905502674225,-0.0690255587814308,-0.2341463117183178,0,185.6200000000008,0.0016863406408094694,0.001686340640809414,0.16682784963724506,0.027933288729006023,0.9358837285726409,0.4432393808812094
veto_top4_bad,tilt0.20,4563,32228.854999999967,0.4413762875301337,0.5321060705676091,1.495819290879152,-13.044616801708528,2.312141159397801,9.9438662230654,593,4660.979999999992,0.4266441821247892,0.5261382799325464,2.999088065365647,-4.406866544459877,16.818186724152316,10.570654503444702,0,-414.2350000000006,0.00043830813061584983,0.00021915406530792492,-0.02294148457791856,-0.1655530920150312,-0.04779010931577421,-0.20473263184326207,0,69.64500000000044,0.0016863406408094694,0.0,0.025072288506115648,-0.4170100760211115,-1.4576498878610629,0.1311186753254674
veto_top4_bad,tilt0.30,4563,32373.354999999974,0.44071882533421,0.532325224632917,1.5056916657289394,-12.879063709693497,2.3481818679686546,9.94253063483895,593,4887.78999999999,0.42833052276559863,0.5261382799325464,3.3236010009419052,-3.523577753218812,22.14600946078246,11.051927296539002,0,-269.7349999999933,-0.0002191540653078694,0.00043830813061584983,-0.013069109728131245,0.0,-0.011749400744920813,-0.20606822006971193,0,296.4549999999981,0.0033726812816188834,0.0,0.3495852240823738,0.46627871521995345,3.87017284876908,0.6123914684197675
veto_top4_bad,tilt0.50,4563,33092.10999999997,0.43984220907297833,0.5325443786982249,1.5204102894949025,-12.879063709693497,2.3793561689433695,10.088604247217532,593,4823.624999999989,0.42833052276559863,0.524451939291737,3.3414106303487077,-3.467492480692485,22.183790378511677,10.88207863860566,0,449.0200000000041,-0.0010957703265395136,0.0006574621959237748,0.0016495140378318673,0.0,0.01942490022979415,-0.05999460769113085,0,232.28999999999724,0.0033726812816188834,-0.001686340640809414,0.3673948534891762,0.5223639877462807,3.9079537664982986,0.44254281048642596
veto_top4_bad,tilt0.75,4563,33926.25499999998,0.44269121192198113,0.5342976112206882,1.5285772692759596,-12.879063709693497,2.4150070648319963,10.290810738470983,593,4240.529999999987,0.4266441821247892,0.5193929173693086,3.124161096923659,-4.290090666226585,15.599917060992949,9.536217693634644,0,1283.1650000000154,0.0017532325224632883,0.002410694718387063,0.009816493818888938,0.0,0.05507579611842095,0.14221188356231984,0,-350.80500000000484,0.0016863406408094694,-0.006745362563237767,0.1501453200641274,-0.30023419778781957,-2.6759195510204297,-0.9033181344845911
veto_top4_bad,tilt1.00,4563,35223.00499999998,0.445540214770984,0.5351742274819198,1.5469663960649664,-12.879063709693497,2.4693463407397434,10.610914512305586,593,3937.5699999999883,0.42327150084317033,0.5126475548060708,2.8943072323675048,-4.2371517277660695,14.585875914917906,8.77164218038985,0,2579.9150000000154,0.004602235371466146,0.0032873109796186517,0.028205620607895776,0.0,0.10941507202616796,0.46231565739692293,0,-653.7650000000035,-0.001686340640809414,-0.013490725126475533,-0.07970854449202669,-0.2472952593273039,-3.689960697095472,-1.6678936477293842
avg_side_veto_gex_skewterm_side_parity_balance_wf,veto0.02,4563,32417.399999999965,0.44071882533421,0.5316677624369932,1.5120596808702522,-12.879063709693497,2.3501045929202293,10.079194559882714,593,4591.334999999992,0.42495784148397975,0.5261382799325464,2.9740157768595314,-3.9898564684387656,18.27583661201338,10.439535828119235,0,-225.69000000000233,-0.0002191540653078694,-0.00021915406530792492,-0.006701094586818446,0.0,-0.009826675793346062,-0.06940429502594903,0,0.0,0.0,0.0,0.0,0.0,0.0,0.0
avg_side_veto_gex_skewterm_side_parity_balance_wf,veto0.03,4562,32666.199999999964,0.44103463393248576,0.5320035072336694,1.5176208822272181,-12.879063709693497,2.36093509179011,10.145999183318212,593,4591.334999999992,0.42495784148397975,0.5261382799325464,2.9740157768595314,-3.9898564684387656,18.27583661201338,10.439535828119235,-1,23.109999999996944,9.665453296792137e-05,0.00011659073136827125,-0.0011398932298525288,0.0,0.0010038230765347933,-0.002599671590450825,0,0.0,0.0,0.0,0.0,0.0,0.0,0.0
avg_side_veto_gex_skewterm_side_parity_balance_wf,veto0.04,4557,33017.219999999965,0.4415185429010314,0.532367785824007,1.5268708922467653,-12.879063709693497,2.376127904705071,10.257871738653389,593,4591.334999999992,0.42495784148397975,0.5261382799325464,2.9740157768595314,-3.9898564684387656,18.27583661201338,10.439535828119235,-6,374.1299999999974,0.0005805635015135313,0.00048086932170587904,0.008110116789694644,0.0,0.01619663599149579,0.1092728837447261,0,0.0,0.0,0.0,0.0,0.0,0.0,0.0
avg_side_veto_gex_skewterm_side_parity_balance_wf,veto0.05,4554,33050.99999999996,0.4420289855072464,0.5327184892402284,1.5266572927824884,-12.879063709693497,2.3775846186027256,10.270440961791312,591,4720.584999999993,0.4263959390862944,0.5279187817258884,3.023852814139692,-3.9898564684387656,18.833369150638216,10.776457089790306,-9,407.9099999999962,0.0010910061077285538,0.000831572737927222,0.00789651732541774,0.0,0.01765334988915024,0.1218421068826494,-2,129.2500000000009,0.0014380976023146697,0.001780501793341993,0.04983703728016042,0.0,0.5575325386248373,0.33692126167107084
avg_side_veto_gex_skewterm_side_parity_balance_wf,veto0.06,4548,33067.369999999966,0.44173262972735267,0.5325417766051012,1.526272367599913,-12.879063709693497,2.3782902153958285,10.283494359892828,591,5037.174999999992,0.42978003384094754,0.5313028764805414,3.145404487445718,-3.9603993509981734,20.358609577704303,11.490425434360384,-15,424.27999999999884,0.0007946503278348227,0.0006548601028000256,0.00751159214284236,0.0,0.01835894668225313,0.13489550498416492,-2,445.84000000000015,0.004822192356967792,0.0051645965479950595,0.17138871058618665,0.029457117440592206,2.082772965690925,1.0508896062411495
avg_side_veto_gex_skewterm_side_parity_balance_wf,veto0.07,4546,33088.29999999997,0.4417069951605807,0.5327760668719753,1.5266800800522302,-12.879063709693497,2.3791920429500895,10.297937213154714,590,4920.984999999993,0.4271186440677966,0.5305084745762711,3.1028841628023067,-3.9603993509981734,19.848711889294332,11.231799624631686,-17,445.2099999999991,0.0007690157610628634,0.0008891503696741854,0.007919304595159549,0.0,0.019260774236514067,0.14933835824605168,-3,329.65000000000146,0.0021608025838168454,0.00437019464372479,0.12886838594277528,0.029457117440592206,1.5728752772809536,0.7922637965124508
avg_side_veto_gex_skewterm_side_parity_balance_wf,veto0.08,4543,32945.119999999966,0.4413383226942549,0.5324675324675324,1.5207618939305556,-12.879063709693497,2.373015567037817,10.256384393130427,590,4920.984999999993,0.4271186440677966,0.5305084745762711,3.1028841628023067,-3.9603993509981734,19.848711889294332,11.231799624631686,-20,302.02999999999884,0.0004003432947370378,0.0005806159652312903,0.002001118473484942,0.0,0.013084298324241406,0.10778553822176384,-3,329.65000000000146,0.0021608025838168454,0.00437019464372479,0.12886838594277528,0.029457117440592206,1.5728752772809536,0.7922637965124508
avg_side_veto_gex_skewterm_side_parity_balance_wf,veto0.09,4541,33021.24999999997,0.4417529178595023,0.5329222638185421,1.5232049803178778,-12.879063709693497,2.3763017417440615,10.285641576091857,589,4798.574999999993,0.42614601018675724,0.5297113752122241,2.9949622898540067,-3.9603993509981734,19.313444876377297,10.984068828301885,-22,378.1600000000035,0.0008149384599844822,0.0010353473162409976,0.004444204860807099,0.0,0.01637047303048611,0.13704272118319416,-4,207.2400000000016,0.0011881687027774923,0.0035730952796777515,0.020946512994475253,0.029457117440592206,1.037608264363918,0.5445330001826498
avg_side_veto_gex_skewterm_side_parity_balance_wf,veto0.10,4537,33631.76999999997,0.4423627947983249,0.5336125192858717,1.5448864847460666,-12.879063709693497,2.402484603000337,10.474351988471147,588,4748.624999999993,0.42517006802721086,0.5289115646258503,3.02927525233401,-3.979495089903267,19.00396575618383,10.881875011028233,-26,988.6800000000003,0.0014248153988070666,0.00172560278357059,0.026125709288995935,0.0,0.04255333428676167,0.32575313356248436,-5,157.29000000000087,0.0002122265432311088,0.0027732846933039568,0.0552594754744784,0.010361378535498567,0.7281291441704525,0.44233918290899865
avg_side_veto_gex_skewterm_side_parity_balance_wf,veto0.11,4535,33597.85499999997,0.44233737596471884,0.533406835722161,1.5424543250514535,-12.879063709693497,2.4010379962760466,10.46963029094809,588,4748.624999999993,0.42517006802721086,0.5289115646258503,3.02927525233401,-3.979495089903267,19.00396575618383,10.881875011028233,-28,954.7649999999994,0.0013993965652009943,0.0015199192198598332,0.023693549594382857,0.0,0.041106727562471246,0.3210314360394264,-5,157.29000000000087,0.0002122265432311088,0.0027732846933039568,0.0552594754744784,0.010361378535498567,0.7281291441704525,0.44233918290899865
avg_side_veto_gex_skewterm_side_parity_balance_wf,veto0.12,4530,34090.87999999996,0.44260485651214126,0.5335540838852098,1.5570771218260724,-12.879063709693497,2.421977595426979,10.63750889140484,588,4643.384999999993,0.42346938775510207,0.5272108843537415,3.040469730783457,-4.014994988249389,18.384261578236604,10.639431095403916,-33,1447.7899999999936,0.0016668771126234216,0.0016671673829086187,0.03831634636900172,0.0,0.06204632671340349,0.48891003649617737,-5,52.05000000000109,-0.0014884537288776811,0.0010726044211951669,0.06645395392392572,-0.025138519810623094,0.10842496622322528,0.1998952672846812
avg_side_veto_gex_skewterm_side_parity_balance_wf,veto0.13,4526,33983.71999999997,0.4427750773309766,0.5335837384003536,1.5578772611471978,-12.879063709693497,2.417442661587975,10.60823349793336,587,4581.694999999994,0.42248722316865417,0.5264054514480409,3.0402680011916963,-4.036100458562552,18.02542051579079,10.506990296783743,-37,1340.6300000000047,0.0018370979314587532,0.0016968218980524252,0.039116485690127156,0.0,0.05751139287439955,0.4596346430246978,-6,-9.639999999997599,-0.002470618315325579,0.0002671715154944909,0.06625222433216482,-0.046243990123786105,-0.2504160962225903,0.06745446866450777
avg_side_veto_gex_skewterm_side_parity_balance_wf,veto0.14,4523,33716.634999999966,0.44262657528189253,0.5334954676099933,1.5495558447805169,-12.879063709693497,2.406100404062964,10.527201278102298,586,4527.774999999994,0.4232081911262799,0.5273037542662116,3.044735719720559,-4.036100458562552,17.796211103074597,10.405955867177722,-40,1073.5449999999983,0.0016885958823746883,0.0016085511076922021,0.030795069323446222,0.0,0.04616913534938849,0.3786024231936356,-7,-63.55999999999767,-0.0017496503576998612,0.0011654743336652063,0.07071994286102745,-0.046243990123786105,-0.4796255089387813,-0.03357996094151261
avg_side_veto_gex_skewterm_side_parity_balance_wf,veto0.15,4517,33737.79499999997,0.44277175116227585,0.5333185742749612,1.5476564035823814,-12.879063709693497,2.407001064429799,10.543887314668277,585,4550.144999999994,0.4239316239316239,0.5264957264957265,2.9374212627785963,-4.545491702102942,15.88627116090512,10.506603016384222,-46,1094.7050000000017,0.0018337717627580075,0.0014316577726600777,0.02889562812531077,0.0,0.047069795716223606,0.39528845975961424,-8,-41.18999999999778,-0.0010262175523558237,0.00035744656318015267,-0.03659451408093517,-0.5556352336641766,-2.3895654511082594,0.06706718826498737
avg_side_veto_gex_skewterm_side_parity_balance_wf,veto0.16,4514,33749.01999999997,0.4428444838280904,0.5332299512627382,1.5484630713385,-12.879063709693497,2.4074787040727563,10.555100239615543,584,4506.794999999995,0.4246575342465753,0.5273972602739726,2.881201333046451,-4.865416536185562,14.688928532572712,10.416931994240944,-49,1105.9300000000003,0.0019065044285725419,0.0013430347604370674,0.029702295881429253,0.0,0.047547435359180934,0.40650138470688013,-9,-84.53999999999724,-0.0003003072374044291,0.0012589803414262413,-0.09281444381308024,-0.8755600677467967,-3.5869080794406667,-0.022603833878291013
avg_side_veto_gex_skewterm_side_parity_balance_wf,veto0.17,4506,33913.15499999997,0.4434087882822903,0.5337328007101643,1.5522588367620478,-12.879063709693497,2.4144514700515782,10.615720892678087,584,4265.294999999995,0.4212328767123288,0.523972602739726,2.705204356564785,-6.824661006086212,9.868031859575662,9.883519253455445,-57,1270.0650000000023,0.0024708088827724572,0.0018458842078631355,0.03349806130497712,0.0,0.05452020133800284,0.46712203776942474,-9,-326.03999999999724,-0.0037249647716509626,-0.0021656771928203478,-0.2688114202947465,-2.8348045376474467,-8.407804752437716,-0.55601657466379
avg_side_veto_gex_skewterm_side_parity_balance_wf,veto0.18,4499,33718.78499999996,0.4436541453656368,0.5334518781951545,1.5472243079470922,-12.879063709693497,2.4061919335395485,10.568572383914518,584,4265.294999999995,0.4212328767123288,0.523972602739726,2.705204356564785,-6.824661006086212,9.868031859575662,9.883519253455445,-64,1075.6949999999924,0.0027161659661189552,0.0015649616928533616,0.028463532490021537,0.0,0.04626066482597313,0.41997352900585483,-9,-326.03999999999724,-0.0037249647716509626,-0.0021656771928203478,-0.2688114202947465,-2.8348045376474467,-8.407804752437716,-0.55601657466379
avg_side_veto_gex_skewterm_side_parity_balance_wf,veto0.19,4495,34025.20499999996,0.44449388209121243,0.5343715239154616,1.551990639178497,-12.879063709693497,2.4191993465784383,10.660912764148556,582,4287.259999999995,0.422680412371134,0.5240549828178694,2.690047081847132,-7.319356795175376,9.25212051202976,9.96492614501376,-68,1382.1149999999907,0.00355590269169459,0.002484607413160478,0.033229863721426334,0.0,0.05926807786486288,0.512313909239893,-11,-304.0749999999971,-0.0022774291128457302,-0.0020832971146769186,-0.2839686950123994,-3.3295003267366106,-9.023716099983618,-0.47460968310547536
avg_side_veto_gex_skewterm_side_parity_balance_wf,veto0.20,4488,33672.009999999966,0.44385026737967914,0.5340909090909091,1.536472301161993,-12.879063709693497,2.4041998044134067,10.539683797685573,580,4407.799999999994,0.4224137931034483,0.5275862068965518,2.791430290966073,-5.899620112740724,11.826932036245307,10.266280933873333,-75,1028.9199999999983,0.002912287980161299,0.002203992588607928,0.017711525704922293,0.0,0.04426853569983136,0.3910849427769101,-13,-183.53499999999804,-0.0025440483805314607,0.0014479269640054193,-0.18258548589345835,-1.9097636443019583,-6.448904575768072,-0.17325489424590224
avg_side_veto_gex_skewterm_side_parity_balance_wf,veto0.21,4483,33800.539999999964,0.44389917465982603,0.5342404639750167,1.540833487720427,-12.879063709693497,2.409669669476177,10.579055045073867,580,4407.799999999994,0.4224137931034483,0.5275862068965518,2.791430290966073,-5.899620112740724,11.826932036245307,10.266280933873333,-80,1157.449999999997,0.0029611952603081915,0.0023535474727155448,0.022072712263356387,0.0,0.04973840076260139,0.430456190165204,-13,-183.53499999999804,-0.0025440483805314607,0.0014479269640054193,-0.18258548589345835,-1.9097636443019583,-6.448904575768072,-0.17325489424590224
avg_side_veto_gex_skewterm_side_parity_balance_wf,veto0.22,4469,34336.51499999996,0.44618482882076527,0.5359140747370776,1.545548308120239,-12.879063709693497,2.4323388111872513,10.738890984689855,580,4303.2499999999945,0.4206896551724138,0.5275862068965518,2.7259659381126258,-5.899620112740724,11.524759800332358,9.992300129616021,-94,1693.4249999999956,0.005246849421247424,0.004027158234776507,0.026787532663168356,0.0,0.07240754247367587,0.5902921297811918,-13,-288.0849999999973,-0.004268186311565947,0.0014479269640054193,-0.24804983874690567,-1.9097636443019583,-6.7510768116810205,-0.44723569850321354
avg_side_veto_gex_skewterm_side_parity_balance_wf,veto0.23,4459,34788.99999999997,0.44583987441130296,0.5357703520968827,1.558471268421216,-12.879063709693497,2.451303089915927,10.851287885893438,578,4488.489999999994,0.42387543252595156,0.5294117647058824,2.6614668739183722,-6.056848884118575,11.747733872216207,10.402462759865141,-104,2145.9100000000035,0.004901895011785118,0.003883435594581597,0.039710492964145416,0.0,0.09137182120235154,0.7026890309847751,-15,-102.84499999999753,-0.0010824089580281915,0.0032734847733359995,-0.3125489029411592,-2.0669924156798096,-6.528102739797172,-0.0370730682540934
avg_side_veto_gex_skewterm_side_parity_balance_wf,veto0.24,4450,34901.33499999996,0.44696629213483147,0.5364044943820224,1.5576029516571532,-12.879063709693497,2.455986941127048,10.872814001555271,577,4530.229999999994,0.4246100519930676,0.5320623916811091,2.6876289508018,-5.949195171835599,12.080521983981198,10.493542050792637,-113,2258.2449999999953,0.0060283127353136234,0.004517577879721291,0.03884217620008257,0.0,0.09605567241347268,0.7242151466466087,-16,-61.104999999997744,-0.0003477894909121315,0.005924111748562777,-0.28638682605773136,-1.959338703396833,-6.195314628032181,0.054006222673402604
avg_side_veto_gex_skewterm_side_parity_balance_wf,veto0.25,4438,35097.84499999996,0.4472735466426318,0.5365029292474087,1.5557259269617132,-12.879063709693497,2.4641575285733968,10.916871318731706,576,4343.9999999999945,0.4236111111111111,0.53125,2.5280927686449273,-7.447577147804196,9.222576033379209,10.068343750499755,-125,2454.75499999999,0.00633556724311396,0.004616012745107589,0.036965151504642524,0.0,0.10422625985982137,0.7682724638230436,-17,-247.3349999999973,-0.001346730372868643,0.00511172006745364,-0.4459230082146042,-3.4577206793654307,-9.05326057863417,-0.3711920776194795
avg_side_veto_gex_skewterm_side_parity_balance_wf,veto0.26,4417,36090.474999999955,0.44872085125650896,0.5379216662893367,1.586567746347868,-12.879063709693497,2.504990478102966,11.200913975102381,573,4359.899999999994,0.42757417102966844,0.5357766143106457,2.518519062053634,-8.476563191441775,8.135010451301492,10.118094329258216,-146,3447.3849999999875,0.007782871856991114,0.006034749787035554,0.06780697089079735,0.0,0.14505920938939054,1.0523151201937182,-20,-231.43499999999767,0.0026163295456886893,0.009638334378099356,-0.45549671480589726,-4.486706723003009,-10.140826160711887,-0.32144149886101836
avg_side_veto_gex_skewterm_side_parity_balance_wf,veto0.27,4393,35478.37999999996,0.4491236057363988,0.5372183018438424,1.5584558420232222,-12.879063709693497,2.47989724400578,10.996959239124442,573,4536.349999999994,0.4293193717277487,0.537521815008726,2.5703872812286552,-8.357906544843821,8.611524278522642,10.509646072809346,-170,2835.2899999999936,0.008185626336880969,0.005331385341541317,0.039695066566151516,0.0,0.11996597529220443,0.8483603842157788,-20,-54.984999999997854,0.004361530243768952,0.011383535076179618,-0.4036284956308762,-4.368050076405056,-9.664312333490736,0.0701102446901114
avg_side_veto_gex_skewterm_side_parity_balance_wf,veto0.28,4379,35711.27999999996,0.4498744005480703,0.5382507421785796,1.5604815788142399,-12.879063709693497,2.489477466548333,11.029850598291569,571,4609.749999999993,0.4273204903677758,0.5376532399299475,2.5809312339578243,-8.216164365400292,8.913448741148079,10.695636941160348,-184,3068.189999999995,0.008936421148552476,0.006363825676278467,0.04172080335716921,0.0,0.1295461978347574,0.8812517433829061,-22,18.415000000000873,0.002362648883796059,0.011514959997401153,-0.39308454290170713,-4.226307896961527,-9.3623878708653,0.2561011130411135
avg_side_veto_gex_skewterm_side_parity_balance_wf,veto0.29,4350,35993.20499999996,0.45057471264367815,0.5386206896551724,1.5558312459786454,-12.879063709693497,2.5010210977195775,11.120683398607062,570,4228.359999999994,0.4245614035087719,0.531578947368421,2.434425500229865,-8.366106599506788,7.974836699954493,9.859527683024039,-213,3350.1149999999907,0.009636733244160312,0.00673377315287127,0.03707047052157475,0.0,0.1410898290060021,0.9720845436983989,-23,-362.97499999999764,-0.00039643797520783064,0.00544066743587468,-0.5395902766296663,-4.376250131068022,-10.300999912058884,-0.5800081450951957
avg_side_veto_gex_skewterm_side_parity_balance_wf,veto0.30,4325,36094.84999999996,0.44971098265895953,0.5387283236994219,1.554976776653253,-12.879063709693497,2.5051688515857684,11.13292639817351,568,4015.929999999993,0.4225352112676056,0.5299295774647887,2.308330662731485,-8.113622685787835,7.779846664949321,9.360692703334044,-238,3451.7599999999948,0.008773003259441692,0.006841407197120786,0.03621600119618229,0.0,0.14523758287219302,0.9843275432648468,-25,-575.4049999999988,-0.002422630216374122,0.003791297532242388,-0.6656851141280464,-4.123766217349069,-10.495989947064057,-1.078843124785191
avg_side_veto_gex_skewterm_side_parity_balance_wf,veto0.35,4166,32495.854999999974,0.4469515122419587,0.5374459913586174,1.4257068557681571,-17.79216587452104,1.7036264063326376,10.284241096144973,556,3856.394999999993,0.42805755395683454,0.5233812949640287,2.4222071988308467,-9.045402150366659,6.681680342433114,9.007804173203997,-397,-147.2349999999933,0.006013532842440883,0.005559074856316237,-0.09305391968891352,-4.913102164827542,-0.6563048623809378,0.13564224123630986,-37,-734.9399999999987,0.0030997124728547876,-0.0027569849685176173,-0.5518085780286848,-5.055545681927893,-11.594156269580264,-1.4317316549152377
avg_side_veto_gex_skewterm_side_parity_balance_wf,veto0.40,3985,31760.659999999974,0.4476787954830615,0.5357590966122961,1.3659044188208211,-18.540334753642217,1.6124690436431897,10.435131334372565,548,3975.3299999999967,0.4324817518248175,0.5291970802919708,2.555770330968068,-10.8302326078485,5.765186992039426,9.467384175277093,-578,-882.429999999993,0.006740816083543655,0.003872180109995016,-0.15285635663624952,-5.6612710439487195,-0.7474622250703857,0.2865324794639026,-45,-616.0049999999951,0.0075239103408377694,0.0030588003594244073,-0.4182454458914635,-6.8403761394097335,-12.510649619973954,-0.9721516528421414
avg_side_veto_gex_skewterm_side_parity_balance_wf,veto0.45,3778,34209.57499999998,0.45738485971413445,0.5442032821598729,1.4413973513965586,-18.872641650073398,1.6562260742606092,11.714042126492469,529,3874.9449999999965,0.43478260869565216,0.5255198487712666,2.4296855321473196,-10.892020332785975,5.577467417740333,9.508808471720148,-785,1566.4850000000151,0.016446880314616608,0.01231636565757177,-0.07736342406051211,-5.9935779403799,-0.7037051944529662,1.5654432715838063,-64,-716.3899999999953,0.009824767211672414,-0.0006184311612797977,-0.5443302447122118,-6.90216386434721,-12.698369194273045,-0.9307273563990872
avg_side_veto_gex_skewterm_side_parity_balance_wf,veto0.50,3427,34997.899999999994,0.46367084913918877,0.5512109716953604,1.485034290279538,-20.72682095285245,1.5285783116975507,12.940226100759824,511,3930.779999999998,0.42661448140900193,0.5244618395303327,2.5795559220680877,-10.352209555836227,5.958953118929025,10.034772650280466,-1136,2354.810000000027,0.022732869739670925,0.019324055193059242,-0.03372648517753274,-7.847757243158952,-0.8313529570160247,2.7916272458511617,-82,-660.5549999999939,0.0016566399250221853,-0.001676440402213708,-0.39445985479144374,-6.362353087397461,-12.316883493084354,-0.4047631778387686
avg_side_veto_gex_skewterm_side_parity_balance_wf,tilt0.01,4563,32892.15499999997,0.44093797939951784,0.5325443786982249,1.5276704895786828,-12.879063709693497,2.370726508038285,10.227927602211231,593,4591.334999999992,0.42495784148397975,0.5261382799325464,2.9740157768595314,-3.9898564684387656,18.27583661201338,10.439535828119235,0,249.06500000000233,0.0,0.0006574621959237748,0.008909714121612122,0.0,0.010795239324709716,0.07932874730256856,0,0.0,0.0,0.0,0.0,0.0,0.0,0.0
avg_side_veto_gex_skewterm_side_parity_balance_wf,tilt0.02,4563,33095.31999999997,0.4413762875301337,0.5329826868288406,1.5309425503512262,-12.879063709693497,2.3794944391215465,10.28500100860093,593,4591.334999999992,0.42495784148397975,0.5261382799325464,2.9740157768595314,-3.9898564684387656,18.27583661201338,10.439535828119235,0,452.2300000000032,0.00043830813061584983,0.0010957703265395136,0.012181774894155506,0.0,0.019563170407971064,0.13640215369226638,0,0.0,0.0,0.0,0.0,0.0,0.0,0.0
avg_side_veto_gex_skewterm_side_parity_balance_wf,tilt0.03,4563,32701.23999999997,0.44115713346482577,0.5327635327635327,1.522031920355389,-12.879063709693497,2.362456268122293,10.160823580892039,593,4591.334999999992,0.42495784148397975,0.5261382799325464,2.9740157768595314,-3.9898564684387656,18.27583661201338,10.439535828119235,0,58.150000000001455,0.00021915406530792492,0.0008766162612315886,0.0032711448983182567,0.0,0.002524999408717754,0.012224725983376317,0,0.0,0.0,0.0,0.0,0.0,0.0,0.0
avg_side_veto_gex_skewterm_side_parity_balance_wf,tilt0.05,4563,33005.41999999997,0.4415954415954416,0.5329826868288406,1.526521267858304,-12.879063709693497,2.375618826425455,10.259346322744879,593,4524.584999999992,0.42495784148397975,0.524451939291737,2.9532558552928294,-3.9898564684387656,17.988770624956754,10.287267310227394,0,362.33000000000175,0.0006574621959237748,0.0010957703265395136,0.007760492401233332,0.0,0.015687557711879574,0.11074746783621592,0,-66.75,0.0,-0.001686340640809414,-0.020759921566702033,0.0,-0.287065987056625,-0.15226851789184082
avg_side_veto_gex_skewterm_side_parity_balance_wf,tilt0.07,4563,32266.52999999997,0.44093797939951784,0.532325224632917,1.5000887212897502,-13.336886648886223,2.263064705673638,10.01906715217118,593,4524.584999999992,0.42495784148397975,0.524451939291737,2.9532558552928294,-3.9898564684387656,17.988770624956754,10.287267310227394,0,-376.5599999999977,0.0,0.00043830813061584983,-0.01867205416732043,-0.45782293919272554,-0.09686656303993724,-0.1295317027374825,0,-66.75,0.0,-0.001686340640809414,-0.020759921566702033,0.0,-0.287065987056625,-0.15226851789184082
avg_side_veto_gex_skewterm_side_parity_balance_wf,tilt0.10,4563,31972.57999999997,0.44049967126890205,0.5318869165023011,1.4930265979980728,-13.336886648886223,2.2506069122411874,9.922587408318508,593,4524.584999999992,0.42495784148397975,0.524451939291737,2.9532558552928294,-3.9898564684387656,17.988770624956754,10.287267310227394,0,-670.5099999999984,-0.0004383081306157943,0.0,-0.025734177458997864,-0.45782293919272554,-0.10932435647238803,-0.22601144659015482,0,-66.75,0.0,-0.001686340640809414,-0.020759921566702033,0.0,-0.287065987056625,-0.15226851789184082
avg_side_veto_gex_skewterm_side_parity_balance_wf,tilt0.15,4563,32356.974999999977,0.44093797939951784,0.5321060705676091,1.501122205595762,-14.472501768433288,2.0890078208766245,10.01293107129687,593,4608.284999999993,0.42495784148397975,0.524451939291737,2.983323384672318,-3.9619231797097596,18.478193372563567,10.461800444417388,0,-286.1149999999907,0.0,0.00021915406530792492,-0.01763856986130863,-1.5934380587397907,-0.2709234478369509,-0.1356677836117921,0,16.950000000000728,0.0,-0.001686340640809414,0.0093076078127865,0.027933288729006023,0.20235676055018814,0.022264616298153683
avg_side_veto_gex_skewterm_side_parity_balance_wf,tilt0.20,4563,32897.67999999997,0.4413762875301337,0.532325224632917,1.5082713830444514,-15.03599072936159,2.030848179768413,10.163233975102886,593,4667.694999999992,0.42495784148397975,0.5261382799325464,3.0127817735495737,-3.9619231797097596,18.73612895755768,10.580587614599336,0,254.59000000000378,0.00043830813061584983,0.00043830813061584983,-0.010489392412619258,-2.1569270196680925,-0.3290830889451626,0.01463512019422275,0,76.36000000000058,0.0,0.0,0.038765996690042215,0.027933288729006023,0.46029234554429976,0.14105178648010153
avg_side_veto_gex_skewterm_side_parity_balance_wf,tilt0.30,4563,33007.90499999997,0.4418145956607495,0.5325443786982249,1.5081618827568444,-16.019003412497806,1.9100518486702833,10.201960013319942,593,4375.804999999993,0.42327150084317033,0.524451939291737,2.810732482314407,-3.911324268897556,17.69943611763951,9.875982733412853,0,364.8150000000023,0.0008766162612316442,0.0006574621959237748,-0.010598892700226292,-3.139939702804309,-0.44987942004329207,0.05336115841127942,0,-215.52999999999884,-0.001686340640809414,-0.001686340640809414,-0.16328329454512458,0.07853219954120982,-0.5764004943738676,-0.563553094706382
avg_side_veto_gex_skewterm_side_parity_balance_wf,tilt0.50,4563,35304.309999999976,0.4451019066403682,0.5362699978084593,1.553669537918574,-14.763765958388106,2.1570512177576773,10.860730565372593,593,4821.9899999999925,0.4266441821247892,0.5278246205733558,2.936578760371624,-3.8392937113186045,20.028122144834608,10.855137640143994,0,2661.2200000000084,0.004163927240850351,0.004383081306158165,0.03490876246150343,-1.8847022486946088,-0.20288005095589812,0.7121317104639306,0,230.65500000000065,0.0016863406408094694,0.001686340640809414,-0.03743701648790765,0.1505627571201611,1.7522855328212295,0.4156018120247591
avg_side_veto_gex_skewterm_side_parity_balance_wf,tilt0.75,4563,35559.249999999985,0.445540214770984,0.5373657681349989,1.548030168432531,-14.25166153797269,2.2440650655088916,10.876648526811607,593,4350.539999999992,0.418212478920742,0.524451939291737,2.6368997436618766,-5.8631802090452645,11.733791226864009,9.7913574425898,0,2916.160000000018,0.004602235371466146,0.00547885163269779,0.029269392975460384,-1.3725978282791935,-0.11586620320468377,0.7280496719029443,0,-240.79500000000007,-0.006745362563237767,-0.001686340640809414,-0.3371160331976548,-1.8733237406064989,-6.54204538514937,-0.6481783855294356
avg_side_veto_gex_skewterm_side_parity_balance_wf,tilt1.00,4563,36383.644999999975,0.44641683103221563,0.5393381547227701,1.5627311366969252,-13.767475236740617,2.354497139760173,11.061504682123042,593,4912.884999999991,0.42327150084317033,0.5278246205733558,3.1481747575122334,-4.417846875694923,17.76166341931255,11.08100146810352,0,3740.5550000000076,0.00547885163269779,0.007451238220469003,0.04397036123985454,-0.8884115270471202,-0.00543412895340234,0.9129058272143791,0,321.5499999999993,-0.001686340640809414,0.001686340640809414,0.17415898065270197,-0.4279904072561571,-0.5141731927008273,0.6414656399842844
min_side_veto_gex_skewterm_side_parity_balance_wf,veto0.02,4427,37228.75499999996,0.45493562231759654,0.5446126044725548,1.6343319162797614,-12.879063709693497,2.5509398454935988,11.562086380711138,584,4146.924999999993,0.4246575342465753,0.523972602739726,2.7336542426107493,-3.9553523914178284,16.518652533688705,9.426159919388606,-136,4585.664999999994,0.013997642918078701,0.01272568797025364,0.11557114082269071,0.0,0.19100857678002336,1.4134875258024753,-9,-444.40999999999894,-0.0003003072374044291,-0.0021656771928203478,-0.24036153424878215,0.034504077020937274,-1.7571840783246735,-1.0133759087306284
min_side_veto_gex_skewterm_side_parity_balance_wf,veto0.03,4393,38563.844999999965,0.458001365809242,0.5472342362849989,1.669386342858044,-12.879063709693497,2.603694887425163,11.968016368727104,582,4105.2899999999945,0.42783505154639173,0.5240549828178694,2.7726908165090767,-4.619629824422355,13.99079345111771,9.286024174982016,-170,5920.754999999997,0.017063386409724157,0.015347319782697766,0.15062556740097333,0.0,0.2437636187115877,1.8194175138184416,-11,-486.04499999999734,0.0028772100624119834,-0.0020832971146769186,-0.20132496035045477,-0.6297733559835894,-4.285043160895668,-1.153511653137219
min_side_veto_gex_skewterm_side_parity_balance_wf,veto0.04,4351,39855.864999999976,0.4598942771776603,0.5481498506090554,1.6977527927543947,-14.134347304305846,2.4179603279569757,12.39960481414669,579,4632.839999999993,0.43350604490500866,0.5302245250431779,2.9811581320207012,-4.682939997010796,15.723312959781182,10.596963852423304,-212,7212.775000000009,0.01895629777814245,0.01626293410675428,0.17899201729732406,-1.255283594612349,0.058029059243400294,2.251005959238027,-14,41.50500000000102,0.00854820342102891,0.004086245110631492,0.007142355161169789,-0.6930835285720303,-2.552523652232196,0.15742802430406933
min_side_veto_gex_skewterm_side_parity_balance_wf,veto0.05,4313,40297.32499999997,0.4613957801993972,0.5497333642476234,1.7160566008083424,-13.66360339978331,2.5171192650763135,12.584486782273197,577,4524.034999999991,0.43327556325823224,0.5303292894280762,2.856876370366593,-5.891607000049569,12.18057913335786,10.330403668132618,-250,7654.235000000001,0.020457800799879355,0.01784644774532229,0.19729582535127177,-0.7845396900898134,0.15718799636273806,2.4358879273645346,-16,-67.30000000000109,0.008317721774252496,0.004191009495529863,-0.1171394064929383,-1.9017505316108032,-6.095257478655519,-0.10913215998661663
min_side_veto_gex_skewterm_side_parity_balance_wf,veto0.06,4281,39536.864999999976,0.46134080822237794,0.5480028030833918,1.6747251238762773,-14.133283202942396,2.4069975095548424,12.417566137419895,573,4699.49499999999,0.4363001745200698,0.5340314136125655,2.8262798375797646,-6.390676158621828,11.701244744020944,10.839533674669232,-282,6893.775000000009,0.020402828822860097,0.016115886581090644,0.1559643484192066,-1.2542194932488986,0.04706624084126698,2.268967282511232,-20,108.15999999999804,0.011342333036090058,0.007893133680019093,-0.1477359392797668,-2.400819690183062,-6.574591867992435,0.39999784654999715
min_side_veto_gex_skewterm_side_parity_balance_wf,veto0.07,4246,39593.429999999964,0.46184644371172867,0.5489872821479039,1.6664354548236116,-14.693410280713994,2.317145401607441,12.514419256085215,569,4381.33999999999,0.4358523725834798,0.5325131810193322,2.672903203330937,-7.595346840151608,9.126993397067208,10.170038388277277,-317,6950.3399999999965,0.020908464312210828,0.0171003656456028,0.14767467936654088,-1.8143465710204971,-0.0427858671061343,2.3658204011765527,-24,-209.9950000000017,0.01089453109950006,0.006374901086785845,-0.30111257352859466,-3.6054903717128424,-9.14884321494617,-0.26949743984195784
min_side_veto_gex_skewterm_side_parity_balance_wf,veto0.08,4213,39388.29499999997,0.4621409921671018,0.5497270353667221,1.659419932204645,-14.970804605019048,2.2674221928680423,12.518738397258778,567,3856.4949999999913,0.43386243386243384,0.5255731922398589,2.318122235698914,-9.188489393065423,6.577812888626576,8.951217253392057,-350,6745.205000000002,0.021203012767583962,0.01784011886442094,0.14065915674757434,-2.0917408953255503,-0.09250907584553314,2.370139542350115,-26,-734.8400000000006,0.00890459237845409,-0.0005650876926874826,-0.6558935411606175,-5.198632924626657,-11.698023723386804,-1.4883185747271774
min_side_veto_gex_skewterm_side_parity_balance_wf,veto0.09,4187,40651.99499999997,0.46214473369954623,0.5507523286362551,1.6922053898024008,-13.813752141509925,2.502277164070105,12.957251805184887,563,3821.344999999992,0.433392539964476,0.5293072824156305,2.282674366603801,-9.950459843958791,6.014858236491395,8.886495444018369,-376,8008.905000000006,0.021206754300028385,0.018865412133953985,0.1734446143453301,-0.9346884318164275,0.14234589535652953,2.8086529502762243,-30,-769.9899999999998,0.008434698480496272,0.00316900248308416,-0.6913414102557303,-5.960603375520026,-12.260978375521983,-1.553040384100866
min_side_veto_gex_skewterm_side_parity_balance_wf,veto0.10,4165,40840.67999999997,0.46194477791116445,0.5500600240096039,1.694962115600057,-14.788023773277484,2.343614434961792,13.057586675242403,561,3922.7599999999907,0.43493761140819964,0.5311942959001783,2.2731679282625614,-10.658832403000316,5.774875648201472,9.109653921118042,-398,8197.590000000004,0.021006798511646607,0.01817310750730272,0.17620134014298627,-1.9089600635839865,-0.01631683375178339,2.9089878203337403,-32,-668.5750000000012,0.009979769924219895,0.005056015967631944,-0.70084784859697,-6.6689759345615505,-12.500960963811906,-1.3298819070011927
min_side_veto_gex_skewterm_side_parity_balance_wf,veto0.11,4136,39700.74499999997,0.46034816247582205,0.5481141199226306,1.6644361715293818,-16.548695165318282,2.0605733452928225,12.749751135629843,560,3428.659999999989,0.43214285714285716,0.5285714285714286,2.173351065790004,-10.852536856344353,4.912237954416734,7.932311631717283,-427,7057.655000000006,0.01941018307630421,0.01622720342032946,0.14567539607231117,-3.669631455624785,-0.29935792342075285,2.6011522807211804,-33,-1162.675000000003,0.007185015658877414,0.002433148638882221,-0.8006647110695275,-6.862680387905587,-13.363598657596643,-2.5072241964019515
min_side_veto_gex_skewterm_side_parity_balance_wf,veto0.12,4101,39116.659999999974,0.46086320409656184,0.548158985613265,1.642635180155365,-16.662855145308853,2.029065342579953,12.659307459926723,555,3392.389999999994,0.43243243243243246,0.5261261261261261,2.124697875724454,-10.54735691551899,4.9975018664251625,7.9412332028985775,-462,6473.570000000007,0.019925224697043997,0.016272069110963905,0.12387440469829425,-3.783791435615356,-0.3308659261336224,2.51070860501806,-38,-1198.944999999998,0.0074745909484527084,-1.2153806420278634e-05,-0.8493179011350773,-6.557500447080224,-13.278334745588216,-2.4983026252206573
min_side_veto_gex_skewterm_side_parity_balance_wf,veto0.13,4068,38261.39499999998,0.4614060963618486,0.5476892822025565,1.6273715081451672,-16.958383536786375,1.9683823651800043,12.501102301520618,549,3360.684999999996,0.43169398907103823,0.5245901639344263,2.1540585034631348,-9.679977867484112,5.391202266368794,7.99922166299911,-495,5618.305000000015,0.02046811696233075,0.015802365700255394,0.10861073268809651,-4.079319827092878,-0.3915489035335711,2.352503446611955,-44,-1230.649999999996,0.006736147587058483,-0.0015481159981201031,-0.8199572733963967,-5.6901213990453465,-12.884634345644585,-2.4403141651201246
min_side_veto_gex_skewterm_side_parity_balance_wf,veto0.14,4034,37160.26499999997,0.4600892414476946,0.5468517600396628,1.5795068501202199,-17.97793043897859,1.8254849036005059,12.238900917647532,546,3537.224999999997,0.4340659340659341,0.5256410256410257,2.3552835360837787,-9.58362553858337,5.750429606448599,8.53174962101614,-529,4517.175000000003,0.019151262048176743,0.014964843537361716,0.060746074663149185,-5.098866729285092,-0.5344463651130695,2.0903020627388695,-47,-1054.1099999999947,0.00910809258195433,-0.000497254291520699,-0.6187322407757527,-5.593769070144604,-12.52540700556478,-1.9077862071030953
min_side_veto_gex_skewterm_side_parity_balance_wf,veto0.15,3997,34540.424999999974,0.4568426319739805,0.5439079309482111,1.5121201608182278,-18.455015450690983,1.7034157424413523,11.500090428087086,545,3921.3449999999957,0.43853211009174314,0.5302752293577981,2.6212036070297797,-8.185325466407095,7.517066324284055,9.48934122033661,-566,1897.3350000000064,0.015904652574462663,0.012021014445909972,-0.006640614638842912,-5.5759517409974855,-0.6565155262722231,1.3514915731784232,-48,-669.9899999999961,0.013574268607763396,0.004136949425251779,-0.3528121698297517,-4.195468997968329,-10.758770287729323,-0.950194607782624
min_side_veto_gex_skewterm_side_parity_balance_wf,veto0.16,3970,33589.16499999998,0.4574307304785894,0.5440806045340051,1.4770906696440926,-19.191695394643755,1.611027321892856,11.271150626851275,544,3508.284999999996,0.43566176470588236,0.5257352941176471,2.3741393370603867,-8.301735645292503,6.580500908877791,8.483934310470318,-593,946.0750000000116,0.016492751079071555,0.012193688031703953,-0.04167010581297803,-6.312631684950258,-0.7489039468207195,1.1225517719426126,-49,-1083.0499999999956,0.010703923221902611,-0.00040298581489928154,-0.5998764397991447,-4.311879176853737,-11.695335703135587,-1.9556015176489172
min_side_veto_gex_skewterm_side_parity_balance_wf,veto0.17,3934,34175.69499999998,0.45882053889171326,0.5457549567869853,1.4932852328966149,-18.75926559718355,1.6652543445289931,11.542191127705703,544,3600.989999999996,0.43566176470588236,0.5275735294117647,2.4380648419423854,-8.142148117671583,6.898677018664482,8.683537356435473,-629,1532.6050000000105,0.017882559492195416,0.013868040284684136,-0.02547554256045581,-5.880201887490053,-0.6946769241845823,1.39359227279704,-49,-990.3449999999957,0.010703923221902611,0.001435249479218359,-0.5359509349171461,-4.152291649232818,-11.377159593348896,-1.7559984716837622
min_side_veto_gex_skewterm_side_parity_balance_wf,veto0.18,3907,34779.42999999997,0.4599436908113642,0.5464550806245201,1.4993213770377936,-19.04813669988488,1.657135518602868,11.806752676999286,542,3851.6149999999957,0.43911439114391143,0.5313653136531366,2.6440500522634602,-6.3873137761450565,9.449711619531579,9.304503399792768,-656,2136.340000000004,0.01900571141184637,0.014568164122218952,-0.01943939841927711,-6.169072990191381,-0.7027957501107074,1.6581538220906236,-51,-739.7199999999962,0.014156549659931683,0.005227033720590191,-0.3299657245960712,-2.397457307706291,-8.8261249924818,-1.1350324283264666
min_side_veto_gex_skewterm_side_parity_balance_wf,veto0.19,3878,34266.424999999974,0.4597730789066529,0.5464156781846312,1.4832970756677528,-18.328656453208094,1.7070662802027299,11.731307769537873,537,4201.539999999995,0.441340782122905,0.5325884543761639,2.90175199190993,-4.966207285720086,13.342785568373095,10.299043226399801,-685,1623.3350000000064,0.018835099507135078,0.014528761682330082,-0.03546369978931785,-5.4495927435145965,-0.6528649885108455,1.58270891462921,-56,-389.79499999999643,0.01638294063892526,0.006450174443617507,-0.07226378494960128,-0.97635081728132,-4.933051043640283,-0.14049260171943345
min_side_veto_gex_skewterm_side_parity_balance_wf,veto0.20,3854,32531.584999999977,0.4587441619097042,0.5454073689673067,1.423881290652663,-20.709473408278928,1.4646073015856267,11.219635688967251,535,3755.1299999999965,0.4392523364485981,0.5289719626168224,2.6005180416516507,-6.062988058264265,9.6885947610568,9.238080336780941,-709,-111.5049999999901,0.01780618251018634,0.01352045246500555,-0.09487948480440767,-7.830409698585431,-0.8953239671279487,1.0710368340585887,-58,-836.2049999999954,0.014294494964618376,0.0028336826842760843,-0.37349773520788077,-2.0731315898254996,-8.587241850956579,-1.2014554913382938
min_side_veto_gex_skewterm_side_parity_balance_wf,veto0.21,3823,31938.964999999975,0.45906356264713577,0.5448600575464295,1.408054180346742,-19.955478988018076,1.5031976284083817,11.11063008323884,532,3887.879999999997,0.4417293233082707,0.5319548872180451,2.6880481675061794,-7.130352749964273,8.550368264436369,9.678679337298687,-740,-704.1249999999927,0.018125583247617927,0.012973141044128389,-0.11070659511032876,-7.076415278324578,-0.8567336403051937,0.9620312283301775,-61,-703.4549999999949,0.016771481824290946,0.005816607285498709,-0.2859676093533521,-3.1404962815255075,-9.72546834757701,-0.7608564908205473
min_side_veto_gex_skewterm_side_parity_balance_wf,veto0.22,3774,32481.09499999998,0.4599894011658718,0.5453100158982512,1.4011641963679182,-20.232575707395835,1.4977292346436313,11.435132577407826,528,3339.0099999999966,0.4356060606060606,0.5265151515151515,2.360261569710038,-8.504509284483467,6.094296664682943,8.355337240319688,-789,-161.99499999998807,0.019051421766353938,0.0134230993959501,-0.11759657908915244,-7.353511997702338,-0.8622020340699441,1.286533722499163,-65,-1252.3249999999953,0.01064821912208086,0.00037687158260513165,-0.6137542071494932,-4.514652816044701,-12.181539947330435,-2.0841985877995466
min_side_veto_gex_skewterm_side_parity_balance_wf,veto0.23,3749,32606.274999999972,0.46092291277674047,0.5457455321419045,1.4153426212154117,-21.48517217598425,1.413677203462736,11.578552962253644,527,3390.989999999996,0.43453510436432635,0.5256166982922201,2.426102845790048,-8.195221938270935,6.429026410347333,8.527377211441346,-814,-36.81499999999505,0.019984933377222625,0.013858615639603333,-0.10341815424165901,-8.606108466290753,-0.9462540652508393,1.4299541073449813,-66,-1200.3449999999957,0.009577262880346604,-0.0005215816403262297,-0.5479129310694835,-4.205365469832169,-11.846810201666045,-1.912158616677889
min_side_veto_gex_skewterm_side_parity_balance_wf,veto0.24,3721,31868.834999999977,0.4595538833646869,0.5452835259338887,1.393892886370825,-21.878687570950405,1.3692422278114407,11.398888626748176,523,3696.2299999999973,0.4359464627151052,0.5296367112810707,2.6389540755860104,-7.1710661792440105,8.05425094489312,9.365494304405733,-842,-774.2549999999901,0.018615903965169045,0.013396609431587603,-0.12486788908624558,-8.999623861256907,-0.9906890409021347,1.2502897718395136,-70,-895.1049999999946,0.010988621231125428,0.0034984313485243446,-0.3350617012735211,-3.181209710805245,-10.221585667120259,-1.0740415237135021
min_side_veto_gex_skewterm_side_parity_balance_wf,veto0.25,3702,31988.624999999978,0.46029173419773095,0.5451107509454349,1.404878765655438,-21.447045504522976,1.3999682527139523,11.533233545002556,519,3676.669999999998,0.4373795761078998,0.5298651252408478,2.606283718580696,-7.447470347779865,7.7114939955542035,9.388574532233632,-861,-654.4649999999892,0.019353754798213108,0.013223834443133797,-0.11388200980163266,-8.567981794829478,-0.9599630159996231,1.3846346900938933,-74,-914.664999999994,0.012421734623920044,0.003726845308301474,-0.36773205827883526,-3.4576138793410998,-10.564342616459175,-1.0509612958856032
min_side_veto_gex_skewterm_side_parity_balance_wf,veto0.26,3671,32646.10499999998,0.4611822391718878,0.5461727049850177,1.4400539339630267,-21.01960936749237,1.4460493350996826,11.859488939262102,514,3851.7599999999984,0.4396887159533074,0.5330739299610895,2.726060428619417,-7.834088826842659,7.704878969913181,10.005543395644143,-892,3.01500000001397,0.020244259772369932,0.014285788482716555,-0.07870684149404394,-8.140545657798874,-0.9138819336138928,1.710890084353439,-79,-739.5749999999935,0.014730874469327637,0.006935650028543128,-0.24795534824011423,-3.844232358403893,-10.570957642100197,-0.4339924324750921
min_side_veto_gex_skewterm_side_parity_balance_wf,veto0.27,3641,32033.57999999998,0.4622356495468278,0.5462784949189783,1.4247992864369008,-20.741917529895574,1.4487882336111864,11.759065720178059,512,4194.384999999998,0.443359375,0.53515625,2.887589129257386,-6.968405908017522,9.491645877837199,10.932548924139397,-922,-609.5099999999875,0.021297670147309933,0.014391578416677153,-0.09396148902016987,-7.862853820202076,-0.911143035102389,1.6104668652693963,-81,-396.94999999999345,0.018401533516020252,0.00901797006745364,-0.08642664760214558,-2.9785494395787566,-8.78419073417618,0.49301309602016197
min_side_veto_gex_skewterm_side_parity_balance_wf,veto0.28,3611,32105.554999999986,0.4624757684851842,0.5466629742453614,1.4240049196480264,-20.740433676777517,1.450855273470615,11.882335124023264,509,3837.8999999999974,0.4381139489194499,0.5304518664047151,2.758319037753039,-7.225230865291614,8.321975288359825,10.072205264189693,-952,-537.5349999999817,0.021537789085666337,0.014776057743060234,-0.09475585580904422,-7.86136996708402,-0.9090759952429603,1.7337362691146012,-84,-753.4349999999945,0.013156107435470132,0.004313586472168729,-0.21569673910649234,-3.2353743968528486,-9.953861323653554,-0.3673305639295421
min_side_veto_gex_skewterm_side_parity_balance_wf,veto0.29,3582,31207.794999999984,0.46119486320491343,0.5455053042992741,1.4079156525236434,-21.044070871544868,1.4055890247600331,11.641747488211566,508,4026.0499999999965,0.4409448818897638,0.5354330708661418,2.767014376669381,-7.175325953582353,8.82099015402804,10.549386683674035,-981,-1435.2949999999837,0.020256883805395587,0.013618387796972997,-0.1108451229334273,-8.16500716185137,-0.9543422439535423,1.4931486333029031,-85,-565.2849999999953,0.015987040405784025,0.00929479093359542,-0.20700140019015034,-3.185469485143587,-9.454846457985338,0.10985085555480012
min_side_veto_gex_skewterm_side_parity_balance_wf,veto0.30,3552,30895.40499999999,0.46114864864864863,0.5436373873873874,1.403994600186925,-20.311986713582794,1.4473719555185585,11.602145326653655,505,4169.629999999997,0.4415841584158416,0.5386138613861386,2.8914158273944612,-6.680188810602313,9.838320640261179,10.962720026460092,-1011,-1747.6849999999758,0.020210669249130786,0.011750470885086295,-0.11476617527014565,-7.432923003889297,-0.9125593131950169,1.4535464717449926,-88,-421.70499999999447,0.01662631693186184,0.012475581453592288,-0.08259994946507021,-2.690332342163547,-8.4375159717522,0.5231841983408572
min_side_veto_gex_skewterm_side_parity_balance_wf,veto0.35,3392,30915.609999999993,0.4634433962264151,0.5445165094339622,1.4125964693196527,-18.939651454020407,1.5528636595501657,12.146265893506516,494,4587.454999999996,0.44534412955465585,0.5404858299595142,3.00811777932322,-5.718807711214732,12.738900789942592,12.303909959438933,-1171,-1727.479999999974,0.022505416826897273,0.012629592931661104,-0.10616430613741801,-6.060587744326909,-0.8070676091634097,1.9976670385978537,-99,-3.8799999999955617,0.020386288070676106,0.014347550026967859,0.03410200246368866,-1.7289512427759668,-5.536935822070786,1.864374131319698
min_side_veto_gex_skewterm_side_parity_balance_wf,veto0.40,3217,30732.215000000004,0.46627292508548335,0.5480261112838047,1.4016872081629463,-20.439586594734184,1.433705948312989,12.450195716906602,478,5289.3049999999985,0.4476987447698745,0.5460251046025104,4.024854037719881,-4.190925486890755,20.290124365345406,14.72578598422101,-1346,-1910.8749999999636,0.025334945685965504,0.016139194781503607,-0.11707356729412433,-7.560522885040687,-0.9262253204005864,2.3015968619979397,-115,697.9700000000066,0.02274090328589473,0.019886824669964054,1.0508382608603495,-0.20106901845198966,2.0142877533320274,4.286250156101776
min_side_veto_gex_skewterm_side_parity_balance_wf,veto0.45,2958,29954.905000000002,0.46754563894523327,0.5517241379310345,1.3883984730333416,-19.43217845185397,1.4846123751726068,12.790668926565061,456,5236.744999999997,0.4517543859649123,0.5526315789473685,3.9833858652173872,-3.726998018001754,22.568607885375208,15.384842504070402,-1605,-2688.184999999965,0.026607659545715423,0.019837221428733343,-0.13036230242372904,-6.553114742160474,-0.8753188935409686,2.6420700716563985,-137,645.4100000000053,0.02679654448093255,0.026493299014822114,1.0093700883578558,0.2628584504370117,4.292771273361829,4.9453066759511675
min_side_veto_gex_skewterm_side_parity_balance_wf,veto0.50,2660,28308.380000000005,0.4680451127819549,0.5526315789473685,1.3732707785959015,-21.28340048613076,1.3090401208975617,13.117229097152613,426,4769.629999999996,0.45305164319248825,0.5492957746478874,3.8114762940765767,-2.384480250994028,31.868093483112474,14.71731007180258,-1903,-4334.709999999963,0.027107133382437032,0.02074466244506734,-0.14548999686116915,-8.404336776437262,-1.0508911478160137,2.9686302422439503,-167,178.2950000000037,0.028093801708508503,0.02315749471534101,0.8374605172170453,1.6053762174447375,13.592256871099096,4.277774243683345
min_side_veto_gex_skewterm_side_parity_balance_wf,tilt0.01,4563,32787.40499999997,0.44115713346482577,0.5325443786982249,1.5199784709871211,-12.879063709693497,2.3661925791744567,10.192661523571275,593,4591.334999999992,0.42495784148397975,0.5261382799325464,2.9740157768595314,-3.9898564684387656,18.27583661201338,10.439535828119235,0,144.31500000000233,0.00021915406530792492,0.0006574621959237748,0.0012176955300504666,0.0,0.0062613104608812975,0.04406266866261177,0,0.0,0.0,0.0,0.0,0.0,0.0,0.0
min_side_veto_gex_skewterm_side_parity_balance_wf,tilt0.02,4563,33030.10999999997,0.4413762875301337,0.5327635327635327,1.5288623078479218,-12.879063709693497,2.376683877642782,10.264880904470038,593,4591.334999999993,0.42495784148397975,0.5261382799325464,2.9740157768595314,-3.9898564684387656,18.27583661201338,10.439535828119237,0,387.0200000000041,0.00043830813061584983,0.0008766162612315886,0.010101532390851098,0.0,0.01675260892920649,0.11628204956137544,0,9.094947017729282e-13,0.0,0.0,0.0,0.0,0.0,1.7763568394002505e-15
min_side_veto_gex_skewterm_side_parity_balance_wf,tilt0.03,4563,32930.91999999998,0.4413762875301337,0.5325443786982249,1.5232432736896933,-12.879063709693497,2.372402093108919,10.229633479024129,593,4591.334999999993,0.42495784148397975,0.5261382799325464,2.9740157768595314,-3.9898564684387656,18.27583661201338,10.439535828119237,0,287.830000000009,0.00043830813061584983,0.0006574621959237748,0.004482498232622589,0.0,0.012470824395343527,0.0810346241154658,0,9.094947017729282e-13,0.0,0.0,0.0,0.0,0.0,1.7763568394002505e-15
min_side_veto_gex_skewterm_side_parity_balance_wf,tilt0.05,4563,32144.94499999997,0.44093797939951784,0.5314486083716853,1.497149978748215,-13.424654657776042,2.243158581599551,9.974514288884638,593,4591.334999999992,0.42495784148397975,0.5261382799325464,2.9740157768595314,-3.9898564684387656,18.27583661201338,10.439535828119235,0,-498.1449999999968,0.0,-0.00043830813061584983,-0.021610796708855684,-0.5455909480825447,-0.11677268711402444,-0.17408456602402467,0,0.0,0.0,0.0,0.0,0.0,0.0,0.0
min_side_veto_gex_skewterm_side_parity_balance_wf,tilt0.07,4563,32374.10499999997,0.4413762875301337,0.5318869165023011,1.5063004921893193,-13.334004910858551,2.2680961887480744,10.036066668233206,593,4591.334999999992,0.42495784148397975,0.5261382799325464,2.9740157768595314,-3.9898564684387656,18.27583661201338,10.439535828119235,0,-268.98499999999694,0.00043830813061584983,0.0,-0.012460283267751393,-0.4549412011650542,-0.091835079965501,-0.11253218667545717,0,0.0,0.0,0.0,0.0,0.0,0.0,0.0
min_side_veto_gex_skewterm_side_parity_balance_wf,tilt0.10,4563,32526.78999999997,0.44115713346482577,0.5321060705676091,1.510050222669018,-13.312137679990096,2.2782634758538864,10.090374690755946,593,4579.994999999992,0.42495784148397975,0.5261382799325464,2.9690165703587805,-3.9898564684387656,18.22702595050544,10.411067112812425,0,-116.29999999999563,0.00021915406530792492,0.00021915406530792492,-0.008710552788052661,-0.4330739702965989,-0.08166779285968895,-0.05822416415271725,0,-11.340000000000146,0.0,0.0,-0.004999206500750919,0.0,-0.04881066150793956,-0.0284687153068095
min_side_veto_gex_skewterm_side_parity_balance_wf,tilt0.15,4563,32696.32499999997,0.4420337497260574,0.5325443786982249,1.505539772185347,-14.331530415808427,2.1228352211200807,10.121438722086328,593,4486.324999999992,0.42495784148397975,0.524451939291737,2.8939825562455073,-3.9619231797097596,17.950166549183788,10.203001366366266,0,53.23500000000422,0.001095770326539569,0.0006574621959237748,-0.013221003271723708,-1.4524667061149295,-0.23709604759349467,-0.02716013282233476,0,-105.01000000000022,0.0,-0.001686340640809414,-0.08003322061402418,0.027933288729006023,-0.325670062829591,-0.236534461752969
min_side_veto_gex_skewterm_side_parity_balance_wf,tilt0.20,4563,33456.924999999974,0.44291036598728906,0.5336401490247644,1.5205980717561507,-14.43097618823266,2.137455918782807,10.350451602380765,593,4533.959999999991,0.4266441821247892,0.5278246205733558,2.9169247835242813,-3.9619231797097596,18.15616586426672,10.29890250074276,0,813.8350000000064,0.0019723865877712132,0.0017532325224632883,0.0018372962990800268,-1.5519124785391636,-0.22247534993076856,0.20185274747210258,0,-57.37500000000091,0.0016863406408094694,0.001686340640809414,-0.05709099333525014,0.027933288729006023,-0.11967074774666031,-0.1406333273764755
min_side_veto_gex_skewterm_side_parity_balance_wf,tilt0.30,4563,32256.669999999976,0.44115713346482577,0.5325443786982249,1.4717285254752632,-15.541041066429717,1.941741195259285,9.969711942011696,593,4417.43999999999,0.42495784148397975,0.5278246205733558,2.7402466100245726,-4.4624785228958785,15.672696853172367,9.99156783908684,0,-386.419999999991,0.00021915406530792492,0.0006574621959237748,-0.04703224998180744,-2.6619773567362195,-0.4181900734542905,-0.17888691289696723,0,-173.89500000000226,0.0,0.001686340640809414,-0.23376916683495885,-0.4726220544571129,-2.603139758841012,-0.447967989032394
min_side_veto_gex_skewterm_side_parity_balance_wf,tilt0.50,4563,34550.77999999998,0.44532106070567606,0.5375849222003068,1.5131020363863241,-16.38497824411559,1.918962266384742,10.625820560852278,593,4757.429999999989,0.4300168634064081,0.5278246205733558,3.07485287654059,-4.735177492069042,16.003239276635195,10.733924710027448,0,1907.6900000000096,0.004383081306158221,0.005698005698005715,-0.0056587390707465435,-3.505914534422093,-0.4409690023288333,0.4772217059436148,0,166.09499999999753,0.005059021922428353,0.001686340640809414,0.10083709968105836,-0.7453210236302761,-2.272597335378183,0.29438888190821366
min_side_veto_gex_skewterm_side_parity_balance_wf,tilt0.75,4563,33203.64499999998,0.4440061363138286,0.5367083059390751,1.44644908818044,-17.2825496064699,1.776687611522364,10.155940810211344,593,4411.819999999989,0.4266441821247892,0.5227655986509275,2.911191418740116,-4.482233160822581,15.582203284614303,9.933980914810137,0,560.5550000000148,0.0030681569143107823,0.004821389436774015,-0.07231168727663073,-4.403485896776402,-0.5832436571912114,0.007341955302681669,0,-179.51500000000306,0.0016863406408094694,-0.003372681281618828,-0.06282435811941545,-0.4923766923838153,-2.693633327399075,-0.5055549133090977
min_side_veto_gex_skewterm_side_parity_balance_wf,tilt1.00,4563,33250.87499999998,0.44532106070567606,0.5369274600043831,1.4498798074534802,-17.483199361648012,1.7577919503970822,10.146502176207234,593,4731.809999999989,0.4300168634064081,0.5295109612141653,3.1485265808436624,-4.801751232722665,15.689285254556872,10.660214109490536,0,607.7850000000108,0.004383081306158221,0.00504054350208194,-0.06888096800359045,-4.604135651954515,-0.6021393183164931,-0.0020966787014291555,0,140.47499999999673,0.005059021922428353,0.003372681281618939,0.174510803984131,-0.811894764283899,-2.586551357456507,0.22067828137130086
avg_side_sig_gex_net_signed_side_parity_balance_wf,veto0.02,4556,32467.464999999967,0.442054433713784,0.5329236172080772,1.51139753837514,-12.95113814576,2.3391974039602577,10.067268682799524,592,4585.974999999993,0.42567567567567566,0.527027027027027,2.984126898402078,-3.9898564684387656,18.25276348607953,10.425769751553402,-7,-175.625,0.0011164543142661576,0.0010367007057761057,-0.007363237081930762,-0.07207443606650266,-0.020733864753317732,-0.08133017210913884,-1,-5.359999999998763,0.0007178341916959097,0.0008887470944806131,0.010111121542546453,0.0,-0.02307312593384836,-0.013766076565833174
avg_side_sig_gex_net_signed_side_parity_balance_wf,veto0.03,4553,32618.599999999973,0.4425653415330551,0.5332747638919394,1.512954318693954,-12.879063709693497,2.358867017751627,10.08814984298057,592,4556.344999999992,0.42567567567567566,0.527027027027027,2.965469031744266,-3.9898564684387656,18.12528435827865,10.359438004390359,-10,-24.489999999994325,0.001627362133537258,0.0013878473896382637,-0.005806456763116641,0.0,-0.0010642509619485097,-0.06044901192809249,-1,-34.98999999999978,0.0007178341916959097,0.0008887470944806131,-0.00854674511526543,0.0,-0.15055225373473036,-0.08009782372887564
avg_side_sig_gex_net_signed_side_parity_balance_wf,veto0.04,4544,32774.34999999997,0.44366197183098594,0.5341109154929577,1.5165447654264541,-12.879063709693497,2.3656268799455824,10.13041808067749,592,4625.854999999992,0.42736486486486486,0.5287162162162162,3.036255348645958,-3.9898564684387656,18.424525664568733,10.510191979467887,-19,131.26000000000204,0.002723992431468092,0.002223998990656617,-0.0022160100306165553,0.0,0.005695611232007014,-0.01818077423117259,-1,34.52000000000044,0.0024070233808851094,0.0025779362836698683,0.062239571786426584,0.0,0.1486890525553548,0.07065615134865233
avg_side_sig_gex_net_signed_side_parity_balance_wf,veto0.05,4542,33960.87999999997,0.44517833553500663,0.5358872743284897,1.5491332989291555,-12.879063709693497,2.416474922438085,10.457646919203459,591,4632.274999999991,0.428087986463621,0.5296108291032149,3.0427183738403243,-3.9898564684387656,18.452196135560985,10.526003046724295,-21,1317.7900000000009,0.0042403561354887875,0.004000357826188572,0.030372523472084856,0.0,0.056543653724509646,0.3090480642947959,-2,40.9399999999996,0.0031301449796412584,0.0034725491706685263,0.06870259698079284,0.0,0.17635952354760676,0.08646721860506013
avg_side_sig_gex_net_signed_side_parity_balance_wf,veto0.06,4536,34845.65499999997,0.44775132275132273,0.5379188712522046,1.5731579815817591,-12.879063709693497,2.4536665401522577,10.702261225968039,591,4464.4449999999915,0.4263959390862944,0.5279187817258884,2.8821835823740916,-3.9603993509981734,17.86251785408285,10.117550409908027,-27,2202.5650000000023,0.00681334335180489,0.006031954749903479,0.05439720612468846,0.0,0.09373527143868232,0.5536623710593762,-2,-126.89000000000033,0.0014380976023146697,0.001780501793341993,-0.09183219448543989,0.029457117440592206,-0.4133187579305293,-0.32198541821120763
avg_side_sig_gex_net_signed_side_parity_balance_wf,veto0.07,4528,34544.37499999997,0.4472173144876325,0.5373233215547704,1.5685818968493153,-12.879063709693497,2.441070054945942,10.607098087110575,590,4252.184999999992,0.423728813559322,0.5271186440677966,2.725152417122073,-3.975353579945791,16.884814972691593,9.631925590043016,-35,1901.2850000000035,0.006279335088114679,0.005436405052469229,0.049821121392244594,0.0,0.08113878623236648,0.4584992322019126,-3,-339.14999999999964,-0.001229027924657733,0.0009803641352502668,-0.24886335973745854,0.014502888492974542,-1.3910216393217851,-0.8076102380762187
avg_side_sig_gex_net_signed_side_parity_balance_wf,veto0.08,4518,34789.879999999976,0.44754316069057104,0.537627268702966,1.5728773721886096,-12.879063709693497,2.4513398191358102,10.667516554945067,590,3953.134999999991,0.4186440677966102,0.5220338983050847,2.5130706996100907,-4.006240349892645,15.491965190270975,8.894076360451333,-45,2146.790000000008,0.006605181291053197,0.005740352200664822,0.0541165967315389,0.0,0.09140855042223484,0.518917700036404,-3,-638.2000000000007,-0.006313773687369573,-0.0041043816274616285,-0.4609450772494408,-0.016383881453879034,-2.783871421742404,-1.5454594676679019
avg_side_sig_gex_net_signed_side_parity_balance_wf,veto0.09,4509,34177.77999999996,0.4473275670880461,0.5369261477045908,1.5524806150244677,-12.879063709693497,2.42564853326603,10.466131383284939,590,3891.9699999999907,0.42033898305084744,0.523728813559322,2.4304351732140876,-4.539457534297405,13.445627600758192,8.72639796089501,-54,1534.689999999995,0.006389587688528264,0.005039231202289662,0.03371983956739699,0.0,0.06571726455245441,0.317532528376276,-3,-699.3650000000011,-0.004618858433132311,-0.002409466373224367,-0.5435806036454438,-0.5496010658586394,-4.830209011255187,-1.7131378672242246
avg_side_sig_gex_net_signed_side_parity_balance_wf,veto0.10,4494,34359.619999999966,0.447485536270583,0.5369381397418781,1.558269092764237,-12.879063709693497,2.433310996180348,10.526667950754613,589,4058.289999999991,0.4227504244482173,0.5246179966044142,2.502625900190001,-4.395869842431402,14.522219013086852,9.055944016932358,-69,1716.5299999999988,0.006547556871065174,0.005051223239576963,0.03950831730716642,0.0,0.07337972746677268,0.37806909584594983,-4,-533.045000000001,-0.002207417035762438,-0.0015202833281321437,-0.4713898766695306,-0.4060133739926366,-3.7536175989265264,-1.3835918111868768
avg_side_sig_gex_net_signed_side_parity_balance_wf,veto0.11,4485,34342.804999999964,0.44749163879598663,0.537123745819398,1.5508621948075065,-12.879063709693497,2.4326035153995114,10.496585801266027,587,3655.469999999991,0.4190800681431005,0.5195911413969335,2.2113246800353545,-6.079547890778171,9.388452323754517,8.175981763306776,-78,1699.7149999999965,0.006553659396468792,0.005236829317096903,0.03210141935043587,0.0,0.07267224668593597,0.3479869463573646,-6,-935.8650000000007,-0.005877773340879244,-0.00654713853561284,-0.7626910968241769,-2.0896914223394054,-8.887384288258861,-2.2635540648124586
avg_side_sig_gex_net_signed_side_parity_balance_wf,veto0.12,4475,33827.23999999996,0.4464804469273743,0.5360893854748603,1.536423336670082,-12.879063709693497,2.4108042988685017,10.32611890932878,587,3641.734999999991,0.4190800681431005,0.5178875638841567,2.2045858013429385,-5.70944120173021,9.956946815534875,8.142329421213075,-88,1184.1499999999942,0.005542467527856476,0.004202468972559159,0.01766256121301124,0.0,0.05087303015492628,0.17752005442011765,-6,-949.6000000000008,-0.005877773340879244,-0.008250716048389672,-0.769429975516593,-1.7195847332914447,-8.318889796478503,-2.2972064069061595
avg_side_sig_gex_net_signed_side_parity_balance_wf,veto0.13,4464,34178.57999999996,0.44735663082437277,0.5371863799283154,1.542714640937859,-12.879063709693497,2.4256823004446653,10.416358983245534,587,3573.8049999999903,0.4190800681431005,0.5178875638841567,2.1551909729815812,-5.309965995291639,10.4930669576453,7.960382573606908,-99,1535.4899999999907,0.0064186514248549265,0.005299463426014284,0.02395386548078826,0.0,0.06575103173108987,0.2677601283368709,-6,-1017.5300000000016,-0.005877773340879244,-0.008250716048389672,-0.8188248038779502,-1.3201095268528737,-7.782769654368078,-2.479153254512327
avg_side_sig_gex_net_signed_side_parity_balance_wf,veto0.14,4452,33599.454999999965,0.4474393530997305,0.5370619946091644,1.5204279338042639,-12.879063709693497,2.4011062631625446,10.229603833289572,587,3517.2349999999906,0.4190800681431005,0.5161839863713799,2.138649959539303,-5.330491128715795,10.27636899339517,7.836066713289279,-111,956.364999999998,0.006501373700212643,0.00517507810686324,0.0016671583471932205,0.0,0.041174994448969215,0.08100497838090881,-6,-1074.1000000000013,-0.005877773340879244,-0.009954293561166505,-0.8353658173202283,-1.3406346602770292,-7.999467618618208,-2.603469114829956
avg_side_sig_gex_net_signed_side_parity_balance_wf,veto0.15,4437,33714.50499999996,0.447825107054316,0.5372999774622492,1.5256440903475865,-12.879063709693497,2.4060097223967305,10.28728100226652,587,3147.734999999991,0.41567291311754684,0.5127768313458262,2.025092873406617,-6.618991644775274,7.355141223184253,6.996905586948186,-126,1071.4149999999936,0.006887127654798153,0.0054130609599480906,0.006883314890515857,0.0,0.04607845368315511,0.13868214735785678,-6,-1443.6000000000008,-0.00928492836643291,-0.01336144858672017,-0.9489229034529143,-2.6291351763365087,-10.920695388829126,-3.4426302411710488
avg_side_sig_gex_net_signed_side_parity_balance_wf,veto0.16,4429,33964.339999999975,0.4486340031609844,0.5375931361481147,1.5229435657774266,-12.879063709693497,2.4166215503001673,10.362492935046662,586,3386.2949999999905,0.4180887372013652,0.515358361774744,2.242347862399057,-5.788947903326098,9.087957523389289,7.567094008594787,-134,1321.2500000000073,0.007696023761466553,0.005706219645813526,0.004182790320355956,0.0,0.05669028158659195,0.21389408013799915,-7,-1205.0400000000013,-0.006869104282614558,-0.010779918157802326,-0.7316679144604743,-1.7990914348873321,-9.18787908862409,-2.8724418195244477
avg_side_sig_gex_net_signed_side_parity_balance_wf,veto0.17,4415,34458.80499999997,0.44892412231030576,0.5379388448471121,1.533644826067653,-12.879063709693497,2.437479691829347,10.517476571477957,585,3791.5099999999916,0.4205128205128205,0.517948717948718,2.5887359228096254,-5.650677615116288,10.503292836844476,8.4482058277426,-148,1815.7150000000038,0.007986142910787919,0.006051928344810942,0.014884050610582289,0.0,0.07754842311577148,0.368877716569294,-8,-799.8250000000003,-0.00444502097115923,-0.008189561983828364,-0.38527985404990606,-1.660821146677522,-7.772543775168902,-1.9913300003766352
avg_side_sig_gex_net_signed_side_parity_balance_wf,veto0.18,4399,34009.35999999997,0.448965674016822,0.5373948624687429,1.5218707888115024,-12.879063709693497,2.418528548727664,10.406974523883424,585,3771.6299999999915,0.4205128205128205,0.517948717948718,2.575956378447847,-5.818880999067156,10.142483263813364,8.400188421435926,-164,1366.270000000004,0.008027694617304182,0.005507945966441774,0.0031100133544317288,0.0,0.05859728001408859,0.25837566897476094,-8,-819.7050000000004,-0.00444502097115923,-0.008189561983828364,-0.3980593984116845,-1.8290245306283905,-8.133353348200014,-2.0393474066833086
avg_side_sig_gex_net_signed_side_parity_balance_wf,veto0.19,4385,33852.72499999998,0.4476624857468643,0.5370581527936146,1.5131584492491201,-12.879063709693497,2.4118867695955304,10.363706191609342,584,4044.9799999999914,0.4246575342465753,0.5205479452054794,2.8020014021611153,-4.728936170032914,13.451863742667058,9.023359798268336,-178,1209.6350000000093,0.006724506347346448,0.005171236291313441,-0.0056023262079505365,0.0,0.051955500881955,0.2151073367006795,-9,-546.3550000000005,-0.0003003072374044291,-0.005590334727066937,-0.17201437469841618,-0.7390797015941484,-4.823972869346321,-1.4161760298508987
avg_side_sig_gex_net_signed_side_parity_balance_wf,veto0.20,4369,32556.774999999976,0.4474708171206226,0.5365072098878462,1.4773106665127282,-12.947927360825338,2.3436467406160215,9.976708696693665,581,4112.629999999993,0.42512908777969016,0.5215146299483648,2.7191751283220196,-8.126991345110692,7.968074413903093,9.228774825461038,-194,-86.31499999999141,0.006532837721104745,0.004620293385545038,-0.04145010894434242,-0.06886365113184034,-0.016284528097553874,-0.17189015821499787,-12,-478.704999999999,0.0001712462957104144,-0.0046236499841815215,-0.25484064853751187,-4.137134876671927,-10.307762198110286,-1.210761002658197
avg_side_sig_gex_net_signed_side_parity_balance_wf,veto0.21,4357,33357.06499999997,0.44824420472802384,0.5372963047968786,1.5024912265059713,-12.879063709693497,2.390740845101775,10.238752120254281,580,3815.4599999999923,0.4206896551724138,0.5189655172413793,2.6382395650090906,-7.848391258961159,7.6132753995973275,8.584774269032147,-206,713.9750000000058,0.007306225328506,0.0054093882945774885,-0.016269548951099333,0.0,0.030809576388199478,0.0901532653456183,-13,-775.8749999999995,-0.004268186311565947,-0.007172762691167067,-0.3357762118504408,-3.858534790522393,-10.662561212416051,-1.8547615590870876
avg_side_sig_gex_net_signed_side_parity_balance_wf,veto0.22,4337,33508.01999999999,0.44915840442702326,0.5381600184459304,1.5073609369219167,-12.879063709693497,2.3972017360286317,10.312871809307147,578,3438.8799999999933,0.41695501730103807,0.5155709342560554,2.361027007896575,-9.055163247344218,5.90595494673942,7.745281047070595,-226,864.9300000000221,0.008220425027505418,0.006273101943629289,-0.011399838535153917,0.0,0.037270467315056344,0.16427295439848422,-15,-1152.4549999999986,-0.008002824182941681,-0.01056734567649098,-0.6129887689629565,-5.065306778905453,-12.369881665273958,-2.69425478104864
avg_side_sig_gex_net_signed_side_parity_balance_wf,veto0.23,4321,33936.794999999984,0.44989585744040733,0.5392270307799121,1.510749261446368,-12.909837695492593,2.409696118683671,10.484697677135902,577,3467.329999999994,0.41767764298093585,0.5164644714038128,2.2811399162205785,-9.206849279245999,5.8598268812956205,7.7953386647745475,-242,1293.7050000000163,0.008957878040889489,0.007340114277610943,-0.008011514010702658,-0.030773985799095627,0.04976484997009578,0.33609882222723897,-16,-1124.0049999999978,-0.0072801985030439,-0.009673808528733563,-0.6928758606389529,-5.216992810807233,-12.416009730717757,-2.6441971633446872
avg_side_sig_gex_net_signed_side_parity_balance_wf,veto0.24,4304,33906.389999999985,0.450046468401487,0.5394981412639405,1.5045758107136997,-12.879063709693497,2.4141645010985524,10.527032656245662,576,2909.849999999993,0.4131944444444444,0.5104166666666666,1.9180551469807596,-10.313467063983003,4.343872193922577,6.548204810500696,-259,1263.3000000000175,0.009108489001969144,0.007611224761639335,-0.014184964743370942,0.0,0.054233232384977015,0.37843380133699966,-17,-1681.4849999999988,-0.011763397039535328,-0.01572161326587973,-1.0559606298787718,-6.323610595544237,-13.931964418090802,-3.8913310176185387
avg_side_sig_gex_net_signed_side_parity_balance_wf,veto0.25,4280,34754.984999999986,0.4514018691588785,0.5413551401869159,1.5341209681953452,-12.879063709693497,2.4498829283043366,10.849399561722148,576,3465.149999999994,0.4184027777777778,0.515625,2.4019242032847967,-8.431449950819912,6.39444279216967,7.785791915574649,-283,2111.8950000000186,0.010463889759360634,0.009468223684614752,0.015360192738274492,0.0,0.08995165959076123,0.7008007068134852,-17,-1126.1849999999977,-0.006555063706201958,-0.01051327993254636,-0.5720915735747347,-4.441593482381147,-11.881393819843709,-2.653743912544586
avg_side_sig_gex_net_signed_side_parity_balance_wf,veto0.26,4248,35042.38499999998,0.452683615819209,0.5428436911487758,1.5462721521879579,-14.174786863867142,2.236815391259822,10.96093692866798,573,2820.694999999997,0.41012216404886565,0.5078534031413613,2.0319796548387368,-8.278610046693798,5.236778769407464,6.366696837073029,-315,2399.295000000013,0.011745636419691174,0.01095677464647471,0.027511376730887216,-1.2957231541736451,-0.12311587745375352,0.8123380737593173,-20,-1770.6399999999949,-0.014835677435114103,-0.018284876791185067,-0.9420361220207947,-4.288753578255032,-13.039057842605914,-4.072838991046206
avg_side_sig_gex_net_signed_side_parity_balance_wf,veto0.27,4220,35264.574999999975,0.4537914691943128,0.5443127962085308,1.550934798889836,-15.253536930939957,2.086403379781999,11.072828912825054,568,1998.8899999999971,0.3996478873239437,0.5,1.4898971156528797,-9.4921079377778,3.1846374358463523,4.543654672334228,-343,2621.485000000008,0.012853489794794948,0.012425879706229659,0.03217402343276543,-2.3744732212464594,-0.2735278889315764,0.9242300579163913,-25,-2592.4449999999947,-0.025309954160036063,-0.02613827993254636,-1.4841186612066517,-5.502251469339034,-15.091199176167027,-5.895881155785006
avg_side_sig_gex_net_signed_side_parity_balance_wf,veto0.28,4192,35964.27999999998,0.45658396946564883,0.5458015267175572,1.5667438187027285,-15.550490056529359,2.0703907642513757,11.34130477094236,564,1893.7249999999974,0.39893617021276595,0.49822695035460995,1.350128392493912,-10.996884556008261,2.5987211128579424,4.337965597273872,-371,3321.1900000000096,0.015645990066130988,0.013914610215256085,0.04798304324565783,-2.6714263468358617,-0.2895405044621997,1.192705916033697,-29,-2697.609999999994,-0.026021671271213798,-0.027911329577936406,-1.6238873843656194,-7.007028087569496,-15.677115499155436,-6.101570230845363
avg_side_sig_gex_net_signed_side_parity_balance_wf,veto0.29,4168,37354.894999999975,0.4592130518234165,0.5479846449136276,1.6147896441605722,-13.079095149707415,2.5168848709560105,11.796285487521743,561,2383.7749999999974,0.40463458110516937,0.5026737967914439,1.7550919419958866,-9.104698121397412,3.9899105003746422,5.484459958627986,-395,4711.805000000008,0.01827507242389864,0.016097728411326506,0.09602886870350158,-0.20003144001391782,0.15695360224243515,1.6476866326130803,-32,-2207.5599999999945,-0.02032326037881038,-0.0234644831411025,-1.2189238348636449,-5.1148416529586465,-14.285926111638737,-4.955075869491249
avg_side_sig_gex_net_signed_side_parity_balance_wf,veto0.30,4141,36884.79999999999,0.45882637044192226,0.5481767688964019,1.6110685708540657,-12.898444632287484,2.5333392974766626,11.713316043620832,559,2409.359999999998,0.40608228980322003,0.5026833631484794,1.8063033399362605,-6.23392512621254,5.89281202477214,5.5671999735661,-422,4241.710000000021,0.017888391042404417,0.016289852394100746,0.09230779539699507,-0.019380922593986938,0.17340802876308725,1.5647171887121694,-34,-2181.974999999994,-0.018875551680759717,-0.02345491678406697,-1.167712436923271,-2.2440686577737745,-12.383024587241238,-4.872335854553135
avg_side_sig_gex_net_signed_side_parity_balance_wf,veto0.35,3947,36663.51999999999,0.46110970357233344,0.5485178616670889,1.6074292334193734,-16.06475432852857,2.0268799738216847,12.18373677148016,550,2425.4949999999963,0.4018181818181818,0.49818181818181817,1.9171154113527538,-5.840471702663945,6.333925006666134,5.790747200118409,-616,4020.430000000022,0.020171724172815597,0.016630945164787803,0.08866845796230272,-3.1856906188350713,-0.33305129489189067,2.0351379165714967,-43,-2165.8399999999956,-0.02313965966579795,-0.02795646175072819,-1.0569003655067777,-1.8506152342251792,-11.941911605347244,-4.648788628000826
avg_side_sig_gex_net_signed_side_parity_balance_wf,veto0.40,3708,32997.87999999999,0.46197411003236244,0.5482740021574973,1.4922586585146151,-22.027163835137138,1.3888104802469752,11.66363698959296,522,3253.919999999996,0.4157088122605364,0.5076628352490421,2.6162333289895376,-5.148259929195341,9.795005850029353,8.423158404830973,-855,354.7900000000227,0.021036130632844596,0.0163870856551962,-0.026502116942455523,-9.14810012544364,-0.9711207884666002,1.515038134684298,-71,-1337.4149999999959,-0.009249029223443339,-0.01847544468350426,-0.3577824478699938,-1.158403460756575,-8.480830761984025,-2.0163774232882616
avg_side_sig_gex_net_signed_side_parity_balance_wf,veto0.45,3417,26234.65999999999,0.45712613403570385,0.5446297922153936,1.3185051798220793,-21.389600188872897,1.2419731565463452,10.176883786549633,490,2267.469999999995,0.41020408163265304,0.49795918367346936,1.53544362891083,-10.095109553478059,3.415031349512169,6.234986339218526,-1146,-6408.4299999999785,0.016188154636186003,0.012742875713092516,-0.2002555956349914,-8.5105364791794,-1.1179581121672302,0.0282849316409699,-103,-2323.864999999997,-0.014753759851326709,-0.028179096259076997,-1.4385721479487015,-6.105253085039293,-14.86080526250121,-4.2045494889007085
avg_side_sig_gex_net_signed_side_parity_balance_wf,veto0.50,2982,24171.859999999993,0.45875251509054327,0.54560697518444,1.357203589545619,-12.879063709693497,1.957832835721165,11.011257176069938,458,3416.979999999996,0.42139737991266374,0.5152838427947598,2.386324803148679,-9.899564857659417,5.3655902117674845,10.20830806386368,-1581,-8471.229999999974,0.017814535691025424,0.01372005868213888,-0.16155718591145174,0.0,-0.40209843299241044,0.862658321161275,-135,-1174.354999999996,-0.0035604615713160093,-0.010854437137786555,-0.5876909737108527,-5.9097083892206514,-12.910246400245894,-0.23122776425555536
avg_side_sig_gex_net_signed_side_parity_balance_wf,tilt0.01,4563,32757.914999999968,0.44071882533421,0.532325224632917,1.5246346242933932,-12.879063709693497,2.3649145179598516,10.189713687837031,593,4591.334999999992,0.42495784148397975,0.5261382799325464,2.9740157768595314,-3.9898564684387656,18.27583661201338,10.439535828119235,0,114.82500000000073,-0.0002191540653078694,0.00043830813061584983,0.005873848836322582,0.0,0.0049832492462762445,0.04111483292836837,0,0.0,0.0,0.0,0.0,0.0,0.0,0.0
avg_side_sig_gex_net_signed_side_parity_balance_wf,tilt0.02,4563,32806.34999999997,0.44071882533421,0.532325224632917,1.5252131817319945,-12.879063709693497,2.367013253117588,10.20333550900154,593,4591.334999999992,0.42495784148397975,0.5261382799325464,2.9740157768595314,-3.9898564684387656,18.27583661201338,10.439535828119235,0,163.26000000000204,-0.0002191540653078694,0.00043830813061584983,0.006452406274923828,0.0,0.00708198440401242,0.05473665409287776,0,0.0,0.0,0.0,0.0,0.0,0.0,0.0
avg_side_sig_gex_net_signed_side_parity_balance_wf,tilt0.03,4563,32235.899999999972,0.44049967126890205,0.5321060705676091,1.5040167545868588,-12.879063709693497,2.342170937851577,10.020603601180348,593,4591.334999999992,0.42495784148397975,0.5261382799325464,2.9740157768595314,-3.9898564684387656,18.27583661201338,10.439535828119235,0,-407.18999999999505,-0.0004383081306157943,0.00021915406530792492,-0.014744020870211871,0.0,-0.01776033086199824,-0.1279952537283151,0,0.0,0.0,0.0,0.0,0.0,0.0,0.0
avg_side_sig_gex_net_signed_side_parity_balance_wf,tilt0.05,4563,31996.844999999972,0.4400613631382862,0.5310103002410694,1.4968070420492385,-12.879063709693497,2.3316788473235808,9.953361415156655,593,4591.334999999992,0.42495784148397975,0.5261382799325464,2.9740157768595314,-3.9898564684387656,18.27583661201338,10.439535828119235,0,-646.2449999999953,-0.0008766162612316442,-0.0008766162612316997,-0.021953733407832132,0.0,-0.02825242138999462,-0.1952374397520078,0,0.0,0.0,0.0,0.0,0.0,0.0,0.0
avg_side_sig_gex_net_signed_side_parity_balance_wf,tilt0.07,4563,32274.63999999997,0.44049967126890205,0.5321060705676091,1.5078696933342928,-12.879063709693497,2.3438666600715563,10.032993139314577,593,4591.334999999992,0.42495784148397975,0.5261382799325464,2.9740157768595314,-3.9898564684387656,18.27583661201338,10.439535828119235,0,-368.4499999999971,-0.0004383081306157943,0.00021915406530792492,-0.010891082122777895,0.0,-0.016064608642019085,-0.11560571559408572,0,0.0,0.0,0.0,0.0,0.0,0.0,0.0
avg_side_sig_gex_net_signed_side_parity_balance_wf,tilt0.10,4563,32586.15999999997,0.44071882533421,0.532325224632917,1.522133789871238,-12.879063709693497,2.3574565176692865,10.133787353968716,593,4591.334999999993,0.42495784148397975,0.5261382799325464,2.9740157768595314,-3.9898564684387656,18.27583661201338,10.439535828119237,0,-56.92999999999665,-0.0002191540653078694,0.00043830813061584983,0.0033730144141672636,0.0,-0.0024747510442888476,-0.014811500939947209,0,9.094947017729282e-13,0.0,0.0,0.0,0.0,0.0,1.7763568394002505e-15
avg_side_sig_gex_net_signed_side_parity_balance_wf,tilt0.15,4563,32797.15499999997,0.4418145956607495,0.5329826868288406,1.5257378248618814,-12.879063709693497,2.366614974171825,10.191522465866305,593,4690.874999999993,0.42495784148397975,0.5261382799325464,3.020300494800482,-3.9619231797097596,18.836895192278185,10.653641366754831,0,154.06500000000233,0.0008766162612316442,0.0010957703265395136,0.006977049404810698,0.0,0.006683705458249811,0.042923610957641856,0,99.54000000000087,0.0,0.0,0.04628471794095068,0.027933288729006023,0.561058580264806,0.21410553863559656
avg_side_sig_gex_net_signed_side_parity_balance_wf,tilt0.20,4563,32782.99999999997,0.4418145956607495,0.5332018408941486,1.5273128671255864,-12.879063709693497,2.3660017174903545,10.188387742881298,593,4690.874999999993,0.42495784148397975,0.5261382799325464,3.020300494800482,-3.9619231797097596,18.836895192278185,10.653641366754831,0,139.9100000000035,0.0008766162612316442,0.0013149243918474385,0.008552091668515782,0.0,0.0060704487767790916,0.03978888797263558,0,99.54000000000087,0.0,0.0,0.04628471794095068,0.027933288729006023,0.561058580264806,0.21410553863559656
avg_side_sig_gex_net_signed_side_parity_balance_wf,tilt0.30,4563,33512.74999999997,0.44225290379136534,0.5332018408941486,1.5475663377332465,-12.879063709693497,2.397403884451618,10.419379338253629,593,4340.839999999995,0.418212478920742,0.521079258010118,2.8992224319045414,-3.490609551926976,19.66189166267658,9.818430377502128,0,869.6600000000035,0.001314924391847494,0.0013149243918474385,0.02880556227617581,0.0,0.0374726157380425,0.27078048334496607,0,-250.49499999999716,-0.006745362563237767,-0.005059021922428353,-0.07479334495499002,0.49924691651178943,1.3860550506632023,-0.6211054506171063
avg_side_sig_gex_net_signed_side_parity_balance_wf,tilt0.50,4563,35425.45499999997,0.44488275257506027,0.5362699978084593,1.592797899844628,-12.879063709693497,2.477714613534328,10.942009177270311,593,4400.68999999999,0.41652613827993257,0.521079258010118,2.751402989798274,-4.551627864290027,15.302873930960958,9.935450019991935,0,2782.3650000000052,0.0039447731755424265,0.004383081306158165,0.07403712438755727,0.0,0.11778334482075259,0.7934103223616482,0,-190.64500000000226,-0.00843170320404718,-0.005059021922428353,-0.2226127870612573,-0.5617713958512613,-2.9729626810524206,-0.5040858081273001
avg_side_sig_gex_net_signed_side_parity_balance_wf,tilt0.75,4563,35966.28999999997,0.44466359850975234,0.5388998465921543,1.592220008773378,-12.879063709693497,2.4999215428229626,11.06278669860574,593,4296.339999999988,0.418212478920742,0.521079258010118,2.72564343453851,-4.795703621346881,14.15310288116351,9.70772699675596,0,3323.2000000000044,0.0037256191102345015,0.007012930089853153,0.07345923331630733,0.0,0.13999027410938725,0.9141878436970767,0,-294.99500000000353,-0.006745362563237767,-0.005059021922428353,-0.24837234232102157,-0.8058471529081155,-4.122733730849868,-0.7318088313632742
avg_side_sig_gex_net_signed_side_parity_balance_wf,tilt1.00,4563,36188.01499999998,0.44597852290159984,0.5402147709840017,1.5793223660320896,-13.161482863479575,2.4551266497946105,11.061481828968244,593,4149.05499999999,0.418212478920742,0.5177065767284992,2.816248773675836,-4.696690312691397,13.918987538973603,9.399889894289434,0,3544.92500000001,0.0050405435020819955,0.008327854481700592,0.060561590575018975,-0.28241915378607807,0.09519538108103509,0.9128829740595812,0,-442.28000000000156,-0.006745362563237767,-0.00843170320404718,-0.1577670031836953,-0.706833844252631,-4.3568490730397755,-1.0396459338298012
min_side_sig_gex_net_signed_side_parity_balance_wf,veto0.02,4426,35503.99999999997,0.45323090826931767,0.5413465883416178,1.5659013564904594,-16.025227706277455,1.9938782289904875,10.857796173807301,586,3905.779999999991,0.4232081911262799,0.5221843003412969,2.556090404547061,-3.963909228269554,15.45644280012931,8.756103668601572,-137,2860.9100000000035,0.012292928869799824,0.009459671839316619,0.047140581033388695,-3.146163996583958,-0.3660530397230879,0.7091973188986387,-7,-685.5550000000007,-0.0017496503576998612,-0.003953979591249435,-0.4179253723124705,0.02594724016921157,-2.819393811884069,-1.683432159517663
min_side_sig_gex_net_signed_side_parity_balance_wf,veto0.03,4391,36365.92499999996,0.4554771122751082,0.5431564563880665,1.589245352358233,-15.062054013843095,2.151514172978052,11.103971074776588,585,3881.6849999999936,0.4256410256410256,0.5230769230769231,2.594129540139194,-4.085016492550583,14.899102806834259,8.621050751948985,-172,3722.834999999992,0.014539132875590333,0.0112695398857654,0.07048457690116239,-2.182990304149598,-0.20841709573552336,0.9553722198679253,-8,-709.6499999999983,0.0006831841570458796,-0.003061356855623254,-0.3798862367203375,-0.09516002411181734,-3.3767338051791196,-1.8184850761702496
min_side_sig_gex_net_signed_side_parity_balance_wf,veto0.04,4346,37483.03999999997,0.4576622181316153,0.5453290381960424,1.621094574977927,-14.605826466893948,2.258298992942127,11.419148914066989,582,4198.034999999992,0.42783505154639173,0.5274914089347079,2.4912084632872027,-5.923213955923766,11.17696696581147,9.343727680017148,-217,4839.950000000004,0.01672423873209744,0.01344212169374126,0.10233379952085642,-1.7267627572004507,-0.10163227577144829,1.2705500591583263,-11,-393.3000000000002,0.0028772100624119834,0.0013531290021615572,-0.48280731357232876,-1.9333574874850008,-7.0988696462019085,-1.095808148102087
min_side_sig_gex_net_signed_side_parity_balance_wf,veto0.05,4310,38756.74999999997,0.45962877030162413,0.5482598607888631,1.6530220521258738,-14.152032634210766,2.3763411291091745,11.812803903843385,577,3507.21999999999,0.41767764298093585,0.5181975736568457,2.2881589600057555,-10.177167971038909,5.366120479380539,7.778324343097706,-253,6113.6600000000035,0.01869079090210629,0.016372944286561997,0.13426127666880316,-1.2729689245172686,0.016409860395599107,1.664205048934722,-16,-1084.115000000002,-0.0072801985030439,-0.007940706275700649,-0.685856816853776,-6.187311502600143,-12.90971613263284,-2.6612114850215285
min_side_sig_gex_net_signed_side_parity_balance_wf,veto0.06,4267,37549.98999999997,0.45910475744082496,0.5472228732130302,1.6168788832063008,-15.28870306473578,2.1596740424999767,11.473051963100813,571,3909.1599999999935,0.4220665499124343,0.521891418563923,2.459827064032602,-10.524231290976624,5.827005521061283,8.778746466974251,-296,4906.9000000000015,0.01816677804130712,0.01533595671072907,0.09811810774923013,-2.409639355042282,-0.20025722621359865,1.3244531081921505,-22,-682.1749999999984,-0.00289129157154544,-0.0042468613686234,-0.5141887128269294,-6.534374822537859,-12.448831090952096,-1.6607893611449835
min_side_sig_gex_net_signed_side_parity_balance_wf,veto0.07,4224,38809.91999999997,0.46070075757575757,0.5490056818181818,1.6433952358976276,-15.28523695671509,2.2019097195990107,11.890050051055926,566,3598.234999999995,0.42226148409893993,0.5212014134275619,2.3421914128059584,-10.538424082478336,5.325673159165958,8.032382361075973,-339,6166.830000000002,0.019762778176239726,0.017118765315880635,0.12463446044055693,-2.4061732470215933,-0.15802154911456467,1.7414511961472634,-27,-993.0999999999967,-0.002696357385039816,-0.004936866504984483,-0.631824364053573,-6.5485676140395706,-12.95016345284742,-2.407153467043262
min_side_sig_gex_net_signed_side_parity_balance_wf,veto0.08,4182,38888.289999999964,0.461740793878527,0.5494978479196556,1.6443557851720767,-14.162007234708623,2.379320646363909,11.96164170524098,563,3493.2249999999967,0.42451154529307283,0.5186500888099467,2.3504889219207223,-11.214106692146226,4.849229381010891,7.865893023089281,-381,6245.199999999997,0.02080281447900917,0.01761093141735448,0.12559500971500603,-1.282943525015126,0.01938937765033355,1.8130428503323177,-30,-1098.1099999999951,-0.0004462961909069141,-0.0074881911225996856,-0.6235268549388091,-7.22425022370746,-13.426607231002489,-2.5736428050299534
min_side_sig_gex_net_signed_side_parity_balance_wf,veto0.09,4150,39617.95999999998,0.4621686746987952,0.5498795180722892,1.6512076187932707,-13.384166387303024,2.5447157024812723,12.206778062384464,556,3413.784999999997,0.420863309352518,0.5197841726618705,2.3476808717278908,-9.249843556097815,5.736763300669625,7.634812464538037,-413,6974.87000000001,0.021230695299277347,0.017992601569988054,0.13244684333620005,-0.5051026776095267,0.18478443376769693,2.058179207475801,-37,-1177.5499999999947,-0.00409453213146177,-0.006354107270675868,-0.6263349051316407,-5.2599870876590495,-12.539073311343753,-2.804723363581198
min_side_sig_gex_net_signed_side_parity_balance_wf,veto0.10,4113,39491.09999999998,0.46219304643812303,0.5494772672015561,1.6482626124926687,-12.879063709693497,2.639641575858932,12.204091096660468,551,3170.769999999997,0.4192377495462795,0.5172413793103449,2.106943761347691,-10.133403807926019,4.841544992261142,7.157468505757081,-450,6848.010000000009,0.02125506703860519,0.017590350699254964,0.12950183703559803,0.0,0.27971030714535683,2.0554922417518053,-42,-1420.564999999995,-0.0057200919377002335,-0.008896900622201498,-0.8670720155118405,-6.143547339487253,-13.434291619752237,-3.2820673223621535
min_side_sig_gex_net_signed_side_parity_balance_wf,veto0.11,4082,40364.26499999998,0.46300832925036745,0.5502204801567859,1.6658103607408195,-12.879063709693497,2.6729917959026506,12.508391372985262,548,3194.6249999999964,0.4197080291970803,0.5200729927007299,2.1625717348369684,-9.48004712699566,5.216514305437053,7.225150818697757,-481,7721.17500000001,0.022070349850849602,0.018333563654484797,0.14704958528374878,0.0,0.3130605271890752,2.359792518076599,-45,-1396.7099999999955,-0.005249812286899469,-0.00606528723181643,-0.811444042022563,-5.490190658556894,-13.059322306576327,-3.214385009421478
min_side_sig_gex_net_signed_side_parity_balance_wf,veto0.12,4032,39793.919999999984,0.4625496031746032,0.5496031746031746,1.6349292809027256,-12.879063709693497,2.6512617376939223,12.411529777298453,545,3428.389999999999,0.42018348623853213,0.5174311926605505,2.2944559829609186,-8.150935756534524,6.539835091107138,7.761160039190757,-531,7150.830000000016,0.021611623775085353,0.017716258100873516,0.11616850544565493,0.0,0.29133046898034687,2.26293092238979,-48,-1162.944999999993,-0.004774355245447615,-0.008707087271995873,-0.6795597938986129,-4.161079288095759,-11.73600152090624,-2.678375788928478
min_side_sig_gex_net_signed_side_parity_balance_wf,veto0.13,3987,39265.05499999999,0.4630047654878355,0.5492851768246803,1.619608163573541,-13.449239109575533,2.5193923256692017,12.346969254878978,540,3432.034999999999,0.4222222222222222,0.5148148148148148,2.284607664815724,-8.734755712871383,6.109626373821015,7.886814791119884,-576,6621.965000000026,0.022066786088317636,0.017398260322379122,0.10084738811647043,-0.5701753998820358,0.1594610569556263,2.1983703999703152,-53,-1159.299999999993,-0.002735619261757527,-0.011323465117731524,-0.6894081120438074,-4.7448992444326175,-12.166210238192363,-2.552721036999351
min_side_sig_gex_net_signed_side_parity_balance_wf,veto0.14,3934,38750.95999999999,0.4639044229791561,0.5493136756481952,1.6107286403682857,-13.977543478073558,2.4057985044214925,12.311000640664485,536,3286.4450000000006,0.4216417910447761,0.5130597014925373,2.279350216455528,-8.284022164715402,6.151911902772205,7.661525327633894,-629,6107.870000000024,0.02296644357963823,0.01742675914589409,0.091967864911215,-1.0984797683800611,0.045867235707917065,2.162401785755822,-57,-1304.8899999999912,-0.0033160504392036327,-0.013078578440009037,-0.6946655604040033,-4.294165696276637,-12.123924709241173,-2.7780105004853404
min_side_sig_gex_net_signed_side_parity_balance_wf,veto0.15,3874,36531.624999999985,0.4623128549303046,0.5467217346411978,1.549496367870178,-14.873742354712835,2.1845669073313148,11.718652763246393,528,3076.5700000000015,0.42045454545454547,0.5113636363636364,2.093981681049243,-8.818400730714886,5.388571464199375,7.265575111561181,-689,3888.535000000018,0.021374875530786763,0.014834818138896644,0.030735592413107415,-1.994678645019338,-0.17536436138226064,1.57005390833773,-65,-1514.7649999999903,-0.004503296029434278,-0.014774643568910006,-0.8800340958102884,-4.828544262276121,-12.887265147814004,-3.173960716558054
min_side_sig_gex_net_signed_side_parity_balance_wf,veto0.16,3819,37763.529999999984,0.46530505367897357,0.5504058654097932,1.571635859775333,-14.992234052906586,2.2096592019563857,12.228737093225654,525,2636.585000000001,0.41714285714285715,0.5047619047619047,1.8289098720629962,-9.139684402628411,4.418002519698678,6.3127332331884185,-744,5120.440000000017,0.024367074279455725,0.01851894890749206,0.05287508431826238,-2.1131703432130884,-0.15027206675718974,2.080138238316991,-68,-1954.749999999991,-0.0078149843411226,-0.021376375170641615,-1.1451059047965353,-5.149827934189646,-13.8578340923147,-4.126802594930816
min_side_sig_gex_net_signed_side_parity_balance_wf,veto0.17,3778,37344.024999999994,0.46611964002117523,0.5510852302805718,1.5629211405616432,-14.78301386571218,2.2264061526260175,12.1789870933936,522,2980.5750000000007,0.41954022988505746,0.5076628352490421,2.0713831949824524,-6.902379581368728,6.6573515251412845,7.168971078301091,-785,4700.935000000027,0.025181660621657387,0.019198313778270637,0.04416036510457255,-1.9039501560186824,-0.1335251160875579,2.030388238484937,-71,-1610.7599999999911,-0.0054176115989222895,-0.01847544468350426,-0.9026325818770791,-2.9125231129299625,-11.618485086872095,-3.270564749818144
min_side_sig_gex_net_signed_side_parity_balance_wf,veto0.18,3718,37376.30999999999,0.4671866594943518,0.5537923614846691,1.5796749244934618,-15.349771814571717,2.145281015490116,12.299595198722239,515,2721.830000000001,0.4174757281553398,0.5029126213592233,1.7833579641640782,-10.880567667994017,3.8374640391056314,6.593324871129028,-845,4733.220000000023,0.026248680094833943,0.021905444982368016,0.06091414903639114,-2.47070810487822,-0.21465025322345932,2.150996343813576,-78,-1869.504999999991,-0.007482113328639961,-0.023225658573323038,-1.1906578126954532,-6.890711199555251,-14.438372572907747,-3.8462109569902063
min_side_sig_gex_net_signed_side_parity_balance_wf,veto0.19,3671,37418.89999999999,0.46717515663307,0.5535276491419232,1.5920103023643446,-16.77564111014355,1.9642428716524825,12.411727616331934,509,3033.125000000001,0.41846758349705304,0.5068762278978389,2.0841503606468454,-10.122705678675999,4.624133934844154,7.376251637275557,-892,4775.8100000000195,0.026237177233552178,0.021640732639622073,0.07324952690727393,-3.8965774004500524,-0.39568839706109293,2.263128761423271,-84,-1558.209999999991,-0.006490257986926706,-0.019262052034707433,-0.889865416212686,-6.132849210237233,-13.651702677169226,-3.063284190843678
min_side_sig_gex_net_signed_side_parity_balance_wf,veto0.20,3627,36882.31499999999,0.46953405017921146,0.5533498759305211,1.5739625863439473,-17.02366686638708,1.9193778916594448,12.337423338330652,504,2889.020000000002,0.42063492063492064,0.5059523809523809,1.8337939522673294,-11.701976755292401,3.79951823125001,7.075891534118106,-936,4239.22500000002,0.028596070779693616,0.021462959428219963,0.05520181088687659,-4.144603156693584,-0.44055337705413056,2.188824483421989,-89,-1702.31499999999,-0.004322920849059109,-0.02018589898016543,-1.140221824592202,-7.712120286853636,-14.476318380763368,-3.363644294001129
min_side_sig_gex_net_signed_side_parity_balance_wf,veto0.21,3577,34540.17499999998,0.4654738607771876,0.5499021526418787,1.4986752022275092,-17.841739254276135,1.7619598850798879,11.673623038248119,498,3007.8300000000017,0.41967871485943775,0.5060240963855421,1.873191635845168,-12.061017387790688,3.8467690357633497,7.495392988371271,-986,1897.0850000000137,0.024535881377669766,0.018015236139577562,-0.020085573229561504,-4.962675544582638,-0.5979713836336875,1.5250241833394558,-95,-1583.50499999999,-0.0052791266245419965,-0.020114183547004227,-1.1008241410143635,-8.071160919351922,-14.429067576250029,-2.944142839747964
min_side_sig_gex_net_signed_side_parity_balance_wf,veto0.22,3522,33092.90999999998,0.46394094264622376,0.5485519591141397,1.4595764899349275,-18.817549586365562,1.628497024443434,11.337073245030465,489,3112.7000000000016,0.4233128834355828,0.5112474437627812,2.0166905774594657,-11.694899222153978,4.113734326405788,7.896269597979502,-1041,449.82000000001426,0.02300296324670592,0.016665042611838543,-0.059184285522143165,-5.938485876672065,-0.7314342442701414,1.1884743901218027,-104,-1478.6349999999902,-0.0016449580483969273,-0.014890836169765165,-0.9573251994000658,-7.705042753715213,-14.162102285607592,-2.543266230139733
min_side_sig_gex_net_signed_side_parity_balance_wf,veto0.23,3471,32582.03499999998,0.46355517142034,0.547392682224143,1.462426622328074,-18.398902190642744,1.6500724673772655,11.306059440341281,482,2741.460000000001,0.4170124481327801,0.5062240663900415,1.7882405267702006,-12.003708676255414,3.5048270754245987,7.022502562873003,-1092,-61.05499999998574,0.02261719202082213,0.015505765721841813,-0.0563341531289967,-5.519838480949247,-0.7098588013363099,1.1574605854326183,-111,-1849.874999999991,-0.007945393351199648,-0.01991421354250489,-1.1857752500893308,-8.013852207816647,-14.77100953658878,-3.417033265246232
min_side_sig_gex_net_signed_side_parity_balance_wf,veto0.24,3419,31386.49499999998,0.46183094472067854,0.5472360339280491,1.4311469807691275,-18.29468056483966,1.6224367003948457,11.01431519050699,473,3092.710000000002,0.4186046511627907,0.5116279069767442,1.876662729600208,-11.932099493103827,4.004539169227107,8.104350214131616,-1144,-1256.5949999999866,0.020892965321160695,0.01534911742574796,-0.08761379468794317,-5.415616855146162,-0.7374945683187297,0.8657163355983268,-120,-1498.62499999999,-0.006353190321189028,-0.014510372955802153,-1.0973530472593234,-7.9422430246650615,-14.27129744278627,-2.335185613987619
min_side_sig_gex_net_signed_side_parity_balance_wf,veto0.25,3375,32165.66999999998,0.46340740740740743,0.5484444444444444,1.4539849045882898,-17.663364237624872,1.705526481317252,11.432033842806742,464,3048.340000000003,0.4202586206896552,0.5129310344827587,1.8913384395938853,-9.489652994447054,4.958792454569237,8.167662771026045,-1188,-477.41999999998734,0.02246942800788959,0.01655752794214327,-0.0647758708687809,-4.784300527931375,-0.6544047873963235,1.2834349878980795,-129,-1542.994999999989,-0.0046992207943245545,-0.013207245449787686,-1.0826773372656462,-5.499796526008288,-13.31704415744414,-2.27187305709319
min_side_sig_gex_net_signed_side_parity_balance_wf,veto0.26,3317,32666.724999999984,0.46548085619535723,0.548688574012662,1.4772840788974702,-17.740565845926785,1.7139772968413058,11.794851195580545,456,3270.7000000000025,0.4232456140350877,0.5153508771929824,2.1913777244796115,-8.211875508498988,6.174393332960018,8.941892054819844,-1246,23.63500000001659,0.024542876795839386,0.01680165751036089,-0.04147669655960051,-4.8615021362332875,-0.6459539718722696,1.6462523406718823,-137,-1320.6349999999893,-0.0017122274488920453,-0.010787402739563912,-0.7826380523799199,-4.222019040060222,-12.10144327905336,-1.4976437732993908
min_side_sig_gex_net_signed_side_parity_balance_wf,veto0.27,3255,30939.354999999985,0.4660522273425499,0.5490015360983103,1.4308009077602426,-19.924346676052618,1.4768080848589604,11.346755986886334,447,3463.4000000000015,0.4228187919463087,0.5190156599552572,2.5113722236932725,-5.6763220968674455,9.493018738581975,9.669815205850027,-1308,-1703.7349999999824,0.025114247943032075,0.01711461959600913,-0.08795986769682806,-7.045282966359121,-0.883123183854615,1.1981571319776716,-146,-1127.9349999999904,-0.002139049537671023,-0.007122619977289135,-0.46264355316625894,-1.6864656284286799,-8.782817873431403,-0.7697206222692081
min_side_sig_gex_net_signed_side_parity_balance_wf,veto0.28,3190,29800.74499999998,0.4633228840125392,0.5470219435736677,1.405249692915918,-20.69415097969155,1.3896745882253,11.117515543614259,439,2929.2949999999973,0.4168564920273349,0.5148063781321185,2.1819548136145186,-7.244789238160138,6.227455904729529,8.32914643234806,-1373,-2842.3449999999866,0.02238490461302134,0.015135027071366602,-0.11351108254115272,-7.8150872699980525,-0.9702566804882753,0.9689166887055958,-154,-1662.0399999999945,-0.008101349456644868,-0.011331901800427868,-0.7920609632450129,-3.254932769721372,-12.048380707283851,-2.1103893957711755
min_side_sig_gex_net_signed_side_parity_balance_wf,veto0.29,3130,29211.399999999994,0.4635782747603834,0.5476038338658147,1.3937100984068234,-20.143353371008978,1.410247854251732,11.126746384085482,435,3137.6749999999975,0.4206896551724138,0.5195402298850574,2.404554137557675,-6.5942264697354815,7.357762852265775,9.012156182080489,-1433,-3431.689999999973,0.022640295360865537,0.01571691736351355,-0.1250506770502473,-7.26428966131548,-0.9496834144618433,0.9781475291768196,-158,-1453.6599999999944,-0.004268186311565947,-0.006598050047488924,-0.5694616393018563,-2.604370001296716,-10.918073759747603,-1.4273796460387462
min_side_sig_gex_net_signed_side_parity_balance_wf,veto0.30,3067,28372.914999999994,0.46331920443430064,0.5461362895337464,1.3774181412026087,-20.5034504297869,1.3607570001994314,11.0270722761402,425,3605.0249999999974,0.42823529411764705,0.5247058823529411,2.8175114646648654,-4.618479334861638,12.176563481742555,10.616216283072,-1496,-4270.174999999974,0.022381225034782792,0.014249373031445245,-0.14134263425446192,-7.624386720093401,-0.999174268514144,0.8784734212315364,-168,-986.3099999999945,0.0032774526336672993,-0.0014323975796052268,-0.1565043121946661,-0.6286228664228721,-6.099273130270824,0.17668045495276452
min_side_sig_gex_net_signed_side_parity_balance_wf,veto0.35,2769,26793.749999999993,0.4644275911881546,0.5482123510292525,1.395322156268661,-15.284544023335236,1.7612847509156484,11.727420412642374,390,2668.949999999996,0.4230769230769231,0.5128205128205128,2.041891088762863,-6.2760609876823,6.51691707466194,8.879315564610609,-1794,-5849.339999999975,0.023489611788636733,0.016325434526951343,-0.12343861918840959,-2.405480313641739,-0.598646517797927,1.5788215577337112,-203,-1922.3849999999957,-0.0018809184070566753,-0.013317767112033585,-0.9321246880966685,-2.286204519243534,-11.758919537351439,-1.5602202635086257
min_side_sig_gex_net_signed_side_parity_balance_wf,veto0.40,2441,22132.28499999999,0.46374436706267924,0.546497337156903,1.2878573644498392,-18.747776881742343,1.270169608129465,11.24717248952235,349,2284.484999999994,0.4183381088825215,0.5100286532951289,1.9423547627431248,-5.8605228976642305,5.9287437916447026,8.706650827280157,-2122,-10510.804999999978,0.022806387663161398,0.01461042065460183,-0.23090341100723144,-5.868713172048846,-1.0897616605841103,1.0985736346136878,-244,-2306.8499999999976,-0.006619732601458261,-0.01610962663741744,-1.0316610141164066,-1.8706664292254649,-12.347092820368676,-1.7328850008390777
min_side_sig_gex_net_signed_side_parity_balance_wf,veto0.45,2090,17833.164999999994,0.46172248803827753,0.5416267942583732,1.1817874969735025,-13.009626028662655,1.583520553154847,11.193899673005314,314,1945.3999999999942,0.410828025477707,0.5031847133757962,1.7984669731776604,-5.60887866589994,5.239606157921575,8.570247926602635,-2473,-14809.924999999974,0.02078450863875969,0.009739877756072102,-0.3369732784835682,-0.13056231896915804,-0.7764107155587283,1.045300818096651,-279,-2645.9349999999977,-0.014129816006272722,-0.022953566556750182,-1.175548803681871,-1.6190221974611747,-13.036230454091804,-1.8692879015166
min_side_sig_gex_net_signed_side_parity_balance_wf,veto0.50,1798,15428.434999999994,0.4588431590656285,0.5422691879866518,1.1610376684758952,-12.879063709693497,1.4460100212391922,12.014742642326253,296,1591.684999999993,0.40202702702702703,0.4966216216216216,1.4743776534593658,-7.005602967679497,3.4076068995448408,7.439974123211064,-2765,-17214.654999999973,0.01790517966611066,0.01038227148435067,-0.3577231069811755,0.0,-0.9139212474743832,1.86614378741759,-297,-2999.6499999999987,-0.02293081445695272,-0.02951665831092476,-1.4996381234001657,-3.0157464992407315,-14.868229712468537,-2.999561704908171
min_side_sig_gex_net_signed_side_parity_balance_wf,tilt0.01,4563,32609.59999999997,0.44071882533421,0.5316677624369932,1.5170300935701226,-12.879063709693497,2.3584757832322842,10.139167612321721,593,4591.334999999992,0.42495784148397975,0.5261382799325464,2.9740157768595314,-3.9898564684387656,18.27583661201338,10.439535828119235,0,-33.48999999999796,-0.0002191540653078694,-0.00021915406530792492,-0.0017306818869480267,0.0,-0.0014554854812911522,-0.009431242586941835,0,0.0,0.0,0.0,0.0,0.0,0.0,0.0
min_side_sig_gex_net_signed_side_parity_balance_wf,tilt0.02,4563,32234.25999999997,0.44071882533421,0.5316677624369932,1.5045653345377181,-12.879063709693497,2.3420991239539157,10.021675109762937,593,4591.334999999992,0.42495784148397975,0.5261382799325464,2.9740157768595314,-3.9898564684387656,18.27583661201338,10.439535828119235,0,-408.8299999999981,-0.0002191540653078694,-0.00021915406530792492,-0.014195440919352542,0.0,-0.017832144759659663,-0.12692374514572613,0,0.0,0.0,0.0,0.0,0.0,0.0,0.0
min_side_sig_gex_net_signed_side_parity_balance_wf,tilt0.03,4563,32213.819999999967,0.44071882533421,0.5318869165023011,1.5018684915535292,-12.879063709693497,2.3412038863652853,10.012925430486078,593,4591.334999999993,0.42495784148397975,0.5261382799325464,2.9740157768595314,-3.9898564684387656,18.27583661201338,10.439535828119237,0,-429.27000000000044,-0.0002191540653078694,0.0,-0.016892283903541472,0.0,-0.018727382348290078,-0.1356734244225848,0,9.094947017729282e-13,0.0,0.0,0.0,0.0,0.0,1.7763568394002505e-15
min_side_sig_gex_net_signed_side_parity_balance_wf,tilt0.05,4563,32116.95999999997,0.44071882533421,0.5321060705676091,1.4991467045877007,-12.879063709693497,2.336956759681795,9.976207041172637,593,4591.334999999993,0.42495784148397975,0.5261382799325464,2.9740157768595314,-3.9898564684387656,18.27583661201338,10.439535828119237,0,-526.1299999999974,-0.0002191540653078694,0.00021915406530792492,-0.01961407086936995,0.0,-0.022974509031780332,-0.1723918137360254,0,9.094947017729282e-13,0.0,0.0,0.0,0.0,0.0,1.7763568394002505e-15
min_side_sig_gex_net_signed_side_parity_balance_wf,tilt0.07,4563,32396.80999999997,0.44115713346482577,0.5325443786982249,1.508861790116738,-12.879063709693497,2.349205967429651,10.048043994420048,593,4347.2449999999935,0.42327150084317033,0.524451939291737,2.7765302805720156,-4.446159193029189,15.460796047902399,9.885865282829634,0,-246.27999999999884,0.00021915406530792492,0.0006574621959237748,-0.009898985340332622,0.0,-0.010725301283924349,-0.1005548604886144,0,-244.08999999999833,-0.001686340640809414,-0.001686340640809414,-0.19748549628751588,-0.4563027245904232,-2.81504056411098,-0.5536705452896005
min_side_sig_gex_net_signed_side_parity_balance_wf,tilt0.10,4563,32298.264999999974,0.44071882533421,0.5321060705676091,1.5095279945318856,-12.879063709693497,2.344900147387872,10.02031876129052,593,4347.2449999999935,0.42327150084317033,0.524451939291737,2.7765302805720156,-4.446159193029189,15.460796047902399,9.885865282829634,0,-344.82499999999345,-0.0002191540653078694,0.00021915406530792492,-0.009232780925185091,0.0,-0.015031121325703278,-0.12828009361814274,0,-244.08999999999833,-0.001686340640809414,-0.001686340640809414,-0.19748549628751588,-0.4563027245904232,-2.81504056411098,-0.5536705452896005
min_side_sig_gex_net_signed_side_parity_balance_wf,tilt0.15,4563,32415.67999999997,0.44071882533421,0.5318869165023011,1.5113285259241522,-12.879063709693497,2.3500295392571497,10.053507792692978,593,4364.194999999992,0.42327150084317033,0.5227655986509275,2.785881164956422,-4.439931744844698,15.547576844050134,9.908993008387057,0,-227.40999999999622,-0.0002191540653078694,0.0,-0.0074322495329184335,0.0,-0.009901729456425645,-0.09509106221568508,0,-227.13999999999942,-0.001686340640809414,-0.003372681281618828,-0.18813461190310932,-0.4500752764059328,-2.7282597679632445,-0.5305428197321778
min_side_sig_gex_net_signed_side_parity_balance_wf,tilt0.20,4563,32623.274999999972,0.44115713346482577,0.532325224632917,1.5155676013905601,-13.2107530932102,2.299839788801201,10.111435930507865,593,4326.034999999992,0.42158516020236086,0.524451939291737,2.790998608265647,-4.439931744844698,15.401074267204482,9.81871610090724,0,-19.814999999995052,0.00021915406530792492,0.00043830813061584983,-0.00319317406651054,-0.33168938351670363,-0.06009147991237418,-0.03716292440079805,0,-265.3000000000002,-0.0033726812816188834,-0.001686340640809414,-0.18301716859388462,-0.4500752764059328,-2.8747623448088966,-0.6208197272119946
min_side_sig_gex_net_signed_side_parity_balance_wf,tilt0.30,4563,33544.634999999966,0.4420337497260574,0.5332018408941486,1.5318506354195565,-12.879063709693497,2.3987661017408106,10.328509922651556,593,4048.6399999999917,0.418212478920742,0.521079258010118,2.5329565347801353,-5.346295743022322,11.910079183129037,9.125221614521214,0,901.5449999999983,0.001095770326539569,0.0013149243918474385,0.013089859962485795,0.0,0.03883483302723523,0.17991106774289278,0,-542.6950000000002,-0.006745362563237767,-0.005059021922428353,-0.4410592420793962,-1.3564392745835567,-6.365757428884342,-1.3143142135980206
min_side_sig_gex_net_signed_side_parity_balance_wf,tilt0.50,4563,34549.39999999997,0.44247205785667326,0.5342976112206882,1.5524525478349671,-12.879063709693497,2.441280719672574,10.594043640061308,593,4038.23999999999,0.4131534569983137,0.5177065767284992,2.6628944753550345,-4.363609835990905,14.551992184048823,9.145132646364358,0,1906.310000000005,0.001534078457155419,0.002410694718387063,0.033691772377896445,0.0,0.08134945095899848,0.4454447851526453,0,-553.0950000000021,-0.011804384485666064,-0.00843170320404718,-0.3111213015044969,-0.3737533675521396,-3.723844427964556,-1.294403181754877
min_side_sig_gex_net_signed_side_parity_balance_wf,tilt0.75,4563,35127.489999999976,0.44291036598728906,0.537146614069691,1.542371710723397,-13.477701177697584,2.355882765561197,10.659717357411383,593,3897.454999999988,0.4131534569983137,0.5160202360876898,2.637334266019597,-4.388726831961895,13.928417588704539,8.780519839810802,0,2484.4000000000087,0.0019723865877712132,0.005259697567389865,0.023610935266326294,-0.5986374680040871,-0.00404850315237848,0.5111185025027201,0,-693.8800000000037,-0.011804384485666064,-0.010118043844856595,-0.33668151083993436,-0.39887036352312943,-4.34741902330884,-1.6590159883084326
min_side_sig_gex_net_signed_side_parity_balance_wf,tilt1.00,4563,34741.57999999997,0.4433486741179049,0.5373657681349989,1.5160629071774714,-13.939920387430805,2.2629244829281108,10.446246418512136,593,3994.544999999989,0.41652613827993257,0.5227655986509275,2.6468271455732264,-4.399251437681435,14.266546774269939,8.882575871286463,0,2098.4900000000052,0.002410694718387063,0.00547885163269779,-0.0026978682795992803,-1.0608566777373074,-0.09700678578546462,0.2976475636034728,0,-596.7900000000027,-0.00843170320404718,-0.003372681281618828,-0.32718863128630504,-0.40939496924266905,-4.00928983774344,-1.556959956832772
avg_side_sig_same_strike_cp_bull_signed_side_parity_fwd_z_wf,veto0.02,4473,35025.31999999997,0.45137491616364855,0.5394589760786944,1.576136892016295,-13.860676636354,2.2868471560453023,10.907460332630738,590,4472.539999999992,0.4271186440677966,0.5271186440677966,2.968837484813526,-4.039728632171545,17.5460351609706,10.117003312737562,-90,2382.230000000003,0.010436936764130711,0.007572059576393286,0.057376116559224366,-0.9816129266605031,-0.07308411266827308,0.7588614777220748,-3,-118.79500000000007,0.0021608025838168454,0.0009803641352502668,-0.005178292046005506,-0.04987216373277903,-0.7298014510427784,-0.32253251538167227
avg_side_sig_same_strike_cp_bull_signed_side_parity_fwd_z_wf,veto0.03,4438,34712.094999999965,0.4526813880126183,0.5398828301036503,1.5589206942791851,-13.165194479975728,2.3948844508689184,10.83697278273261,588,4101.204999999992,0.42517006802721086,0.5255102040816326,2.7634327128174583,-4.042376421661354,15.97159161324661,9.329815585541196,-125,2069.0049999999974,0.01174340861310047,0.007995913601349214,0.04015991882211445,-0.2861307702822309,0.03495318215534304,0.6883739278239478,-5,-490.1300000000001,0.0002122265432311088,-0.0006280758509137341,-0.21058306404207316,-0.05251995322258818,-2.3042449987667695,-1.1097202425780388
avg_side_sig_same_strike_cp_bull_signed_side_parity_fwd_z_wf,veto0.04,4419,35477.86499999997,0.45530663045937997,0.5415252319529306,1.5797948135772892,-12.879063709693497,2.4798760153728123,11.082336846970385,588,3708.5649999999914,0.42346938775510207,0.5221088435374149,2.3701023236652485,-7.208361265523427,8.04115322636956,8.41466878982913,-144,2834.7750000000015,0.014368651059862125,0.009638315450629431,0.06103403812021857,0.0,0.11994474665923693,0.9337379920617224,-5,-882.7700000000004,-0.0014884537288776811,-0.004029436395131425,-0.6039134531942829,-3.2185047970846616,-10.234683385643818,-2.024867038290104
avg_side_sig_same_strike_cp_bull_signed_side_parity_fwd_z_wf,veto0.05,4398,34882.39499999997,0.4554342883128695,0.5413824465666212,1.5539021025732065,-12.879063709693497,2.455197902025363,10.943585735915011,585,3566.694999999992,0.42735042735042733,0.5247863247863248,2.327670729898536,-6.535800848422555,8.506933206594237,8.111010040137792,-165,2239.3050000000003,0.01449630891335163,0.009495530064320024,0.03514132711613582,0.0,0.09526663331178753,0.7949868810063485,-8,-1024.6399999999999,0.002392585866447583,-0.0013519551462215507,-0.6463450469609953,-2.5459443799837898,-9.768903405419142,-2.3285257879814427
avg_side_sig_same_strike_cp_bull_signed_side_parity_fwd_z_wf,veto0.06,4381,36427.20999999998,0.45834284409952064,0.5441679981739329,1.5970670493272272,-12.879063709693497,2.518679264906927,11.424011240858672,583,3525.929999999992,0.4288164665523156,0.5231560891938251,2.3398739518395724,-6.474901142707679,8.482356446883909,8.005291861798565,-182,3784.12000000001,0.017404864700002798,0.012281081671631777,0.07830627387015654,0.0,0.15874799619335178,1.275412385950009,-10,-1065.4049999999997,0.0038586250683358414,-0.002982190738721302,-0.6341418250199591,-2.485044674268913,-9.79348016512947,-2.43424396632067
avg_side_sig_same_strike_cp_bull_signed_side_parity_fwd_z_wf,veto0.07,4369,36407.95499999997,0.45891508354314486,0.5452048523689631,1.5978681945235602,-12.879063709693497,2.5178987102946118,11.43184363951566,581,3370.8799999999924,0.42857142857142855,0.5232358003442341,2.272282164284561,-6.838651456820625,7.655758394129977,7.677905522184476,-194,3764.8650000000052,0.01797710414362702,0.013317935866661967,0.07910741906648955,0.0,0.15796744158103637,1.2832447846069979,-12,-1220.4549999999995,0.0036135870874487996,-0.0029024795883122456,-0.7017336125749702,-2.8487949883818597,-10.620078217883401,-2.7616303059347587
avg_side_sig_same_strike_cp_bull_signed_side_parity_fwd_z_wf,veto0.08,4353,35776.324999999975,0.4587640707558006,0.5442223753733058,1.573720259126338,-12.879063709693497,2.4921459342752805,11.261731874059995,580,3692.2299999999923,0.43103448275862066,0.5258620689655172,2.5429914125211086,-6.0357873817031855,9.55812198973239,8.423289080360501,-210,3133.235000000008,0.01782609135628277,0.012335458871004623,0.054959483669267284,0.0,0.13221466556170514,1.1131330191513324,-13,-899.1049999999996,0.006076641274640915,-0.0002762109670291224,-0.43102436433842284,-2.04593091326442,-8.717714622280988,-2.016246747758734
avg_side_sig_same_strike_cp_bull_signed_side_parity_fwd_z_wf,veto0.09,4335,35661.139999999985,0.4588235294117647,0.544405997693195,1.5646325952636695,-13.12692981879167,2.440450275930101,11.250623283849732,576,3648.539999999992,0.4322916666666667,0.5277777777777778,2.5541565340762973,-5.767674280982002,9.87608114706987,8.340572341927466,-228,3018.0500000000175,0.017885550012246842,0.012519081190893844,0.045871819806598824,-0.24786610909817242,0.08051900721652583,1.1020244289410694,-17,-942.7950000000001,0.007333825182686937,0.0016394978452314302,-0.41985924278323417,-1.777817812543236,-8.399755464943508,-2.098963486191769
avg_side_sig_same_strike_cp_bull_signed_side_parity_fwd_z_wf,veto0.10,4317,35395.489999999976,0.4591151262450776,0.5452860782951123,1.5578357590815863,-13.148725271363409,2.4256889108991078,11.175325853561901,574,3187.214999999992,0.42857142857142855,0.5226480836236934,2.3140711224767707,-5.835712321511116,8.45332382895797,7.283584497592242,-246,2752.4000000000087,0.018177146845559766,0.013399161792811198,0.03907498362451567,-0.2696615616699116,0.06575764218553237,1.0267269986532384,-19,-1404.12,0.0036135870874487996,-0.003490196308852944,-0.6599446543827607,-1.8458558530723508,-9.822512783055409,-3.1559513305269924
avg_side_sig_same_strike_cp_bull_signed_side_parity_fwd_z_wf,veto0.11,4300,34354.02499999999,0.4567441860465116,0.5430232558139535,1.526298578605231,-13.334238217934761,2.350020701237687,10.88236966483852,573,2784.8349999999937,0.42408376963350786,0.5165794066317626,2.000284744745536,-5.931920394612977,7.210557733721409,6.337065862513235,-263,1710.9350000000195,0.01580620664699378,0.011136339311652366,0.007537803148160327,-0.4551745082412637,-0.009910567475888588,0.7337708099298581,-20,-1806.4999999999982,-0.0008740718504718914,-0.009558873300783755,-0.9737310321139954,-1.9420639261742112,-11.06527887829197,-4.102469965606
avg_side_sig_same_strike_cp_bull_signed_side_parity_fwd_z_wf,veto0.12,4279,34103.56499999998,0.4564150502453844,0.5426501519046506,1.5169652595965728,-13.842690565845894,2.2538761281207713,10.837929040595553,572,2987.2449999999935,0.42657342657342656,0.5192307692307693,2.1887293208264818,-5.849677578740286,7.8739861068156545,6.830319466734577,-284,1460.475000000013,0.01547707084586658,0.01076323540234947,-0.001795515860497865,-0.9636268561523966,-0.10605514059280408,0.6893301856868899,-21,-1604.0899999999983,0.0016155850894468138,-0.0069075107017770865,-0.7852864560330497,-1.85982111030152,-10.401850505197725,-3.609216361384658
avg_side_sig_same_strike_cp_bull_signed_side_parity_fwd_z_wf,veto0.13,4259,33751.63999999998,0.4566799718243719,0.5426156374735853,1.5097018067774897,-13.760339873051969,2.253396902155279,10.773052310027563,571,3211.634999999994,0.425569176882662,0.5183887915936952,2.334389342853098,-5.408414857233758,9.195325926848376,7.303157314515774,-304,1108.5500000000102,0.01574199242485408,0.010728720971284189,-0.009058968679581003,-0.8812761633584714,-0.10653436655829651,0.6244534551188998,-22,-1379.699999999998,0.0006113353986822445,-0.00774948833885114,-0.6396264340064333,-1.4185583887949926,-9.080510685165002,-3.1363785136034608
avg_side_sig_same_strike_cp_bull_signed_side_parity_fwd_z_wf,veto0.14,4238,33609.35499999998,0.45752713544124585,0.5431807456347334,1.5027293397250971,-14.427660341288389,2.143759927341665,10.76677986471654,569,3218.2549999999933,0.4253075571177504,0.5184534270650264,2.429884359541744,-5.3684123709885085,9.284103076510258,7.3355623956622695,-325,966.265000000014,0.016589156041728004,0.011293829132432265,-0.01603143573197352,-1.5485966315948918,-0.2161713413719104,0.618181009807877,-24,-1373.0799999999986,0.00034971563377067527,-0.0076848528675199645,-0.5441314173177876,-1.378555902549743,-8.991733535503121,-3.103973432456965
avg_side_sig_same_strike_cp_bull_signed_side_parity_fwd_z_wf,veto0.15,4220,32993.254999999976,0.45710900473933647,0.5428909952606635,1.4898063441332337,-15.452233699170915,1.9795834061948394,10.610355560097853,567,3007.3199999999933,0.42504409171075835,0.5167548500881834,2.2647483989595503,-5.3684123709885085,8.640846836442329,6.888514149614411,-343,350.16500000000815,0.016171025339818623,0.011004078758362401,-0.028954431323837015,-2.5731699894774174,-0.380347862518736,0.46175670518919,-26,-1584.0149999999985,8.625022677860583e-05,-0.009383429844362912,-0.7092673778999812,-1.378555902549743,-9.63498977557105,-3.5510216785048234
avg_side_sig_same_strike_cp_bull_signed_side_parity_fwd_z_wf,veto0.16,4205,32724.859999999986,0.45755053507728893,0.5429250891795482,1.482556204795364,-15.454945257519395,1.9695588127687023,10.545496285262544,566,3191.5599999999936,0.4275618374558304,0.5176678445229682,2.4318139558593326,-5.054560647554167,9.773843680032478,7.305323595831714,-358,81.77000000001863,0.01661255567777109,0.011038172677247049,-0.03620457066170668,-2.5758815478258974,-0.39037245594487313,0.3968974303538815,-27,-1399.7749999999983,0.0026039959718506256,-0.008470435409578148,-0.5422018210001989,-1.0647041791154015,-8.501992931980901,-3.1342122322875205
avg_side_sig_same_strike_cp_bull_signed_side_parity_fwd_z_wf,veto0.17,4184,33190.65999999999,0.4576959847036329,0.5427820267686424,1.4961791854138524,-15.03870205939398,2.0412999841072614,10.740469277011547,561,3223.3199999999924,0.4295900178253119,0.5169340463458111,2.419637564706087,-4.97444531682886,10.036118068352524,7.457180415311896,-379,547.5700000000215,0.01675800530411503,0.010895110266341268,-0.022581590043218247,-2.159638349700483,-0.31863128460631396,0.5918704221028843,-32,-1368.0149999999994,0.004632176341332173,-0.009204233586735278,-0.5543782121534444,-0.9845888483900946,-8.239718543660855,-2.9823554128073386
avg_side_sig_same_strike_cp_bull_signed_side_parity_fwd_z_wf,veto0.18,4164,33116.31499999999,0.45773294908741596,0.542507204610951,1.495133037986074,-15.424996953702053,1.9875080141519754,10.770773986388933,561,3498.899999999992,0.43137254901960786,0.5187165775401069,2.62394813880675,-4.9453001145509425,11.015285639978128,8.09241201939087,-399,473.2250000000204,0.01679496968789812,0.0106202881086499,-0.023627737470996557,-2.5459332440085554,-0.37242325456159997,0.6221751314802706,-32,-1092.435,0.006414707535628117,-0.007421702392439444,-0.3500676380527814,-0.9554436461121769,-7.260550972035251,-2.347123808728364
avg_side_sig_same_strike_cp_bull_signed_side_parity_fwd_z_wf,veto0.19,4144,32668.414999999986,0.45704633204633205,0.5422297297297297,1.4906427737022776,-15.523265549200769,1.9588579600175617,10.664385589617009,560,3574.4899999999916,0.43214285714285716,0.5196428571428572,2.6831538854448467,-4.9453001145509425,11.269127736040664,8.262326896890615,-419,25.325000000018917,0.016108352646814206,0.010342813227428582,-0.028118001754793065,-2.6442018395072715,-0.40107330869601365,0.515786734708346,-33,-1016.8450000000003,0.007185015658877414,-0.006495422789689176,-0.29086189141468477,-0.9554436461121769,-7.0067088759727145,-2.17720893122862
avg_side_sig_same_strike_cp_bull_signed_side_parity_fwd_z_wf,veto0.20,4120,32891.89999999999,0.45800970873786406,0.5432038834951456,1.4928911457403524,-15.29545196374933,1.9961878733461524,10.750934393115717,559,3622.704999999992,0.4329159212880143,0.5223613595706619,2.811501997807747,-4.9453001145509425,11.431373003953336,8.378742119571108,-443,248.8100000000195,0.01707172933834622,0.011316966992844457,-0.025869629716718245,-2.416388254055832,-0.36374339536742295,0.6023355382070541,-34,-968.6299999999997,0.007958079804034568,-0.0037769203618844838,-0.16251377905178455,-0.9554436461121769,-6.8444636080600425,-2.060793708548127
avg_side_sig_same_strike_cp_bull_signed_side_parity_fwd_z_wf,veto0.21,4103,33707.44499999999,0.45941993663173286,0.5449670972459176,1.5120104624106125,-14.969014550225129,2.0698277106733753,11.036616578916018,557,3475.959999999992,0.43447037701974867,0.518850987432675,2.7517355786457065,-4.9453001145509425,10.938375919207058,8.038963054341545,-460,1064.355000000025,0.01848195723221502,0.013080180743616499,-0.006750313046458123,-2.089950840531632,-0.29010355804020005,0.888017724007355,-36,-1115.375,0.009512535535768918,-0.007287292499871367,-0.22228019821382494,-0.9554436461121769,-7.337460692806321,-2.4005727737776894
avg_side_sig_same_strike_cp_bull_signed_side_parity_fwd_z_wf,veto0.22,4084,34175.874999999985,0.460822722820764,0.5462781586679726,1.5166882491445504,-14.601705342879507,2.1394108192726367,11.211779799786846,556,3430.1499999999915,0.43345323741007197,0.5179856115107914,2.694175618864901,-4.924954387195622,10.829521535622973,7.942732393492133,-479,1532.785000000018,0.01988474342124613,0.014391242165671447,-0.0020725263125203064,-1.7226416331860097,-0.22052044944093874,1.0631809448781837,-37,-1161.1850000000004,0.00849539592609222,-0.008152668421754994,-0.27984015799463036,-0.9350979187568562,-7.446315076390405,-2.496803434627102
avg_side_sig_same_strike_cp_bull_signed_side_parity_fwd_z_wf,veto0.23,4063,33495.145,0.45951267536303225,0.5446714250553778,1.4966048836204193,-15.49673972629968,1.9918141887106868,11.021872374213567,556,3328.6999999999916,0.4316546762589928,0.5161870503597122,2.575267112672055,-4.924954387195622,10.489222391357664,7.7075596231962455,-500,852.0550000000294,0.01857469596351441,0.012784508553076668,-0.022155891836651342,-2.6176760166061825,-0.36811708000288856,0.8732735193049042,-37,-1262.6350000000002,0.006696834775013039,-0.00995122957283412,-0.39874866418747645,-0.9350979187568562,-7.786614220655714,-2.731976204922989
avg_side_sig_same_strike_cp_bull_signed_side_parity_fwd_z_wf,veto0.24,4043,32672.319999999985,0.4585703685382142,0.5441503833786792,1.4680614222542316,-16.135571456307634,1.8846593852617461,10.77584499531513,555,3122.0299999999916,0.4306306306306306,0.5153153153153153,2.4511996599949057,-6.1161613144959945,7.890975042493458,7.236060172291653,-520,29.230000000017753,0.01763238913869636,0.012263466876378026,-0.050699353202839026,-3.2565077466141368,-0.47527188345182925,0.6272461404064664,-38,-1469.3050000000003,0.0056727891466508695,-0.01082296461723109,-0.5228161168646257,-2.126304846057229,-10.38486156951992,-3.2034756558275816
avg_side_sig_same_strike_cp_bull_signed_side_parity_fwd_z_wf,veto0.25,4018,32041.60499999998,0.45818815331010454,0.5433051269288203,1.4553878686508053,-17.55339148390557,1.7122155132552372,10.599354894177319,553,3007.039999999991,0.42857142857142855,0.5135623869801085,2.343808668485011,-7.090392356958793,6.5416777224488385,7.007288928327808,-545,-601.484999999986,0.017250173910586697,0.011418210426519138,-0.0633729068062654,-4.674327774212074,-0.6477157554583381,0.45075603926865604,-40,-1584.295000000001,0.0036135870874487996,-0.012575892952437884,-0.6302071083745204,-3.100535888520027,-11.73415888956454,-3.4322468997914264
avg_side_sig_same_strike_cp_bull_signed_side_parity_fwd_z_wf,veto0.26,3963,32795.419999999984,0.46353772394650516,0.5485743123896039,1.4661990989369313,-17.851561279838055,1.7073474176664074,10.882603514151578,548,2728.2899999999904,0.42883211678832117,0.5109489051094891,2.1433951715610977,-8.17055870798776,5.123043611588999,6.420220415119119,-600,152.3300000000163,0.02259974454698732,0.016687395887302725,-0.05256167652013932,-4.972497570144558,-0.652583851047168,0.734004659242915,-45,-1863.0450000000014,0.0038742753043414235,-0.015189374823057267,-0.8306206052984337,-4.180702239548995,-13.15279300042438,-4.019315413000116
avg_side_sig_same_strike_cp_bull_signed_side_parity_fwd_z_wf,veto0.27,3932,31769.549999999996,0.46414038657171924,0.5473041709053916,1.4379324383592924,-19.48286845433788,1.5347214183097897,10.58099406067102,546,2901.539999999992,0.4340659340659341,0.5164835164835165,2.2232465041457283,-7.415816881833848,6.0229787322383,6.825607944742842,-631,-873.5399999999718,0.0232024071722014,0.015417254403090497,-0.08082833709777826,-6.603804744644382,-0.8252098504037857,0.4323952057623579,-47,-1689.795,0.00910809258195433,-0.009654763449029824,-0.7507692727138031,-3.4259604133950825,-12.252857879775078,-3.613927883376393
avg_side_sig_same_strike_cp_bull_signed_side_parity_fwd_z_wf,veto0.28,3914,31472.649999999987,0.46499744506898316,0.5482881962187021,1.4277319127804469,-19.833833138536562,1.499020359688213,10.51071705641879,544,2890.119999999991,0.43566176470588236,0.5165441176470589,2.2042090909279146,-7.777666147586258,5.71890630922495,6.824342576273597,-649,-1170.4399999999805,0.02405946566946532,0.01640127971640093,-0.0910288626766238,-6.954769428843065,-0.8609109090253624,0.3621182015101265,-49,-1701.215000000001,0.010703923221902611,-0.009594162285487484,-0.7698066859316168,-3.7878096791474922,-12.556930302788428,-3.6151932518456373
avg_side_sig_same_strike_cp_bull_signed_side_parity_fwd_z_wf,veto0.29,3885,31558.29499999998,0.46563706563706564,0.5485199485199486,1.4466928043600906,-18.152486881530074,1.6405632601287927,10.600691265562833,542,3265.9949999999913,0.43911439114391143,0.518450184501845,2.412401309765666,-5.3851873568284905,9.400956713458097,7.73914858808897,-678,-1084.7949999999873,0.024699086237547796,0.01663303201764743,-0.07206797109698004,-5.273423171836576,-0.7193680085847827,0.4520924106541706,-51,-1325.3400000000006,0.014156549659931683,-0.007688095430701369,-0.5616144670938654,-1.3953308883897249,-8.874879898555282,-2.700387240030265
avg_side_sig_same_strike_cp_bull_signed_side_parity_fwd_z_wf,veto0.30,3856,30711.86999999998,0.46524896265560167,0.5477178423236515,1.4130615169180931,-19.636579403952663,1.4917331253565143,10.39629509571185,542,3305.6099999999924,0.43911439114391143,0.518450184501845,2.443684920356562,-5.3935242834157355,9.507381469165688,7.8191449728390845,-707,-1931.2199999999866,0.02431098325608383,0.015830925821350372,-0.10569925853897755,-6.757515694259165,-0.8681981433570611,0.24769624080318664,-51,-1285.7249999999995,0.014156549659931683,-0.007688095430701369,-0.5303308565029696,-1.40366781497697,-8.76845514284769,-2.6203908552801503
avg_side_sig_same_strike_cp_bull_signed_side_parity_fwd_z_wf,veto0.35,3694,30618.914999999986,0.4667027612344342,0.5476448294531673,1.4127751370756025,-19.30045060518506,1.5149110285340928,10.729143682025683,533,2090.7799999999897,0.4333958724202627,0.5084427767354597,1.680509426164598,-11.37974735292913,2.7836230432460494,5.032299401090928,-869,-2024.174999999981,0.025764781834916373,0.01575791295086615,-0.10598563838146813,-6.421386895491562,-0.8450202401794826,0.5805448271170199,-60,-2500.555000000002,0.008438030936282925,-0.01769550319708668,-1.2935063506949334,-7.389890884490364,-15.49221356876733,-5.407236427028307
avg_side_sig_same_strike_cp_bull_signed_side_parity_fwd_z_wf,veto0.40,3543,33456.329999999994,0.47219870166525546,0.5526390064916737,1.5153006295882416,-16.941749768977964,1.8206648107565535,12.157664338614646,524,2366.1399999999912,0.44083969465648853,0.5114503816793893,1.911013832370614,-10.607779301113824,3.3980383013316393,5.785112651434558,-1020,813.2400000000271,0.03126072226573762,0.020752089989372613,-0.0034601458688290343,-4.0626860592844665,-0.5392664579570219,2.0090654837059834,-69,-2225.1950000000006,0.015881853172508786,-0.014687898253157083,-1.0630019444889174,-6.617922832675059,-14.87779831068174,-4.654423176684677
avg_side_sig_same_strike_cp_bull_signed_side_parity_fwd_z_wf,veto0.45,3352,29158.490000000005,0.4677804295942721,0.5480310262529833,1.392721914047767,-21.831918264548012,1.2997207498097474,11.170502064600337,511,2283.3199999999947,0.436399217221135,0.5166340508806262,1.68504587764993,-13.434017272508397,2.5850061875040584,5.678038891726532,-1211,-3484.599999999962,0.02684245019475423,0.016144109750682145,-0.12603886140930376,-8.952854554854515,-1.060210518903828,1.0219032096916738,-82,-2308.014999999997,0.011441375737155257,-0.009504229051920166,-1.2889698992096015,-9.444160804069632,-15.69083042450932,-4.761496936392703
avg_side_sig_same_strike_cp_bull_signed_side_parity_fwd_z_wf,veto0.50,3169,27929.895,0.4670242978857684,0.548122436099716,1.380423694934254,-22.406944368119337,1.23304280530673,11.253124083262794,497,3088.5199999999936,0.44668008048289737,0.5211267605633803,2.5259678566695416,-9.383952550740176,5.084639554558575,7.851080320467391,-1394,-4713.194999999967,0.026086318486250537,0.01623551959741487,-0.13833708052281657,-9.52788065842584,-1.1268884634068455,1.104525228354131,-96,-1502.8149999999982,0.02172223899891762,-0.005011519369166106,-0.44804792018998985,-5.39409608230141,-13.191197057454804,-2.588455507651844
avg_side_sig_same_strike_cp_bull_signed_side_parity_fwd_z_wf,tilt0.01,4563,32650.519999999968,0.44115713346482577,0.532325224632917,1.519990253979405,-12.879063709693497,2.3602540521638553,10.147578877521596,593,4591.334999999992,0.42495784148397975,0.5261382799325464,2.9740157768595314,-3.9898564684387656,18.27583661201338,10.439535828119235,0,7.430000000000291,0.00021915406530792492,0.00043830813061584983,0.0012294785223343485,0.0,0.0003227834502799176,-0.0010199773870667173,0,0.0,0.0,0.0,0.0,0.0,0.0,0.0
avg_side_sig_same_strike_cp_bull_signed_side_parity_fwd_z_wf,tilt0.02,4563,32334.264999999963,0.44049967126890205,0.5316677624369932,1.5073476964464438,-12.883822993827,2.3456072912041406,10.040482680744041,593,4591.334999999992,0.42495784148397975,0.5261382799325464,2.9740157768595314,-3.9898564684387656,18.27583661201338,10.439535828119235,0,-308.82500000000437,-0.0004383081306157943,-0.00021915406530792492,-0.011413079010626825,-0.004759284133502462,-0.014323977509434815,-0.10811617416462127,0,0.0,0.0,0.0,0.0,0.0,0.0,0.0
avg_side_sig_same_strike_cp_bull_signed_side_parity_fwd_z_wf,tilt0.03,4563,32007.93499999997,0.4400613631382862,0.5314486083716853,1.493387638377276,-13.493521273191758,2.2259662571806547,9.938178430780537,593,4591.334999999992,0.42495784148397975,0.5261382799325464,2.9740157768595314,-3.9898564684387656,18.27583661201338,10.439535828119235,0,-635.1549999999988,-0.0008766162612316442,-0.00043830813061584983,-0.025373137079794716,-0.6144575634982612,-0.13396501153292073,-0.21042042412812556,0,0.0,0.0,0.0,0.0,0.0,0.0,0.0
avg_side_sig_same_strike_cp_bull_signed_side_parity_fwd_z_wf,tilt0.05,4563,32004.364999999972,0.44049967126890205,0.5314486083716853,1.491324490646773,-12.907837677228498,2.326811158873749,9.925474812596145,593,4524.584999999992,0.42495784148397975,0.524451939291737,2.9532558552928294,-3.9898564684387656,17.988770624956754,10.287267310227394,0,-638.7249999999949,-0.0004383081306157943,-0.00043830813061584983,-0.027436284810297584,-0.028773967535000722,-0.033120109839826384,-0.22312404231251826,0,-66.75,0.0,-0.001686340640809414,-0.020759921566702033,0.0,-0.287065987056625,-0.15226851789184082
avg_side_sig_same_strike_cp_bull_signed_side_parity_fwd_z_wf,tilt0.07,4563,32444.544999999976,0.44115713346482577,0.5321060705676091,1.5042902315122293,-12.879063709693497,2.351288758936312,10.05378984697077,593,4524.584999999992,0.42495784148397975,0.524451939291737,2.9532558552928294,-3.9898564684387656,17.988770624956754,10.287267310227394,0,-198.54499999999098,0.00021915406530792492,0.00021915406530792492,-0.014470543944841374,0.0,-0.008642509777263552,-0.0948090079378936,0,-66.75,0.0,-0.001686340640809414,-0.020759921566702033,0.0,-0.287065987056625,-0.15226851789184082
avg_side_sig_same_strike_cp_bull_signed_side_parity_fwd_z_wf,tilt0.10,4563,32581.229999999967,0.44115713346482577,0.532325224632917,1.5069463805323997,-12.879063709693497,2.3572420830849774,10.096182807760803,593,4405.159999999993,0.42495784148397975,0.524451939291737,2.8843348571815537,-3.9898564684387656,17.4766485398386,10.000853617339676,0,-61.86000000000058,0.00021915406530792492,0.00043830813061584983,-0.011814394924670957,0.0,-0.00268918562859799,-0.05241604714785986,0,-186.17499999999927,0.0,-0.001686340640809414,-0.08968091967797776,0.0,-0.799188072174779,-0.43868221077955916
avg_side_sig_same_strike_cp_bull_signed_side_parity_fwd_z_wf,tilt0.15,4563,33348.24999999997,0.4420337497260574,0.5340784571553803,1.5302259651992447,-12.879063709693497,2.3903629944966,10.328860934148453,593,4274.219999999994,0.42495784148397975,0.524451939291737,2.8372346681928935,-3.9912147100100133,16.911579499658863,9.69607741944264,0,705.1600000000035,0.001095770326539569,0.002191540653079138,0.011465189742174031,0.0,0.030431725783024444,0.18026207923979065,0,-317.11499999999796,0.0,-0.001686340640809414,-0.13678110866663795,-0.0013582415712476426,-1.3642571123545153,-0.7434584086765952
avg_side_sig_same_strike_cp_bull_signed_side_parity_fwd_z_wf,tilt0.20,4563,32734.439999999977,0.4418145956607495,0.5327635327635327,1.5081415439756853,-12.879063709693497,2.363896624710823,10.126387270732467,593,4233.914999999993,0.42495784148397975,0.5227655986509275,2.8403841229157716,-4.014484554540618,16.642904637447195,9.609271112848091,0,91.35000000000946,0.0008766162612316442,0.0008766162612315886,-0.010619231481385327,0.0,0.003965355997247677,-0.022211584176195842,0,-357.41999999999916,0.0,-0.003372681281618828,-0.13363165394375986,-0.02462808610185263,-1.6329319745661834,-0.8302647152711433
avg_side_sig_same_strike_cp_bull_signed_side_parity_fwd_z_wf,tilt0.30,4563,33362.809999999976,0.44247205785667326,0.5336401490247644,1.5205117220148197,-12.879063709693497,2.3909870678981213,10.314487781190257,593,4192.409999999991,0.42327150084317033,0.5193929173693086,2.775459279854352,-4.0090174538600305,16.48986000187281,9.470004908470445,0,719.7200000000084,0.001534078457155419,0.0017532325224632883,0.001750946557748989,0.0,0.03105579918454593,0.16588892628159435,0,-398.9250000000011,-0.001686340640809414,-0.006745362563237767,-0.19855649700517963,-0.019160985421264876,-1.785976610140569,-0.9695309196487898
avg_side_sig_same_strike_cp_bull_signed_side_parity_fwd_z_wf,tilt0.50,4563,33315.91999999997,0.44247205785667326,0.5338593030900723,1.5170527581597109,-12.879063709693497,2.388976647516213,10.222571594149668,593,4388.1499999999905,0.42833052276559863,0.5227655986509275,3.1168636249778805,-3.530288850705806,19.669468473506292,9.87478045229357,0,672.8300000000017,0.001534078457155419,0.0019723865877712132,-0.0017080172973598096,0.0,0.02904537880263769,0.07397273924100567,0,-203.1850000000013,0.0033726812816188834,-0.003372681281618828,0.14284784811834905,0.45956761773295973,1.3936318614929135,-0.5647553758256656
avg_side_sig_same_strike_cp_bull_signed_side_parity_fwd_z_wf,tilt0.75,4563,34074.02999999998,0.44466359850975234,0.5375849222003068,1.5218794071744548,-13.084176721001969,2.3833083509236466,10.431420952742949,593,4557.24499999999,0.4317032040472175,0.524451939291737,3.363040611113298,-3.462336293071236,20.891305556117235,10.227825641218972,0,1430.9400000000096,0.0037256191102345015,0.005698005698005715,0.003118631717384135,-0.20511301130847137,0.023377082210071176,0.2828220978342859,0,-34.090000000001965,0.006745362563237767,-0.001686340640809414,0.38902483425376655,0.5275201753675298,2.6154689441038563,-0.21171018690026244
avg_side_sig_same_strike_cp_bull_signed_side_parity_fwd_z_wf,tilt1.00,4563,34948.28999999997,0.4470742932281394,0.5384615384615384,1.5345357636209291,-13.528339607392804,2.3399760345345424,10.609043214492768,593,4413.084999999994,0.433389544688027,0.524451939291737,3.152480173173592,-3.499558705252026,19.963853252527585,9.76418606246258,0,2305.2000000000044,0.006136313828621565,0.006574621959237303,0.015774988163858472,-0.6492758976993063,-0.019955234179033,0.46044435958410546,0,-178.24999999999818,0.008431703204047236,-0.001686340640809414,0.17846439631406064,0.49029776318673957,1.6880166405142063,-0.6753497656566552
min_side_sig_same_strike_cp_bull_signed_side_parity_fwd_z_wf,veto0.02,4374,36793.31499999997,0.4613625971650663,0.5480109739368999,1.6154503298414558,-14.786851214114712,2.2066039858179662,11.556532532194474,583,3750.4849999999888,0.42710120068610635,0.5231560891938251,2.7050989381157717,-4.650255931015433,12.615250534397868,8.519298827441744,-189,4150.225000000006,0.020424617765548436,0.01612405743459877,0.09668955438438509,-1.907787504421215,-0.15332728289560915,1.4079336772858113,-10,-840.8500000000031,0.0021433592021266046,-0.002982190738721302,-0.2689168387437597,-0.6603994625766676,-5.660586077615511,-1.9202370006774903
min_side_sig_same_strike_cp_bull_signed_side_parity_fwd_z_wf,veto0.03,4319,36416.534999999974,0.4623755498958092,0.5485065987497105,1.58748165853376,-14.910134503750868,2.1752089383090727,11.487285768311818,579,3957.9149999999895,0.43523316062176165,0.5267702936096719,2.748552839823424,-4.793829053018277,12.963543653529758,8.990369785166864,-244,3773.445000000007,0.021437570496291358,0.016619682247409395,0.06872088307668944,-2.0310707940573707,-0.1847223304045027,1.338686913403155,-14,-633.4200000000023,0.010275319137781902,0.0006320136771255092,-0.22546293703610765,-0.8039725845795118,-5.312292958483621,-1.4491660429523705
min_side_sig_same_strike_cp_bull_signed_side_parity_fwd_z_wf,veto0.04,4270,35469.004999999976,0.46276346604215457,0.5475409836065573,1.5647635244557851,-15.55747495083317,2.0526324016318034,11.255727269536559,572,3523.314999999989,0.4318181818181818,0.5244755244755245,2.4036963200846726,-6.187118952441765,8.869881100839182,8.111762869451638,-293,2825.915000000008,0.021825486642636727,0.01565406710425621,0.04600274899871448,-2.6784112411396723,-0.307298867081772,1.107128414627896,-21,-1068.0200000000027,0.006860340334202075,-0.0016627554570218805,-0.5703194567748588,-2.1972624840029997,-9.405955511174197,-2.3277729586675964
min_side_sig_same_strike_cp_bull_signed_side_parity_fwd_z_wf,veto0.05,4229,35506.014999999985,0.46275715299125086,0.5481201229605107,1.5561689648333665,-15.81232002554006,2.0207927615985226,11.394908410726417,570,3138.73999999999,0.4298245614035088,0.519298245614035,2.142807058225076,-6.159951649086612,7.8793159278284515,7.232458108063556,-334,2862.9250000000175,0.02181917359173302,0.01623320645820958,0.037408189376295864,-2.933256315846563,-0.3391385071150528,1.2463095558177546,-23,-1452.595000000002,0.004866719919529028,-0.006840034318511323,-0.8312087186344557,-2.170095180647847,-10.396520684184928,-3.207077720055679
min_side_sig_same_strike_cp_bull_signed_side_parity_fwd_z_wf,veto0.06,4185,34546.36999999998,0.46260454002389484,0.5469534050179211,1.5234792411256282,-17.294274864918673,1.817929586510459,11.186672168086995,567,3349.2849999999908,0.43386243386243384,0.5202821869488536,2.2960885593517757,-5.949000769248371,8.740719119407494,7.688610897110372,-378,1903.2800000000134,0.021666560624376996,0.01506648851561998,0.004718465668557492,-4.415211155225176,-0.5420016822031164,1.038073313178332,-26,-1242.050000000001,0.00890459237845409,-0.005856092983692718,-0.6779272175077558,-1.959144300809605,-9.535117492605885,-2.7509249310088624
min_side_sig_same_strike_cp_bull_signed_side_parity_fwd_z_wf,veto0.07,4153,34790.01999999998,0.46327955694678546,0.5470744040452685,1.5311266711175775,-17.270284336406732,1.8280554242841596,11.322099586644338,566,2907.9249999999893,0.4275618374558304,0.5159010600706714,2.0491556896629213,-7.723477025585446,5.796494135549643,6.680399207796304,-410,2146.930000000015,0.02234157754726762,0.015187487542967393,0.012365895660506832,-4.391220626713235,-0.5318758444294158,1.1735007317356754,-27,-1683.4100000000026,0.0026039959718506256,-0.01023721986187498,-0.9248600871966102,-3.73362055714668,-12.479342476463735,-3.7591366203229306
min_side_sig_same_strike_cp_bull_signed_side_parity_fwd_z_wf,veto0.08,4118,35435.22999999998,0.46551724137931033,0.5488101019912579,1.5479523116122607,-15.676104759073217,2.0359546389797485,11.592463387224166,561,2868.9749999999913,0.43137254901960786,0.5169340463458111,2.1429254850839845,-6.240904058537616,7.072109092895919,6.589312955359004,-445,2792.140000000014,0.02457926197979249,0.01692318548895677,0.02919153615518999,-2.79704104937972,-0.3239766297338269,1.4438645323155033,-32,-1722.3600000000006,0.006414707535628117,-0.009204233586735278,-0.8310902917755469,-2.2510475900988505,-11.20372751911746,-3.850222872760231
min_side_sig_same_strike_cp_bull_signed_side_parity_fwd_z_wf,veto0.09,4087,35403.584999999985,0.466601419133839,0.5497920234891118,1.5469234960830796,-15.304054483745805,2.084350960348178,11.654621046891137,558,2816.249999999991,0.43010752688172044,0.514336917562724,2.194728856660364,-5.875026631631272,7.36698237467972,6.542737404664192,-476,2760.495000000017,0.02566343973432117,0.017905106986810693,0.028162720626008886,-2.424990774052308,-0.2755803083653974,1.5060221919824741,-35,-1775.085000000001,0.005149685397740689,-0.011801362369822321,-0.7792869201991675,-1.8851701631925062,-10.908854237333658,-3.896798423455043
min_side_sig_same_strike_cp_bull_signed_side_parity_fwd_z_wf,veto0.10,4046,33831.96999999999,0.4656450815620366,0.5481957488877904,1.5024241821195452,-15.311228940539781,2.028020758980568,11.250425441174388,556,2237.7399999999902,0.420863309352518,0.5053956834532374,1.8145924729571359,-6.432822368970831,5.285862524090206,5.2211646463218,-517,1188.8800000000192,0.024707102162518757,0.016308832385489302,-0.016336593337525462,-2.4321652308462838,-0.3319105097330075,1.1018265862657248,-37,-2353.5950000000016,-0.00409453213146177,-0.020742596479308983,-1.1594233039023956,-2.442965900532065,-12.989974087923173,-5.218371181797434
min_side_sig_same_strike_cp_bull_signed_side_parity_fwd_z_wf,veto0.11,4018,33190.414999999986,0.4646590343454455,0.5465405674464908,1.478469463058227,-16.686445303915562,1.8397187685978813,11.11186048552297,553,2114.1799999999917,0.4213381555153707,0.5063291139240507,1.6210080248972598,-6.788027733543947,4.721026221809118,4.925321568858569,-545,547.3250000000189,0.023721054945927633,0.014653650944189689,-0.04029131239884376,-3.807381594222065,-0.5202125001156941,0.9632616306143067,-40,-2477.155,-0.0036196859686090654,-0.019809166008495693,-1.3530077519622716,-2.7981712651051813,-13.55481039020426,-5.514214259260665
min_side_sig_same_strike_cp_bull_signed_side_parity_fwd_z_wf,veto0.12,3981,34280.59499999999,0.4659633257975383,0.5483546847525748,1.523542992165514,-16.136169050713686,1.9394889036885818,11.577789200758009,547,1909.9099999999914,0.42047531992687387,0.506398537477148,1.4909045698574923,-6.8034525273077655,4.23777696311544,4.484748553424306,-582,1637.5050000000192,0.025025346398020454,0.01646776825027363,0.004782216708443254,-3.257105341020189,-0.42044236502499355,1.4291903458493458,-46,-2681.425,-0.0044825215571058785,-0.019739742455398335,-1.4831112070020391,-2.813596058869,-14.038059648897939,-5.954787274694929
min_side_sig_same_strike_cp_bull_signed_side_parity_fwd_z_wf,veto0.13,3943,33435.74499999998,0.4648744610702511,0.5467917829064164,1.5060222624854123,-16.26925095125155,1.895225763197936,11.381279762438645,544,1998.2699999999918,0.4209558823529412,0.5073529411764706,1.5947900235616976,-5.999767339015458,5.036723505359409,4.696030674708198,-620,792.6550000000134,0.023936481670733256,0.014904866404115258,-0.0127385129716584,-3.3901872415580527,-0.4647055055156395,1.232680907529982,-49,-2593.065,-0.004001959131038568,-0.018785338756075798,-1.3792257532978338,-2.009910870576692,-13.23911310665397,-5.743505153411037
min_side_sig_same_strike_cp_bull_signed_side_parity_fwd_z_wf,veto0.14,3911,31895.92999999999,0.4630529276399898,0.5453848120685246,1.4526626179256965,-19.371617867693374,1.547243430392844,10.942971165228279,543,1910.594999999991,0.42173112338858193,0.5064456721915286,1.5527290483049074,-5.586509612481396,5.162839818121474,4.50475823111972,-652,-747.159999999978,0.022114948240471943,0.013497895566223495,-0.06609815753137416,-6.4925541579998765,-0.8126878383207314,0.7943723103196163,-50,-2680.7400000000007,-0.003226718095397818,-0.019692607741017776,-1.421286728554624,-1.5966531440426301,-13.112996793891906,-5.934777596999515
min_side_sig_same_strike_cp_bull_signed_side_parity_fwd_z_wf,veto0.15,3882,32076.52499999999,0.4649665121071613,0.5471406491499228,1.4550078502063164,-21.021929142771086,1.4306465323395372,11.027317225105401,541,1768.16999999999,0.4232902033271719,0.5027726432532348,1.4493852285841056,-5.63248306269294,4.725305944811257,4.179491919086363,-681,-566.5649999999769,0.024028532707643435,0.015253732647621643,-0.06375292525075427,-8.142865433077588,-0.9292847363740382,0.8787183701967383,-52,-2823.165000000002,-0.0016676381568078713,-0.023365636679311574,-1.5246305482754259,-1.6426265942541747,-13.550530667202121,-6.260043909032872
min_side_sig_same_strike_cp_bull_signed_side_parity_fwd_z_wf,veto0.16,3852,30946.78499999999,0.4636552440290758,0.5454309449636553,1.4104968972143759,-22.994268154981768,1.279829130054549,10.698686431273412,538,2109.379999999992,0.4256505576208178,0.5074349442379182,1.7782581593428253,-4.919996132523105,6.498100581822009,5.038803020921698,-711,-1696.3049999999785,0.022717264629557976,0.013544028461354163,-0.10826387824269479,-10.11520444528827,-1.0801021386590264,0.5500875763647493,-55,-2481.955,0.0006927161368380785,-0.01870333569462812,-1.1957576175167062,-0.9301396640843391,-11.77773603019137,-5.400732807197537
min_side_sig_same_strike_cp_bull_signed_side_parity_fwd_z_wf,veto0.17,3826,31183.88999999999,0.46419236800836383,0.5460010454783063,1.4084503125579215,-22.49884826126597,1.3140919926710228,10.825730433015119,537,2131.6199999999926,0.42830540037243947,0.5102420856610801,1.7805854858033348,-4.855040825532667,6.657426208149628,5.102525913340201,-737,-1459.199999999979,0.02325438860884599,0.01411412897600517,-0.11031046289914914,-9.619784551572472,-1.0458392760425526,0.6771315781064562,-56,-2459.7149999999992,0.003347558888459723,-0.01589619427146627,-1.1934302910561967,-0.8651843570939013,-11.61841040386375,-5.337009914779034
min_side_sig_same_strike_cp_bull_signed_side_parity_fwd_z_wf,veto0.18,3783,30692.174999999992,0.4639175257731959,0.5461274121067935,1.3883213994064738,-22.8593868547924,1.2809218506997062,10.74694745643838,537,1976.5549999999917,0.42830540037243947,0.5083798882681564,1.7027287539815406,-4.8249408337556785,6.192349016795783,4.7202846468565705,-780,-1950.9149999999754,0.02297954637367805,0.014240495604492365,-0.13043937605059686,-9.980323145098904,-1.0790094180138692,0.5983486015297164,-56,-2614.78,0.003347558888459723,-0.017758391664389972,-1.271287022877991,-0.8350843653169129,-12.083487595217596,-5.719251181262664
min_side_sig_same_strike_cp_bull_signed_side_parity_fwd_z_wf,veto0.19,3747,31232.719999999994,0.4643714971977582,0.5465705898051775,1.4064514912423496,-21.46216797360638,1.3788753272720673,11.007849502707401,536,1560.989999999992,0.42723880597014924,0.5055970149253731,1.3316794653793724,-6.429957772347332,3.638779054100214,3.728681170636608,-816,-1410.3699999999735,0.023433517798240378,0.014683673302876343,-0.11230928421472108,-8.583104263912883,-0.9810559414415081,0.8592506477987385,-57,-3030.345,0.00228096448616949,-0.020541265007173237,-1.642336311480159,-2.440101303908566,-14.637057557913165,-6.710854657482627
min_side_sig_same_strike_cp_bull_signed_side_parity_fwd_z_wf,veto0.20,3717,31348.51999999999,0.4648910411622276,0.547484530535378,1.4238377839859269,-21.295182164845443,1.392811682211419,11.136978621356004,534,1414.949999999992,0.4250936329588015,0.5037453183520599,1.2110278506590828,-7.969498086088092,2.6531576241218193,3.383992170863424,-846,-1294.5699999999779,0.023953061762709782,0.015597614033076912,-0.0949229914711438,-8.416118455151945,-0.9671195865021565,0.9883797664473413,-59,-3176.3849999999998,0.0001357914748217337,-0.022392961580486426,-1.7629879262004486,-3.9796416176493263,-15.62267898789156,-7.055543657255811
min_side_sig_same_strike_cp_bull_signed_side_parity_fwd_z_wf,veto0.21,3691,31648.87499999999,0.4668111622866432,0.5486318070983474,1.428366217220605,-22.387813385472224,1.3325115212361405,11.28170338174752,533,1333.2449999999926,0.42401500938086306,0.50093808630394,1.1232492973961805,-8.421532354573332,2.361750121989235,3.176512801281409,-872,-994.2149999999783,0.025873182887125368,0.016744890596046225,-0.09039455823646558,-9.508749675778727,-1.027419747477435,1.1331045268388564,-60,-3258.0899999999992,-0.0009428321031166864,-0.02520019362860637,-1.850766479463351,-4.431675886134566,-15.914086490024143,-7.263023026837826
min_side_sig_same_strike_cp_bull_signed_side_parity_fwd_z_wf,veto0.22,3659,31709.424999999985,0.4670675047827275,0.5485105220005466,1.4211001313746028,-22.99500454279586,1.298827261543616,11.37673471890434,532,1144.5249999999953,0.42293233082706766,0.4981203007518797,0.959300647418388,-9.666613971460036,1.7593379410722818,2.739505851332204,-904,-933.6649999999827,0.026129525383209673,0.016623605498245486,-0.09766064408246788,-10.115940833102364,-1.0611040071699593,1.2281358639956768,-61,-3446.8099999999968,-0.0020255106569120884,-0.028017979180666674,-2.0147151294411434,-5.67675750302127,-16.516498670941097,-7.700029976787031
min_side_sig_same_strike_cp_bull_signed_side_parity_fwd_z_wf,veto0.23,3627,31109.514999999985,0.4670526606010477,0.5478356768679349,1.399058525972253,-25.276600564310343,1.167985678608206,11.246528470428755,531,1409.154999999995,0.4274952919020716,0.5028248587570622,1.128618315499072,-10.362110584361037,2.0319417255610124,3.3870506792705135,-936,-1533.5749999999825,0.026114681201529877,0.015948760365633752,-0.11970224948481767,-12.397536854616845,-1.1919455901053695,1.0979296155200924,-62,-3182.1799999999967,0.0025374504180918356,-0.023313421175484184,-1.8453974613604593,-6.372254115922272,-16.243894886452367,-7.052485148848721
min_side_sig_same_strike_cp_bull_signed_side_parity_fwd_z_wf,veto0.24,3589,31900.134999999987,0.4680969629423238,0.5491780440234049,1.4297258257375187,-23.897976347961627,1.2542901154244355,11.625813161144709,530,1649.8099999999956,0.43018867924528303,0.5056603773584906,1.3360398256229522,-7.298254012244573,3.3944612332456816,3.9654785766186134,-974,-742.9549999999799,0.027158983542805937,0.017291127521103733,-0.08903494971955195,-11.01891263826813,-1.10564115328914,1.4772143062360463,-63,-2941.524999999996,0.005230837761303286,-0.020477902574055795,-1.6379759512365792,-3.3083975438058078,-14.881375378767697,-6.474057251500621
min_side_sig_same_strike_cp_bull_signed_side_parity_fwd_z_wf,veto0.25,3558,32029.19999999999,0.46936481169196176,0.5494659921304104,1.4343115364546477,-21.80001531727381,1.3783552762811682,11.724640722118265,526,2308.299999999993,0.4372623574144487,0.5133079847908745,1.9330760016125386,-6.22596275464057,5.641588282608662,5.592080240282826,-1005,-613.8899999999776,0.028426832292443915,0.01757907562810923,-0.08444923900242296,-8.920951607580314,-0.9815759924324072,1.576041867209602,-67,-2283.034999999999,0.01230451593046894,-0.012830295141671888,-1.0409397752469929,-2.236106286201804,-12.634248329404716,-4.847455587836409
min_side_sig_same_strike_cp_bull_signed_side_parity_fwd_z_wf,veto0.26,3531,31717.07999999999,0.4709713962050411,0.5491362220334183,1.428020922715298,-19.940995666110076,1.4979643180046391,11.689485990453393,522,2252.1199999999935,0.4367816091954023,0.5114942528735632,1.8594678522785186,-8.777594096006816,3.8998498761668077,5.528031418753052,-1032,-926.0099999999766,0.03003341680552324,0.017249305531117143,-0.09073985274177265,-7.061931956416579,-0.8619669507089363,1.5408871355447307,-71,-2339.2149999999983,0.011823767711422573,-0.014644027058983156,-1.1145479245810128,-4.78773762756805,-14.37598673584657,-4.911504409366183
min_side_sig_same_strike_cp_bull_signed_side_parity_fwd_z_wf,veto0.27,3489,31606.844999999987,0.470048724562912,0.5485812553740327,1.4295805406136142,-21.10191693142025,1.4125746955484795,11.769925519954189,519,2478.9499999999935,0.4393063583815029,0.51252408477842,2.0137191290366396,-8.106250732447258,4.669007035104511,6.144507656126669,-1074,-1036.2449999999808,0.02911074516339418,0.01669433887173155,-0.0891802348434565,-8.222853221726751,-0.9473565731650959,1.621326665045526,-74,-2112.3849999999984,0.014348516897523145,-0.013614195154126318,-0.9602966478228918,-4.116394264008492,-13.606829576908869,-4.295028171992565
min_side_sig_same_strike_cp_bull_signed_side_parity_fwd_z_wf,veto0.28,3454,30591.359999999986,0.4704690214244354,0.5480602200347423,1.4053316780773184,-21.966490061582235,1.3303180277092863,11.512804009755072,515,2306.489999999993,0.4368932038834951,0.5106796116504855,1.909752750048119,-11.153850406079803,3.146493583365842,5.7847622706964295,-1109,-2051.7299999999814,0.029531042024917575,0.016173303532441174,-0.11342909737975226,-9.087426351888737,-1.029613241004289,1.3642051548464096,-78,-2284.844999999999,0.01193536239951537,-0.015458668282060883,-1.0642630268114124,-7.163993937641037,-15.129343028647536,-4.654773557422805
min_side_sig_same_strike_cp_bull_signed_side_parity_fwd_z_wf,veto0.29,3417,29204.60999999999,0.4697102721685689,0.5469710272168569,1.374148935709554,-24.064743286278762,1.1802765294689066,11.079156919717278,512,2432.7999999999934,0.439453125,0.513671875,2.094973110633328,-9.610680560996482,3.861314325938673,6.143525875764293,-1146,-3438.4799999999777,0.028772292769051078,0.015084110714555732,-0.14461183974751668,-11.185679576585265,-1.1796547392446688,0.9305580648086149,-81,-2158.5349999999985,0.014495283516020252,-0.01246640493254636,-0.8790426662262036,-5.620824092557716,-14.414522286074705,-4.296009952354941
min_side_sig_same_strike_cp_bull_signed_side_parity_fwd_z_wf,veto0.30,3382,27444.70499999999,0.4671791839148433,0.5440567711413364,1.325940067046651,-25.131425479715023,1.0874193336884659,10.503787661765136,507,2327.8199999999924,0.43984220907297833,0.514792899408284,2.09009905152773,-8.708518218027233,4.069008158119589,5.950373422473119,-1181,-5198.384999999977,0.026241204515325467,0.012169854639035305,-0.19282070841041965,-12.252361770021526,-1.2725119350251095,0.35518880685647325,-86,-2263.5149999999994,0.014884367588998582,-0.011345380524262372,-0.8839167253318014,-4.718661749588468,-14.20682845389379,-4.489162405646116
min_side_sig_same_strike_cp_bull_signed_side_parity_fwd_z_wf,veto0.35,3204,25198.670000000006,0.4653558052434457,0.5430711610486891,1.2678551268331422,-25.65652553293436,1.009304982802798,10.097481503102276,497,3102.469999999993,0.4507042253521127,0.5251509054325956,2.441947162932972,-7.621835225867995,6.290120255904407,7.9473728971598545,-1359,-7444.419999999962,0.024417825843927876,0.011184244546388,-0.2509056486239285,-12.777461823240863,-1.3506262859107774,-0.051117351806386324,-96,-1488.8649999999989,0.025746383868132938,-0.0009873744999507883,-0.5320686139265596,-3.6319787574292297,-11.985716356108972,-2.4921629309593802
min_side_sig_same_strike_cp_bull_signed_side_parity_fwd_z_wf,veto0.40,3026,25196.060000000005,0.4679444811632518,0.5456047587574355,1.2888349149514569,-24.45931915286739,1.0586374293901986,10.531386076492476,486,3537.0799999999954,0.4588477366255144,0.5329218106995884,2.3666657599873164,-10.999742149705474,5.009895252777526,9.23918821318349,-1537,-7447.0299999999625,0.02700650176373398,0.013717842255134394,-0.2299258605056138,-11.580255443173893,-1.3012938393233768,0.38278722158381306,-107,-1054.2549999999965,0.033889895141534676,0.006783530767042079,-0.607350016872215,-7.0098856812667085,-13.265941359235853,-1.200347614935744
min_side_sig_same_strike_cp_bull_signed_side_parity_fwd_z_wf,veto0.45,2823,21660.434999999998,0.461211477151966,0.5394969890187744,1.1828986815337923,-28.64032575543918,0.8197580944175206,9.59891818907947,476,3737.839999999997,0.46218487394957986,0.5336134453781513,2.4912336251246208,-9.928660853278176,5.887270014955666,9.940934280377721,-1740,-10982.65499999997,0.020273497752448133,0.007610072516473276,-0.33586209392327837,-15.761262045745681,-1.5401731742960547,-0.5496806658291931,-117,-853.4949999999949,0.03722703246560011,0.007475165445604892,-0.4827821517349107,-5.93880438483941,-12.388566597057713,-0.49860154774151333
min_side_sig_same_strike_cp_bull_signed_side_parity_fwd_z_wf,veto0.50,2598,18313.864999999998,0.45842956120092376,0.5365665896843725,1.0945033995670481,-27.56405397961119,0.7611179273185069,8.760799376932942,452,4210.434999999994,0.47345132743362833,0.5420353982300885,2.8757536945778215,-8.884615384615389,7.475168517118082,11.869822642011544,-1965,-14329.22499999997,0.01749158180140592,0.004679673182071409,-0.42425737589002255,-14.684990269917694,-1.5988133413950685,-1.3877994779757206,-141,-380.8999999999978,0.048493485949648585,0.015897118297542145,-0.09826208228170996,-4.894758916176623,-10.800668094895297,1.4302868138923088
min_side_sig_same_strike_cp_bull_signed_side_parity_fwd_z_wf,tilt0.01,4563,32590.209999999966,0.44115713346482577,0.5321060705676091,1.5165293240940094,-13.216127769818478,2.297503608497282,10.127867622444468,593,4591.334999999992,0.42495784148397975,0.5261382799325464,2.9740157768595314,-3.9898564684387656,18.27583661201338,10.439535828119235,0,-52.88000000000102,0.00021915406530792492,0.00021915406530792492,-0.002231451363061243,-0.33706406012498036,-0.0624276602162932,-0.02073123246419506,0,0.0,0.0,0.0,0.0,0.0,0.0,0.0
min_side_sig_same_strike_cp_bull_signed_side_parity_fwd_z_wf,tilt0.02,4563,32365.954999999965,0.44071882533421,0.5316677624369932,1.5067665866513953,-13.264409662576279,2.2796507474836685,10.050144284327246,593,4591.334999999992,0.42495784148397975,0.5261382799325464,2.9740157768595314,-3.9898564684387656,18.27583661201338,10.439535828119235,0,-277.13500000000204,-0.0002191540653078694,-0.00021915406530792492,-0.011994188805675376,-0.3853459528827816,-0.08028052122990692,-0.09845457058141704,0,0.0,0.0,0.0,0.0,0.0,0.0,0.0
min_side_sig_same_strike_cp_bull_signed_side_parity_fwd_z_wf,tilt0.03,4563,32333.939999999966,0.44049967126890205,0.5316677624369932,1.5065861679356503,-12.883822993827,2.3455930922411925,10.03961329377178,593,4524.584999999992,0.42495784148397975,0.524451939291737,2.9532558552928294,-3.9898564684387656,17.988770624956754,10.287267310227394,0,-309.15000000000146,-0.0004383081306157943,-0.00021915406530792492,-0.01217460752142041,-0.004759284133502462,-0.01433817647238289,-0.10898556113688329,0,-66.75,0.0,-0.001686340640809414,-0.020759921566702033,0.0,-0.287065987056625,-0.15226851789184082
min_side_sig_same_strike_cp_bull_signed_side_parity_fwd_z_wf,tilt0.05,4563,32070.539999999964,0.44049967126890205,0.5316677624369932,1.4965379756103756,-12.879063709693497,2.3349185017443053,9.952933070988314,593,4524.584999999992,0.42495784148397975,0.524451939291737,2.9532558552928294,-3.9898564684387656,17.988770624956754,10.287267310227394,0,-572.5500000000029,-0.0004383081306157943,-0.00021915406530792492,-0.022222799846695063,0.0,-0.025012766969270128,-0.19566578392034906,0,-66.75,0.0,-0.001686340640809414,-0.020759921566702033,0.0,-0.287065987056625,-0.15226851789184082
min_side_sig_same_strike_cp_bull_signed_side_parity_fwd_z_wf,tilt0.07,4563,32160.49999999997,0.44071882533421,0.5318869165023011,1.4998301802650402,-12.879063709693497,2.338866892109784,9.964616247401207,593,4280.494999999993,0.42327150084317033,0.5227655986509275,2.7537529453709477,-4.4708540142037405,15.12115552834483,9.733602992691301,0,-482.5899999999965,-0.0002191540653078694,0.0,-0.01893059519203044,0.0,-0.021064376603791235,-0.1839826075074562,0,-310.83999999999924,-0.001686340640809414,-0.003372681281618828,-0.22026283148858372,-0.4809975457649749,-3.1546810836685495,-0.7059328354279337
min_side_sig_same_strike_cp_bull_signed_side_parity_fwd_z_wf,tilt0.10,4563,31993.339999999975,0.44071882533421,0.5318869165023011,1.4972859120771413,-12.879063709693497,2.3315246507974794,9.90959453391917,593,4064.919999999993,0.42327150084317033,0.5227655986509275,2.591390469151964,-4.506911707963549,14.189270179485034,9.240958004986789,0,-649.7499999999927,-0.0002191540653078694,0.0,-0.02147486337992932,0.0,-0.028406617916096,-0.2390043209894923,0,-526.414999999999,-0.001686340640809414,-0.003372681281618828,-0.3826253077075674,-0.5170552395247832,-4.086566432528345,-1.198577823132446
min_side_sig_same_strike_cp_bull_signed_side_parity_fwd_z_wf,tilt0.15,4563,32091.32999999998,0.44115713346482577,0.532325224632917,1.4945495458336748,-13.034586180370558,2.3079615683999357,9.939162088719554,593,4070.5999999999935,0.42327150084317033,0.5227655986509275,2.666384905562418,-4.474461745498517,14.313623620548961,9.233406758719449,0,-551.7599999999875,0.00021915406530792492,0.00043830813061584983,-0.024211229623395836,-0.15552247067706126,-0.05196970031363968,-0.20943676618910878,0,-520.7349999999983,-0.001686340640809414,-0.003372681281618828,-0.30763087129711364,-0.4846052770597513,-3.9622129914644173,-1.2061290693997861
min_side_sig_same_strike_cp_bull_signed_side_parity_fwd_z_wf,tilt0.20,4563,33003.964999999975,0.44225290379136534,0.5338593030900723,1.522344161933176,-12.879063709693497,2.3755560465818193,10.221321388088127,593,4258.754999999994,0.42495784148397975,0.521079258010118,2.790877281905462,-4.474461745498517,15.026340205509367,9.666505662460418,0,360.8750000000073,0.001314924391847494,0.0019723865877712132,0.0035833864761052325,0.0,0.0156247778682439,0.07272253317946387,0,-332.5799999999981,0.0,-0.005059021922428353,-0.1831384949540693,-0.4846052770597513,-3.2494964065040115,-0.7730301656588168
min_side_sig_same_strike_cp_bull_signed_side_parity_fwd_z_wf,tilt0.30,4563,33107.81999999998,0.4418145956607495,0.5334209949594565,1.5223771503937944,-12.879063709693497,2.380032794225812,10.241609949746602,593,4246.779999999992,0.42495784148397975,0.5193929173693086,2.841848581724179,-4.733083807812392,14.162279232347819,9.648490047817804,0,464.7300000000105,0.0008766162612316442,0.0015340784571553634,0.003616374936723732,0.0,0.020101525512236762,0.09301109483793901,0,-344.5550000000003,0.0,-0.006745362563237767,-0.13216719513535224,-0.7432273393736262,-4.11355737966556,-0.791045780301431
min_side_sig_same_strike_cp_bull_signed_side_parity_fwd_z_wf,tilt0.50,4563,32614.429999999975,0.44115713346482577,0.5334209949594565,1.5071686074084347,-12.879063709693497,2.3586857541507054,10.067296337181014,593,4226.84999999999,0.4266441821247892,0.5193929173693086,2.98166962176711,-4.424510335090042,15.073462361305074,9.578516711671634,0,-28.65999999999258,0.00021915406530792492,0.0015340784571553634,-0.011592168048635942,0.0,-0.0012455145628700315,-0.0813025177276483,0,-364.4850000000015,0.0016863406408094694,-0.006745362563237767,0.007653844907578478,-0.43465386665127603,-3.2023742507083046,-0.8610191164476007
min_side_sig_same_strike_cp_bull_signed_side_parity_fwd_z_wf,tilt0.75,4563,33787.90999999998,0.4440061363138286,0.5364891518737672,1.5167080581383097,-12.879063709693497,2.409132754643356,10.359354797012145,593,4178.6949999999915,0.4300168634064081,0.521079258010118,3.2037450999783825,-3.519553072625702,18.717015063325967,9.405869835228804,0,1144.8200000000143,0.0030681569143107823,0.00460223537146609,-0.0020527173187609993,0.0,0.049201485929780464,0.21075594210348214,0,-412.6400000000003,0.005059021922428353,-0.005059021922428353,0.22972932311885108,0.4703033958130636,0.44117845131258804,-1.0336659928904304
min_side_sig_same_strike_cp_bull_signed_side_parity_fwd_z_wf,tilt1.00,4563,35319.05999999998,0.445540214770984,0.5386806925268464,1.539909439686098,-13.852001084396958,2.299599398382505,10.794995231217554,593,4319.674999999994,0.4317032040472175,0.5193929173693086,3.2361349694123644,-3.520144756044975,19.394481949093265,9.619054553940666,0,2675.9700000000157,0.004602235371466146,0.006793776024545228,0.02114866422902728,-0.9729373747034611,-0.06033187033107046,0.6463963763088909,0,-271.65999999999804,0.006745362563237767,-0.006745362563237767,0.262119192552833,0.46971171239379084,1.1186453370798866,-0.8204812741785688
avg_side_stack_equal_core_side_parity_balance_wf,veto0.02,4558,32706.09999999997,0.4412022817025011,0.5322509872751207,1.5197964444094216,-12.879063709693497,2.3626671726539605,10.170734154906958,593,4553.054999999992,0.42495784148397975,0.5261382799325464,2.980315454391475,-4.013110431706318,18.006191800223522,10.338326914247626,-5,63.01000000000204,0.00026430230298324364,0.0003640707728195247,0.0010356689523509655,0.0,0.0027359039403851426,0.02213529999829511,0,-38.279999999999745,0.0,0.0,0.006299677531943715,-0.023253963267552358,-0.2696448117898562,-0.10120891387160924
avg_side_stack_equal_core_side_parity_balance_wf,veto0.03,4556,32777.869999999966,0.4413959613696225,0.5324846356453029,1.522427832681886,-12.879063709693497,2.365779422465128,10.195531143306216,593,4344.264999999993,0.42158516020236086,0.524451939291737,2.9559379705942557,-4.049859286071864,16.961172873574995,9.857022893263606,-7,134.77999999999884,0.00045798197010465946,0.0005977191430017736,0.0036670572248154176,0.0,0.005848153751552676,0.046932288397552924,0,-247.0699999999988,-0.0033726812816188834,-0.001686340640809414,-0.018077806265275775,-0.060002817633098005,-1.3146637384383837,-0.5825129348556288
avg_side_stack_equal_core_side_parity_balance_wf,veto0.04,4554,33491.70999999997,0.44224857268335527,0.5333772507685551,1.5409622214479552,-12.879063709693497,2.3965045495090473,10.416532734436599,591,4087.7849999999926,0.4196277495769882,0.5228426395939086,2.8243844323600262,-4.032719122551971,15.95356277298672,9.326056588505104,-9,848.6200000000026,0.0013105932838374246,0.001490334266254001,0.022201445990884583,0.0,0.03657328079547195,0.267933879527936,-2,-503.5499999999993,-0.005330091906991574,-0.0032956403386377175,-0.14963134449950521,-0.04286265411320578,-2.322273839026659,-1.113479239614131
avg_side_stack_equal_core_side_parity_balance_wf,veto0.05,4550,33787.05999999997,0.44263736263736264,0.5338461538461539,1.552399029071926,-12.879063709693497,2.409096615688641,10.506030174488963,591,4164.744999999993,0.4196277495769882,0.5228426395939086,2.681559316214745,-5.468845986451782,12.002356150743937,9.518348912156355,-13,1143.9700000000012,0.0016993832378447982,0.0019592373438527266,0.033638253614855396,0.0,0.04916534697506547,0.35743131958030006,-2,-426.58999999999924,-0.005330091906991574,-0.0032956403386377175,-0.29245646064478636,-1.4789895180130168,-6.2734804612694415,-0.9211869159628794
avg_side_stack_equal_core_side_parity_balance_wf,veto0.06,4546,33993.75499999997,0.4423669159700836,0.5336559612846459,1.5572764569273088,-12.879063709693497,2.4178677183886514,10.569465212422461,590,4196.9949999999935,0.42033898305084744,0.523728813559322,2.6102430338401708,-5.399288729750606,12.258266740907395,9.598844660913588,-17,1350.6650000000009,0.001428936570565753,0.001769044782344742,0.038515681470238095,0.0,0.05793644967507605,0.4208663575137983,-3,-394.3399999999983,-0.004618858433132311,-0.002409466373224367,-0.3637727430193607,-1.4094322613118404,-6.017569871105984,-0.8406911672056463
avg_side_stack_equal_core_side_parity_balance_wf,veto0.07,4543,33510.50499999997,0.44155844155844154,0.5329077701959057,1.5404168641217175,-12.879063709693497,2.3973079409798324,10.424262651624298,588,4357.194999999992,0.4217687074829932,0.5255102040816326,2.6559641755027577,-4.97569934631504,13.849470699973713,10.001283100079952,-20,867.4150000000009,0.0006204621589236958,0.0010208536936046064,0.021656088664646855,0.0,0.03737667226625696,0.27566379671563546,-5,-234.13999999999942,-0.0031891340009865266,-0.0006280758509137341,-0.3180516013567738,-0.9858428778762747,-4.426365912039666,-0.4382527280392825
avg_side_stack_equal_core_side_parity_balance_wf,veto0.08,4542,33772.60999999997,0.4418758256274769,0.5332452664024658,1.5459189827062254,-12.879063709693497,2.4084821657478903,10.516618460660414,588,4516.214999999993,0.4217687074829932,0.5255102040816326,2.7187716784906577,-4.998131766281534,14.331186805024348,10.36843618090543,-21,1129.520000000004,0.0009378462279590605,0.0013583499001647015,0.027158207249154742,0.0,0.04855089703431492,0.3680196057517513,-5,-75.11999999999898,-0.0031891340009865266,-0.0006280758509137341,-0.25524409836887374,-1.0082752978427685,-3.9446498069890303,-0.07109964721380457
avg_side_stack_equal_core_side_parity_balance_wf,veto0.09,4538,33457.95999999996,0.4418245923314235,0.5330542089026002,1.5366842468831146,-12.879063709693497,2.395061194928322,10.430158025281726,587,4534.014999999994,0.424190800681431,0.5281090289608177,2.6898615513317257,-4.940296059987181,14.560721980247797,10.419228952032167,-25,814.8699999999953,0.0008866129319056726,0.0011672924002991136,0.01792347142604389,0.0,0.03512992621474664,0.2815591703730629,-6,-57.31999999999789,-0.0007670408025487463,0.0019707490282713236,-0.2841542255278058,-0.950439591548415,-3.715114631765582,-0.020306876087067494
avg_side_stack_equal_core_side_parity_balance_wf,veto0.10,4531,33449.17499999997,0.4422864709777091,0.5332156256896933,1.5406843150398366,-12.879063709693497,2.394685344865738,10.440008685552375,584,4757.864999999994,0.4246575342465753,0.5308219178082192,2.8484483039654616,-4.743893792624805,15.975418436525404,10.974550683426193,-32,806.0849999999991,0.0013484915781912798,0.0013287091873921408,0.02192353958276594,0.0,0.03475407615216275,0.29140983064371184,-9,166.53000000000247,-0.0003003072374044291,0.00468363787567283,-0.1255674728940699,-0.7540373241860392,-2.300418175487975,0.535014855306958
avg_side_stack_equal_core_side_parity_balance_wf,veto0.11,4526,33281.76999999996,0.4418912947414936,0.533141847105612,1.536138158841378,-12.879063709693497,2.3875113384576725,10.391241598348968,583,4702.424999999994,0.4236706689536878,0.5300171526586621,2.824835858511462,-4.743893792624805,15.7738275376806,10.857506148644328,-37,638.679999999993,0.0009533153419757356,0.0012549306033108332,0.017377383384307388,0.0,0.027580069744097102,0.2426427434403049,-10,111.09000000000196,-0.0012871725302919246,0.0038788727261157563,-0.14917991834806932,-0.7540373241860392,-2.502009074332779,0.4179703205250931
avg_side_stack_equal_core_side_parity_balance_wf,veto0.12,4520,33374.149999999965,0.4422566371681416,0.5334070796460177,1.533933728019563,-12.879063709693497,2.391473006482498,10.417733503563161,583,4573.514999999995,0.4236706689536878,0.5300171526586621,2.6948761330763378,-6.101205215110002,11.901249192507038,10.55281964832355,-43,731.0599999999977,0.0013186577686237766,0.001520163143716613,0.015172952562492403,0.0,0.03154173776892266,0.2691346486544983,-10,-17.81999999999698,-0.0012871725302919246,0.0038788727261157563,-0.27913964378319367,-2.1113487466712364,-6.374587419506341,0.11328382020431604
avg_side_stack_equal_core_side_parity_balance_wf,veto0.13,4513,33289.72999999997,0.442277863948593,0.5333481054730778,1.5255709657716425,-12.879063709693497,2.387852970741789,10.394589498906456,582,4552.494999999995,0.42439862542955326,0.5292096219931272,2.676560750442388,-6.270468404875608,11.522461174089724,10.513381511346719,-50,646.6399999999994,0.001339884549075132,0.001461188970776628,0.006810190314571862,0.0,0.027921702028213424,0.2459906439977928,-11,-38.83999999999651,-0.0005592160544264924,0.003071342060580795,-0.2974550264171434,-2.2806119364368422,-6.753375437923655,0.07384568322748386
avg_side_stack_equal_core_side_parity_balance_wf,veto0.14,4508,33062.10499999997,0.4418811002661934,0.5328305235137534,1.5210402908688005,-12.879063709693497,2.3780633017888415,10.327055064780955,581,4433.7899999999945,0.423407917383821,0.5283993115318416,2.618064615835911,-6.773507009283692,10.36663443677312,10.259346536138015,-55,419.0149999999994,0.0009431208666755841,0.000943607011452241,0.002279515411729882,0.0,0.01813203307526612,0.1784562098722926,-12,-157.54499999999734,-0.0015499241001587505,0.002261031599295249,-0.35595116102362034,-2.783650540844927,-7.909202175240258,-0.18018929198122002
avg_side_stack_equal_core_side_parity_balance_wf,veto0.15,4502,32928.07499999997,0.4418036428254109,0.5326521545979565,1.514095938845277,-12.879063709693497,2.372279162376808,10.294109233793066,581,4433.7899999999945,0.423407917383821,0.5283993115318416,2.618064615835911,-6.773507009283692,10.36663443677312,10.259346536138015,-61,284.9850000000006,0.0008656634258930596,0.0007652380956553184,-0.004664836611793621,0.0,0.012347893663232412,0.14551037888440277,-12,-157.54499999999734,-0.0015499241001587505,0.002261031599295249,-0.35595116102362034,-2.783650540844927,-7.909202175240258,-0.18018929198122002
avg_side_stack_equal_core_side_parity_balance_wf,veto0.16,4496,33232.59499999997,0.44283807829181493,0.5331405693950177,1.525007106287788,-12.879063709693497,2.385399676040827,10.401684960162738,580,4356.179999999995,0.4224137931034483,0.5275862068965518,2.580551914237988,-7.787845490522816,8.846284225894555,10.0846861016497,-67,589.5050000000047,0.0019000988922970863,0.0012536528927166168,0.006246330830717239,0.0,0.02546840732725153,0.2530861052540754,-13,-235.15499999999702,-0.0025440483805314607,0.0014479269640054193,-0.39346386262154365,-3.7979890220840504,-9.429552386118823,-0.35484972646953494
avg_side_stack_equal_core_side_parity_balance_wf,veto0.17,4487,33280.774999999965,0.44305772230889234,0.5333184755961667,1.52763775394965,-12.879063709693497,2.387468630812912,10.43001139565031,579,4384.299999999996,0.4231433506044905,0.5284974093264249,2.5294680601310193,-7.685181178062112,9.026878285745598,10.156090561852348,-76,637.6849999999977,0.0021197429093745,0.0014315590938656086,0.00887697849257929,0.0,0.027537362099336438,0.28141254074164657,-14,-207.03499999999622,-0.0018144908794892611,0.0023591293938785007,-0.4445477167285121,-3.695324709623346,-9.24895832626778,-0.28344526626688626
avg_side_stack_equal_core_side_parity_balance_wf,veto0.18,4481,33278.37999999997,0.44298147734880605,0.5333630885962954,1.5241953717361427,-12.879063709693497,2.3873658287204007,10.442623416369505,577,4388.629999999995,0.4246100519930676,0.5303292894280762,2.498189634011834,-7.682515215776794,9.039630419140417,10.166528290767287,-82,635.2900000000009,0.002043497949288209,0.0014761720939943102,0.005434596279072057,0.0,0.027434560006825315,0.29402456146084255,-16,-202.7049999999972,-0.0003477894909121315,0.004191009495529863,-0.4758261428476973,-3.6926587473380286,-9.236206192872961,-0.2730075373519476
avg_side_stack_equal_core_side_parity_balance_wf,veto0.19,4473,33723.14499999997,0.44355019002906326,0.5336463223787168,1.5391813749135634,-12.879063709693497,2.4063775355136148,10.57693691931656,577,4486.769999999995,0.42634315424610053,0.5303292894280762,2.607619434264718,-6.701894372277661,10.612641114069511,10.409011366981803,-90,1080.0550000000003,0.0026122106295454195,0.001759405876415654,0.020420599456492772,0.0,0.04644626680003938,0.4283380644078978,-16,-104.56499999999687,0.0013853127621207828,0.004191009495529863,-0.36639634259481335,-2.7120379038388958,-7.6631954979438675,-0.030524461137432013
avg_side_stack_equal_core_side_parity_balance_wf,veto0.20,4463,33850.509999999966,0.4447680932108447,0.5343939054447681,1.5399663647130992,-12.879063709693497,2.411792708271442,10.610432992238382,577,4649.759999999995,0.42807625649913345,0.5320623916811091,2.6746646536224326,-6.701894372277661,11.030076020595535,10.81548802000758,-100,1207.4199999999983,0.003830113811326863,0.0025069889424669256,0.021205589256028556,0.0,0.051861439557866706,0.4618341373297188,-16,58.42500000000291,0.003118415015153697,0.005924111748562777,-0.2993511232370989,-2.7120379038388958,-7.245760591417843,0.37595219188834506
avg_side_stack_equal_core_side_parity_balance_wf,veto0.21,4452,34142.32499999996,0.4454177897574124,0.5348158131176999,1.5455117324705907,-12.879063709693497,2.4241515121767123,10.700390659890829,576,4639.824999999993,0.4288194444444444,0.53125,2.6694875493237804,-6.701894372277661,11.004571403738842,10.80533020960568,-111,1499.2349999999933,0.004479810357894576,0.002928896615398746,0.026750957013520038,0.0,0.06422024346313693,0.551791804982166,-17,48.4900000000016,0.0038616029604646718,0.00511172006745364,-0.30452822753575104,-2.7120379038388958,-7.271265208274537,0.3657943814864453
avg_side_stack_equal_core_side_parity_balance_wf,veto0.22,4442,35582.79499999997,0.4479963980189104,0.5371454299864926,1.5886806806654103,-12.879063709693497,2.4841972467712488,11.121008350571145,576,4296.784999999994,0.4253472222222222,0.5277777777777778,2.5095485137501825,-8.070471822370664,8.411114243918846,10.054912820690413,-121,2939.7050000000017,0.007058418619392548,0.005258513484191485,0.06991990520833968,0.0,0.12426597805767337,0.9724094956624825,-17,-294.54999999999745,0.0003893807382424619,0.0016394978452314302,-0.46446726310934894,-4.080615353931898,-9.864722368094533,-0.3846230074288215
avg_side_stack_equal_core_side_parity_balance_wf,veto0.23,4425,35366.32499999996,0.44949152542372883,0.5371751412429379,1.5616422264660175,-12.879063709693497,2.475273629793742,11.038201576819716,575,4454.544999999995,0.42782608695652175,0.5304347826086957,2.5850251220696068,-7.963242197502036,8.862388861013024,10.401319456330182,-138,2723.2349999999933,0.00855354602421099,0.005288224740636727,0.0428814510089468,0.0,0.11534236108016671,0.8896027219110536,-18,-136.78999999999724,0.002868245472541997,0.0042965026761493386,-0.3889906547899247,-3.9733857290632706,-9.413447751000355,-0.03821637178905313
avg_side_stack_equal_core_side_parity_balance_wf,veto0.24,4411,35814.774999999965,0.4500113352981183,0.5375198367717071,1.5688177321519416,-12.879063709693497,2.493721886982934,11.164054591899719,572,4064.0849999999937,0.4230769230769231,0.5262237762237763,2.410173022952471,-8.972722090050715,7.1255612238825785,9.5451134574125,-152,3171.6849999999977,0.009073355898600477,0.005632920269405983,0.05005695669487098,0.0,0.13379061826935867,1.015455736991056,-21,-527.2499999999982,-0.0018809184070566753,8.549629122989177e-05,-0.5638427539070605,-4.982865621611949,-11.150275388130801,-0.8944223707067351
avg_side_stack_equal_core_side_parity_balance_wf,veto0.25,4394,35591.314999999966,0.44970414201183434,0.538006372325899,1.5609612993722866,-12.879063709693497,2.48454776088884,11.099705667514245,571,4248.044999999995,0.4273204903677758,0.5288966725043783,2.4943083599183296,-8.68823549889976,7.717648897864071,10.030989952350927,-169,2948.2249999999985,0.008766162612316497,0.0061194558235978525,0.04220052391521589,0.0,0.1246164921752646,0.9511068126055822,-22,-343.28999999999724,0.002362648883796059,0.002758392571831969,-0.4797074169412019,-4.698379030460994,-10.558187714149309,-0.4085458757683078
avg_side_stack_equal_core_side_parity_balance_wf,veto0.26,4374,35049.664999999964,0.4499314128943759,0.5370370370370371,1.5419059037995089,-12.879063709693497,2.4621569729546873,10.991263727686492,569,4572.034999999994,0.4358523725834798,0.5325131810193322,2.6340339045623287,-8.688032710788027,8.354774822686622,10.748927936654207,-189,2406.574999999997,0.008993433494858039,0.005150120534735958,0.023145128342438204,0.0,0.10222570424111188,0.8426648727778296,-24,-19.299999999997453,0.01089453109950006,0.006374901086785845,-0.3399818722972028,-4.698176242349262,-9.921061789326757,0.309392108534972
avg_side_stack_equal_core_side_parity_balance_wf,veto0.27,4337,35208.37999999996,0.45054184920451923,0.5372377219275998,1.5264897380389562,-13.742144527652671,2.313690400622104,11.113999431868873,566,4446.494999999994,0.4363957597173145,0.5353356890459364,2.5915738233970775,-8.793300145198076,8.010152981813086,10.45923539880627,-226,2565.2899999999936,0.009603869805001386,0.005350805425298644,0.00772896258188549,-0.8630808179591742,-0.04624086809147121,0.9654005769602101,-27,-144.83999999999742,0.011437918233334732,0.009197409113390065,-0.3824419534624539,-4.8034436767593105,-10.265683630200293,0.01969957068703465
avg_side_stack_equal_core_side_parity_balance_wf,veto0.28,4307,35153.80999999997,0.4522869746923613,0.5381936382632924,1.516367501337328,-14.270363530871771,2.226007907399245,11.123613140198968,564,4564.834999999993,0.43617021276595747,0.5390070921985816,2.5432868382641596,-10.66441534020117,6.79483788612556,10.61338269219053,-256,2510.720000000001,0.011348995292843445,0.00630672176099123,-0.002393274119742772,-1.3912998211782739,-0.13392336131433025,0.975014285290305,-29,-26.49999999999909,0.011212371281977718,0.012868812266035201,-0.43072893859537187,-6.674558871762405,-11.480998725887819,0.17384686407129557
avg_side_stack_equal_core_side_parity_balance_wf,veto0.29,4275,35778.48999999996,0.4521637426900585,0.5394152046783626,1.5356117844369133,-14.66200983397733,2.1891711875990247,11.371078814500054,562,4618.794999999993,0.4395017793594306,0.5427046263345195,2.5190935137319888,-11.31348490695311,6.486934106477633,10.754952469103445,-288,3135.399999999994,0.011225763290540647,0.007528288176061437,0.016851008979842597,-1.782946124283832,-0.17076008111455065,1.222479959591391,-31,27.460000000000946,0.01454393787545083,0.016566346401973187,-0.4549222631275427,-7.323628438514345,-11.788902505535745,0.3154166409842105
avg_side_stack_equal_core_side_parity_balance_wf,veto0.30,4249,34155.10999999997,0.4516356789832902,0.538008943280772,1.4901132187668062,-14.988105412626146,2.0835025359703065,10.917991904057763,558,4552.249999999993,0.44265232974910396,0.543010752688172,2.560110035208491,-12.103792588632963,5.968957665107964,10.602991034536073,-314,1512.020000000004,0.010697699583772369,0.006122026778470846,-0.02864755669026442,-2.1090417029326485,-0.27642873274326885,0.7693930491490999,-35,-39.08499999999913,0.01769448826512421,0.016872472755625645,-0.4139057416510403,-8.113936120194197,-12.306878946905414,0.1634552064168382
avg_side_stack_equal_core_side_parity_balance_wf,veto0.35,4074,33250.00499999996,0.45017182130584193,0.5375552282768777,1.45490738049322,-20.11354171381536,1.5278933132508181,10.90199449418211,543,3731.984999999994,0.4438305709023941,0.5359116022099447,2.381085183432341,-12.848615970548801,4.54172153441701,8.84880643774594,-489,606.9149999999936,0.009233841906324092,0.0056683117745766065,-0.06385339496385067,-7.234478004121861,-0.8320379554627573,0.7533956392734478,-50,-859.3499999999976,0.018872729418414336,0.009773322277398355,-0.5929305934271905,-8.858759502110036,-13.734115077596368,-1.5907293903732942
avg_side_stack_equal_core_side_parity_balance_wf,veto0.40,3833,33423.38999999997,0.4583876858857292,0.541873206365771,1.4618619576054062,-20.33179418046793,1.5162013008573885,11.471040961739952,524,4407.479999999995,0.4541984732824427,0.5419847328244275,2.6456340589673464,-10.53001521447064,6.625720800656754,10.737922127723735,-730,780.3000000000029,0.017449706486211358,0.009986289863469833,-0.05689881785166451,-7.4527304707744335,-0.8437299678561869,1.3224421068312893,-69,-183.85499999999683,0.02924063179846298,0.015846452891881135,-0.32838171789218507,-6.5401587460318735,-11.650115811356624,0.29838629960450014
avg_side_stack_equal_core_side_parity_balance_wf,veto0.45,3599,34089.57499999998,0.46540705751597666,0.549597110308419,1.487023621602685,-20.625806733247344,1.512284759992158,12.248410857566519,506,5040.620000000003,0.46047430830039526,0.5474308300395256,3.0619282936568637,-5.603333260780003,14.400036970765655,12.766800271007863,-964,1446.4850000000151,0.02446907811645882,0.017710193806117824,-0.03173715385438558,-7.746743023553847,-0.8476465087214173,2.099812002657856,-87,449.28500000001077,0.035516466816415515,0.02129255010697928,0.08791251679733225,-1.6134767923412374,-3.875799641247724,2.3272644428886284
avg_side_stack_equal_core_side_parity_balance_wf,veto0.50,3303,31334.71499999999,0.46503178928247046,0.5488949439903118,1.4115175677399912,-23.609384874601695,1.2559520704961478,12.086759537488906,487,5323.860000000001,0.459958932238193,0.5564681724845996,3.384811195745995,-5.104287454681552,16.778215790893057,13.975084111271267,-1260,-1308.3749999999782,0.02409380988295262,0.01700802748801067,-0.10724320771707951,-10.730321164908197,-1.1039791982174276,1.9381606825802429,-106,732.5250000000087,0.03500109075421326,0.030329892552053206,0.41079541888646354,-1.1144309862427866,-1.4976208211203215,3.535548283152032
avg_side_stack_equal_core_side_parity_balance_wf,tilt0.01,4563,33040.674999999974,0.44115713346482577,0.5327635327635327,1.5315159813637773,-12.879063709693497,2.3771394669584294,10.272465997790647,593,4591.334999999992,0.42495784148397975,0.5261382799325464,2.9740157768595314,-3.9898564684387656,18.27583661201338,10.439535828119235,0,397.5850000000064,0.00021915406530792492,0.0008766162612315886,0.012755205906706646,0.0,0.01720819824485398,0.1238671428819842,0,0.0,0.0,0.0,0.0,0.0,0.0,0.0
avg_side_stack_equal_core_side_parity_balance_wf,tilt0.02,4563,32690.219999999972,0.44071882533421,0.5325443786982249,1.517638524935472,-12.91840431745487,2.354785005150279,10.15518061545944,593,4591.334999999992,0.42495784148397975,0.5261382799325464,2.9740157768595314,-3.9898564684387656,18.27583661201338,10.439535828119235,0,47.13000000000466,-0.0002191540653078694,0.0006574621959237748,-0.0011222505215986445,-0.03934060776137294,-0.005146263563296394,0.00658176055077675,0,0.0,0.0,0.0,0.0,0.0,0.0,0.0
avg_side_stack_equal_core_side_parity_balance_wf,tilt0.03,4563,32662.53999999997,0.44071882533421,0.5325443786982249,1.5176603313207722,-12.91840431745487,2.3535868364199413,10.146905262146774,593,4761.804999999992,0.4266441821247892,0.5278246205733558,3.0730060787840174,-3.9898564684387656,19.011639763537683,10.844517817097264,0,19.450000000004366,-0.0002191540653078694,0.0006574621959237748,-0.0011004441362985062,-0.03934060776137294,-0.006344432293634128,-0.0016935927618888513,0,170.47000000000025,0.0016863406408094694,0.001686340640809414,0.09899030192448599,0.0,0.7358031515243049,0.4049819889780295
avg_side_stack_equal_core_side_parity_balance_wf,tilt0.05,4563,32808.45499999997,0.44093797939951784,0.5329826868288406,1.5235705521002758,-12.879063709693497,2.367104420792602,10.192753707520792,593,4761.804999999993,0.4266441821247892,0.5278246205733558,3.0730060787840174,-3.9898564684387656,19.011639763537683,10.844517817097266,0,165.36500000000524,0.0,0.0010957703265395136,0.004809776643205144,0.0,0.007173152079026579,0.04415485261212915,0,170.47000000000116,0.0016863406408094694,0.001686340640809414,0.09899030192448599,0.0,0.7358031515243049,0.4049819889780313
avg_side_stack_equal_core_side_parity_balance_wf,tilt0.07,4563,32259.249999999975,0.4402805172035941,0.5321060705676091,1.5041227025201684,-13.335762734173166,2.262947731804174,10.015863683720355,593,4695.054999999993,0.4266441821247892,0.5261382799325464,3.0530202822148844,-3.9898564684387656,18.72306795523936,10.69198538619703,0,-383.83999999999287,-0.0006574621959237192,0.00021915406530792492,-0.014638072936902224,-0.4566990244796685,-0.0969835369094012,-0.13273517118830824,0,103.72000000000116,0.0016863406408094694,0.0,0.07900450535535297,0.0,0.4472313432259831,0.2524495580777959
avg_side_stack_equal_core_side_parity_balance_wf,tilt0.10,4563,32037.809999999976,0.4402805172035941,0.5316677624369932,1.49681002497188,-13.357303045890431,2.249933295033989,9.939506645979243,593,4695.054999999993,0.4266441821247892,0.5261382799325464,3.0530202822148844,-3.9898564684387656,18.72306795523936,10.69198538619703,0,-605.2799999999916,-0.0006574621959237192,-0.00021915406530792492,-0.021950750485190573,-0.4782393361969337,-0.10999797367958619,-0.2090922089294196,0,103.72000000000116,0.0016863406408094694,0.0,0.07900450535535297,0.0,0.4472313432259831,0.2524495580777959
avg_side_stack_equal_core_side_parity_balance_wf,tilt0.15,4563,31957.404999999973,0.44071882533421,0.5321060705676091,1.4894171782993895,-15.077748267419217,1.990183525240775,9.90024384582965,593,4659.329999999993,0.4266441821247892,0.5261382799325464,3.0141220077200934,-3.9619231797097596,18.69978286466793,10.578886818469016,0,-685.684999999994,-0.0002191540653078694,0.00021915406530792492,-0.0293435971576812,-2.19868455772572,-0.3697477434728005,-0.2483550090790132,0,67.9950000000008,0.0016863406408094694,0.0,0.040106230860561976,0.027933288729006023,0.4239462526545523,0.13935099034978116
avg_side_stack_equal_core_side_parity_balance_wf,tilt0.20,4563,31621.474999999977,0.4400613631382862,0.5314486083716853,1.4692937563681083,-16.52701997657028,1.8040992942689345,9.789497844785611,593,4832.839999999993,0.42833052276559863,0.5278246205733558,3.0678009401710447,-3.912629559492547,19.700704192013717,10.929042319159391,0,-1021.6149999999907,-0.0008766162612316442,-0.00043830813061584983,-0.04946701908896234,-3.6479562668767826,-0.5558319744446409,-0.3591010101230516,0,241.50500000000102,0.0033726812816188834,0.001686340640809414,0.09378516331151321,0.07722690894621875,1.4248675800003383,0.48950649104015653
avg_side_stack_equal_core_side_parity_balance_wf,tilt0.30,4563,32925.44499999998,0.4418145956607495,0.5329826868288406,1.500538085423441,-15.968779511148371,1.9131875911916958,10.178586096180565,593,4571.159999999996,0.42833052276559863,0.5295109612141653,2.937713185694512,-3.912629559492547,18.548021361667743,10.32976817024199,0,282.3550000000105,0.0008766162612316442,0.0010957703265395136,-0.01822269003362975,-3.089715801454874,-0.4467436775218796,0.02998724127190222,0,-20.174999999995634,0.0033726812816188834,0.003372681281618939,-0.03630259116501966,0.07722690894621875,0.27218474965436457,-0.10976765787724396
avg_side_stack_equal_core_side_parity_balance_wf,tilt0.50,4563,34527.25999999998,0.44422529037913655,0.5358316896778436,1.5219245107553583,-16.025985421224178,1.9611557790445164,10.671045696808902,593,3237.754999999995,0.41652613827993257,0.5160202360876898,2.0489875952192556,-6.481728120493142,7.738891575486169,7.339992269528215,0,1884.1700000000128,0.0032873109796187072,0.0039447731755424265,0.0031637352982876177,-3.1469217115306805,-0.39877548966905896,0.5224468419002388,0,-1353.5799999999967,-0.00843170320404718,-0.010118043844856595,-0.9250281816402759,-2.4918716520543764,-10.53694503652721,-3.0995435585910194
avg_side_stack_equal_core_side_parity_balance_wf,tilt0.75,4563,34792.75999999997,0.44488275257506027,0.537146614069691,1.5028732454353864,-16.335936771678426,1.9327027410298312,10.71370229866896,593,3972.369999999994,0.4266441821247892,0.521079258010118,2.5884586980970243,-4.498899456382623,13.867491984283477,8.982086566858406,0,2149.6700000000055,0.0039447731755424265,0.005259697567389865,-0.015887530021684304,-3.456873061984929,-0.4272285276837442,0.5651034437602966,0,-618.9649999999979,0.0016863406408094694,-0.005059021922428353,-0.3855570787625071,-0.5090429879438574,-4.408344627729901,-1.4574492612608285
avg_side_stack_equal_core_side_parity_balance_wf,tilt1.00,4563,35423.699999999975,0.445540214770984,0.5375849222003068,1.522320693859873,-16.700176184060545,1.91074102530513,10.865719349748172,593,3988.1099999999924,0.42495784148397975,0.524451939291737,2.6030649514248716,-4.592702893985572,13.642001948814602,9.003792189719192,0,2780.610000000008,0.004602235371466146,0.005698005698005715,0.0035599184028023423,-3.821112474367048,-0.4491902434084454,0.7171204948395093,0,-603.2249999999995,0.0,-0.001686340640809414,-0.37095082543465985,-0.6028464255468062,-4.633834663198776,-1.4357436384000426
min_side_stack_equal_core_side_parity_balance_wf,veto0.02,4436,36126.814999999966,0.45175834084761046,0.5419296663660956,1.6190066418088767,-13.263931451013095,2.433743612758383,11.326090141366635,581,3460.299999999992,0.42168674698795183,0.5197934595524957,2.4185075530622266,-4.80396022178759,11.206187365249443,7.914532291694285,-127,3483.7249999999985,0.010820361448092619,0.010042749863794498,0.10024586635180599,-0.38486774131959756,0.07381234404480752,1.1774912864579719,-12,-1131.0349999999999,-0.0032710944960279154,-0.006344820380050686,-0.5555082237973048,-0.8141037533488245,-7.069649246763936,-2.5250035364249497
min_side_stack_equal_core_side_parity_balance_wf,veto0.03,4394,36628.48499999996,0.4553937187073282,0.5430131998179335,1.6240559470818572,-13.084432879756536,2.4871624912211785,11.537232390417183,576,3770.594999999991,0.4270833333333333,0.5243055555555556,2.5832345964534564,-5.352670601989257,11.022643857420508,8.62492768899162,-169,3985.3949999999895,0.014455739307810356,0.011126283315632368,0.10529517162478652,-0.20536917006303845,0.1272312225076031,1.3886335355085198,-17,-820.7400000000007,0.002125491849353567,-0.0018327243769907797,-0.390781180406075,-1.3628141335504917,-7.25319275459287,-1.814608139127614
min_side_stack_equal_core_side_parity_balance_wf,veto0.04,4357,38538.40999999997,0.45811338076658253,0.5453293550608217,1.674950065933813,-12.904524415304286,2.597565834639204,12.176205108580582,570,4385.644999999991,0.4368421052631579,0.5333333333333333,2.653118138283119,-7.617676071530302,9.10988462007204,10.165055292317648,-206,5895.32,0.01717540136706469,0.013442438558520564,0.15618929047674235,-0.02546070561078828,0.23763456592562848,2.0276062536719195,-23,-205.6900000000005,0.011884263779178172,0.007195053400786966,-0.3208976385764126,-3.6278196030915364,-9.16595199194134,-0.2744805358015867
min_side_stack_equal_core_side_parity_balance_wf,veto0.05,4323,38267.48499999997,0.4584779088595882,0.5449919037705298,1.6700784871876344,-13.034833418072875,2.5611115837315177,12.138859856169633,565,4256.65499999999,0.4353982300884956,0.5345132743362832,2.5550124533808174,-9.57686602898751,7.01681391095295,9.882723404334333,-240,5624.395000000004,0.01753992946007038,0.013104987268228618,0.15131771173056374,-0.15576970837937765,0.2011803150179423,1.9902610012609703,-28,-334.6800000000021,0.010440388604515849,0.00837499440373679,-0.41900332347871405,-5.587009560548744,-11.259022701060427,-0.5568124237849013
min_side_stack_equal_core_side_parity_balance_wf,veto0.06,4288,36887.57499999997,0.45778917910447764,0.5440764925373134,1.608738242755474,-13.550574896196165,2.4115267335754997,11.772547034640647,563,4549.07499999999,0.43872113676731794,0.5381882770870338,2.702878937299297,-9.48427205320444,7.611818610069124,10.629211367110386,-275,4244.485000000001,0.016851199704959796,0.01218957603501225,0.08997746729840328,-0.6715111865026682,0.051595464861924345,1.6239481797319844,-30,-42.26000000000204,0.013763295283338195,0.012049997154487402,-0.2711368395602345,-5.494415584765675,-10.664018001944255,0.18967553899115153
min_side_stack_equal_core_side_parity_balance_wf,veto0.07,4250,37104.01999999996,0.45858823529411763,0.5463529411764706,1.6108822597846442,-14.137238058652498,2.3193667566449396,11.909762668319503,561,4529.204999999991,0.4385026737967914,0.5383244206773619,2.7195259371032727,-11.161985865243444,6.437188817699148,10.658894113892721,-313,4460.929999999993,0.017650255894599787,0.014466024674169464,0.0921214843275735,-1.2581743489590007,-0.04056451206863576,1.7611638134108407,-32,-62.13000000000102,0.013544832312811672,0.012186140744815499,-0.2544898397562587,-7.172129396804679,-11.83864779431423,0.21935828577348637
min_side_stack_equal_core_side_parity_balance_wf,veto0.08,4216,37096.53499999996,0.45849146110056926,0.5472011385199241,1.5967754412431374,-14.697157666222163,2.2307427895641707,11.959054883359137,557,4173.384999999991,0.4362657091561939,0.533213644524237,2.505711917571464,-12.588557333950371,5.225816969481633,9.848017552536772,-347,4453.444999999992,0.01755348170105142,0.015314222017623003,0.07801466578606675,-1.8180939565286653,-0.12918847914940468,1.8104560284504743,-36,-417.9500000000007,0.011307867672214145,0.007075364591690669,-0.4683038592880675,-8.598700865511606,-13.050019642531746,-0.5915182755824624
min_side_stack_equal_core_side_parity_balance_wf,veto0.09,4191,37726.869999999966,0.45907897876401815,0.5478406108327368,1.6137157697469302,-14.402898986189278,2.298774999272151,12.227798707965754,551,4416.329999999992,0.43920145190562615,0.5390199637023594,2.686957208036827,-11.704338012666204,5.973862843665033,10.447234055438097,-372,5083.779999999999,0.01814099936450031,0.015953694330435697,0.09495499428985954,-1.523835276495781,-0.06115626944142427,2.0791998530570908,-42,-175.0050000000001,0.014243610421646402,0.012881683769813024,-0.28705856882270453,-7.714481544227438,-12.301973768348345,0.007698227318861939
min_side_stack_equal_core_side_parity_balance_wf,veto0.10,4164,38447.09999999996,0.4603746397694525,0.5485110470701249,1.6373007066842122,-14.466739391308387,2.31388375074914,12.523675440806352,550,4499.759999999991,0.44,0.5381818181818182,2.6528225360070716,-12.604831933642632,5.6603092942807605,10.603993252672682,-399,5804.009999999995,0.019436660369934633,0.016624130567823747,0.11853993122714157,-1.5876756816148898,-0.046047517964435514,2.3750765858976894,-43,-91.57500000000073,0.015042158516020254,0.012043538249271846,-0.3211932408524598,-8.614975465203866,-12.615527317732617,0.16445742455344714
min_side_stack_equal_core_side_parity_balance_wf,veto0.11,4133,38744.46499999997,0.4597144931042826,0.547302201790467,1.6492872209837737,-14.290083884152278,2.3529529651853758,12.669268439623561,547,4138.289999999989,0.43875685557586835,0.5356489945155393,2.663997924267111,-12.172242615276145,5.355696747100229,9.702093001337728,-430,6101.375,0.01877651370476474,0.015415285288165825,0.130526445526703,-1.4110201744587805,-0.006978303528199614,2.5206695847148985,-46,-453.0450000000028,0.013799014091888606,0.009510714582992907,-0.31001785259242043,-8.18238614683738,-12.92013986491315,-0.737442826781507
min_side_stack_equal_core_side_parity_balance_wf,veto0.12,4099,38418.304999999964,0.4608441083191022,0.5481824835325689,1.631044435268988,-14.949390450519001,2.238207155728712,12.625929235610188,545,3845.4249999999975,0.43853211009174314,0.5321100917431193,2.4706563093897667,-12.011927026938322,5.01621580027972,9.055239095470991,-464,5775.2149999999965,0.019906128919584376,0.0162955670302678,0.11228365981191724,-2.0703267408255037,-0.12172411298486319,2.4773303807015257,-48,-745.9099999999944,0.013574268607763396,0.005971811810572936,-0.5033594674697648,-8.022070558499557,-13.259620811733658,-1.3842967326482434
min_side_stack_equal_core_side_parity_balance_wf,veto0.13,4068,38038.78499999997,0.4606686332350049,0.5476892822025565,1.618381392261205,-15.819411832773527,2.1029725505736323,12.585358353719013,542,3773.6049999999977,0.44095940959409596,0.5313653136531366,2.5283398828729413,-10.45445606596935,5.64840077189835,9.014709082756472,-495,5395.695,0.019730653835487055,0.015802365700255394,0.09962061680413425,-2.94034812308003,-0.2569587181399431,2.43675949881035,-51,-817.7299999999941,0.016001568110116215,0.005227033720590191,-0.44567589398659013,-6.464599597530584,-12.627435840115028,-1.424826745362763
min_side_stack_equal_core_side_parity_balance_wf,veto0.14,4030,36995.08499999997,0.4598014888337469,0.5468982630272953,1.5846310466575035,-16.70406599650143,1.9595942196191025,12.331616488708345,540,4030.044999999999,0.4462962962962963,0.5351851851851852,2.738471296000251,-9.069096114876766,6.986462104024715,9.678481086225656,-533,4351.995000000003,0.018863509434229042,0.01501134652499414,0.06587027120043287,-3.8250022868079334,-0.4003370490944729,2.1830176337996825,-53,-561.2899999999927,0.021338454812316554,0.009046905252638848,-0.23554448085928037,-5.079239646438,-11.289374507988665,-0.7610547418935791
min_side_stack_equal_core_side_parity_balance_wf,veto0.15,3992,35654.814999999966,0.45841683366733466,0.5460921843687375,1.554965780650215,-16.75894124357192,1.911354184392074,11.988985543639503,539,4468.244999999997,0.4489795918367347,0.5398886827458256,3.0213489967225415,-7.689419582597838,9.208461341955058,10.73435232017942,-571,3011.7249999999985,0.017478854267816812,0.014205267866436389,0.0362050051931444,-3.879877533878421,-0.44857708432150134,1.84038668873084,-54,-123.08999999999469,0.024021750352754945,0.013750402813279217,0.04733321986301009,-3.699563114159073,-9.06737527005832,0.29481649206018545
min_side_stack_equal_core_side_parity_balance_wf,veto0.16,3952,34469.574999999975,0.45799595141700405,0.5455465587044535,1.5078298315579326,-18.443157331135527,1.7024351955526291,11.686671622346662,537,3963.834999999998,0.44692737430167595,0.5344506517690876,2.750561371532249,-7.844673708138561,7.934644688976841,9.559524868942956,-611,1826.4850000000079,0.01705797201748621,0.013659642202152322,-0.010930943899138068,-5.56409362144203,-0.6574960731609463,1.538072767437999,-56,-627.4999999999936,0.021969532817696202,0.00831237183654121,-0.22345440532728222,-3.8548172396997957,-10.341191923036536,-0.8800109591762784
min_side_stack_equal_core_side_parity_balance_wf,veto0.17,3915,35065.83499999997,0.45849297573435505,0.5450830140485313,1.5193595237711668,-18.37465517315583,1.7262324642582403,11.947351475112681,537,3986.319999999998,0.44692737430167595,0.5363128491620112,2.7298117888327154,-9.378828596580487,6.677112603467022,9.616701707153199,-648,2422.7450000000026,0.017554996334837203,0.01319609754623019,0.0005987483140961203,-5.495591463462333,-0.6336988044553351,1.7987526202040183,-56,-605.014999999994,0.021969532817696202,0.010174569229464803,-0.2442039880268161,-5.388972128141721,-11.598724008546355,-0.8228341209660357
min_side_stack_equal_core_side_parity_balance_wf,veto0.18,3879,34579.18999999997,0.4583655581335396,0.5442124258829595,1.4976102096443236,-18.754282039974644,1.6773497024614166,11.850423182767164,535,4236.944999999998,0.4504672897196262,0.5401869158878505,2.9526540866547952,-7.6428942076390065,8.748538475334367,10.239593156373203,-684,1936.1000000000058,0.01742757873402173,0.01232550938065835,-0.021150565812747102,-5.875218330281147,-0.6825815662521588,1.7018243278585015,-58,-354.38999999999396,0.025509448235646437,0.014048635955304145,-0.021361690204736217,-3.653037739200241,-9.527298136679011,-0.1999426717460313
min_side_stack_equal_core_side_parity_balance_wf,veto0.19,3852,34451.61999999998,0.45872274143302183,0.5441329179646937,1.4872943130712228,-18.928082000690736,1.6583069687618828,11.870683103464653,530,4604.574999999997,0.4509433962264151,0.5433962264150943,3.234043970193217,-6.569049191839209,11.134857733324317,11.259442727183579,-711,1808.5300000000134,0.017784762033503987,0.01224600146239252,-0.031466462385847827,-6.049018290997239,-0.7016242999516926,1.7220842485559906,-63,13.240000000005239,0.025985554742435357,0.01725794648254797,0.26002819333368565,-2.5791927234004435,-7.140978878689062,0.8199068990643443
min_side_stack_equal_core_side_parity_balance_wf,veto0.20,3827,32423.749999999978,0.4577998432192318,0.5424614580611445,1.4235866658382161,-20.38566026495476,1.4849023644768369,11.209270577989205,529,4108.089999999998,0.4499054820415879,0.5387523629489603,2.8891026804860864,-6.541379592081392,9.887769915018058,10.035271692677265,-736,-219.33999999998923,0.01686186381971394,0.010574541558843409,-0.09517410961885453,-7.506596555261261,-0.8750289042367385,1.0606717230805423,-64,-483.2449999999935,0.024947640557608175,0.01261408301641398,-0.08491309637344502,-2.5515231236426263,-8.38806669699532,-0.40426413544197004
min_side_stack_equal_core_side_parity_balance_wf,veto0.21,3796,32027.39499999998,0.45732349841938885,0.541886195995785,1.410309461559284,-21.30041589129933,1.4106364988153337,11.135596387851365,525,4564.689999999998,0.4552380952380952,0.5447619047619048,3.166316383685085,-7.598981505486255,9.535552202748974,11.261077125484544,-767,-615.6949999999888,0.01638551901987101,0.009999279493483892,-0.10845131389778673,-8.421352181605833,-0.9492947698982417,0.9869975329427021,-68,-26.64499999999407,0.03028025375411547,0.01862362482935842,0.19230060682555372,-3.609125037047489,-8.740284409264405,0.8215412973653091
min_side_stack_equal_core_side_parity_balance_wf,veto0.22,3758,31861.989999999976,0.45955295369877597,0.5425758382118148,1.4078824570463164,-21.849332498118933,1.3709038834769318,11.206138104106671,520,4257.609999999998,0.45384615384615384,0.5423076923076923,2.97574966667182,-7.588649389154058,8.857349571248642,10.56971462135456,-805,-781.0999999999913,0.018614974299258125,0.010688921709513632,-0.11087831841075424,-8.970268788425436,-0.9890273852366436,1.0575392491980082,-73,-333.724999999994,0.028888312362174096,0.01616941237514591,0.0017338898122885027,-3.598792920715292,-9.418487040764736,0.13017879323532533
min_side_stack_equal_core_side_parity_balance_wf,veto0.23,3730,31584.03999999998,0.45951742627345843,0.5428954423592494,1.4179784800732071,-21.18204826485671,1.4066161604828697,11.19906385248939,519,4364.199999999998,0.45472061657032753,0.5433526011560693,2.9531718871668673,-7.21630347086296,9.56587615018503,10.834676227093738,-833,-1059.0499999999884,0.018579446873940586,0.011008525856948226,-0.10078229538386352,-8.302984555163214,-0.9533151082307056,1.0504649975807272,-74,-227.13499999999385,0.02976277508634778,0.017214321223522955,-0.020843889692664153,-3.2264470024241945,-8.709960461828349,0.3951403989745028
min_side_stack_equal_core_side_parity_balance_wf,veto0.24,3703,31643.09499999998,0.45962732919254656,0.5441533891439373,1.4066140570609365,-23.60247073820328,1.2637965866120222,11.27547619974084,516,4405.749999999999,0.45348837209302323,0.5445736434108527,2.9731917572251993,-6.251301909889444,11.155979369276226,11.016338662366563,-860,-999.9949999999881,0.01868934979302872,0.012266472641636161,-0.11214671839613422,-10.723407028509783,-1.0961346821015532,1.1268773448321774,-77,-185.58499999999276,0.02853053060904348,0.01843536347830632,-0.000824019634332096,-2.261445441450678,-7.119857242737153,0.5768028342473279
min_side_stack_equal_core_side_parity_balance_wf,veto0.25,3677,31915.69999999998,0.46097361979874896,0.5450095186293173,1.4245400492871036,-23.18914585992938,1.293011380894216,11.472744158024543,510,4979.605,0.4627450980392157,0.5509803921568628,3.298772856504368,-6.471103058293541,12.30497627890995,12.566455451031477,-886,-727.3899999999885,0.020035640399231114,0.013122602127016214,-0.09422072616996702,-10.310082150235882,-1.0669198878193593,1.3241453031158805,-83,388.2700000000077,0.03778725655523596,0.024842112224316426,0.32475707964483647,-2.4812465898547753,-5.970860333103429,2.126919622912242
min_side_stack_equal_core_side_parity_balance_wf,veto0.26,3626,32434.284999999985,0.4619415333701048,0.5457804743519029,1.4381675137105476,-22.872045061350303,1.32373970837257,11.774648338300377,506,4856.834999999999,0.46047430830039526,0.5474308300395256,3.256685806980211,-6.891395387221945,11.245459897820787,12.461075455311656,-937,-208.8049999999821,0.021003553970586952,0.013893557849601779,-0.08059326174652304,-9.992981351656805,-1.0361915603410055,1.6260494833917143,-87,265.5000000000073,0.035516466816415515,0.02129255010697928,0.2826700301206797,-2.9015389187831797,-7.030376714192592,2.0215396271924213
min_side_stack_equal_core_side_parity_balance_wf,veto0.27,3594,32136.699999999986,0.46271563717306624,0.5467445742904842,1.4383988617638113,-22.299312667390822,1.3502196860100852,11.76520420729416,502,5390.549999999999,0.46613545816733065,0.5517928286852589,3.4258213253684175,-6.0085803343679,14.448167895482271,13.944444688756308,-969,-506.3899999999812,0.021777657773548398,0.014857657788183043,-0.0803619136932594,-9.420248957697325,-1.0097115827034902,1.6166053523854966,-91,799.2150000000074,0.041177616683350904,0.025654548752712558,0.4518055485088861,-2.018723865929134,-3.8276687165311074,3.504908860637073
min_side_stack_equal_core_side_parity_balance_wf,veto0.28,3566,31676.15999999999,0.46242288278182836,0.5465507571508693,1.421017683445954,-22.326909462377852,1.3368433078854167,11.683479626288403,500,5136.714999999998,0.462,0.55,3.226856277692017,-6.271525767110932,13.132981392080628,13.305535300997125,-997,-966.9299999999785,0.021484903382310516,0.014663840648568183,-0.09774309201111664,-9.447845752684355,-1.0230879608281587,1.5348807713797399,-93,545.3800000000065,0.037042158516020274,0.023861720067453684,0.25284050083248566,-2.281669298672166,-5.14285521993275,2.86599947287789
min_side_stack_equal_core_side_parity_balance_wf,veto0.29,3537,31378.49499999998,0.46282160022618035,0.5459428894543399,1.4265321283697037,-21.490544572802182,1.3809502864095375,11.660617756241631,498,5407.334999999998,0.463855421686747,0.5562248995983936,3.3646934902813084,-6.218483673198221,14.007972802387497,14.028585200928152,-1026,-1264.5949999999866,0.02188362082666251,0.014055972952038753,-0.092228647087367,-8.611480863108685,-0.9789809823040379,1.5120189013329686,-95,816.0000000000064,0.038897580202767235,0.030086619665847247,0.39067771342177693,-2.228627204759455,-4.267863809625881,3.5890493728089172
min_side_stack_equal_core_side_parity_balance_wf,veto0.30,3507,31862.10999999999,0.46506986027944114,0.5463358996293128,1.4509551417993565,-20.20138080785188,1.4827403743116698,11.90986659627377,495,5494.574999999998,0.46464646464646464,0.5575757575757576,3.417257482848255,-5.773179449194482,15.354775906362576,14.30440088951878,-1056,-780.9799999999777,0.024131880879923295,0.014448983127011705,-0.06780563365771419,-7.322317098158383,-0.8771908944019056,1.761267741365108,-98,903.2400000000061,0.03968862316248489,0.031437477643211253,0.4432417059887235,-1.7833229807557167,-2.9210607056508024,3.864865061399545
min_side_stack_equal_core_side_parity_balance_wf,veto0.35,3318,31173.854999999996,0.46714888487040385,0.5485232067510548,1.4209880231253298,-21.63799488962283,1.3661052619886604,12.228232505385227,480,5321.515000000002,0.4583333333333333,0.5541666666666667,3.0981238772661586,-5.705118285393724,15.004011854442172,14.315491946869143,-1245,-1469.2349999999715,0.026210905470886003,0.016636290248753682,-0.09777275233174088,-8.758931179929334,-0.993826006724915,2.0796336504765645,-113,730.1800000000103,0.03337549184935357,0.028028386734120336,0.12410810040662712,-1.7152618169549587,-3.2718247575712063,3.875956118749908
min_side_stack_equal_core_side_parity_balance_wf,veto0.40,3145,30985.24000000001,0.4702702702702703,0.5516693163751988,1.4346720226693912,-20.216334222911296,1.4567907493827066,12.636492226649732,465,6147.385000000003,0.4645161290322581,0.5634408602150538,4.133984611983363,-4.166569037008861,24.06629601641922,17.132258493341922,-1418,-1657.8499999999585,0.029332290870752453,0.01978239987289765,-0.08408875278767947,-7.337270513217799,-0.9031405193308688,2.4878933717410696,-128,1556.050000000011,0.03955828754827834,0.037302580282507436,1.159968835123832,-0.1767125685700952,5.790459404405841,6.692722665222687
min_side_stack_equal_core_side_parity_balance_wf,veto0.45,2892,30995.96,0.47717842323651455,0.5591286307053942,1.4536201843834358,-20.559469503713597,1.4327784034072808,13.550689660433601,444,6012.490000000002,0.46846846846846846,0.5675675675675675,4.122970917367229,-3.7153703156336473,26.337473090773692,17.669014506689113,-1671,-1647.1299999999683,0.036240443836996705,0.02724171420309307,-0.0651405910736349,-7.6804057940201,-0.9271528653062946,3.4020908055249386,-149,1421.1550000000097,0.04351062698448871,0.041429287635021184,1.1489551405076974,0.27448615280511834,8.061636478760313,7.229478678569878
min_side_stack_equal_core_side_parity_balance_wf,veto0.50,2588,26884.0,0.4756568778979907,0.5552550231839258,1.3509844699887845,-24.589288323592726,1.0971177940903178,13.0111620418658,397,5520.739999999998,0.4811083123425693,0.5717884130982368,4.002931896888809,-4.201841841062534,21.20683608965945,18.075356932263485,-1975,-5759.089999999967,0.03471889849847287,0.0233681066816247,-0.16777630546828615,-11.710224613899229,-1.2628134746232575,2.8625631869571375,-196,929.4050000000061,0.05615047085858954,0.04565013316569044,1.0289161200292773,-0.2119853726237686,2.930999477646072,7.6358211041442505
min_side_stack_equal_core_side_parity_balance_wf,tilt0.01,4563,32876.35499999997,0.44093797939951784,0.5325443786982249,1.5265788315419908,-12.879063709693497,2.370043211178237,10.22252501414847,593,4591.334999999992,0.42495784148397975,0.5261382799325464,2.9740157768595314,-3.9898564684387656,18.27583661201338,10.439535828119235,0,233.26499999999942,0.0,0.0006574621959237748,0.007818056084920144,0.0,0.010111942464661627,0.07392615923980728,0,0.0,0.0,0.0,0.0,0.0,0.0,0.0
min_side_stack_equal_core_side_parity_balance_wf,tilt0.02,4563,32628.55999999997,0.44071882533421,0.532325224632917,1.5156558157951525,-12.915349909525458,2.352671356423439,10.136281059574223,593,4591.334999999993,0.42495784148397975,0.5261382799325464,2.9740157768595314,-3.9898564684387656,18.27583661201338,10.439535828119237,0,-14.529999999998836,-0.0002191540653078694,0.00043830813061584983,-0.0031049596619181496,-0.03628619983196124,-0.007259912290136228,-0.012317795334439552,0,9.094947017729282e-13,0.0,0.0,0.0,0.0,0.0,1.7763568394002505e-15
min_side_stack_equal_core_side_parity_balance_wf,tilt0.03,4563,32746.399999999976,0.44071882533421,0.5321060705676091,1.5174127668446753,-12.963063705741378,2.3490939849685,10.171149095651264,593,4591.334999999993,0.42495784148397975,0.5261382799325464,2.9740157768595314,-3.9898564684387656,18.27583661201338,10.439535828119237,0,103.31000000000859,-0.0002191540653078694,0.00021915406530792492,-0.0013480086123953683,-0.083999996047881,-0.010837283745075421,0.0225502407426017,0,9.094947017729282e-13,0.0,0.0,0.0,0.0,0.0,1.7763568394002505e-15
min_side_stack_equal_core_side_parity_balance_wf,tilt0.05,4563,32307.379999999976,0.44049967126890205,0.5318869165023011,1.50447341214391,-13.335762734173166,2.264981221522864,10.024614892163344,593,4591.334999999993,0.42495784148397975,0.5261382799325464,2.9740157768595314,-3.9898564684387656,18.27583661201338,10.439535828119237,0,-335.70999999999185,-0.0004383081306157943,0.0,-0.014287363313160606,-0.4566990244796685,-0.0949500471907112,-0.12398396274531898,0,9.094947017729282e-13,0.0,0.0,0.0,0.0,0.0,1.7763568394002505e-15
min_side_stack_equal_core_side_parity_balance_wf,tilt0.07,4563,32312.654999999973,0.44071882533421,0.5318869165023011,1.5059263712249218,-13.303187739450873,2.2707506912707958,10.014374141421646,593,4413.964999999992,0.42495784148397975,0.524451939291737,2.8681090177235404,-3.9898564684387656,17.514341495413845,10.056193470485024,0,-330.43499999999403,-0.0002191540653078694,0.0,-0.012834404232148877,-0.42412402975737606,-0.08918057744277963,-0.1342247134870167,0,-177.3699999999999,0.0,-0.001686340640809414,-0.10590675913599101,0.0,-0.7614951165995336,-0.383342357634211
min_side_stack_equal_core_side_parity_balance_wf,tilt0.10,4563,32407.60999999997,0.44093797939951784,0.5318869165023011,1.5064657736680263,-13.345742708848274,2.2675129543448636,10.052416937757107,593,4413.964999999993,0.42495784148397975,0.524451939291737,2.8681090177235404,-3.9898564684387656,17.514341495413845,10.056193470485027,0,-235.47999999999593,0.0,0.0,-0.012295001789044413,-0.4666789991547766,-0.09241831436871184,-0.0961819171515561,0,-177.36999999999898,0.0,-0.001686340640809414,-0.10590675913599101,0.0,-0.7614951165995336,-0.38334235763420743
min_side_stack_equal_core_side_parity_balance_wf,tilt0.15,4563,31963.12499999997,0.44115713346482577,0.5318869165023011,1.479949070706033,-15.403474260940841,1.9483091150810563,9.904963788904201,593,4116.6249999999945,0.42327150084317033,0.5227655986509275,2.6107812290712973,-5.359043730061505,12.096201948804525,9.369308656372905,0,-679.9649999999965,0.00021915406530792492,0.0,-0.03881170475103768,-2.5244105512473443,-0.4116221536325191,-0.24363506600446172,0,-474.7099999999973,-0.001686340640809414,-0.003372681281618828,-0.36323454778823416,-1.3691872616227396,-6.179634663208853,-1.07022717174633
min_side_stack_equal_core_side_parity_balance_wf,tilt0.20,4563,32734.83499999997,0.44269121192198113,0.5334209949594565,1.4931630846123893,-16.0749419327581,1.8939412655318781,10.136937445908698,593,4141.589999999995,0.42495784148397975,0.524451939291737,2.584996984434653,-5.291356369186688,12.33081335470184,9.389569925553866,0,91.74500000000262,0.0017532325224632883,0.0015340784571553634,-0.02559769084468133,-3.1958782230646037,-0.46599000318169725,-0.011661408999964706,0,-449.74499999999716,0.0,-0.001686340640809414,-0.38901879242487825,-1.3014999007479222,-5.945023257311538,-1.0499659025653685
min_side_stack_equal_core_side_parity_balance_wf,tilt0.30,4563,32362.05499999998,0.4420337497260574,0.5327635327635327,1.4756005784417776,-15.913347759451232,1.9000418945284918,10.012423774976828,593,3942.624999999994,0.42158516020236086,0.524451939291737,2.4579846313345035,-4.463945664593118,13.863885841342462,8.91846687310254,0,-281.03499999998894,0.001095770326539569,0.0008766162612315886,-0.043160197015293056,-3.0342840497577352,-0.4598893741850836,-0.13617507993183509,0,-648.7099999999978,-0.0033726812816188834,-0.001686340640809414,-0.5160311455250279,-0.4740891961543525,-4.4119507706709165,-1.5210689550166947
min_side_stack_equal_core_side_parity_balance_wf,tilt0.50,4563,35348.99999999998,0.4457593688362919,0.5380232303309226,1.5398628167022543,-16.150099056634115,1.9733618449939387,10.914944977085835,593,3745.0749999999916,0.42158516020236086,0.5177065767284992,2.5117952695296832,-3.909080818013496,14.98400144672969,8.48203396233507,0,2705.9100000000108,0.004821389436774071,0.006136313828621454,0.021102041245183667,-3.271035346940618,-0.38656942371963665,0.7663461221771719,0,-846.2600000000002,-0.0033726812816188834,-0.00843170320404718,-0.4622205073298482,0.08077565042526968,-3.291835165283688,-1.957501865784165
min_side_stack_equal_core_side_parity_balance_wf,tilt0.75,4563,33080.114999999976,0.4444444444444444,0.5364891518737672,1.4608621963220942,-16.637335981346435,1.8414741624636983,10.187337023961524,593,4300.684999999991,0.42833052276559863,0.524451939291737,2.6707356760432033,-4.817453638570642,14.10455541496822,9.686539453860767,0,437.02500000000873,0.0035064650449265766,0.00460223537146609,-0.057898579134976424,-3.758272271652938,-0.5184571062498771,0.03873816905286098,0,-290.65000000000055,0.0033726812816188834,-0.001686340640809414,-0.30328010081632817,-0.8275971701318765,-4.171281197045159,-0.7529963742584673
min_side_stack_equal_core_side_parity_balance_wf,tilt1.00,4563,33568.13999999997,0.4477317554240631,0.5362699978084593,1.473870319314815,-17.49339305010332,1.7667691909262118,10.314043303499803,593,5044.939999999994,0.4350758853288364,0.5362563237774031,2.976506352867897,-4.767320343050537,16.941054068030915,11.27963818872567,0,925.0500000000029,0.006793776024545284,0.004383081306158165,-0.04489045614225562,-4.6143293404098245,-0.5931620777873636,0.16544444859114016,0,453.6050000000023,0.01011804384485665,0.010118043844856706,0.0024905760083657746,-0.7774638746117715,-1.3347825439824632,0.8401023606064353
avg_side_veto_gex_cp_iv_side_parity_balance_wf,veto0.02,4559,32895.58999999997,0.4413248519412152,0.5323535863127878,1.5255619829922067,-12.879063709693497,2.370875033020866,10.22571075885877,593,4591.334999999992,0.42495784148397975,0.5261382799325464,2.9740157768595314,-3.9898564684387656,18.27583661201338,10.439535828119235,-4,252.5,0.0003868725416973362,0.0004666698104867084,0.006801207535136022,0.0,0.010943764307290493,0.07711190395010803,0,0.0,0.0,0.0,0.0,0.0,0.0,0.0
avg_side_veto_gex_cp_iv_side_parity_balance_wf,veto0.03,4558,33094.91999999997,0.44164107064501973,0.5326897762176394,1.5300409941584192,-12.879063709693497,2.3794772096517525,10.290553125019521,593,4591.334999999992,0.42495784148397975,0.5261382799325464,2.9740157768595314,-3.9898564684387656,18.27583661201338,10.439535828119235,-5,451.83000000000175,0.0007030912455018856,0.0008028597153382222,0.011280218701348543,0.0,0.019545940938177075,0.14195427011085826,0,0.0,0.0,0.0,0.0,0.0,0.0,0.0
avg_side_veto_gex_cp_iv_side_parity_balance_wf,veto0.04,4556,33189.48999999997,0.44183494293239683,0.5329236172080772,1.5333480078015986,-12.879063709693497,2.383547055672636,10.322902169139748,592,4302.584999999994,0.4222972972972973,0.5236486486486487,2.6963041657862044,-5.530423224155447,12.292076321473974,9.82228689368693,-7,546.4000000000015,0.0008969635328789916,0.0010367007057761057,0.014587232344527967,0.0,0.023615786959060525,0.1743033142310857,-1,-288.7499999999982,-0.002660544186682434,-0.0024896312838976753,-0.2777116110733271,-1.5405667557166813,-5.983760290539404,-0.617248934432304
avg_side_veto_gex_cp_iv_side_parity_balance_wf,veto0.05,4554,33835.18499999997,0.4426877470355731,0.533816425120773,1.5542941130976522,-12.879063709693497,2.4111418164527127,10.512783331710404,591,4204.234999999994,0.4213197969543147,0.5245346869712352,2.6718249791706614,-5.530423224155447,11.989818673213023,9.603441604333812,-9,1192.0950000000012,0.0017497676360552772,0.0019295086184718535,0.03553333764058153,0.0,0.05121054773913736,0.36418447680174104,-2,-387.09999999999764,-0.003638044529665041,-0.0016035929613111843,-0.30219079768887,-1.5405667557166813,-6.286017938800356,-0.8360942237854232
avg_side_veto_gex_cp_iv_side_parity_balance_wf,veto0.06,4553,33914.26499999997,0.44278497693828245,0.533714034702394,1.5557854828613669,-12.879063709693497,2.41449855241704,10.535835665361054,591,4358.894999999994,0.4230118443316413,0.5262267343485617,2.7279598109289,-5.459300955034662,12.627952222022556,9.935084205228806,-10,1271.175000000003,0.0018469975387646054,0.0018271182000928476,0.0370247074042962,0.0,0.05456728370346475,0.3872368104523911,-2,-232.43999999999778,-0.0019459971523384523,8.845441601534887e-05,-0.24605596593063161,-1.4694444865958962,-5.647884389990823,-0.5044516228904286
avg_side_veto_gex_cp_iv_side_parity_balance_wf,veto0.07,4551,33780.15499999997,0.44254010107668645,0.5335091188749725,1.5511241664372581,-12.879063709693497,2.4088030185852287,10.496236675192764,589,4088.8049999999944,0.41935483870967744,0.5229202037351444,2.631589671029406,-5.485477958454736,11.731609190969227,9.357293327032275,-12,1137.0650000000023,0.0016021216771686109,0.0016222023726714108,0.03236339098018748,0.0,0.048871749871653325,0.34763782028410084,-4,-502.5299999999975,-0.0056030027743023125,-0.003218076197401998,-0.3424261058301252,-1.4956214900159708,-6.544227421044152,-1.0822425010869594
avg_side_veto_gex_cp_iv_side_parity_balance_wf,veto0.08,4548,33897.61499999996,0.4426121372031662,0.533641160949868,1.5531255247001072,-12.879063709693497,2.413792214819128,10.536451928096543,588,3966.394999999994,0.41836734693877553,0.5221088435374149,2.5315153656552885,-5.485477958454736,11.355038257959485,9.103466684538212,-15,1254.5249999999942,0.0016741578036483795,0.0017542444475668884,0.03436474924303656,0.0,0.05386094610555281,0.3878530731878804,-5,-624.9399999999978,-0.006590494545204217,-0.004029436395131425,-0.442500411204243,-1.4956214900159708,-6.920798354053893,-1.3360691435810228
avg_side_veto_gex_cp_iv_side_parity_balance_wf,veto0.09,4544,33703.96999999997,0.44278169014084506,0.5336707746478874,1.5517154736431134,-12.879063709693497,2.4055611569343904,10.490877902121358,588,3942.1999999999944,0.41836734693877553,0.5221088435374149,2.515422354667632,-5.485477958454736,11.280781962901234,9.045155798460645,-19,1060.8800000000047,0.0018437107413272202,0.0017838581455862368,0.032954698186042686,0.0,0.04562988822081504,0.34227904721269553,-5,-649.1349999999975,-0.006590494545204217,-0.004029436395131425,-0.45859342219189925,-1.4956214900159708,-6.995054649112145,-1.3943800296585902
avg_side_veto_gex_cp_iv_side_parity_balance_wf,veto0.10,4542,33791.19499999997,0.4431968295904888,0.5339057683839719,1.553380281066574,-12.879063709693497,2.4092724156866603,10.527225889019102,588,3992.5099999999948,0.41836734693877553,0.5221088435374149,2.537592675918314,-5.666113147643352,11.070697246127233,9.171175864695563,-21,1148.1050000000032,0.00225885019097094,0.0020188518816707246,0.03461950560950333,0.0,0.04934114697308489,0.37862703411043874,-5,-598.8249999999971,-0.006590494545204217,-0.004029436395131425,-0.4364231009412176,-1.6762566792045863,-7.205139365886145,-1.2683599634236717
avg_side_veto_gex_cp_iv_side_parity_balance_wf,veto0.11,4541,33400.70499999997,0.44285399691697863,0.5335829112530279,1.5428940673919118,-12.879063709693497,2.392610528095524,10.4071091019652,588,4077.0899999999947,0.4200680272108844,0.5238095238095238,2.5893704483022564,-5.666113147643352,11.322654658337006,9.362147997205872,-22,757.6150000000052,0.0019160175174607885,0.0016959947507267925,0.02413329193484115,0.0,0.03267925938194871,0.25851024705653636,-5,-514.2449999999972,-0.004889814273095372,-0.002328756123022524,-0.38464532855727507,-1.6762566792045863,-6.953181953676372,-1.0773878309133629
avg_side_veto_gex_cp_iv_side_parity_balance_wf,veto0.12,4534,33315.02999999997,0.44265549183943537,0.533303925893251,1.5407239254930378,-12.879063709693497,2.3889384713542863,10.398506686516244,586,4241.899999999994,0.42150170648464164,0.5255972696245734,2.626121334652007,-5.19032033184162,12.898690380301728,9.777015635065775,-29,671.9400000000023,0.0017175124399175234,0.0014170093909499082,0.02196315003596716,0.0,0.029007202640710883,0.24990783160758134,-7,-349.4349999999977,-0.003456134999338112,-0.0005410103079729334,-0.3478944422075245,-1.2004638634028542,-5.3771462317116505,-0.6625201930534601
avg_side_veto_gex_cp_iv_side_parity_balance_wf,veto0.13,4533,33456.59999999997,0.442311934701081,0.5329803662033973,1.5439451451437074,-12.879063709693497,2.3950030138916785,10.435830339199565,585,4105.589999999996,0.4205128205128205,0.5247863247863248,2.5454747799459017,-5.19032033184162,12.453443656251817,9.471219703949831,-30,813.510000000002,0.0013739553015631456,0.0010934497010961497,0.02518436968663673,0.0,0.035071745178103075,0.2872314842909027,-8,-485.74499999999625,-0.00444502097115923,-0.0013519551462215507,-0.4285409969136298,-1.2004638634028542,-5.822392955761561,-0.9683161241694034
avg_side_veto_gex_cp_iv_side_parity_balance_wf,veto0.14,4528,33425.75999999997,0.44280035335689044,0.5331272084805654,1.5425547386363019,-12.879063709693497,2.3936832738060008,10.436025170277393,585,4036.799999999995,0.4205128205128205,0.5247863247863248,2.5262387488981948,-5.219682506526549,12.160683791570765,9.300343164415946,-35,782.6700000000055,0.0018623739573725984,0.0012402919782642519,0.023793963179231215,0.0,0.033752005092425374,0.2874263153687302,-8,-554.5349999999967,-0.00444502097115923,-0.0013519551462215507,-0.44777702796133667,-1.2298260380877837,-6.1151528204426135,-1.1391926637032892
avg_side_veto_gex_cp_iv_side_parity_balance_wf,veto0.15,4521,33468.289999999964,0.4432647644326476,0.5332890953328909,1.5438171565313392,-12.879063709693497,2.3955030655717553,10.456152086894644,584,4093.439999999995,0.4195205479452055,0.523972602739726,2.5307330557624157,-5.219682506526549,12.344018687672156,9.464708386291534,-42,825.1999999999971,0.0023267850331297746,0.0014021788305897953,0.025056381074268552,0.0,0.035571796858179905,0.30755323198598106,-9,-497.8949999999968,-0.005437293538774257,-0.0021656771928203478,-0.44328272109711575,-1.2298260380877837,-5.931817924341223,-0.974827441827701
avg_side_veto_gex_cp_iv_side_parity_balance_wf,veto0.16,4517,33398.759999999966,0.442993137037857,0.532875802523799,1.5416018094948414,-12.879063709693497,2.3925272305257606,10.443578053900797,582,4307.739999999996,0.422680412371134,0.5257731958762887,2.6051849525119337,-4.744646893187323,14.346303546692234,9.99983054046217,-46,755.6699999999983,0.0020551576383391335,0.0009888860214978257,0.022841034037770713,0.0,0.03259596181218516,0.29497919899213443,-11,-283.5949999999957,-0.0022774291128457302,-0.0003650840562576807,-0.36883082434759773,-0.7547904247485571,-3.929533065321145,-0.4397052876570644
avg_side_veto_gex_cp_iv_side_parity_balance_wf,veto0.17,4514,33414.83499999996,0.4428444838280904,0.5330084182543199,1.5417891518172229,-12.879063709693497,2.393215575195784,10.456203452219517,580,4401.004999999995,0.4241379310344828,0.5258620689655172,2.7385097363826594,-4.768473163042162,14.608106986559317,10.252849757831726,-49,771.7449999999953,0.0019065044285725419,0.0011215017520187498,0.023028376360152203,0.0,0.03328430648220859,0.30760459731085454,-13,-190.3299999999972,-0.0008199104494969744,-0.0002762109670291224,-0.23550604047687207,-0.7786166946033966,-3.6677296254540614,-0.18668607028750905
avg_side_veto_gex_cp_iv_side_parity_balance_wf,veto0.18,4506,33668.81999999996,0.4436307146027519,0.5337328007101643,1.5494341171007004,-12.879063709693497,2.40406388006292,10.54731784399001,578,4152.144999999995,0.42214532871972316,0.5242214532871973,2.537678753448982,-5.384282573896116,12.151205268936899,9.695347423163772,-57,1025.729999999996,0.0026927352032340424,0.0018458842078631355,0.03067334164362978,0.0,0.044132611349344764,0.3987189890813472,-15,-439.18999999999687,-0.0028125127642565917,-0.00191682664534909,-0.4363370234105495,-1.3944261054573506,-6.12463134307648,-0.7441884049554623
avg_side_veto_gex_cp_iv_side_parity_balance_wf,veto0.19,4496,33332.054999999964,0.4432829181494662,0.5333629893238434,1.531819508342298,-12.879063709693497,2.3896686402064353,10.44100813512067,577,4260.114999999994,0.42287694974003465,0.5251299826689775,2.548764195397095,-5.337372297937107,12.601313981481356,9.972298358430763,-67,688.9649999999965,0.0023449387499483443,0.0014760728215422736,0.013058732885227409,0.0,0.029737371492859932,0.2924092802120075,-16,-331.2199999999975,-0.0020808917439451013,-0.0010082972635688803,-0.42525158146243625,-1.3475158294983416,-5.674522630532023,-0.467237469688472
avg_side_veto_gex_cp_iv_side_parity_balance_wf,veto0.20,4485,33869.41999999996,0.44459308807134895,0.5342251950947603,1.5470173913240168,-12.879063709693497,2.4125956080799695,10.622525131938588,577,4319.554999999995,0.4246100519930676,0.5251299826689775,2.5966887217995436,-5.563999204364825,12.26983282712093,10.15715346547457,-78,1226.3299999999945,0.0036551086718311088,0.0023382785924591643,0.028256615866946166,0.0,0.05266433936639414,0.47392627702992485,-16,-271.779999999997,-0.0003477894909121315,-0.0010082972635688803,-0.37732705505998787,-1.5741427359260598,-6.0060037848924495,-0.28238236264466465
avg_side_veto_gex_cp_iv_side_parity_balance_wf,veto0.21,4464,35446.52999999997,0.44735663082437277,0.5365143369175627,1.5849509663195305,-12.879063709693497,2.4785839967291907,11.104535106907973,577,4683.034999999994,0.42807625649913345,0.5285961871750433,2.712628930543839,-5.4911143930069555,13.566512495860765,10.976616208518038,-99,2803.4400000000023,0.0064186514248549265,0.004627420415261541,0.06619019086245981,0.0,0.11865272801561533,0.9559362519993098,-16,91.70000000000255,0.003118415015153697,0.0024579072424969484,-0.26138684631569253,-1.5012579245681898,-4.709324116152613,0.5370803803988036
avg_side_veto_gex_cp_iv_side_parity_balance_wf,veto0.22,4452,36287.37999999996,0.4501347708894879,0.5384097035040432,1.6046880537673867,-12.879063709693497,2.513004844424893,11.354346910512263,577,4666.094999999994,0.42807625649913345,0.5285961871750433,2.712859118398616,-5.4985321166029,13.495157574603505,10.932569490457963,-111,3644.2899999999936,0.009196791489970046,0.006522787001742025,0.08592727831031599,0.0,0.15307357571131774,1.2057480556035998,-16,74.76000000000204,0.003118415015153697,0.0024579072424969484,-0.2611566584609153,-1.5086756481641341,-4.7806790374098735,0.49303366233872836
avg_side_veto_gex_cp_iv_side_parity_balance_wf,veto0.23,4430,36921.954999999965,0.4534988713318284,0.5397291196388262,1.6081852041997895,-12.879063709693497,2.538644989372886,11.565247707002499,576,5088.6249999999945,0.4340277777777778,0.5329861111111112,2.815776412902885,-6.193453901541942,13.163039459581162,11.812011070543248,-133,4278.864999999998,0.01256089193231058,0.007842203136525061,0.08942442874271883,0.0,0.17871372065931057,1.4166488520938358,-17,497.2900000000027,0.009069936293798042,0.0068478311785648005,-0.15823936395664662,-2.2035974331031767,-5.112797152432217,1.372475242424013
avg_side_veto_gex_cp_iv_side_parity_balance_wf,veto0.24,4421,37688.454999999965,0.4546482696222574,0.5415064465053155,1.6254112674900283,-12.879063709693497,2.5692405155886857,11.793497439166565,574,4489.779999999993,0.43031358885017423,0.5296167247386759,2.68932256923426,-7.299237800010299,9.75120122870206,10.484640649939445,-142,5045.364999999998,0.013710290222739563,0.00961953000301441,0.10665049203295762,0.0,0.20930924687511032,1.644898584257902,-19,-101.55499999999847,0.0053557473661944854,0.003478444806129577,-0.2846932076252715,-3.309381331571533,-8.524635383311319,0.04510482182021036
avg_side_veto_gex_cp_iv_side_parity_balance_wf,veto0.25,4406,38174.954999999965,0.4557421697684975,0.5422151611438947,1.6317384227374108,-12.879063709693497,2.588451781316965,11.915788192939786,573,4417.259999999993,0.43106457242582896,0.5287958115183246,2.647129131337731,-7.010419666359763,9.976007326700596,10.355211855585983,-157,5531.864999999998,0.014804190368979675,0.010328244641593542,0.1129776472803401,0.0,0.22852051260338957,1.7671893380311232,-20,-174.0749999999989,0.006106730941849214,0.0026575315857781945,-0.32688664552180047,-3.020563197920997,-8.299829285312782,-0.08432397253325163
avg_side_veto_gex_cp_iv_side_parity_balance_wf,veto0.26,4388,39612.94499999996,0.45806745670009114,0.5439835916134913,1.6701230546755337,-12.879063709693497,2.6443241196869196,12.361850364950167,573,4443.469999999993,0.4328097731239092,0.5305410122164049,2.6354251734587213,-7.5126109093990046,9.368774206660994,10.435298248168483,-175,6969.854999999996,0.017129477300573293,0.01209667511119017,0.15136227921846301,0.0,0.2843928509733442,2.2132515100415038,-20,-147.86499999999887,0.007851931639929477,0.004402732283858568,-0.33859060340081015,-3.522754440960239,-8.907062405352384,-0.004237579950752135
avg_side_veto_gex_cp_iv_side_parity_balance_wf,veto0.27,4360,40170.75499999996,0.4596330275229358,0.5456422018348623,1.689995234048704,-12.879063709693497,2.665641732266851,12.528167966235635,572,4349.639999999992,0.43356643356643354,0.5314685314685315,2.5499971776232986,-8.277066455816072,8.309947661039233,10.200298858316188,-203,7527.664999999994,0.018695048123417934,0.013755285332561207,0.17123445859163344,0.0,0.3057104635532757,2.3795691113269726,-21,-241.6949999999997,0.008608592082453792,0.005330251535985098,-0.42401859923623286,-4.287209987377307,-9.965888950974145,-0.23923696980304676
avg_side_veto_gex_cp_iv_side_parity_balance_wf,veto0.28,4317,39876.34999999996,0.4602733379661802,0.5462126476719944,1.6705305278965974,-12.879063709693497,2.6544148385460944,12.496566106900035,569,4500.474999999989,0.4358523725834798,0.5342706502636204,2.662829344894152,-7.700172347142551,9.267259324477886,10.477841587565347,-246,7233.259999999995,0.019335358566662353,0.014325731169693268,0.15176975243952673,0.0,0.294483569832519,2.3479672519913724,-24,-90.8600000000024,0.01089453109950006,0.008132370331074057,-0.31118643196537965,-3.7103158787037858,-9.008577287535493,0.038305759446112475
avg_side_veto_gex_cp_iv_side_parity_balance_wf,veto0.29,4278,38519.404999999955,0.46026180458158017,0.5455820476858345,1.62687677071943,-14.321254492327434,2.3399335288496013,12.161819549972243,568,4767.41499999999,0.43838028169014087,0.5387323943661971,2.826127754028057,-7.809540300238357,9.725359462140506,11.088545973221851,-285,5876.314999999988,0.019323825182062326,0.013695131183533382,0.10811599526235938,-1.4421907826339364,-0.01999773986397413,2.0132206950635805,-25,176.0799999999981,0.013422440206161124,0.012594114433650772,-0.1478880228314745,-3.8196838317995914,-8.550477149872872,0.6490101451026167
avg_side_veto_gex_cp_iv_side_parity_balance_wf,veto0.30,4243,37867.59999999996,0.45958048550553854,0.544661795899128,1.6010528053504027,-13.528326753076758,2.452687676749955,12.020766165915678,566,4333.5649999999905,0.43462897526501765,0.5335689045936396,2.6067781837823145,-9.482289114568845,7.224838829277932,10.061353952124579,-320,5224.509999999995,0.018642506106020695,0.012774879396826866,0.08229202989333206,-0.6492630433832609,0.09275640803637941,1.872167311007015,-27,-257.77000000000135,0.0096711337810379,0.0074306246610932325,-0.36723759307721693,-5.492432646130079,-11.050997782735447,-0.378181875994656
avg_side_veto_gex_cp_iv_side_parity_balance_wf,veto0.35,4069,34981.30499999997,0.4558859670680757,0.5419021872695994,1.5215150861355204,-16.20719178604918,1.954297901045158,11.480918591508592,552,3408.889999999992,0.43478260869565216,0.5289855072463768,2.35249874117585,-10.927088788540509,4.84879475412834,8.085435618382618,-494,2338.215000000004,0.014947987668557872,0.010015270767298246,0.0027543106784497784,-3.328128076355682,-0.4056333676684174,1.3323197365999295,-41,-1182.4449999999997,0.009824767211672414,0.0028472273138304693,-0.6215170356836817,-6.937232320101743,-13.427041857885039,-2.3541002097366164
avg_side_veto_gex_cp_iv_side_parity_balance_wf,veto0.40,3902,34383.84499999998,0.45592004100461303,0.5404920553562276,1.4749158780020508,-16.355585027147562,1.9168919573635033,11.65038330997813,541,4349.694999999992,0.4436229205175601,0.5304990757855823,2.9735886698778997,-7.277584282682896,9.451340445778108,10.503520978813256,-661,1740.755000000012,0.014982061605095187,0.008605138853926442,-0.04384489745501985,-3.476521317454065,-0.44303931135007213,1.5017844550694672,-52,-241.63999999999942,0.018665079033580334,0.004360795853035948,-0.0004271069816317308,-3.28772781424413,-8.82449616623527,0.06398515069402144
avg_side_veto_gex_cp_iv_side_parity_balance_wf,veto0.45,3708,34223.39999999999,0.459546925566343,0.5439590075512406,1.456043924926361,-17.57347141058338,1.779094783110381,11.991203633611429,524,4009.2999999999956,0.4389312977099237,0.5267175572519084,2.7083873417465387,-10.919584354993882,5.770449733467329,10.035887691575605,-855,1580.3100000000195,0.01860894616682518,0.01207209104893947,-0.06271685053070963,-4.694407700889883,-0.5808364856031945,1.842604778702766,-69,-582.0349999999962,0.013973456225943925,0.000579277319362026,-0.2656284351129927,-6.929727886555116,-12.50538687854605,-0.4036481365436302
avg_side_veto_gex_cp_iv_side_parity_balance_wf,veto0.50,3409,32712.424999999996,0.46318568495159873,0.5482546201232033,1.392715278870502,-21.212952573927435,1.4346176279909275,12.14108197859208,509,4389.369999999997,0.44204322200392926,0.5324165029469549,3.017670269410934,-8.203461589945919,8.467124344609212,11.281566897856317,-1154,69.33500000002823,0.022247705552080888,0.01636770362090212,-0.12604549658656872,-8.333888864233938,-0.9253136407226479,1.9924831236834173,-84,-201.9649999999947,0.01708538051994951,0.006278223014408502,0.04365449255140241,-4.213605121507153,-9.808712267404166,0.8420310697370823
avg_side_veto_gex_cp_iv_side_parity_balance_wf,tilt0.01,4563,32802.35499999997,0.44093797939951784,0.5325443786982249,1.5210331694825163,-12.879063709693497,2.366840219357662,10.19715657160023,593,4591.334999999992,0.42495784148397975,0.5261382799325464,2.9740157768595314,-3.9898564684387656,18.27583661201338,10.439535828119235,0,159.26499999999942,0.0,0.0006574621959237748,0.0022723940254456565,0.0,0.006908950644086698,0.048557716691567165,0,0.0,0.0,0.0,0.0,0.0,0.0,0.0
avg_side_veto_gex_cp_iv_side_parity_balance_wf,tilt0.02,4563,32707.19999999997,0.44071882533421,0.5325443786982249,1.5189104447434927,-12.91840431745487,2.355519694874229,10.160903021550808,593,4591.334999999992,0.42495784148397975,0.5261382799325464,2.9740157768595314,-3.9898564684387656,18.27583661201338,10.439535828119235,0,64.11000000000422,-0.0002191540653078694,0.0006574621959237748,0.00014966928642201616,-0.03934060776137294,-0.004411573839346428,0.01230416664214573,0,0.0,0.0,0.0,0.0,0.0,0.0,0.0
avg_side_veto_gex_cp_iv_side_parity_balance_wf,tilt0.03,4563,32713.52999999997,0.44115713346482577,0.5327635327635327,1.5224839420367604,-12.879063709693497,2.362989566988722,10.165030462903,593,4591.334999999993,0.42495784148397975,0.5261382799325464,2.9740157768595314,-3.9898564684387656,18.27583661201338,10.439535828119237,0,70.44000000000233,0.00021915406530792492,0.0008766162612315886,0.0037231665796897406,0.0,0.003058298275146587,0.016431607994336517,0,9.094947017729282e-13,0.0,0.0,0.0,0.0,0.0,1.7763568394002505e-15
avg_side_veto_gex_cp_iv_side_parity_balance_wf,tilt0.05,4563,32452.244999999974,0.44071882533421,0.5318869165023011,1.5137815812680555,-12.879063709693497,2.351624548967846,10.08027506158093,593,4591.334999999993,0.42495784148397975,0.5261382799325464,2.9740157768595314,-3.9898564684387656,18.27583661201338,10.439535828119237,0,-190.8449999999939,-0.0002191540653078694,0.0,-0.004979194189015157,0.0,-0.008306719745729385,-0.06832379332773364,0,9.094947017729282e-13,0.0,0.0,0.0,0.0,0.0,1.7763568394002505e-15
avg_side_veto_gex_cp_iv_side_parity_balance_wf,tilt0.07,4563,32146.839999999975,0.4402805172035941,0.5314486083716853,1.5023714736829243,-12.879063709693497,2.3382677912418566,9.979265301145466,593,4524.584999999992,0.42495784148397975,0.524451939291737,2.9532558552928294,-3.9898564684387656,17.988770624956754,10.287267310227394,0,-496.2499999999927,-0.0006574621959237192,-0.00043830813061584983,-0.016389301774146325,0.0,-0.021663477471718817,-0.16933355376319703,0,-66.75,0.0,-0.001686340640809414,-0.020759921566702033,0.0,-0.287065987056625,-0.15226851789184082
avg_side_veto_gex_cp_iv_side_parity_balance_wf,tilt0.10,4563,32300.284999999974,0.44071882533421,0.5318869165023011,1.5046934541059385,-12.879063709693497,2.344988491399968,10.012837398256279,593,4524.584999999992,0.42495784148397975,0.524451939291737,2.9532558552928294,-3.9898564684387656,17.988770624956754,10.287267310227394,0,-342.804999999993,-0.0002191540653078694,0.0,-0.0140673213511322,0.0,-0.01494277731360727,-0.13576145665238393,0,-66.75,0.0,-0.001686340640809414,-0.020759921566702033,0.0,-0.287065987056625,-0.15226851789184082
avg_side_veto_gex_cp_iv_side_parity_balance_wf,tilt0.15,4563,32356.904999999973,0.44071882533421,0.5318869165023011,1.5030883370247188,-13.226586187788792,2.285784825216528,10.018451690916304,593,4596.944999999992,0.42495784148397975,0.524451939291737,2.9783281054533366,-3.9619231797097596,18.429012911529636,10.43337020727633,0,-286.18499999999403,-0.0002191540653078694,0.0,-0.015672438432351887,-0.3475224780952946,-0.07414644349704735,-0.13014716399235837,0,5.610000000000582,0.0,-0.001686340640809414,0.004312328593805148,0.027933288729006023,0.15317629951625733,-0.006165620842905284
avg_side_veto_gex_cp_iv_side_parity_balance_wf,tilt0.20,4563,33058.769999999975,0.44115713346482577,0.5325443786982249,1.5207780465159975,-13.480271337501318,2.2718665447252735,10.224667436194812,593,4596.944999999992,0.42495784148397975,0.524451939291737,2.9783281054533366,-3.9619231797097596,18.429012911529636,10.43337020727633,0,415.68000000000757,0.00021915406530792492,0.0006574621959237748,0.002017271058926795,-0.6012076278078204,-0.0880647239883019,0.07606858128614924,0,5.610000000000582,0.0,-0.001686340640809414,0.004312328593805148,0.027933288729006023,0.15317629951625733,-0.006165620842905284
avg_side_veto_gex_cp_iv_side_parity_balance_wf,tilt0.30,4563,32838.71999999998,0.4420337497260574,0.5327635327635327,1.5012072774000196,-14.031370433518669,2.1739120337910673,10.146564870778269,593,4483.634999999993,0.42495784148397975,0.5261382799325464,2.8469160839468826,-3.912629559492547,18.164542978457824,10.110393559488733,0,195.63000000001193,0.001095770326539569,0.0008766162612315886,-0.017553498057051087,-1.1523067238251716,-0.18601923492250805,-0.0020339841303940176,0,-107.69999999999891,0.0,0.0,-0.1270996929126489,0.07722690894621875,-0.11129363355555455,-0.3291422686305019
avg_side_veto_gex_cp_iv_side_parity_balance_wf,tilt0.50,4563,34972.07499999998,0.44532106070567606,0.5367083059390751,1.544949170185658,-15.013679191143522,2.109325492148588,10.776213903751218,593,4551.569999999992,0.42327150084317033,0.524451939291737,2.813714282051771,-4.259405822770563,16.95902262546809,10.28585491280715,0,2328.985000000015,0.004383081306158221,0.004821389436774015,0.02618839472858725,-2.134615481450025,-0.25060577656498717,0.6276150488425554,0,-39.76499999999942,-0.001686340640809414,-0.001686340640809414,-0.16030149480776057,-0.2695493543317973,-1.316813986545288,-0.15368091531208528
avg_side_veto_gex_cp_iv_side_parity_balance_wf,tilt0.75,4563,35374.67499999999,0.44619767696690776,0.5378040762656148,1.5279023341100766,-14.457823475533827,2.2052868674136064,10.866171615210195,593,4437.444999999991,0.4266441821247892,0.5278246205733558,2.8744310987413115,-4.488664754817365,15.657428878525115,10.018140113468814,0,2731.585000000021,0.0052596975673899204,0.00591715976331364,0.009141558653005921,-1.5787597658403296,-0.15464440129996904,0.7175727603015325,0,-153.89000000000124,0.0016863406408094694,0.001686340640809414,-0.09958467811821992,-0.4988082863785994,-2.6184077334882634,-0.421395714650421
avg_side_veto_gex_cp_iv_side_parity_balance_wf,tilt1.00,4563,33670.94499999998,0.4444444444444444,0.5362699978084593,1.4672918669886406,-15.538120486442356,1.9927286604429404,10.289014806353762,593,4968.214999999989,0.42833052276559863,0.5328836424957841,3.1482416775769653,-4.362776575183454,18.206029819229204,11.164430244319183,0,1027.8550000000105,0.0035064650449265766,0.004383081306158165,-0.05146890846843011,-2.6590567767488587,-0.367202608270635,0.14041595144509955,0,376.8799999999974,0.0033726812816188834,0.006745362563237767,0.17422590071743382,-0.37292010674468834,-0.06980679278417412,0.7248944161999482
min_side_veto_gex_cp_iv_side_parity_balance_wf,veto0.02,4443,37271.679999999964,0.45487283367094306,0.5440018005851902,1.6506834043787832,-12.879063709693497,2.552654836022273,11.607767092974635,582,3650.959999999993,0.4209621993127148,0.520618556701031,2.4386534760786613,-4.338533310595372,13.138624200527858,8.303979471591807,-120,4628.5899999999965,0.013934854271425212,0.012114884082889077,0.13192262892171258,0.0,0.19272356730869777,1.4591682380659723,-11,-940.3749999999986,-0.003995642171264968,-0.005519723231515394,-0.5353623007808701,-0.348676842156606,-5.137212411485521,-2.1355563565274274
min_side_veto_gex_cp_iv_side_parity_balance_wf,veto0.03,4409,37988.58499999997,0.4577001587661601,0.5461555908369244,1.6691444534325128,-12.879063709693497,2.58111107871077,11.83444278227863,578,4070.154999999992,0.4273356401384083,0.5259515570934256,2.5998313193856752,-5.515786699412494,11.609992399193706,9.249450451308252,-154,5345.495000000003,0.01676217936664226,0.01426867433462331,0.15038367797544216,0.0,0.22117980999719444,1.6858439273699677,-15,-521.1799999999998,0.0023777986544285534,-0.0001867228391208009,-0.3741844574738562,-1.5259302309737288,-6.665844212819673,-1.1900853768109823
min_side_veto_gex_cp_iv_side_parity_balance_wf,veto0.04,4379,40261.77999999998,0.4606074446220598,0.5482986983329527,1.7293681786394925,-12.879063709693497,2.669102001993065,12.580807648392902,576,4809.334999999992,0.4357638888888889,0.5364583333333334,2.824367168154918,-5.810182967228992,13.196654847185616,11.026434775351735,-184,7618.69000000001,0.019669465222541982,0.016411781830651617,0.21060740318242188,0.0,0.3091707332794895,2.4322087934842394,-17,218.0,0.010806047404909147,0.01032005340078701,-0.14964860870461338,-1.8203264987902266,-5.079181764827762,0.5868989472325001
min_side_veto_gex_cp_iv_side_parity_balance_wf,veto0.05,4346,40576.43499999997,0.46134376438104,0.5492406810860562,1.737355929034989,-12.879063709693497,2.6810241498343017,12.744992816255762,572,4502.87999999999,0.4353146853146853,0.5332167832167832,2.7349650194645685,-5.887821429220691,12.126843530943018,10.381880311690637,-217,7933.345000000001,0.02040578498152218,0.017353764583755038,0.21859515357791826,0.0,0.3210928811207263,2.5963939613470988,-21,-88.45500000000175,0.010356843830705564,0.00707850328423687,-0.23905075739496295,-1.8979649607819251,-6.14899308107036,-0.05765551642859812
min_side_veto_gex_cp_iv_side_parity_balance_wf,veto0.06,4315,40494.81999999997,0.46210892236384704,0.5494785631517961,1.7197490048966655,-12.879063709693497,2.677937624715976,12.800749404309672,571,4741.37999999999,0.43782837127845886,0.5359019264448336,2.8421080187393923,-5.863845476466752,12.875707190856454,10.98780592654354,-248,7851.730000000003,0.021170942964329198,0.017591646649494974,0.20098822943959482,0.0,0.31800635600240046,2.652150549401009,-22,150.04499999999825,0.012870529794479113,0.009763646512287227,-0.1319077581201391,-1.8739890080279862,-5.400129421156924,0.5482700984243056
min_side_veto_gex_cp_iv_side_parity_balance_wf,veto0.07,4283,39761.679999999964,0.4620593042260098,0.549848237216904,1.6983357444484122,-13.300736253485686,2.5660136597976475,12.652351212520374,568,4359.08499999999,0.43661971830985913,0.5334507042253521,2.7084360192385635,-6.661731164024368,10.349116469375554,10.136028005492253,-280,7118.5899999999965,0.021121324826491983,0.01796132071460288,0.1795749689913415,-0.4216725437921891,0.20608239108407211,2.5037523576117113,-25,-232.25000000000182,0.01166187682587938,0.007312424292805764,-0.26557975762096797,-2.6718746955856023,-7.926720142637825,-0.3035078226269814
min_side_veto_gex_cp_iv_side_parity_balance_wf,veto0.08,4256,39201.02499999997,0.4612312030075188,0.5495770676691729,1.6782612286329242,-13.71376998858102,2.4684715247052704,12.540069994153336,568,4133.82499999999,0.43661971830985913,0.5299295774647887,2.5293861674441223,-7.543621673153898,8.631826291571848,9.600875588612679,-307,6557.935000000005,0.020293223608000954,0.01769015116687178,0.15950045317585348,-0.8347062788875235,0.10854025599169503,2.3914711392446737,-25,-457.51000000000204,0.01166187682587938,0.003791297532242388,-0.4446296094154092,-3.5537652047151322,-9.64401032044153,-0.8386602395065559
min_side_veto_gex_cp_iv_side_parity_balance_wf,veto0.09,4228,38846.75999999997,0.4609744560075686,0.5489593188268685,1.6550217433619783,-13.715383175361348,2.455284384987087,12.488327984925562,564,4436.204999999991,0.4397163120567376,0.5336879432624113,2.757060922078403,-7.027411916560165,9.997955546381613,10.394552999812294,-335,6203.6700000000055,0.020036476608050746,0.017072402324567415,0.1362609679049076,-0.8363194656678505,0.0953531162735115,2.3397291300168988,-29,-155.13000000000102,0.014758470572757865,0.007549663329864953,-0.21695485478112841,-3.0375554481213998,-8.277881065631766,-0.04498282830694045
min_side_veto_gex_cp_iv_side_parity_balance_wf,veto0.10,4200,39236.504999999976,0.46095238095238095,0.5485714285714286,1.665202161264068,-12.879063709693497,2.629826924056745,12.687623136525287,562,4272.43999999999,0.4395017793594306,0.5302491103202847,2.6435448192708617,-8.225537478762238,8.202196165048756,10.003772101388256,-363,6593.415000000008,0.020014401552863104,0.016684512069127466,0.14644138580699728,0.0,0.2698956553431695,2.5390242816166246,-31,-318.89500000000226,0.01454393787545083,0.004110830387738296,-0.33047095758866973,-4.235681010323472,-10.073640446964623,-0.4357637267309791
min_side_veto_gex_cp_iv_side_parity_balance_wf,veto0.11,4171,39619.984999999964,0.46104051786142414,0.5485495085111484,1.675716476024608,-13.632417657719603,2.4984489462718655,12.887104852901047,560,3731.289999999988,0.4357142857142857,0.5267857142857143,2.5443012755195697,-8.785698704680875,6.6407034328152,8.714090740941385,-392,6976.894999999997,0.020102538461906294,0.016662592008847232,0.15695570056753727,-0.7533539480261062,0.13851767755829014,2.738505997992384,-33,-860.0450000000037,0.010756444230305973,0.0006474343531679416,-0.4297145013399617,-4.79584223624211,-11.635133179198178,-1.7254450871778495
min_side_veto_gex_cp_iv_side_parity_balance_wf,veto0.12,4139,39339.104999999974,0.46243053877748247,0.5498912780864943,1.6575229701055183,-14.412448036818967,2.3535704857911317,12.89383042726091,555,3670.3699999999935,0.43423423423423424,0.5261261261261261,2.4401049889941775,-9.636448476055808,5.948874708119394,8.666388992387082,-424,6696.015000000007,0.021492559377964626,0.018004361584193163,0.13876219464844763,-1.5333843271254697,-0.006360782922443686,2.745231572352248,-38,-920.9649999999983,0.009276392750254492,-1.2153806420278634e-05,-0.533910787865354,-5.646592007617042,-12.326961903893984,-1.7731468357321525
min_side_veto_gex_cp_iv_side_parity_balance_wf,veto0.13,4114,38492.81499999997,0.4623237724842003,0.5483714146815751,1.6376266505693373,-14.946799996350816,2.241107899219658,12.72526476549223,552,3558.889999999993,0.4329710144927536,0.5253623188405797,2.495669111383373,-8.555662216309678,6.4834129397309965,8.51059708502441,-449,5849.725000000006,0.02138579308468247,0.016484498179274,0.11886587511226665,-2.0677362866573183,-0.11882336949391759,2.576665910583568,-41,-1032.4449999999988,0.008013173008773855,-0.0007759610919666482,-0.47834666547615834,-4.565805747870912,-11.792423672282382,-1.9289387430948253
min_side_veto_gex_cp_iv_side_parity_balance_wf,veto0.14,4077,37047.25999999997,0.4606328182487123,0.5474613686534217,1.5859608962056728,-17.128235976759555,1.9126397582287455,12.329584141457836,551,3709.5699999999933,0.4355716878402904,0.5263157894736842,2.6711382157761783,-6.554427435165526,8.845978274737128,8.882363758436814,-486,4404.1700000000055,0.01969483884919443,0.015574452151120521,0.06720012074860215,-4.249172267066058,-0.44729151048482985,2.1809852865491735,-42,-881.7649999999985,0.01061384635631063,0.00017750954113782136,-0.3028775610833532,-2.5645709667267607,-9.42985833727625,-1.5571720696824212
min_side_veto_gex_cp_iv_side_parity_balance_wf,veto0.15,4044,34736.68499999997,0.45820969337289813,0.5452522255192879,1.5313753253471813,-17.625043699348524,1.7896326376307508,11.669842360457231,548,4048.6199999999926,0.43795620437956206,0.5291970802919708,2.9934272114774627,-5.582306614241308,11.406479849272495,9.771564323515701,-519,2093.595000000001,0.017271713973380287,0.013365309016986737,0.012614549890110682,-4.7459799896550265,-0.5702986310828246,1.5212435055485685,-45,-542.7149999999992,0.012998362895582316,0.0030588003594244073,0.019411434617931267,-1.592450145802542,-6.869356762740884,-0.6679715046035337
min_side_veto_gex_cp_iv_side_parity_balance_wf,veto0.16,4020,33165.52999999997,0.45746268656716416,0.5440298507462686,1.4768397065972554,-18.485174670276656,1.6599563640114317,11.22020607567578,546,3299.259999999993,0.43223443223443225,0.521978021978022,2.562318104103011,-6.7637943093348305,7.565821771021268,7.9887763994451,-543,522.4400000000023,0.016524707167646313,0.012142934243967507,-0.04192106885981528,-5.606110960583159,-0.6999749047021437,1.0716072207671168,-47,-1292.074999999999,0.007276590750452505,-0.004160257954524349,-0.41169767275652047,-2.773937840896065,-10.71001484099211,-2.450759428674135
min_side_veto_gex_cp_iv_side_parity_balance_wf,veto0.17,3990,33255.74999999998,0.45839598997493736,0.543859649122807,1.4760883391283566,-18.72170036226643,1.6416523513410934,11.325899310785777,546,3541.9949999999926,0.4340659340659341,0.5274725274725275,2.6288065586500156,-6.478192960672183,8.519225591166643,8.568549460098353,-573,612.6600000000108,0.017458010575419514,0.01197273262050591,-0.04267243632871409,-5.842636652572931,-0.718278917372482,1.1773004558771145,-47,-1049.3399999999992,0.00910809258195433,0.001334247539981126,-0.3452092182095159,-2.488336492233417,-9.756611020846735,-1.8709863680208816
min_side_veto_gex_cp_iv_side_parity_balance_wf,veto0.18,3961,33063.84999999997,0.4584700833122949,0.5435496086846756,1.4614751384942284,-19.392834379357335,1.5793564157190363,11.31313893743193,544,3723.3199999999924,0.4375,0.53125,2.7825723934606934,-5.533711870724659,10.519164802086072,9.041031293169137,-602,420.76000000000204,0.01753210391277704,0.011662692182374479,-0.05728563696284228,-6.513770669663838,-0.7805748529945391,1.164540082523267,-49,-868.0149999999994,0.012542158516020252,0.00511172006745364,-0.19144338339883804,-1.5438554022858932,-7.756671809927306,-1.3985045349500975
min_side_veto_gex_cp_iv_side_parity_balance_wf,veto0.19,3935,32396.314999999966,0.4579415501905972,0.542566709021601,1.429182548838884,-20.629970046000814,1.466569993202071,11.134711479354522,540,4007.2149999999924,0.4388888888888889,0.5333333333333333,2.990302671925225,-4.723323198377076,13.332932629612293,9.819937446899319,-628,-246.77500000000146,0.017003570791079337,0.010679792519299847,-0.0895782266181866,-7.750906336307317,-0.8933612755115043,0.9861126244458589,-53,-584.1199999999994,0.013931047404909136,0.007195053400786966,0.016286895065693585,-0.7334667299383106,-4.942903982401086,-0.619598381219916
min_side_veto_gex_cp_iv_side_parity_balance_wf,veto0.20,3909,30908.169999999976,0.45740598618572526,0.5413149143003325,1.3843679166313863,-21.321278992098755,1.3792038489765235,10.675779553341897,539,3487.9849999999933,0.4359925788497217,0.5287569573283859,2.5643361516546825,-6.47567535686264,8.38412753561009,8.56338317941026,-654,-1734.919999999991,0.016468006786207412,0.009427997798031384,-0.1343928588256844,-8.442215282405257,-0.9807274197370519,0.5271806984332343,-54,-1103.3499999999985,0.011034737365741953,0.0026186773958395415,-0.4096796252048489,-2.485818888423874,-9.891709076403288,-1.876152648708974
min_side_veto_gex_cp_iv_side_parity_balance_wf,veto0.21,3878,30391.09999999997,0.45745229499742135,0.5407426508509541,1.3656903479783467,-21.452044943447575,1.3567713626479065,10.568245356078025,537,3840.9649999999956,0.43947858472998136,0.5325884543761639,2.822739603698293,-6.470767679157301,9.300225989446837,9.52998225238629,-685,-2251.989999999998,0.016514315597903506,0.008855734348652944,-0.153070427478724,-8.572981233754078,-1.0031599060656688,0.4196465011693622,-56,-750.3699999999963,0.01452074324600161,0.006450174443617507,-0.15127617316123843,-2.480911210718535,-8.975610622566542,-0.9095535757329447
min_side_veto_gex_cp_iv_side_parity_balance_wf,veto0.22,3823,31346.17999999997,0.4595867120062778,0.5417211613915773,1.3782904661341626,-20.554346786880444,1.44294713082725,11.032906953665604,533,3385.814999999995,0.4352720450281426,0.5290806754221389,2.5182250789362826,-7.559171383488458,6.958670281940252,8.442721507624286,-740,-1296.9099999999962,0.018648732606759977,0.0098342448892762,-0.14047030932290805,-7.675283077186947,-0.9169841378863255,0.8843080987569412,-60,-1205.5199999999968,0.010314203544162848,0.0029423954895925197,-0.4557906979232489,-3.5693149150496923,-11.317166330073126,-1.9968143204949484
min_side_veto_gex_cp_iv_side_parity_balance_wf,veto0.23,3795,31269.84999999997,0.4603425559947299,0.5425559947299078,1.3936340736140709,-19.929141414517517,1.4860148896802208,11.075452493022986,532,3651.574999999995,0.43609022556390975,0.5300751879699248,2.716331406767352,-7.261905980578633,7.850915584201591,9.130558174075887,-768,-1373.239999999998,0.019404576595212053,0.010669078227606654,-0.1251267018429998,-7.0500777048240195,-0.8739163790333546,0.9268536381143235,-61,-939.759999999997,0.011132384079930002,0.00393690803737845,-0.25768437009217937,-3.2720495121398674,-10.424921027811788,-1.308977654043348
min_side_veto_gex_cp_iv_side_parity_balance_wf,veto0.24,3776,31773.98999999997,0.4602754237288136,0.5439618644067796,1.3997247656679588,-19.16578454568531,1.5602440948635363,11.28873727649587,529,3786.8399999999965,0.43667296786389415,0.5311909262759924,2.8293855823483858,-6.476001727982052,9.152641180609734,9.512400428942724,-787,-869.0999999999985,0.01933744432929574,0.012074947904478495,-0.11903600978911189,-6.286720835991812,-0.7996871738500391,1.1401384215872081,-64,-804.4949999999953,0.011715126379914398,0.005052646343446043,-0.14463019451114567,-2.486145259543286,-9.123195431403644,-0.9271353991765103
min_side_veto_gex_cp_iv_side_parity_balance_wf,veto0.25,3755,32005.739999999976,0.46125166444740345,0.544340878828229,1.4110157594547823,-18.690459647065072,1.606963136556657,11.456120707530541,523,3750.2599999999966,0.4378585086042065,0.5315487571701721,2.7998388714569566,-6.729656697988999,8.716697340734752,9.52476737686027,-808,-637.3499999999913,0.02031368504788561,0.012453962325927881,-0.10774501600228836,-5.811395937371575,-0.7529681321569184,1.3075218526218784,-70,-841.0749999999953,0.01290066712022675,0.005410477237625777,-0.1741769054025748,-2.7398002295502337,-9.559139271278626,-0.9147684512589649
min_side_veto_gex_cp_iv_side_parity_balance_wf,veto0.26,3716,33296.60499999998,0.4625941872981701,0.5462863293864371,1.4651777961438577,-18.3515793461536,1.6759925451514215,12.004469506980602,519,3955.2599999999966,0.4393063583815029,0.5337186897880539,2.890803990089665,-7.077797840434576,8.773959421700528,10.160264750617207,-847,653.515000000014,0.021656207898652247,0.014399412884135931,-0.053582979313212986,-5.472515636460102,-0.6839387235621539,1.855870652071939,-74,-636.0749999999953,0.014348516897523145,0.007580409855507564,-0.08321178676986651,-3.08794137199581,-9.50187719031285,-0.2792710775020275
min_side_veto_gex_cp_iv_side_parity_balance_wf,veto0.27,3682,33186.019999999975,0.4641499185225421,0.5480717001629549,1.4705975768070059,-17.1886424883364,1.7858264724692487,12.079540885996252,516,4369.119999999996,0.4437984496124031,0.5348837209302325,3.0370910065264294,-6.16988443964732,11.201860756727323,11.295839449913666,-881,542.9300000000076,0.023211939123024272,0.01618478366065379,-0.0481631986500648,-4.309578778642901,-0.5741047962443266,1.9309420310875893,-77,-222.2149999999956,0.018840608128423364,0.008745440997686149,0.06307522966689794,-2.1800279712085544,-7.073975855286056,0.8563036217944315
min_side_veto_gex_cp_iv_side_parity_balance_wf,veto0.28,3654,32940.64999999998,0.46223316912972084,0.5476190476190477,1.459717027199448,-17.6415586170838,1.7322580407568196,12.080501494483304,512,3969.4549999999963,0.439453125,0.53125,2.8022199446213043,-6.45023154319746,9.664668692420044,10.347809743083602,-909,297.5600000000122,0.021295189730203,0.01573213111674654,-0.05904374825762271,-4.762494907390302,-0.6276732279567558,1.9319026395746413,-81,-621.8799999999956,0.014495283516020252,0.00511172006745364,-0.17179583223822714,-2.4603750747586943,-8.611167919593335,-0.09172608503563318
min_side_veto_gex_cp_iv_side_parity_balance_wf,veto0.29,3620,31936.48499999999,0.46022099447513815,0.5461325966850828,1.4426948627825593,-17.76946771077115,1.6880427966131524,11.79892354930141,511,4288.144999999996,0.44227005870841485,0.538160469667319,2.9691521652874644,-6.338565221246776,10.686113812931724,11.18153367488703,-943,-706.6049999999777,0.019283015075620302,0.014245680182781717,-0.07606591267451135,-4.890404001077652,-0.671888472100423,1.6503246943927472,-82,-303.18999999999596,0.0173122172244351,0.012022189734772648,-0.00486361157206705,-2.34870875280801,-7.589722799081654,0.741997846767795
min_side_veto_gex_cp_iv_side_parity_balance_wf,veto0.30,3591,32056.05499999999,0.46115288220551376,0.544973544973545,1.4545969666633642,-17.058180398779246,1.7624018048278525,11.929732522279634,508,4338.654999999997,0.44291338582677164,0.5393700787401575,3.0001714651721896,-5.9017966582801025,11.622689219251304,11.341812528641064,-972,-587.034999999978,0.020214902805995916,0.013086628471243866,-0.06416380879370642,-4.179116689085749,-0.5975294638857229,1.7811336673709715,-85,-252.67999999999483,0.017955544342791896,0.013231798807611161,0.026155688312658132,-1.9119401898413368,-6.653147392762074,0.9022767005218295
min_side_veto_gex_cp_iv_side_parity_balance_wf,veto0.35,3418,29902.759999999995,0.4605032182562902,0.542715038033938,1.390128642557094,-16.71908238620368,1.7236869603605147,11.666554303539002,495,4836.584999999996,0.44646464646464645,0.5434343434343434,3.171605240592389,-5.606950110600292,13.759060101286694,13.010123589294567,-1145,-2740.3299999999726,0.01956523885677236,0.010828121531636814,-0.12863213289997666,-3.8400186765101836,-0.6362443083530607,1.5179554486303388,-98,245.25000000000455,0.021506804980666705,0.01729606350179702,0.19758946373285768,-1.6170936421615263,-4.516776510726684,2.5705877611753323
min_side_veto_gex_cp_iv_side_parity_balance_wf,veto0.40,3215,30139.340000000004,0.46376360808709177,0.5458786936236392,1.3995020688815802,-16.738525833505566,1.730014178144602,12.195976065257268,476,5347.894999999998,0.4495798319327731,0.5483193277310925,4.069621338441373,-4.1860060558738,20.559695773303705,14.960130246323876,-1348,-2503.7499999999636,0.02282562868757393,0.013991777121338034,-0.11925870657549043,-3.8594621238120688,-0.6299170905689735,2.047377210348605,-117,756.5600000000059,0.024621990448793374,0.022181047798546127,1.0956055615818419,-0.19614958743503408,2.2838591612903265,4.520594418204642
min_side_veto_gex_cp_iv_side_parity_balance_wf,veto0.45,2964,29392.160000000007,0.4699730094466937,0.5526315789473685,1.3759226889364766,-19.198515679080714,1.4852834438658522,12.688652671177381,456,5171.484999999997,0.4517543859649123,0.5526315789473685,3.9648616539206603,-3.746971344950721,22.143564611072463,15.190743298458502,-1599,-3250.9299999999603,0.029035030047175836,0.02074466244506734,-0.14283808652059404,-6.319451969387217,-0.8746478248477232,2.5400538162687187,-137,580.1500000000051,0.02679654448093255,0.026493299014822114,0.9908458770611288,0.24288512348804447,3.8677279990590847,4.751207470339267
min_side_veto_gex_cp_iv_side_parity_balance_wf,veto0.50,2675,27444.38500000001,0.4691588785046729,0.5499065420560748,1.3477704777777646,-20.571183755836188,1.328469919554728,12.936406087341203,426,4576.304999999997,0.4507042253521127,0.5469483568075117,3.6804966063151645,-2.422194442176588,29.99753470226001,14.273908528934076,-1888,-5198.704999999958,0.028220899105155073,0.018019625553773677,-0.17099029767930607,-7.692120046142691,-1.0314613491588474,2.78780723243254,-167,-15.029999999995198,0.025746383868132938,0.02081007687496539,0.7064808294556331,1.5676620262621777,11.72169809024663,3.834372700814841
min_side_veto_gex_cp_iv_side_parity_balance_wf,tilt0.01,4563,32787.90499999997,0.44115713346482577,0.5325443786982249,1.5199907778016204,-12.879063709693497,2.3662142423692387,10.192832802488756,593,4591.334999999992,0.42495784148397975,0.5261382799325464,2.9740157768595314,-3.9898564684387656,18.27583661201338,10.439535828119235,0,144.81500000000233,0.00021915406530792492,0.0006574621959237748,0.00123000234454973,0.0,0.0062829736556633264,0.0442339475800928,0,0.0,0.0,0.0,0.0,0.0,0.0,0.0
min_side_veto_gex_cp_iv_side_parity_balance_wf,tilt0.02,4563,32939.93999999997,0.4413762875301337,0.5329826868288406,1.5267839910003536,-12.879063709693497,2.3727917978647355,10.230044428101733,593,4591.334999999993,0.42495784148397975,0.5261382799325464,2.9740157768595314,-3.9898564684387656,18.27583661201338,10.439535828119237,0,296.8500000000058,0.00043830813061584983,0.0010957703265395136,0.008023215543282891,0.0,0.012860529151160094,0.08144557319307033,0,9.094947017729282e-13,0.0,0.0,0.0,0.0,0.0,1.7763568394002505e-15
min_side_veto_gex_cp_iv_side_parity_balance_wf,tilt0.03,4563,33025.35999999997,0.4413762875301337,0.5325443786982249,1.5279241009619382,-12.879063709693497,2.3764790159398737,10.257308893510096,593,4591.334999999993,0.42495784148397975,0.5261382799325464,2.9740157768595314,-3.9898564684387656,18.27583661201338,10.439535828119237,0,382.2700000000041,0.00043830813061584983,0.0006574621959237748,0.009163325504867537,0.0,0.01654774722629826,0.10871003860143347,0,9.094947017729282e-13,0.0,0.0,0.0,0.0,0.0,1.7763568394002505e-15
min_side_veto_gex_cp_iv_side_parity_balance_wf,tilt0.05,4563,32460.99499999997,0.44115713346482577,0.5318869165023011,1.5106332218734324,-12.879063709693497,2.3520060681530817,10.074987765907036,593,4591.334999999993,0.42495784148397975,0.5261382799325464,2.9740157768595314,-3.9898564684387656,18.27583661201338,10.439535828119237,0,-182.09499999999753,0.00021915406530792492,0.0,-0.008127553583638258,0.0,-0.007925200560493728,-0.07361108900162705,0,9.094947017729282e-13,0.0,0.0,0.0,0.0,0.0,1.7763568394002505e-15
min_side_veto_gex_cp_iv_side_parity_balance_wf,tilt0.07,4563,32762.91999999997,0.44115713346482577,0.5321060705676091,1.5204386942516925,-12.879063709693497,2.3651314793850777,10.161045663254615,593,4591.334999999993,0.42495784148397975,0.5261382799325464,2.9740157768595314,-3.9898564684387656,18.27583661201338,10.439535828119237,0,119.83000000000175,0.00021915406530792492,0.00021915406530792492,0.0016779187946218688,0.0,0.005200210671502337,0.012446808345952576,0,9.094947017729282e-13,0.0,0.0,0.0,0.0,0.0,1.7763568394002505e-15
min_side_veto_gex_cp_iv_side_parity_balance_wf,tilt0.10,4563,32735.03499999997,0.4413762875301337,0.532325224632917,1.517073519578416,-12.879063709693497,2.3639224299900805,10.152838593858627,593,4469.374999999993,0.42495784148397975,0.5261382799325464,2.8846465256054685,-3.9898564684387656,17.751781188757867,10.180293843910382,0,91.94500000000335,0.00043830813061584983,0.00043830813061584983,-0.0016872558786547032,0.0,0.003991161276505117,0.004239738949964433,0,-121.95999999999913,0.0,0.0,-0.08936925125406292,0.0,-0.5240554232555112,-0.25924198420885247
min_side_veto_gex_cp_iv_side_parity_balance_wf,tilt0.15,4563,32872.97999999997,0.4420337497260574,0.5327635327635327,1.5121603227863638,-13.496759573026127,2.2614359549265886,10.193780558994597,593,4486.324999999992,0.42495784148397975,0.524451939291737,2.8939825562455073,-3.9619231797097596,17.950166549183788,10.203001366366266,0,229.88999999999942,0.001095770326539569,0.0008766162612315886,-0.006600452670706858,-0.6176958633326297,-0.09849531378698684,0.045181704085933916,0,-105.01000000000022,0.0,-0.001686340640809414,-0.08003322061402418,0.027933288729006023,-0.325670062829591,-0.236534461752969
min_side_veto_gex_cp_iv_side_parity_balance_wf,tilt0.20,4563,33270.894999999975,0.44269121192198113,0.5336401490247644,1.512090176645312,-13.503734894371643,2.2766218851338427,10.31291652933787,593,4366.899999999992,0.42495784148397975,0.524451939291737,2.825964733706652,-3.9619231797097596,17.43504727420125,9.916636577716902,0,627.8050000000076,0.0017532325224632883,0.0017532325224632883,-0.006670598811758577,-0.6246711846781459,-0.08330938357973272,0.16431767442920808,0,-224.4349999999995,0.0,-0.001686340640809414,-0.14805104315287965,0.027933288729006023,-0.8407893378121294,-0.5228992504023324
min_side_veto_gex_cp_iv_side_parity_balance_wf,tilt0.30,4563,32639.029999999973,0.4418145956607495,0.5336401490247644,1.490998914152707,-14.254919762451307,2.1319960976215553,10.116529204550915,593,4327.004999999991,0.42495784148397975,0.5261382799325464,2.736012901363385,-4.514750811533318,15.149505704934304,9.777523742724185,0,-4.059999999994034,0.0008766162612316442,0.0017532325224632883,-0.027761861304363755,-1.3758560527578094,-0.2279351710920201,-0.032069650357748,0,-264.33000000000084,0.0,0.0,-0.23800287549614652,-0.5248943430945525,-3.1263309070790744,-0.66201208539505
min_side_veto_gex_cp_iv_side_parity_balance_wf,tilt0.50,4563,34784.15499999998,0.445540214770984,0.5373657681349989,1.5239088187891516,-15.087693384964062,2.092293588478215,10.730475466470816,593,4614.229999999989,0.4300168634064081,0.5278246205733558,3.152054730006864,-3.9001198459746464,18.797206877311318,10.420300642530567,0,2141.0650000000096,0.004602235371466146,0.00547885163269779,0.005148043332080965,-2.208629675270565,-0.2676376802353606,0.5818766115621532,0,22.8949999999968,0.005059021922428353,0.001686340640809414,0.17803895314733253,0.08973662246411918,0.5213702652979393,-0.019235185588668102
min_side_veto_gex_cp_iv_side_parity_balance_wf,tilt0.75,4563,32883.90999999999,0.4451019066403682,0.5369274600043831,1.4469615703722338,-16.054662270115934,1.9015127994265386,10.102127181902162,593,4394.524999999989,0.4266441821247892,0.524451939291737,2.837929892423248,-4.482233160822581,15.516312048947329,9.888850359333707,0,240.82000000002154,0.004163927240850351,0.00504054350208194,-0.07179920508483684,-3.1755985604224364,-0.4584184692870368,-0.04647167300650068,0,-196.81000000000313,0.0016863406408094694,-0.001686340640809414,-0.13608588443628333,-0.4923766923838153,-2.7595245630660497,-0.5506854687855274
min_side_veto_gex_cp_iv_side_parity_balance_wf,tilt1.00,4563,33767.38499999998,0.44663598509752356,0.5362699978084593,1.4733327683502382,-17.377824160265273,1.7848110888077018,10.362648037456456,593,4399.174999999992,0.4266441821247892,0.524451939291737,2.9914885128502,-4.768402213020573,14.601771376696481,9.864262474465809,0,1124.2950000000128,0.005698005698005715,0.004383081306158165,-0.04542800710683248,-4.498760450571776,-0.5751201799058736,0.21404918254779304,0,-192.15999999999985,0.0016863406408094694,-0.001686340640809414,0.017472735990668564,-0.7785457445818071,-3.674065235316897,-0.5752733536534258
