col,rule,is_n,is_pnl,is_fw,is_prof,is_loss,is_yld,is_sh,is_dd,is_calmar,is_cagr,oot_n,oot_pnl,oot_fw,oot_prof,oot_loss,oot_yld,oot_sh,oot_dd,oot_calmar,oot_cagr,d_is_n,d_is_pnl,d_is_fw,d_is_prof,d_is_loss,d_is_yld,d_is_sh,d_is_dd,d_is_calmar,d_is_cagr,d_oot_n,d_oot_pnl,d_oot_fw,d_oot_prof,d_oot_loss,d_oot_yld,d_oot_sh,d_oot_dd,d_oot_calmar,d_oot_cagr
veto_gex_skewterm,veto0.030,4499,33008.564999999966,0.4427650589019782,0.5318959768837519,0.3951989330962436,10.042761020758833,1.4999328871467883,-15.227692764770214,2.009332227332489,30.597493820170563,591,4693.9899999999925,0.4263959390862944,0.5296108291032149,0.37225042301184436,10.541211756867112,2.970796622317333,-3.915210393170079,19.075348522646266,74.68400278920618,-64,365.47499999999854,0.0018270795024603603,9.060381450765043e-06,0.0026940021297741645,-0.10583783414982939,-0.01882788831028237,-2.3486290550767173,-0.35059904138108644,0.20378865991062156,-2,102.65500000000065,0.0014380976023146697,0.0034725491706685263,-0.0038035398886615557,0.10167592874787701,-0.0032191545421982326,0.07464607526868683,0.7995119106328872,1.7660378666345906
veto_gex_skewterm,veto0.035,4490,33183.61499999996,0.44387527839643653,0.532739420935412,0.39532293986636974,10.077996348141706,1.4950557250852696,-15.270015830312744,2.0101224004403484,30.69460087559037,591,4710.729999999992,0.4263959390862944,0.5296108291032149,0.37225042301184436,10.582782840576309,2.9803608624264455,-3.915210393170079,19.149039542213497,74.97251863489909,-73,540.5249999999942,0.0029372989969186913,0.0008525044331109122,0.002818008899900304,-0.07060250676695645,-0.02370505037180104,-2.3909521206192466,-0.349808868273227,0.30089571533043014,-2,119.39500000000044,0.0014380976023146697,0.0034725491706685263,-0.0038035398886615557,0.14324701245707416,0.006345085566914044,0.07464607526868683,0.8732029302001187,2.054553712327504
veto_gex_skewterm,veto0.040,4486,32906.31999999996,0.44337940258582254,0.5320998662505573,0.3958983504235399,9.970325344980465,1.4750481105097948,-15.534584603118251,1.965976293024837,30.54062505171913,591,4780.2399999999925,0.428087986463621,0.5313028764805414,0.37055837563451777,10.731588168367004,3.048600742203233,-3.915210393170079,19.455431917461187,76.1721092468569,-77,263.2299999999959,0.002441423186304692,0.00021294974825614155,0.0033934194570704457,-0.17827350992819824,-0.04371266494727588,-2.655520893424754,-0.3939549756887384,0.14691989145918782,-2,188.90500000000065,0.0031301449796412584,0.0051645965479950595,-0.005495587265988144,0.2920523402477695,0.07458496534370163,0.07464607526868683,1.1795953054478083,3.2541443242853205
veto_gex_skewterm,veto0.045,4477,32446.779999999966,0.44248380612016974,0.5320527138708957,0.3962474871565781,9.803327250135212,1.4606809905324025,-15.579776317117163,1.9437797084425448,30.283653067286064,589,4726.769999999991,0.4295415959252971,0.533106960950764,0.37181663837011886,10.628951055649866,3.0018504154888173,-3.9104556350362487,19.243053848338977,75.24910835654313,-86,-196.3100000000013,0.0015458267206518994,0.00016579736859456684,0.003742556190108659,-0.3452716047734512,-0.05807978492466814,-2.7007126074236663,-0.4161515602710306,-0.11005209297387708,-4,135.4349999999995,0.004583754441317367,0.006968681018217682,-0.004237324530387054,0.18941522753063111,0.027834638629285813,0.07940083340251691,0.9672172363255989,2.3311434339715476
veto_gex_skewterm,veto0.050,4473,32473.21499999997,0.4422088084059915,0.5325285043594903,0.39593114241001565,9.793123483282956,1.4608386994175875,-15.26233835117427,1.9851805223507957,30.29849682027872,587,4935.084999999992,0.43100511073253833,0.534923339011925,0.3696763202725724,11.150476649247953,3.0836310093463166,-3.9104556350362487,20.16478833058528,78.8535101566504,-90,-169.87499999999636,0.0012708290064736838,0.000641587857189152,0.003426211443546212,-0.3554753716257064,-0.057922076039483184,-2.3832746414807726,-0.3747507463627797,-0.09520833998121958,-6,343.75,0.006047269248558584,0.008785059079378654,-0.0063776426279335,0.7109408211287178,0.10961523248678517,0.07940083340251691,1.888951718571903,5.935545234078816
veto_gex_skewterm,veto0.055,4470,32791.41999999997,0.44272930648769576,0.5331096196868009,0.39552572706935124,9.844541339143682,1.4748922555526123,-15.537038807653628,1.961544002179787,30.47658528478756,586,5051.674999999992,0.431740614334471,0.5341296928327645,0.36860068259385664,11.427153767991216,3.135325131002584,-3.911566521859576,20.67732438328317,80.88072981928116,-93,148.33000000000175,0.0017913270881779186,0.001222703184499796,0.0030207961028818064,-0.3040575157649812,-0.04386851990445839,-2.657975097960131,-0.3983872665337884,0.08288012452761961,-7,460.34000000000015,0.0067827728504912255,0.007991412900218098,-0.007453280306649268,0.9876179398719813,0.16130935414305236,0.07828994657918953,2.4014877712697924,7.962764896709572
veto_gex_skewterm,veto0.060,4468,32923.61999999997,0.4431512981199642,0.5333482542524619,0.39547896150402867,9.865273223189813,1.484025147618856,-15.401334404541025,1.9836109198426886,30.55025510499647,585,5008.454999999992,0.4324786324786325,0.5333333333333333,0.36923076923076925,11.362533996027086,3.094180838506998,-3.911566521859576,20.48499274032687,80.12841180359904,-95,280.5300000000061,0.0022133187204463334,0.0014613377501607738,0.0029740305375592357,-0.2833256317188493,-0.03473562783821471,-2.5222706948475277,-0.37632034887088683,0.15654994473652906,-8,417.1199999999999,0.0075207909946527485,0.007195053400786966,-0.00682319366973666,0.9229981679078509,0.12016506164746676,0.07828994657918953,2.2091561283134915,7.210446881027451
veto_gex_skewterm,veto0.065,4465,32601.49999999997,0.4430011198208287,0.5332586786114222,0.39529675251959684,9.754932948843077,1.4690233182937178,-16.28917899154581,1.864453959368335,30.370424265647088,585,5177.654999999992,0.4324786324786325,0.5333333333333333,0.36923076923076925,11.738190973913074,3.1294503239680096,-3.911566521859576,21.239358667148963,83.07916430818791,-98,-41.58999999999651,0.0020631404213108384,0.0013717621091210441,0.002791821553127405,-0.3936659060655856,-0.04973745716335287,-3.4101152818523133,-0.4954773093452405,-0.023280894612852876,-8,586.3199999999997,0.0075207909946527485,0.007195053400786966,-0.00682319366973666,1.2986551457938393,0.15543454710847815,0.07828994657918953,2.9635220551355843,10.161199385616328
veto_gex_skewterm,veto0.070,4457,33034.98499999997,0.44402064168723354,0.5344402064168723,0.39398698676239624,9.872791113282544,1.4906075947170503,-16.095138411236416,1.9019513785842785,30.612170689755878,585,5194.58499999999,0.4324786324786325,0.5333333333333333,0.36752136752136755,11.754170008971874,3.1361088394501,-3.911566521859576,21.31504875061539,83.37523110471194,-106,391.8950000000041,0.0030826622877156984,0.002553289914571155,0.0014820557959268066,-0.2758077416261191,-0.028153180740020378,-3.2160747015429187,-0.45797989012929685,0.218465529495937,-8,603.2499999999982,0.0075207909946527485,0.007195053400786966,-0.008532595379138364,1.3146341808526394,0.16209306259056877,0.07828994657918953,3.039212138602011,10.457266182140359
veto_gex_skewterm,veto0.075,4448,33890.11499999997,0.4453687050359712,0.5368705035971223,0.3918615107913669,10.119240013913078,1.5077096108623007,-16.413582269935024,1.893753877224551,31.0832850628336,585,5194.58499999999,0.4324786324786325,0.5333333333333333,0.36752136752136755,11.754170008971874,3.1361088394501,-3.911566521859576,21.31504875061539,83.37523110471194,-115,1247.0250000000015,0.004430725636453359,0.0049835870948211625,-0.0006434201751025492,-0.0293588409955845,-0.011051164594769958,-3.5345185602415263,-0.4661773914890244,0.6895799025736586,-8,603.2499999999982,0.0075207909946527485,0.007195053400786966,-0.008532595379138364,1.3146341808526394,0.16209306259056877,0.07828994657918953,3.039212138602011,10.457266182140359
veto_gex_skewterm,veto0.080,4441,33436.08499999997,0.4449448322449899,0.536590857914884,0.39270434586804776,9.971549425012018,1.4933092970425499,-17.81487343564809,1.7308060630754603,30.834090955341665,583,4960.594999999991,0.4288164665523156,0.5300171526586621,0.3704974271012007,11.240832229401473,2.9936464381003574,-3.928496007579601,20.18494147519554,79.29646199853357,-122,792.9950000000026,0.004006852845472031,0.0047039414125829015,0.00019941490157832087,-0.17704942989664474,-0.02545147841452078,-4.935809725954591,-0.6291252056381151,0.44038579508172404,-10,369.2599999999993,0.0038586250683358414,0.0038788727261157563,-0.005556535799305207,0.8012964012822383,0.01963066124082591,0.06136046085916469,1.9091048631821614,6.378497075961988
veto_gex_skewterm,veto0.085,4433,32897.48999999997,0.44394315362057296,0.535077825400406,0.39431536205729756,9.79695118250479,1.47591522698507,-17.831801238665037,1.7124298435381784,30.535708605131063,583,4992.974999999991,0.4288164665523156,0.5300171526586621,0.3704974271012007,11.284130541297438,2.941156027611409,-4.605896536165769,17.338468608164497,79.85919250476378,-130,254.40000000000146,0.003005174221055118,0.003190908898104916,0.001810431090828124,-0.35164767240387285,-0.04284554847200073,-4.952737528971539,-0.647501425175397,0.14200344487112204,-10,401.6399999999994,0.0038586250683358414,0.0038788727261157563,-0.005556535799305207,0.8445947131782034,-0.032859749248122405,-0.6160400677270035,-0.9373680038488814,6.941227582192198
veto_gex_skewterm,veto0.090,4415,33372.134999999966,0.4450736126840317,0.5359003397508494,0.3927519818799547,9.947377655082414,1.4903819696876477,-16.885775983967672,1.8239506007197757,30.7988212495774,583,4723.76499999999,0.42538593481989706,0.5265866209262435,0.37221269296740994,10.634806138146319,2.895206004782728,-4.605896536165769,16.326306939755785,75.19728058220032,-148,729.0449999999983,0.004135633284513884,0.0040134232485482535,0.0002470509134852583,-0.2012211998262483,-0.028378805769422977,-4.006712274274175,-0.5359806679937997,0.4051160893174597,-10,132.42999999999847,0.00042809333591731225,0.0004483409936971716,-0.00384126993309597,0.19527031002708384,-0.07880977207680351,-0.6160400677270035,-1.9495296722575937,2.279315659628736
veto_gex_skewterm,veto0.095,4407,33657.619999999966,0.4456546403449058,0.5366462446108464,0.39187656001815296,10.032855902352116,1.4938326568282156,-16.76778603862085,1.8461557622132734,30.955944814759164,581,5062.364999999991,0.43029259896729777,0.5301204819277109,0.3717728055077453,11.388828459309677,3.059442121732041,-4.80057837996952,16.886914669040635,81.06695746458661,-156,1014.5299999999988,0.004716660945387974,0.004759328108545291,-0.0006283709483164701,-0.11574295255654654,-0.024928118628855023,-3.8887223289273543,-0.513775506500302,0.5622396544992228,-12,471.02999999999884,0.00533475748331802,0.003982201995164525,-0.004281157392760637,0.9492926311904419,0.08542634487250966,-0.810721911530754,-1.3889219429727433,8.148992542015023
veto_gex_skewterm,veto0.100,4396,33810.97499999997,0.4463148316651501,0.5377616014558689,0.39103730664240216,10.076676198253907,1.499186911319129,-17.15683755627976,1.8091912949277313,31.040001155310513,581,5062.364999999991,0.43029259896729777,0.5301204819277109,0.3717728055077453,11.388828459309677,3.059442121732041,-4.80057837996952,16.886914669040635,81.06695746458661,-167,1167.885000000002,0.0053768522656322815,0.005874684953567799,-0.0014676243240672737,-0.07192265665475617,-0.01957386413794171,-4.277773846586264,-0.550739973785844,0.646295995050572,-12,471.02999999999884,0.00533475748331802,0.003982201995164525,-0.004281157392760637,0.9492926311904419,0.08542634487250966,-0.810721911530754,-1.3889219429727433,8.148992542015023
veto_gex_skewterm,veto0.105,4386,33822.50999999998,0.4464204286365709,0.5376196990424077,0.3912448700410397,10.063653987383809,1.5021434611426905,-16.84774323175441,1.8427580193543076,31.0463139483377,581,5062.364999999991,0.43029259896729777,0.5301204819277109,0.3717728055077453,11.388828459309677,3.059442121732041,-4.80057837996952,16.886914669040635,81.06695746458661,-177,1179.4200000000128,0.005482449237053044,0.005732782540106562,-0.0012600609254297401,-0.08494486752485386,-0.016617314314380183,-3.9686795220609135,-0.5171732493592678,0.6526087880777602,-12,471.02999999999884,0.00533475748331802,0.003982201995164525,-0.004281157392760637,0.9492926311904419,0.08542634487250966,-0.810721911530754,-1.3889219429727433,8.148992542015023
veto_gex_skewterm,veto0.110,4376,33798.30999999997,0.4462979890310786,0.5374771480804388,0.3914533820840951,10.04359793217533,1.488998864889519,-16.937565656942656,1.8322035768448732,31.033068379695216,581,5167.68499999999,0.43029259896729777,0.5301204819277109,0.3717728055077453,11.601056909930286,3.120353100053861,-3.9358001518206294,21.06430157345318,82.90488133079255,-187,1155.2200000000012,0.005360009631560747,0.00559023157813765,-0.0010515488823743535,-0.10500092273333195,-0.02976191056755173,-4.058501947249159,-0.5277276918687022,0.6393632194352747,-12,576.3499999999985,0.00533475748331802,0.003982201995164525,-0.004281157392760637,1.1615210818110508,0.14633732319432946,0.05405631661813626,2.7884649614398,9.986916408220964
veto_gex_skewterm,veto0.115,4367,33604.64499999998,0.44653079917563543,0.5376688802381497,0.3915731623540188,9.988713719192157,1.4810090795228537,-17.15581009774895,1.802704280848757,30.926852304640363,580,5072.38499999999,0.42931034482758623,0.5293103448275862,0.3724137931034483,11.387984926433836,3.0408565330975064,-5.229672390372799,15.53473355359337,81.24156715702514,-196,961.5550000000148,0.005592819776117586,0.005781963735848605,-0.0009317686124506452,-0.15988513571650564,-0.03775169593421701,-4.276746388055454,-0.5572269878648184,0.5331471443804219,-13,481.04999999999836,0.004352503343606484,0.00317206489503985,-0.003640169797057613,0.948449098314601,0.06684075623797492,-1.2398159219340332,-2.741103058420009,8.32360223445356
veto_gex_skewterm,veto0.120,4357,33802.099999999984,0.4459490475097544,0.5375258205187056,0.3920128528804223,10.039063191442064,1.4816662957559104,-16.692579420984696,1.859217943561861,31.035143183826207,579,4929.984999999991,0.4283246977547496,0.5284974093264249,0.37305699481865284,11.057434914013022,2.933779801592486,-5.290514231185893,14.88796586329097,78.76499527315065,-206,1159.0100000000166,0.0050110681102365495,0.0056389040164044335,-0.0004920780860471208,-0.10953566346659827,-0.03709447970116031,-3.813515711291199,-0.5007133251517144,0.6414380235662662,-14,338.6499999999987,0.0033668562707698246,0.0023591293938785007,-0.0029969680818530686,0.6178990858937876,-0.040235975267045365,-1.300657762747127,-3.387870748722408,5.847030350579061
veto_gex_skewterm,veto0.125,4348,33916.97499999998,0.44641214351425945,0.5379484820607175,0.39190432382704693,10.058107059119656,1.487774135594944,-16.180604891911134,1.9219282141851988,31.097961064347057,578,4914.214999999989,0.4290657439446367,0.5294117647058824,0.3754325259515571,10.964256837077444,2.9649187435543736,-6.056118879975941,12.960673477400753,78.49137934369013,-215,1273.8850000000093,0.005474164114741609,0.006061565558416415,-0.0006006071394225043,-0.09049179578900635,-0.030986639862126575,-3.301541182217637,-0.4380030545283766,0.7042559040871161,-15,322.8799999999974,0.004107902460656954,0.0032734847733359995,-0.0006214369489488392,0.5247210089582097,-0.009097033305157876,-2.066262411537175,-5.315163134612625,5.573414421118542
veto_gex_skewterm,veto0.130,4336,33693.18999999999,0.4460332103321033,0.5375922509225092,0.3922970479704797,9.99485917155831,1.4798297786229746,-16.082188762024003,1.9260725777939962,30.975462765441208,576,4787.98499999999,0.4288194444444444,0.5295138888888888,0.375,10.711579526680014,2.834556932836406,-6.503360702213433,11.733307097448026,76.30592828454546,-227,1050.1000000000204,0.0050952309325854594,0.005705334420208041,-0.0002078829959897277,-0.15373968335035215,-0.038930996834096065,-3.203125052330506,-0.4338586909195792,0.5817576051812665,-17,196.64999999999782,0.0038616029604646718,0.0033756089563424796,-0.0010539629005059115,0.27204369856077903,-0.13945884402312547,-2.5135042337746674,-6.542529514565352,3.387963361973874
veto_gex_skewterm,veto0.135,4328,33862.27999999998,0.4461645101663586,0.5378927911275416,0.39186691312384475,10.028764564274478,1.4774907078418487,-16.648498476867807,1.8661183548242388,31.068068587946396,576,4730.804999999989,0.4288194444444444,0.5277777777777778,0.375,10.606249134045084,2.791566698910646,-6.97357530444091,10.80058720430462,75.31870820139919,-235,1219.1900000000096,0.0052265307668407646,0.006005874625240493,-0.000638017842624683,-0.11983429063418427,-0.041270067615222006,-3.7694347671743103,-0.49381291388933657,0.6743634276864547,-17,139.46999999999753,0.0038616029604646718,0.0016394978452314302,-0.0010539629005059115,0.16671330592584965,-0.18244907794888565,-2.9837188360021445,-7.475249407708759,2.400743278827605
veto_gex_skewterm,veto0.140,4322,34563.02999999998,0.44632114761684405,0.5381767700138824,0.3919481721425266,10.238698656990675,1.4960743897232638,-16.334520806804996,1.9252947989714164,31.448767953032043,575,4739.11499999999,0.4295652173913043,0.528695652173913,0.37565217391304345,10.656658180973478,2.872105430905655,-6.968813058732969,10.828540529822273,75.46207465124468,-241,1919.9400000000096,0.005383168217326206,0.006289853511581289,-0.0005567588239428489,0.09009980208201185,-0.02268638573380688,-3.4554570971114984,-0.43463646974215897,1.0550627927721017,-18,147.77999999999793,0.0046073759073245735,0.002557372241366651,-0.00040178898746245917,0.21712235285424342,-0.10191034595387638,-2.978956590294203,-7.447296082191105,2.5441097286730923
veto_gex_skewterm,veto0.145,4311,34591.69999999998,0.44630016237531894,0.5379262352122477,0.3917884481558803,10.23793611457069,1.4887781353643206,-16.512730665955726,1.9054534242667198,31.464239191439415,573,5137.464999999991,0.4328097731239092,0.5340314136125655,0.3717277486910995,11.508975269703871,2.990538094242678,-5.783741762759466,14.242843354328595,82.37692792887141,-252,1948.6100000000151,0.0053621829758011,0.006039318709946562,-0.0007164828105891141,0.08933725966202744,-0.02998264009275009,-3.6336669562622284,-0.4544778444468556,1.0705340311794735,-20,546.1299999999992,0.007851931639929477,0.007893133680019093,-0.0043262142094064315,1.0694394415846364,0.01652231738314658,-1.7938852943207007,-4.032993257684783,9.458963006299825
veto_gex_skewterm,veto0.150,4299,34761.65999999998,0.4459176552686671,0.5377994882530821,0.39148639218422887,10.285777995989976,1.4916672433947953,-16.53504312950179,1.9084188777855546,31.555788453339552,573,5459.474999999991,0.43455497382198954,0.5357766143106457,0.3699825479930192,12.15465006825958,3.198019385851713,-4.952110962002446,17.775611739803743,88.0268017529815,-264,2118.5700000000143,0.004979675869149269,0.0059125717507809705,-0.0010185387822405634,0.13717914108131346,-0.027093532062275383,-3.6559794198082933,-0.45151239092802076,1.1620832930796112,-20,868.1399999999994,0.009597132338009795,0.009638334378099356,-0.006071414907486694,1.7151142401403447,0.22400360899218175,-0.9622544935636803,-0.5002248722096354,15.108836830409913
veto_gex_skewterm,veto0.155,4290,34681.514999999985,0.4456876456876457,0.5375291375291376,0.3911421911421911,10.263080261505351,1.4930641314048072,-16.04340037406325,1.9642128800356833,31.512653654304334,572,4859.754999999992,0.42832167832167833,0.5297202797202797,0.3758741258741259,10.807193506105909,2.829952917564952,-5.0600179776797205,15.325533729531669,77.54747618896718,-273,2038.4250000000175,0.004749666288127841,0.005642221026836425,-0.001362739824278314,0.11448140659668837,-0.025696644052263462,-3.1643366643697526,-0.3957183886778921,1.1189484940443926,-21,268.4200000000001,0.003363836837698586,0.0035819997877333254,-0.0001798370263800253,0.36765767798667426,-0.1440628592945794,-1.0701615092409549,-2.9503028824817097,4.629511266395596
veto_gex_skewterm,veto0.160,4277,34768.694999999985,0.4461070844049567,0.5382277297170914,0.39069441197100774,10.28486567955267,1.4930543859670624,-16.058294376978928,1.965312816101351,31.55957174380495,572,4909.814999999991,0.42832167832167833,0.5297202797202797,0.3758741258741259,10.894305281030395,2.8970800401182992,-5.039751720761046,15.559310276606535,78.41506074038283,-286,2125.6050000000178,0.005169105005438879,0.006340813214790297,-0.0018105189954616963,0.1362668246440073,-0.025706389490008252,-3.179230667285431,-0.3946184526122245,1.1658665835450073,-21,318.47999999999956,0.003363836837698586,0.0035819997877333254,-0.0001798370263800253,0.4547694529111599,-0.07693573674123222,-1.0498952523222806,-2.7165263354068436,5.497095817811243
veto_gex_skewterm,veto0.165,4268,34610.11499999999,0.44611059044048734,0.5384254920337395,0.39058106841611995,10.241158811231774,1.4856488613940362,-16.79748018936304,1.8737436726774388,31.474172221743622,571,4812.3649999999925,0.4290718038528897,0.5306479859894921,0.37478108581436076,10.725971978629012,2.7930901836980504,-5.406162296165469,14.192576960573344,76.72737444967832,-295,1967.0250000000233,0.005172611040969499,0.006538575531438329,-0.0019238625503494866,0.09255995632311098,-0.03311191406303449,-3.918416479669542,-0.4861875960361366,1.0804670614836809,-22,221.03000000000065,0.004113962368909929,0.004509706056945784,-0.0012728770861451522,0.2864361505097772,-0.18092559316148105,-1.4163058277267035,-4.083259651440034,3.8094095271067374
veto_gex_skewterm,veto0.170,4255,35239.96999999999,0.4474735605170388,0.5400705052878966,0.3898942420681551,10.440379368868454,1.5081843724279795,-16.74202086336153,1.9001239839673822,31.811915382555544,569,4990.464999999991,0.4305799648506151,0.5325131810193322,0.37258347978910367,11.166607034933435,2.8851131582995433,-5.385148307603128,14.821421291930232,79.81555178651105,-308,2596.880000000019,0.00653558111752095,0.008183588785595441,-0.0026106888983143395,0.2917805139597913,-0.01057640302909113,-3.8629571536680345,-0.45980728474619315,1.4182102222956026,-24,399.1299999999992,0.005622123366635368,0.006374901086785845,-0.003470483111402245,0.7270712068142,-0.08890261855998816,-1.3952918391643623,-3.4544153200831467,6.897586863939466
veto_gex_skewterm,veto0.175,4248,35323.044999999984,0.4463276836158192,0.5393126177024482,0.3910075329566855,10.45498622558873,1.5089908951722892,-17.092703600473463,1.8637294405351996,31.8561749185444,569,5077.964999999991,0.4305799648506151,0.5325131810193322,0.37258347978910367,11.346527989896629,2.9409358877437346,-5.385148307603128,15.104287359013894,81.33882750894499,-315,2679.9550000000163,0.005389704216301361,0.007425701200147072,-0.0014973980097839346,0.30638737068006705,-0.00976988028478143,-4.213639890779966,-0.49620182817837577,1.4624697582844597,-24,486.6299999999992,0.005622123366635368,0.006374901086785845,-0.003470483111402245,0.906992161777394,-0.033079889115796846,-1.3952918391643623,-3.171549252999485,8.420862586373403
veto_gex_skewterm,veto0.180,4236,35580.61999999998,0.4468838526912181,0.5396600566572238,0.3902266288951841,10.550170226016997,1.5165105591563148,-16.679791046568745,1.918068517304717,31.992982081644605,567,4953.284999999992,0.42857142857142855,0.5308641975308642,0.37389770723104054,11.085948646788587,2.894796583275159,-5.291574296684021,14.9614260489714,79.16949752247584,-327,2937.5300000000134,0.0059458732917002655,0.0077731401549226975,-0.002278302071285321,0.40157137110833396,-0.0022502163007558362,-3.800727336875248,-0.44186275140885845,1.5992769213846643,-26,361.9499999999998,0.0036135870874487996,0.004725917598317864,-0.002156255669465368,0.6464128186693525,-0.07921919358437224,-1.3017178282452555,-3.314410563041978,6.251532599904252
veto_gex_skewterm,veto0.185,4223,35773.46999999999,0.4468387402320625,0.539426947667535,0.3914278948614729,10.613523497832919,1.5273713579119337,-16.322024925211863,1.966361328925757,32.09499862269893,567,4835.379999999992,0.42680776014109345,0.5308641975308642,0.37389770723104054,10.809233914676113,2.8222830351810226,-6.291031183198922,12.259597573140013,77.12551062609366,-340,3130.380000000019,0.005900760832544649,0.007540031165233829,-0.0010770361049965427,0.46492464292425595,0.008610582454863014,-3.442961215518366,-0.3935699397878183,1.70129346243899,-26,244.04500000000007,0.0018499186571137027,0.004725917598317864,-0.002156255669465368,0.36969808655687864,-0.1517327416785088,-2.3011747147601564,-6.0162390388733655,4.207545703522072
veto_gex_skewterm,veto0.190,4214,35646.97999999999,0.44565733270052205,0.5389178927384908,0.3917892738490745,10.593064553571926,1.5211063761328287,-17.114232951615758,1.8714321557743487,32.02812586706667,566,4956.699999999992,0.4275618374558304,0.5318021201413428,0.37279151943462896,11.073017308417032,2.848557456492981,-6.230525273097026,12.716232476815705,79.22880782537744,-349,3003.8900000000212,0.004719353301004203,0.0070309762361896455,-0.0007156571173949078,0.44446569866326335,0.002345600675758064,-4.235169241922261,-0.48849911293922665,1.6344207068067291,-27,365.3649999999998,0.0026039959718506256,0.0056638402087964,-0.003262443465876952,0.6334814802977977,-0.12545832036655025,-2.2406688046582603,-5.559604135197674,6.3108429028058595
veto_gex_skewterm,veto0.195,4198,36756.80999999998,0.4480705097665555,0.5407336827060505,0.39113863744640304,10.930152878412365,1.5453184435266818,-16.394816870579593,1.9890301509929418,32.60978507559056,566,5063.6499999999905,0.4275618374558304,0.5318021201413428,0.37279151943462896,11.301069792500318,2.9005225121670573,-5.620258329603518,14.42804624845959,81.0893471078098,-365,4113.720000000016,0.007132530367037648,0.008846766203749357,-0.0013662935200663973,0.781554023503702,0.02655766806961113,-3.5157531608860957,-0.3709011177206336,2.216079915330617,-27,472.3149999999987,0.0026039959718506256,0.0056638402087964,-0.003262443465876952,0.8615339643810831,-0.07349326469247419,-1.630401861164752,-3.847790363553788,8.171382185238215
veto_gex_skewterm,veto0.200,4188,36276.94499999999,0.4479465138490926,0.5408309455587392,0.39135625596943646,10.769961532145949,1.5334513384671513,-16.201494841564106,1.9973273329252725,32.35968848130379,565,4947.439999999992,0.4265486725663717,0.5292035398230088,0.3734513274336283,11.07238371897847,2.8161649995426803,-5.6723851025367775,13.939109683833154,79.06799811320131,-375,3633.855000000025,0.007008534449574777,0.008944029056438096,-0.0011486749970329724,0.6213626772372862,0.014690563010080648,-3.3224311318706086,-0.36260393578830286,1.9659833210438507,-28,356.1050000000005,0.0015908310823919414,0.0030652598904624684,-0.002602635466877612,0.6328478908592352,-0.15785077731685115,-1.682528634098012,-4.336726928180225,6.150033190629728
veto_gex_skewterm,veto0.205,4174,36248.75499999999,0.4484906564446574,0.5409678965021562,0.3914710110206037,10.7762277941511,1.5288551804199755,-16.239622624487545,1.991729201545288,32.34493060326737,564,5328.419999999993,0.42907801418439717,0.5319148936170213,0.37056737588652483,11.959727982525076,3.0721686249035076,-5.504998594181688,15.57146808012294,85.72090989042182,-389,3605.6650000000227,0.007552677045139566,0.009080979999855021,-0.0010339199458657133,0.6276289392424381,0.010094404962904813,-3.360558914794048,-0.3682020671682873,1.9512254430074307,-29,737.085000000001,0.004120172700417424,0.005776613684474907,-0.005486587013981081,1.5201921544058408,0.09815284804397617,-1.5151421257429227,-2.704368531890438,12.802944967850237
veto_gex_skewterm,veto0.210,4164,36514.42499999999,0.44860710854947167,0.5413064361191162,0.3904899135446686,10.845395480165577,1.5304085701640597,-16.522601046210216,1.966017454291741,32.48372204714827,563,5268.199999999992,0.4280639431616341,0.5310834813499112,0.37122557726465366,11.834784769201235,3.0487571351147924,-5.504998594181688,15.37953368777562,84.66431133037472,-399,3871.335000000021,0.007669129149953824,0.009419519616815086,-0.0020150174218008243,0.6967966252569138,0.011647794706989067,-3.6435373365167187,-0.3939138144218344,2.0900168868883284,-30,676.8649999999998,0.0031061016776543493,0.004945201417364875,-0.00482838563585225,1.3952489410820004,0.07474135825526096,-1.5151421257429227,-2.8963029242377587,11.74634640780313
veto_gex_skewterm,veto0.215,4151,35978.97499999999,0.44832570464948207,0.5405926282823416,0.3912310286677909,10.695805133169538,1.5200084490717527,-16.596064105150983,1.9404193445802607,32.20332383352906,562,5136.279999999994,0.42704626334519574,0.5284697508896797,0.3718861209964413,11.561081883606317,2.9398888118106843,-6.21246316260676,13.256615463842303,82.35623522996343,-412,3335.885000000024,0.007387725249964228,0.008705711780040426,-0.0012739022986785198,0.5472062782608749,0.0012476736146820322,-3.717000395457486,-0.41951192413331473,1.8096186732691208,-31,544.9450000000024,0.0020884218612159944,0.0023314709571333747,-0.004167841904064606,1.121546055487082,-0.03412696504884716,-2.222606694167994,-5.019221148171075,9.438270307391846
veto_gex_skewterm,veto0.220,4139,35686.39999999999,0.4484174921478618,0.5399855037448659,0.3913988886204397,10.60674691633229,1.5055697102553214,-17.302816082733866,1.8522408438147662,32.04898266145469,561,5134.0399999999945,0.42780748663101603,0.5276292335115864,0.37254901960784315,11.566172340933127,2.9387010943970804,-6.21246316260676,13.2503195192439,82.31712190607203,-424,3043.3100000000195,0.007479512748343964,0.008098587242564736,-0.0011060423460297342,0.45814806142362663,-0.013191065201749286,-4.423752373040369,-0.5076904248988092,1.655277501194746,-32,542.7050000000027,0.002849645147036284,0.0014909535790400552,-0.0035049432926627655,1.1266365128138922,-0.035314682462451064,-2.222606694167994,-5.025517092769478,9.399156983500447
veto_gex_skewterm,veto0.225,4121,35718.63499999999,0.44867750545983986,0.5399174957534579,0.3911671924290221,10.630016528343198,1.4984552909123687,-17.18394000707317,1.8660462614692173,32.0660270075102,561,5134.0399999999945,0.42780748663101603,0.5276292335115864,0.37254901960784315,11.566172340933127,2.9387010943970804,-6.21246316260676,13.2503195192439,82.31712190607203,-442,3075.54500000002,0.007739526060322022,0.0080305792511568,-0.0013377385374473416,0.48141767343453523,-0.020305484544701935,-4.304876297379671,-0.49388500724435813,1.6723218472502595,-32,542.7050000000027,0.002849645147036284,0.0014909535790400552,-0.0035049432926627655,1.1266365128138922,-0.035314682462451064,-2.222606694167994,-5.025517092769478,9.399156983500447
veto_gex_skewterm,veto0.230,4116,35738.82999999998,0.44825072886297374,0.5396015549076774,0.390913508260447,10.638277668970487,1.4953107348056918,-18.1807174020471,1.7643253266031993,32.07670016824722,561,5196.699999999993,0.42780748663101603,0.5258467023172906,0.37433155080213903,11.739540204542278,3.0177637732967755,-6.052652288434905,13.781103562732426,83.41222801613084,-447,3095.7400000000125,0.007312749463455892,0.0077146384053762285,-0.0015914227060224162,0.4896788140618238,-0.0234500406513789,-5.301653692353604,-0.5956059421103761,1.6829950079872802,-32,605.3650000000016,0.002849645147036284,-0.0002915776152557781,-0.0017224120983668767,1.3000043764230433,0.04374799643724403,-2.06279581999614,-4.494733049280953,10.494263093559255
veto_gex_skewterm,veto0.235,4106,35558.64499999998,0.448368241597662,0.5396980029225523,0.3908913784705309,10.588058019885636,1.4773951385120205,-20.215297643646892,1.5820363186226643,31.981335064016548,560,5211.184999999995,0.4303571428571429,0.5267857142857143,0.375,11.765986870699521,3.014215327419228,-6.069407093585676,13.784817800158796,83.66567094006989,-457,2915.555000000015,0.007430262198144133,0.00781108642025119,-0.0016135524959385306,0.4394591649769737,-0.04136563694505013,-7.336233933953395,-0.7778949500909111,1.587629903756607,-33,619.8500000000031,0.0053993013731631345,0.0006474343531679416,-0.0010539629005059115,1.3264510425802865,0.04019955055969637,-2.0795506251469105,-4.491018811854582,10.747706017498302
veto_gex_skewterm,veto0.240,4097,36287.53999999998,0.45057359043202344,0.5406394923114474,0.3902855748108372,10.811704807995204,1.487336941504039,-20.435853012535517,1.5837476028144752,32.3652332200721,559,4952.514999999995,0.4275491949910555,0.5241502683363148,0.3774597495527728,11.204729297727464,2.8248758040144275,-5.988273327466849,13.218522434481587,79.15612532292823,-466,3644.4500000000116,0.009635611032505598,0.008752575809146235,-0.002219356155632235,0.6631059530865411,-0.03142383395303172,-7.55678930284202,-0.7761836658991002,1.971528059812158,-34,361.180000000003,0.002591353507075733,-0.0019880115962315204,0.0014057866522668716,0.7651934696082296,-0.14913997284510394,-1.998416859028083,-5.057314177531792,6.238160400356648
veto_gex_skewterm,veto0.245,4077,35817.669999999984,0.4503311258278146,0.5405935737061565,0.39023792003924457,10.700432481540027,1.4759088226124144,-21.521027536208212,1.4924162258272364,32.118330691511886,558,4892.609999999997,0.42473118279569894,0.5232974910394266,0.3781362007168459,11.057690351853779,2.796583520040787,-5.934764460902024,13.162566997825133,78.11673483293444,-486,3174.5800000000163,0.00939314642829675,0.008706657203855328,-0.002267010927224866,0.5518336266313639,-0.04285195284465626,-8.641963826514715,-0.867515042886339,1.7246255312519452,-35,301.2750000000051,-0.00022665868828081193,-0.0028407888931197833,0.0020822378163399824,0.6181545237345443,-0.17743225681874453,-1.944907992463258,-5.113269614188246,5.198769910362856
veto_gex_skewterm,veto0.250,4061,35686.09499999999,0.45038167938931295,0.5407535089879341,0.3900517114011327,10.67857900887095,1.4663391973554634,-21.304995254530727,1.5042867159580064,32.048821344938936,556,4824.244999999996,0.4262589928057554,0.5215827338129496,0.3776978417266187,10.906487945596925,2.7690367249426937,-5.698393673564223,13.50079621208467,76.9328517230231,-502,3043.005000000019,0.009443699989795107,0.00886659248563293,-0.0024532195653367284,0.5299801539622866,-0.0524215781016073,-8.42593154483723,-0.8556445527555689,1.6551161846789952,-37,232.9100000000044,0.001301151321775662,-0.004555546119596743,0.0016438788261127768,0.4669521174776907,-0.20497905191683774,-1.7085372051254577,-4.775040399928709,4.014886800451521
veto_gex_skewterm,veto0.255,4043,35624.524999999994,0.4509027949542419,0.5411822903784319,0.3905515706158793,10.676400097052392,1.4643116897645223,-21.84769160687898,1.465428893343815,32.016238533585614,556,4549.289999999995,0.4226618705035971,0.5179856115107914,0.381294964028777,10.252757520726188,2.6854683689621113,-5.814695446680689,12.416169914592391,72.19624666759414,-520,2981.435000000027,0.00996481555472406,0.009295373876130775,-0.0019533603505901276,0.5278012421437293,-0.05444908569254836,-8.968627897185481,-0.8945023753697603,1.6225333733256733,-37,-42.044999999996435,-0.0022959709803826445,-0.008152668421754994,0.005241001128271083,-0.18677830739304646,-0.28854740789742017,-1.8248389782419236,-5.8596666974209874,-0.7217182549774463
veto_gex_skewterm,veto0.260,4025,36551.28499999999,0.45242236024844723,0.5428571428571428,0.3898136645962733,11.001829279525008,1.488284089401848,-20.943990940386303,1.5518975042528842,32.50292726948052,555,4561.8699999999935,0.42342342342342343,0.518918918918919,0.38198198198198197,10.323985959703155,2.796718362484103,-5.8088994729662735,12.465715632644166,72.41208896861413,-538,3908.1950000000215,0.011484380848929387,0.010970226354841683,-0.0026912663701961215,0.8532304246163456,-0.03047668605522258,-8.064927230692806,-0.8080337644606912,2.109222109220582,-38,-29.464999999998327,-0.0015344180605563196,-0.007219361013627412,0.005928019081476055,-0.11554986841608006,-0.17729741437542845,-1.819043004527508,-5.810120979369213,-0.5058759539574567
veto_gex_skewterm,veto0.265,4009,36543.62999999998,0.451733599401347,0.542529309054627,0.38937390870541283,11.016861087111465,1.487012874653828,-21.494527632539015,1.5119634332574787,32.49893979554144,555,4563.779999999994,0.42342342342342343,0.5207207207207207,0.3801801801801802,10.32327383894327,2.7766154522101667,-5.837725841404655,12.40977552490792,72.44486726778598,-554,3900.5400000000154,0.010795620001829154,0.010642392552325908,-0.003131022261056604,0.8682622322028024,-0.031747900803242635,-8.615463922845517,-0.8479678354560967,2.105234635281498,-38,-27.554999999997563,-0.0015344180605563196,-0.005417559211825629,0.004126217279674271,-0.11626198917596398,-0.19740032464936474,-1.8478693729658895,-5.866061087105459,-0.4730976547856045
veto_gex_skewterm,veto0.270,3991,36294.58499999999,0.4515159107992984,0.5424705587572037,0.389125532448008,10.975318903262348,1.483851719404802,-21.746779786232654,1.4884465590922222,32.36891954415428,555,4430.769999999996,0.42162162162162165,0.518918918918919,0.3801801801801802,10.0040731854794,2.6621320915074596,-6.896864746584185,10.173731896951242,70.16685286128205,-572,3651.4950000000244,0.010577931399780582,0.010583642254902603,-0.0033793985184614184,0.8267200483536854,-0.03490905605226868,-8.867716076539157,-0.8714847096213532,1.9752143838943397,-38,-160.56499999999596,-0.003336219862358103,-0.007219361013627412,0.004126217279674271,-0.43546264263983403,-0.3118836853520719,-2.907008278145419,-8.102104715062136,-2.7511120612895326
veto_gex_skewterm,veto0.275,3979,36718.04999999999,0.45237496858507165,0.5428499623020859,0.3882885147021865,11.118415444759478,1.4865570652292028,-22.118505690056473,1.4734115676586732,32.58966214305339,555,4450.3399999999965,0.42162162162162165,0.518918918918919,0.3801801801801802,10.052701496653826,2.6631668807425712,-6.886133877038896,10.238173232882422,70.50143153794448,-584,4074.960000000021,0.011436989185553803,0.010963045799784799,-0.0042164162642829295,0.9698165898508151,-0.03220371022786783,-9.239441980362976,-0.8865197010549022,2.1959569827934473,-38,-140.99499999999534,-0.003336219862358103,-0.007219361013627412,0.004126217279674271,-0.38683433146540835,-0.3108488961169602,-2.89627740860013,-8.037663379130956,-2.416533384627101
veto_gex_skewterm,veto0.280,3972,36254.399999999994,0.4516616314199396,0.5422960725075529,0.38872104733131924,10.984349761785182,1.4647175037900053,-22.827868124516947,1.4170349265822442,32.34788643185402,554,4277.359999999995,0.4187725631768953,0.516245487364621,0.38267148014440433,9.700467429288581,2.5815297586809187,-7.8683156302464825,8.585211237529494,67.55115176922106,-591,3611.310000000027,0.010723652020421748,0.010409156005251718,-0.003783883635150198,0.8357509068765197,-0.05404327166706535,-9.94880441482345,-0.9428963421313312,1.9541812715940807,-39,-313.9749999999967,-0.00618527830708443,-0.009892792567925413,0.006617517243898419,-0.7390683988306535,-0.39248601817861273,-3.878459161807717,-9.690625374483885,-5.36681315335052
veto_gex_skewterm,veto0.285,3959,35510.27,0.4506188431422076,0.5407931295781763,0.38999747410962365,10.778334952651264,1.4468412726908484,-23.519236571769532,1.3587039462462078,31.955679542761395,552,4293.2499999999945,0.41847826086956524,0.5163043478260869,0.3822463768115942,9.780486093519045,2.6034505059800175,-7.880029584743372,8.606756879116311,67.82149883613006,-604,2867.1800000000294,0.009680863742689783,0.008906213075875136,-0.00250745685684578,0.629736097742601,-0.07191950276622228,-10.640172862076035,-1.0012273224673676,1.5619743825014538,-41,-298.0849999999973,-0.006479580614414504,-0.009833932106459442,0.006192413911088268,-0.65904973460019,-0.37056527087951396,-3.8901731163046067,-9.669079732897067,-5.096466086441524
veto_gex_skewterm,veto0.290,3946,35026.01499999999,0.45058286872782566,0.5397871262037507,0.390522047643183,10.64376874703848,1.4321525784396705,-23.720746016366,1.3362826327286934,31.69762093703823,551,3996.704999999995,0.4192377495462795,0.5136116152450091,0.38475499092558985,9.149081750801535,2.4377616726895517,-8.638475545419137,7.269632100343273,62.79853912300932,-617,2382.9250000000247,0.009644889328307815,0.007900209701449556,-0.001982883323286444,0.49516989212981777,-0.08660819701740019,-10.841682306672503,-1.023648635984882,1.3039157767782896,-42,-594.6299999999969,-0.0057200919377002335,-0.01252666468753727,0.008701028025083934,-1.2904540773176993,-0.5362541041699798,-4.6486190769803715,-11.006204511670106,-10.119425799562265
veto_gex_skewterm,veto0.295,3934,35262.98999999999,0.45119471276054907,0.5406710726995424,0.39018810371123536,10.730628734138438,1.4431177353567242,-22.680088350357114,1.4031773514560597,31.82418630224353,550,3555.004999999995,0.41818181818181815,0.5072727272727273,0.39090909090909093,8.151230214951411,2.118556972736384,-9.590920624631266,5.7768520456118,55.40532942970153,-629,2619.9000000000233,0.010256733361031223,0.008784156197241266,-0.0023168272552340774,0.5820298792297756,-0.0756430401003465,-9.801024640663616,-0.9567539172575157,1.430481141983588,-43,-1036.3299999999967,-0.006776023302161593,-0.01886555265981904,0.014855128008585017,-2.2883056131678234,-0.8554588041231472,-5.601064156192501,-12.498984566401578,-17.512635492870054
veto_gex_skewterm,veto0.300,3922,35763.57499999999,0.4515553289138195,0.5407955124936257,0.3901070882202958,10.887464310663317,1.4500053997385092,-22.580204261818242,1.421146257463595,32.08977277944651,549,3477.6749999999947,0.41712204007285975,0.5063752276867031,0.39162112932604737,8.005376856451871,2.089490599459037,-10.212849634004435,5.299400069952089,54.12197606485327,-641,3120.4850000000224,0.010617349514301655,0.008908595991324542,-0.0023978427461736618,0.7388654557546541,-0.0687553757185615,-9.701140552124745,-0.9387850112499805,1.6960676191865716,-44,-1113.6599999999971,-0.007835801411120003,-0.019763052245843293,0.015567166425541457,-2.4341589716673635,-0.8845251774004943,-6.222993165565669,-12.97643654206129,-18.795988857718314
veto_gex_skewterm,tilt0.005,4563,32893.799999999974,0.44115713346482577,0.532325224632917,0.39250493096646943,10.223287288271623,1.525715111247353,-12.879063709693497,2.370797636935344,30.53365380888109,593,4591.334999999992,0.42495784148397975,0.5261382799325464,0.3760539629005059,10.439535828119235,2.9740157768595314,-3.9898564684387656,18.27583661201338,72.91796492257158,0,250.7100000000064,0.00021915406530792492,0.00043830813061584983,0.0,0.07468843336295983,0.006954335790282373,0.0,0.010866368221768674,0.13994864862115008,0,0.0,0.0,0.0,0.0,0.0,0.0,0.0,0.0,0.0
veto_gex_skewterm,tilt0.010,4563,32989.59999999998,0.44115713346482577,0.5325443786982249,0.3922857769011615,10.255408783405588,1.528546501201072,-12.879063709693497,2.374936137299524,30.586953818733953,593,4591.334999999992,0.42495784148397975,0.5261382799325464,0.3760539629005059,10.439535828119235,2.9740157768595314,-3.9898564684387656,18.27583661201338,72.91796492257158,0,346.5100000000093,0.00021915406530792492,0.0006574621959237748,-0.00021915406530792492,0.10680992849692572,0.009785725744001272,0.0,0.015004868585948739,0.19324865847401185,0,0.0,0.0,0.0,0.0,0.0,0.0,0.0,0.0,0.0
veto_gex_skewterm,tilt0.020,4563,32733.919999999973,0.44093797939951784,0.5327635327635327,0.39250493096646943,10.165644763355631,1.5208006330346928,-12.879063709693497,2.3638740719574836,30.444484774433022,593,4380.764999999992,0.42327150084317033,0.524451939291737,0.3777403035413153,9.969691059545283,2.7342793387668274,-4.061903596035857,17.064134229576855,69.31286819035678,0,90.83000000000538,0.0,0.0008766162612315886,0.0,0.01704590844696874,0.0020398575776221506,0.0,0.003942803243908166,0.050779614173080745,0,-210.5699999999997,-0.001686340640809414,-0.001686340640809414,0.001686340640809414,-0.4698447685739513,-0.23973643809270406,-0.07204712759709153,-1.211702382436524,-3.605096732214804
veto_gex_skewterm,tilt0.030,4563,32047.269999999968,0.4402805172035941,0.5318869165023011,0.39316239316239315,9.947245311057296,1.498274989972671,-12.893788801404035,2.331230667779408,30.05839587770378,593,4314.014999999992,0.42327150084317033,0.5227655986509275,0.3794266441821248,9.817308578509163,2.7126489140553502,-4.061903596035857,16.78400028628357,68.17499111872209,0,-595.8199999999997,-0.0006574621959237192,0.0,0.0006574621959237192,-0.20135354385136672,-0.02048578548439961,-0.014725091710538152,-0.028700600934167486,-0.3353092825561603,0,-277.3199999999997,-0.001686340640809414,-0.003372681281618828,0.0033726812816188834,-0.6222272496100718,-0.2613668628041812,-0.07204712759709153,-1.4918363257298068,-4.742973803849495
veto_gex_skewterm,tilt0.040,4563,32136.68999999997,0.44049967126890205,0.5321060705676091,0.39316239316239315,9.976314212878528,1.498304402197171,-12.93028325555344,2.3285619272655387,30.108965297640843,593,4292.524999999992,0.42327150084317033,0.5227655986509275,0.3794266441821248,9.763629424143677,2.695964972283453,-4.069403056562777,16.663171489181586,67.80916099010525,0,-506.3999999999978,-0.0004383081306157943,0.00021915406530792492,0.0006574621959237192,-0.17228464203013516,-0.020456373259899685,-0.051219545859943594,-0.031369341448036714,-0.284739862619098,0,-298.8099999999995,-0.001686340640809414,-0.003372681281618828,0.0033726812816188834,-0.6759064039755582,-0.27805080457607856,-0.07954658812401139,-1.6126651228317925,-5.10880393246633
veto_gex_skewterm,tilt0.050,4563,32166.564999999966,0.44049967126890205,0.5318869165023011,0.393600701293009,9.972422392968536,1.4983053925614467,-12.879063709693497,2.339132840304035,30.125840875711972,593,4063.3149999999923,0.42158516020236086,0.521079258010118,0.3811129848229342,9.246648833221622,2.5237670840551067,-4.432630883200159,14.420932734272439,63.92267180248812,0,-476.52500000000146,-0.0004383081306157943,0.0,0.001095770326539569,-0.17617646194012693,-0.020455382895623986,0.0,-0.02079842840954038,-0.2678642845479686,0,-528.0199999999995,-0.0033726812816188834,-0.005059021922428353,0.005059021922428297,-1.1928869948976129,-0.4502486928044247,-0.44277441476139323,-3.8549038777409397,-8.995293120083467
veto_gex_skewterm,tilt0.075,4563,31870.604999999974,0.4402805172035941,0.5321060705676091,0.3933815472277011,9.868812926035401,1.4784255999273863,-13.087390826882892,2.2890909753583766,29.958228232805627,593,4162.854999999992,0.42158516020236086,0.521079258010118,0.3811129848229342,9.462300748895688,2.570521391142911,-4.395507777169183,14.925921639367651,65.60700464725831,0,-772.4849999999933,-0.0006574621959237192,0.00021915406530792492,0.0008766162612316442,-0.27978592887326137,-0.04033517552968435,-0.20832711718939478,-0.07084029335519881,-0.43547692745431377,0,-428.47999999999956,-0.0033726812816188834,-0.005059021922428353,0.005059021922428297,-0.9772350792235471,-0.40349438571662066,-0.405651308730417,-3.3499149726457276,-7.310960275313278
veto_gex_skewterm,tilt0.100,4563,32207.674999999974,0.44071882533421,0.5325443786982249,0.39316239316239315,9.965767392099622,1.4933684816407604,-12.981000736351497,2.3225518163689287,30.149046838499572,593,4162.854999999992,0.42158516020236086,0.521079258010118,0.3811129848229342,9.462300748895688,2.570521391142911,-4.395507777169183,14.925921639367651,65.60700464725831,0,-435.4149999999936,-0.0002191540653078694,0.0006574621959237748,0.0006574621959237192,-0.18283146280904106,-0.025392293816310252,-0.10193702665799975,-0.03737945234464668,-0.24465832176036884,0,-428.47999999999956,-0.0033726812816188834,-0.005059021922428353,0.005059021922428297,-0.9772350792235471,-0.40349438571662066,-0.405651308730417,-3.3499149726457276,-7.310960275313278
veto_gex_skewterm,tilt0.150,4563,32779.30999999996,0.4413762875301337,0.5329826868288406,0.39294323909708523,10.140447536015808,1.5132470797888038,-13.049127619872475,2.3350087803965875,30.46982756891785,593,4289.954999999992,0.42327150084317033,0.5227655986509275,0.3811129848229342,9.734629845326662,2.6452534692820335,-4.395507777169183,15.416973681812244,67.76542771881833,0,136.2199999999939,0.00043830813061584983,0.0010957703265395136,0.0004383081306157943,-0.00815131889285503,-0.005513695668266871,-0.17006391017897826,-0.024922488316987845,0.07612240865790909,0,-301.3800000000001,-0.001686340640809414,-0.003372681281618828,0.005059021922428297,-0.7049059827925728,-0.3287623075774979,-0.405651308730417,-2.858862930201134,-5.152537203753255
veto_gex_skewterm,tilt0.200,4563,33840.26999999996,0.4420337497260574,0.5338593030900723,0.3918474687705457,10.436182053179067,1.5337344185141784,-13.719537274189594,2.263635444902007,31.056030861509832,593,4109.774999999992,0.41989881956155145,0.5193929173693086,0.3827993254637437,9.297235312335193,2.5827113751119732,-4.400821155278199,14.70365699007459,64.70816474187441,0,1197.179999999993,0.001095770326539569,0.0019723865877712132,-0.0006574621959237192,0.28758319827040424,0.014973643057107688,-0.8404735644960972,-0.09629582381156832,0.6623257012498911,0,-481.5599999999995,-0.005059021922428297,-0.006745362563237767,0.006745362563237767,-1.1423005157840418,-0.3913044017475582,-0.4109646868394332,-3.5721796219387887,-8.209800180697172
veto_gex_skewterm,tilt0.250,4563,33886.05999999997,0.4420337497260574,0.5340784571553803,0.39250493096646943,10.413749271621196,1.5263654049155717,-13.670336360976151,2.2736140500352646,31.08106881902333,593,3604.0999999999926,0.4148397976391231,0.5126475548060708,0.38954468802698144,8.124584934047046,2.2674678060998685,-6.190489195137816,9.081965732737068,56.22181073912071,0,1242.9700000000012,0.001095770326539569,0.002191540653079138,0.0,0.26515041671253314,0.007604629458501044,-0.7912726512826538,-0.08631721867831077,0.6873636587633882,0,-987.2349999999992,-0.01011804384485665,-0.013490725126475533,0.013490725126475533,-2.3149508940721883,-0.7065479707596629,-2.20063272669905,-9.19387087927631,-16.696154183450872
veto_gex_skewterm,tilt0.300,4563,34198.579999999965,0.44247205785667326,0.534516765285996,0.3918474687705457,10.492923395226345,1.5398366717550298,-13.569676701886374,2.3030310687640094,31.251387037527458,593,3712.509999999992,0.4148397976391231,0.5126475548060708,0.38785834738617203,8.386439778973555,2.3571064016714236,-5.265284734425083,11.021137869917931,58.02942898247305,0,1555.489999999998,0.001534078457155419,0.002629848783694877,-0.0006574621959237192,0.34432454031768245,0.02107589629795914,-0.690612992192877,-0.056900199949565966,0.8576818772675168,0,-878.8249999999998,-0.01011804384485665,-0.013490725126475533,0.01180438448566612,-2.0530960491456796,-0.6169093751881078,-1.2754282659863172,-7.254698742095448,-14.888535940098535
veto_gex_skewterm,tilt0.400,4563,34565.93499999997,0.4415954415954416,0.5336401490247644,0.39294323909708523,10.553067763883277,1.5556502328423714,-13.586775683760862,2.314775535055986,31.450335953063213,593,4258.469999999992,0.41652613827993257,0.5177065767284992,0.3827993254637437,9.572553317036144,2.7345723466398733,-3.906529757528132,17.209632020681713,67.22993960490211,0,1922.8450000000012,0.0006574621959237748,0.0017532325224632883,0.0004383081306157943,0.4044689089746143,0.036889457385300695,-0.7077119740673652,-0.04515573365758918,1.056630792803272,0,-332.8649999999998,-0.00843170320404718,-0.00843170320404718,0.006745362563237767,-0.8669825110830907,-0.2394434302196582,0.08332671091063348,-1.0662045913316653,-5.688025317669471
veto_gex_skewterm,tilt0.500,4563,34193.33999999997,0.44093797939951784,0.5338593030900723,0.3922857769011615,10.393447958715253,1.5452797501762565,-14.291417546638938,2.18652483874799,31.248539446644898,593,3976.869999999992,0.4131534569983137,0.5143338954468802,0.38617200674536256,8.923181172078062,2.5403216688445154,-3.967026078234702,15.745865934492219,62.464260786518054,0,1550.25,0.0,0.0019723865877712132,-0.00021915406530792492,0.2448491038065903,0.02651897471918585,-1.4123538369454405,-0.1734064299655853,0.854834286384957,0,-614.4649999999997,-0.011804384485666064,-0.01180438448566612,0.01011804384485665,-1.5163546560411731,-0.43369410801501607,0.022830390204063633,-2.5299706775211597,-10.453704136053531
veto_gex_skewterm,tilt0.750,4563,36020.164999999964,0.4433486741179049,0.5367083059390751,0.3898750821827745,10.80664224432709,1.5688279664682179,-14.759904869739781,2.183278853718197,32.224988184995105,593,3936.53999999999,0.4131534569983137,0.5160202360876898,0.38785834738617203,8.745173153335417,2.6838790936337578,-6.8017554395225766,9.08371950530333,61.78523855629425,0,3377.074999999997,0.002410694718387063,0.004821389436774015,-0.0026298487836949325,0.6580433894184274,0.050067191011147205,-1.880841160046284,-0.17665241499537832,1.8312830247351641,0,-654.7950000000019,-0.011804384485666064,-0.010118043844856595,0.01180438448566612,-1.694362674783818,-0.2901366832257737,-2.811898971083811,-9.192117106710048,-11.132726366277332
veto_gex_skewterm,tilt1.000,4563,36453.17499999997,0.4437869822485207,0.5360508437431515,0.3905325443786982,10.767478289544371,1.566606342793588,-14.772717706685878,2.196737390839808,32.45178135059816,593,3892.2949999999896,0.4131534569983137,0.5126475548060708,0.39291736930860033,8.583135769315476,2.5163350684314088,-5.598076509945403,10.903980309683522,61.04131603654652,0,3810.084999999999,0.0028490028490028574,0.004163927240850351,-0.0019723865877712132,0.6188794346357085,0.047845567336517236,-1.8936539969923807,-0.1631938778737676,2.0580761903382196,0,-699.0400000000022,-0.011804384485666064,-0.013490725126475533,0.016863406408094417,-1.856400058803759,-0.4576807084281227,-1.6082200415066374,-7.3718563023298564,-11.876648886025066
veto_gex_cp_iv,veto0.030,4429,33741.66999999997,0.45134341837886655,0.5375931361481147,0.3881237299616166,10.402573223831569,1.5185271310528332,-15.120505099137944,2.0503312281814545,31.002043790639444,591,3601.2249999999894,0.4213197969543147,0.5228426395939086,0.377326565143824,8.027906657396079,2.343783714093694,-5.254577129427234,10.690481784946268,56.17396108973709,-134,1098.5800000000017,0.010405438979348702,0.005706219645813526,-0.004381201004852842,0.2539743689229059,-0.00023364440423745414,-2.2414413894444465,-0.30960004053212087,0.6083386303795031,-2,-990.1100000000024,-0.003638044529665041,-0.0032956403386377175,0.0012726022433180995,-2.411629170723156,-0.6302320627658373,-1.264720660988468,-7.5853548270671105,-16.744003832834494
veto_gex_cp_iv,veto0.035,4412,33620.09999999997,0.4526291931097008,0.5376246600181324,0.3878059836808704,10.369718857771142,1.51195150498638,-16.159884134123153,1.9143294914220954,30.935342775915963,590,3737.2449999999894,0.423728813559322,0.5254237288135594,0.376271186440678,8.340182606112748,2.4528739780864575,-4.727103618107846,12.36333392410389,58.442760524506966,-151,977.010000000002,0.011691213710182946,0.0057377435158312284,-0.004698947285599053,0.22112000286247913,-0.006809270470690576,-3.280820424429656,-0.44560177729148,0.5416376156560219,-3,-854.0900000000024,-0.001229027924657733,-0.0007145511189869946,0.00021722354017206236,-2.0993532220064868,-0.521141798773074,-0.7372471496690807,-5.912502687909489,-14.47520439806462
veto_gex_cp_iv,veto0.040,4395,34362.75499999997,0.45369738339021615,0.5376564277588168,0.387485779294653,10.601855749868582,1.5344169405503063,-14.245580049334327,2.2000133174170644,31.34046582286636,590,3737.2449999999894,0.423728813559322,0.5254237288135594,0.376271186440678,8.340182606112748,2.4528739780864575,-4.727103618107846,12.36333392410389,58.442760524506966,-168,1719.6650000000009,0.012759403990698304,0.0057695112565157025,-0.005019151671816435,0.45325689495991917,0.01565616509323564,-1.36651633964083,-0.15991795129651099,0.9467606626064189,-3,-854.0900000000024,-0.001229027924657733,-0.0007145511189869946,0.00021722354017206236,-2.0993532220064868,-0.521141798773074,-0.7372471496690807,-5.912502687909489,-14.47520439806462
veto_gex_cp_iv,veto0.045,4385,34165.82499999997,0.45427594070695554,0.5377423033067275,0.38814139110604334,10.522874603134115,1.5181307182936719,-15.639145083553027,1.9971412875598988,31.233582348503152,589,4000.64499999999,0.42614601018675724,0.5280135823429541,0.37521222410865873,8.933199595123327,2.680656958238289,-4.632629838598089,13.570038468023462,62.86496511788939,-178,1522.7350000000006,0.013337961307437696,0.005855386804426321,-0.004363539860426091,0.3742757482254522,-0.0006300571633988117,-2.7600813738595296,-0.36278998115367656,0.8398771882432108,-4,-590.6900000000019,0.0011881687027774923,0.0018753024104077864,-0.0008417387918471797,-1.506336232995908,-0.29335881862124236,-0.6427733701593237,-4.705798143989917,-10.052999804682194
veto_gex_cp_iv,veto0.050,4371,34378.61499999997,0.45481583161747885,0.5385495309997712,0.3870967741935484,10.604782931275144,1.5232756987590492,-15.68896497323464,1.9981596613068655,31.349056937173803,589,4000.64499999999,0.42614601018675724,0.5280135823429541,0.37521222410865873,8.933199595123327,2.680656958238289,-4.632629838598089,13.570038468023462,62.86496511788939,-192,1735.5250000000015,0.013877852217961006,0.006662614497470076,-0.005408156772921058,0.4561840763664815,0.004514923301978557,-2.8099012635411427,-0.3617716074067099,0.9553517769138615,-4,-590.6900000000019,0.0011881687027774923,0.0018753024104077864,-0.0008417387918471797,-1.506336232995908,-0.29335881862124236,-0.6427733701593237,-4.705798143989917,-10.052999804682194
veto_gex_cp_iv,veto0.055,4360,34844.46999999997,0.4552752293577982,0.539908256880734,0.38623853211009174,10.759229000665316,1.5361553545754858,-16.64953582168409,1.8979683090479007,31.6002913499142,589,4207.804999999989,0.4295415959252971,0.5314091680814941,0.37181663837011886,9.397277834416645,2.864617528689251,-4.632629838598089,14.326497258707253,66.36935868328095,-203,2201.3800000000047,0.01433724995828034,0.008021340378432829,-0.006266398856377697,0.6106301457566534,0.017394579118415132,-3.7704721119905926,-0.4619629596656747,1.20658618965426,-4,-383.5300000000025,0.004583754441317367,0.005270888148947717,-0.004237324530387054,-1.0422579937025898,-0.10939824817028043,-0.6427733701593237,-3.949339353306126,-6.548606239290635
veto_gex_cp_iv,veto0.060,4347,35214.239999999976,0.45663676098458705,0.5410628019323671,0.3862433862433862,10.876772328226831,1.5413759196734576,-16.742447253992836,1.899256026502587,31.798193845547583,588,3896.1249999999895,0.4268707482993197,0.5289115646258503,0.3741496598639456,8.708403675203927,2.6683361950037985,-4.683794457947727,13.046189590214642,61.10567049998266,-216,2571.1500000000087,0.01569878158506921,0.009175885430065978,-0.006261544723083212,0.7281734733181686,0.022615144216386884,-3.8633835442993387,-0.4606752422109883,1.4044886852876424,-5,-695.2100000000023,0.0019129068153399542,0.0027732846933039568,-0.0019043030365603064,-1.7311321529153076,-0.30567958185573296,-0.693937989508961,-5.229647021798737,-11.812294422588927
veto_gex_cp_iv,veto0.065,4336,34730.88999999997,0.4561808118081181,0.5398985239852399,0.38768450184501846,10.734144432263449,1.518627825429371,-16.71563752118367,1.8868101904988344,31.539235215654028,588,3779.66499999999,0.42517006802721086,0.5272108843537415,0.3758503401360544,8.444991754231618,2.5663438294479737,-4.8594677689104415,12.172607565935294,59.152394130257946,-227,2087.800000000003,0.015242832408600249,0.00801160748293872,-0.004820429121450975,0.585545577354786,-0.00013295002769964093,-3.8365738114901724,-0.47312107821474103,1.1455300553940866,-5,-811.6700000000019,0.0002122265432311088,0.0010726044211951669,-0.0002036227644515165,-1.9945440738876172,-0.40767194741155777,-0.8696113004716759,-6.103229046078084,-13.765570792313639
veto_gex_cp_iv,veto0.070,4324,35422.97499999997,0.4574468085106383,0.5409343200740055,0.3871415356151711,10.948291193163984,1.5256239206814564,-16.665826687498193,1.914656085977538,31.909326495065283,588,3595.83499999999,0.42517006802721086,0.5272108843537415,0.37755102040816324,8.002816248153861,2.4329425436629486,-4.8594677689104415,11.541236266022812,56.08426564811815,-239,2779.885000000002,0.01650882911112045,0.009047403571704415,-0.005363395351298317,0.7996923382553209,0.006863145224385692,-3.7867629778046954,-0.4452751827360375,1.515621334805342,-5,-995.5000000000018,0.0002122265432311088,0.0010726044211951669,0.001497057507657329,-2.4367195799653736,-0.5410732331965828,-0.8696113004716759,-6.734600345990566,-16.833699274453437
veto_gex_cp_iv,veto0.075,4310,35150.31999999997,0.45754060324825985,0.5406032482598608,0.38816705336426915,10.849666871959625,1.511864246766696,-18.35611541568096,1.7304357504319345,31.76407835434909,588,3745.7449999999913,0.42857142857142855,0.5289115646258503,0.37755102040816324,8.33570707230303,2.456169611844819,-4.8594677689104415,12.055821523150541,58.584876119486836,-253,2507.230000000003,0.016602623848742004,0.008716331757559703,-0.00433787760220028,0.7010680170509627,-0.006896528690374604,-5.4770517059874635,-0.6294955182816409,1.3703731940891473,-5,-845.5900000000006,0.0036135870874487996,0.0027732846933039568,0.001497057507657329,-2.1038287558162043,-0.5178461650147126,-0.8696113004716759,-6.220015088862837,-14.333088803084749
veto_gex_cp_iv,veto0.080,4301,34818.004999999976,0.4582655196465938,0.5412694722157638,0.3887468030690537,10.740792188991511,1.4980412719383427,-19.006930076253646,1.6618189250414646,31.586076107658112,587,3706.374999999991,0.42759795570698467,0.5281090289608177,0.3781942078364566,8.258998355720896,2.4102116019693245,-4.914353607601972,11.787300462992022,57.92696255419323,-262,2174.915000000008,0.017327540247075945,0.009382555713462692,-0.003758127897415753,0.5921933340828485,-0.020719503518727977,-6.1278663665601485,-0.6981123436721108,1.192370947398171,-6,-884.960000000001,0.002640114223004919,0.0019707490282713236,0.0021402449359506637,-2.1805374723983384,-0.563804174890207,-0.924497139163206,-6.488536149021357,-14.991002368378354
veto_gex_cp_iv,veto0.085,4288,36265.379999999976,0.4603544776119403,0.5440764925373134,0.38549440298507465,11.177239636921191,1.5575455758711076,-18.12293409753125,1.7852316158632198,32.353634923118356,587,3583.0149999999912,0.42589437819420783,0.5264054514480409,0.3798977853492334,7.979958650490614,2.308737580432818,-5.475103940006612,10.204553516012123,55.8709911615263,-275,3622.290000000008,0.019416498212422473,0.01218957603501225,-0.007010527981394787,1.0286407820125287,0.03878480041403698,-5.243870387837752,-0.5746996528503556,1.9599297628584154,-6,-1008.3200000000006,0.0009365367102280864,0.0002671715154944909,0.0038438224487274963,-2.4595771776286206,-0.6652781964267134,-1.4852474715678463,-8.071283096001256,-17.046973761045287
veto_gex_cp_iv,veto0.090,4285,37377.40999999998,0.46091015169194866,0.544924154025671,0.38459743290548426,11.52694032310297,1.5903762056719912,-16.52638142521748,1.9925801055748085,32.9301388450294,587,3592.249999999992,0.42759795570698467,0.5264054514480409,0.3798977853492334,7.9875134857733245,2.302692080515243,-5.507128933578011,10.173107782060793,56.024616210994616,-278,4734.320000000014,0.019972172292430812,0.013037237523369827,-0.007907498060985174,1.3783414681943071,0.07161543021492056,-3.6473177155239824,-0.3673511631387669,2.536433684769456,-6,-999.085,0.002640114223004919,0.0002671715154944909,0.0038438224487274963,-2.45202234234591,-0.6713236963442886,-1.5172724651392455,-8.102728829952586,-16.89334871157697
veto_gex_cp_iv,veto0.095,4277,37379.18999999998,0.46153846153846156,0.5454758007949497,0.38531681084872577,11.548324668812633,1.5989549492958215,-14.623657990304583,2.2519025512957933,32.93105273764401,586,3418.5799999999913,0.42662116040955633,0.5255972696245734,0.3822525597269625,7.582809506582132,2.1602740630719746,-6.846265627794833,7.7624032269935785,53.143474402049826,-286,4736.100000000013,0.02060048213894372,0.013588884292648595,-0.007188120117743668,1.39972581390397,0.08019417383875083,-1.7445942806110857,-0.10802871741778208,2.537347577384068,-7,-1172.7550000000006,0.0016633189255765846,-0.0005410103079729334,0.0061985968264565705,-2.856726321537103,-0.8137417137875569,-2.856409159356067,-10.5134333850198,-19.77449052052176
veto_gex_cp_iv,veto0.100,4269,37134.709999999985,0.4612321386741626,0.5450925275240103,0.3862731318810026,11.479099822580288,1.6002433523108608,-15.21877987731374,2.155578036068312,32.8052676392959,586,3274.349999999992,0.42662116040955633,0.5255972696245734,0.3822525597269625,7.2837287459200075,2.1209320602515938,-6.851216870688355,7.409403545345933,50.76343057161217,-294,4491.620000000017,0.02029415927464473,0.01320561102170914,-0.006231799085466838,1.3305009676716253,0.08148257685379012,-2.3397161676202423,-0.20435323264526328,2.4115624790359576,-7,-1316.9849999999997,0.0016633189255765846,-0.0005410103079729334,0.0061985968264565705,-3.1558070821992272,-0.8530837166079377,-2.8613604022495895,-10.866433066667446,-22.154534350959416
veto_gex_cp_iv,veto0.105,4260,37559.20999999998,0.46173708920187795,0.5453051643192488,0.3854460093896714,11.611417651908646,1.61005493186302,-15.460972377539267,2.1359157601077943,33.0233345677774,586,3228.2299999999923,0.42662116040955633,0.5238907849829352,0.3839590443686007,7.183211352047498,2.102326728068831,-6.851216870688355,7.298676270418292,50.004813997582566,-303,4916.12000000001,0.020799109802360105,0.01341824781694767,-0.0070589215767980495,1.4628187969999829,0.09129415640594929,-2.58190866784577,-0.22401550860578112,2.6296294075174558,-7,-1363.1049999999996,0.0016633189255765846,-0.002247494949611184,0.007905081468094766,-3.256324476071737,-0.8716890487907003,-2.8613604022495895,-10.977160341595088,-22.91315092498902
veto_gex_cp_iv,veto0.110,4245,38119.45499999998,0.46266195524146053,0.5462897526501767,0.384452296819788,11.810477604944651,1.6313065617312041,-14.272523392065006,2.333764804804042,33.308712768143714,586,3228.2299999999923,0.42662116040955633,0.5238907849829352,0.3839590443686007,7.183211352047498,2.102326728068831,-6.851216870688355,7.298676270418292,50.004813997582566,-318,5476.3650000000125,0.02172397584194269,0.01440283614787552,-0.008052634146681448,1.6618787500359886,0.11254578627413347,-1.3934596823715086,-0.026166463909533366,2.9150076078837728,-7,-1363.1049999999996,0.0016633189255765846,-0.002247494949611184,0.007905081468094766,-3.256324476071737,-0.8716890487907003,-2.8613604022495895,-10.977160341595088,-22.91315092498902
veto_gex_cp_iv,veto0.115,4234,38871.34999999998,0.46433632498819083,0.547945205479452,0.3826169107227208,12.052692280120258,1.6446808603760603,-13.611156759586676,2.47499006311542,33.687477727483305,585,3462.669999999993,0.42735042735042733,0.5247863247863248,0.38290598290598293,7.693423728753291,2.286976170766824,-7.585756781607768,7.101906920878693,53.873338587402685,-329,6228.260000000009,0.023398345588672986,0.016058288977150892,-0.00988802024374863,1.9040934252115953,0.12592008491898965,-0.7320930498931784,0.11505879440184463,3.293772567223364,-8,-1128.664999999999,0.002392585866447583,-0.0013519551462215507,0.006852020005477022,-2.746112099365944,-0.6870396060927075,-3.595900313169002,-11.173929691134685,-19.0446263351689
veto_gex_cp_iv,veto0.120,4218,38949.54499999999,0.46396396396396394,0.5481270744428639,0.38193456614509247,12.113603791953716,1.6427505510105207,-14.086002448247864,2.3943339834897714,33.726594353359985,584,3771.4099999999917,0.4332191780821918,0.5273972602739726,0.3801369863013699,8.365143744612912,2.500448440813099,-6.128920247844691,9.628812068848589,59.01422125145746,-345,6306.455000000024,0.0230259845644461,0.01624015794056277,-0.010570364821376965,1.9650049370450535,0.12398977555345003,-1.206938738554367,0.03440271477619605,3.332889193100044,-9,-819.9250000000002,0.008261336598212043,0.0012589803414262413,0.004083023400863972,-2.074392083506323,-0.47356733604643253,-2.1390637794059257,-8.64702454316479,-13.903743671114128
veto_gex_cp_iv,veto0.125,4211,39089.89499999999,0.463785324151033,0.5483258133459986,0.38185704108287816,12.159831002469858,1.6444013990824287,-14.39786332473684,2.3473396746437953,33.79667581225361,583,3380.879999999992,0.4305317324185249,0.5248713550600344,0.38421955403087477,7.529522857177836,2.347385316676235,-6.105653969172955,8.601903146773077,52.52024409053637,-352,6446.805000000022,0.022847344751515175,0.01643889684369748,-0.010647889883591277,2.011232147561195,0.125640623625358,-1.518799615043342,-0.012591594069780054,3.4029706519936695,-10,-1210.455,0.005573890934545134,-0.0012669248725120097,0.008165591130368854,-2.9100129709413984,-0.6266304601832964,-2.11579750073419,-9.673933465240301,-20.397720832035212
veto_gex_cp_iv,veto0.130,4201,39742.124999999985,0.4648893120685551,0.5491549631040229,0.3803856224708403,12.360618078723343,1.6625244375658923,-13.996192070115669,2.4378219334499356,34.120224013306036,583,3492.749999999992,0.4288164665523156,0.5248713550600344,0.38421955403087477,7.766379996393348,2.430733245986685,-6.105653969172955,8.905172000072987,54.37189876841351,-362,7099.035000000018,0.023951332669037262,0.017268046601721765,-0.012119308495629144,2.2120192238146803,0.14376366210882163,-1.1171283604221713,0.0778906647363602,3.7265188530460946,-10,-1098.585,0.0038586250683358414,-0.0012669248725120097,0.008165591130368854,-2.6731558317258868,-0.5432825308728466,-2.11579750073419,-9.370664611940391,-18.546066154158076
veto_gex_cp_iv,veto0.135,4187,39838.459999999985,0.4657272510150466,0.549796990685455,0.379985669930738,12.421211585123224,1.666812031776818,-13.481518349651095,2.534411726333527,34.167718194136356,582,3296.5499999999925,0.42783505154639173,0.5223367697594502,0.3865979381443299,7.32461029509298,2.318312666409309,-7.726449359176847,6.617401257658271,51.1290157066498,-376,7195.370000000017,0.02478927161552874,0.017910074183153823,-0.012519261035731422,2.2726127302145613,0.14805125631974736,-0.6024546399575978,0.17448045761995168,3.7740130338764146,-11,-1294.7849999999994,0.0028772100624119834,-0.0038015101730961565,0.010543975243824,-3.1149255330262546,-0.6557031104502222,-3.7365928907380814,-11.658435354355108,-21.788949215921782
veto_gex_cp_iv,veto0.140,4173,39708.48999999999,0.46585190510424157,0.5504433261442607,0.37934339803498685,12.390009135444016,1.660624752012898,-13.616575218160362,2.504566923301288,34.10362390004846,582,3120.7899999999922,0.4261168384879725,0.520618556701031,0.38831615120274915,6.9224362138091875,2.171211861186236,-7.848005975784453,6.147060802947955,48.24216991504593,-390,7065.400000000023,0.024913925704723727,0.018556409641959593,-0.013161532931482589,2.2414102805353533,0.1418639765558274,-0.7375115084668646,0.14463565458771255,3.7099187397885203,-11,-1470.5449999999996,0.0011589970039927455,-0.005519723231515394,0.012262188302243238,-3.5170996143100473,-0.8028039156732953,-3.8581495073456873,-12.128775809065424,-24.675795007525657
veto_gex_cp_iv,veto0.145,4162,40368.57999999999,0.46708313310908217,0.5511773185968285,0.3791446419990389,12.608765752375614,1.6763605874289755,-13.478758787498437,2.554221765966728,34.42773907324381,581,3224.729999999992,0.4268502581755594,0.5215146299483648,0.387263339070568,7.169315163026073,2.227867361048528,-7.848005975784453,6.364328973232808,49.94729181378921,-401,7725.49000000002,0.02614515370956433,0.01929040209452737,-0.013360288967430523,2.4601668974669515,0.15759981197190487,-0.5996950778049399,0.1942904972531525,4.0340339129838725,-12,-1366.605,0.0018924166915796348,-0.0046236499841815215,0.011209376170062069,-3.270220665093162,-0.7461484158110037,-3.8581495073456873,-11.91150763878057,-22.97067310878238
veto_gex_cp_iv,veto0.150,4149,39383.81999999999,0.4658953964810798,0.549530007230658,0.38129669799951793,12.301471385642268,1.6522476369084655,-14.556075257096563,2.331872640255457,33.942913641522885,581,3224.729999999992,0.4268502581755594,0.5215146299483648,0.387263339070568,7.169315163026073,2.227867361048528,-7.848005975784453,6.364328973232808,49.94729181378921,-414,6740.730000000025,0.02495741708156196,0.017643090728356903,-0.011208232966951504,2.152872530733605,0.13348686145139488,-1.6770115474030654,-0.028058628458118573,3.5492084812629443,-12,-1366.605,0.0018924166915796348,-0.0046236499841815215,0.011209376170062069,-3.270220665093162,-0.7461484158110037,-3.8581495073456873,-11.91150763878057,-22.97067310878238
veto_gex_cp_iv,veto0.155,4136,39712.134999999995,0.4663926499032882,0.5498065764023211,0.3803191489361702,12.414910772352568,1.6574582943902052,-14.431181744215104,2.3633146536294314,34.10542328529309,580,3088.999999999992,0.42586206896551726,0.5206896551724138,0.38620689655172413,6.88408090277064,2.176008444976512,-7.833419024069464,6.092086725674129,47.72186805317678,-427,7069.045000000027,0.02545467050377037,0.01791965990001998,-0.012185782030299241,2.2663119174439057,0.13869751893313453,-1.552118034521607,0.0033833849158559914,3.7117181250331512,-13,-1502.335,0.0009042274815375118,-0.0054486247601325255,0.010152933651218221,-3.5554549253485943,-0.7980073318830194,-3.8435625556306983,-12.18374988633925,-25.196096869394808
veto_gex_cp_iv,veto0.160,4121,39897.909999999996,0.4663916525115263,0.5493812181509342,0.3807328318369328,12.522462362693735,1.6593793285217053,-14.035355438641183,2.43648908031467,34.19699026458436,580,3057.4099999999926,0.4241379310344828,0.5189655172413793,0.3879310344827586,6.816476762097162,2.296549408523533,-7.700102979851212,6.130489674448112,47.20540181016499,-442,7254.820000000029,0.025453673112008468,0.01749430164863308,-0.01177209912953664,2.3738635077850727,0.14061855306463467,-1.1562917289476857,0.07655781160109454,3.8032851043244165,-13,-1533.9249999999993,-0.0008199104494969744,-0.007172762691167067,0.011877071582252707,-3.6230590660220727,-0.6774663683359985,-3.7102465114124463,-12.145346937565266,-25.712563112406592
veto_gex_cp_iv,veto0.165,4113,40475.884999999995,0.4670556771213226,0.550449793338196,0.3800145878920496,12.707405597892414,1.6808638020425264,-13.876568445605292,2.4847713176902784,34.480099261606,580,3132.8349999999928,0.4241379310344828,0.5189655172413793,0.3879310344827586,6.975039931034067,2.2665036297144967,-9.102343008151307,5.321647028760143,48.439456624084066,-450,7832.795000000027,0.026117697721804778,0.01856287683589486,-0.012490343074419819,2.5588067429837515,0.16210302658545572,-0.9975047359117948,0.12484004897670298,4.086394101346059,-13,-1458.499999999999,-0.0008199104494969744,-0.007172762691167067,0.011877071582252707,-3.4644958970851674,-0.7075121471450347,-5.112486539712541,-12.954189583253235,-24.47850829848752
veto_gex_cp_iv,veto0.170,4095,40631.48499999999,0.4678876678876679,0.5511599511599512,0.37924297924297923,12.788640765731774,1.6831347088795598,-13.992490063372253,2.4696007533248907,34.555864001395165,579,3023.004999999993,0.4231433506044905,0.5181347150259067,0.38860103626943004,6.751385282361745,2.1800293624474962,-9.949837548547045,4.687870659199188,46.64355150763206,-468,7988.395000000026,0.026949688488150048,0.019273034657650068,-0.013261951723490206,2.6400419108231112,0.16437393342248918,-1.113426353678756,0.10966948461131532,4.1621588411352235,-14,-1568.329999999999,-0.0018144908794892611,-0.00800356490663967,0.012547073368924133,-3.68815054575749,-0.7939864144120352,-5.959981080108279,-13.58796595281419,-26.274413414939524
veto_gex_cp_iv,veto0.175,4077,40721.53999999999,0.46799116997792495,0.5506499877360804,0.37969094922737306,12.83365047513281,1.6851428115067737,-14.52575375474395,2.381950519779059,34.59962670629497,579,2733.7849999999926,0.4214162348877375,0.5164075993091537,0.3903281519861831,6.0797673049589855,1.9826847586999403,-10.123518165324285,4.143510336412565,41.94690215888155,-486,8078.450000000026,0.027053190578407105,0.018763071233779294,-0.01281398173909637,2.6850516202241472,0.16638203604970303,-1.6466900450504536,0.022019251065483747,4.205921546035029,-14,-1857.5499999999993,-0.0035416065962422527,-0.009730680623392662,0.01427418908567718,-4.359768523160249,-0.9913310181595911,-6.133661696885519,-14.132326275600814,-30.971062763690036
veto_gex_cp_iv,veto0.180,4066,40213.765,0.4675356615838662,0.5499262174126907,0.37998032464338416,12.68381050716677,1.6747036439594953,-15.361922866187202,2.236180687585439,34.352035237544975,578,2806.4549999999917,0.42214532871972316,0.5173010380622838,0.39273356401384085,6.24184865770855,2.0642435304673397,-10.284122598654491,4.1931169012040685,43.12252828247285,-497,7570.675000000032,0.02659768218434838,0.018039300910389522,-0.012524606323085274,2.5352116522581074,0.15594286850242467,-2.4828591564937046,-0.12375058112813653,3.9583300772850336,-15,-1784.88,-0.0028125127642565917,-0.00883724187026258,0.01667960111333494,-4.197687170410685,-0.9097722463921918,-6.294266130215726,-14.082719710809311,-29.795436640098735
veto_gex_cp_iv,veto0.185,4051,39717.835,0.4665514687731424,0.5494939521105899,0.3803999012589484,12.554815726541461,1.656966521474364,-15.978796607183066,2.1345935968269774,34.1082369226936,578,2896.2849999999917,0.42387543252595156,0.5190311418685121,0.39100346020761245,6.418774041716579,2.15451921515447,-9.455314433653115,4.714799291814021,44.579909795666595,-512,7074.745000000032,0.025613489373624565,0.0176070356082888,-0.012105029707521031,2.4062168716327985,0.1382057460172934,-3.0997328974895684,-0.22533767188659803,3.7145317624336585,-15,-1695.0500000000002,-0.0010824089580281915,-0.007107138064034291,0.01494949730710654,-4.020761786402656,-0.8194965617050616,-5.465457965214349,-13.561037320199357,-28.33805512690499
veto_gex_cp_iv,veto0.190,4038,38551.189999999995,0.4645864289252105,0.5475482912332839,0.3816245666171372,12.226269646223905,1.6176948150559838,-16.62721382855663,2.0163801656335285,33.52678417364912,577,2839.9749999999917,0.42287694974003465,0.5181975736568457,0.39168110918544197,6.2998977366752476,2.1123405073528945,-9.45983537321507,4.61591686438866,43.66581363356383,-525,5908.100000000028,0.023648449525692672,0.015661374730982724,-0.010880364349332261,2.077670791315242,0.09893403959891311,-3.7481501188631334,-0.3435511030800469,3.133079013389178,-16,-1751.3600000000001,-0.0020808917439451013,-0.007940706275700649,0.015627146284936055,-4.139638091443987,-0.861675269506637,-5.469978904776304,-13.65991974762472,-29.252151289007756
veto_gex_cp_iv,veto0.195,4022,38788.53999999999,0.46544007956240674,0.5474888115365489,0.3814022874191944,12.330002708633865,1.624373819001949,-16.626561628015498,2.0236292647636844,33.64599668284909,576,3102.514999999991,0.4253472222222222,0.5173611111111112,0.3888888888888889,6.925009374665168,2.3310716970684164,-6.693093311120242,7.163055161494709,47.942996588585565,-541,6145.450000000026,0.024502100162888896,0.015601895034247804,-0.011102643547275026,2.181403853725202,0.10561304354487833,-3.7474979183220007,-0.33630200394989096,3.2522915225891467,-17,-1488.820000000001,0.0003893807382424619,-0.0087771688214352,0.012834925988382984,-3.5145264534540663,-0.642944079791115,-2.703236842681476,-11.11278145051867,-24.97496833398602
veto_gex_cp_iv,veto0.200,4014,38500.53,0.46512207274539114,0.5473343298455406,0.38141504733432985,12.240180704545912,1.6048050054843677,-16.817572090010277,1.9920400893103234,33.501277808166876,573,2953.099999999995,0.4258289703315881,0.5148342059336823,0.39267015706806285,6.638706959458263,2.182383718585367,-6.929326261848176,6.566875584525925,45.504023446145084,-549,5857.440000000031,0.024184093345873292,0.015447413343239513,-0.011089883632139586,2.091581849637249,0.086044230027297,-3.9385083803167795,-0.367891179403252,3.1075726479069345,-20,-1638.234999999997,0.0008711288476083712,-0.011304073998864017,0.01661619416755694,-3.8008288686609717,-0.7916320582741645,-2.93946979340941,-11.708961027487454,-27.4139414764265
veto_gex_cp_iv,veto0.205,3998,38515.475,0.46548274137068535,0.5467733866933466,0.38144072036018006,12.25688998021546,1.6021132973110068,-15.476846872508904,2.1650924684898403,33.50880459963956,571,2732.774999999996,0.4220665499124343,0.5131348511383538,0.3957968476357268,6.128015431402501,2.061776622670994,-6.971900075629313,6.014226182803001,41.93058397873604,-565,5872.385000000031,0.024544761971167506,0.014886470191045498,-0.01106421060628937,2.1082911253067973,0.08335252185393616,-2.597783162815407,-0.19483880022373512,3.1150994393796196,-22,-1858.5599999999959,-0.00289129157154544,-0.013003428794192584,0.0197428847352209,-4.311520396716734,-0.9122391541885375,-2.9820436071905476,-12.261610429210378,-30.987380943835547
veto_gex_cp_iv,veto0.210,3989,38727.869999999995,0.4667836550513913,0.5477563299072449,0.3802958134870895,12.33865909726514,1.616222094418282,-14.585831945478688,2.304672751601119,33.61556944417787,569,2848.2049999999954,0.421792618629174,0.5149384885764499,0.3936731107205624,6.367899956044967,2.2102430486925417,-6.766627503471269,6.472840618354193,43.79930135374146,-574,6084.780000000028,0.025845675651873457,0.015869413404943744,-0.012209117479379916,2.190060242356477,0.09746131896121124,-1.7067682357851908,-0.05525851711245622,3.221864283917931,-24,-1743.1299999999965,-0.0031652228548057493,-0.0111997913560965,0.01761914782005647,-4.071635872074268,-0.7637727281669897,-2.776771035032503,-11.802995993659184,-29.118663568830122
veto_gex_cp_iv,veto0.215,3976,38617.77,0.46730382293762573,0.5480382293762576,0.38053319919517103,12.331498637581296,1.6105719228166362,-15.073359234864622,2.2264627540977537,33.5602729155615,569,2969.974999999996,0.4235500878734622,0.5149384885764499,0.3936731107205624,6.619091269122249,2.340531718293778,-5.909982878877905,7.746021084461707,45.778851988595946,-587,5974.680000000029,0.02636584353810789,0.016151312873956436,-0.0119717317712984,2.1828997826726333,0.09181114735956553,-2.1942955251711247,-0.13346851461582165,3.166567755301557,-24,-1621.359999999996,-0.001407753610517537,-0.0111997913560965,0.01761914782005647,-3.8204445589969858,-0.6334840585657533,-1.9201264104391393,-10.529815527551673,-27.13911293397564
veto_gex_cp_iv,veto0.220,3962,38552.13,0.46718828874305907,0.5477031802120141,0.38137304391721355,12.340032165533586,1.607155607248383,-15.864390822009566,2.1133655629622337,33.527257240609146,568,3430.014999999996,0.426056338028169,0.5176056338028169,0.3908450704225352,7.628851969558559,2.5842146690504784,-5.766482599090188,9.248734334050893,53.332665600912456,-601,5909.04000000003,0.026250309343541223,0.015816263709713008,-0.011131887049255884,2.191433310624923,0.08839483179131236,-2.985327112316069,-0.24656570575134173,3.1335520803492045,-25,-1161.319999999996,0.0010984965441892536,-0.008532646129729482,0.014791107522029279,-2.810683858560676,-0.3898011078090531,-1.7766261306514224,-9.027102277962486,-19.58529932165913
veto_gex_cp_iv,veto0.225,3946,38569.485,0.4668018246325393,0.5473897617840852,0.38190572731880384,12.382025681505263,1.6109555920846752,-15.479215882407548,2.1665173659821995,33.53599002102343,567,3451.1949999999956,0.42680776014109345,0.5185185185185185,0.3897707231040564,7.679354872732611,2.593026056199475,-5.742101565923584,9.349064570798255,53.68327831190136,-617,5926.395000000033,0.025863845233021432,0.015502845281784028,-0.01059920364766559,2.2334268265966006,0.09219481662760454,-2.6001521727140506,-0.19341390273137593,3.142284860763489,-26,-1140.1399999999962,0.0018499186571137027,-0.00761976141402787,0.013716760203550504,-2.760180955386624,-0.38098972066005654,-1.7522450974848187,-8.926772041215123,-19.234686610670224
veto_gex_cp_iv,veto0.230,3929,39067.935,0.4672944769661492,0.5477220666836345,0.3815220157800967,12.578073009479931,1.6257112271289142,-14.048336238849387,2.404962458601549,33.78572126024446,566,3539.264999999998,0.42579505300353354,0.5176678445229682,0.38869257950530034,7.851521736815574,2.61042315267909,-5.76594704918504,9.5637097700995,55.14384412816735,-634,6424.84500000003,0.02635649756663133,0.015835150181333413,-0.010982915186372733,2.4294741545712686,0.10695045167184358,-1.16927252915589,0.04503118988797361,3.3920160999845166,-27,-1052.0699999999938,0.0008372115195537932,-0.008470435409578148,0.012638616604794428,-2.588014091303661,-0.36359262418044125,-1.7760905807462741,-8.712126841913879,-17.774120794404233
veto_gex_cp_iv,veto0.235,3918,37917.295,0.46579887697805,0.5461970393057682,0.3823379275140378,12.223864652563925,1.5896025675834335,-15.76682817527514,2.1060704464920637,33.20605085486537,566,3341.084999999998,0.42579505300353354,0.5176678445229682,0.39045936395759717,7.431301688048072,2.4499941008478303,-5.836219503842765,8.886443742209261,51.86323628808318,-645,5274.205000000031,0.02486089757853216,0.014310122803467107,-0.010167003452431655,2.0752657976552626,0.07084179212636288,-2.8877644655816432,-0.25386082222151174,2.812345694605426,-27,-1250.2499999999936,0.0008372115195537932,-0.008470435409578148,0.01440540105709126,-3.0082341400711625,-0.5240216760117011,-1.846363035403999,-9.389392869804118,-21.054728634488406
veto_gex_cp_iv,veto0.240,3899,37631.18,0.4657604513977943,0.546293921518338,0.38291869710182097,12.168723519587653,1.583496715428779,-14.95543032072012,2.210578182744079,33.06014798053318,564,3476.494999999997,0.42730496453900707,0.5195035460992907,0.3900709219858156,7.75746901526526,2.577610915006756,-5.712769728378677,9.470435736845094,54.10241859200426,-664,4988.090000000033,0.024822471998276474,0.014407005016036867,-0.009586233864648463,2.02012466467899,0.06473593997170823,-2.0763666110266232,-0.14935308596949648,2.6664428202732395,-29,-1114.8399999999947,0.0023471230550273225,-0.006634733833255635,0.0140169590853097,-2.682066812853975,-0.39640486185277535,-1.7229132599399115,-8.805400875168285,-18.815546330567322
veto_gex_cp_iv,veto0.245,3884,36853.11,0.46446961894953653,0.5445417095777549,0.3849124613800206,11.940340143645237,1.561003692644205,-15.903897331418,2.0535672040043402,32.65972197565215,561,3535.244999999997,0.42780748663101603,0.5204991087344029,0.38859180035650626,7.942593073550273,2.637475366271779,-5.712769728378677,9.64104720239642,55.07708260772019,-679,4210.020000000033,0.02353163955001869,0.012654793075453807,-0.0075924695864488245,1.7917412887365742,0.042242917187134355,-3.024833621724502,-0.30636406470923516,2.266016815392206,-32,-1056.0899999999947,0.002849645147036284,-0.0056391711981435,0.012537837456000345,-2.4969427545689618,-0.3365404105877525,-1.7229132599399115,-8.634789409616959,-17.84088231485139
veto_gex_cp_iv,veto0.250,3874,37531.82000000001,0.4646360351058338,0.5449148167268972,0.38384099122354154,12.164313004066893,1.5667684612563275,-16.732726471568153,1.9727396125746248,33.009312336838526,559,3424.9049999999997,0.4275491949910555,0.518783542039356,0.39177101967799643,7.708286491534041,2.5975886406163293,-5.722352027511316,9.305284232025512,53.248112091700264,-689,4888.73000000004,0.023698055706315946,0.0130279002245961,-0.008663939742927895,2.0157141491582298,0.04800768579925685,-3.8536627618746557,-0.38719165613895057,2.6156071765785853,-34,-1166.429999999992,0.002591353507075733,-0.007354737893190411,0.015717056777490523,-2.7312493365851935,-0.3764271362432021,-1.7324955590725502,-8.970552379987867,-19.66985283087132
veto_gex_cp_iv,veto0.255,3861,38308.02,0.4654234654234654,0.5462315462315462,0.3822843822843823,12.446899742984716,1.5831963376976932,-16.299832302919963,2.049355664359441,33.40415365809801,559,3402.8,0.4275491949910555,0.516994633273703,0.3935599284436494,7.6334525041461525,2.5715283652562775,-5.1069588769653045,10.354991248492281,52.8825144773857,-702,5664.930000000029,0.024485486023947567,0.014344629729245106,-0.01022054868208716,2.298300888076053,0.06443556224062252,-3.420768593226466,-0.31057560435413434,3.0104484978380697,-34,-1188.5349999999917,0.002591353507075733,-0.009143646658843374,0.017505965543143487,-2.8060833239730822,-0.40248741160325396,-1.1171024085265389,-7.920845363521098,-20.035450445185887
veto_gex_cp_iv,veto0.260,3846,37640.82,0.46463858554342174,0.5444617784711389,0.3832553302132085,12.266387678688519,1.56693020696686,-16.399813534413536,2.01618606338165,33.06507549014233,557,3356.8700000000003,0.4272890484739677,0.5152603231597845,0.39497307001795334,7.549253647429231,2.603128073637789,-5.104776971858364,10.210776818252183,52.12373836659896,-717,4997.730000000032,0.023700606143903902,0.012574861968837725,-0.009249600753260923,2.117788823779856,0.04816943150978936,-3.5207498247200384,-0.34374520533192543,2.671370329882386,-36,-1234.4649999999915,0.002331206989987955,-0.010877956772761821,0.01891910711744743,-2.8902821806900034,-0.37088770322174236,-1.1149205034195981,-8.065059793761195,-20.794226555972628
veto_gex_cp_iv,veto0.265,3835,37253.785,0.46388526727509777,0.5439374185136897,0.38305084745762713,12.138717201871057,1.5503671801560364,-16.568618438351486,1.9836655863701542,32.866598209855844,556,2900.300000000002,0.4226618705035971,0.5107913669064749,0.39748201438848924,6.53631153976867,2.250327291470132,-6.666979500449109,6.6964590259625405,44.64515505168967,-728,4610.695000000036,0.022947287875579925,0.012050502011388575,-0.009454083508842304,1.9901183469623938,0.031606404698965695,-3.6895547286579884,-0.37626568234342117,2.4728930495959034,-37,-1691.0349999999899,-0.0022959709803826445,-0.015346913026071496,0.021428051487983324,-3.9032242883505646,-0.7236884853893994,-2.6771230320103436,-11.579377586050839,-28.272809870881915
veto_gex_cp_iv,veto0.270,3816,36525.5,0.4638364779874214,0.5432389937106918,0.3841719077568134,11.95230635287228,1.525834599292984,-16.235955087673677,2.001083003880823,32.48949377771617,555,2780.455000000002,0.4198198198198198,0.5099099099099099,0.3981981981981982,6.256481880885733,2.147113477913609,-6.739168636648821,6.336325390837408,42.70156534553304,-747,3882.4100000000326,0.02289849858790355,0.01135207720839071,-0.00833302320965601,1.803707497963618,0.007073823835913373,-3.3568913779801797,-0.35884826483275223,2.095788617456229,-38,-1810.8799999999896,-0.005138021664159942,-0.01622837002263644,0.022144235297692272,-4.1830539472335015,-0.8269022989459223,-2.7493121682100554,-11.93951122117597,-30.216399577038544
veto_gex_cp_iv,veto0.275,3801,35660.99500000001,0.4630360431465404,0.5422257300710339,0.38595106550907654,11.685458069463493,1.5067492244151497,-16.060047199686302,1.994735281537752,32.035542772375834,552,3006.5250000000015,0.4221014492753623,0.5126811594202898,0.39492753623188404,6.776180767571609,2.2836606654158285,-6.666100661109356,6.95678982023108,46.374661219841244,-762,3017.9050000000425,0.022098063747022556,0.010338813568732785,-0.006553865457392893,1.5368592145548305,-0.012011551041920976,-3.180983489992805,-0.36519598717582347,1.6418376121158929,-41,-1584.8099999999904,-0.002856392208617442,-0.01345712051225656,0.018873573331378124,-3.6633550605476257,-0.690355111443703,-2.67624419267059,-11.319046791782299,-26.54330370273034
veto_gex_cp_iv,veto0.280,3785,35270.84500000001,0.4631439894319683,0.5418758256274769,0.38599735799207396,11.590206598780423,1.49573215574193,-15.704581411192667,2.0266934499540414,31.82837228033417,549,3109.1450000000013,0.424408014571949,0.51183970856102,0.39526411657559196,7.023073866687089,2.3131693059736844,-7.136538749919641,6.733167703697229,48.05151222714272,-778,2627.755000000041,0.02220601003245043,0.009988909125175804,-0.00650757297439547,1.44160774387176,-0.023028619715140586,-2.8255177014991695,-0.33323781875953395,1.4346671200742307,-44,-1482.1899999999905,-0.0005498269120307597,-0.014298571371526347,0.01921015367508605,-3.4164619614321454,-0.660846470885847,-3.1466822814808753,-11.542668908316148,-24.866452695428862
veto_gex_cp_iv,veto0.285,3763,34929.245,0.46346000531490833,0.5421206484188148,0.3861280892904597,11.526130629620162,1.4969948007818097,-15.4186009535305,2.0524417783592783,31.645780760876207,549,2831.8300000000017,0.4207650273224044,0.5100182149362478,0.3970856102003643,6.391958469638974,2.1390959125420035,-7.136538749919641,6.100119954734646,43.53374243612185,-800,2286.155000000035,0.022522025915390487,0.010233731916513666,-0.006376841676009715,1.3775317747114997,-0.02176597467526098,-2.539537243837003,-0.30748949035429707,1.2520756006162657,-44,-1759.50499999999,-0.004192814161575353,-0.01612006499629859,0.021031647299858403,-4.047577358480261,-0.834919864317528,-3.1466822814808753,-12.175716657278732,-29.384222486449737
veto_gex_cp_iv,veto0.290,3748,34433.73000000001,0.4626467449306297,0.541889007470651,0.3874066168623266,11.388336557253798,1.4906184740344937,-15.237115421553792,2.05937223103766,31.37889238026357,546,3051.7200000000016,0.4230769230769231,0.510989010989011,0.3956043956043956,6.932199728365502,2.2480762245286643,-6.999162217313976,6.731153518592716,47.112435386274164,-815,1790.640000000043,0.02170876553111184,0.01000209096834992,-0.005098314104142854,1.2397377023451348,-0.02814230142257701,-2.358051711860295,-0.3005590376759155,0.9851872200036276,-47,-1539.6149999999902,-0.0018809184070566753,-0.01514926894353541,0.019550432703889675,-3.507336099753733,-0.7259395523308672,-3.00930574887521,-11.544683093420662,-25.80552953629742
veto_gex_cp_iv,veto0.295,3732,34516.99500000001,0.4627545551982851,0.5415326902465166,0.38772775991425507,11.456722644643595,1.4918773243250034,-15.553928132111885,2.020319801155632,31.42390899105727,543,3142.4400000000005,0.42357274401473294,0.5119705340699816,0.39226519337016574,7.1818056535430825,2.3421417206933075,-6.638820473966166,7.32010102086723,48.596836528834,-831,1873.9050000000425,0.02181657579876728,0.009645773744215491,-0.0047771710522143684,1.3081237897349318,-0.02688345113206725,-2.6748644224183877,-0.3396114675579436,1.0302038307973298,-50,-1448.8949999999913,-0.0013850974692468099,-0.014167745862564751,0.016211230469659832,-3.257730174576152,-0.6318740561662239,-2.6489640055274,-10.955735591146148,-24.321128393737588
veto_gex_cp_iv,veto0.300,3720,34100.34000000001,0.46182795698924733,0.5408602150537635,0.38844086021505375,11.334299675230685,1.4803884695158938,-15.61009797627959,1.9985751683641382,31.197954191123678,543,2814.7000000000003,0.42173112338858193,0.5101289134438306,0.39594843462246776,6.4229840918929195,2.1111250491163114,-6.695106310340666,6.460853699658762,43.25610237477322,-843,1457.2500000000437,0.02088997758972949,0.008973298551462339,-0.004064070751415683,1.1857008203220225,-0.03837230594117691,-2.731034266586093,-0.3613561003494372,0.8042490308637369,-50,-1776.6349999999916,-0.003226718095397818,-0.01600936648871576,0.01989447172196185,-4.016551736226315,-0.8628907277432201,-2.7052498419019004,-11.814982912354616,-29.661862547798364
veto_gex_cp_iv,tilt0.005,4563,32813.76999999997,0.44093797939951784,0.5321060705676091,0.39272408503177736,10.199047236832639,1.5226142587011775,-12.879063709693497,2.367334597460238,30.489053102852015,593,4591.334999999992,0.42495784148397975,0.5261382799325464,0.3760539629005059,10.439535828119235,2.9740157768595314,-3.9898564684387656,18.27583661201338,72.91796492257158,0,170.6800000000003,0.0,0.00021915406530792492,0.00021915406530792492,0.05044838192397627,0.0038534832441068367,0.0,0.0074033287466628295,0.09534794259207402,0,0.0,0.0,0.0,0.0,0.0,0.0,0.0,0.0,0.0
veto_gex_cp_iv,tilt0.010,4563,32776.00999999997,0.44093797939951784,0.5321060705676091,0.39272408503177736,10.187698401449396,1.5221911217141624,-12.879063709693497,2.3656988188888572,30.46798580641625,593,4591.334999999992,0.42495784148397975,0.5261382799325464,0.3760539629005059,10.439535828119235,2.9740157768595314,-3.9898564684387656,18.27583661201338,72.91796492257158,0,132.92000000000553,0.0,0.00021915406530792492,0.00021915406530792492,0.03909954654073289,0.00343034625709171,0.0,0.005767550175281855,0.07428064615631058,0,0.0,0.0,0.0,0.0,0.0,0.0,0.0,0.0,0.0
veto_gex_cp_iv,tilt0.020,4563,32080.26499999997,0.4402805172035941,0.5316677624369932,0.393600701293009,9.967942826241416,1.4988417864312171,-12.879063709693497,2.335345669315988,30.077065659277412,593,4591.334999999992,0.42495784148397975,0.5261382799325464,0.3760539629005059,10.439535828119235,2.9740157768595314,-3.9898564684387656,18.27583661201338,72.91796492257158,0,-562.8249999999971,-0.0006574621959237192,-0.00021915406530792492,0.001095770326539569,-0.18065602866724717,-0.01991898902585354,0.0,-0.0245855993975872,-0.3166395009825287,0,0.0,0.0,0.0,0.0,0.0,0.0,0.0,0.0,0.0
veto_gex_cp_iv,tilt0.030,4563,31765.874999999975,0.4400613631382862,0.5314486083716853,0.3938198553583169,9.869814625658785,1.4863359220490493,-12.92609024334363,2.3130493026057,29.898684022784327,593,4591.334999999992,0.42495784148397975,0.5261382799325464,0.3760539629005059,10.439535828119235,2.9740157768595314,-3.9898564684387656,18.27583661201338,72.91796492257158,0,-877.2149999999929,-0.0008766162612316442,-0.00043830813061584983,0.0013149243918474385,-0.27878422924987767,-0.03242485340802137,-0.04702653365013276,-0.04688196610787543,-0.4950211374756144,0,0.0,0.0,0.0,0.0,0.0,0.0,0.0,0.0,0.0
veto_gex_cp_iv,tilt0.040,4563,31222.62499999997,0.4394039009423625,0.5303528380451458,0.39491562568485644,9.68223420633053,1.4607594301296103,-13.058330164253828,2.2658216575843007,29.587847298052683,593,4524.584999999992,0.42495784148397975,0.524451939291737,0.3777403035413153,10.287267310227394,2.9532558552928294,-3.9898564684387656,17.988770624956754,71.77261283724496,0,-1420.4649999999965,-0.0015340784571553634,-0.0015340784571553634,0.0024106947183870076,-0.4663646485781321,-0.058001345327460374,-0.17926645456033086,-0.09410961112927474,-0.8058578622072581,0,-66.75,0.0,-0.001686340640809414,0.001686340640809414,-0.15226851789184082,-0.020759921566702033,0.0,-0.287065987056625,-1.1453520853266212
veto_gex_cp_iv,tilt0.050,4563,31186.54499999997,0.4394039009423625,0.5303528380451458,0.39491562568485644,9.665468323674892,1.4598613860312506,-13.058330164253828,2.2642316743799653,29.56708477241485,593,4524.584999999992,0.42495784148397975,0.524451939291737,0.3777403035413153,10.287267310227394,2.9532558552928294,-3.9898564684387656,17.988770624956754,71.77261283724496,0,-1456.5449999999983,-0.0015340784571553634,-0.0015340784571553634,0.0024106947183870076,-0.4831305312337708,-0.05889938942582007,-0.17926645456033086,-0.09569959433361008,-0.8266203878450895,0,-66.75,0.0,-0.001686340640809414,0.001686340640809414,-0.15226851789184082,-0.020759921566702033,0.0,-0.287065987056625,-1.1453520853266212
veto_gex_cp_iv,tilt0.075,4563,31471.17999999997,0.4400613631382862,0.5310103002410694,0.3938198553583169,9.729346649868216,1.4728833119077167,-12.879063709693497,2.3084347503739764,29.730478219736845,593,4608.284999999993,0.42495784148397975,0.524451939291737,0.3777403035413153,10.461800444417387,2.983323384672318,-3.9619231797097596,18.478193372563567,73.20918264191884,0,-1171.9099999999962,-0.0008766162612316442,-0.0008766162612316997,0.0013149243918474385,-0.419252205040447,-0.04587746354935396,0.0,-0.05149651833959901,-0.6632269405230957,0,16.950000000000728,0.0,-0.001686340640809414,0.001686340640809414,0.022264616298151907,0.0093076078127865,0.027933288729006023,0.20235676055018814,0.2912177193472587
veto_gex_cp_iv,tilt0.100,4563,31801.849999999973,0.44071882533421,0.5316677624369932,0.393600701293009,9.826156361636631,1.4795442703682828,-12.879063709693497,2.32308434939808,29.919151338889737,593,4608.284999999993,0.42495784148397975,0.524451939291737,0.3777403035413153,10.461800444417387,2.983323384672318,-3.9619231797097596,18.478193372563567,73.20918264191884,0,-841.2399999999943,-0.0002191540653078694,-0.00021915406530792492,0.001095770326539569,-0.3224424932720318,-0.03921650508878782,0.0,-0.03684691931549544,-0.4745538213702041,0,16.950000000000728,0.0,-0.001686340640809414,0.001686340640809414,0.022264616298151907,0.0093076078127865,0.027933288729006023,0.20235676055018814,0.2912177193472587
veto_gex_cp_iv,tilt0.150,4563,32376.329999999973,0.44093797939951784,0.532325224632917,0.3933815472277011,9.990249300094135,1.497514866197963,-12.879063709693497,2.3483117889809435,30.244057140509884,593,4432.1149999999925,0.42495784148397975,0.524451939291737,0.3794266441821248,10.032664166865661,2.8294785831085014,-4.467712698729449,15.710464364402421,70.18984114377717,0,-266.75999999999476,0.0,0.00043830813061584983,0.0008766162612316442,-0.15834955481452795,-0.021245909259107743,0.0,-0.011619479732631888,-0.1496480197500567,0,-159.21999999999935,0.0,-0.001686340640809414,0.0033726812816188834,-0.40687166125357344,-0.14453719375103002,-0.47785623029068347,-2.5653722476109575,-2.728123778794412
veto_gex_cp_iv,tilt0.200,4563,33090.24499999997,0.44225290379136534,0.5336401490247644,0.39250493096646943,10.2094151831731,1.5124041744167795,-12.879063709693497,2.379275830535659,30.642845004402663,593,4722.859999999992,0.4266441821247892,0.524451939291737,0.3794266441821248,10.680595498729378,3.0515202335493536,-4.402591219972636,17.076687128032052,75.18167281609362,0,447.1550000000061,0.001314924391847494,0.0017532325224632883,0.0,0.06081632826443695,-0.006356601040291121,0.0,0.019344561822083772,0.2491398441427215,0,131.52500000000055,0.0016863406408094694,-0.001686340640809414,0.0033726812816188834,0.24105967061014333,0.0775044566898222,-0.4127347515338702,-1.1991494839813264,2.2637078935220387
veto_gex_cp_iv,tilt0.250,4563,32066.33999999997,0.44071882533421,0.532325224632917,0.393600701293009,9.877497960743067,1.4767605257173,-12.879063709693497,2.334733993118256,30.06918784255712,593,4587.839999999993,0.42495784148397975,0.521079258010118,0.3794266441821248,10.351489082498453,3.108959522533191,-3.5912746250981966,20.28748672229651,72.85793627280003,0,-576.7499999999964,-0.0002191540653078694,0.00043830813061584983,0.001095770326539569,-0.27110089416559546,-0.04200024973977068,0.0,-0.02519727559531937,-0.32451731770282066,0,-3.4949999999989814,0.0,-0.005059021922428353,0.0033726812816188834,-0.08804674562078141,0.13494374567365952,0.398581843340569,2.0116501102831315,-0.06002864977155298
veto_gex_cp_iv,tilt0.300,4563,32407.664999999975,0.4400613631382862,0.5329826868288406,0.39316239316239315,9.944112271685475,1.4915262082351233,-12.879063709693497,2.3496797651199675,30.261675392357713,593,4546.754999999992,0.42327150084317033,0.5193929173693086,0.3811129848229342,10.23865664829072,3.090514700812496,-3.5946175339749,20.07244489338651,72.1527623635121,0,-235.424999999992,-0.0008766162612316442,0.0010957703265395136,0.0006574621959237192,-0.20448658322318813,-0.027234567221947392,0.0,-0.010251503593607936,-0.1320297679022282,0,-44.57999999999993,-0.001686340640809414,-0.006745362563237767,0.005059021922428297,-0.20087917982851522,0.11649892395296435,0.3952389344638658,1.7966082813731319,-0.7652025590594889
veto_gex_cp_iv,tilt0.400,4563,31907.20499999998,0.43984220907297833,0.532325224632917,0.39294323909708523,9.747044631780996,1.4723922536916603,-12.90934852700561,2.3222712127889222,29.979008460124202,593,4431.764999999993,0.42158516020236086,0.5177065767284992,0.3827993254637437,9.976347688750245,3.019688655093408,-4.316154451813474,16.26073852400373,70.18385897015355,0,-735.8849999999875,-0.0010957703265395136,0.00043830813061584983,0.0004383081306157943,-0.40155422312766653,-0.0463685217654104,-0.030284817312113077,-0.03766005592465316,-0.4146967001357389,0,-159.5699999999988,-0.0033726812816188834,-0.00843170320404718,0.006745362563237767,-0.46318813936898984,0.045672878233876446,-0.32629798337470817,-2.0150980880096476,-2.734105952418034
veto_gex_cp_iv,tilt0.500,4563,32685.204999999973,0.43984220907297833,0.5325443786982249,0.3916283147052378,9.941342039605065,1.4926403891970907,-13.229166457610402,2.299257563679531,30.417261038836262,593,4756.004999999991,0.42495784148397975,0.5193929173693086,0.3811129848229342,10.677888016552934,3.1833119779698653,-4.267689401592616,17.750489899224316,75.75357761599639,0,42.11500000000524,-0.0010957703265395136,0.0006574621959237748,-0.0008766162612316442,-0.20725681530359807,-0.026120386259979922,-0.350102747916905,-0.060673705034044456,0.02355587857632102,0,164.66999999999916,0.0,-0.006745362563237767,0.005059021922428297,0.23835218843369965,0.20929620111033387,-0.27783293315385027,-0.5253467127890623,2.8356126934248067
veto_gex_cp_iv,tilt0.750,4563,33253.999999999985,0.4418145956607495,0.5334209949594565,0.39119000657462194,10.001021936384786,1.498781775489942,-12.879063709693497,2.386319086071729,30.733555541175363,593,4920.04999999999,0.42833052276559863,0.521079258010118,0.3811129848229342,10.949691353147749,3.4638283702817367,-4.216702326283054,18.638404550503324,78.59260382631201,0,610.910000000018,0.0008766162612316442,0.0015340784571553634,-0.001314924391847494,-0.14757691852387644,-0.019978999967128708,0.0,0.026387817358153765,0.3398503809154221,0,328.7149999999983,0.0033726812816188834,-0.005059021922428353,0.005059021922428297,0.5101555250285141,0.4898125934222053,-0.226845857844288,0.3625679384899456,5.67463890374043
veto_gex_cp_iv,tilt1.000,4563,34554.11499999998,0.44466359850975234,0.5347359193513039,0.39075169844400615,10.287698211850726,1.5040496134694261,-12.879063709693497,2.441478370513716,31.443955479684817,593,4356.214999999993,0.42495784148397975,0.5143338954468802,0.38785834738617203,9.60516474822744,3.199513216281839,-5.136478103261206,13.412710058501501,68.89409152088429,0,1911.025000000016,0.0037256191102345015,0.002849002849002802,-0.0017532325224632883,0.13909935694206332,-0.01471116198764455,0.0,0.0815471018001408,1.050250319424876,0,-235.11999999999898,0.0,-0.01180438448566612,0.01180438448566612,-0.8343710798917954,0.2254974394223077,-1.1466216348224405,-4.8631265535118775,-4.023873401687297
veto_top4_bad,veto0.030,4443,33904.17999999998,0.4490209318028359,0.536799459824443,0.38825118163403105,10.525287082169283,1.5416684978089208,-13.76857118459101,2.2581116456105357,31.09097093534261,589,3850.759999999992,0.41765704584040747,0.5229202037351444,0.3769100169779287,8.683966675484209,2.5026183895884713,-4.8090149010771865,12.548084820291415,60.34392688076187,-120,1261.090000000011,0.008082952403318078,0.00491254332214186,-0.0042537493324383835,0.3766882272606207,0.022907722351850124,-0.8895074748975134,-0.10181962310303971,0.6972657750826698,-4,-740.5749999999998,-0.007300795643572278,-0.003218076197401998,0.0008560540774227854,-1.7555691526350259,-0.4713973872710602,-0.8191584326384209,-5.727751791721964,-12.574038041809715
veto_top4_bad,veto0.035,4431,33577.799999999974,0.44888287068381855,0.5366734371473708,0.38839990972692395,10.417664975293336,1.5198687338019747,-12.887251847698394,2.398657142682176,30.912098694025826,588,3552.9999999999927,0.413265306122449,0.5204081632653061,0.37755102040816324,7.9765404848155965,2.251915404075298,-6.186142649049463,8.950975808519969,55.37201319969538,-132,934.7100000000064,0.007944891284300704,0.004786520645069681,-0.004105021239545481,0.26906612038467337,0.0011079583449040697,-0.008188138004896928,0.0387258739686005,0.5183935337658845,-5,-1038.3349999999991,-0.011692535361530754,-0.005730116667240215,0.001497057507657329,-2.4629953433036382,-0.7221003727842334,-2.1962861806106977,-9.32486080349341,-17.545951722876204
veto_top4_bad,veto0.040,4416,32778.14999999997,0.4485960144927536,0.5364583333333334,0.38903985507246375,10.177248430254009,1.4945474701960961,-13.789543002214938,2.2095859282522428,30.46918017472331,587,2815.964999999991,0.41056218057921634,0.514480408858603,0.38160136286201024,6.3136529958834995,1.8324056787720242,-6.253487127023814,6.920394764600044,43.276599574349376,-147,135.06000000000495,0.00765803509323576,0.004571416831032238,-0.003465075894005687,0.02864957534534618,-0.024213305260974538,-0.9104792925214404,-0.15034534046133263,0.07547501446336824,-6,-1775.3700000000008,-0.014395660904763408,-0.011657871073943338,0.005547399961504329,-4.125882832235735,-1.1416100980875072,-2.2636306585850487,-11.355441847413335,-29.64136534822221
veto_top4_bad,veto0.045,4404,32139.069999999974,0.4493642143505904,0.5361035422343324,0.3891916439600363,9.971175828624336,1.4701578201621548,-13.812601844784492,2.179915876227412,30.11031005345375,587,2799.6149999999907,0.4122657580919932,0.514480408858603,0.3833049403747871,6.275947888122101,1.813366620171062,-6.379029934424063,6.742678091376938,43.01174538307879,-159,-504.01999999999316,0.008426234951072531,0.004216625732031298,-0.00331328700643313,-0.17742302628432682,-0.04860295529491587,-0.9335381350909948,-0.1800153924861636,-0.28339510680619284,-6,-1791.7200000000012,-0.012692083391986575,-0.011657871073943338,0.007250977474281162,-4.163587939997134,-1.1606491566884694,-2.389173465985297,-11.53315852063644,-29.906219539492795
veto_top4_bad,veto0.050,4384,31536.904999999977,0.44913321167883213,0.5348996350364964,0.3907390510948905,9.805965242494933,1.4416525412365795,-14.098939097225536,2.111370004186076,29.768077100728306,586,3020.63499999999,0.41638225255972694,0.5170648464163823,0.3822525597269625,6.777710239303824,1.983629698040089,-4.710525082218655,9.893774468797611,46.6048727930857,-179,-1106.1849999999904,0.00819523227931429,0.003012718534195269,-0.0017658798715789459,-0.3426336124137297,-0.07710823422049118,-1.2198753875320385,-0.2485612645274995,-0.6256280595316355,-7,-1570.7000000000016,-0.008575588924252808,-0.009073433516164076,0.0061985968264565705,-3.661825588815411,-0.9903860788194425,-0.720668613779889,-8.382062143215768,-26.313092129485888
veto_top4_bad,veto0.055,4371,31018.239999999976,0.44863875543353926,0.5339739190116678,0.3914436055822466,9.65938761550777,1.4262144359169489,-15.478562225864623,1.9039259001684028,29.47003551919194,586,3098.0899999999883,0.4180887372013652,0.5170648464163823,0.3822525597269625,6.953117197467928,2.051800940578244,-4.678772772922601,10.23144038941678,47.87058472178385,-192,-1624.8499999999913,0.007700776034021417,0.0020870025093666644,-0.001061325384222822,-0.48921123940089295,-0.09254633954012181,-2.599498516171126,-0.4560053685451726,-0.9236696410680025,-7,-1493.2450000000035,-0.006869104282614558,-0.009073433516164076,0.0061985968264565705,-3.4864186306513067,-0.9222148362812876,-0.6889163044838353,-8.044396222596598,-25.047380200787735
veto_top4_bad,veto0.060,4360,30936.514999999974,0.44908256880733943,0.5337155963302752,0.39105504587155965,9.635558868684111,1.418689169550809,-15.893485778795283,1.851248597921198,29.422793264075263,583,3048.99999999999,0.41852487135506006,0.5180102915951973,0.38421955403087477,6.890264681981156,1.9973961232200408,-4.678772772922601,10.059903143996936,47.06800092837133,-203,-1706.5749999999935,0.00814458940782159,0.001828679827974078,-0.0014498850949097863,-0.5130399862245518,-0.10007160590626163,-3.0144220691017853,-0.5086826707923775,-0.9709118961846777,-10,-1542.3350000000019,-0.0064329701289196906,-0.008127988337349068,0.008165591130368854,-3.5492711461380786,-0.9766196536394907,-0.6889163044838353,-8.215933468016443,-25.84996399420025
veto_top4_bad,veto0.065,4349,31739.434999999972,0.45021844102092434,0.533915842722465,0.390894458496206,9.895819238139293,1.4404296389658002,-14.717928954527496,2.030423735384303,29.883632284972506,582,2893.2699999999904,0.4175257731958763,0.5171821305841925,0.3848797250859107,6.552104981512901,1.8810240844527788,-4.6578803274257075,9.560340280404015,44.530920915589434,-214,-903.6549999999952,0.0092804616214065,0.002028926220163818,-0.0016104724702634132,-0.2527796167693701,-0.07833113649127044,-1.8388652448339986,-0.3295075333292723,-0.5100728752874346,-11,-1698.0650000000014,-0.007432068288103444,-0.00895614934835387,0.008825762185404762,-3.8874308466063336,-1.0929916924067526,-0.6680238589869418,-8.715496331609364,-28.38704400698215
veto_top4_bad,veto0.070,4339,31460.369999999974,0.45056464623185066,0.533302604286702,0.39133440884996545,9.795457925111014,1.423976754918259,-16.121096728527036,1.8438131134160396,29.724289550706562,581,2894.12999999999,0.41824440619621345,0.5163511187607573,0.387263339070568,6.5658272888389355,1.896011547891493,-4.6578803274257075,9.563340161286972,44.544894001738776,-224,-1182.719999999994,0.00962666683233282,0.0014156877844008209,-0.0011705221165039803,-0.35314092979764844,-0.09478402053881174,-3.2420330188335384,-0.5161181552975358,-0.6694156095533792,-12,-1697.2050000000017,-0.006713435287766301,-0.009787161171789016,0.011209376170062069,-3.8737085392802992,-1.0780042289680385,-0.6680238589869418,-8.712496450726407,-28.37307092083281
veto_top4_bad,veto0.075,4329,31914.334999999977,0.45137445137445137,0.5340725340725341,0.39154539154539153,9.938181757826477,1.432198509249197,-16.290146453865574,1.8405638641285411,29.983054904346673,581,3004.57499999999,0.4199655765920826,0.5163511187607573,0.387263339070568,6.825677081404678,1.9829115730480114,-4.6578803274257075,9.949344246521944,46.34285483666072,-234,-728.7549999999901,0.010436471974933526,0.002185617570232945,-0.000959539421077904,-0.21041709708218548,-0.08656226620787377,-3.4110827441720772,-0.5193674045850343,-0.41065025591326787,-12,-1586.760000000002,-0.004992264891897136,-0.009787161171789016,0.011209376170062069,-3.6138587467145564,-0.9911042038115201,-0.6680238589869418,-8.326492365491434,-26.575110085910865
veto_top4_bad,veto0.080,4312,32107.089999999975,0.4517625231910946,0.5347866419294991,0.39007421150278293,10.02729820989477,1.4385195814553897,-15.538416113628351,1.9366346734442206,30.092235416057058,581,3151.3249999999894,0.42168674698795183,0.5180722891566265,0.3855421686746988,7.142305101586578,2.1098900764342767,-4.6578803274257075,10.464516408789082,48.74246511652218,-251,-535.9999999999927,0.010824543791576768,0.0028997254271979633,-0.0024307194636865037,-0.1213006450138927,-0.08024119400168095,-2.6593524039348537,-0.4232965952693548,-0.3014697442028833,-12,-1440.0100000000025,-0.0032710944960279154,-0.008065990775919851,0.009488205774192904,-3.297230726532657,-0.8641257004252547,-0.6680238589869418,-7.811320203224296,-24.1754998060494
veto_top4_bad,veto0.085,4302,31743.964999999975,0.4507205950720595,0.5341701534170153,0.3907484890748489,9.928916088899795,1.4301260357970393,-15.849189984058365,1.8856617721136744,29.886211671905794,581,2906.814999999989,0.4199655765920826,0.5163511187607573,0.387263339070568,6.588956460024995,1.9491057257595237,-4.6578803274257075,9.607598847282446,44.75104566455481,-261,-899.1249999999927,0.009782615672541684,0.002283236914714215,-0.0017564418916205526,-0.2196827660088676,-0.08863473966003133,-2.9701262743648673,-0.47426949659990103,-0.5074934883541466,-12,-1684.5200000000027,-0.004992264891897136,-0.009787161171789016,0.011209376170062069,-3.85057936809424,-1.0249100511000078,-0.6680238589869418,-8.668237764730932,-28.166919258016776
veto_top4_bad,veto0.090,4288,32735.194999999978,0.4519589552238806,0.5354477611940298,0.38969216417910446,10.25597488828463,1.4519903344231653,-17.244242017096763,1.76552828014316,30.445196950817266,579,2693.8449999999893,0.41796200345423146,0.5129533678756477,0.3903281519861831,6.129450335967335,1.8093128781970165,-4.710556036971574,8.767977758112478,41.302050560509215,-275,92.10500000001048,0.011020975824362733,0.003560844691728682,-0.002812766787364973,0.10737603337596724,-0.06677044103390539,-4.365178307403266,-0.5944029885704154,0.05149179055732489,-14,-1897.4900000000025,-0.006995838029748291,-0.013184912056898646,0.01427418908567718,-4.3100854921519,-1.164702898662515,-0.7206995685328081,-9.5078588539009,-31.61591436206237
veto_top4_bad,veto0.095,4275,32522.474999999977,0.45309941520467834,0.536374269005848,0.3897076023391813,10.203158540782022,1.4395138651338144,-18.901080744999568,1.6044657724137388,30.326137116980178,579,2696.834999999989,0.41968911917098445,0.5146804835924007,0.38860103626943004,6.122738795746806,1.8047482831797164,-4.890437208503567,8.455336881625177,41.350294096332284,-288,-120.61499999999069,0.012161435805160492,0.004487352503546815,-0.0027973286272881537,0.05455968587335924,-0.07924691032325626,-6.022017035306071,-0.7554654962998366,-0.0675680432797634,-14,-1894.5000000000027,-0.0052687223129953,-0.011457796340145654,0.012547073368924133,-4.3167970323724285,-1.169267493679815,-0.9005807400648012,-9.820499730388201,-31.5676708262393
veto_top4_bad,veto0.100,4263,32775.28499999998,0.45343654703260616,0.5371803893971382,0.3884588318085855,10.291915758693643,1.449973760716755,-18.40289823143437,1.6555860266172806,30.46758116122261,579,2714.6999999999894,0.4214162348877375,0.5164075993091537,0.38860103626943004,6.146604220228953,1.8196369776675148,-4.890437208503567,8.514300416264053,41.63865156007513,-300,132.19500000001426,0.01249856763308832,0.005293472894837059,-0.004046099157883953,0.14331690378497974,-0.06878701474031557,-5.5238345217408735,-0.7043452420962948,0.07387600096267022,-14,-1876.6350000000025,-0.0035416065962422527,-0.009730680623392662,0.012547073368924133,-4.2929316078902815,-1.1543787991920167,-0.9005807400648012,-9.761536195749326,-31.279313362496453
veto_top4_bad,veto0.105,4254,32140.55499999998,0.4522802068641279,0.535966149506347,0.3902209685002351,10.107676342571217,1.4268471859537675,-19.331678732446566,1.5576065327064212,30.11114908184056,578,2738.7799999999907,0.42387543252595156,0.5173010380622838,0.3892733564013841,6.21785819692599,1.8083517941048584,-4.890437208503567,8.59383552130151,42.02761299713256,-309,-502.53499999998894,0.011342227464610055,0.00407923300404589,-0.002283962466234357,-0.04092251233744548,-0.0919135895033032,-6.4526150227530685,-0.8023247360071541,-0.2825560784193826,-15,-1852.5550000000012,-0.0010824089580281915,-0.00883724187026258,0.013219393500878196,-4.221677631193245,-1.165663982754673,-0.9005807400648012,-9.682001090711868,-30.890351925439028
veto_top4_bad,veto0.110,4242,32216.24499999998,0.4526166902404526,0.5365393682225366,0.3896746817538897,10.139453245409218,1.4262748730234012,-19.284872373944467,1.5636028883566901,30.153882145489707,577,2730.6299999999906,0.42287694974003465,0.5164644714038128,0.389948006932409,6.212125865487296,1.769499560350858,-5.1018172992590065,8.211962035048007,41.89592997126612,-321,-426.8449999999866,0.011678710840934747,0.004652451720235429,-0.0028302492125797385,-0.009145609499444873,-0.0924859024336695,-6.405808664250969,-0.7963283803568852,-0.23982301477023427,-16,-1860.7050000000013,-0.0020808917439451013,-0.009673808528733563,0.013894044031903086,-4.227409962631938,-1.2045162165086734,-1.1119608308202409,-10.063874576965372,-31.022034951305464
veto_top4_bad,veto0.115,4231,32135.739999999983,0.4526116757267785,0.5360434885369889,0.3899787284329946,10.09897077720247,1.409202461133485,-20.688226209142396,1.4553412266310346,30.10842850803361,575,2467.5899999999906,0.42086956521739133,0.5147826086956522,0.391304347826087,5.643806140099869,1.6040310465256071,-5.182285596278135,7.268278778024636,37.66629642109112,-332,-507.349999999984,0.011673696327260674,0.004156572034687778,-0.002526202533474853,-0.04962807770619193,-0.10955831432358565,-7.809162499448899,-0.9045900420825408,-0.2852766522263295,-18,-2123.7450000000013,-0.00408827626658842,-0.011355671236894183,0.015250384925581062,-4.795729688019366,-1.3699847303339243,-1.192429127839369,-11.007557833988741,-35.25166850148047
veto_top4_bad,veto0.120,4212,32553.839999999986,0.45346628679962014,0.5372744539411206,0.3898385565052232,10.25842380374417,1.4258868693945868,-20.50492902533248,1.4798257861660893,30.3437227151925,575,2314.849999999992,0.4191304347826087,0.5130434782608696,0.391304347826087,5.2822923576592204,1.4944542169581998,-6.450214800351308,5.461609537405239,35.22855467191113,-351,-89.24999999998181,0.012528307400102301,0.0053875374388194786,-0.002666374461246235,0.10982494883550764,-0.09287390606248391,-7.625865315638983,-0.8801054825474861,-0.04998244506744243,-18,-2276.4849999999997,-0.005827406701371052,-0.013094801671676759,0.015250384925581062,-5.157243470460014,-1.4795615599013316,-2.460358331912542,-12.81422707460814,-37.68941025066046
veto_top4_bad,veto0.125,4204,31920.959999999985,0.45313986679352997,0.5371075166508088,0.3908182683158896,10.0594146245939,1.4062203092167473,-21.164709102024297,1.4168309188906858,29.986814245075145,574,2223.5799999999927,0.4181184668989547,0.5121951219512195,0.39372822299651566,5.079635586095966,1.4348137279733923,-6.445992722737692,5.240207656468387,33.77834041922956,-359,-722.1299999999828,0.012201887394012123,0.00522060014850767,-0.0016866626505798177,-0.0891842303147623,-0.11254046624032332,-8.2856453923308,-0.9431003498228896,-0.40689091518479614,-19,-2367.754999999999,-0.006839374585025038,-0.013943157981326837,0.017674260096009753,-5.359900242023269,-1.539202048886139,-2.4561362542989267,-13.035628955544992,-39.13962450334203
veto_top4_bad,veto0.130,4192,31707.849999999988,0.45395992366412213,0.5367366412213741,0.39122137404580154,10.008187953573122,1.4075511350128647,-22.02089093714575,1.356241283663944,29.86564139201826,574,2117.4549999999927,0.41986062717770034,0.5104529616724739,0.39547038327526135,4.860414201020428,1.4151901582291568,-6.445992722737692,4.979558978269481,32.098200936368215,-371,-935.2399999999798,0.01302194426460429,0.0048497247190729675,-0.0012835569206678943,-0.14041090133554057,-0.111209640444206,-9.141827227452254,-1.0036899850496315,-0.5280637682416796,-19,-2473.879999999999,-0.005097214306279407,-0.015685318260072467,0.01941642037475544,-5.579121627098806,-1.5588256186303746,-2.4561362542989267,-13.296277633743898,-40.81976398620337
veto_top4_bad,veto0.135,4181,32140.30999999999,0.45515426931356134,0.5383879454675915,0.3898588854341067,10.136958002048186,1.4216606916060912,-23.0567336372594,1.305953008421224,30.111010657945748,573,1864.484999999992,0.41710296684118675,0.5078534031413613,0.39790575916230364,4.264644293324781,1.2124804728952814,-9.04857058838115,3.107665570819334,28.119931282640543,-382,-502.779999999977,0.0142162899140435,0.0065010289652903674,-0.0026460455323627508,-0.011640852860477224,-0.09710008385097946,-10.177669927565901,-1.0539782602923513,-0.28269450231419313,-20,-2726.85,-0.007854874642792997,-0.018284876791185067,0.02185179626179773,-6.174891534794454,-1.76153530396425,-5.058714119942384,-15.168171041194045,-44.79803363993104
veto_top4_bad,veto0.140,4173,32513.744999999995,0.4550682961897915,0.5382219027078841,0.38892882818116464,10.268674130194883,1.4360580072877367,-22.701943483915638,1.3356231175943685,30.321240531438566,572,1781.594999999994,0.4160839160839161,0.506993006993007,0.40034965034965037,4.09001971323407,1.1597518607928892,-8.68327802164875,3.0892265705444197,26.824613183901704,-390,-129.34499999997206,0.014130316790273656,0.0063349862055829265,-0.003576102785304791,0.12007527528622042,-0.08270276816933397,-9.822879774222141,-1.024308151119207,-0.0724646288213755,-21,-2809.739999999998,-0.008873925400063654,-0.01914527293953938,0.024295687449144454,-6.349516114885165,-1.8142639160666423,-4.693421553209984,-15.18661004146896,-46.09335173866988
veto_top4_bad,veto0.145,4164,33161.409999999996,0.45605187319884727,0.5391450528338136,0.38808837656099904,10.49309899235726,1.4563779264983898,-21.409508479860435,1.433115606357544,30.682300726932166,571,1565.914999999994,0.415061295971979,0.5043782837127846,0.4028021015761821,3.602501090471383,1.0411161368330253,-9.260438140248215,2.534803865460363,23.47339439375775,-399,518.3200000000288,0.015113893799329425,0.00725813633151251,-0.0044165544054703965,0.34450013744859653,-0.06238284895868085,-8.530444770166937,-0.9268156623560313,0.28859556667222463,-22,-3025.419999999998,-0.009896545512000754,-0.021759996219761768,0.026748138675676214,-6.837034737647851,-1.9328996400265062,-5.27058167180945,-15.741032746553016,-49.444570528813834
veto_top4_bad,veto0.150,4148,33234.875,0.45588235294117646,0.5388138862102217,0.38862102217936356,10.539702003273963,1.4635456197294392,-20.500889112055365,1.4986167548895877,30.722975913459692,570,1511.3449999999934,0.41403508771929826,0.5035087719298246,0.40350877192982454,3.4810535487700207,1.0007463624526134,-9.308116256951928,2.431202136993388,22.629912135284425,-415,591.7850000000326,0.014944373541658618,0.006926969707920616,-0.003883908787105872,0.3911031483652998,-0.05521515572763147,-7.621825402361868,-0.8613145138239877,0.32927075319975074,-23,-3079.9899999999984,-0.010922753764681492,-0.022629508002721788,0.027454809029318628,-6.958482279349214,-1.973269414406918,-5.318259788513163,-15.84463447501999,-50.28805278728716
veto_top4_bad,veto0.155,4139,33243.425,0.45614882821937663,0.5395022952403963,0.3887412418458565,10.561032635502293,1.470808133463636,-19.444782097925504,1.5802545869178484,30.72770610186484,569,1828.3449999999916,0.4165202108963093,0.5061511423550088,0.4024604569420035,4.222251268457009,1.2137568974125321,-8.583404816492674,3.210226251205893,27.554671466631888,-424,600.3350000000355,0.015210848819858791,0.0076153787380951465,-0.003763689120612923,0.41243378059363067,-0.04795264199343463,-6.565718388232007,-0.779676681795727,0.33400094160489857,-24,-2762.9900000000002,-0.008437630587670442,-0.01998713757753756,0.026406494041497586,-6.217284559662226,-1.7602588794469993,-4.5935483480539085,-15.065610360807487,-45.3632934559397
veto_top4_bad,veto0.160,4125,34189.80499999999,0.4567272727272727,0.5403636363636364,0.3878787878787879,10.890985140298442,1.5045990732265253,-19.303198196002043,1.618727525696428,31.24661825384214,566,1806.8749999999911,0.41519434628975266,0.5053003533568905,0.4010600706713781,4.203698766348893,1.213064635526891,-10.110827811686942,2.6920871763642307,27.219229894269237,-438,1546.7150000000256,0.01578929332775486,0.008476719861335247,-0.004626143087681556,0.7423862853897791,-0.014161702230545359,-6.424134486308546,-0.7412037430171474,0.8529130935821989,-27,-2784.460000000001,-0.00976349519422709,-0.020837926575655863,0.0250061077708722,-6.235837061770342,-1.7609511413326404,-6.1209713432481765,-15.583749435649148,-45.69873502830235
veto_top4_bad,veto0.165,4119,34018.575,0.45666423889293517,0.5399368778829813,0.38868657441126486,10.841390568245236,1.4997883250496,-19.164226735598977,1.6256021357954638,31.153407912258224,564,2143.7949999999914,0.41843971631205673,0.5088652482269503,0.39893617021276595,4.980397103845149,1.4435770304777,-9.264154746551501,3.5097204611457045,32.5145934691919,-444,1375.4850000000297,0.015726259493417327,0.008049961380680148,-0.0038183565552045717,0.6927917133365735,-0.018972450407470642,-6.285163025905479,-0.7343291329181116,0.7597027519982831,-29,-2447.5400000000004,-0.006518125171923017,-0.01727303170559602,0.02288220731226004,-5.459138724274085,-1.5304387463818314,-5.274298278112735,-14.766116150867674,-40.403371453379684
veto_top4_bad,veto0.170,4106,34190.49999999999,0.4568923526546517,0.5406721870433512,0.38821237213833415,10.927940888343258,1.510214199019673,-18.864247452504486,1.6564135971637206,31.24699598058951,562,2492.994999999991,0.42704626334519574,0.5124555160142349,0.39501779359430605,5.781207859768419,1.6691480018338598,-8.620449929423513,4.416598937082557,38.07306999546529,-457,1547.4100000000253,0.01595437325513388,0.00878527054105005,-0.0042925588281352844,0.7793420334345953,-0.008546576437397757,-5.985183742810989,-0.7035176715498548,0.853290820329569,-31,-2098.340000000001,0.0020884218612159944,-0.013682763918311469,0.018963830693800143,-4.658327968350815,-1.3048677750256716,-4.6305934609847474,-13.85923767493082,-34.844894927106296
veto_top4_bad,veto0.175,4095,33863.41499999999,0.4568986568986569,0.5404151404151404,0.3882783882783883,10.835674559752317,1.4964127448656561,-18.95856482104484,1.6387679923286262,31.068689209215773,561,2459.9449999999906,0.42780748663101603,0.5133689839572193,0.39572192513368987,5.729898205849542,1.6870658921911772,-8.620449929423513,4.355220579627558,37.54396093827421,-468,1220.3250000000262,0.015960677499139042,0.00852822391283925,-0.004226542688081147,0.6870757048436538,-0.022348030591414547,-6.079501111351341,-0.7211632763849491,0.6749840489558316,-32,-2131.3900000000012,0.002849645147036284,-0.012769295975327055,0.019667962233183955,-4.7096376222696925,-1.2869498846683542,-4.6305934609847474,-13.920616032385821,-35.374003984297374
veto_top4_bad,veto0.180,4082,34230.259999999995,0.458108770210681,0.541156295933366,0.38755512003919645,10.990280305885143,1.5116302175728578,-18.140146662255443,1.7237235021731978,31.268597134598398,560,2280.9099999999908,0.425,0.5089285714285714,0.4,5.310702313960319,1.6730495219327972,-7.789336206146445,4.453358487543297,34.68870650597058,-481,1587.1700000000274,0.017170790811163184,0.009269379431064872,-0.0049498109272729796,0.8416814509764805,-0.007130557884212907,-5.261082952561946,-0.6362077665403776,0.8748919743384569,-33,-2310.425000000001,4.21585160202409e-05,-0.017209708503974963,0.02394603709949411,-5.128833514158916,-1.3009662549267342,-3.7994797377076797,-13.82247812447008,-38.229258416601006
veto_top4_bad,veto0.185,4060,34328.465,0.45788177339901476,0.5413793103448276,0.3879310344827586,11.076672294951962,1.511883372086266,-19.06558512904331,1.642849284322,31.321882884428966,560,2357.2249999999913,0.4232142857142857,0.5107142857142857,0.3982142857142857,5.467782479575459,1.7550663823283292,-7.789336206146445,4.609315562582772,35.903508597180256,-503,1685.375000000029,0.016943793999496914,0.009492393842526425,-0.004573896483710815,0.9280734400432991,-0.006877403370804558,-6.186521419349813,-0.7170819843915754,0.928177724169025,-33,-2234.1100000000006,-0.0017435557696940385,-0.015423994218260684,0.022160322813779776,-4.971753348543776,-1.2189493945312022,-3.7994797377076797,-13.666521049430607,-37.01445632539133
veto_top4_bad,veto0.190,4045,34883.875,0.45859085290482077,0.5419035846724352,0.38739184177997527,11.270674568315368,1.5237650910813172,-17.429729633858905,1.8142246076720479,31.621444406817535,559,2017.2949999999908,0.4186046511627907,0.5062611806797853,0.40250447227191416,4.67481530575354,1.5241050120051518,-10.480625105958888,2.911901781815386,30.518550920580758,-518,2240.7850000000326,0.017652873505302924,0.010016668170134024,-0.0051130891864941685,1.122075713406705,0.005004315624246525,-4.550665924165408,-0.5457066610415275,1.2277392465575936,-34,-2574.040000000001,-0.006353190321189028,-0.019877099252761044,0.02645050937140825,-5.764720522365694,-1.4499107648543796,-6.490768637520122,-15.363934830197993,-42.39941400199083
veto_top4_bad,veto0.195,4033,35375.16499999999,0.45896355070667,0.5425241755516985,0.3863129184230102,11.45189100026063,1.5355804293961537,-19.436928421716587,1.6403779530554157,31.883908858100085,558,2167.924999999991,0.4211469534050179,0.507168458781362,0.4014336917562724,5.037074195091589,1.6319168963870967,-9.01931165507583,3.6473299929062732,32.89640591492719,-530,2732.075000000026,0.018025571307152155,0.010637259049397385,-0.0061920125434592466,1.3032921453519677,0.016819653939083024,-6.55786471202309,-0.7195533156581597,1.490203697840144,-35,-2423.4100000000008,-0.0038108880789618493,-0.018969821151184396,0.025379728855766504,-5.402461633027646,-1.3420988804724348,-5.0294551866370645,-14.628506619107105,-40.02155900764439
veto_top4_bad,veto0.200,4020,35140.965000000004,0.45945273631840794,0.5430348258706468,0.38656716417910447,11.401375505411142,1.529227809994774,-20.213242279927492,1.5712017715089859,31.759082078162404,558,1950.5349999999912,0.41935483870967744,0.5053763440860215,0.4050179211469534,4.524893543379255,1.4469597679194475,-9.16378596172405,3.215804003839223,29.46893958603787,-543,2497.8750000000364,0.018514756918890096,0.011147909368345643,-0.005937766787364962,1.2527766505024793,0.010467034537703368,-7.334178570233995,-0.7887294972045895,1.3653769179024628,-35,-2640.8000000000006,-0.0056030027743023125,-0.02076193584652486,0.028963958246447485,-5.91464228473998,-1.527056008940084,-5.173929493285285,-15.060032608174156,-43.449025336533715
veto_top4_bad,veto0.205,4004,36279.425,0.4612887112887113,0.5442057942057942,0.3856143856143856,11.804459670602203,1.5649046599249956,-19.76976809354898,1.636892567124667,32.36098644610872,556,1965.7949999999914,0.41906474820143885,0.5053956834532374,0.40467625899280574,4.572243633428753,1.4678163249910738,-8.765788435196198,3.3891564016653497,29.70862799078928,-559,3636.3350000000355,0.020350731889193452,0.012318877703493047,-0.006890545352083832,1.65586081569354,0.046143884467924945,-6.890704383855482,-0.7230387015889084,1.9672812858487774,-37,-2625.5400000000004,-0.0058930932825408955,-0.020742596479308983,0.028622296092299826,-5.8672921946904815,-1.5061994518684576,-4.775931966757432,-14.886680210348029,-43.2093369317823
veto_top4_bad,veto0.210,3993,36081.37,0.46205860255447034,0.544953668920611,0.384923616328575,11.755968012469717,1.5641741282330068,-19.171857565228088,1.682526083015796,32.257150413359966,555,1989.4649999999908,0.4198198198198198,0.5063063063063064,0.40540540540540543,4.6333725606826235,1.4848138853473642,-8.55006593799184,3.5181815079136953,30.080683874485658,-570,3438.280000000035,0.0211206231549525,0.013066752418309902,-0.00758131463789441,1.6073691575610543,0.04541335277593617,-6.29279385553459,-0.6774051856977794,1.863445253100025,-38,-2601.870000000001,-0.005138021664159942,-0.019831973626240007,0.029351442504899516,-5.806163267436611,-1.4892018915121672,-4.560209469553075,-14.757655104099683,-42.83728104808593
veto_top4_bad,veto0.215,3975,36174.145000000004,0.4621383647798742,0.5454088050314465,0.38440251572327044,11.80841759808204,1.5721215613053632,-19.59985553703659,1.6482690710309131,32.305835678371395,554,1704.2649999999908,0.41696750902527074,0.5036101083032491,0.40794223826714804,3.9750334874818525,1.2475161548383906,-9.889102299847119,2.5907172081361924,25.61986750123313,-588,3531.0550000000367,0.021200385380356346,0.013521888529145376,-0.00810241524319899,1.6598187431733766,0.053360785848292513,-6.720791827343092,-0.7116621976826623,1.9121305181114536,-39,-2887.070000000001,-0.007990332458709004,-0.02252817162929721,0.03188827536664213,-6.464502340637383,-1.7264996220211408,-5.899245831408353,-15.685119403877186,-47.298097421338454
veto_top4_bad,veto0.220,3960,36214.105,0.4628787878787879,0.5462121212121213,0.3840909090909091,11.843416129192086,1.5720972020523112,-19.962494386378733,1.6193758216292973,32.326780748712295,553,1732.11499999999,0.4141048824593128,0.5027124773960217,0.40867992766726946,4.050452851252295,1.2553830218593858,-10.559420243527045,2.4673077651274653,26.053339562098433,-603,3571.015000000036,0.021940808479270046,0.014325204709820127,-0.00841402187556034,1.694817274283423,0.053336426595240516,-7.083430676685236,-0.7405554470842781,1.933075588452354,-40,-2859.220000000002,-0.01085295902466693,-0.02342580253652471,0.03262596476676355,-6.3890829768669395,-1.7186327550001457,-6.569563775088279,-15.808528846885913,-46.864625360473156
veto_top4_bad,veto0.225,3946,36932.69500000001,0.4647744551444501,0.5478966041561074,0.3834262544348708,12.116992525348687,1.5892569367863045,-19.173890644217014,1.7054925668914136,32.700927972100935,551,2107.34499999999,0.41742286751361163,0.5063520871143375,0.40653357531760437,4.946951632038956,1.6310597951338714,-8.573388710339534,3.7253048143193053,31.938486237658648,-617,4289.60500000004,0.02383647574493225,0.01600968765380628,-0.009078676531598662,1.9683936704400242,0.07049616132923386,-6.294826934523517,-0.6544387018221618,2.307222811840994,-42,-2483.990000000002,-0.0075349739703681196,-0.019786192818208814,0.030479612417098456,-5.492584196080279,-1.34295598172566,-4.583532241900769,-14.550531797694074,-40.979478684912934
veto_top4_bad,veto0.230,3934,37227.56999999999,0.46517539400101676,0.5480427046263345,0.38383324860193185,12.227622441946941,1.5964512995677953,-18.08706388061656,1.8163869504076473,32.85310680394142,551,2206.9949999999926,0.41742286751361163,0.5045372050816697,0.4047186932849365,5.200705996849389,1.6298024934528954,-9.068924771347927,3.6956241934063714,33.515337793175746,-629,4584.480000000025,0.02423741460149892,0.0161557881240334,-0.00867168236453758,2.0790235870382787,0.07769052411072463,-5.208000170923064,-0.5435443183059281,2.459401643681481,-42,-2384.3399999999992,-0.0075349739703681196,-0.0216010748508767,0.02866473038443057,-5.238829831269846,-1.344213283406636,-5.079068302909161,-14.580212418607008,-39.40262712939584
veto_top4_bad,veto0.235,3921,37139.055,0.4646773782198419,0.5473093598571793,0.38434072940576386,12.227507957301007,1.6034737029203305,-16.819807929838966,1.950528087396041,32.80750779175756,548,2250.4749999999917,0.4197080291970803,0.5072992700729927,0.4032846715328467,5.3288547251163445,1.668877224799656,-9.374705981105283,3.648666806597961,34.205178534874214,-642,4495.965000000033,0.023739398820324054,0.01542244335487819,-0.008164201560705575,2.0789091023923447,0.08471292746325987,-3.9407442201454685,-0.4094031813175343,2.4138026314976173,-45,-2340.86,-0.005249812286899469,-0.018839009859553668,0.027230708632340783,-5.11068110300289,-1.3051385520598755,-5.384849512666517,-14.627169805415418,-38.71278638769737
veto_top4_bad,veto0.240,3906,37384.55499999999,0.4646697388632873,0.547363031233999,0.38402457757296465,12.338766525843198,1.6088334751421822,-16.489286137741942,1.9972851951423864,32.93380708137856,548,2071.724999999992,0.41788321167883213,0.5054744525547445,0.4051094890510949,4.896465710027393,1.4920061455077251,-9.540010644598967,3.288911425741578,31.376250010717822,-657,4741.465000000026,0.02373175946376943,0.015476114731697854,-0.00848035339350478,2.1901676709345352,0.09007269968511156,-3.610222428048445,-0.36264607357118894,2.5401019211186195,-45,-2519.6099999999997,-0.007074629805147614,-0.020663827377801813,0.029055526150588984,-5.543070118091841,-1.4820096313518063,-5.550154176160201,-14.986925186271801,-41.54171491185376
veto_top4_bad,veto0.245,3886,37561.880000000005,0.4647452393206382,0.5476067936181163,0.38368502316006176,12.452288920149186,1.613990288953052,-16.076536944584912,2.0542173496318963,33.02470111356448,546,2275.1949999999915,0.4194139194139194,0.5073260073260073,0.4065934065934066,5.37213928586184,1.5963731884149985,-9.50828365254231,3.6387082164675495,34.59786985100979,-677,4918.790000000037,0.02380725992112037,0.01571987711581513,-0.008819907806407679,2.3036900652405237,0.0952295134959813,-3.197473234891415,-0.3057139190816791,2.6309959533045415,-47,-2316.1400000000003,-0.005543922070060325,-0.01881227260653906,0.03053944369290068,-5.067396542257395,-1.377642588444533,-5.518427184103545,-14.63712839554583,-38.320095071561795
veto_top4_bad,veto0.250,3872,38339.855,0.46513429752066116,0.5482954545454546,0.3824896694214876,12.771124690984415,1.646391483225061,-14.950451292529928,2.2353998572027383,33.420236684437896,544,2338.0499999999906,0.4227941176470588,0.5055147058823529,0.4099264705882353,5.548037311058108,1.6715517610467612,-7.85775062277671,4.530298760149388,35.59795790392841,-691,5696.765000000036,0.024196318121143312,0.016408538043153453,-0.010015261544981835,2.622525836075752,0.12763070776799035,-2.071387582836431,-0.12453141151083713,3.0265315241779547,-49,-2253.285000000001,-0.0021637238369209277,-0.02062357405019344,0.03387250768772937,-4.891498517061127,-1.3024640158127703,-3.867894154337945,-13.74553785186399,-37.320007018643174
veto_top4_bad,veto0.255,3862,39012.81,0.46607975142413255,0.5489383738995339,0.38166752977731744,13.022464118702377,1.6673470891649345,-14.36259876735589,2.3504245666086563,33.75820498313649,541,2725.789999999993,0.42513863216266173,0.5083179297597042,0.40850277264325324,6.502037469982993,1.9106600414770027,-6.781696753144723,6.166265976788004,41.81774595380998,-701,6369.72000000003,0.025141772024614706,0.017051457397232794,-0.010837401189151996,2.8738652637937143,0.1485863137078638,-1.483535057662392,-0.009506702104919107,3.364499822876546,-52,-1865.5449999999987,0.00018079067868198573,-0.017820350172842114,0.03244880974274733,-3.937498358136242,-1.0633557353825287,-2.791840284705957,-12.109570635225374,-31.100218968761602
veto_top4_bad,veto0.260,3848,38949.61,0.4664760914760915,0.5493762993762994,0.3814968814968815,13.036431081438849,1.6660624981383239,-14.024615657342352,2.404816479256475,33.726626848015265,538,2940.5699999999933,0.4256505576208178,0.5092936802973977,0.4070631970260223,7.066773592981299,2.0665082224573426,-6.660996893287133,6.800793176531091,45.30006222076193,-715,6306.520000000033,0.025538112076573638,0.01748938287399826,-0.011008049469587944,2.887832226530186,0.1473017226812532,-1.1455519476488547,0.0448852105428994,3.3329216877553236,-55,-1650.7649999999985,0.0006927161368380785,-0.016844599635148616,0.03100923412551637,-3.3727622351379356,-0.9075075544021889,-2.6711404248483674,-11.475043435482288,-27.617902701809655
veto_top4_bad,veto0.265,3830,39592.69,0.4681462140992167,0.5506527415143603,0.3793733681462141,13.284592024142695,1.6875128273571955,-13.01146893895367,2.6166455311724994,34.046402053102895,535,2828.6099999999938,0.42429906542056073,0.508411214953271,0.4074766355140187,6.840318804256706,1.9682159235156294,-7.105843518094996,6.119124408721936,43.48154051613364,-733,6949.600000000035,0.027208234699698852,0.018765825012059145,-0.01313156282025535,3.135993169234032,0.16875205190012488,-0.13240522926017206,0.25671426245892404,3.652696892842954,-58,-1762.724999999998,-0.0006587760634190198,-0.017727064979275342,0.03142267261351278,-3.599217023862529,-1.005799853343902,-3.1159870496562307,-12.156712203291443,-29.436424406437943
veto_top4_bad,veto0.270,3816,40270.630000000005,0.4690775681341719,0.5516247379454927,0.37866876310272535,13.526130012054761,1.706420294562201,-12.879063709693497,2.669438157144764,34.379864094954215,532,2754.9549999999936,0.424812030075188,0.5056390977443609,0.40977443609022557,6.720282632139852,1.898942071286669,-7.044317292606077,6.003288857412711,42.28907151078174,-747,7627.540000000037,0.028139588734654053,0.019737821443191583,-0.013836167863744087,3.377531157146098,0.18765951910513023,0.0,0.30950688843118845,3.9861589346942736,-61,-1836.3799999999983,-0.0001458114087917739,-0.020499182188185472,0.03372047318971966,-3.719253195979383,-1.0750737055728625,-3.054460824167311,-12.272547754600668,-30.628893411789846
veto_top4_bad,veto0.275,3806,40075.35500000001,0.4684708355228586,0.5512348922753547,0.37992643194955333,13.473646856070452,1.701525521751181,-13.297776956205936,2.5781897124878754,34.284191747448475,529,2718.2349999999974,0.42722117202268434,0.5066162570888468,0.4102079395085066,6.655510631614072,1.8525069814857513,-6.977437457432738,5.975794343231987,41.69573128838153,-757,7432.265000000043,0.027532856123340776,0.019347975773053583,-0.0125784990169161,3.3250480011617896,0.18276474629411044,-0.41871324651243924,0.21825844377430004,3.8904865871885335,-64,-1873.0999999999945,0.0022633305387045888,-0.019522022843699527,0.03415397660800068,-3.784025196505163,-1.1215087953737801,-2.9875809889939724,-12.300042268781391,-31.222233634190054
veto_top4_bad,veto0.280,3788,40072.78,0.4691129883843717,0.5520063357972544,0.3793558606124604,13.512090576990643,1.7006904575111244,-13.576581648273994,2.5251516924089956,34.28292812626799,527,2784.7499999999973,0.4250474383301708,0.5066413662239089,0.41366223908918404,6.806557857880483,1.88993785401631,-7.015515697068672,6.096640720065343,42.77107867100647,-775,7429.690000000031,0.028175008984853867,0.02011941929495331,-0.01314907035400903,3.3634917220819798,0.1819296820540537,-0.6975179385804964,0.16522042369542023,3.889222966008049,-66,-1806.5849999999946,8.959684619103125e-05,-0.019496913708637487,0.037608276188678125,-3.632977970238752,-1.0840779228432214,-3.025659228629906,-12.179195891948035,-30.146886251565114
veto_top4_bad,veto0.285,3763,39713.850000000006,0.46850916821684824,0.5522189742226946,0.3792187084772788,13.474887480667993,1.6901813980335114,-14.10003673795181,2.4188780856532053,34.10626987233674,525,2752.159999999997,0.4247619047619048,0.5066666666666667,0.41333333333333333,6.762406156183819,1.8325652066427118,-6.975452133988874,6.056077894221697,42.24388147085158,-800,7070.760000000038,0.027571188817330394,0.02033205772039348,-0.013286222489190647,3.3262886257593305,0.17142062257644075,-1.220973028258312,0.05894681693962989,3.712564712076798,-68,-1839.1749999999947,-0.00019593672207496304,-0.01947161326587965,0.03727937043282742,-3.6771296719354156,-1.1414505702168196,-2.9855956655501084,-12.21975871779168,-30.67408345172
veto_top4_bad,veto0.290,3744,39188.475000000006,0.4668803418803419,0.5507478632478633,0.3795405982905983,13.334450875710088,1.6769090396300697,-15.004702666505814,2.2556796395751952,33.84580230271681,522,2604.8549999999977,0.42337164750957856,0.5019157088122606,0.41762452107279696,6.414644525183985,1.7899638476964077,-6.178843512253499,6.4524276869521024,39.86854095180885,-819,6545.385000000038,0.025942362480824044,0.018860946745562157,-0.01296433267587116,3.185852020801425,0.158148264172999,-2.125638956812317,-0.10425162913838015,3.4520971424568714,-71,-1986.479999999994,-0.0015861939744011844,-0.024222571120285807,0.04157055817229105,-4.0248913029352495,-1.1840519291631237,-2.188987043814733,-11.823408925061276,-33.04942397076273
veto_top4_bad,veto0.295,3728,38380.14000000001,0.4667381974248927,0.5504291845493562,0.38063304721030045,13.122201819479987,1.6565571702347104,-15.155057379816867,2.2065621666361364,33.44057624750367,522,2765.2949999999973,0.42337164750957856,0.5019157088122606,0.41762452107279696,6.811490855348229,1.9309395485840029,-6.093657960643063,6.967291134976081,42.45628908876484,-835,5737.050000000039,0.025800218025374855,0.018542268047055055,-0.011871883756168988,2.973602964571324,0.13779639477763972,-2.27599367012337,-0.15336910207743903,3.04687108724373,-71,-1826.0399999999945,-0.0015861939744011844,-0.024222571120285807,0.04157055817229105,-3.628044972771006,-1.0430762282755286,-2.1038014922042976,-11.308545477037297,-30.461675833806744
veto_top4_bad,veto0.300,3709,36895.93500000001,0.465354543003505,0.5486654084658937,0.3825829064437854,12.6910017007128,1.6081099756057078,-16.109303246100453,2.0287595114832127,32.68190218389368,519,2970.5949999999975,0.4258188824662813,0.5048169556840078,0.4142581888246628,7.326462964378812,2.0891776655628913,-6.00996915519819,7.618833187407758,45.78895245492094,-854,4252.845000000045,0.02441656360398714,0.0167784919635926,-0.009922024522684036,2.542402845804137,0.08934920014863712,-3.2302395364069554,-0.33117175723036274,2.2881970236337423,-74,-1620.7399999999943,0.000861040982301553,-0.02132132424853861,0.0382042259241569,-3.113072863740423,-0.8848381112966401,-2.0201126867594246,-10.65700342460562,-27.129012467650647
veto_top4_bad,tilt0.005,4563,32779.30999999997,0.44093797939951784,0.532325224632917,0.39250493096646943,10.188215548389593,1.5222762244238555,-13.224849412953377,2.3039829503898557,30.46982756891787,593,4591.334999999992,0.42495784148397975,0.5261382799325464,0.3760539629005059,10.439535828119235,2.9740157768595314,-3.9898564684387656,18.27583661201338,72.91796492257158,0,136.22000000000116,0.0,0.00043830813061584983,0.0,0.03961669348093011,0.0035154489667847955,-0.3457857032598799,-0.055948318323719715,0.07612240865793041,0,0.0,0.0,0.0,0.0,0.0,0.0,0.0,0.0,0.0
veto_top4_bad,tilt0.010,4563,32671.259999999973,0.44071882533421,0.5321060705676091,0.39272408503177736,10.154378203521375,1.5145028050761473,-13.276319065718504,2.2905041100485186,30.409463386343738,593,4591.334999999992,0.42495784148397975,0.5261382799325464,0.3760539629005059,10.439535828119235,2.9740157768595314,-3.9898564684387656,18.27583661201338,72.91796492257158,0,28.17000000000553,-0.0002191540653078694,0.00021915406530792492,0.00021915406530792492,0.005779348612712454,-0.004257970380923348,-0.3972553560250063,-0.06942715866505678,0.015758226083796956,0,0.0,0.0,0.0,0.0,0.0,0.0,0.0,0.0,0.0
veto_top4_bad,tilt0.020,4563,32023.444999999978,0.4402805172035941,0.5316677624369932,0.39316239316239315,9.946951365292737,1.4978045408130762,-13.367758917049594,2.247565022805909,30.044907375262465,593,4591.334999999992,0.42495784148397975,0.5261382799325464,0.3760539629005059,10.439535828119235,2.9740157768595314,-3.9898564684387656,18.27583661201338,72.91796492257158,0,-619.6449999999895,-0.0006574621959237192,-0.00021915406530792492,0.0006574621959237192,-0.20164748961592593,-0.02095623464399443,-0.4886952073560966,-0.11236624590766642,-0.34879778499747616,0,0.0,0.0,0.0,0.0,0.0,0.0,0.0,0.0,0.0
veto_top4_bad,tilt0.030,4563,31278.23499999997,0.4394039009423625,0.5305719921104537,0.3942581634889327,9.708027026710768,1.469290016892262,-13.380728056716192,2.2136179238629494,29.619819460682816,593,4591.334999999993,0.42495784148397975,0.5261382799325464,0.3760539629005059,10.439535828119235,2.9740157768595314,-3.9898564684387656,18.27583661201338,72.91796492257158,0,-1364.854999999996,-0.0015340784571553634,-0.0013149243918474385,0.0017532325224632883,-0.44057182819789453,-0.04947075856480865,-0.5016643470226949,-0.14631334485062597,-0.773885699577125,0,9.094947017729282e-13,0.0,0.0,0.0,0.0,0.0,0.0,0.0,0.0
veto_top4_bad,tilt0.040,4563,31375.244999999974,0.4396230550076704,0.5303528380451458,0.39447731755424065,9.725182890903728,1.4679006005747668,-13.453597347497237,2.205767650289289,29.67550980912719,593,4591.334999999993,0.42495784148397975,0.5261382799325464,0.3760539629005059,10.439535828119235,2.9740157768595314,-3.9898564684387656,18.27583661201338,72.91796492257158,0,-1267.844999999994,-0.0013149243918474385,-0.0015340784571553634,0.0019723865877712132,-0.42341596400493486,-0.05086017488230388,-0.5745336378037393,-0.1541636184242865,-0.7181953511327528,0,9.094947017729282e-13,0.0,0.0,0.0,0.0,0.0,0.0,0.0,0.0
veto_top4_bad,tilt0.050,4563,31316.019999999975,0.4394039009423625,0.5301336839798378,0.3946964716195485,9.701325390535713,1.4650829562048657,-13.50134433893232,2.195449770116964,29.64152332517893,593,4675.034999999993,0.42495784148397975,0.5261382799325464,0.3760539629005059,10.613848164306118,3.0040320066155144,-3.9619231797097596,18.76802907907023,74.35748944583516,0,-1327.0699999999924,-0.0015340784571553634,-0.0017532325224632883,0.0021915406530790826,-0.4472734643729499,-0.05367781925220494,-0.6222806292388228,-0.16448149859661143,-0.7521818350810108,0,83.70000000000073,0.0,0.0,0.0,0.17431233618688324,0.03001622975598295,0.027933288729006023,0.49219246705685293,1.4395245232635716
veto_top4_bad,tilt0.075,4563,31694.979999999974,0.4402805172035941,0.5310103002410694,0.39447731755424065,9.80530297229717,1.482625059678009,-12.879063709693497,2.318360098969208,29.858307416635753,593,4675.034999999993,0.42495784148397975,0.5261382799325464,0.3760539629005059,10.613848164306118,3.0040320066155144,-3.9619231797097596,18.76802907907023,74.35748944583516,0,-948.1099999999933,-0.0006574621959237192,-0.0008766162612316997,0.0019723865877712132,-0.3432958826114927,-0.036135715779061606,0.0,-0.04157116974436725,-0.5353977436241877,0,83.70000000000073,0.0,0.0,0.0,0.17431233618688324,0.03001622975598295,0.027933288729006023,0.49219246705685293,1.4395245232635716
veto_top4_bad,tilt0.100,4563,31409.03999999998,0.4400613631382862,0.5307911461757615,0.3946964716195485,9.715447768082168,1.470449137481497,-12.97877777124355,2.2879569948996616,29.69488538696492,593,4860.454999999993,0.4266441821247892,0.5278246205733558,0.37436762225969644,11.05625331827153,3.1526397648371307,-3.9619231797097596,19.57625003165565,77.55959877221044,0,-1234.0499999999884,-0.0008766162612316442,-0.0010957703265396246,0.0021915406530790826,-0.43315108682649495,-0.048311637975573696,-0.09971406155005269,-0.07197427381391375,-0.6988197732950212,0,269.1200000000008,0.0016863406408094694,0.001686340640809414,-0.0016863406408094694,0.6167174901522952,0.17862398797759926,0.027933288729006023,1.3004134196422719,4.6416338496388505
veto_top4_bad,tilt0.150,4563,31964.369999999974,0.44115713346482577,0.5318869165023011,0.39491562568485644,9.859600713619043,1.4860259009380983,-13.15943481449899,2.2806021358624475,30.011435144689045,593,4776.954999999993,0.4266441821247892,0.5278246205733558,0.37436762225969644,10.882775209000444,3.1408436264967765,-3.9619231797097596,19.21172034058602,76.11536013946922,0,-678.7199999999939,0.00021915406530792492,0.0,0.0024106947183870076,-0.2889981412896194,-0.03273487451897239,-0.2803711048054929,-0.07932913285112786,-0.3822700155708958,0,185.6200000000008,0.0016863406408094694,0.001686340640809414,-0.0016863406408094694,0.4432393808812094,0.16682784963724506,0.027933288729006023,0.9358837285726409,3.1973952168976325
veto_top4_bad,tilt0.200,4563,32228.854999999967,0.4413762875301337,0.5321060705676091,0.3938198553583169,9.9438662230654,1.495819290879152,-13.044616801708528,2.312141159397801,30.160995415802393,593,4660.979999999992,0.4266441821247892,0.5261382799325464,0.3760539629005059,10.570654503444702,2.999088065365647,-4.406866544459877,16.818186724152316,74.1155044131461,0,-414.2350000000006,0.00043830813061584983,0.00021915406530792492,0.0013149243918474385,-0.20473263184326207,-0.02294148457791856,-0.1655530920150312,-0.04779010931577421,-0.23270974445754788,0,69.64500000000044,0.0016863406408094694,0.0,0.0,0.1311186753254674,0.025072288506115648,-0.4170100760211115,-1.4576498878610629,1.1975394905745134
veto_top4_bad,tilt0.250,4563,32047.20999999997,0.44071882533421,0.5318869165023011,0.3940390094236248,9.876149088287354,1.4900050844090336,-13.048461842348273,2.3035942687932778,30.05836191660125,593,4857.2749999999905,0.4300168634064081,0.5278246205733558,0.3760539629005059,10.957026390343545,3.2366349612160907,-3.5468339779753855,21.85175008328013,77.50452967360442,0,-595.8799999999974,-0.0002191540653078694,0.0,0.0015340784571553634,-0.2724497666213086,-0.028755691048037102,-0.16939813265477532,-0.056336999920297615,-0.3353432436586914,0,265.9399999999987,0.005059021922428353,0.001686340640809414,0.0,0.5174905622243102,0.2626191843565593,0.44302249046338016,3.5759134712667517,4.586564751032839
veto_top4_bad,tilt0.300,4563,32496.434999999976,0.44071882533421,0.532325224632917,0.393600701293009,9.977973892914454,1.508901984097101,-12.879063709693497,2.353550673213378,30.31152906430712,593,4887.78999999999,0.42833052276559863,0.5261382799325464,0.3760539629005059,11.051927296539002,3.3236010009419052,-3.523577753218812,22.14600946078246,78.03318625858641,0,-146.65499999999156,-0.0002191540653078694,0.00043830813061584983,0.001095770326539569,-0.17062496199420885,-0.009858791359969699,0.0,-0.006380595500197206,-0.08217609595282127,0,296.4549999999981,0.0033726812816188834,0.0,0.0,0.6123914684197675,0.3495852240823738,0.46627871521995345,3.87017284876908,5.115221336014827
veto_top4_bad,tilt0.400,4563,32455.249999999978,0.4400613631382862,0.532325224632917,0.39272408503177736,9.933698924101913,1.4966203476843911,-12.879063709693497,2.3517555807993418,30.288409954741958,593,4482.11499999999,0.42495784148397975,0.521079258010118,0.3827993254637437,10.171176370072432,3.2381346357073326,-3.578986941926211,19.850619198444633,71.04510690038308,0,-187.83999999998923,-0.0008766162612316442,0.00043830813061584983,0.00021915406530792492,-0.21489993080674985,-0.02214042777267955,0.0,-0.00817568791423362,-0.10529520551798299,0,-109.22000000000207,0.0,-0.005059021922428353,0.006745362563237767,-0.2683594580468025,0.2641188588478012,0.4108695265125548,1.5747825864312546,-1.8728580221885096
veto_top4_bad,tilt0.500,4563,33092.10999999997,0.43984220907297833,0.5325443786982249,0.3920666228358536,10.088604247217532,1.5204102894949025,-12.879063709693497,2.3793561689433695,30.6438796878739,593,4823.624999999989,0.42833052276559863,0.524451939291737,0.3777403035413153,10.88207863860566,3.3414106303487077,-3.467492480692485,22.183790378511677,76.92212633074753,0,449.0200000000041,-0.0010957703265395136,0.0006574621959237748,-0.00043830813061584983,-0.05999460769113085,0.0016495140378318673,0.0,0.01942490022979415,0.2501745276139573,0,232.28999999999724,0.0033726812816188834,-0.001686340640809414,0.001686340640809414,0.44254281048642596,0.3673948534891762,0.5223639877462807,3.9079537664982986,4.004161408175946
veto_top4_bad,tilt0.750,4563,34098.67499999998,0.44291036598728906,0.5340784571553803,0.39272408503177736,10.337510708910061,1.5350285439913787,-12.879063709693497,2.4223071227264787,31.197047758038664,593,4252.909999999987,0.4266441821247892,0.5193929173693086,0.38617200674536256,9.566721590813204,3.132060025577038,-4.290090666226585,15.648954079583744,67.13543183303065,0,1455.5850000000137,0.0019723865877712132,0.002191540653079138,0.00021915406530792492,0.18891185400139854,0.016267768534308003,0.0,0.06237585401290335,0.8033425977787232,0,-338.42500000000473,0.0016863406408094694,-0.006745362563237767,0.01011804384485665,-0.8728142373060308,0.15804424871750644,-0.30023419778781957,-2.6268825324296348,-5.782533089540934
veto_top4_bad,tilt1.000,4563,35512.84499999998,0.44597852290159984,0.5356125356125356,0.39140916063992987,10.697981819165507,1.560910632425026,-12.879063709693497,2.4813174674124916,31.9570457467808,593,3937.5699999999883,0.42327150084317033,0.5126475548060708,0.3946037099494098,8.77164218038985,2.8943072323675048,-4.2371517277660695,14.585875914917906,61.80256933387591,0,2869.755000000012,0.0050405435020819955,0.0037256191102345015,-0.001095770326539569,0.5493829642568446,0.04214985696795526,0.0,0.1213861986989162,1.5633405865208587,0,-653.7650000000035,-0.001686340640809414,-0.013490725126475533,0.018549747048903886,-1.6678936477293842,-0.07970854449202669,-0.2472952593273039,-3.689960697095472,-11.115395588695677
stack_equal_core,veto0.030,4473,30960.97499999997,0.4424323720098368,0.5316342499441091,0.39168343393695504,9.544771584408073,1.429173151554033,-16.264750688172715,1.8098611740284274,29.436940775775945,592,3687.824999999991,0.4172297297297297,0.5202702702702703,0.38006756756756754,8.330155917740756,2.4127140105835934,-5.491510976092844,10.492060769206166,57.617266875928784,-90,-1682.114999999998,0.001494392610318973,-0.0002526665581920051,-0.0008214970295143953,-0.6038272705005898,-0.08958762390303776,-3.3856869784792174,-0.550070094685148,-0.9567643844839964,-1,-903.5100000000007,-0.007728111754250033,-0.005868009662276075,0.004013604667061632,-2.109379910378479,-0.5613017662759381,-1.5016545076540782,-7.783775842807213,-15.3006980466428
stack_equal_core,veto0.035,4453,31967.759999999977,0.44509319559847293,0.5331237368066472,0.3911969458791826,9.90044232713675,1.4856868294148855,-15.774372264082473,1.902665695746712,30.013356978808115,592,3748.1249999999914,0.4189189189189189,0.5219594594594594,0.38006756756756754,8.434792764863445,2.422911148279406,-5.431099912808972,10.794254664085157,58.62467556495075,-110,-675.3299999999908,0.004155216198955092,0.0012368203043460202,-0.001307985087286856,-0.2481565277719131,-0.033073946042185165,-2.8953085543889756,-0.4572655729668633,-0.3803481814518257,-1,-843.2100000000005,-0.006038922565060834,-0.0041788204730869305,0.004013604667061632,-2.0047430632557894,-0.5511046285801253,-1.4412434443702065,-7.4815819479282215,-14.293289357620836
stack_equal_core,veto0.040,4433,32456.774999999972,0.44529663884502596,0.5330475975637265,0.39070606812542297,10.046726874600298,1.5015132057786287,-15.24396859922972,1.986967248036162,30.289266336761145,591,3603.7749999999905,0.4179357021996616,0.5211505922165821,0.3824027072758037,8.13674513937979,2.2887021010107937,-6.584452241688503,8.537749133412902,56.21640142047466,-130,-186.31499999999505,0.004358659445508117,0.001160681061425417,-0.0017988628410464669,-0.1018719803083652,-0.017247569678441987,-2.3649048895362235,-0.3729640206774134,-0.1044388234987963,-2,-987.5600000000013,-0.007022139284318163,-0.004987687715964251,0.00634874437529781,-2.302790688739444,-0.6853136758487377,-2.594595773249737,-9.738087478600477,-16.701563502096924
stack_equal_core,veto0.045,4427,31905.784999999967,0.44454483849107745,0.5330923876214141,0.39078382651908744,9.870220238004261,1.4719365130132618,-16.2911927978671,1.8401477952665473,29.9782025092574,589,3811.7799999999907,0.4227504244482173,0.5246179966044142,0.37860780984719866,8.615977593548743,2.3766846834082713,-6.728173798384682,8.871692865256623,59.69029148333593,-136,-737.3050000000003,0.003606859091559611,0.0012054711191129552,-0.0017211044473819936,-0.27837861690440135,-0.046824262443808884,-3.4121290881736037,-0.5197834734470281,-0.4155026510025408,-4,-779.5550000000012,-0.002207417035762438,-0.0015202833281321437,0.0025538469466927505,-1.8235582345704913,-0.5973310934512601,-2.7383173299459163,-9.404143746756755,-13.227673439235652
stack_equal_core,veto0.050,4410,32644.249999999967,0.44580498866213153,0.5337868480725624,0.3909297052154195,10.119846285163815,1.4986527313328324,-16.021687329759338,1.8970757326363745,30.394354229174112,588,4067.0149999999917,0.4302721088435374,0.5289115646258503,0.3741496598639456,9.15785842457943,2.5899072840832478,-5.546957782288963,11.535185057185757,63.98518452309989,-153,1.1599999999998545,0.004867009262613686,0.0018999315702612485,-0.0015752257510499579,-0.028752569744847634,-0.020108044124238278,-3.142623620065841,-0.46285553607720087,0.0006490689141713801,-5,-524.3200000000002,0.005314267359557645,0.0027732846933039568,-0.0019043030365603064,-1.2816774035398044,-0.38410849277628367,-1.5571013138501977,-6.740651554827622,-8.932780399471696
stack_equal_core,veto0.055,4402,33212.39999999998,0.4461608359836438,0.5352112676056338,0.3902771467514766,10.314817405209292,1.5143212584523473,-15.162262909983863,2.025458760120896,30.710538234282957,587,3648.234999999993,0.43100511073253833,0.5281090289608177,0.3747870528109029,8.168154176517023,2.25080610749485,-7.572742721106578,7.521308651493489,56.95693534379325,-161,569.3100000000122,0.005222856584125968,0.0033243511033326234,-0.0022277842149928118,0.16621855030062882,-0.004439517004723337,-2.2831992002903654,-0.3344725085926794,0.3168330740230161,-6,-943.099999999999,0.006047269248558584,0.0019707490282713236,-0.0012669100896030017,-2.271381651602212,-0.7232096693646812,-3.5828862526678122,-10.75452796051989,-15.961029578778337
stack_equal_core,veto0.060,4390,33109.004999999976,0.44510250569476084,0.5353075170842825,0.3906605922551253,10.30368014573345,1.5076373054422811,-15.101270916934606,2.0298457903363296,30.65325119946816,585,4026.4749999999935,0.4324786324786325,0.5282051282051282,0.37264957264957266,9.025862119208906,2.5790397960120455,-7.597983413315884,8.33124366402196,63.3006511715319,-173,465.91500000000815,0.0041645262952429984,0.003420600581981348,-0.0018443387113441512,0.1550812908247874,-0.011123470014789527,-2.2222072072411088,-0.3300854783772458,0.2595460392082174,-8,-564.8599999999983,0.0075207909946527485,0.002066848272581856,-0.0034043902509332535,-1.4136737089103288,-0.394975980847486,-3.6081269448771183,-9.944592947991419,-9.617313751039688
stack_equal_core,veto0.065,4376,33547.409999999974,0.44652650822669104,0.534963436928702,0.3907678244972578,10.46618521617538,1.5235933389051721,-13.337620894963775,2.3164092070074482,30.89538784066901,583,3797.0749999999935,0.4322469982847341,0.5265866209262435,0.37564322469982847,8.496667747469775,2.403939800438404,-7.944872159795888,7.482049418565049,59.443926123774474,-187,904.320000000007,0.0055885288271732,0.0030765204264008306,-0.0017371064692116578,0.31758636126671647,0.004832563448101457,-0.4585571852702781,-0.04352206170612716,0.5016826804090684,-10,-794.2599999999984,0.0072891568007543706,0.0004483409936971716,-0.0004107382006774407,-1.9428680806494594,-0.5700759764211276,-3.955015691357122,-10.79378719344833,-13.47403879879711
stack_equal_core,veto0.070,4362,33450.924999999974,0.44750114626318205,0.535992663915635,0.3897294818890417,10.459652264483355,1.5232007663372926,-14.269077890143599,2.161476003197442,30.842269447300573,581,3936.729999999993,0.4354561101549053,0.5266781411359724,0.37521514629948366,8.852416918293116,2.5448177170028603,-6.820513580518732,9.059205692227717,61.78843545255175,-201,807.8350000000064,0.006563166863664205,0.004105747413333916,-0.0027754490774277163,0.31105340957469174,0.004439990880221956,-1.3900141804501018,-0.19845526551613357,0.44856428704063234,-12,-654.6049999999987,0.01049826867092557,0.0005398612034260841,-0.000838816601022252,-1.5871189098261187,-0.42919805985667114,-2.830657112079966,-9.216630919785661,-11.129529470019833
stack_equal_core,veto0.075,4345,33498.99499999998,0.4481012658227848,0.5362485615650172,0.3894131185270426,10.50100381636735,1.5313518826294363,-14.383322918687783,2.146148416723507,30.868745709164713,580,3507.004999999993,0.42931034482758623,0.5189655172413793,0.38448275862068965,7.889844252851696,2.367517356515373,-7.826408219684172,6.977446222449223,54.60834246778088,-218,855.9050000000134,0.007163286423266968,0.00436164506271608,-0.0030918124394268554,0.3524049614586868,0.012591107172365668,-1.5042592089942861,-0.2137828519900684,0.4750405489047722,-13,-1084.329999999999,0.004352503343606484,-0.007172762691167067,0.008428795720183735,-2.5496915752675386,-0.6064984203441584,-3.8365517512454064,-11.298390389564155,-18.309622454790706
stack_equal_core,veto0.080,4334,33344.779999999984,0.446931241347485,0.5362251961236733,0.3894785417628057,10.482376727756682,1.5303595832397106,-13.909637894945911,2.2131216985224027,30.783721443894272,580,3506.514999999993,0.42931034482758623,0.5189655172413793,0.38448275862068965,7.888654918661585,2.3669737327203535,-7.830569870075811,6.972699818626235,54.60021311281766,-229,701.6900000000169,0.005993261947967177,0.004338279621372121,-0.0030263892036637152,0.3337778728480192,0.011598807782639886,-1.030574185252414,-0.1468095701911727,0.3900162836343313,-13,-1084.8199999999988,0.004352503343606484,-0.007172762691167067,0.008428795720183735,-2.55088090945765,-0.607042044139178,-3.8407134016370454,-11.303136793387143,-18.317751809753922
stack_equal_core,veto0.085,4323,31735.73499999998,0.4450613000231321,0.5343511450381679,0.3916261855193153,10.01418203793019,1.47352978788823,-14.71896316427705,2.030137924644362,29.88152533124222,580,2885.869999999993,0.4241379310344828,0.5120689655172413,0.3913793103448276,6.484888360966119,1.879117921001421,-8.090418224631433,5.489296530787909,44.410704693092605,-240,-907.3549999999886,0.004123320623614257,0.002464228535866808,-0.0008787454471541611,-0.1344168169784723,-0.045230987568840586,-1.839899454583552,-0.32979334406921357,-0.5121798290177217,-13,-1705.4649999999988,-0.0008199104494969744,-0.014069314415305012,0.01532534744432168,-3.9546474671531158,-1.0948978558581104,-4.1005617561926675,-12.78654008122547,-28.50726022947898
stack_equal_core,veto0.090,4309,32255.64999999998,0.44627523787421675,0.5344627523787422,0.39150614991877464,10.202558859639115,1.485963061096117,-14.756319171582218,2.044961504250492,30.176104650319147,579,2908.6399999999926,0.42487046632124353,0.5129533678756477,0.3920552677029361,6.514896410629471,1.9077227563093935,-7.7107880715307715,5.807540283957727,44.78071234647567,-254,-387.4399999999878,0.005337258474698903,0.002575835876441057,-0.0009987810476947967,0.05396000473045248,-0.03279771436095369,-1.877255461888721,-0.31496976446308356,-0.2176005099407945,-14,-1682.6949999999993,-8.737516273621404e-05,-0.013184912056898646,0.016001304802430172,-3.9246394174897636,-1.066293020550138,-3.720931603092006,-12.46829632805565,-28.137252576095918
stack_equal_core,veto0.095,4298,31519.004999999976,0.4457887389483481,0.5337366216845044,0.39204281060958585,10.007041979628099,1.4558576233899516,-15.186824688390201,1.9594512079852902,29.757841981127008,575,2730.749999999992,0.42782608695652175,0.5147826086956522,0.39304347826086955,6.157295304175894,1.7804574724461901,-8.650964178336421,4.843144385296419,41.8978685877105,-265,-1124.0849999999919,0.004850759548830241,0.0018497051822032873,-0.00046212035688358855,-0.14155687528056404,-0.06290315206711905,-2.307760978696704,-0.40048006072828524,-0.635863179132933,-18,-1860.585,0.002868245472541997,-0.011355671236894183,0.01698951536036364,-4.282240523943341,-1.1935583044133413,-4.661107709897656,-13.43269222671696,-31.020096334861087
stack_equal_core,veto0.100,4283,31999.274999999983,0.4468830259164137,0.534204996497782,0.3913144991828158,10.171863568314633,1.4713975049382395,-14.890897305248876,2.0167500016973956,30.031217165636413,574,2271.3249999999916,0.4268292682926829,0.5087108013937283,0.3989547038327526,5.089705834240487,1.4130566502047197,-9.752101568795513,3.5414283744827073,34.53636920656975,-280,-643.8149999999841,0.005945046516895869,0.0023180799954808373,-0.0011904317836536338,0.023264713405970028,-0.04736327051883116,-2.0118335955553786,-0.3431812670161798,-0.3624879946235282,-19,-2320.01,0.0018714268087031694,-0.017427478538818097,0.0229007409322467,-5.349829993878748,-1.5609591266548117,-5.762245100356748,-14.73440823753067,-38.38159571600183
stack_equal_core,veto0.105,4278,33018.124999999985,0.4478728377746611,0.5348293595137915,0.3910705937353904,10.48800184817853,1.4886109561668113,-14.463451365939928,2.1158715633373815,30.6028054529055,572,2371.444999999992,0.42832167832167833,0.5104895104895105,0.3986013986013986,5.307224124248527,1.489811443241535,-8.208141607330717,4.401756391243876,36.130239780302766,-285,375.03500000001804,0.006934858375143238,0.002942443011490381,-0.0014343372310790525,0.3394029932698679,-0.030149819290259394,-1.584387656246431,-0.24405970537619393,0.20910029264555874,-21,-2219.89,0.003363836837698586,-0.015648769443035837,0.022547435700892682,-5.132311703870708,-1.4842043336179964,-4.218285138891951,-13.874080220769503,-36.78772514226882
stack_equal_core,veto0.110,4263,32355.964999999986,0.4482758620689655,0.5338963171475487,0.39174290405817497,10.29259883534709,1.4676951164829768,-14.54687874165845,2.078287834279318,30.232601115525192,572,2208.494999999991,0.4230769230769231,0.5052447552447552,0.4020979020979021,4.936476114755371,1.3517679323446352,-9.098968681221576,3.6860351055737506,33.53911798349883,-300,-287.1249999999818,0.007337882669447682,0.002009400645247572,-0.0007620269082944664,0.14399998043842643,-0.051065658974093875,-1.6678150319649525,-0.2816434344342573,-0.16110404473474915,-21,-2382.840000000001,-0.0018809184070566753,-0.020893524687791154,0.02604393919739617,-5.5030597133638635,-1.6222478445148962,-5.109112212782811,-14.589801506439628,-39.37884693907276
stack_equal_core,veto0.115,4253,32865.984999999986,0.4490947566423701,0.5351516576534211,0.39078297672231366,10.465606998795874,1.4824651635950221,-13.569822748874474,2.248972650045366,30.518160228182122,571,1622.2849999999894,0.4185639229422067,0.5026269702276708,0.4063047285464098,3.635902148212041,1.0165194288906847,-8.363196877538043,2.9111569780535835,24.346578948880815,-310,222.89500000001863,0.008156777242852242,0.0032647411511199653,-0.0017219542441557767,0.317008143887211,-0.03629561186204855,-0.6907590391809766,-0.11095861866820922,0.12445506792218097,-22,-2969.0500000000025,-0.006393918541773069,-0.023511309704875583,0.0302507656459039,-6.803633679907193,-1.9574963479688468,-4.373340409099277,-15.364679633959796,-48.57138597369077
stack_equal_core,veto0.120,4240,32078.959999999985,0.4490566037735849,0.5341981132075472,0.39245283018867927,10.25298953211899,1.4634819888077695,-14.119618218488572,2.130109115147295,30.076327469602315,570,1604.0449999999914,0.41754385964912283,0.5035087719298246,0.4052631578947368,3.5876481009594716,1.0197941739244734,-7.687385901877662,3.1303005474967422,24.063828297466383,-323,-564.1299999999828,0.008118624374067074,0.0023111967052460436,-5.2100777790164976e-05,0.10439067721032735,-0.05527878664930119,-1.240554508795075,-0.22982215356628055,-0.3173776906576258,-23,-2987.2900000000004,-0.00741398183485692,-0.022629508002721788,0.029209194994230914,-6.851887727159763,-1.954221602935058,-3.6975294334388966,-15.145536064516637,-48.8541366251052
stack_equal_core,veto0.125,4225,31298.044999999976,0.4492307692307692,0.5344378698224852,0.39242603550295857,10.034968116786615,1.442931099087887,-16.151415471064873,1.8345884597624191,29.631200432043812,569,1914.6349999999914,0.4200351493848858,0.5061511423550088,0.40421792618629176,4.269648363665861,1.2629943327051678,-5.038262860530662,5.737215882205267,28.905601702161455,-338,-1345.044999999991,0.008292789831251368,0.0025509533201840684,-7.889546351086407e-05,-0.1136307381220476,-0.0758296763691837,-3.2723517613713753,-0.5253428089511563,-0.762504728216129,-24,-2676.7000000000007,-0.0049226920990939615,-0.01998713757753756,0.028163963285785854,-6.169887464453374,-1.7110214441543636,-1.0484063920918967,-12.538620729808112,-44.01236322041013
stack_equal_core,veto0.130,4209,31194.03499999998,0.4499881206937515,0.5348063673081492,0.39154193395105724,10.045258356129477,1.4460033740435905,-16.869662862664235,1.7529334412703892,29.571396174921304,568,2097.474999999991,0.4242957746478873,0.5088028169014085,0.40316901408450706,4.697593437310939,1.395018552753843,-4.910873489888186,6.4718875080913865,31.782620793024495,-354,-1449.0549999999857,0.009050141294233649,0.0029194508058481006,-0.0009629970154121925,-0.10334049877918616,-0.0727574014134802,-3.990599152970738,-0.6069978274431862,-0.8223089853386369,-25,-2493.860000000001,-0.0006620668360924342,-0.017335463031137865,0.02711505118400115,-5.741942390808296,-1.5789972241056884,-0.92101702144942,-11.803949103921992,-41.13534412954709
stack_equal_core,veto0.135,4189,30807.014999999978,0.4497493435187396,0.5337789448555741,0.3919789925996658,9.966296032913371,1.441479703854107,-17.33974592317684,1.692514764424748,29.347775986350634,566,2191.2349999999906,0.42402826855123676,0.5070671378091873,0.4028268551236749,4.913152360672339,1.3951331246528265,-5.345923247636889,6.222604612093028,33.265566656640644,-374,-1836.0749999999898,0.008811364119221732,0.0018920283532729565,-0.0005259383668036466,-0.18230282199529135,-0.07728107160296371,-4.4606822134833415,-0.6674165042888274,-1.0459291739093075,-27,-2400.1000000000013,-0.0009295729327429836,-0.01907114212335903,0.026772892223168976,-5.5263834674468955,-1.578882652206705,-1.3560667791981231,-12.05323199992035,-39.65239826593094
stack_equal_core,veto0.140,4179,30962.46999999998,0.4513041397463508,0.5343383584589615,0.3912419239052405,10.026551727164053,1.4467725268239018,-17.18234354071519,1.7132590313343077,29.437805250619007,565,1881.2899999999916,0.4247787610619469,0.504424778761062,0.40707964601769914,4.21422904041047,1.2337974266108498,-5.917216573443226,4.796687598299328,28.383039354286367,-384,-1680.619999999988,0.010366160346832964,0.0024514419566603607,-0.001263007061228949,-0.1220471277446098,-0.07198824863316888,-4.303279831021694,-0.6466722373792677,-0.9558999096409337,-28,-2710.045,-0.00017908042203285124,-0.021713501171484406,0.031025683117193226,-6.225306787708765,-1.7402183502486817,-1.9273601050044604,-13.47914901371405,-44.53492556828522
stack_equal_core,veto0.145,4165,30465.334999999985,0.4516206482593037,0.5346938775510204,0.3908763505402161,9.876508849906237,1.4380346832872286,-16.32711630358487,1.7853065976182085,29.148908456869883,565,1590.9799999999918,0.4194690265486726,0.5008849557522124,0.4088495575221239,3.5503816875660363,1.040673163425581,-7.48068143781508,3.189739031077647,23.86142156125681,-398,-2177.754999999983,0.01068266885978586,0.0028069610487192476,-0.0016285804262533565,-0.27209000500242553,-0.08072609216984206,-3.448052593891372,-0.5746246710953669,-1.2447967033900582,-28,-3000.355,-0.005488814935307174,-0.02525332418033399,0.03279559462161796,-6.889154140553199,-1.9333426134339504,-3.4908249693763143,-15.086097580935732,-49.05654336131477
stack_equal_core,veto0.150,4155,30296.234999999986,0.45126353790613716,0.5352587244283995,0.3903730445246691,9.849131564372021,1.42930814749651,-17.297025163575462,1.679478361396311,29.049979478752476,565,1654.2349999999904,0.4176991150442478,0.5008849557522124,0.41061946902654867,3.6677357166533233,1.0747049843043859,-7.90622834268672,3.142122542803982,24.84233830411171,-408,-2346.8549999999814,0.010325558506619315,0.003371807926098369,-0.002131886441800346,-0.2994672905366418,-0.08945262796056075,-4.417961453881965,-0.6804529073172645,-1.3437256815074647,-28,-2937.1000000000013,-0.007258726439731966,-0.02525332418033399,0.034565506126042755,-6.771800111465911,-1.8993107925551456,-3.9163718742479547,-15.133714069209397,-48.07562661845988
stack_equal_core,veto0.155,4140,31527.65999999998,0.4533816425120773,0.5369565217391304,0.38864734299516907,10.280141775404974,1.473018081379673,-14.864679157377154,2.0022491569804983,29.762791311643987,564,1928.95999999999,0.4166666666666667,0.50177304964539,0.4095744680851064,4.287156067496194,1.344016931897757,-5.612406781567056,5.190339446767686,29.130296309673966,-423,-1115.4299999999857,0.012443663112559455,0.005069605236829311,-0.003857587971300369,0.13154292049631167,-0.04574269407739773,-1.9856154476836565,-0.35768211173307707,-0.630913848615954,-29,-2662.375000000002,-0.008291174817313063,-0.024365230287156314,0.03352050518460048,-6.152379760623041,-1.6299988449617744,-1.6225503131282908,-13.085497165245693,-43.78766861289762
stack_equal_core,veto0.160,4098,30019.62999999998,0.4546120058565154,0.5368472425573451,0.38872620790629575,9.93358117956939,1.449828605490819,-15.28912244118552,1.889410140081799,28.887422973328114,560,1839.74999999999,0.4142857142857143,0.5,0.4107142857142857,4.107653911710035,1.2870407839994598,-5.465434019635914,5.0742487057905095,27.73297150072096,-465,-2623.459999999988,0.013674026456997557,0.004960326055043929,-0.003778723060173683,-0.21501767533927207,-0.06893216996625173,-2.4100587314920237,-0.4705211286317763,-1.506282186931827,-33,-2751.585000000002,-0.010672127198265435,-0.02613827993254636,0.03466032281377979,-6.3318819164092,-1.6869749928600717,-1.4755775511971487,-13.20158790622287,-45.18499342185062
stack_equal_core,veto0.165,4089,30249.47999999998,0.45512350207874785,0.5375397407679139,0.38811445341159206,10.032983377962905,1.4576380396569608,-15.077170887958422,1.9249345024246587,29.022566441183795,558,1910.91999999999,0.4175627240143369,0.5,0.4121863799283154,4.284298297396536,1.366243477304403,-5.310696602452787,5.431933339921694,28.847349933072163,-474,-2393.609999999986,0.014185522679230012,0.005652824265612755,-0.00439047755487737,-0.11561547694575758,-0.06112273580010985,-2.198107178264925,-0.4349967662889167,-1.3711387190761464,-35,-2680.415000000002,-0.007395117469642831,-0.02613827993254636,0.036132417027809505,-6.155237530722699,-1.6077722995551285,-1.3208401340140217,-12.843903272091683,-44.07061498949942
stack_equal_core,veto0.170,4073,30435.43999999998,0.45543825190277437,0.5379327277191259,0.38767493248219986,10.152340276575297,1.462288638362461,-15.073358905163534,1.9326444560911793,29.13144352273691,557,2060.1499999999896,0.42010771992818674,0.5026929982046678,0.40933572710951527,4.618658830165424,1.4849292124181313,-4.819167848644463,6.472841002879707,31.193707250465465,-490,-2207.649999999987,0.014500272503256528,0.006045811216824792,-0.004829998484269571,0.0037414216666338262,-0.05647213709460974,-2.194295195470037,-0.4272868126223961,-1.2622616375230322,-36,-2531.185000000002,-0.004850121555793008,-0.02344528172787852,0.03328176420900936,-5.82087699795381,-1.4890865644414002,-0.8293113802056977,-11.80299560913367,-41.72425767210612
stack_equal_core,veto0.175,4060,30214.50999999998,0.454679802955665,0.5374384236453202,0.3874384236453202,10.104996005761224,1.4564353098347393,-15.832532514476874,1.831800822606868,29.002046083968725,557,2015.81999999999,0.42010771992818674,0.5008976660682226,0.4111310592459605,4.519434293866114,1.4786975223328662,-4.897935779816539,6.22616010771259,30.495332362431892,-503,-2428.579999999987,0.01374182355614717,0.005551507143019108,-0.005066507321149216,-0.043602849147438505,-0.06232546562233132,-2.953468804783377,-0.5281304461067073,-1.3916590762912158,-36,-2575.515000000002,-0.004850121555793008,-0.025240613864323747,0.035077096345454584,-5.920101534253121,-1.4953182545266652,-0.9080793113777732,-12.049676504300788,-42.42263256013969
stack_equal_core,veto0.180,4046,30686.324999999975,0.45575877409787446,0.5383094414236282,0.3865546218487395,10.276630183776787,1.4716116956081375,-15.247559430079413,1.9201556174797576,29.277686892523434,557,1864.4349999999909,0.41651705565529623,0.4991023339317774,0.4129263913824057,4.176643805773111,1.3969733839953733,-6.2583152705425835,4.49308599680023,28.119148705635922,-517,-1956.7649999999921,0.01482079469835662,0.006422524921327111,-0.005950309117729924,0.12803132886812385,-0.04714907984893313,-2.3684957203859156,-0.4397756512338178,-1.1160182677365071,-36,-2726.900000000001,-0.008440785828683517,-0.027035946000768973,0.03687242848189981,-6.262892022346124,-1.5770423928641581,-2.268458802103818,-13.78275061521315,-44.79881621693566
stack_equal_core,veto0.185,4036,29061.944999999985,0.45465807730426167,0.5366699702675917,0.38825569871159565,9.750624177681653,1.4205146979481746,-17.135365744163877,1.6525717011979388,28.317420518481782,557,1895.8649999999911,0.41831238779174146,0.4991023339317774,0.4129263913824057,4.243662201028247,1.3995665536615471,-6.19575978442261,4.617895112425651,28.611368826248572,-527,-3581.1449999999822,0.013720097904743822,0.004783053765290535,-0.00424923225487378,-0.3979746772270101,-0.09824607750889602,-4.25630203447038,-0.7073595675156366,-2.076284641778159,-36,-2695.4700000000007,-0.00664545369223829,-0.027035946000768973,0.03687242848189981,-6.195873627090988,-1.5744492231979843,-2.2059033159838446,-13.657941499587729,-44.30659609632301
stack_equal_core,veto0.190,4023,28679.464999999982,0.4541387024608501,0.5369127516778524,0.38851603281133484,9.642634540628487,1.4009918473123375,-18.61658295564682,1.5086860422410802,28.086578859407552,555,1994.2649999999912,0.4198198198198198,0.5009009009009009,0.4144144144144144,4.4810503049023485,1.4587954912580328,-7.274395661923927,4.145522756514084,30.156172756392973,-540,-3963.6249999999854,0.013200723061332242,0.005025835175551219,-0.00398889815513459,-0.5059643142801757,-0.11776892814473316,-5.737519245953322,-0.8512452264724952,-2.3071263008523886,-38,-2597.0700000000006,-0.005138021664159942,-0.025237379031645468,0.03836045151390849,-5.958485523216886,-1.5152202856014987,-3.2845391934851618,-14.130313855499296,-42.76179216617861
stack_equal_core,veto0.195,4012,29366.259999999987,0.4548853439680957,0.5376370887337986,0.3870887337986042,9.894452804305889,1.43259204987674,-19.351776917101958,1.472721143170042,28.499771023726026,554,2091.244999999991,0.4223826714801444,0.5036101083032491,0.41155234657039713,4.7143933110798955,1.5332773779041304,-7.319740845127056,4.328605031863954,31.68426705415708,-551,-3276.82999999998,0.013947364568577869,0.00575017223149743,-0.005416197167865233,-0.25414605060277395,-0.08616872558033073,-6.472713207408461,-0.8872101255435334,-1.8939341365339146,-39,-2500.090000000001,-0.0025751700038353365,-0.02252817162929721,0.03549838366989122,-5.725142517039339,-1.440738398955401,-3.32988437668829,-13.947231580149424,-41.23369786841451
stack_equal_core,veto0.200,3994,30002.894999999982,0.45518277416124187,0.5380570856284427,0.38607911867801703,10.148423281686783,1.45865124488108,-17.03751590999411,1.694939497495756,28.877558655061364,554,2284.634999999991,0.42418772563176893,0.5054151624548736,0.40974729241877256,5.143797165573857,1.6582625133109432,-7.319740845127056,4.747152148211397,34.74792347729561,-569,-2640.194999999985,0.014244794761724022,0.006170169126141545,-0.006425812288452404,-0.00017557322187933266,-0.060109530575990666,-4.158452200300612,-0.6649917712178195,-1.5161465051985772,-39,-2306.7000000000007,-0.0007701158522108176,-0.020723117477672748,0.033693329518266646,-5.295738662545378,-1.3157532635485882,-3.32988437668829,-13.528684463801982,-38.17004144527598
stack_equal_core,veto0.205,3978,29980.10499999998,0.45475113122171945,0.5379587732528909,0.38687782805429866,10.164678746588965,1.4579395032911722,-16.825896799404845,1.7154580337568321,28.864119839702408,552,2201.3149999999914,0.42391304347826086,0.5054347826086957,0.40942028985507245,4.97458151474103,1.6760972766967017,-7.4018480711952215,4.515804934038777,33.42530204090879,-585,-2662.984999999986,0.013813151822201608,0.006071856750589744,-0.005627102912170778,0.01607989168030244,-0.0608212721658985,-3.9468330897113475,-0.6444732349567432,-1.5295853205575334,-41,-2390.0200000000004,-0.0010447980057188833,-0.020703497323850684,0.03336632695456654,-5.464954313378205,-1.2979185001628297,-3.411991602756456,-13.760031677974602,-39.492662881662795
stack_equal_core,veto0.210,3964,30205.099999999988,0.4553481331987891,0.5380928355196771,0.3874873864783047,10.261020403039858,1.4687070785965428,-16.043429373245306,1.8073767860079553,28.996521817161724,551,1614.1749999999913,0.4192377495462795,0.5009074410163339,0.41560798548094374,3.6490323426553473,1.1904524916925774,-8.72957094850158,2.7745734380603606,24.220835679375874,-599,-2437.98999999998,0.014410153799271241,0.006205919017375994,-0.005017544488164716,0.11242154813119498,-0.05005369686052785,-3.164365663551809,-0.5525544827056201,-1.3971833430982166,-42,-2977.1600000000008,-0.0057200919377002335,-0.025230838916212472,0.03955402258043783,-6.790503485463887,-1.783563285166954,-4.739714480062815,-15.501263173953017,-48.69712924319571
stack_equal_core,veto0.215,3951,29585.239999999987,0.4548215641609719,0.5375854214123007,0.3885092381675525,10.09125063434345,1.4589408650127764,-16.882219454177125,1.6958834265966476,28.630276176506484,550,1722.2549999999915,0.4218181818181818,0.5018181818181818,0.41454545454545455,3.9002848009246778,1.2578307365556867,-8.72957094850158,2.9669064547214514,25.899820394058203,-612,-3057.8499999999804,0.01388358476145407,0.005698504909999569,-0.003995692798916928,-0.05734822056521338,-0.059819910444294244,-4.003155744483628,-0.6640478421169278,-1.7634289837534567,-43,-2869.0800000000004,-0.0031396596657979337,-0.02432009811436453,0.03849149164494864,-6.539251027194557,-1.7161850403038448,-4.739714480062815,-15.308930157291927,-47.01814452851338
stack_equal_core,veto0.220,3941,29912.654999999984,0.4554681552905354,0.538442019791931,0.3872113676731794,10.23199563774616,1.4817757796160407,-14.144411453958275,2.0378585059291088,28.824309192809984,549,1802.6349999999911,0.4207650273224044,0.5009107468123861,0.4134790528233151,4.0938199190244955,1.3281579524061096,-8.777264596612996,3.0935626189826784,27.153017653002042,-622,-2730.434999999983,0.014530175891017572,0.006555103289629827,-0.00529356329329006,0.08339678283749663,-0.03698499584102999,-1.265347744264778,-0.3220727627844666,-1.5693959674499567,-44,-2788.7000000000007,-0.004192814161575353,-0.02522753312016024,0.037425089922809185,-6.345715909094739,-1.6458578244534219,-4.7874081281742304,-15.1822739930307,-45.76494726956955
stack_equal_core,veto0.225,3923,30164.47999999999,0.4562834565383635,0.5393831251593169,0.3864389497833291,10.352875247058385,1.488319521446621,-14.060651920131658,2.0605490653442704,28.97266317215841,547,1823.6049999999914,0.42047531992687387,0.5009140767824497,0.41316270566727603,4.147883609376683,1.3520096227434626,-8.4112770013152,3.2671128779480196,27.48059141098489,-640,-2478.6099999999788,0.015345477138845653,0.007496208657015724,-0.006065981183140334,0.2042763921497226,-0.030441254010449725,-1.1815882104381608,-0.299382203369305,-1.421041988101532,-46,-2767.7300000000005,-0.0044825215571058785,-0.025224203150096658,0.03710874276677012,-6.291652218742552,-1.6220061541160689,-4.421420532876435,-15.00872373406536,-45.4373735115867
stack_equal_core,veto0.230,3908,31097.404999999977,0.4580348004094166,0.5404298874104401,0.38536335721596726,10.713953366985757,1.5215128573992305,-13.991698104140188,2.109516975167953,29.515724662108987,547,2146.104999999992,0.42413162705667273,0.5045703839122486,0.4076782449725777,4.8743242202768595,1.5636120133224232,-7.560263088731886,4.305555217186226,32.55113018499003,-655,-1545.6849999999904,0.017096821009898733,0.008542970908138936,-0.007141573750502173,0.5653545120770946,0.002752081942159812,-1.1126343944466903,-0.2504142935456226,-0.8779804981509542,-46,-2445.23,-0.0008262144273070149,-0.02156789602029774,0.0316242820720718,-5.565211607842375,-1.4104037635371083,-3.57040662029312,-13.970281394827152,-40.366834737581556
stack_equal_core,veto0.235,3890,30792.694999999985,0.45784061696658096,0.5411311053984575,0.38508997429305913,10.658537142564406,1.510641700433281,-14.751103586117175,1.9889677087598423,29.339468701358573,547,2016.2549999999912,0.42230347349177333,0.5027422303473492,0.40950639853747717,4.57630084646317,1.4432971337264093,-8.37043730247232,3.644036581844482,30.502179736244784,-673,-1850.3949999999822,0.016902637567063117,0.009244188896156413,-0.0074149566734103,0.5099382876557428,-0.008119075023789613,-1.8720398764236776,-0.3709635599537331,-1.054236458901368,-46,-2575.080000000001,-0.002654367992206419,-0.023396049585197143,0.033452435636971256,-5.863234981656065,-1.5307186431331221,-4.380580834033554,-14.631800030168897,-42.4157851863268
stack_equal_core,veto0.240,3877,31397.82999999998,0.45860201186484395,0.5419138509156565,0.38380190869228786,10.879539546065224,1.532538087541886,-14.383570379238966,2.064053572488779,29.68845982641197,546,2044.7849999999912,0.4230769230769231,0.5036630036630036,0.41025641025641024,4.645402646544903,1.4989572432585738,-8.26284679748335,3.7458659122889837,30.951516157159077,-686,-1245.2599999999875,0.017664032465326107,0.010026934413355337,-0.008703022274181571,0.7309406911565617,0.013777312084815252,-1.504506669545469,-0.2958776962247964,-0.7052453338479694,-47,-2546.5500000000006,-0.0018809184070566753,-0.02247527626954271,0.03420244735590433,-5.794133181574332,-1.4750585336009576,-4.2729903290445845,-14.529970699724394,-41.96644876541251
stack_equal_core,veto0.245,3864,31622.49499999998,0.458592132505176,0.5424430641821946,0.38354037267080743,10.99249228909002,1.5531158673842045,-13.224473995083205,2.2546807714804395,29.81696722965721,545,2283.784999999991,0.42568807339449544,0.5045871559633027,0.4091743119266055,5.192459675072372,1.6873680343301818,-8.160823075966771,4.2562385982133675,34.73441016912011,-699,-1020.5949999999866,0.017654153105658155,0.010556147679893435,-0.008964558295662006,0.8438934341813571,0.03435509192713382,-0.34541028538970764,-0.10525049723313584,-0.5767379306027323,-48,-2307.5500000000006,0.0007302319105156885,-0.021551123969243635,0.033120349026099616,-5.247076153046863,-1.2866477425293497,-4.170966607528006,-14.01959801380001,-38.183554753451475
stack_equal_core,veto0.250,3855,31173.069999999985,0.45862516212710763,0.54189364461738,0.38417639429312583,10.853349239334175,1.5338492667740782,-13.850222558243216,2.1342131175009493,29.55932666411023,542,1987.1199999999913,0.42435424354243545,0.5018450184501845,0.4114391143911439,4.541714511398607,1.4895848579002766,-8.496586470474863,3.5359858282582817,30.04380934817017,-708,-1470.0199999999822,0.01768718272758979,0.010006728115078856,-0.0083285366733436,0.7047503844255125,0.015088491317007513,-0.9711588485497185,-0.22571815121262606,-0.8343784961497107,-51,-2604.2150000000006,-0.0006035979415442982,-0.024293261482361883,0.03538515149063798,-5.897821316720628,-1.4844309189592548,-4.506730002036098,-14.739850783755097,-42.874155574401414
stack_equal_core,veto0.255,3844,30766.689999999988,0.459417273673257,0.541363163371488,0.3839750260145682,10.73403434548804,1.5139295743670085,-14.831712890913826,1.977140257713177,29.324376647469208,540,2302.14999999999,0.42777777777777776,0.5055555555555555,0.4074074074074074,5.283078360709287,1.7081768065687062,-8.219710778952564,4.261277747372512,35.026470632188534,-719,-1876.3999999999796,0.018479294273739177,0.00947624686918691,-0.008529904951901257,0.5854354905793766,-0.004831201090062187,-1.9526491812203286,-0.3827910110003985,-1.069328512790733,-53,-2289.1850000000018,0.002819936293798009,-0.020582724376990824,0.03135344450690147,-5.156457467409948,-1.2658389702908253,-4.229854310513798,-14.014558864640867,-37.89149429038305
stack_equal_core,veto0.260,3825,30730.044999999987,0.4596078431372549,0.5411764705882353,0.38405228758169935,10.767570368054141,1.5089769454979496,-14.78574563877724,1.9818477205946485,29.30309629150294,539,2447.9699999999903,0.42857142857142855,0.5064935064935064,0.40630797773654914,5.63640591829872,1.7606965053106274,-8.318738360674422,4.49015257645048,37.3524044829997,-738,-1913.04499999998,0.018669863737737047,0.009289554085934126,-0.008452643384770087,0.6189715131454783,-0.009783829959121082,-1.9066819290837422,-0.37808354811892686,-1.090608868757002,-54,-2143.3650000000016,0.0036135870874487996,-0.01964477343903992,0.03025401483604323,-4.803129909820515,-1.213319271548904,-4.328881892235656,-13.785684035562898,-35.56556043957188
stack_equal_core,veto0.265,3803,31000.269999999986,0.46121483039705496,0.5419405732316592,0.3841703917959506,10.923696180122423,1.516266178651872,-15.044890292584645,1.9581169248665458,29.45965431467039,539,2432.03999999999,0.42857142857142855,0.5064935064935064,0.40630797773654914,5.6170669184450635,1.883783390477959,-8.305511353490678,4.466637774569869,37.097710748620386,-760,-1642.8199999999815,0.02027685099753712,0.010053656729358096,-0.008334539170518851,0.7750973252137605,-0.00249459680519859,-2.165826582891148,-0.40181434384702963,-0.9340508455895495,-54,-2159.295000000002,0.0036135870874487996,-0.01964477343903992,0.03025401483604323,-4.822468909674171,-1.0902323863815724,-4.315654885051912,-13.80919883744351,-35.8202541739512
stack_equal_core,veto0.270,3784,30359.84499999999,0.46035940803382663,0.5409619450317125,0.38530655391120505,10.75116994821599,1.5018925664102012,-15.492516436905305,1.8775021626708046,29.0872331155027,539,2318.72999999999,0.42857142857142855,0.5064935064935064,0.40630797773654914,5.359906834480466,1.7997537255808886,-8.31301303290544,4.245189112256857,35.29031241733953,-779,-2283.244999999977,0.01942142863430879,0.009075028529411333,-0.007198377055264382,0.6025710933073274,-0.016868209046869476,-2.6134527272118078,-0.4824291060427708,-1.3064720447572427,-54,-2272.605000000002,0.0036135870874487996,-0.01964477343903992,0.03025401483604323,-5.079628993638769,-1.1742620512786428,-4.323156564466674,-14.030647499756522,-37.62765250523206
stack_equal_core,veto0.275,3771,30677.094999999994,0.4614160700079554,0.5409705648369133,0.38610448156987537,10.875649631664153,1.514753342625485,-15.791587938376725,1.853665370416665,29.272319705258433,538,2192.959999999991,0.4275092936802974,0.5055762081784386,0.4107806691449814,5.095438395769642,1.6145865468267722,-10.107851344819622,3.2937661013502697,33.292898117054605,-792,-1965.9949999999735,0.020478090608437582,0.009083648334612171,-0.006400449396594066,0.7270507767554903,-0.004007432831585556,-2.9125242286832282,-0.5062658982969104,-1.1213854550015085,-55,-2398.375000000001,0.0025514521963176384,-0.020562071754107736,0.03472670624447549,-5.344097432349593,-1.3594292300327593,-6.117994876380856,-14.982070510663108,-39.62506680551698
stack_equal_core,veto0.280,3757,30609.054999999993,0.4618046313548044,0.5411232366249668,0.38594623369709874,10.897836799837759,1.5085554916756638,-16.413054480032635,1.7810654424268983,29.23272413905611,536,2293.099999999993,0.4291044776119403,0.5055970149253731,0.4123134328358209,5.3463792042612335,1.6196060455446961,-10.023692121320057,3.480007429792117,34.8825230561425,-806,-2034.0349999999744,0.02086665195528653,0.00923632012266562,-0.006558697269370695,0.7492379449290958,-0.010205283781406838,-3.5339907703391376,-0.578865826286677,-1.1609810212038312,-57,-2298.2349999999988,0.004146636127960568,-0.020541265007173237,0.03625946993531498,-5.093156623858001,-1.3544097313148353,-6.033835652881291,-14.795829182221262,-38.03544186642908
stack_equal_core,veto0.285,3744,30273.04999999999,0.4618055555555556,0.5408653846153846,0.38621794871794873,10.793448541223606,1.4949460250814934,-16.629602581339995,1.7460663255812983,29.036389075077594,533,2183.6299999999937,0.43151969981238275,0.5065666041275797,0.41088180112570355,5.121037851914063,1.4645317030295453,-11.339519668254457,2.9229713654536655,33.145091288306425,-819,-2370.039999999979,0.020867576156037737,0.008978468113083449,-0.0062869822485207005,0.6448496863149433,-0.02381475037557723,-3.750538871646498,-0.6138649431322771,-1.3573160851823474,-60,-2407.704999999998,0.006561858328403003,-0.01957167580496666,0.03482783822519764,-5.318497976205172,-1.5094840738299862,-7.349663199815692,-15.352865246559713,-39.77287363426516
stack_equal_core,veto0.290,3722,29774.04999999999,0.46104245029554003,0.5397635679742074,0.3871574422353573,10.693528422078678,1.4809521186203096,-16.572254229416437,1.7343644312106492,28.742328280480113,531,2304.019999999994,0.4331450094161959,0.5084745762711864,0.4105461393596987,5.42242411790468,1.4929061025985586,-10.99490523411864,3.1884058737880654,35.05622043020702,-841,-2869.039999999979,0.020104470896022186,0.007876651471906304,-0.005347488731112127,0.5449295671700156,-0.037808656836761045,-3.6931905197229398,-0.6255668375029262,-1.6513768797798285,-62,-2287.314999999998,0.008187167932216133,-0.017663703661359942,0.03449217645919278,-5.017111710214555,-1.4811096742609728,-7.005048765679875,-15.087430738225313,-37.861744492364565
stack_equal_core,veto0.295,3710,29807.059999999987,0.4609164420485175,0.539622641509434,0.38733153638814016,10.724964318255502,1.4835822428065726,-14.994721941821787,1.9181331949447527,28.76187390557481,530,2408.989999999995,0.4339622641509434,0.5094339622641509,0.40943396226415096,5.683333443430178,1.5733362971109421,-10.910801657513863,3.3663374165845443,36.72943986462158,-853,-2836.0299999999806,0.019978462648999662,0.007735725007132821,-0.005173394578329271,0.5763654633468391,-0.035178532650498084,-2.1156582321282897,-0.44179807376882274,-1.6318312546851317,-63,-2182.344999999997,0.009004422666963663,-0.01670431766839542,0.03337999936364505,-4.756202384689057,-1.4006794797485893,-6.9209451890750975,-14.909499195428834,-36.18852505795
stack_equal_core,veto0.300,3689,29814.689999999988,0.4597451883979398,0.5394415830848468,0.38818107888316616,10.773724428715648,1.4879909537351976,-15.102776634562995,1.904708685943936,28.76638983772326,526,2238.594999999995,0.4296577946768061,0.5076045627376425,0.41254752851711024,5.336559687310171,1.4856560269598957,-11.432333766676178,2.9754716103594987,34.01658456289924,-874,-2828.3999999999796,0.018807208998421976,0.007554666582545666,-0.00432385208330327,0.6251255738069847,-0.030769821721873036,-2.2237129248694973,-0.45522258276963945,-1.6273153225366812,-67,-2352.739999999997,0.004699953192826345,-0.01853371719490382,0.03649356561660433,-5.102976140809064,-1.4883597498996357,-7.442477298237413,-15.30036500165388,-38.901380359672345
stack_equal_core,tilt0.005,4563,32690.289999999968,0.44071882533421,0.5318869165023011,0.39272408503177736,10.1646016550026,1.5195251235262357,-12.879063709693497,2.361981010105855,30.420103910239504,593,4591.334999999992,0.42495784148397975,0.5261382799325464,0.3760539629005059,10.439535828119235,2.9740157768595314,-3.9898564684387656,18.27583661201338,72.91796492257158,0,47.20000000000073,-0.0002191540653078694,0.0,0.00021915406530792492,0.016002800093938063,0.0007643480691650328,0.0,0.002049741392279536,0.026398749979563263,0,0.0,0.0,0.0,0.0,0.0,0.0,0.0,0.0,0.0
stack_equal_core,tilt0.010,4563,32662.83999999997,0.44071882533421,0.5321060705676091,0.39250493096646943,10.15292184916189,1.5190702993574563,-12.879063709693497,2.3607891719437037,30.40475415061752,593,4761.804999999992,0.4266441821247892,0.5278246205733558,0.37436762225969644,10.844517817097264,3.0730060787840174,-3.9898564684387656,19.011639763537683,75.85371388617847,0,19.750000000003638,-0.0002191540653078694,0.00021915406530792492,0.0,0.0043229942532274634,0.00030952390038563315,0.0,0.000857903230128354,0.011048990357579669,0,170.47000000000025,0.0016863406408094694,0.001686340640809414,-0.0016863406408094694,0.4049819889780295,0.09899030192448599,0.0,0.7358031515243049,2.9357489636068834
stack_equal_core,tilt0.020,4563,32482.20999999997,0.4402805172035941,0.5318869165023011,0.39250493096646943,10.103037753117833,1.5156575272372734,-12.879063709693497,2.352930822070017,30.303545961941246,593,4761.804999999992,0.4266441821247892,0.5278246205733558,0.37436762225969644,10.844517817097264,3.0730060787840174,-3.9898564684387656,19.011639763537683,75.85371388617847,0,-160.87999999999738,-0.0006574621959237192,0.0,0.0,-0.045561101790829284,-0.003103248219797239,0.0,-0.007000446643558256,-0.09015919831869468,0,170.47000000000025,0.0016863406408094694,0.001686340640809414,-0.0016863406408094694,0.4049819889780295,0.09899030192448599,0.0,0.7358031515243049,2.9357489636068834
stack_equal_core,tilt0.030,4563,31694.559999999972,0.4396230550076704,0.5312294543063774,0.39316239316239315,9.858431333991641,1.4903791860522768,-12.898804556805715,2.3147934304135194,29.858068048281837,593,4761.804999999992,0.4266441821247892,0.5278246205733558,0.37436762225969644,10.844517817097264,3.0730060787840174,-3.9898564684387656,19.011639763537683,75.85371388617847,0,-948.5299999999952,-0.0013149243918474385,-0.0006574621959237748,0.0006574621959237192,-0.2901675209170218,-0.02838158940479385,-0.019740847112217352,-0.04513783830005602,-0.5356371119781045,0,170.47000000000025,0.0016863406408094694,0.001686340640809414,-0.0016863406408094694,0.4049819889780295,0.09899030192448599,0.0,0.7358031515243049,2.9357489636068834
stack_equal_core,tilt0.040,4563,31478.994999999974,0.4394039009423625,0.5312294543063774,0.3933815472277011,9.78750608590576,1.4830101159120117,-12.879063709693497,2.308782075798452,29.73495144600666,593,4551.234999999992,0.42495784148397975,0.5261382799325464,0.3760539629005059,10.374282317263848,2.8288447684481284,-4.061903596035857,17.782207520496147,72.22961267295915,0,-1164.094999999994,-0.0015340784571553634,-0.0006574621959237748,0.0008766162612316442,-0.3610927690029033,-0.03575065954505896,0.0,-0.05114919291512354,-0.6587537142532796,0,-40.099999999999454,0.0,0.0,0.0,-0.06525351085538666,-0.14517100841140307,-0.07204712759709153,-0.49362909151723144,-0.6883522496124357
stack_equal_core,tilt0.050,4563,31265.899999999972,0.4394039009423625,0.5310103002410694,0.3940390094236248,9.708594363004272,1.472673547377715,-12.879063709693497,2.299292195259484,29.61273066994792,593,4410.319999999992,0.42495784148397975,0.5261382799325464,0.3777403035413153,10.033189019073262,2.746851274283378,-4.069403056562777,17.15668025306549,69.81744706229493,0,-1377.189999999995,-0.0015340784571553634,-0.0008766162612316997,0.0015340784571553634,-0.44000449190439106,-0.04608722807935561,0.0,-0.06063907345409136,-0.7809744903120226,0,-181.01499999999942,0.0,0.0,0.001686340640809414,-0.40634680904597253,-0.22716450257615328,-0.07954658812401139,-1.1191563589478903,-3.1005178602766534
stack_equal_core,tilt0.075,4563,31877.469999999976,0.4402805172035941,0.5316677624369932,0.3933815472277011,9.889705826463887,1.4851107818373666,-13.115008899547915,2.284567803557855,29.9621270752819,593,4141.599999999993,0.42327150084317033,0.524451939291737,0.3794266441821248,9.417857864841354,2.538648097564029,-6.235217813033558,10.464253070766093,65.24689714693186,0,-765.6199999999917,-0.0006574621959237192,-0.00021915406530792492,0.0008766162612316442,-0.2588930284447759,-0.03364999361970411,-0.2359451898544176,-0.07536346515572045,-0.4315780849780424,0,-449.73499999999876,-0.001686340640809414,-0.001686340640809414,0.0033726812816188834,-1.021677963277881,-0.43536767929550235,-2.2453613445947926,-7.811583541247286,-7.671067775639727
stack_equal_core,tilt0.100,4563,32422.26999999997,0.4413762875301337,0.5325443786982249,0.39272408503177736,10.061433755093663,1.5033673995724182,-12.891461314568305,2.348056806772768,30.269883488919923,593,4131.2399999999925,0.42327150084317033,0.524451939291737,0.3794266441821248,9.392086961444193,2.6031773488884595,-6.068085408524011,10.723557629433197,65.07146357862992,0,-220.81999999999607,0.00043830813061584983,0.0006574621959237748,0.00021915406530792492,-0.08716509981499954,-0.015393375884652505,-0.01239760487480801,-0.011874461940807546,-0.12382167134001776,0,-460.09499999999935,-0.001686340640809414,-0.001686340640809414,0.0033726812816188834,-1.0474488666750421,-0.3708384279710719,-2.0782289400852454,-7.552278982580182,-7.846501343941668
stack_equal_core,tilt0.150,4563,32848.659999999974,0.4420337497260574,0.5327635327635327,0.39250493096646943,10.195054715692232,1.5184605268440843,-12.879063709693497,2.368844999084586,30.508505661599216,593,4020.044999999993,0.42327150084317033,0.5227655986509275,0.3794266441821248,9.118206700173795,2.5702846349484743,-6.075283171554475,10.401516767712467,63.19215977752526,0,205.57000000000698,0.001095770326539569,0.0008766162612315886,0.0,0.04645586078356878,-0.00030024861298638683,0.0,0.008913730371010509,0.11480050133927477,0,-571.289999999999,-0.001686340640809414,-0.003372681281618828,0.0033726812816188834,-1.3213291279454396,-0.4037311419110572,-2.0854267031157097,-7.874319844300912,-9.725805145046323
stack_equal_core,tilt0.200,4563,33756.60499999997,0.443129520052597,0.5336401490247644,0.3916283147052378,10.465497974198518,1.5438419288142164,-12.879063709693497,2.4078013998776417,31.010227629313334,593,4243.179999999992,0.42495784148397975,0.524451939291737,0.3777403035413153,9.611434108746606,2.708166575320359,-6.038830232629254,11.08990988625274,66.97008309823708,0,1113.5149999999994,0.002191540653079138,0.0017532325224632883,-0.0008766162612316442,0.3168991192898556,0.02508115335714578,0.0,0.047870131164066354,0.6165224690533933,0,-348.15499999999975,0.0,-0.001686340640809414,0.001686340640809414,-0.8281017193726292,-0.26584920153917224,-2.048973764190488,-7.185926725760639,-5.947881824334502
stack_equal_core,tilt0.250,4563,33089.674999999974,0.4420337497260574,0.5327635327635327,0.3922857769011615,10.265671932210772,1.518067408469961,-12.879063709693497,2.379251276139149,30.642528766765654,593,4231.3699999999935,0.42833052276559863,0.5261382799325464,0.3777403035413153,9.63103676749577,2.8744916168020924,-4.81497035115741,13.8670543704447,66.76945565157901,0,446.5850000000064,0.001095770326539569,0.0008766162612315886,-0.00021915406530792492,0.11707307730210914,-0.0006933669871096448,0.0,0.019320007425573493,0.248823606505713,0,-359.9649999999983,0.0033726812816188834,0.0,0.001686340640809414,-0.8084990606234648,-0.09952416005743903,-0.8251138827186439,-4.408782241568678,-6.148509270992577
stack_equal_core,tilt0.300,4563,33615.58499999997,0.44225290379136534,0.5325443786982249,0.39272408503177736,10.419378982344265,1.5449963756681964,-12.879063709693497,2.4017943644097994,30.932862636816605,593,3795.6399999999935,0.42495784148397975,0.5227655986509275,0.3811129848229342,8.622445108479086,2.694474396730633,-4.8942216473724,12.140825436128674,59.41989066647042,0,972.4950000000026,0.001314924391847494,0.0006574621959237748,0.00021915406530792492,0.27078012743560187,0.026235600211125698,0.0,0.04186309569622404,0.5391574765566638,0,-795.6949999999983,0.0,-0.003372681281618828,0.005059021922428297,-1.8170907196401487,-0.2795413801288986,-0.9043651789336344,-6.135011175884705,-13.498074256101162
stack_equal_core,tilt0.400,4563,33642.57499999997,0.4433486741179049,0.5334209949594565,0.39272408503177736,10.417438534927275,1.5354855723216316,-12.758323319936505,2.4256859341630697,30.947685420674652,593,4151.069999999992,0.4266441821247892,0.524451939291737,0.3811129848229342,9.39857174005133,2.926201906211584,-4.520330360470473,14.469586292617535,65.40731022196644,0,999.4850000000006,0.002410694718387063,0.0015340784571553634,0.00021915406530792492,0.2688396800186119,0.016724796864560965,0.12074038975699253,0.06575466544949427,0.5539802604147113,0,-440.2649999999994,0.0016863406408094694,-0.001686340640809414,0.005059021922428297,-1.0409640880679056,-0.04781387064794762,-0.5304738920317078,-3.8062503193958435,-7.510654700605144
stack_equal_core,tilt0.500,4563,35261.96999999997,0.4457593688362919,0.5356125356125356,0.39075169844400615,10.878798292525147,1.5762763109103806,-12.69436851323821,2.5069102619172665,31.823642694396305,593,4173.879999999992,0.4266441821247892,0.524451939291737,0.3811129848229342,9.487337200204918,3.079705801270059,-5.606053889115188,11.736221226166231,65.79388864846543,0,2618.8800000000047,0.004821389436774071,0.0037256191102345015,-0.0017532325224632883,0.7301994376164842,0.057515535453309896,0.1846951964552872,0.14697899320369112,1.4299375341363643,0,-417.4549999999999,0.0016863406408094694,-0.001686340640809414,0.005059021922428297,-0.9521986279143171,0.10569002441052744,-1.6161974206764222,-6.5396153858471475,-7.124076274106159
stack_equal_core,tilt0.750,4563,32706.434999999976,0.44269121192198113,0.5347359193513039,0.39294323909708523,10.057249545806181,1.476466123531088,-13.708271840343086,2.2197639949026686,30.429128263531723,593,3780.25499999999,0.42495784148397975,0.5177065767284992,0.39291736930860033,8.473745936574906,2.881559836262339,-4.573239816563245,12.936621169510595,59.16227102420082,0,63.34500000000844,0.0017532325224632883,0.002849002849002802,0.0004383081306157943,-0.09134930910248151,-0.042294651925982585,-0.8292081306495884,-0.14016727381090677,0.035423103271782,0,-811.0800000000017,0.0,-0.00843170320404718,0.016863406408094417,-1.965789891544329,-0.09245594059719231,-0.583383348124479,-5.339215442502784,-13.755693898370765
stack_equal_core,tilt1.000,4563,32093.10999999997,0.4444444444444444,0.5338593030900723,0.39447731755424065,9.843350694168077,1.442257322300845,-15.176433311005496,1.9823057223516434,30.084330597294297,593,2899.724999999992,0.41652613827993257,0.5109612141652614,0.3996627318718381,6.417393671407119,2.0806368772266133,-7.225050914349571,6.177923319183527,44.63581052604848,0,-549.9799999999959,0.0035064650449265766,0.0019723865877712132,0.0019723865877712132,-0.3052481607405859,-0.07650345315622564,-2.297369601311999,-0.377625546361932,-0.3093745629656439,0,-1691.6099999999997,-0.00843170320404718,-0.015177065767284947,0.023608768971332184,-4.022142156712116,-0.8933788996329182,-3.235194445910805,-12.097913292829851,-28.282154396523104
stack_weighted_all,veto0.030,4470,34356.17999999997,0.44854586129753915,0.536241610738255,0.3865771812080537,10.621383543891556,1.5447708217971745,-15.71006749440925,1.9947020293459103,31.33690351225935,588,2966.894999999993,0.4217687074829932,0.5136054421768708,0.39285714285714285,6.629168569612963,1.980456246508506,-4.768018452343601,9.590709254170541,45.728678694947675,-93,1713.0900000000038,0.007607881898021307,0.004354694235953915,-0.005927749758415757,0.47278468898289283,0.026010046340103843,-2.8310037847157528,-0.36522923936766505,0.9431983519994098,-5,-1624.4399999999987,-0.0031891340009865266,-0.012532837755675597,0.016803179956636938,-3.810367258506272,-0.9935595303510254,-0.7781619839048357,-8.685127357842838,-27.18928622762391
stack_weighted_all,veto0.035,4452,33330.74999999997,0.44856244384546273,0.5354896675651393,0.38791554357592095,10.297500547303073,1.5119205570983438,-15.510541173524356,1.9841973015579282,30.775973942210165,588,2844.509999999992,0.4217687074829932,0.5136054421768708,0.391156462585034,6.338622296540838,1.985232301117083,-4.768018452343601,9.1734890351271,43.73936499185771,-111,687.6600000000035,0.00762446444594489,0.0036027510628381387,-0.004589387390548483,0.14890169239441065,-0.006840218358726835,-2.6314774638308585,-0.3757339671556472,0.3822687819502235,-5,-1746.8249999999998,-0.0031891340009865266,-0.012532837755675597,0.015102499684528092,-4.100913531578397,-0.9887834757424485,-0.7781619839048357,-9.10234757688628,-29.178599930713872
stack_weighted_all,veto0.040,4436,34509.394999999975,0.44950405770964835,0.5358431018935979,0.38796212804328223,10.684131053458923,1.552408660361018,-14.80127849297625,2.1227762842276303,31.419802961138465,588,2862.5299999999916,0.4268707482993197,0.5136054421768708,0.39285714285714285,6.325666889563504,1.8378107514667927,-6.270852484434995,7.021651299907073,44.03173949885848,-127,1866.3050000000076,0.00856607831013051,0.003956185391296718,-0.004542802923187206,0.5355321985502606,0.033647884903947434,-1.9222147832827527,-0.23715498448594508,1.0260978008785244,-5,-1728.8050000000003,0.0019129068153399542,-0.012532837755675597,0.016803179956636938,-4.113868938555731,-1.1362050253927387,-2.2809960159962293,-11.254185312106305,-28.886225423713107
stack_weighted_all,veto0.045,4420,33713.99499999998,0.448868778280543,0.5350678733031674,0.38868778280542987,10.471304106482433,1.5258698181055208,-15.519109830443266,1.9966913821554595,30.986872857170145,587,2836.1449999999913,0.42759795570698467,0.5110732538330494,0.39522998296422485,6.285074730061401,1.895976433259628,-6.186347939000639,7.048375861144455,43.60370548189285,-143,1070.9050000000134,0.007930798881025158,0.0031809568008662747,-0.003817148161039563,0.3227052515737707,0.007109042648450137,-2.640046120749769,-0.3632398865581159,0.5931676969102035,-6,-1755.1900000000005,0.002640114223004919,-0.015065026099497003,0.019176020063718935,-4.154461098057833,-1.0780393435999034,-2.196491470561873,-11.227460750868923,-29.314259440678732
stack_weighted_all,veto0.050,4407,32360.04999999998,0.44928522804629,0.5343771272974813,0.38960744270478787,10.078896834676877,1.484235560240764,-17.384912344372555,1.7391459233605722,30.234899431696416,585,2419.904999999994,0.4222222222222222,0.505982905982906,0.4,5.348084459734954,1.6324058493049576,-6.742213169484636,5.473542603338139,36.90379102396162,-156,-283.0399999999863,0.008347248646772165,0.002490210795180192,-0.002897488261681569,-0.06970202023178551,-0.03452521521630669,-4.505848634679058,-0.6207853453530032,-0.15880572856352515,-8,-2171.429999999998,-0.002735619261757527,-0.0201553739496404,0.02394603709949411,-5.091451368384281,-1.3416099275545739,-2.75235670104587,-12.80229400867524,-36.01417389860997
stack_weighted_all,veto0.055,4387,31714.56499999998,0.4481422384317301,0.5340779576020059,0.389788010029633,9.908681414323622,1.453556298463022,-17.73535429881285,1.6841765154835953,29.869467203841626,583,2611.979999999993,0.42710120068610635,0.5094339622641509,0.3979416809605489,5.7678472294909575,1.8437790792490205,-5.344278622660151,7.481486459276098,39.98314815003064,-176,-928.5249999999869,0.007204259032212279,0.0021910410997048047,-0.0027169209368364533,-0.2399174405850406,-0.06520447699404874,-4.856290589119354,-0.6757547532299801,-0.5242379564183146,-10,-1979.3549999999987,0.0021433592021266046,-0.01670431766839542,0.02188771806004297,-4.671688598628277,-1.130236697610511,-1.3544221542213855,-10.79435015273728,-32.93481677254095
stack_weighted_all,veto0.060,4367,30469.67499999998,0.44607281886878863,0.5319441264025647,0.391115182047172,9.561045431610335,1.4126744675972194,-19.052321140431868,1.5300730464068886,29.151443048462955,581,2438.0599999999936,0.43029259896729777,0.5094664371772806,0.3993115318416523,5.4084511291472035,1.7180038795006587,-6.702300364644706,5.549429465283572,37.19394312874016,-196,-2173.4149999999863,0.005134839469270791,5.720990026358841e-05,-0.00138974891929744,-0.5875534232983277,-0.10608630785985129,-6.173257430738371,-0.8298582223066868,-1.242262111796986,-12,-2153.2749999999983,0.00533475748331802,-0.016671842755265787,0.02325756894114639,-5.031084698972031,-1.2560118973588728,-2.71244389620594,-12.726407146729807,-35.724021793831426
stack_weighted_all,veto0.065,4352,29780.549999999985,0.4460018382352941,0.5314797794117647,0.3915441176470588,9.34565669411251,1.3865566224386254,-19.74571958845132,1.4558182055060944,28.746178057685732,577,3056.0799999999927,0.43674176776429807,0.5147313691507799,0.3968804159445407,6.793473367991869,2.309114589242649,-3.480699412004599,13.555801379398732,47.18366989052429,-211,-2862.5399999999827,0.005063858835776258,-0.00040713709053641356,-0.0009608133194106139,-0.8029421607961531,-0.13220415301844524,-6.866655878757822,-0.904113063207481,-1.6475271025742089,-16,-1535.2549999999992,0.011783926280318324,-0.011406910781766477,0.0208264530440348,-3.646062460127366,-0.6649011876168824,0.5091570564341668,-4.720035232614647,-25.734295032047292
stack_weighted_all,veto0.070,4339,30046.579999999984,0.44756856418529617,0.5323807328877621,0.39087347315049553,9.466221998689631,1.39518754274307,-18.806742933403378,1.5368584271368384,28.903301364197166,575,3390.3349999999928,0.44,0.5165217391304348,0.39652173913043476,7.552477290786405,2.745167570699376,-3.4250556561070047,15.379742361781242,52.676473565687346,-224,-2596.509999999984,0.006630584785778326,0.0004938163854609767,-0.0016314578159739024,-0.6823768562190313,-0.12357323271400067,-5.92767922370988,-0.823072841576737,-1.4904037960627754,-18,-1200.999999999999,0.015042158516020254,-0.009616540802111606,0.020467776229928847,-2.8870585373328295,-0.22884820616015533,0.5648008123317609,-2.896094250232137,-20.24149135688424
stack_weighted_all,veto0.075,4324,30533.134999999987,0.45004625346901017,0.5337650323774283,0.3901480111008326,9.652833686770546,1.4039244694754893,-19.30740609033739,1.511776293176246,29.18847881009874,573,3815.5799999999917,0.44502617801047123,0.5200698080279232,0.3944153577661431,8.46239762388041,3.141181167465381,-3.078145316504702,19.41233084926398,59.75397528610167,-239,-2109.95499999998,0.009108274069492328,0.0018781158751272065,-0.002356919865636853,-0.4957651681381172,-0.11483630598158134,-6.428342380643894,-0.8481549755373294,-1.205226350161201,-20,-775.7550000000001,0.02006833652649148,-0.006068471904623118,0.018361394865637204,-1.977138204238825,0.16716539060584967,0.9117111519340635,1.1364942372506022,-13.163989636469914
stack_weighted_all,veto0.080,4308,30185.394999999993,0.44962859795728877,0.5334261838440112,0.39020427112349115,9.566857896731708,1.3955891889941403,-19.567845468572994,1.481254047922743,28.984950309450454,570,3503.6149999999907,0.4421052631578947,0.5175438596491229,0.39473684210526316,7.766422668387388,2.806071276180377,-4.341281051638321,12.565899942548816,54.55210331737024,-255,-2457.6949999999742,0.008690618557770924,0.00153926734171006,-0.002300659842978281,-0.5817409581769546,-0.12317158646293036,-6.688781758879497,-0.8786772207908324,-1.408754850809487,-23,-1087.7200000000012,0.017147421673914975,-0.008594420283423498,0.018682879204757252,-2.673113159731847,-0.16794450067915445,-0.35142458319955505,-5.709936669464563,-18.365861605201346
stack_weighted_all,veto0.085,4295,30790.33499999999,0.450291036088475,0.5343422584400466,0.38928987194412107,9.783805667707439,1.412582876155706,-19.90959623968154,1.4735657640566966,29.33809939498666,569,3196.30499999999,0.43936731107205623,0.5149384885764499,0.3989455184534271,7.087158633213541,2.5478605088955155,-4.3983128277068895,11.249855325285846,49.4803829870514,-268,-1852.7549999999792,0.00935305668895714,0.0024553419377454366,-0.0032150590223483655,-0.364793187201224,-0.10617789930136468,-7.030532529988044,-0.8863655046568788,-1.055605765273281,-24,-1395.030000000002,0.014409469588076484,-0.0111997913560965,0.02289155555292116,-3.352377194905694,-0.4261552679640159,-0.40845635926812385,-7.025981286727532,-23.437581935520186
stack_weighted_all,veto0.090,4278,31170.89499999999,0.45114539504441326,0.5348293595137915,0.3899018232819074,9.927165297970578,1.4283811417140635,-19.605910774897897,1.5076103616219612,29.558074233271725,568,2662.294999999991,0.43838028169014087,0.5140845070422535,0.40316901408450706,5.886873549727492,2.1991537396260985,-5.504082711812203,7.411462728595177,40.79330387370121,-285,-1472.1949999999779,0.010207415644895412,0.002942443011490381,-0.0026031076845620116,-0.2214335569380843,-0.09037963374300717,-6.7268470652043995,-0.8523209070916142,-0.8356309269882161,-25,-1929.0400000000009,0.013422440206161124,-0.012053772890292858,0.02711505118400115,-4.552662278391742,-0.7748620372334329,-1.5142262433734377,-10.864373883418201,-32.12466104887037
stack_weighted_all,veto0.095,4257,30427.894999999982,0.45125675358233497,0.5344139065069298,0.39065069297627436,9.71743245310447,1.4053386143693964,-19.561397159710946,1.4890058087007687,29.127033997112317,567,3017.2749999999915,0.4444444444444444,0.5202821869488536,0.3985890652557319,6.686988797821333,2.47121929112525,-5.92179373227718,7.860801080540064,46.55004256941984,-306,-2215.194999999985,0.010318774182817125,0.0025269900046286375,-0.0018542379901950734,-0.43116640180419274,-0.11342216108767422,-6.682333450017449,-0.8709254600128067,-1.266671163147624,-26,-1574.0600000000004,0.019486602960464672,-0.005856092983692718,0.02253510235522599,-3.752547030297902,-0.5027964857342813,-1.9319372638384147,-10.415035531473315,-26.367922353151748
stack_weighted_all,veto0.100,4243,29740.394999999986,0.45086024039594624,0.5338204100872025,0.3921753476313929,9.5227284079644,1.3822953963432112,-19.93931469760388,1.4404901838207527,28.722387094011246,566,2433.494999999994,0.43992932862190814,0.5141342756183745,0.4045936395759717,5.377663700308703,2.080271071400749,-7.223121227600853,5.1391865764181945,37.12096765272761,-320,-2902.6949999999815,0.0099222609964284,0.001933493584901358,-0.00032958333507654425,-0.625870446944262,-0.13646537911385948,-7.060250987910383,-0.9194410848928227,-1.6713180662486948,-27,-2157.839999999998,0.014971487137928396,-0.012004004314171812,0.028539676675465808,-5.061872127810532,-0.8937447054587824,-3.233264759162087,-13.136650035595185,-35.79699726984398
stack_weighted_all,veto0.105,4227,29620.949999999983,0.45138396025550037,0.5346581499881713,0.3920037851904424,9.522265393227206,1.3792526225068875,-19.71186480772481,1.4535155613188546,28.651502240641502,566,1946.0199999999938,0.43462897526501765,0.5070671378091873,0.4098939929328622,4.295114126145265,1.6263459292387823,-9.16061367611564,3.209178991712889,29.398048960588085,-336,-3022.139999999985,0.010445980855982528,0.0027712334858701615,-0.0005011457760270566,-0.6263334616814564,-0.13950815295018315,-6.8328010980313145,-0.9064157073947208,-1.742202919618439,-27,-2645.314999999998,0.0096711337810379,-0.01907114212335903,0.033840030032356305,-6.14442170197397,-1.3476698476207492,-5.170757207676874,-15.06665762030049,-43.5199159619835
stack_weighted_all,veto0.110,4208,29300.834999999985,0.4522338403041825,0.5354087452471483,0.3911596958174905,9.461777751499394,1.3769815159251086,-18.948975150515423,1.5019632726036587,28.460664729553553,566,2044.0599999999945,0.43462897526501765,0.5070671378091873,0.411660777385159,4.50673035286397,1.6121270515374648,-10.080802597585443,3.0692091686571046,30.940091759931597,-355,-3342.254999999983,0.011295860904664667,0.0035218287448471886,-0.0013452351489789405,-0.6868211034092688,-0.14177925953196202,-6.069911440821926,-0.8579679961099167,-1.933040430706388,-27,-2547.2749999999974,0.0096711337810379,-0.01907114212335903,0.03560681448465308,-5.932805475255265,-1.3618887253220666,-6.090946129146677,-15.206627443356274,-41.97787316263999
stack_weighted_all,veto0.115,4189,29685.634999999984,0.453568870852232,0.5366435903556935,0.39030794939126284,9.634383221180709,1.3915489432911186,-18.078686755809073,1.5869466459899584,28.689911311034287,563,2434.7249999999945,0.43872113676731794,0.5115452930728241,0.4103019538188277,5.378389817591231,1.801773804679072,-11.094441075243145,3.3476791512535486,37.14062908240248,-374,-2957.4549999999836,0.012630891452714177,0.004756673853392401,-0.0021969815752065913,-0.5142156337279538,-0.1272118321659521,-5.199623046115576,-0.772984622723617,-1.7037938492256544,-30,-2156.6099999999974,0.013763295283338195,-0.014592986859722212,0.03424799091832181,-5.061146010528004,-1.1722419721804593,-7.104584606804379,-14.92815746075983,-35.77733584016911
stack_weighted_all,veto0.120,4177,28747.78499999999,0.4524778549197989,0.5353124251855399,0.39118984917404837,9.36538457215643,1.3619260171112522,-18.930957143919056,1.4858175865529981,28.12794905471605,561,2246.8299999999945,0.43493761140819964,0.5080213903743316,0.41532976827094475,4.972191683086972,1.629176118707165,-12.302297130093546,2.7756853350178807,34.147305731033214,-386,-3895.3049999999785,0.011539875520281073,0.003425508683238765,-0.001315081792421069,-0.7832142827522333,-0.1568347583458185,-6.051893434225558,-0.8741136821605773,-2.2657561055438897,-32,-2344.5049999999974,0.009979769924219895,-0.018116889558214777,0.03927580537043884,-5.467344145032262,-1.3448396581523665,-8.31244066165478,-15.500151276995497,-38.77065919153837
stack_weighted_all,veto0.125,4163,28064.74999999999,0.4518376171030507,0.5344703338938266,0.39250540475618545,9.153725111691768,1.3436443834411989,-18.9341319415572,1.463581046778972,27.71163664687546,560,2321.419999999995,0.4375,0.5107142857142857,0.4142857142857143,5.156443421881788,1.6678619939737407,-11.904734974283578,2.9679899810083503,35.333134130233354,-400,-4578.339999999978,0.01089963770353286,0.0025834173915254555,4.737897160156379e-07,-0.9948737432168944,-0.1751163920158718,-6.055068231863704,-0.8963502219346033,-2.6820685133844826,-33,-2269.914999999997,0.012542158516020252,-0.015423994218260684,0.0382317513852084,-5.283092406237447,-1.3061537828857908,-7.914878505844812,-15.307846631005027,-37.58483079233823
stack_weighted_all,veto0.130,4143,28040.83999999999,0.45281197200096546,0.5356022206130823,0.3919864832247164,9.188350529790512,1.3503086148811394,-17.762799178333978,1.5592673719413241,27.696953193122333,557,2176.869999999995,0.4362657091561939,0.5098743267504489,0.414721723518851,4.85710728489114,1.663311482936187,-11.986388921068764,2.7562955496214405,33.03803043917357,-420,-4602.249999999978,0.011873992601447614,0.003715304110781137,-0.0005184477417530253,-0.9602483251181511,-0.16845216057593126,-4.883735468640481,-0.8006638967722512,-2.696751967137608,-36,-2414.464999999997,0.011307867672214145,-0.0162639531820975,0.03866776061834509,-5.582428543228095,-1.3107042939233444,-7.996532452629999,-15.519541062391937,-39.87993448339802
stack_weighted_all,veto0.135,4127,28023.384999999987,0.45262902834989094,0.5350133268718197,0.39205233826023744,9.22313370941093,1.3554209737569627,-17.067439221996104,1.6221665546662036,27.68622907972025,555,1936.9099999999944,0.43423423423423424,0.5063063063063064,0.418018018018018,4.322125558114525,1.4195188136165633,-13.877641531252172,2.108070612041843,29.255048276484064,-436,-4619.70499999998,0.011691048950373095,0.0031264103695185508,-0.0004525927062319912,-0.9254651454977321,-0.16333980170010798,-4.188375512302606,-0.7377647140473718,-2.707476080539692,-38,-2654.4249999999975,0.009276392750254492,-0.019831973626240007,0.04196405511751211,-6.11741027000471,-1.5544969632429682,-9.887785062813407,-16.167765999971536,-43.662916646087524
stack_weighted_all,veto0.140,4110,29457.20999999999,0.45498783454987834,0.5369829683698297,0.3900243309002433,9.725191109356196,1.3964415064540203,-17.356719613108734,1.6451291958852023,28.554046180318494,555,1627.8999999999937,0.43243243243243246,0.5027027027027027,0.42162162162162165,3.6117735074782362,1.1810628343162974,-14.830743815198677,1.647500715781245,24.43366105110809,-453,-3185.879999999979,0.014049855150360502,0.005096051867528595,-0.002480600066226135,-0.42340774555246696,-0.12231926900305035,-4.477655903415236,-0.714802072828373,-1.8396589799414471,-38,-2963.434999999998,0.0074745909484527084,-0.023435577229843685,0.045567658721115734,-6.827762320640998,-1.792952942543234,-10.84088734675991,-16.628335896232134,-48.484303871463496
stack_weighted_all,veto0.145,4101,30057.11999999999,0.4554986588636918,0.5369422092172641,0.3901487442087296,9.926204182760312,1.4247825763858584,-15.66974341518117,1.84492548324982,28.909508942653805,554,1595.1599999999942,0.4314079422382672,0.5036101083032491,0.42057761732851984,3.5525627443255323,1.1322955311719234,-15.154784673759714,1.578786415629605,23.92616817472357,-462,-2585.9699999999757,0.014560679464173942,0.005055292714962967,-0.002356186757739853,-0.22239467214835074,-0.0939781990712123,-2.7906797054876726,-0.5150057854637553,-1.4841962176061365,-39,-2996.1749999999975,0.0064501007542874245,-0.02252817162929721,0.044523654428013926,-6.886973083793702,-1.841720245687608,-11.164928205320948,-16.697050196383774,-48.991796747848014
stack_weighted_all,veto0.150,4092,28853.354999999996,0.45405669599217985,0.5354349951124144,0.39173998044965785,9.535764709148376,1.3862702472816335,-16.152728973519796,1.7453247966665588,28.191758411318467,553,1771.5399999999931,0.4358047016274864,0.5081374321880651,0.4177215189873418,3.9748621170200655,1.2867901164754527,-13.634578093141958,1.9558919813172948,26.66776196102081,-471,-3789.7349999999715,0.013118716592662005,0.0035480786101133033,-0.00076495051681158,-0.6128341457602868,-0.13249052817543716,-3.273665263826299,-0.6146064720470166,-2.2019467489414737,-40,-2819.7949999999987,0.010846860143506665,-0.018000847744481296,0.041667556086835866,-6.464673711099169,-1.6872256603840787,-9.644721624703191,-16.319944630696085,-46.25020296155078
stack_weighted_all,veto0.155,4071,28992.164999999997,0.45418816015720953,0.5359862441660526,0.3910587079341685,9.618857910450373,1.3865039778439199,-15.386233285384055,1.8377105800568634,28.27544369577335,552,1369.1449999999932,0.42934782608695654,0.5036231884057971,0.41847826086956524,3.089873060063102,0.9512221542399936,-14.802919448815446,1.3808349256325205,20.440388176249268,-492,-3650.92499999997,0.013250180757691687,0.004099327663751429,-0.0014462230323009084,-0.5297409444582897,-0.1322567976131508,-2.5071695756905577,-0.522220688656712,-2.11826146448659,-41,-3222.1899999999987,0.004389984602976793,-0.022515091526749242,0.04242429796905933,-7.349662768056133,-2.0227936226195378,-10.813062980376682,-16.89500168638086,-52.47757674632231
stack_weighted_all,veto0.160,4042,29550.899999999994,0.4549727857496289,0.537110341415141,0.3901533894111826,9.863477606081723,1.4019037227730207,-16.70064846648344,1.7130981314153508,28.609849681357424,551,1583.6849999999931,0.4283121597096189,0.5027223230490018,0.4192377495462795,3.5872602467909678,1.066886138654561,-15.91926045502707,1.4918061038688997,23.74844991588818,-521,-3092.189999999973,0.014034806350111062,0.005223424912839891,-0.002351541555286829,-0.2851212488269397,-0.11685705268405,-3.8215847567899424,-0.6468331372982246,-1.7838554789025167,-42,-3007.6499999999987,0.0033543182256391413,-0.023415956883544586,0.0431837866457736,-6.852275581328267,-1.9071296382049705,-11.929403986588305,-16.78403050814448,-49.169515006683405
stack_weighted_all,veto0.165,4030,29673.595,0.45508684863523574,0.5377171215880894,0.3890818858560794,9.937444883082058,1.4063694367928847,-16.771990933680915,1.7101586873525767,28.68276599943307,548,1618.0499999999925,0.42700729927007297,0.5036496350364964,0.4197080291970803,3.6987491619208686,1.0943231151359152,-15.87188021431265,1.529806879577878,24.280911543691495,-533,-2969.4949999999662,0.014148869235717898,0.005830205085788243,-0.003423045110390044,-0.21115397182660445,-0.11239133866418594,-3.8929272239874173,-0.6497725813609987,-1.7109391608268716,-45,-2973.2849999999994,0.002049457786093223,-0.02248864489604996,0.04365406629657437,-6.740786666198366,-1.8796926617236163,-11.882023745873884,-16.7460297324355,-48.63705337888009
stack_weighted_all,veto0.170,4018,29975.379999999997,0.4561971129915381,0.5388252862120458,0.38800398208063713,10.056285633941886,1.4124533658710114,-17.344856330942072,1.663970704976842,28.86133281671972,548,1316.8899999999921,0.42700729927007297,0.5018248175182481,0.4215328467153285,3.0237576530190324,0.9262829321142211,-16.67762707047903,1.177557880292519,19.638871181422424,-545,-2667.70999999997,0.015259133592020246,0.006938369709744707,-0.004500948885832301,-0.0923132209667763,-0.10630740958605922,-4.465792621248575,-0.6959605637367334,-1.5323723435402208,-45,-3274.4449999999997,0.002049457786093223,-0.024313462414298215,0.04547888381482257,-7.415778175100202,-2.0477328447453105,-12.687770602040263,-17.09827873172086,-53.27909374114916
stack_weighted_all,veto0.175,4000,30017.769999999997,0.45675,0.539,0.389,10.116360607173664,1.414898170158239,-17.22147140872417,1.6773437118939678,28.88632677698524,546,1155.4899999999918,0.4267399267399267,0.5,0.4249084249084249,2.6643507021449007,0.77058677529506,-17.932391075728667,0.9576935896163944,17.173735979719584,-563,-2625.3199999999706,0.015812020600482146,0.007113083497698902,-0.0035049309664694217,-0.03223824773499828,-0.10386260529883162,-4.342407699030673,-0.6825875568196076,-1.5073783832747019,-47,-3435.8450000000003,0.0017820852559469746,-0.02613827993254636,0.048854462007918986,-7.775185125974334,-2.2034290015644715,-13.9425346072899,-17.318143022396985,-55.744228942852004
stack_weighted_all,veto0.180,3987,30231.43,0.4574868322046652,0.5392525708552797,0.3887634813142714,10.231229053285496,1.4243416300695477,-16.64604385784015,1.742875171341205,29.011976540886366,544,1607.639999999992,0.43014705882352944,0.5036764705882353,0.4209558823529412,3.7240621103250087,1.0311365758112316,-15.270988386002617,1.5794354914110302,24.11954104577818,-576,-2411.659999999967,0.01654885280514734,0.0073656543529785345,-0.0037414496521980256,0.08263019837683316,-0.09441914538752294,-3.7669801481466543,-0.6170560973723704,-1.3817286193735754,-49,-2983.6949999999997,0.00518921733954969,-0.02246180934431108,0.04490191945243527,-6.715473717794226,-1.9428792010482998,-11.281131917563851,-16.69640112060235,-48.79842387679341
stack_weighted_all,veto0.185,3977,31410.665,0.45838571787779736,0.5403570530550666,0.3882323359316067,10.653274756146583,1.4657195989831024,-16.001775371408314,1.8557826258718328,29.695816717363343,543,1411.1899999999914,0.427255985267035,0.5009208103130756,0.42357274401473294,3.2729515264836606,0.8979367103172503,-15.476587304451966,1.3624774867012146,21.08650177328164,-586,-1232.4249999999665,0.017447738478279518,0.008470136552765517,-0.004272595034862714,0.5046759012379205,-0.05304117647396822,-3.122711661714817,-0.5041486428417425,-0.6978884428965983,-50,-3180.1450000000004,0.002298143783055262,-0.0252174696194708,0.04751878111422703,-7.166584301635574,-2.076079066542281,-11.486730836013201,-16.913359125312162,-51.831463149289945
stack_weighted_all,veto0.190,3959,31169.874999999996,0.4584491033089164,0.5407931295781763,0.3879767618085375,10.61614051507731,1.4658279163088554,-15.120788325036747,1.9547583255851302,29.557486867776017,542,1282.1199999999913,0.4261992619926199,0.5,0.42435424354243545,2.968068928685255,0.7867377144566163,-19.114777922556538,0.999565335922645,19.106469415246984,-604,-1473.214999999971,0.017511123909398574,0.008906213075875136,-0.004528169157931916,0.4675416601686475,-0.05293285914821522,-2.2417246153432497,-0.4051729431284452,-0.8362182924839239,-51,-3309.2150000000006,0.0012414205086401786,-0.02613827993254636,0.04830028064192954,-7.471466899433979,-2.187278062402915,-15.124921454117771,-17.276271276090732,-53.8114955073246
stack_weighted_all,veto0.195,3942,31187.425000000003,0.45839675291730086,0.541095890410959,0.38711314053779805,10.651376029604188,1.4647870178265043,-14.396455552472217,2.05381048442637,29.56759135224567,538,1080.2099999999914,0.42379182156133827,0.49814126394052044,0.4256505576208178,2.5118697653392887,0.662350566889824,-20.33749049834766,0.7881703285674148,16.02940656831935,-621,-1455.6649999999645,0.01745877351778302,0.009208973908657825,-0.005391790428671384,0.5027771746955256,-0.05397375763056633,-1.5173918427787196,-0.30612078428720535,-0.82611380801427,-55,-3511.1250000000005,-0.0011660199226414814,-0.02799701599202592,0.049596594720311915,-7.927666062779946,-2.3116652099697075,-16.347634029908892,-17.487666283445964,-56.88855835425224
stack_weighted_all,veto0.200,3926,30888.195,0.4579724910850739,0.5404992358634743,0.38741721854304634,10.594461540783342,1.4454828635798869,-16.340738040158104,1.7988676456832833,29.39482496702648,534,735.9699999999929,0.41947565543071164,0.4943820224719101,0.4288389513108614,1.7267106276332655,0.46270889833150836,-20.182229188439027,0.5371693369710683,10.841274671751933,-637,-1754.8949999999677,0.01703451168555603,0.008612319361173126,-0.005087712423423096,0.4458626858746797,-0.0732779118771838,-3.461674330464607,-0.5610636230302921,-0.998880193233461,-59,-3855.364999999999,-0.005482186053268112,-0.03175625746063626,0.052784988410355504,-8.71282520048597,-2.511306878528023,-16.19237272000026,-17.73866727504231,-62.07669025081965
stack_weighted_all,veto0.205,3909,30928.704999999998,0.458429265796879,0.5408032744947557,0.3865438731133282,10.642417386797598,1.454678148547206,-16.728786393426933,1.7585420640921439,29.418274554053568,529,724.8399999999943,0.41776937618147447,0.4914933837429111,0.43100189035916825,1.708093744852482,0.44934212784855393,-19.82727976516219,0.5383876879292179,10.674763310691437,-654,-1714.3849999999693,0.01749128639736114,0.008916357992454604,-0.005961057853141216,0.49381853188893565,-0.06408262690986466,-3.849722683733436,-0.6013892046214315,-0.9754306062063733,-64,-3866.4949999999976,-0.007188465302505276,-0.03464489618963523,0.05494792745866234,-8.731442083266753,-2.5246736490109773,-15.837423296723422,-17.73744892408416,-62.243201611880146
stack_weighted_all,veto0.210,3891,31878.214999999997,0.4600359804677461,0.5417630429195579,0.3855050115651503,11.01666000261954,1.4908784828289663,-15.213905458277278,1.9694187159385401,29.96255015205078,527,753.4249999999944,0.41935483870967744,0.49146110056925996,0.4307400379506641,1.7793474541226146,0.4595848155725074,-19.654016880912273,0.5649007061151243,11.102568014025916,-672,-764.8749999999709,0.019098001068228232,0.00987612641725677,-0.00699991940131911,0.8680611477108773,-0.027882292628104377,-2.3348417485837807,-0.39051255277503527,-0.43115500820916,-66,-3837.9099999999976,-0.0056030027743023125,-0.0346771793632864,0.05468607505015821,-8.66018837399662,-2.514430961287024,-15.664160412473507,-17.710935905898253,-61.815396908545665
stack_weighted_all,veto0.215,3875,31549.069999999992,0.4590967741935484,0.5416774193548387,0.3847741935483871,10.94421491172597,1.4857284610131156,-16.348440995536812,1.8212764710158953,29.775030922962877,522,379.75499999999465,0.4157088122605364,0.4885057471264368,0.4329501915708812,0.9036849872950217,0.2588612959725211,-21.083932324479207,0.26327312138463255,5.550832674127992,-688,-1094.019999999975,0.01815879479403054,0.009790502852537575,-0.007730737418082334,0.7956160568173072,-0.033032314443955046,-3.469377285843315,-0.5386547976976801,-0.6186742372970642,-71,-4211.579999999997,-0.009249029223443339,-0.037632532806109564,0.056896228670375304,-9.535850840824214,-2.7151544808870103,-17.09407585604044,-18.012563490628747,-67.3671322484436
stack_weighted_all,veto0.220,3866,31372.519999999997,0.458613554061045,0.541386445938955,0.3851526125193999,10.915350307630192,1.4836081595202284,-16.338443456127962,1.81620403498874,29.673946930454974,521,241.07499999999425,0.4145873320537428,0.4875239923224568,0.43570057581573896,0.5726393931245606,0.1823398717025736,-22.041588748323758,0.15938040879310272,3.5129974251572937,-697,-1270.5699999999706,0.017675574661527138,0.009499529436653886,-0.007352318447069517,0.7667514527215289,-0.03515261593684227,-3.4593797464344647,-0.5437272337248353,-0.7197582298049667,-72,-4350.2599999999975,-0.01037050943023693,-0.03861428761008956,0.059646612915233044,-9.866896434994674,-2.791675905156958,-18.05173227988499,-18.116456203220277,-69.40496749741429
stack_weighted_all,veto0.225,3849,31635.905000000002,0.45908028059236167,0.5414393348921798,0.3845154585606651,11.049623036486466,1.4928430381766427,-16.965318327257837,1.75797584093006,29.824619753007255,519,299.2649999999944,0.4161849710982659,0.48940269749518306,0.43352601156069365,0.7126488897165202,0.21617767405641614,-21.932017267206504,0.19909572863938488,4.36657095834605,-714,-1007.1849999999649,0.018142301192843824,0.009552418389878636,-0.007989472405804332,0.9010241815778031,-0.02591773728042801,-4.0862546175643395,-0.6019554277835153,-0.5690854072526861,-74,-4292.069999999998,-0.008772870385713838,-0.0367355824373633,0.057472048660187736,-9.726886938402714,-2.7578381028031154,-17.942160798767738,-18.076740883373994,-68.55139396422554
stack_weighted_all,veto0.230,3831,31484.019999999997,0.45888801879404856,0.5403288958496476,0.3852779953014879,11.050509543149957,1.4888208532688463,-17.950997863223268,1.656611379914609,29.737827341038493,517,619.2349999999925,0.4158607350096712,0.48936170212765956,0.4332688588007737,1.4846570137447506,0.38653620239814296,-20.78321528563454,0.4377917288637956,9.09871975124641,-732,-1159.0699999999706,0.017950039394530715,0.008441979347346473,-0.00722693566498156,0.9019106882412942,-0.029939922188224388,-5.071934153529771,-0.7033198887989665,-0.6558778192214483,-76,-3972.0999999999995,-0.009097106474308558,-0.0367765778048868,0.05721489590026779,-8.954878814374485,-2.5874795744613883,-16.793358817195774,-17.838044883149582,-63.81924517132518
stack_weighted_all,veto0.235,3811,31288.624999999996,0.4594594594594595,0.5408029388611912,0.3852007347152978,11.048129766745687,1.4888868672861038,-18.082315401709142,1.6383847134688987,29.625789138283487,515,735.5749999999923,0.4155339805825243,0.4893203883495146,0.4330097087378641,1.7726740573974358,0.44670806766569726,-20.67703624507622,0.5240288686521695,10.835363910587192,-752,-1354.464999999971,0.018521480059941642,0.008916022358890108,-0.007304196251171624,0.899530911837024,-0.029873908170966912,-5.203251692015645,-0.7215465552446767,-0.767916021976454,-78,-3855.7599999999993,-0.009423860901455472,-0.03681789158303178,0.056955745837358185,-8.666861770721798,-2.5273077091938343,-16.687179776637453,-17.75180774336121,-62.082601011984394
stack_weighted_all,veto0.240,3789,31171.034999999996,0.4594879915544999,0.5405120084455002,0.3850620216415941,11.04913572184297,1.4800733213013049,-18.70730444303073,1.580032812378218,29.558154851137374,513,631.6649999999922,0.41325536062378165,0.4873294346978557,0.4346978557504873,1.525697114589154,0.39200057627772145,-20.877891398620367,0.4446742283475682,9.283860247205844,-774,-1472.0549999999712,0.018550012154982032,0.008625091943199048,-0.007442909324875346,0.9005368669343081,-0.0386874541557658,-5.828240733337232,-0.7798984563353575,-0.8355503091225671,-80,-3959.6699999999996,-0.011702480860198095,-0.038808845234690637,0.058643892849981394,-8.913838713530081,-2.58201520058181,-16.8880349301816,-17.83116238366581,-63.63410467536574
stack_weighted_all,veto0.245,3770,31702.125,0.46047745358090186,0.5416445623342175,0.3840848806366048,11.273467599274365,1.5051150510770266,-17.12803413543614,1.7434796655798586,29.8623792264906,512,564.614999999997,0.4140625,0.484375,0.435546875,1.362198993022467,0.35609729974191917,-20.403084589116627,0.40613117712518865,8.286328761162732,-793,-940.9649999999674,0.01953947418138402,0.009757645831916406,-0.008420050329864648,1.1248687443657026,-0.013645724380044078,-4.248970425742641,-0.6164516031337168,-0.5313259337693417,-81,-4026.719999999995,-0.010895341483979748,-0.04176327993254636,0.05949291209949409,-9.077336835096768,-2.6179184771176125,-16.41322812067786,-17.86970543488819,-64.63163616140885
stack_weighted_all,veto0.250,3758,31211.545,0.45955295369877597,0.5407131452900479,0.3842469398616285,11.125206738240871,1.4918436650645899,-16.20778869135615,1.8251393429777243,29.58147280326355,511,720.2799999999966,0.41291585127201563,0.487279843444227,0.4344422700587084,1.7402271079970923,0.44316239652578565,-19.10784195939203,0.5550896570881776,10.606565440934013,-805,-1431.5449999999691,0.018614974299258125,0.008826228787746748,-0.008257991104840934,0.9766078833322087,-0.026917110392480792,-3.3287249816626527,-0.5347919257358511,-0.8122323569963896,-82,-3871.0549999999953,-0.012041990211964115,-0.03885843648831938,0.05838830715820248,-8.699308720122142,-2.530853380333746,-15.117985490953263,-17.7207469549252,-62.31139948163757
stack_weighted_all,veto0.255,3732,30490.11,0.45980707395498394,0.5407288317256163,0.38397642015005357,10.923062438779663,1.4651804170914082,-16.393290114654484,1.7789823793507142,29.163374253554576,511,679.3099999999963,0.41291585127201563,0.487279843444227,0.4344422700587084,1.6455766422155205,0.4203412308620891,-18.859119096835794,0.529951400129595,9.994416570578913,-831,-2152.979999999967,0.018869094555466093,0.008841915223315122,-0.008528510816415869,0.7744635838710003,-0.05358035836566244,-3.5142264049609864,-0.5809488893628612,-1.2303309067053654,-82,-3912.0249999999955,-0.012041990211964115,-0.03885843648831938,0.05838830715820248,-8.793959185903715,-2.5536745459974424,-14.869262628397028,-17.745885211883785,-62.92354835199267
stack_weighted_all,veto0.260,3708,29985.229999999996,0.459007551240561,0.5393743257820928,0.3848435814455232,10.811006771564655,1.4514752758740388,-16.163080679966672,1.7859926005746392,28.86714249691138,510,463.0999999999967,0.40980392156862744,0.4843137254901961,0.4372549019607843,1.1213487760324272,0.30424676224514857,-19.573858478287846,0.34645479245280586,6.781457076595809,-855,-2657.8599999999715,0.01806957184104313,0.007487409279791635,-0.007661349520946215,0.662407916655992,-0.06728549958303187,-3.284016970273175,-0.5739386681389362,-1.5265626633485603,-83,-4128.234999999995,-0.01515391991535231,-0.04182455444235028,0.0612009390602784,-9.318187052086808,-2.669769014614383,-15.58400200984908,-17.92938181956057,-66.13650784597577
stack_weighted_all,veto0.265,3695,29513.719999999994,0.4587280108254398,0.5385656292286874,0.3848443843031123,10.656883549459778,1.4335839105938049,-16.597804472739387,1.7223794610774037,28.587717522824985,509,658.779999999997,0.412573673870334,0.48722986247544203,0.43418467583497056,1.6010362820222983,0.4108932430432288,-19.08117913908063,0.5077289069337115,9.688066227291747,-868,-3129.3699999999735,0.01779003142592195,0.0066787127263863155,-0.007660546663357137,0.508284694551115,-0.08517686486326581,-3.71874076304589,-0.6375518076361717,-1.8059876374349564,-84,-3932.554999999995,-0.012384167613645747,-0.03890841745710433,0.058130712934464646,-8.838499546096937,-2.5631225338163026,-15.091322670641862,-17.768107705079668,-63.229898695279836
stack_weighted_all,veto0.270,3680,29143.619999999995,0.45842391304347824,0.5377717391304347,0.38505434782608694,10.57200080226948,1.4166025578289207,-17.901696012442663,1.584569144863624,28.366475142044823,507,787.0149999999979,0.41222879684418146,0.4891518737672584,0.4319526627218935,1.9190049064143238,0.481880475132291,-19.485466972696884,0.595619868862934,11.60593128301075,-883,-3499.469999999972,0.017485933643960394,0.0058848226281336125,-0.007450583140382494,0.4234019473608175,-0.10215821762814992,-5.022632302749166,-0.7753621238499513,-2.0272300182151177,-86,-3804.319999999994,-0.012729044639798293,-0.03698640616528798,0.055898699821387565,-8.52053092170491,-2.4921353017272403,-15.495610504258117,-17.680216743150446,-61.31203363956084
stack_weighted_all,veto0.275,3668,28985.229999999996,0.4580152671755725,0.537350054525627,0.38495092693565974,10.53428441702584,1.4168683619505449,-17.650318500919703,1.6017426839621327,28.27126852844961,505,605.1649999999953,0.4099009900990099,0.4871287128712871,0.43564356435643564,1.4828452182214173,0.38026720080514065,-19.95382942005433,0.44549190672862965,8.889269514877828,-895,-3657.8599999999715,0.01707728777605466,0.005463138023325875,-0.007554004030809691,0.3856855621171764,-0.10189241350652578,-4.771254791226205,-0.7581885847514427,-2.1224366318103307,-88,-3986.1699999999964,-0.015056851384969872,-0.03900956706125924,0.05958960145592973,-8.956690609897818,-2.5937485760543906,-15.963972951615563,-17.830344705284748,-64.02869540769376
stack_weighted_all,veto0.280,3650,29547.439999999995,0.45835616438356164,0.5378082191780822,0.3841095890410959,10.812702245698246,1.441998070898652,-15.850138463137977,1.8048921673040759,28.6077907628028,502,347.5449999999963,0.4063745019920319,0.4860557768924303,0.43824701195219123,0.857619113423015,0.2417271775704872,-20.39599910315287,0.2488931678146621,5.076424827528725,-913,-3095.6499999999724,0.017418184984043794,0.005921302675781059,-0.008395341925373556,0.6641033907895828,-0.07676270455841872,-2.97107475344448,-0.5550391014094995,-1.785914397457141,-91,-4243.789999999995,-0.018583339491947848,-0.04008250304011607,0.06219304905168532,-9.58191671469622,-2.732288599289044,-16.406142634714104,-18.026943444198718,-67.84154009504286
stack_weighted_all,veto0.285,3628,29766.814999999995,0.4592061742006615,0.5385887541345094,0.3836824696802646,10.968494979156521,1.4504692501337222,-15.424433424509248,1.863150612204378,28.738042577780078,500,355.43999999999596,0.406,0.488,0.436,0.881252775299127,0.24610342100832266,-21.24658940423965,0.2443990245022952,5.1926457243969715,-935,-2876.2749999999724,0.018268194801143667,0.0067018376322082185,-0.008822461286204841,0.8198961242478582,-0.06829152532334848,-2.5453697148157506,-0.49678065650919745,-1.655662582479863,-93,-4235.894999999996,-0.01895784148397972,-0.03813827993254637,0.05994603709949409,-9.558283052820109,-2.727912355851209,-17.256732935800883,-18.031437587511082,-67.72531919817462
stack_weighted_all,veto0.290,3616,28720.625,0.4579646017699115,0.5367809734513275,0.38495575221238937,10.619967411608629,1.4132853195180088,-16.23072223828728,1.7319937730460784,28.11150984875408,497,456.4099999999963,0.4084507042253521,0.4909456740442656,0.4346076458752515,1.1387923975046828,0.29754678785309757,-21.45160489324156,0.3115157699062678,6.682513214043206,-947,-3922.4649999999674,0.01702662237039365,0.0048940569490263375,-0.007549178754080066,0.47136855669996613,-0.10547545593906182,-3.3516585285937843,-0.627937495667497,-2.2821953115058626,-96,-4134.924999999996,-0.016507137258627624,-0.03519260588828077,0.05855368297474561,-9.300743430614553,-2.676468989006434,-17.461748424802792,-17.96432084210711,-66.23545170852837
stack_weighted_all,veto0.295,3597,28571.065,0.459271615234918,0.5373922713372254,0.3853211009174312,10.649411337245601,1.4069673414327406,-16.429073783811727,1.7055627413113532,28.02081611992442,493,392.2049999999962,0.4077079107505071,0.48884381338742394,0.43610547667342797,0.9833220970618205,0.2649270138674639,-21.590769433395504,0.2655941045940759,5.734381075159822,-966,-4072.0249999999687,0.018333635835400153,0.005505354834924314,-0.00718383004903822,0.5008124823369382,-0.11179343402433006,-3.55001007411823,-0.6543685274022222,-2.3728890403355223,-100,-4199.129999999996,-0.01724993073347264,-0.03729446654512242,0.06005151377292206,-9.456213731057414,-2.7090887629920677,-17.600912964956738,-18.010242507419303,-67.18358384741177
stack_weighted_all,veto0.300,3580,28686.93,0.45977653631284915,0.5371508379888268,0.38603351955307263,10.734416302013562,1.4132270157016789,-16.239798610327313,1.7297691160424313,28.09110208689298,489,170.18499999999574,0.40286298568507156,0.4867075664621677,0.4376278118609407,0.4293449591291546,0.15147676385236233,-23.115383340904437,0.10711797300151467,2.4760730086306637,-983,-3956.159999999967,0.018838556913331306,0.005263921486525658,-0.006471411413396799,0.5858174471048994,-0.10553375975539181,-3.3607349006338154,-0.6301621526711441,-2.30260307336696,-104,-4421.149999999996,-0.022094855798908186,-0.03943071347037869,0.061573848960434774,-10.01019086899008,-2.822539013007169,-19.12552687246567,-18.168718639011864,-70.44189191394092
stack_weighted_all,tilt0.005,4563,32782.22999999997,0.44093797939951784,0.5321060705676091,0.39250493096646943,10.192933699259004,1.5229170789502486,-12.879063709693497,2.3659683529594777,30.47145715288371,593,4591.334999999992,0.42495784148397975,0.5261382799325464,0.3760539629005059,10.439535828119235,2.9740157768595314,-3.9898564684387656,18.27583661201338,72.91796492257158,0,139.13999999999942,0.0,0.00021915406530792492,0.0,0.04433484435034174,0.004156303493177971,0.0,0.006037084245902324,0.07775199262376731,0,0.0,0.0,0.0,0.0,0.0,0.0,0.0,0.0,0.0
stack_weighted_all,tilt0.010,4563,32955.19999999997,0.44093797939951784,0.532325224632917,0.3922857769011615,10.249927834165591,1.5278592818013514,-12.879063709693497,2.3734509465529854,30.567825952488235,593,4761.804999999992,0.4266441821247892,0.5278246205733558,0.37436762225969644,10.844517817097264,3.0730060787840174,-3.9898564684387656,19.011639763537683,75.85371388617847,0,312.1100000000006,0.0,0.00043830813061584983,-0.00021915406530792492,0.10132897925692852,0.009098506344280777,0.0,0.013519677839409994,0.1741207922282939,0,170.47000000000025,0.0016863406408094694,0.001686340640809414,-0.0016863406408094694,0.4049819889780295,0.09899030192448599,0.0,0.7358031515243049,2.9357489636068834
stack_weighted_all,tilt0.020,4563,32448.629999999976,0.44049967126890205,0.5318869165023011,0.39250493096646943,10.088776273977084,1.5096140716871436,-12.934323053411923,2.341420729790214,30.28469212306213,593,4740.314999999992,0.4266441821247892,0.5278246205733558,0.37436762225969644,10.79029566176991,3.054961649422661,-3.9970920113433484,18.884424020177867,75.4827803898734,0,-194.45999999999185,-0.0004383081306157943,0.0,0.0,-0.059822580931578884,-0.0091467037699271,-0.05525934371842567,-0.01851053892336152,-0.10901303719781197,0,148.98000000000047,0.0016863406408094694,0.001686340640809414,-0.0016863406408094694,0.35075983365067565,0.08094587256312957,-0.007235542904582726,0.6085874081644889,2.5648154673018126
stack_weighted_all,tilt0.030,4563,32094.144999999975,0.43984220907297833,0.5314486083716853,0.39294323909708523,9.980727462189302,1.4992327716690195,-12.943188270783883,2.324382159125168,30.084915898808195,593,4740.314999999992,0.4266441821247892,0.5278246205733558,0.37436762225969644,10.79029566176991,3.054961649422661,-3.9970920113433484,18.884424020177867,75.4827803898734,0,-548.9449999999924,-0.0010957703265395136,-0.00043830813061584983,0.0004383081306157943,-0.1678713927193609,-0.019528003788051196,-0.06412456109038622,-0.03554910958840729,-0.30878926145174646,0,148.98000000000047,0.0016863406408094694,0.001686340640809414,-0.0016863406408094694,0.35075983365067565,0.08094587256312957,-0.007235542904582726,0.6085874081644889,2.5648154673018126
stack_weighted_all,tilt0.040,4563,32110.05499999998,0.43984220907297833,0.5314486083716853,0.39316239316239315,9.986604102300836,1.5008426847772527,-12.879063709693497,2.33665368395626,30.093911663162686,593,4740.314999999992,0.4266441821247892,0.5278246205733558,0.37436762225969644,10.79029566176991,3.054961649422661,-3.9970920113433484,18.884424020177867,75.4827803898734,0,-533.0349999999889,-0.0010957703265395136,-0.00043830813061584983,0.0006574621959237192,-0.1619947526078267,-0.017918090679817977,0.0,-0.02327758475731523,-0.2997934970972551,0,148.98000000000047,0.0016863406408094694,0.001686340640809414,-0.0016863406408094694,0.35075983365067565,0.08094587256312957,-0.007235542904582726,0.6085874081644889,2.5648154673018126
stack_weighted_all,tilt0.050,4563,31858.909999999974,0.43984220907297833,0.5310103002410694,0.3933815472277011,9.904424012390832,1.491168366025948,-12.879063709693497,2.3256026803316603,29.951585083425414,593,4740.314999999992,0.4266441821247892,0.5278246205733558,0.37436762225969644,10.79029566176991,3.054961649422661,-3.9970920113433484,18.884424020177867,75.4827803898734,0,-784.179999999993,-0.0010957703265395136,-0.0008766162612316997,0.0008766162612316442,-0.24417484251783073,-0.027592409431122622,0.0,-0.034328588381915104,-0.44212007683452725,0,148.98000000000047,0.0016863406408094694,0.001686340640809414,-0.0016863406408094694,0.35075983365067565,0.08094587256312957,-0.007235542904582726,0.6085874081644889,2.5648154673018126
stack_weighted_all,tilt0.075,4563,31850.67999999997,0.4400613631382862,0.5312294543063774,0.39316239316239315,9.891741010493831,1.489925464619849,-12.879063709693497,2.325239624195465,29.946909260317156,593,4272.534999999993,0.42327150084317033,0.524451939291737,0.3777403035413153,9.732634366202813,2.63935698419646,-4.501421708832007,14.98839521684217,67.46908760964716,0,-792.4099999999962,-0.0008766162612316442,-0.0006574621959237748,0.0006574621959237192,-0.2568578444148315,-0.028835310837221684,0.0,-0.034691644518110465,-0.446795899942785,0,-318.7999999999993,-0.001686340640809414,-0.001686340640809414,0.001686340640809414,-0.7069014619164218,-0.3346587926630713,-0.5115652403932414,-3.287441395171209,-5.448877312924424
stack_weighted_all,tilt0.100,4563,32073.129999999972,0.44049967126890205,0.5318869165023011,0.39250493096646943,9.959456515781797,1.4962000951819043,-12.998794091171003,2.3135245636903554,30.073029428277167,593,4412.644999999992,0.4266441821247892,0.5261382799325464,0.3760539629005059,10.054180282560443,2.8174158657306148,-4.42486002073645,15.787428333262639,69.85716046209573,0,-569.9599999999955,-0.0004383081306157943,0.0,0.0,-0.18914233912686562,-0.022560680275166334,-0.11973038147750614,-0.046406705023219974,-0.32067573198277444,0,-178.6899999999996,0.0016863406408094694,0.0,0.0,-0.3853555455587916,-0.1565999111289167,-0.43500355229768406,-2.4884082787507396,-3.0608044604758504
stack_weighted_all,tilt0.150,4563,32253.94499999997,0.44071882533421,0.5325443786982249,0.39250493096646943,9.99812461223257,1.5001440112915223,-13.325767651234399,2.2644206512867173,30.17514346370367,593,3865.794999999992,0.42495784148397975,0.5227655986509275,0.3811129848229342,8.794478339889332,2.5005921439054752,-6.243856477331117,9.704941545531366,60.596262131185874,0,-389.1449999999968,-0.0002191540653078694,0.0006574621959237748,0.0,-0.15047424267609344,-0.01861676416554836,-0.44670394154090154,-0.09551061742685807,-0.21856169655627156,0,-725.54,0.0,-0.003372681281618828,0.005059021922428297,-1.6450574882299023,-0.4734236329540562,-2.2540000088923513,-8.570895066482013,-12.321702791385711
stack_weighted_all,tilt0.200,4563,30819.07499999997,0.4396230550076704,0.5314486083716853,0.393600701293009,9.532964741107737,1.452707246091452,-13.74846083249886,2.1351313951203603,29.35477035805092,593,3583.224999999992,0.41989881956155145,0.5193929173693086,0.3827993254637437,8.154273351491724,2.3968588016963,-6.320383013999748,8.840363611682879,55.87448400886193,0,-1824.0149999999958,-0.0013149243918474385,-0.00043830813061584983,0.001095770326539569,-0.615634113800926,-0.06605352936561859,-0.8693971228053634,-0.22479987359321507,-1.0389348022090203,0,-1008.1099999999997,-0.005059021922428297,-0.006745362563237767,0.006745362563237767,-2.2852624766275103,-0.5771569751632315,-2.330526545560982,-9.4354730003305,-17.043480913709658
stack_weighted_all,tilt0.250,4563,30962.21499999998,0.4400613631382862,0.5316677624369932,0.39316239316239315,9.571791290398156,1.4573991928689218,-13.786564632585174,2.135242432377565,29.43765780021168,593,3713.6799999999917,0.42158516020236086,0.5193929173693086,0.3827993254637437,8.421917741116859,2.470063554125051,-6.282278066199291,9.240115127854347,58.04897259687563,0,-1680.874999999989,-0.0008766162612316442,-0.00021915406530792492,0.0006574621959237192,-0.5768075645105064,-0.06136158258814883,-0.9075009228916766,-0.22468883633601022,-0.9560473600482595,0,-877.6550000000002,-0.0033726812816188834,-0.006745362563237767,0.006745362563237767,-2.0176180870023757,-0.5039522227344806,-2.2924215977605256,-9.035721484159032,-14.868992325695956
stack_weighted_all,tilt0.300,4563,30583.159999999967,0.4394039009423625,0.5312294543063774,0.393600701293009,9.448152672302834,1.4377613153137099,-14.291482314462037,2.0444093746977816,29.217640422013737,593,3816.339999999991,0.42327150084317033,0.521079258010118,0.3827993254637437,8.656038409789687,2.5252787894880684,-5.87218415020461,10.177935749732967,59.76671299138281,0,-2059.9300000000003,-0.0015340784571553634,-0.0006574621959237748,0.001095770326539569,-0.7004461826058286,-0.08099946014336079,-1.4124186047685399,-0.3155218940157938,-1.176064738246204,0,-774.9950000000008,-0.001686340640809414,-0.005059021922428353,0.006745362563237767,-1.7834974183295476,-0.44873698737146306,-1.8823276817658448,-8.097900862280412,-13.151251931188774
stack_weighted_all,tilt0.400,4563,31320.869999999974,0.44071882533421,0.5332018408941486,0.3922857769011615,9.669745081788419,1.4564863569258557,-13.702283912822477,2.163457435263265,29.644308011284014,593,4320.799999999992,0.42833052276559863,0.5261382799325464,0.3811129848229342,9.75739742515631,2.9742089626552084,-4.441212548023833,15.376554168359357,68.29054531788574,0,-1322.219999999994,-0.0002191540653078694,0.0013149243918474385,-0.00021915406530792492,-0.47885377312024424,-0.06227441853121496,-0.8232202031289795,-0.19647383345031022,-0.7493971489759268,0,-270.53499999999985,0.0033726812816188834,0.0,0.005059021922428297,-0.6821384029629254,0.00019318579567695338,-0.45135607958506707,-2.8992824436540214,-4.627419604685841
stack_weighted_all,tilt0.500,4563,31990.28999999997,0.44049967126890205,0.5338593030900723,0.3905325443786982,9.875926882375031,1.4598926268617785,-13.36666768679599,2.2463434420929813,30.026126300870338,593,3786.8899999999894,0.42158516020236086,0.521079258010118,0.38617200674536256,8.525571378463042,2.684090384498117,-3.9381138662884334,15.051204542866028,59.27335731460417,0,-652.7999999999956,-0.0004383081306157943,0.0019723865877712132,-0.0019723865877712132,-0.2726719725336313,-0.05886814859529221,-0.48760397710249315,-0.11358782662059408,-0.367578859389603,0,-804.4450000000024,-0.0033726812816188834,-0.005059021922428353,0.01011804384485665,-1.9139644496561932,-0.28992539236141424,0.05174260215033222,-3.2246320691473507,-13.644607607967416
stack_weighted_all,tilt0.750,4563,30836.084999999977,0.43984220907297833,0.5318869165023011,0.3940390094236248,9.467922985800573,1.3981291050080857,-15.53933465970847,1.8896969096518332,29.364632684496716,593,2999.7599999999893,0.41989881956155145,0.5143338954468802,0.3979763912310287,6.6758979467300605,2.1380977376107295,-6.923971017118719,6.681762041262018,46.26432671698222,0,-1807.00499999999,-0.0010957703265395136,0.0,0.0015340784571553634,-0.6806758691080894,-0.12063167044898493,-2.660270950014972,-0.47023435906174216,-1.0290724757632255,0,-1591.5750000000025,-0.005059021922428297,-0.01180438448566612,0.02192242833052277,-3.763637881389174,-0.8359180392488019,-2.934114548679953,-11.59407457075136,-26.653638205589367
stack_weighted_all,tilt1.000,4563,32290.974999999984,0.44291036598728906,0.5338593030900723,0.39294323909708523,9.895760246790168,1.4672397876675345,-15.173439885194195,1.9900571046664606,30.19601184576015,593,3463.6899999999905,0.42327150084317033,0.5126475548060708,0.3946037099494098,7.668648428085243,2.2534897807309275,-7.660624364833783,7.03470550076716,53.89023635860715,0,-352.1149999999834,0.0019723865877712132,0.0019723865877712132,0.0004383081306157943,-0.2528386081184948,-0.05152098778953618,-2.294376175500698,-0.3698741640471148,-0.19769331449979077,0,-1127.6450000000013,-0.001686340640809414,-0.013490725126475533,0.018549747048903886,-2.770887400033992,-0.7205259961286039,-3.6707678963950174,-11.241131111246219,-19.027728563964438
stack_weighted_core,veto0.030,4459,33344.95999999998,0.45032518501906255,0.5364431486880467,0.38640950885848846,10.227092328502996,1.4731413174884844,-17.975425212285767,1.7125503549859078,30.78382082832263,587,2843.6299999999924,0.424190800681431,0.5161839863713799,0.3901192504258944,6.305863996925585,1.9800703538054287,-4.891453409687875,8.939079665588372,43.725091709713794,-104,701.8700000000099,0.009387205619544703,0.0045562321857455235,-0.0060954221079809745,0.07849347359433345,-0.04561945796858624,-5.09636150259227,-0.6473809137276676,0.3901156680626876,-6,-1747.7049999999995,-0.0007670408025487463,-0.009954293561166505,0.014065287525388492,-4.13367183119365,-0.9939454230541027,-0.9015969412491094,-9.336756946425007,-29.19287321285779
stack_weighted_core,veto0.035,4443,32018.36999999997,0.44767049291019584,0.5331982894440693,0.38937654737789784,9.844644704919569,1.429388097216938,-18.317834064803357,1.640042881441289,30.042033361403497,586,3245.049999999992,0.4300341296928328,0.5204778156996587,0.3856655290102389,7.220764864143774,2.3106022675081435,-4.692973854803039,10.714175305058438,50.28134458241562,-120,-624.7199999999975,0.006732513510677995,0.0013113729417681963,-0.0031283835885715927,-0.3039541499890941,-0.08937267824013273,-5.43877035510986,-0.7198883872722863,-0.35167179885644373,-7,-1346.2849999999999,0.00507628820885303,-0.005660464232887685,0.009611566109733016,-3.2187709639754605,-0.663413509351388,-0.7031173863642737,-7.5616613069549405,-22.636620340155964
stack_weighted_core,veto0.040,4426,31637.224999999977,0.4482602801626751,0.5327609579755987,0.38996836873023044,9.744078166927615,1.4130104823811434,-18.73280609233456,1.592146567131837,29.82537291265683,586,3056.2349999999924,0.4300341296928328,0.5170648464163823,0.39078498293515357,6.756181397480271,2.255298415332532,-4.618111529412379,10.217640307322888,47.18620250663648,-137,-1005.8649999999907,0.007322300763157263,0.0008740414732976154,-0.002536562236238993,-0.4045206879810479,-0.10575029307592732,-5.853742382641062,-0.7677847015817383,-0.5683322476031094,-7,-1535.0999999999995,0.00507628820885303,-0.009073433516164076,0.014731020034647657,-3.683354430638964,-0.7187173615269993,-0.628255060973613,-8.05819630469049,-25.73176241593511
stack_weighted_core,veto0.045,4406,31269.14999999998,0.4475714934180663,0.5320018157058557,0.39128461189287334,9.659239219245354,1.3994696413659125,-19.99802922653012,1.4808758524251926,29.61459857766171,584,3271.059999999992,0.4349315068493151,0.5188356164383562,0.3886986301369863,7.209951887513572,2.449129207323159,-3.7864365544317247,13.392347698642453,50.70927487579937,-157,-1373.9399999999878,0.006633514018548448,0.00011489920355456373,-0.001220319073596099,-0.489359635663309,-0.11929113409115821,-7.118965516836624,-0.8790554162883828,-0.7791065825982315,-9,-1320.2749999999996,0.009973665365335338,-0.007302663494190176,0.01264466723648039,-3.2295839406056626,-0.5248865695363722,0.20341991400704096,-4.883488913370925,-22.20869004677221
stack_weighted_core,veto0.050,4382,30493.97999999998,0.44637151985394796,0.5314924691921497,0.39205842081241443,9.466466153201441,1.385414337590478,-18.916840037365617,1.5417814595341937,29.165633242584434,583,3258.619999999992,0.43567753001715265,0.5180102915951973,0.3893653516295026,7.180267320421137,2.462243048479628,-3.777236985119502,13.370767716145384,50.504558336866154,-181,-2149.109999999986,0.005433540454430119,-0.00039444731015148005,-0.00044651015405500205,-0.6821327017072214,-0.13334643786659273,-6.03777632767212,-0.8181498091793817,-1.228071917675507,-10,-1332.7149999999997,0.0107196885331729,-0.008127988337349068,0.013311388728996676,-3.2592685076980974,-0.5117727283799036,0.21261948331926384,-4.905068895867995,-22.41340658570543
stack_weighted_core,veto0.055,4367,30191.52499999998,0.44653079917563543,0.5321731165559881,0.39134417220059536,9.403367911311932,1.3910135531284211,-16.851048984900455,1.7202816629228375,28.98855056973875,581,2975.454999999992,0.4354561101549053,0.5146299483648882,0.39414802065404475,6.555537734074005,2.2247686811897562,-5.204997972566719,8.812325160529715,45.86813459415586,-196,-2451.564999999988,0.005592819776117586,0.000286200053686958,-0.0011607587658740703,-0.7452309435967308,-0.12774722232864955,-3.9719852752069578,-0.6396496057907379,-1.4051545905211924,-12,-1615.8799999999997,0.01049826867092557,-0.011508331567658181,0.01809405775353884,-3.8839980940452294,-0.7492470956697752,-1.2151415041279536,-9.463511451483663,-27.049830328415723
stack_weighted_core,veto0.060,4353,30187.349999999977,0.4479669193659545,0.5336549506087755,0.390535263036986,9.42147502128678,1.3924928324618475,-17.264608256296526,1.67893172754728,28.98609856517096,581,2563.939999999992,0.43201376936316693,0.5111876075731497,0.3993115318416523,5.667041162822703,1.9599276657770481,-5.322789216260139,7.366622342236946,39.210977963519824,-210,-2455.7399999999907,0.007028939966436665,0.0017680341064744143,-0.001969667929483443,-0.7271238336218833,-0.12626794299522315,-4.385544546603029,-0.6809995411662955,-1.407606595088982,-12,-2027.395,0.007055927879187185,-0.014950672359396622,0.02325756894114639,-4.772494665296532,-1.0140881110824833,-1.3329327478213733,-10.909214269776433,-33.70698695905176
stack_weighted_core,veto0.065,4333,30010.514999999985,0.4486498961458574,0.5340410800830833,0.3900300023078698,9.411241163040097,1.3924586286474077,-17.13445297226795,1.6856126466806898,28.88205062401039,579,2609.9499999999925,0.43350604490500866,0.5129533678756477,0.39896373056994816,5.762850408993558,1.9626980965860805,-4.865599800247324,8.210805209443341,39.950492186937204,-230,-2632.5749999999825,0.007711916746339531,0.0021541635807821313,-0.0024749286585996066,-0.7373576918685654,-0.126302146809663,-4.255389262574454,-0.6743186220328856,-1.5116545362495515,-14,-1981.3849999999993,0.00854820342102891,-0.013184912056898646,0.02290976766944225,-4.676685419125676,-1.011317680273451,-0.8757433318085583,-10.065031402570037,-32.96747273563438
stack_weighted_core,veto0.070,4319,30009.424999999985,0.45010419078490393,0.5348460291734197,0.38944200046307015,9.460126316700011,1.3919982225618313,-16.739256964029185,1.72536978056591,28.881408114863415,576,2594.734999999992,0.4340277777777778,0.5104166666666666,0.3993055555555556,5.767655551996539,1.9542486055658213,-4.859457708073932,8.17083117933508,39.70580855579067,-244,-2633.6649999999827,0.009166211385386092,0.002959112671118591,-0.003062930503399286,-0.6884725382086518,-0.1267625528952394,-3.8601932543356874,-0.6345614881476653,-1.5122970453965259,-17,-1996.6,0.009069936293798042,-0.01572161326587973,0.02325159265504967,-4.671880276122696,-1.0197671712937102,-0.8696012396351662,-10.105005432678299,-33.21215636678092
stack_weighted_core,veto0.075,4297,31244.96499999998,0.4526413777053758,0.5368861996741913,0.3877123574586921,9.888199138711407,1.4348796533005779,-16.228476663514435,1.8239971750142778,29.600695589035464,571,2696.3549999999923,0.43782837127845886,0.5148861646234676,0.39929947460595444,6.0352478322636705,2.0195025361645267,-4.918792434752954,8.405020036726482,41.342548970597214,-266,-1398.124999999989,0.011703398305857982,0.004999283171890134,-0.004792573507777342,-0.26039971619725577,-0.0838811221564928,-3.349412953820938,-0.5359340936992976,-0.7930095712244771,-22,-1894.9799999999996,0.012870529794479113,-0.01125211530907877,0.02324551170544853,-4.404287995855564,-0.9545132406950048,-0.9289359663141887,-9.870816575286897,-31.57541595197437
stack_weighted_core,veto0.080,4276,30620.044999999984,0.45182413470533206,0.5350795135640786,0.3893826005612722,9.720826032803702,1.4105860346250123,-16.977923983718703,1.7221848452018065,29.239123387748634,569,2501.9949999999917,0.43936731107205623,0.5149384885764499,0.3989455184534271,5.638489188366912,1.886630619826303,-4.249777330644383,8.992768387705512,38.21726323380632,-287,-2023.0449999999837,0.010886155305814216,0.0031925970617774357,-0.0031223304051972156,-0.42777282210496104,-0.10817474083205836,-4.098860274025206,-0.6377464235117689,-1.1545817725113068,-24,-2089.34,0.014409469588076484,-0.0111997913560965,0.02289155555292116,-4.801046639752323,-1.0873851570332285,-0.2599208622056173,-9.283068224307867,-34.700701688765264
stack_weighted_core,veto0.085,4264,30942.10499999999,0.4523921200750469,0.5354127579737336,0.3888367729831144,9.837760485396542,1.4312283755382864,-16.108290639675253,1.8267628609516247,29.42602709397344,568,2703.8749999999923,0.44014084507042256,0.5158450704225352,0.397887323943662,6.066183234125098,2.1411117609181933,-4.249777330644383,9.756723979709076,41.463904390322085,-299,-1700.9849999999788,0.011454140675529079,0.0035258414714324227,-0.0036681579833550138,-0.31083836951212085,-0.08753239991878425,-3.229226929981756,-0.5331684077619507,-0.9676780662865028,-25,-1887.4599999999996,0.015183003586442811,-0.010293209510011114,0.021833361043156085,-4.373352593994137,-0.8329040159413381,-0.2599208622056173,-8.519112632304303,-31.4540605322495
stack_weighted_core,veto0.090,4250,31487.874999999993,0.4536470588235294,0.536,0.38894117647058823,10.03896490744862,1.4518681190037401,-15.764568194622303,1.8865111346288108,29.740033431770186,565,2716.8149999999923,0.4407079646017699,0.5168141592920354,0.4,6.091120124978459,2.0267374984676847,-5.482834846254306,7.600594004119403,41.67280165801741,-313,-1155.2149999999747,0.01270907942401156,0.0041130834976988995,-0.0035637544958811995,-0.1096339474600434,-0.06689265645333053,-2.8855044849288056,-0.4734201340847646,-0.6536717284897549,-28,-1874.5199999999995,0.01575012311779017,-0.009324120640510913,0.02394603709949411,-4.348415703140776,-0.9472782783918468,-1.4929783778155405,-10.675242607893976,-31.245163264554172
stack_weighted_core,veto0.095,4232,31103.29,0.4551039697542533,0.5363894139886578,0.3887051039697543,9.940349828147614,1.4399192027388006,-16.268226019010992,1.8145259485298795,29.519118248044386,564,2708.314999999992,0.4432624113475177,0.5195035460992907,0.4024822695035461,6.06828083282619,2.0398828938558964,-5.482834846254306,7.575564840715402,41.53557088873336,-331,-1539.7999999999665,0.01416599035473548,0.004502497486356671,-0.003799826996715161,-0.20824902676104884,-0.07884157271827008,-3.389162309317495,-0.5454053201836959,-0.8745869122155554,-29,-1883.02,0.018304569863537956,-0.006634733833255635,0.026428306603040186,-4.371254995293045,-0.9341328830036351,-1.4929783778155405,-10.700271771297977,-31.382394033838224
stack_weighted_core,veto0.100,4206,30903.23,0.4557774607703281,0.5373276271992392,0.38825487398953873,9.91086509505755,1.4381784670225417,-16.411835679097138,1.7916052112935155,29.40353032956329,563,2624.554999999992,0.4422735346358792,0.5168738898756661,0.4049733570159858,5.872278548475637,2.0488042518797736,-6.75640086175603,5.947765921814431,40.18549079967018,-357,-1739.8599999999678,0.014839481370810259,0.005440710696938078,-0.004250056976930705,-0.23773375985111223,-0.08058230843452896,-3.5327719694036404,-0.5683260574200599,-0.9901748306966525,-30,-1966.7799999999997,0.01731569315189946,-0.00926439005688029,0.02891939411547989,-4.567257279643598,-0.9252115249797579,-2.7665443933172646,-12.328070690198947,-32.73247412290141
stack_weighted_core,veto0.105,4188,31398.334999999995,0.4567812798471824,0.5391595033428844,0.3868194842406877,10.118050069731238,1.4563639836953772,-14.802905078908315,2.0056028978239904,29.688749322471985,561,2444.509999999991,0.43672014260249553,0.5133689839572193,0.40463458110516937,5.4811226602742344,1.8271620432778908,-8.751031570342617,4.262020103636943,37.297072480361805,-375,-1244.754999999972,0.015843300447664577,0.007272586840583295,-0.005685446725781751,-0.030548785177424875,-0.06239679176169344,-1.9238413692148182,-0.354328370889585,-0.7049558377879563,-32,-2146.8250000000007,0.011762301118515783,-0.012769295975327055,0.028580618204663455,-4.958413167845,-1.1468537335816407,-4.761175101903851,-14.013816508376436,-35.62089244220978
stack_weighted_core,veto0.110,4177,30793.284999999996,0.4570265740962413,0.5389035192722049,0.38688053627005026,9.94058430906541,1.4422333971263737,-14.748591309839028,1.9893297197994433,29.339811017838578,561,2021.6599999999917,0.43672014260249553,0.5115864527629234,0.40998217468805703,4.531717720202961,1.4658488607807905,-11.57982107907236,2.6414285165053224,30.587269614291166,-386,-1849.8049999999712,0.01608859469672347,0.00701660276990379,-0.005624394696419177,-0.20801454584325363,-0.076527378330697,-1.8695276001455312,-0.3706015489141321,-1.0538941424213633,-32,-2569.675,0.011762301118515783,-0.014551827169623,0.03392821178755112,-5.907818107916274,-1.508166916078741,-7.5899646106335945,-15.634408095508057,-42.33069530828042
stack_weighted_core,veto0.115,4159,30759.854999999996,0.45804279874969944,0.5393123346958404,0.3871122866073575,9.976123029398305,1.441512718452555,-14.53267207544577,2.0175511071871948,29.320408636204043,559,2465.584999999992,0.4400715563506261,0.516994633273703,0.40608228980322003,5.51477676604328,1.7521445884387081,-11.25088834946985,3.344998895137155,37.63420909828814,-404,-1883.2349999999715,0.0171048193501816,0.007425418193539257,-0.005392644359111909,-0.17247582551035734,-0.07724805700451576,-1.653608365752273,-0.3423801615263806,-1.0732965240558983,-34,-2125.75,0.015113714866646366,-0.009143646658843374,0.03002832690271412,-4.924759062075955,-1.2218711884208233,-7.2610318810310845,-14.930837716876223,-35.283755824283446
stack_weighted_core,veto0.120,4140,30785.43999999999,0.4599033816425121,0.5405797101449276,0.38623188405797104,10.019487029774716,1.4465275731141938,-13.571332417138967,2.1615607175960116,29.335259038324924,558,2369.1749999999925,0.4390681003584229,0.514336917562724,0.4103942652329749,5.30366915608043,1.6790709873731795,-11.128379058548498,3.2434227530223105,36.0940378427532,-423,-1857.649999999976,0.018965402242994256,0.008692793642626429,-0.006273046908498392,-0.12911182513394692,-0.07223320234287689,-0.6922687074454696,-0.19837055111756374,-1.0584461219350167,-35,-2222.1599999999994,0.014110258874443171,-0.011801362369822321,0.034340302332468986,-5.135866672038805,-1.294944789486352,-7.138522590109733,-15.032413858991069,-36.82392707981838
stack_weighted_core,veto0.125,4125,31413.26999999999,0.4613333333333333,0.5413333333333333,0.38545454545454544,10.253507829587395,1.4686284003333683,-12.879063709693497,2.305859363595165,29.697309649335434,556,2514.3999999999924,0.44064748201438847,0.5161870503597122,0.40827338129496404,5.645644216189717,1.7841957100561112,-10.611928047637917,3.62008542446202,38.416086050693735,-438,-1229.8199999999779,0.020395353933815474,0.0094464168310322,-0.0070503855119239955,0.10490897467873239,-0.05013237512370239,0.0,-0.054071905118410424,-0.696395510924507,-37,-2076.9349999999995,0.01568964053040872,-0.00995122957283412,0.03221941839445813,-4.793891611929518,-1.1898200668034202,-6.622071579199152,-14.655751187551358,-34.50187887187785
stack_weighted_core,veto0.130,4113,30517.414999999986,0.46073425723316314,0.5402382689034768,0.38584974471188915,10.001733081407266,1.4411023829959164,-13.924539547045061,2.0955313323480995,29.17930890935314,555,2455.0599999999927,0.43963963963963965,0.5153153153153153,0.409009009009009,5.517282605837642,1.6838242457894124,-12.156708367473765,3.0819040461542357,37.46580870563445,-450,-2125.674999999981,0.019796277833645293,0.008351352401175682,-0.006655186254580281,-0.1468657735013963,-0.07765839246115425,-1.0454758373515638,-0.2643999363654759,-1.2143962509068018,-38,-2136.274999999999,0.014681798155659898,-0.01082296461723109,0.03295504610850308,-4.922253222281593,-1.290191531070119,-8.166851899034999,-15.193932565859143,-35.452156216937134
stack_weighted_core,veto0.135,4096,30929.22999999999,0.461669921875,0.541259765625,0.3857421875,10.171764032352078,1.461740434052261,-13.689956256955806,2.148916897795509,29.418578330653688,554,2460.8899999999926,0.4404332129963899,0.5144404332129964,0.40974729241877256,5.511989505025392,1.6853366848793434,-12.283397070874011,3.057711218544319,37.55908102544589,-467,-1713.8599999999788,0.020731942475482157,0.009372849122698867,-0.006762743466469434,0.023165177443415175,-0.057020341404809605,-0.8108925472623092,-0.21101437091806652,-0.9751268296062534,-39,-2130.4449999999993,0.01547537151241013,-0.011697846719549987,0.033693329518266646,-4.927546323093843,-1.288679091980188,-8.293540602435247,-15.218125393469059,-35.35888389712569
stack_weighted_core,veto0.140,4080,30704.599999999995,0.46200980392156865,0.5406862745098039,0.3860294117647059,10.133264142638614,1.4484758733506948,-15.671476793702455,1.8688928390242996,29.28831075668601,553,2357.144999999992,0.4358047016274864,0.5117540687160941,0.41229656419529837,5.2792665473659985,1.565436339218509,-14.325416711260456,2.5061912047749613,35.90223336649721,-483,-1938.4899999999725,0.021071824522050808,0.008799358007502756,-0.0064755192017635355,-0.015334712270048456,-0.07028490210637584,-2.792413084008958,-0.4910384296892758,-1.105394403573932,-40,-2234.19,0.010846860143506665,-0.01438421121645228,0.036242601294792454,-5.160269280753236,-1.4085794376410223,-10.335560242821689,-15.769645407238418,-37.01573155607438
stack_weighted_core,veto0.145,4062,29575.71999999999,0.4606105366814377,0.5398818316100443,0.3867552929591334,9.794850322599574,1.4181695973813635,-16.760387336880083,1.7078731094520763,28.62461483665859,553,1790.2499999999934,0.43037974683544306,0.5045207956600362,0.4177215189873418,4.002760848538332,1.1141144620232042,-16.03822111020003,1.6809640766024112,26.95967353885269,-501,-3067.369999999977,0.019672557281919856,0.007994915107743195,-0.005749638007336022,-0.35374853230908876,-0.10059117807570717,-3.8813236271865854,-0.6520581592614991,-1.7690903236013504,-40,-2801.084999999998,0.0054219053514633075,-0.0216174842725102,0.041667556086835866,-6.436774979580902,-1.8599013148363273,-12.048364641761264,-16.594872535410968,-45.958291383718894
stack_weighted_core,veto0.150,4049,29211.364999999994,0.4593726846134848,0.5393924425784145,0.3867621634971598,9.72138048334202,1.3997103534494395,-16.821896565459628,1.6886978103020465,28.40709989521919,553,1820.809999999993,0.43399638336347196,0.5063291139240507,0.4177215189873418,4.079923761773003,1.1815138756758812,-15.502550263526645,1.7698323806209373,27.4369154385931,-514,-3431.724999999973,0.01843470521396695,0.0075055260761133225,-0.005742767469309629,-0.4272183715666422,-0.11905042200763116,-3.942832855766131,-0.6712334584115289,-1.986605265040751,-40,-2770.5249999999987,0.009038541879492212,-0.019809166008495693,0.041667556086835866,-6.359612066346232,-1.7925019011836503,-11.51269379508788,-16.506004231392442,-45.48104948397848
stack_weighted_core,veto0.155,4032,28772.819999999992,0.4583333333333333,0.5386904761904762,0.3864087301587302,9.610900880037745,1.3832192159324108,-16.233694712126336,1.7336222110313255,28.143093720044,552,1944.1099999999938,0.4329710144927536,0.5090579710144928,0.4166666666666667,4.363479741043015,1.2464030103373434,-14.116638196463427,2.080386491985999,29.368063416176106,-531,-3870.269999999975,0.01739535393381547,0.0068035596881750315,-0.00609620080773926,-0.5376979748709179,-0.13554155952465985,-3.354631002432839,-0.6263090576822499,-2.250611440215941,-41,-2647.224999999998,0.008013173008773855,-0.017080308918053566,0.040612703766160774,-6.0760560870762195,-1.727612766522188,-10.12678172802466,-16.19545012002738,-43.54990150639548
stack_weighted_core,veto0.160,4017,28748.90999999999,0.4580532735872542,0.5387104804580533,0.38685586258401794,9.62761678917757,1.3816451678097899,-16.16285739003942,1.7403253091088273,28.128629783402246,551,2024.8299999999927,0.4319419237749546,0.5063520871143375,0.41742286751361163,4.562596188729312,1.2586817078720676,-15.349926570406335,1.99591719057218,30.637182315894673,-546,-3894.1799999999785,0.01711529418773633,0.006823563955752121,-0.005649068382451494,-0.5209820657310935,-0.1371156076472808,-3.283793680345923,-0.6196059596047481,-2.2650753768576948,-42,-2566.504999999999,0.006984082290974858,-0.019786192818208814,0.04136890461310572,-5.8769396393899225,-1.7153340689874639,-11.360070101967569,-16.2799194214412,-42.28078260667691
stack_weighted_core,veto0.165,3996,28425.994999999995,0.4574574574574575,0.5382882882882883,0.38763763763763764,9.569661092005374,1.370559228496821,-18.136233316696824,1.5401527832727449,27.932570220794496,548,2149.8649999999925,0.4324817518248175,0.5091240875912408,0.4142335766423358,4.877784539038549,1.3809186113797942,-15.07186859950766,2.1636738448209525,32.61060788133292,-567,-4217.094999999972,0.01651947805793963,0.006401371785987209,-0.00486729332883179,-0.5789377629032888,-0.14820154696024956,-5.257169607003327,-0.8197784854408305,-2.4611349394654454,-45,-2441.4699999999993,0.0075239103408377694,-0.017014192341305523,0.038179613741829876,-5.561751289080686,-1.5930971654797372,-11.082012131068893,-16.112162767192427,-40.30735704123867
stack_weighted_core,veto0.170,3979,28450.484999999993,0.45790399597888914,0.5383262126162353,0.3872832369942196,9.608125843567246,1.3608845602773645,-20.19205815226664,1.3840831044189792,27.947486531997768,546,1980.0849999999925,0.4340659340659341,0.5091575091575091,0.4175824175824176,4.535715046542896,1.2675169316579142,-14.65477481219265,2.0425564776284113,29.933205220829784,-584,-4192.604999999974,0.0169660165793713,0.006439296113934123,-0.005221693972249808,-0.5404730113414171,-0.15787621517970618,-7.312994442573142,-0.9758481642945962,-2.446218628262173,-47,-2611.249999999999,0.00910809258195433,-0.016980770775037235,0.041528454681911686,-5.903820781576338,-1.7064988452016172,-10.664918343753886,-16.233280134384966,-42.9847597017418
stack_weighted_core,veto0.175,3966,29036.14499999999,0.45915279878971255,0.5390821986888553,0.3875441250630358,9.845975477621183,1.3820861934513433,-20.126213623645874,1.406221157939937,28.30190742678984,546,1879.024999999992,0.4340659340659341,0.5073260073260073,0.4194139194139194,4.29878859964533,1.1548660196160243,-16.2627107520755,1.7431022402747918,28.347567544883745,-597,-3606.944999999978,0.018214819390194703,0.007195282186554186,-0.004960805903433618,-0.30262337728748,-0.13667458200572735,-7.247149913952377,-0.9537101107736383,-2.091797733470102,-47,-2712.31,0.00910809258195433,-0.01881227260653906,0.04335995651341351,-6.140747228473905,-1.8191497572435071,-12.272854283636732,-16.532734371738588,-44.57039737768784
stack_weighted_core,veto0.180,3954,28873.184999999998,0.4590288315629742,0.5386949924127465,0.3884673748103187,9.817040345693064,1.3835681582678863,-19.32466927417774,1.4594675847699037,28.203728392061358,545,1771.1149999999911,0.42935779816513764,0.5027522935779817,0.42201834862385323,4.076422316629277,1.104737150443002,-13.526743824917165,1.9709941962657072,26.661133573284722,-609,-3769.9049999999697,0.01809085216345635,0.00680807591044541,-0.004037556156150757,-0.3315585092155988,-0.1351926171891844,-6.445605564484243,-0.9004636839436717,-2.1899767681985836,-48,-2820.2200000000007,0.0043999566811578905,-0.02338598635456468,0.04596438572334732,-6.363113511489958,-1.8692786264165295,-9.536887356478399,-16.30484241574767,-46.25683134928686
stack_weighted_core,veto0.185,3940,29097.994999999995,0.4586294416243655,0.5390862944162437,0.3880710659898477,9.930979374323616,1.38777151967054,-19.76224889494792,1.4340009020794235,28.33908274247341,545,1594.254999999992,0.42568807339449544,0.4990825688073395,0.42568807339449544,3.6723290728230116,0.9849545306207331,-13.909856819728159,1.7190794620176075,23.912149178400234,-623,-3545.094999999972,0.01769146222484763,0.0071993779139425396,-0.0044338649766217375,-0.21761948058504643,-0.13098925578653065,-6.883185185254423,-0.9259303666341518,-2.0546224177865327,-48,-2997.08,0.0007302319105156885,-0.027055711125206883,0.049634110493989525,-6.767206755296224,-1.9890612462387982,-9.920000351289392,-16.55675714999577,-49.00581574417135
stack_weighted_core,veto0.190,3928,29160.459999999995,0.4579938900203666,0.5384419551934827,0.3884928716904277,9.975607356435962,1.390142847120962,-20.283760552783733,1.3989801792254675,28.376578973499853,545,1171.3949999999918,0.42201834862385323,0.4954128440366973,0.42935779816513764,2.690666237897789,0.7097611356758019,-17.501552245043307,0.9951090293578474,17.4159526668207,-635,-3482.629999999972,0.01705591062084877,0.0065550386911815695,-0.004012059276041757,-0.172991498472701,-0.12861792833610863,-7.404696843090235,-0.9609510894881079,-2.0171261867600876,-48,-3419.94,-0.0029394928601265136,-0.030725435895849085,0.05330383526463173,-7.748869590221446,-2.2642546411837294,-13.51169577660454,-17.28072758265553,-55.502012255750884
stack_weighted_core,veto0.195,3909,28761.134999999995,0.4571501662829368,0.5377334356612945,0.3883346124328473,9.873313497086782,1.3827648324335982,-20.2587746632827,1.3888315785071264,28.136025994227086,541,967.604999999994,0.4195933456561922,0.49353049907578556,0.4288354898336414,2.2308672878294873,0.5944187721689995,-18.773418530567596,0.7630052497401775,14.324216894392606,-654,-3881.9549999999726,0.016212186883418966,0.0058465191589933685,-0.004170318533622153,-0.2752853578218808,-0.1359959430234725,-7.379710953589203,-0.971099690206449,-2.2576791660328546,-52,-3623.7299999999977,-0.00536449582778753,-0.032607780856760804,0.05278152693313548,-8.208668540289747,-2.379597004690532,-14.78356206212883,-17.5128313622732,-58.59374802817898
stack_weighted_core,veto0.200,3888,28837.565000000002,0.45704732510288065,0.5375514403292181,0.38786008230452673,9.942599395601649,1.3837716603531798,-19.172351649976754,1.4699408836102357,28.182223525252994,535,533.8249999999944,0.41682242990654206,0.491588785046729,0.43177570093457945,1.2450127772256694,0.34918764990051304,-18.993181301095426,0.41221130657996513,7.8292040802347085,-675,-3805.524999999965,0.01610934570336281,0.005664523826916956,-0.004644848661942702,-0.20599945930701402,-0.1349891151038909,-6.293287940283257,-0.8899903851033397,-2.2114816350069475,-58,-4057.5099999999975,-0.00813541157743769,-0.03454949488581738,0.05572173803407354,-9.194523050893565,-2.6248281269590183,-15.00332483265666,-17.863625305433413,-65.08876084233688
stack_weighted_core,veto0.205,3879,28891.205,0.45707656612529,0.5377674658417118,0.3877287960814643,9.980057643569353,1.3774003524921115,-19.65705894901487,1.4353419578252915,28.214601476966173,532,692.0649999999965,0.41729323308270677,0.4924812030075188,0.42857142857142855,1.6228236683953976,0.4290614781964071,-18.506268331388878,0.5503476399054179,10.184881099636245,-684,-3751.8849999999657,0.016138586725772175,0.005880549339410623,-0.004776134885005112,-0.16854121133930988,-0.1413604229649592,-6.777995239321374,-0.9245893108882839,-2.179103683293768,-61,-3899.2699999999954,-0.0076646084012729765,-0.03365707692502756,0.052517465670922636,-8.816712159723837,-2.544954298663124,-14.516411862950111,-17.72548897210796,-62.73308382293534
stack_weighted_core,veto0.210,3860,28761.219999999998,0.45699481865284974,0.5375647668393783,0.3878238341968912,9.987982632899039,1.376006234540868,-19.18297685510013,1.4667211260108062,28.136077413151696,529,940.9499999999966,0.4215500945179584,0.4933837429111531,0.42722117202268434,2.2270489347229265,0.5615950555089366,-18.338244324007828,0.7591634429045541,13.921724697838677,-703,-3881.86999999997,0.0160568392533319,0.005677850337077128,-0.00468109676957823,-0.1606162220096241,-0.14275454091620277,-6.303913145406632,-0.8932101427027692,-2.257627747108245,-64,-3650.384999999995,-0.0034077469660213633,-0.03275453702139325,0.051167209122178425,-8.212486893396308,-2.412420721350595,-14.348387855569062,-17.516673169108824,-58.99624022473291
stack_weighted_core,veto0.215,3842,28531.69,0.4573138990109318,0.5382613222280063,0.3859968766267569,9.952713631692642,1.377454075730035,-19.321290062902587,1.4490176957150374,27.996891205188955,523,324.3049999999969,0.4149139579349904,0.4875717017208413,0.43021032504780116,0.7757962015039087,0.22801746227652792,-20.708645655877422,0.2286264544501511,4.734544232767779,-721,-4111.399999999969,0.016375919611413936,0.0063744057257051345,-0.006508054339712521,-0.19588522321602042,-0.14130669972703558,-6.44222635320909,-0.910913572998538,-2.3968139550709857,-70,-4267.029999999995,-0.01004388354898933,-0.03856657821170506,0.054156362147295245,-9.663739626615326,-2.7459983145830034,-16.718789187438656,-18.047210157563228,-68.18342068980381
stack_weighted_core,veto0.220,3828,29317.114999999998,0.45768025078369906,0.5389237199582028,0.38531870428422155,10.257775052987393,1.4143021471016204,-18.32667373872922,1.553495255073337,28.47040069439297,522,332.3349999999964,0.41379310344827586,0.4885057471264368,0.42911877394636017,0.7971013797539735,0.2325311503296489,-20.69449090613498,0.23448914347548827,4.852633447240873,-735,-3325.9749999999694,0.016742271384181218,0.00703680345590163,-0.007186226682247887,0.10917619807873002,-0.10445862835545028,-5.447610029035722,-0.8064360136402384,-1.9233044658669698,-71,-4258.999999999995,-0.011164738035703892,-0.037632532806109564,0.053064811045854254,-9.642434448365261,-2.7414846265298825,-16.704634437696214,-18.04134746853789,-68.06533147533071
stack_weighted_core,veto0.225,3812,29358.655,0.458289611752361,0.5393494228751312,0.3843126967471144,10.305809780296467,1.4139838405999159,-18.4009199296515,1.5485762748203042,28.495228037926413,519,364.65499999999645,0.4142581888246628,0.48940269749518306,0.4277456647398844,0.8773227743277112,0.25152185197554067,-21.81629262281844,0.2442371199661295,5.328348478535494,-751,-3284.4349999999686,0.01735163235284315,0.00746250637283008,-0.008192234219355055,0.15721092538780468,-0.10477693485715478,-5.5218562199580035,-0.8113549938932711,-1.898477122333528,-74,-4226.679999999996,-0.010699652659316938,-0.0367355824373633,0.05169170183937849,-9.562213053791524,-2.722493924883991,-17.826436154379675,-18.03159949204725,-67.5896164440361
stack_weighted_core,veto0.230,3792,30078.614999999998,0.45938818565400846,0.5395569620253164,0.3837025316455696,10.603329373117672,1.4384810274688244,-15.911493104273225,1.8176901558757823,28.922164380922833,518,238.67499999999654,0.4111969111969112,0.4864864864864865,0.4305019305019305,0.5724746832710427,0.18599977286616717,-21.918115808032557,0.1586741850481458,3.4778391636304473,-771,-2564.4749999999694,0.01845020625449062,0.007670045523015312,-0.008802399320899823,0.45473051820900956,-0.08027974798824622,-3.0324293945797276,-0.5422411128377931,-1.4715407793371078,-75,-4352.659999999995,-0.01376093028706854,-0.039651793446059846,0.05444796760142456,-9.867061144848192,-2.788016003993364,-17.92825933959379,-18.117162426965233,-69.44012575894114
stack_weighted_core,veto0.235,3778,30690.499999999996,0.4602964531498147,0.540497617787189,0.38247750132345154,10.848017683429955,1.4622040284266562,-14.903390804585756,1.96466124294034,29.280114302163085,514,62.55499999999881,0.41050583657587547,0.48443579766536965,0.433852140077821,0.1511960330105469,0.09465270118936071,-22.519645001260606,0.04031804831100296,0.9079481351074614,-785,-1952.589999999971,0.019358473750296867,0.008610701284887834,-0.010027429643017893,0.6994188285212921,-0.05655674703041447,-2.024327094892259,-0.39527002577323533,-1.113590858096856,-79,-4528.779999999993,-0.014452004908104277,-0.04170248226717671,0.05779817717731511,-10.288339795108687,-2.8793630756701707,-18.52978853282184,-18.235518563702374,-72.01001678746412
stack_weighted_core,veto0.240,3768,31370.590000000004,0.4609872611464968,0.5414012738853503,0.38110403397027603,11.12142008326905,1.4822825684189325,-13.97610883067317,2.1231116843395905,29.672839960003937,512,-118.43500000000131,0.408203125,0.482421875,0.435546875,-0.2874145503813337,0.003554615699970313,-22.614486614160956,-0.07570475743804313,-1.7120242237109284,-795,-1272.4999999999636,0.020049281746978953,0.009514357383049177,-0.0114008969961934,0.9728212283603881,-0.0364782070381382,-1.097045120979672,-0.23681958437398487,-0.7208652002560036,-81,-4709.769999999993,-0.016754716483979748,-0.04371640493254636,0.05949291209949409,-10.726950378500568,-2.970461161159561,-18.62463014572219,-18.35154136945142,-74.62998914628251
stack_weighted_core,veto0.245,3749,31645.39,0.46252333955721525,0.5425446785809549,0.38010136036276343,11.257182924424628,1.5035310740270604,-13.286574783095064,2.245125754006951,29.830031228066044,511,-40.62000000000273,0.4090019569471624,0.48532289628180036,0.4344422700587084,-0.0985089785768502,0.04419242206897296,-22.38930483496725,-0.026271938441028955,-0.5882104383616915,-814,-997.699999999968,0.02158536015769741,0.010657762078653765,-0.012403570603706005,1.108584069515965,-0.015229701430010234,-0.407511073401567,-0.11480551470662448,-0.5636739321938968,-82,-4631.9549999999945,-0.015955884536817344,-0.040815383650745996,0.05838830715820248,-10.538044806696085,-2.9298233547905586,-18.399448366528482,-18.302108550454406,-73.50617536093327
stack_weighted_core,veto0.250,3732,31632.629999999997,0.46195069667738475,0.5418006430868167,0.3807609860664523,11.300516261691337,1.4995599402731115,-14.13763708610712,2.1094579562612776,29.822751034023163,511,-22.800000000004957,0.4070450097847358,0.48532289628180036,0.4344422700587084,-0.055467340319148746,0.04776259190941956,-22.240321458529362,-0.014851175217362528,-0.3302949108710873,-831,-1010.45999999997,0.02101271727786691,0.009913726584515614,-0.011743944900017123,1.1519174067826743,-0.01920083518395921,-1.2585733764136222,-0.25047331245229776,-0.5709541262367779,-82,-4614.134999999997,-0.01791283169924396,-0.040815383650745996,0.05838830715820248,-10.495003168438384,-2.926253184950112,-18.250464990090595,-18.29068778723074,-73.24825983344267
stack_weighted_core,veto0.255,3716,30738.749999999993,0.46044133476856836,0.5403659849300323,0.38132400430570507,11.018728621443998,1.4744587079357185,-13.499567364420878,2.1710438604116744,29.308152844739755,510,144.69999999999493,0.40784313725490196,0.48627450980392156,0.43333333333333335,0.35345209356244517,0.1346165118314918,-21.621514097611758,0.09731464168403917,2.1040898970754895,-847,-1904.3399999999747,0.019503355369050512,0.008479068427731162,-0.011180926660764368,0.8701297665353351,-0.04430206752135213,-0.620503654727381,-0.18888740830190098,-1.0855523155201858,-83,-4446.634999999997,-0.017114704229077793,-0.0398637701286248,0.05727937043282744,-10.086083734556789,-2.8393992650280397,-17.63165762917299,-18.17852197032934,-70.81387502549609
stack_weighted_core,veto0.260,3694,30049.42,0.45966432051976175,0.5392528424472117,0.38197076340010827,10.84433257384249,1.452638098400392,-14.052709140805463,2.056896918322902,28.904974125810835,506,-96.19000000000403,0.4031620553359684,0.48221343873517786,0.43478260869565216,-0.2366113728920557,0.006600617844557063,-22.439467412352062,-0.06199628860174149,-1.3911636977655517,-869,-2593.669999999969,0.018726341120243906,0.00736592594491059,-0.010534167566361163,0.6957337189338269,-0.06612267705667874,-1.1736454311119662,-0.3030343503906736,-1.4887310344491063,-87,-4687.524999999996,-0.021795786148011365,-0.0439248411973685,0.05872864579514625,-10.67614720101129,-2.9674151590149744,-18.449610943913296,-18.33783290061512,-74.30912862033713
stack_weighted_core,veto0.265,3674,29685.434999999998,0.4591725639629831,0.5386499727817093,0.38214480130647793,10.753380545602992,1.4352560140106387,-13.71914764561684,2.091222674594025,28.689792632617173,505,-411.5150000000044,0.4,0.48118811881188117,0.43564356435643564,-1.0145848341984836,-0.15849855535118823,-24.32058286514392,-0.24296053094082723,-5.908941725705752,-889,-2957.6549999999697,0.018234584563465273,0.006763056279408208,-0.010360129659991502,0.6047816906943293,-0.08350476144643193,-0.8400839359233423,-0.26870859411955017,-1.7039125276427676,-88,-5002.849999999997,-0.024957841483979726,-0.04495016112066519,0.05958960145592973,-11.454120662317719,-3.13251433221072,-20.330726396705153,-18.518797142954206,-78.82690664827734
stack_weighted_core,veto0.270,3651,29301.934999999994,0.45850451930977815,0.5371131196932347,0.3831826896740619,10.656235664581889,1.4207173201801717,-13.91077716025278,2.0459908415559074,28.461322668802282,502,-32.01500000000601,0.40239043824701193,0.48406374501992033,0.4342629482071713,-0.0795416769567054,0.03871298884784002,-23.068692193547747,-0.020100529340110945,-0.4636929242743948,-912,-3341.1549999999734,0.017566539910260304,0.005226203190933587,-0.009322241292407552,0.507636809673226,-0.09804345527689895,-1.0317134505592822,-0.313940427157668,-1.932382491457659,-91,-4623.349999999998,-0.02256740323696782,-0.04207453491262603,0.058208985306665406,-10.51907750507594,-2.9353027880116915,-19.07883572510898,-18.29593714135349,-73.38165784684598
stack_weighted_core,veto0.275,3634,29480.594999999998,0.45954870665932857,0.53852504127683,0.3813979086406164,10.764960235813598,1.4264650336474975,-14.290490447832735,1.9990905808325732,28.56798484974028,501,348.3349999999948,0.405189620758483,0.4870259481037924,0.43313373253493015,0.8650140094349685,0.24208893266530018,-22.151156709080063,0.22969692060510366,5.088052483916772,-929,-3162.49499999997,0.018610727259810722,0.006638124774528853,-0.011107022325853033,0.6163613809049355,-0.09229574180957312,-1.4114267381392374,-0.3608406878810022,-1.8257203105196602,-92,-4242.999999999997,-0.01976822072549672,-0.039112331828753955,0.05707976963442424,-9.574521818684266,-2.7319268441942315,-18.161300240641296,-18.046139691408275,-67.82991243865482
stack_weighted_core,veto0.280,3613,28713.009999999995,0.4591752006642679,0.5369499031275948,0.38195405480210354,10.544755241159823,1.3980131142778158,-16.102758951491904,1.745471014688174,28.106899006339646,499,465.894999999995,0.40681362725450904,0.48897795591182364,0.4308617234468938,1.1660688591198876,0.30473092553020864,-21.88694295903877,0.3117293741977285,6.822803031722535,-950,-3930.0799999999726,0.01823722126475008,0.005062986625293697,-0.010550876164365897,0.39615638625116034,-0.12074766117925484,-3.2236952417984064,-0.6144602540254014,-2.2868061539202955,-94,-4125.439999999997,-0.018144214229470712,-0.037160324020722724,0.05480776054638786,-9.273466968999347,-2.669284851329323,-17.897086490600003,-17.96410723781565,-66.09516189084906
stack_weighted_core,veto0.285,3595,28902.89,0.4600834492350487,0.537413073713491,0.38191933240611964,10.681744628275684,1.4105061531512122,-15.967939225882658,1.7673946204529236,28.22164988754423,495,633.8149999999973,0.4101010101010101,0.4909090909090909,0.42828282828282827,1.595537534648242,0.39131191357774386,-21.586378635655525,0.4315635231716083,9.315893616519833,-968,-3740.199999999968,0.019145469835530837,0.005526157211189875,-0.010585598560349796,0.5331457733670213,-0.10825462230585847,-3.0888755161891606,-0.5925366482606518,-2.17205527271571,-98,-3957.5199999999945,-0.01485683138296967,-0.035229189023455454,0.052228865382322354,-8.843998293470992,-2.582703863281788,-17.596522167216758,-17.84427308884177,-63.602071306051755
stack_weighted_core,veto0.290,3579,29117.465000000004,0.46074322436434756,0.5381391450125733,0.3808326348141939,10.824156162752384,1.4233349289144719,-16.008116851459054,1.7710250133317433,28.350775360271374,492,487.05999999999733,0.40853658536585363,0.4878048780487805,0.43089430894308944,1.2249146626354184,0.3142817483932434,-21.871783117136765,0.3262676034448167,7.136054260693014,-984,-3525.6249999999636,0.019805244964829716,0.006252228510272184,-0.011672296152275552,0.6755573078437216,-0.09542584654259878,-3.1290531417655565,-0.5889062553818321,-2.042929799988567,-101,-4104.274999999994,-0.016421256118126115,-0.03833340188376588,0.05484034604258353,-9.214621165483816,-2.6597340284662883,-17.881926648698,-17.949569008568563,-65.78191066187857
stack_weighted_core,veto0.295,3555,29390.365000000005,0.46160337552742614,0.5383966244725739,0.38143459915611816,11.002386990436053,1.4373386891096382,-15.926529209308448,1.7903565475438925,28.514165849534436,490,430.09999999999707,0.4061224489795918,0.48775510204081635,0.4306122448979592,1.0834383562368417,0.28477448204171524,-22.25202393931665,0.2828358084756553,6.293669181096262,-1008,-3252.724999999962,0.020665396127908298,0.006509707970272727,-0.011070331810351275,0.85378813552739,-0.08142208634743242,-3.047465499614951,-0.5695747211696829,-1.8795393107255052,-103,-4161.234999999995,-0.018835392504387927,-0.038383177891730014,0.05455828199745327,-9.356097471882393,-2.6892412948178164,-18.262167470877884,-17.993000803537722,-66.62429574147532
stack_weighted_core,veto0.300,3537,29130.02000000001,0.46140797285835455,0.5383093016680803,0.3816793893129771,10.950557758175389,1.4288038240271352,-16.602734728386164,1.7080507006584587,28.358312685666508,486,366.169999999998,0.40329218106995884,0.48559670781893005,0.43415637860082307,0.930172418610861,0.25207278061058674,-22.670772306345174,0.23601595595741387,5.35066399817492,-1026,-3513.069999999956,0.02046999345883671,0.006422385165779199,-0.01082554165349231,0.8019589032667263,-0.08995695142993543,-3.7236710186926665,-0.6518805680551167,-2.035392474593433,-107,-4225.164999999994,-0.021665660414020904,-0.04054157211361631,0.058102415700317156,-9.509363409508374,-2.7219429962489445,-18.680915837906408,-18.039820656055966,-67.56730092439666
stack_weighted_core,tilt0.005,4563,32690.28999999997,0.44071882533421,0.5318869165023011,0.39272408503177736,10.164601655002603,1.5195251235262357,-12.879063709693497,2.361981010105855,30.420103910239504,593,4591.334999999992,0.42495784148397975,0.5261382799325464,0.3760539629005059,10.439535828119235,2.9740157768595314,-3.9898564684387656,18.27583661201338,72.91796492257158,0,47.200000000004366,-0.0002191540653078694,0.0,0.00021915406530792492,0.01600280009393984,0.0007643480691650328,0.0,0.002049741392279536,0.026398749979563263,0,0.0,0.0,0.0,0.0,0.0,0.0,0.0,0.0,0.0
stack_weighted_core,tilt0.010,4563,32865.48999999997,0.44071882533421,0.5321060705676091,0.39250493096646943,10.222352843547727,1.5245389876629054,-12.879063709693497,2.3695732170886616,30.51788442766825,593,4761.804999999991,0.4266441821247892,0.5278246205733558,0.37436762225969644,10.844517817097262,3.0730060787840174,-3.9898564684387656,19.011639763537683,75.85371388617847,0,222.40000000000146,-0.0002191540653078694,0.00021915406530792492,0.0,0.0737539886390639,0.005778212205834743,0.0,0.009641948375086251,0.12417926740830865,0,170.46999999999935,0.0016863406408094694,0.001686340640809414,-0.0016863406408094694,0.40498198897802773,0.09899030192448599,0.0,0.7358031515243049,2.9357489636068834
stack_weighted_core,tilt0.020,4563,32486.924999999974,0.4400613631382862,0.5316677624369932,0.39272408503177736,10.102711290731857,1.515651866733841,-12.879063709693497,2.353136295909643,30.306192272612464,593,4761.804999999992,0.4266441821247892,0.5278246205733558,0.37436762225969644,10.844517817097264,3.0730060787840174,-3.9898564684387656,19.011639763537683,75.85371388617847,0,-156.1649999999936,-0.0008766162612316442,-0.00021915406530792492,0.00021915406530792492,-0.045887564176805284,-0.003108908723229664,0.0,-0.006794972803932264,-0.08751288764747756,0,170.47000000000025,0.0016863406408094694,0.001686340640809414,-0.0016863406408094694,0.4049819889780295,0.09899030192448599,0.0,0.7358031515243049,2.9357489636068834
stack_weighted_core,tilt0.030,4563,32052.644999999975,0.4396230550076704,0.5312294543063774,0.39316239316239315,9.96808516725781,1.5003280306026763,-12.888204859652639,2.3324767408025218,30.06143806583781,593,4740.314999999992,0.4266441821247892,0.5278246205733558,0.37436762225969644,10.79029566176991,3.054961649422661,-3.9970920113433484,18.884424020177867,75.4827803898734,0,-590.4449999999924,-0.0013149243918474385,-0.0006574621959237748,0.0006574621959237192,-0.18051368765085307,-0.01843274485439439,-0.009141149959141615,-0.027454527911053628,-0.3322670944221322,0,148.98000000000047,0.0016863406408094694,0.001686340640809414,-0.0016863406408094694,0.35075983365067565,0.08094587256312957,-0.007235542904582726,0.6085874081644889,2.5648154673018126
stack_weighted_core,tilt0.040,4563,32369.204999999973,0.4400613631382862,0.5314486083716853,0.39294323909708523,10.061266755474465,1.509945506263122,-12.879063709693497,2.3480006211659563,30.240049590396257,593,4740.314999999992,0.4266441821247892,0.5278246205733558,0.37436762225969644,10.79029566176991,3.054961649422661,-3.9970920113433484,18.884424020177867,75.4827803898734,0,-273.88499999999476,-0.0008766162612316442,-0.00043830813061584983,0.0004383081306157943,-0.08733209943419773,-0.008815269193948705,0.0,-0.011930647547619078,-0.1536555698636839,0,148.98000000000047,0.0016863406408094694,0.001686340640809414,-0.0016863406408094694,0.35075983365067565,0.08094587256312957,-0.007235542904582726,0.6085874081644889,2.5648154673018126
stack_weighted_core,tilt0.050,4563,31842.194999999974,0.4400613631382862,0.5310103002410694,0.3933815472277011,9.88984300521671,1.4854512079901816,-12.879063709693497,2.3248652579789013,29.942087773963276,593,4740.314999999992,0.4266441821247892,0.5278246205733558,0.37436762225969644,10.79029566176991,3.054961649422661,-3.9970920113433484,18.884424020177867,75.4827803898734,0,-800.8949999999932,-0.0008766162612316442,-0.0008766162612316997,0.0008766162612316442,-0.2587558496919531,-0.03330956746688907,0.0,-0.03506601073467408,-0.4516173862966646,0,148.98000000000047,0.0016863406408094694,0.001686340640809414,-0.0016863406408094694,0.35075983365067565,0.08094587256312957,-0.007235542904582726,0.6085874081644889,2.5648154673018126
stack_weighted_core,tilt0.075,4563,31441.719999999972,0.4394039009423625,0.5310103002410694,0.3933815472277011,9.750342855895326,1.4717828303708318,-13.131081490508148,2.262845557990164,29.71360942240322,593,4727.194999999992,0.4266441821247892,0.5278246205733558,0.37436762225969644,10.757218212104371,3.0699563597766537,-3.969057673510104,18.96078237757592,75.25643879147286,0,-1201.3699999999953,-0.0015340784571553634,-0.0008766162612316997,0.0008766162612316442,-0.39825599901333675,-0.04697794508623887,-0.25201778081465065,-0.09708571072341154,-0.6800957378567212,0,135.86000000000058,0.0016863406408094694,0.001686340640809414,-0.0016863406408094694,0.3176823839851366,0.09594058291712226,0.020798794928661657,0.6849457655625422,2.338473868901275
stack_weighted_core,tilt0.100,4563,31663.52999999997,0.43984220907297833,0.5316677624369932,0.39272408503177736,9.834281938612214,1.4790525009286961,-13.09447700379082,2.2788522081471605,29.840377834620924,593,4359.639999999992,0.42495784148397975,0.5261382799325464,0.3777403035413153,9.906473801689176,2.800011317575046,-4.42486002073645,15.582977976865816,68.95249625385011,0,-979.5599999999977,-0.0010957703265395136,-0.00021915406530792492,0.00021915406530792492,-0.3143169162964483,-0.039708274528374554,-0.21541329409732235,-0.0810790605664149,-0.5533273256390174,0,-231.6949999999997,0.0,0.0,0.001686340640809414,-0.5330620264300592,-0.1740044592844856,-0.43500355229768406,-2.6928586351475623,-3.9654686687214706
stack_weighted_core,tilt0.150,4563,32483.58499999997,0.44115713346482577,0.5327635327635327,0.3922857769011615,10.067880336363977,1.5039001638667795,-12.879063709693497,2.352990744785403,30.304317710410356,593,4105.444999999992,0.4266441821247892,0.524451939291737,0.3777403035413153,9.302560339994935,2.6934797696706374,-4.490785742284942,14.392783922626284,64.63490883151806,0,-159.50499999999738,0.00021915406530792492,0.0008766162612315886,-0.00021915406530792492,-0.08071851854468548,-0.014860611590291173,0.0,-0.006940523928172571,-0.08938744984958547,0,-485.8899999999994,0.0016863406408094694,-0.001686340640809414,0.001686340640809414,-1.1369754881242997,-0.28053600718889404,-0.5009292738461761,-3.8830526893870942,-8.283056091053524
stack_weighted_core,tilt0.200,4563,31434.354999999974,0.44071882533421,0.5318869165023011,0.39316239316239315,9.725963235878112,1.473807211502774,-12.879063709693497,2.306797400957969,29.70939069229306,593,3950.0199999999913,0.42327150084317033,0.5227655986509275,0.3811129848229342,8.96709772838456,2.7016940819020805,-4.54231507970322,13.65209093525347,62.01209852468148,0,-1208.7349999999933,-0.0002191540653078694,0.0,0.0006574621959237192,-0.4226356190305509,-0.044953563954296616,0.0,-0.05313386775560636,-0.6843144679668818,0,-641.3150000000005,-0.001686340640809414,-0.003372681281618828,0.005059021922428297,-1.4724380997346742,-0.27232169495745095,-0.5524586112644547,-4.623745676759908,-10.905866397890108
stack_weighted_core,tilt0.250,4563,31053.324999999975,0.43984220907297833,0.5312294543063774,0.3938198553583169,9.59666551426299,1.45560528189824,-13.163030486383539,2.2403878288875796,29.490293292969838,593,3894.2949999999914,0.42327150084317033,0.521079258010118,0.3827993254637437,8.810532471954453,2.5692665328973225,-6.416407482456895,9.51855390620051,61.07492050591426,0,-1589.7649999999921,-0.0010957703265395136,-0.0006574621959237748,0.0013149243918474385,-0.5519333406456735,-0.06315549355883077,-0.28396677669004156,-0.1195434398259958,-0.903411867290103,0,-697.0400000000004,-0.001686340640809414,-0.005059021922428353,0.006745362563237767,-1.629003356164782,-0.4047492439622089,-2.4265510140181297,-8.75728270581287,-11.843044416657328
stack_weighted_core,tilt0.300,4563,31182.284999999974,0.44093797939951784,0.5318869165023011,0.39294323909708523,9.640009140952628,1.4554578119298995,-13.187285285893513,2.2419043570783113,29.56463234047937,593,4018.8549999999914,0.42327150084317033,0.521079258010118,0.3827993254637437,9.118034825842408,2.6929346042173687,-5.826385108113363,10.842414731678181,63.1720837286387,0,-1460.804999999993,0.0,0.0,0.0004383081306157943,-0.5085897139560345,-0.06330296352717113,-0.30822157620001533,-0.11802691163526413,-0.8290728197805706,0,-572.4800000000005,-0.001686340640809414,-0.005059021922428353,0.006745362563237767,-1.3215010022768272,-0.2810811726421627,-1.8365286396745972,-7.433421880335198,-9.745881193932888
stack_weighted_core,tilt0.400,4563,30684.11999999997,0.4396230550076704,0.5314486083716853,0.3933815472277011,9.447973718699775,1.4276972384214721,-13.923385020138934,2.102678676694986,29.276404789260525,593,4643.254999999993,0.4300168634064081,0.5278246205733558,0.3777403035413153,10.489796674490078,3.1774697374583605,-4.3644550005564176,16.911729316189128,73.81048158209819,0,-1958.9699999999975,-0.0013149243918474385,-0.00043830813061584983,0.0008766162612316442,-0.7006251362088882,-0.09106353703559855,-1.0443213104454365,-0.2572525920185895,-1.1173003709994163,0,51.92000000000098,0.005059021922428353,0.001686340640809414,0.001686340640809414,0.05026084637084338,0.20345396059882903,-0.37459853211765193,-1.364107295824251,0.8925166595266063
stack_weighted_core,tilt0.500,4563,32314.24499999997,0.44093797939951784,0.5336401490247644,0.39097085250931407,9.95169672617405,1.4811433527852653,-13.476390091306358,2.2416328031016035,30.209118096065744,593,4106.49499999999,0.42158516020236086,0.521079258010118,0.3844856661045531,9.269100147935584,2.880177465971856,-4.39720833473139,14.70311777772706,64.65267203875871,0,-328.8449999999975,0.0,0.0017532325224632883,-0.0015340784571553634,-0.196902128734612,-0.037617422671805345,-0.5973263816128611,-0.11829846561197188,-0.18458706419419713,0,-484.84000000000196,-0.0033726812816188834,-0.005059021922428353,0.00843170320404718,-1.170435680183651,-0.09383831088767547,-0.40735186629262454,-3.5727188342863183,-8.265292883812876
stack_weighted_core,tilt0.750,4563,32077.144999999975,0.4420337497260574,0.5332018408941486,0.3920666228358536,9.828398295748665,1.4599124683423044,-15.075778410632282,1.9949418160524066,30.07530076091043,593,3184.8399999999906,0.41989881956155145,0.5109612141652614,0.3979763912310287,7.151190727459685,2.376387377350821,-6.826555011647841,7.220653276368815,49.292186811166935,0,-565.9449999999924,0.001095770326539569,0.0013149243918474385,-0.00043830813061584983,-0.3202005591599981,-0.058848307114766296,-2.1967147009387844,-0.3649894526611688,-0.3184043993495109,0,-1406.4950000000013,-0.005059021922428297,-0.015177065767284947,0.02192242833052277,-3.2883451006595497,-0.5976283995087104,-2.836698543209075,-11.055183335644564,-23.62577811140465
stack_weighted_core,tilt1.000,4563,31256.444999999985,0.4415954415954416,0.5329826868288406,0.3938198553583169,9.533152119809051,1.442770921263973,-16.9570036657607,1.7460216672353577,29.607295811807568,593,3680.7399999999893,0.42327150084317033,0.5143338954468802,0.3946037099494098,8.135826846057977,2.521279850363849,-7.440299051962644,7.72805378455788,57.49903124676232,0,-1386.6449999999822,0.0006574621959237748,0.0010957703265395136,0.0013149243918474385,-0.6154467350996118,-0.07598985419309767,-4.077939956067201,-0.6139096014782177,-0.7864093484523735,0,-910.5950000000025,-0.001686340640809414,-0.01180438448566612,0.018549747048903886,-2.3037089820612575,-0.4527359264956825,-3.450442583523879,-10.5477828274555,-15.418933675809264
avg_veto_gex_skewterm_veto_gex_cp_iv,veto0.030,4506,32778.804999999964,0.4434087882822903,0.5326231691078562,0.39347536617842876,10.005680063523418,1.499169861186552,-14.863127155678585,2.0500090870396375,30.469545730966697,592,4395.334999999992,0.4239864864864865,0.527027027027027,0.3733108108108108,9.856721771894927,2.8044403346463302,-3.9615553658851743,17.559153026297658,69.56155689172839,-57,135.7149999999965,0.0024708088827724572,0.0007362526055550989,0.0009704352119593307,-0.14291879138524521,-0.019590914270518622,-1.9840634459850879,-0.3099221816739379,0.07584057070675598,-1,-196.0,-0.0009713549974932345,0.0008887470944806131,-0.002743152089695111,-0.5828140562243078,-0.1695754422132012,0.028301102553591306,-0.716683585715721,-3.3564080308431983
avg_veto_gex_skewterm_veto_gex_cp_iv,veto0.035,4504,32630.519999999968,0.44338365896980464,0.5321936056838366,0.39431616341030196,9.92719735224599,1.488330237755999,-15.373315355146246,1.9765854071150304,30.386670789959492,592,4395.334999999992,0.4239864864864865,0.527027027027027,0.3733108108108108,9.856721771894927,2.8044403346463302,-3.9615553658851743,17.559153026297658,69.56155689172839,-59,-12.569999999999709,0.002445679570286796,0.00030668918153542446,0.0018112324438325222,-0.22140150266267256,-0.030430537701071625,-2.4942516454527492,-0.383345861598545,-0.0070343703004489555,-1,-196.0,-0.0009713549974932345,0.0008887470944806131,-0.002743152089695111,-0.5828140562243078,-0.1695754422132012,0.028301102553591306,-0.716683585715721,-3.3564080308431983
avg_veto_gex_skewterm_veto_gex_cp_iv,veto0.040,4500,32950.554999999964,0.44377777777777777,0.5331111111111111,0.3933333333333333,9.999441922186278,1.4957937116304196,-15.204696049847508,2.0102501276800955,30.565242175542995,592,4395.334999999992,0.4239864864864865,0.527027027027027,0.3733108108108108,9.856721771894927,2.8044403346463302,-3.9615553658851743,17.559153026297658,69.56155689172839,-63,307.4649999999965,0.002839798378259928,0.0012241946088099587,0.0008284023668638785,-0.14915693272238428,-0.022967063826651035,-2.3256323401540104,-0.3496811410334799,0.17153701528305376,-1,-196.0,-0.0009713549974932345,0.0008887470944806131,-0.002743152089695111,-0.5828140562243078,-0.1695754422132012,0.028301102553591306,-0.716683585715721,-3.3564080308431983
avg_veto_gex_skewterm_veto_gex_cp_iv,veto0.045,4494,33358.134999999966,0.4445927903871829,0.5338228749443703,0.3934134401424121,10.121223292251482,1.5044725544734894,-15.03588292538171,2.047840785521645,30.79109430092517,591,4492.104999999992,0.4263959390862944,0.5296108291032149,0.37225042301184436,10.075872326518803,2.883035698717144,-3.9615553658851743,17.976815084451378,71.21614825933389,-69,715.0449999999983,0.003654810987665069,0.0019359584420691744,0.0009085091759426511,-0.027375562657180552,-0.01428822098358129,-2.1568192156882127,-0.31209048319193045,0.39738914066522923,-2,-99.22999999999956,0.0014380976023146697,0.0034725491706685263,-0.0038035398886615557,-0.36366350160043126,-0.09098007814238729,0.028301102553591306,-0.29902152756200095,-1.7018166632376932
avg_veto_gex_skewterm_veto_gex_cp_iv,veto0.050,4486,33011.78499999997,0.4449398127507802,0.5341061078912172,0.3932233615693268,9.995270291587529,1.48377374390003,-15.665215811939484,1.9533266161042355,30.599282992478315,591,4492.104999999992,0.4263959390862944,0.5296108291032149,0.37225042301184436,10.075872326518803,2.883035698717144,-3.9615553658851743,17.976815084451378,71.21614825933389,-77,368.6949999999997,0.004001833351262363,0.0022191913889160197,0.0007184306028573673,-0.15332856332113387,-0.03498703155704064,-2.786152102245987,-0.40660465260933987,0.2055778322183741,-2,-99.22999999999956,0.0014380976023146697,0.0034725491706685263,-0.0038035398886615557,-0.36366350160043126,-0.09098007814238729,0.028301102553591306,-0.29902152756200095,-1.7018166632376932
avg_veto_gex_skewterm_veto_gex_cp_iv,veto0.055,4482,33072.93499999997,0.44489067380633646,0.5341365461847389,0.39357429718875503,9.992651656681135,1.4789132313332938,-15.424013662499839,1.9860744753298416,30.633239842229678,591,4396.664999999992,0.4263959390862944,0.5296108291032149,0.37225042301184436,9.84073227609955,2.820681188596294,-3.9615553658851743,17.564884815768735,69.58426369306365,-81,429.84500000000116,0.003952694406818613,0.0022496296824378037,0.0010693662222855949,-0.155947198227528,-0.03984754412377689,-2.5449499528063413,-0.3738567933837338,0.2395346819697366,-2,-194.67000000000007,0.0014380976023146697,0.0034725491706685263,-0.0038035398886615557,-0.5988035520196853,-0.15333458826323731,0.028301102553591306,-0.7109517962446432,-3.3337012295079376
avg_veto_gex_skewterm_veto_gex_cp_iv,veto0.060,4474,33209.80999999996,0.44501564595440324,0.5346446133214126,0.39316048278945015,10.01178992232361,1.4762046070791426,-15.753304655718475,1.9493754014274371,30.709104587049918,591,4396.664999999992,0.4263959390862944,0.5296108291032149,0.37225042301184436,9.84073227609955,2.820681188596294,-3.9615553658851743,17.564884815768735,69.58426369306365,-89,566.7199999999939,0.004077666554885395,0.0027576968191114215,0.0006555518229807156,-0.136808932585053,-0.04255616837792808,-2.874240946024978,-0.41055586728613824,0.3153994267899769,-2,-194.67000000000007,0.0014380976023146697,0.0034725491706685263,-0.0038035398886615557,-0.5988035520196853,-0.15333458826323731,0.028301102553591306,-0.7109517962446432,-3.3337012295079376
avg_veto_gex_skewterm_veto_gex_cp_iv,veto0.065,4468,32734.369999999966,0.44427036705461054,0.5346911369740376,0.3932408236347359,9.842095000970389,1.4661081814457972,-15.582249039862301,1.9538088535809486,30.444736132786197,591,4443.259999999993,0.4263959390862944,0.5296108291032149,0.3739424703891709,9.9643430601279,2.830180726252297,-3.9615553658851743,17.76584150202058,70.38036473179517,-95,91.27999999999884,0.0033323876550926945,0.0028042204717364516,0.0007358926682664579,-0.30650385393827406,-0.052652594011273424,-2.703185330168804,-0.4061224151326268,0.05103097252625588,-2,-148.0749999999989,0.0014380976023146697,0.0034725491706685263,-0.0021114925113350225,-0.47519276799133436,-0.14383505060723456,0.028301102553591306,-0.5099951099927971,-2.5376001907764163
avg_veto_gex_skewterm_veto_gex_cp_iv,veto0.070,4464,33203.22999999997,0.4444444444444444,0.535394265232975,0.3926971326164875,9.979288378848576,1.4757381872899793,-15.221672025363265,2.017220051856878,30.705462032351672,591,4389.139999999993,0.42470389170896783,0.5296108291032149,0.3739424703891709,9.81834735350402,2.7828140692340155,-4.120871209970868,16.854640653919525,69.45580342514153,-99,560.1399999999994,0.0035064650449265766,0.0035073487306738205,0.00019220165001804235,-0.16931047606008676,-0.04302258816709137,-2.342608315669768,-0.3427112168566975,0.3117568720917312,-2,-202.1949999999988,-0.00025394977501191907,0.0034725491706685263,-0.0021114925113350225,-0.6211884746152148,-0.19120170762551592,-0.1310147415321028,-1.421195958093854,-3.46216149743006
avg_veto_gex_skewterm_veto_gex_cp_iv,veto0.075,4461,33116.62999999997,0.44429500112082493,0.535305985205111,0.3929612194575207,9.915999464385713,1.4735054296266434,-15.983208313712591,1.918105497789975,30.657479738854555,591,4287.599999999993,0.42470389170896783,0.5296108291032149,0.3756345177664975,9.553478064500442,2.7212450814816442,-4.952144419876064,13.675965486598503,67.72535617087642,-102,473.5400000000009,0.003357021721307085,0.0034190687028098354,0.0004562884910512821,-0.23259939052294953,-0.04525534583042723,-3.104144604019094,-0.4418257709236004,0.26377457859461373,-2,-303.73499999999876,-0.00025394977501191907,0.0034725491706685263,-0.00041944513400843375,-0.8860577636187923,-0.2527706953778872,-0.9622879514372986,-4.599871125414875,-5.192608751695161
avg_veto_gex_skewterm_veto_gex_cp_iv,veto0.080,4457,33155.19499999997,0.44446937401839803,0.5355620372447835,0.3930895221000673,9.895388850530566,1.4763095733153988,-15.88004406587734,1.9319125917702784,30.678857088735324,591,4394.979999999993,0.42470389170896783,0.5296108291032149,0.3756345177664975,9.772570460108927,2.7106441735394617,-5.585747635131192,12.452316280048016,69.55549621318384,-106,512.1050000000032,0.0035313946188801904,0.0036751207424823296,0.0005845911335978782,-0.25321000437809715,-0.04245120214167186,-3.0009803561838435,-0.428018676943297,0.28515192847538273,-2,-196.35499999999865,-0.00025394977501191907,0.0034725491706685263,-0.00041944513400843375,-0.6669653680103078,-0.2633716033200697,-1.595891166692426,-5.823520331965362,-3.3624687093877412
avg_veto_gex_skewterm_veto_gex_cp_iv,veto0.085,4452,32889.75999999998,0.4445193171608266,0.5352650494159928,0.39330637915543576,9.804172082748646,1.4738384285017128,-15.889057733817324,1.9215364724021786,30.531403947633894,590,4255.489999999993,0.423728813559322,0.5288135593220339,0.376271186440678,9.48543801851842,2.676150380469507,-5.539091777071638,12.128212855579045,67.17928409891243,-111,246.6700000000128,0.003581337761308756,0.0033781329136917115,0.000801448188966325,-0.34442677216001627,-0.044922346955357906,-3.009994024123827,-0.4383947963113968,0.13769878737395302,-3,-335.84499999999844,-0.001229027924657733,0.002675279389487528,0.00021722354017206236,-0.9540978096008139,-0.29786539639002463,-1.5492353086328725,-6.147623756434333,-5.738680823659152
avg_veto_gex_skewterm_veto_gex_cp_iv,veto0.090,4447,33636.864999999976,0.44636833820553184,0.5369912300427254,0.39194962896334606,10.017111082396417,1.4923327957599077,-16.35576816481226,1.8919655639449156,30.94455013969133,590,4255.489999999993,0.423728813559322,0.5288135593220339,0.376271186440678,9.48543801851842,2.676150380469507,-5.539091777071638,12.128212855579045,67.17928409891243,-116,993.7750000000087,0.005430358806014002,0.005104313540424288,-0.0005553020031233702,-0.13148777251224608,-0.02642797969716293,-3.476704455118764,-0.46796570476865984,0.550844979431389,-3,-335.84499999999844,-0.001229027924657733,0.002675279389487528,0.00021722354017206236,-0.9540978096008139,-0.29786539639002463,-1.5492353086328725,-6.147623756434333,-5.738680823659152
avg_veto_gex_skewterm_veto_gex_cp_iv,veto0.095,4442,33084.34499999997,0.4459702836560108,0.5369203061683926,0.39216569113012156,9.838619652845223,1.4674157762615663,-17.71149259563149,1.7299259978575223,30.63957150204393,590,4213.049999999993,0.42203389830508475,0.5271186440677966,0.37796610169491524,9.37152992803603,2.672009446563899,-6.07473196715959,10.940134508716364,66.45838482512507,-121,441.25500000000466,0.005032304256492981,0.005033389666091459,-0.000339239836347871,-0.30997920206344,-0.05134499919550439,-4.832428885937993,-0.6300052708560531,0.24586634178398725,-3,-378.28499999999894,-0.0029239431788949943,0.0009803641352502668,0.0019121387944093238,-1.0680059000832056,-0.3020063302956326,-2.084875498720824,-7.335702103297015,-6.459580097446519
avg_veto_gex_skewterm_veto_gex_cp_iv,veto0.100,4438,33547.18999999997,0.4465975664713835,0.5380802163136548,0.3904912122577738,9.955546763472949,1.4805039165651381,-17.574964302713024,1.7579134899048752,30.895266832335857,587,4323.099999999991,0.42248722316865417,0.5281090289608177,0.3747870528109029,9.638870661744537,2.676521381246889,-6.653203860645222,10.270198125408879,68.32972181756168,-125,904.1000000000058,0.005659587071865646,0.006193299811353636,-0.0020137187086956554,-0.1930520914357139,-0.03825685889193253,-4.695900593019527,-0.6020177788087002,0.5015616720759155,-6,-268.2350000000006,-0.002470618315325579,0.0019707490282713236,-0.0012669100896030017,-0.8006651663746975,-0.29749439561264257,-2.6633473922064566,-8.0056384866045,-4.588243105009909
avg_veto_gex_skewterm_veto_gex_cp_iv,veto0.105,4430,33945.69499999997,0.4474040632054176,0.5383747178329571,0.390744920993228,10.074392276843193,1.4912078352293492,-17.425924362403133,1.7854803332847229,31.11364523837792,587,4323.099999999991,0.42248722316865417,0.5281090289608177,0.3747870528109029,9.638870661744537,2.676521381246889,-6.653203860645222,10.270198125408879,68.32972181756168,-133,1302.6050000000032,0.006466083805899747,0.006487801330655962,-0.0017600099732414387,-0.07420657806546949,-0.02755294022772148,-4.546860652709636,-0.5744509354288525,0.719940078117979,-6,-268.2350000000006,-0.002470618315325579,0.0019707490282713236,-0.0012669100896030017,-0.8006651663746975,-0.29749439561264257,-2.6633473922064566,-8.0056384866045,-4.588243105009909
avg_veto_gex_skewterm_veto_gex_cp_iv,veto0.110,4421,34427.18499999997,0.4483148608912011,0.5396969011535852,0.3895046369599638,10.205157633518853,1.4997180852044993,-17.639086545833337,1.7787401219283854,31.375350953240932,587,4008.8999999999905,0.41737649063032367,0.524701873935264,0.37649063032367974,8.904242247629824,2.567282349867281,-6.678459346683252,9.433937282224415,63.00416661849524,-142,1784.0950000000012,0.0073768814916832515,0.007809984651284019,-0.003000294006505644,0.05655877861019043,-0.019042690252571326,-4.760022836139839,-0.58119114678519,0.9816457929809914,-6,-582.4350000000013,-0.007581350853656077,-0.0014364059972823418,0.000436667423173831,-1.5352935804894106,-0.40673342699225046,-2.6886028782444864,-8.841899329788964,-9.913798304076344
avg_veto_gex_skewterm_veto_gex_cp_iv,veto0.115,4409,34157.96499999997,0.4484009979587208,0.5395781356316625,0.3903379451122704,10.127678617041198,1.4839198703185439,-19.36855841473899,1.6123713289222135,31.229308270480228,586,4229.819999999991,0.4197952218430034,0.5255972696245734,0.37542662116040953,9.401889882513586,2.6679373264502924,-6.878510224236669,9.703137414616313,66.74312991361167,-154,1514.875,0.00746301855920295,0.007691219129361326,-0.002166985854199055,-0.020920237867464664,-0.03484090513852678,-6.4894947050454945,-0.7475599397913619,0.835603110220287,-7,-361.51500000000124,-0.0051626196409763625,-0.0005410103079729334,-0.0006273417400963766,-1.0376459456056484,-0.3060784504092391,-2.888653755797903,-8.572699197397066,-6.174835008959917
avg_veto_gex_skewterm_veto_gex_cp_iv,veto0.120,4402,34207.99999999997,0.4486597001363017,0.5390731485688324,0.39050431621990006,10.135299492944657,1.485059753308523,-19.20047367747262,1.627902832576692,31.25650548637189,585,4099.299999999991,0.4188034188034188,0.5247863247863248,0.37606837606837606,9.135773194451792,2.5998152107390564,-6.955103308332175,9.278217853990862,64.53096369171848,-161,1564.9100000000035,0.007721720736783844,0.00718623206653124,-0.0020006147465693735,-0.013299361964005385,-0.033701022148547644,-6.321409967779122,-0.7320284361368834,0.8628003261119481,-8,-492.03500000000076,-0.006154422680560934,-0.0013519551462215507,1.441316787015312e-05,-1.3037626336674428,-0.37420056612047503,-2.9652468398934095,-8.997618758022517,-8.387001230853102
avg_veto_gex_skewterm_veto_gex_cp_iv,veto0.125,4393,34424.20999999998,0.4486683359890735,0.539494650580469,0.3897109037104484,10.204401596600853,1.4911852075021537,-18.951827666086835,1.6554467265927832,31.373741072773996,585,4099.299999999991,0.4188034188034188,0.5247863247863248,0.37606837606837606,9.135773194451792,2.5998152107390564,-6.955103308332175,9.278217853990862,64.53096369171848,-170,1781.12000000001,0.007730356589555676,0.007607734078167838,-0.0027940272560210144,0.05580274169219024,-0.027575567954917002,-6.072763956393338,-0.7044845421207921,0.9800359125140545,-8,-492.03500000000076,-0.006154422680560934,-0.0013519551462215507,1.441316787015312e-05,-1.3037626336674428,-0.37420056612047503,-2.9652468398934095,-8.997618758022517,-8.387001230853102
avg_veto_gex_skewterm_veto_gex_cp_iv,veto0.130,4381,35366.11999999998,0.45035380050216844,0.5416571559004794,0.38826751883131705,10.476552668359957,1.5135329810604967,-18.410231420926248,1.7315967951629754,31.879097726684602,585,4099.299999999991,0.4188034188034188,0.5247863247863248,0.37606837606837606,9.135773194451792,2.5998152107390564,-6.955103308332175,9.278217853990862,64.53096369171848,-182,2723.0300000000134,0.009415821102650601,0.009770239398178227,-0.004237412135152385,0.3279538134512947,-0.005227794396573948,-5.531167711232751,-0.6283344735506,1.485392566424661,-8,-492.03500000000076,-0.006154422680560934,-0.0013519551462215507,1.441316787015312e-05,-1.3037626336674428,-0.37420056612047503,-2.9652468398934095,-8.997618758022517,-8.387001230853102
avg_veto_gex_skewterm_veto_gex_cp_iv,veto0.135,4366,35569.44999999998,0.45144296839212095,0.5426019239578561,0.38776912505726063,10.540733779769102,1.5210226812272678,-19.039722259987194,1.680017280833333,31.987062419045564,585,4297.449999999992,0.4188034188034188,0.5247863247863248,0.37606837606837606,9.576978970068872,2.770684777139385,-5.649014972954871,12.01855174986578,67.89297878822475,-197,2926.360000000015,0.010504988992603104,0.010715007455554981,-0.004735805909208801,0.3921349248604393,0.002261905770197137,-6.160658550293697,-0.6799139878802425,1.5933572587856233,-8,-293.8850000000002,-0.006154422680560934,-0.0013519551462215507,1.441316787015312e-05,-0.8625568580503629,-0.20333099972014645,-1.659158504516105,-6.257284862147598,-5.0249861343468325
avg_veto_gex_skewterm_veto_gex_cp_iv,veto0.140,4353,35269.99499999997,0.4509533654950609,0.541925109120147,0.38823799678382725,10.450049039980486,1.5071235676852472,-21.422251221816417,1.4857411113868437,31.827919338709698,585,3953.529999999991,0.4170940170940171,0.5213675213675214,0.37948717948717947,8.77748451879722,2.4384932342559162,-7.799324632905155,7.958533427230257,62.07118580079602,-210,2626.905000000006,0.010015386095543033,0.010038192617845887,-0.004266934182642179,0.30145018507182364,-0.011637207771823421,-8.54318751212292,-0.8741901573267317,1.434214178449757,-8,-637.8050000000007,-0.007863824389962637,-0.004770758565024957,0.0034332165866735598,-1.662051309322015,-0.5355225426036152,-3.8094681644663897,-10.317303184783121,-10.846779121775562
avg_veto_gex_skewterm_veto_gex_cp_iv,veto0.145,4342,34952.754999999976,0.45071395670198067,0.5419161676646707,0.3876093965914325,10.359966069413526,1.497447423999264,-21.39125154503147,1.47996873873533,31.658383569070402,585,3700.9499999999907,0.4153846153846154,0.5196581196581197,0.3811965811965812,8.18897515837172,2.221875329444746,-8.591763156944682,6.731606844781859,57.836371676033416,-221,2309.665000000008,0.009775977302462824,0.010029251162369524,-0.004895534375036925,0.21136721450486284,-0.021313351457806773,-8.512187835337972,-0.8799625299782454,1.264678408810461,-8,-890.3850000000011,-0.00957322609936434,-0.006480160274426661,0.005142618296075263,-2.2505606697475145,-0.7521404474147855,-4.601906688505916,-11.54422976723152,-15.08159324653817
avg_veto_gex_skewterm_veto_gex_cp_iv,veto0.150,4329,34737.36999999998,0.44998844998845,0.5421575421575422,0.3880803880803881,10.308302717176382,1.4929430552454903,-21.795936808309822,1.4471835870555556,31.542722013486024,585,3543.509999999991,0.41367521367521365,0.517948717948718,0.38632478632478634,7.811499040842752,2.117723693691523,-9.490334225724132,5.817956529073997,55.214351971646124,-234,2094.2800000000134,0.009050470588932158,0.010270625655241061,-0.004424542886081351,0.15970386226771893,-0.025817720211580353,-8.916873098616325,-0.9127476816580198,1.1490168532260832,-8,-1047.8250000000007,-0.0112826278087661,-0.008189561983828364,0.010270823424280429,-2.628036787276483,-0.8562920831680083,-5.500477757285366,-12.457880082939383,-17.70361295092546
avg_veto_gex_skewterm_veto_gex_cp_iv,veto0.155,4319,34849.29999999998,0.45010419078490393,0.5420236165779115,0.3887473952303774,10.343495846520684,1.4919666373885363,-21.342767236189697,1.4807304327559012,31.60288496585164,583,3515.8999999999905,0.41337907375643224,0.5180102915951973,0.3876500857632933,7.770811991172476,2.122244676993873,-9.581001245492288,5.715053863478002,54.75593818403826,-244,2206.2100000000137,0.009166211385386092,0.010136700075610405,-0.0037575357360920547,0.1948969916120209,-0.026794138068534368,-8.4637035264962,-0.8792008359576742,1.209179805591699,-10,-1075.4350000000013,-0.011578767727547512,-0.008127988337349068,0.011596122862787384,-2.668723836946759,-0.8517710998656582,-5.591144777053523,-12.560782748535377,-18.162026738533328
avg_veto_gex_skewterm_veto_gex_cp_iv,veto0.160,4309,34568.33499999998,0.44952425156648873,0.5407287073566953,0.38941749825945693,10.265170712487933,1.475950740676328,-21.659116239292302,1.4521197893904427,31.451631311784254,583,3309.9799999999914,0.41337907375643224,0.516295025728988,0.3893653516295026,7.301304603224619,1.9857819401921746,-10.866754858719236,4.725450435400749,51.35031147852802,-254,1925.24500000001,0.008586272166970887,0.008841790854394183,-0.003087432707012505,0.11657185757927024,-0.042810034780742745,-8.780052529598805,-0.9078114793231327,1.0579261515243132,-10,-1281.3550000000005,-0.011578767727547512,-0.00984325420355836,0.013311388728996676,-3.138231224894616,-0.9882338366673569,-6.876898390280471,-13.55038617661263,-21.567653444043565
avg_veto_gex_skewterm_veto_gex_cp_iv,veto0.165,4298,34063.154999999984,0.44974406700791064,0.5407166123778502,0.3899488134015821,10.122275329034107,1.4618909866773566,-21.233875595537345,1.4683002033473829,31.177703854780514,582,3255.1499999999915,0.41408934707903783,0.5137457044673539,0.3900343642611684,7.20505140473212,1.9600591806670804,-10.9439044514252,4.609640969112242,50.44747032133942,-265,1420.0650000000169,0.008806087608392799,0.008829695875549048,-0.002556117564887328,-0.026323525874555997,-0.05686978877971405,-8.354811885843848,-0.8916310653661925,0.783998694520573,-11,-1336.1850000000004,-0.01086849440494192,-0.012392575465192457,0.013980401360662476,-3.234484423387115,-1.013956596192451,-6.954047982986434,-13.666195642901137,-22.47049460123216
avg_veto_gex_skewterm_veto_gex_cp_iv,veto0.170,4282,34423.664999999986,0.44978981784212985,0.5406352171882298,0.39023820644558616,10.233762469397853,1.4740870573129994,-21.18100417758803,1.4812067398176498,31.37344614394919,579,3435.4199999999923,0.41796200345423146,0.5164075993091537,0.3903281519861831,7.622428188753051,2.1115070298431022,-10.417396836564876,5.128163681669449,53.4221161148102,-281,1780.575000000019,0.008851838442612003,0.00874830068592869,-0.0022667245208832787,0.08516361448918985,-0.044673718144071284,-8.301940467894532,-0.8787245288959256,0.9797409836892506,-14,-1155.9149999999995,-0.006995838029748291,-0.009730680623392662,0.01427418908567718,-2.817107639366184,-0.8625087470164292,-6.4275403681261105,-13.14767293034393,-19.495848807761384
avg_veto_gex_skewterm_veto_gex_cp_iv,veto0.175,4271,34374.29999999998,0.44977756965581833,0.5401545305549051,0.39124326855537345,10.227238545624031,1.47245868792322,-20.090250868517927,1.560295091516865,31.346719817490953,578,3580.3499999999935,0.4186851211072664,0.5190311418685121,0.3892733564013841,7.914150908988411,2.110289779614937,-10.284670621589228,5.42814344064902,55.826667373815255,-292,1731.2100000000137,0.008839590256300489,0.008267614052604011,-0.0012616624110959873,0.07863969071536836,-0.04630208753385068,-7.21118715882443,-0.7996361771967104,0.9530146572310123,-15,-1010.9849999999983,-0.006272720376713337,-0.007107138064034291,0.013219393500878196,-2.5253849191308237,-0.8637259972445945,-6.294814153150463,-12.847693171364359,-17.09129754875633
avg_veto_gex_skewterm_veto_gex_cp_iv,veto0.180,4252,34603.099999999984,0.4501411100658514,0.5404515522107244,0.39040451552210725,10.305835192114081,1.4684133238626382,-21.565446177537858,1.4592968990590307,31.470388733705423,577,3477.2299999999937,0.41594454072790293,0.5164644714038128,0.39168110918544197,7.6432262788258685,2.08007184396547,-9.86927847645771,5.483136443653215,54.11460048682755,-311,1960.0100000000166,0.009203130666333548,0.008564635708423252,-0.0021004154443621803,0.1572363372054184,-0.050347451594432435,-8.68638246784436,-0.9006343696545447,1.0766835734454823,-16,-1114.1049999999982,-0.009013300756076814,-0.009673808528733563,0.015627146284936055,-2.7963095492933663,-0.8939439328940613,-5.8794220080189445,-12.792700168360163,-18.803364435744037
avg_veto_gex_skewterm_veto_gex_cp_iv,veto0.185,4238,34577.11999999998,0.45021236432279377,0.5405851816894761,0.39004247286455873,10.311028653121072,1.4694753768961677,-21.33764380954071,1.4742195839037409,31.456372378387343,575,3555.1399999999935,0.41739130434782606,0.5165217391304348,0.391304347826087,7.811901221025676,2.1027705689401643,-9.848086835950825,5.626227070261936,55.40757274671675,-325,1934.0300000000134,0.009274384923275925,0.00869826518717498,-0.002462458101910703,0.16242979821240944,-0.04928539856090297,-8.458580099847214,-0.8857116848098345,1.0626672181274017,-18,-1036.1949999999983,-0.007566537136153684,-0.009616540802111606,0.015250384925581062,-2.627634607093559,-0.8712452079193671,-5.85823036751206,-12.649609541751442,-17.510392175854832
avg_veto_gex_skewterm_veto_gex_cp_iv,veto0.190,4231,34927.099999999984,0.45119357125974946,0.5417159064051051,0.3895060269439849,10.408984882949989,1.4735693376094883,-20.100829752990613,1.5742947445163955,31.644630640551917,575,3445.099999999993,0.4156521739130435,0.5147826086956522,0.39304347826086955,7.543576300238307,2.0361654548368695,-9.187623586729805,5.832014777553604,53.58235652840826,-332,2284.0100000000166,0.010255591860231617,0.009828989902804008,-0.0029989040224845387,0.26038602804132616,-0.045191437847582394,-7.221766043297116,-0.7856365241971799,1.2509254802919756,-18,-1146.2349999999988,-0.00930566757093626,-0.011355671236894183,0.01698951536036364,-2.895959527880928,-0.9378503220226619,-5.197767118291039,-12.443821834459776,-19.335608394163323
avg_veto_gex_skewterm_veto_gex_cp_iv,veto0.195,4221,34827.609999999986,0.4508410329305852,0.5413409144752428,0.3899549869699123,10.38268932193971,1.4681160336116301,-20.41288819147988,1.5476122620544073,31.591236069079876,575,3354.6099999999933,0.41391304347826086,0.5147826086956522,0.391304347826087,7.312458324495949,1.927105444508784,-9.276446079145625,5.614912471139662,52.08643277764939,-342,2184.5200000000186,0.009903053531067352,0.009453997972941663,-0.0025499439965571136,0.23409046703104686,-0.050644741845440544,-7.533824481786382,-0.8123190066591681,1.1975309088199353,-18,-1236.7249999999985,-0.011044798005718892,-0.011355671236894183,0.015250384925581062,-3.127077503623286,-1.0469103323507474,-5.2865896107068595,-12.660924140873718,-20.831532144922193
avg_veto_gex_skewterm_veto_gex_cp_iv,veto0.200,4210,34379.32999999999,0.4501187648456057,0.5401425178147269,0.39073634204275537,10.252132525381153,1.4492194666734057,-21.90822652645804,1.4309439490481692,31.349444182411723,575,3387.6799999999935,0.4156521739130435,0.5165217391304348,0.38956521739130434,7.3979411340795895,1.896368650696927,-9.73357601411906,5.407323952701926,52.63259872659094,-353,1736.2400000000198,0.009180785446087858,0.008255601312425753,-0.001768588923714065,0.10353367047249051,-0.06954130878366493,-9.029162816764543,-0.9289873196654062,0.9557390221517821,-18,-1203.6549999999984,-0.00930566757093626,-0.009616540802111606,0.01351125449079843,-3.041594694039645,-1.0776471261626044,-5.743719545680295,-12.868512659311452,-20.285366195980643
avg_veto_gex_skewterm_veto_gex_cp_iv,veto0.205,4198,33611.62999999998,0.44926155312053356,0.53858980466889,0.3916150547879943,10.017146042787378,1.4201287982035822,-22.66898257402598,1.364449852943844,30.93068993951631,574,3426.729999999993,0.4163763066202091,0.5174216027874564,0.3885017421602787,7.489391742223965,1.9147461651957614,-9.692964197844294,5.49659598715303,53.278308113488926,-365,968.5400000000154,0.00832357372101572,0.006702888166588816,-0.0008898761784751352,-0.13145281212128523,-0.09863197725348849,-9.789918864332481,-0.9954814157697314,0.5369847792563682,-19,-1164.6049999999987,-0.008581534863770668,-0.008716677145089946,0.012447779259772807,-2.9501440858952694,-1.05926961166377,-5.703107729405528,-12.77924062486035,-19.63965680908266
avg_veto_gex_skewterm_veto_gex_cp_iv,veto0.210,4187,33486.529999999984,0.44948650585144495,0.5378552663004538,0.3928827322665393,9.98271460968892,1.4116561675861166,-22.662725469361796,1.36179042125453,30.861882463697967,573,3717.1099999999933,0.418848167539267,0.5200698080279232,0.3856893542757417,8.130985268193154,2.092802522884426,-9.06608171382246,6.409193439581249,58.10627144293843,-376,843.4400000000169,0.008548526451927108,0.005968349798152639,0.0003778013000698688,-0.16588424521974332,-0.1071046078709541,-9.783661759668298,-0.9981408474590454,0.46817730343802566,-20,-874.2249999999985,-0.006109673944712735,-0.006068471904623118,0.00963539137523578,-2.308550559926081,-0.8812132539751056,-5.076225245383694,-11.86664317243213,-14.811693479633156
avg_veto_gex_skewterm_veto_gex_cp_iv,veto0.215,4170,33177.58499999999,0.44940047961630697,0.5366906474820143,0.3932853717026379,9.900222189331807,1.4096819386699886,-20.97397803611397,1.4633018638577768,30.691261152757644,573,3700.3599999999933,0.41710296684118675,0.518324607329843,0.387434554973822,8.082544014999726,2.066739121606215,-9.08953603503003,6.361878114032219,57.82652036796474,-393,534.4950000000244,0.008462500216789126,0.0048037309797132055,0.0007804407361684529,-0.24837666557685623,-0.10907883678708208,-8.094914326420472,-0.8966294048557986,0.2975559924977027,-20,-890.9749999999985,-0.007854874642792997,-0.007813672602703381,0.011380592073316098,-2.3569918131195084,-0.9072766552533165,-5.099679566591264,-11.91395849798116,-15.091444554606845
avg_veto_gex_skewterm_veto_gex_cp_iv,veto0.220,4162,33556.104999999996,0.45074483421432004,0.5370014416146084,0.3916386352715041,10.008399262418237,1.4317144129604045,-18.978875389039302,1.6281349335351107,30.900170020104657,572,3652.429999999993,0.4160839160839161,0.5174825174825175,0.3881118881118881,7.986709336155598,2.039733817321461,-9.502023927395909,6.001549197577446,57.0268640768246,-401,913.0150000000285,0.009806854814802202,0.0051145251123072555,-0.0008662956949653244,-0.14019959249042557,-0.0870463624966662,-6.099811679345805,-0.7317963351784647,0.5064648598447157,-21,-938.9049999999988,-0.008873925400063654,-0.008655762450028859,0.012057925211382214,-2.452826491963637,-0.9342819595380703,-5.512167458957143,-12.274287414435932,-15.891100845746983
avg_veto_gex_skewterm_veto_gex_cp_iv,veto0.225,4151,33946.854999999996,0.45169838593110095,0.5379426644182125,0.3912310286677909,10.134666822785844,1.438931404929693,-19.126936700918307,1.6267256504416414,31.114278545757436,572,3798.179999999994,0.4143356643356643,0.5192307692307693,0.38636363636363635,8.282926835650999,2.1254166292355547,-8.423772142824237,7.058884549681451,59.46243502901902,-412,1303.7650000000285,0.010760406531583111,0.006055747915911347,-0.0012739022986785198,-0.013932032122818683,-0.0798293705273776,-6.24787299122481,-0.733205618271934,0.7205733854974952,-21,-793.1549999999979,-0.010622177148315426,-0.0069075107017770865,0.010309673463130442,-2.156608992468236,-0.8485991476239767,-4.433915674385472,-11.216952062331927,-13.455529893552566
avg_veto_gex_skewterm_veto_gex_cp_iv,veto0.230,4137,33880.44,0.4512932076383853,0.5375876238820402,0.39158810732414795,10.123977974836864,1.4321171005729187,-19.395807734562084,1.602304857806566,31.077996954170995,571,3636.4199999999973,0.4133099824868651,0.5183887915936952,0.38704028021015763,7.922554428046084,2.029701964646905,-8.40452519653158,6.753509006249586,56.7600366080276,-426,1237.350000000035,0.010355228238867475,0.005700707379739045,-0.0009168236423214848,-0.02462088007179908,-0.08664367488415192,-6.516744024868586,-0.7576264109070094,0.6842917939110542,-22,-954.9149999999945,-0.011647858997114624,-0.00774948833885114,0.010986317309651716,-2.516981400073151,-0.9443138122126262,-4.414668728092814,-11.522327605763792,-16.157928314543987
avg_veto_gex_skewterm_veto_gex_cp_iv,veto0.235,4121,33654.905,0.45183207959233196,0.5382188789128852,0.3916525115263286,10.08209372859646,1.4290325159879482,-19.282543984113705,1.6053096797469506,30.954454507844066,569,3696.2499999999973,0.4130052724077329,0.5166959578207382,0.3884007029876977,8.06285723883704,2.0607512923509335,-8.059855419919007,7.166121156665647,57.757900444347875,-442,1011.8150000000314,0.010894100192814116,0.006331962410584091,-0.0008524194401408614,-0.06650512631220273,-0.08972825946912244,-6.4034802744202075,-0.7546215889666248,0.5607493475841245,-24,-895.0849999999946,-0.011952569076246866,-0.009442322111808177,0.012346740087191777,-2.3766785892821947,-0.913264484508598,-4.069998951480241,-11.109715455347732,-15.16006447822371
avg_veto_gex_skewterm_veto_gex_cp_iv,veto0.240,4103,33478.08,0.4513770411893736,0.5376553741165001,0.39190835973677796,10.062859507481345,1.4233077273218997,-18.2279644661825,1.6928510600087467,30.857228968378813,568,3742.729999999997,0.4137323943661972,0.5176056338028169,0.3873239436619718,8.172301040989998,2.1059631157198457,-8.54453814740195,6.850512146004747,58.53446236077795,-460,834.9900000000343,0.010439061789855764,0.005768457614198974,-0.0005965712296914782,-0.08573934742731737,-0.09545304813517097,-5.348900756489002,-0.6670802087048286,0.4635238081188717,-25,-848.604999999995,-0.011225447117782561,-0.008532646129729482,0.011269980761465903,-2.2672347871292367,-0.8680526611396857,-4.554681678963184,-11.425324466008632,-14.383502561793634
avg_veto_gex_skewterm_veto_gex_cp_iv,veto0.245,4092,34547.0,0.45283479960899314,0.5395894428152492,0.3907624633431085,10.40175424635426,1.449623170431659,-17.53262479382217,1.7932348683153523,31.440114113372175,567,3729.6599999999967,0.4144620811287478,0.5167548500881834,0.3880070546737213,8.152709580350738,2.099089313362192,-8.65496522645364,6.737863768454084,58.31597661655199,-471,1903.9100000000326,0.0118968202094753,0.007702526312948099,-0.0017424676233609437,0.2531553914455973,-0.06913760502541177,-4.653561084128672,-0.5666964003982231,1.046408953112234,-26,-861.6749999999952,-0.010495760355231976,-0.009383429844362912,0.011953091773215407,-2.286826247768497,-0.8749264634973395,-4.665108758014875,-11.537972843559295,-14.601988306019592
avg_veto_gex_skewterm_veto_gex_cp_iv,veto0.250,4077,34640.145000000004,0.45229335295560463,0.5388766249693402,0.39023792003924457,10.454982389434575,1.455036576519127,-17.0302952102716,1.849079114465389,31.490363186493163,566,4110.639999999998,0.4169611307420495,0.519434628975265,0.38515901060070673,9.01104195926985,2.3718502402621953,-7.438064713809385,8.701564547619128,64.72280021658057,-486,1997.0550000000367,0.01135537355608679,0.0069897084670390575,-0.002267010927224866,0.3063835345259118,-0.06372419893794357,-4.151231500578103,-0.5108521542481863,1.0966580262332215,-27,-480.69499999999425,-0.007996710741930257,-0.006703650957281315,0.009105047700200819,-1.428493868849385,-0.6021655365973362,-3.448208245370619,-9.57427206439425,-8.195164705991019
avg_veto_gex_skewterm_veto_gex_cp_iv,veto0.255,4057,35178.285,0.4537835839290116,0.5405472023662805,0.38920384520581713,10.641913200711732,1.4749025035318764,-15.972425061155954,1.9896170188494968,31.779008733974102,566,3852.5099999999966,0.41519434628975266,0.5176678445229682,0.3869257950530035,8.44368357123162,2.3581834964364163,-7.5710735157635645,7.97420484811549,60.3732911348406,-506,2535.195000000036,0.012845604529493737,0.008660285863979378,-0.0033010857606523003,0.49331434580306954,-0.043858271925194314,-3.093361351462457,-0.37031424986407857,1.385303573714161,-27,-738.8249999999953,-0.00976349519422709,-0.008470435409578148,0.010871832152497596,-1.9958522568876145,-0.6158322804231151,-3.581217047324799,-10.301631763897888,-12.544673787730986
avg_veto_gex_skewterm_veto_gex_cp_iv,veto0.260,4047,34649.83000000001,0.45292809488510005,0.5406473931307141,0.38942426488757104,10.4753609081859,1.455654008273132,-16.666061271034867,1.8898036277366248,31.495583050082555,566,3539.7699999999986,0.411660777385159,0.5141342756183745,0.38869257950530034,7.776692485205747,2.2316127820536393,-8.477233816102201,6.50592311866203,55.152231466482846,-516,2006.7400000000416,0.011990115485582209,0.00876047662841295,-0.0030806660788983975,0.3267620532772373,-0.0631067671839387,-3.7869975613413693,-0.4701276409769506,1.1018778898226138,-27,-1051.5649999999932,-0.013297064098820754,-0.012004004314171812,0.012638616604794428,-2.6628433429134875,-0.7424029948058921,-4.487377347663435,-11.76991349335135,-17.76573345608874
avg_veto_gex_skewterm_veto_gex_cp_iv,veto0.265,4024,34293.490000000005,0.45278330019880714,0.540258449304175,0.3894135188866799,10.408587288095342,1.4535547736873065,-17.903403922008078,1.748433803686981,31.302916618301,566,3269.214999999999,0.4098939929328622,0.5106007067137809,0.392226148409894,7.188917788289848,2.1411054202910424,-8.625683068457615,5.875350059400916,50.67890752863593,-539,1650.4000000000378,0.011845320799289294,0.00837153280187386,-0.003091412079789524,0.2599884331866793,-0.06520600176976421,-5.024340212314581,-0.6114974650265943,0.9092114580410602,-27,-1322.119999999993,-0.015063848551117531,-0.015537573218765477,0.016172185509388093,-3.250618039829387,-0.832910356568489,-4.6358266000188495,-12.400486552612463,-22.239057393935653
avg_veto_gex_skewterm_veto_gex_cp_iv,veto0.270,4011,34147.075000000004,0.45275492395911243,0.5395163300922463,0.39017701321366244,10.379090532631862,1.445920032695604,-18.32483281471647,1.7038837865600167,31.223385524418347,566,2934.9600000000014,0.4081272084805654,0.5053003533568905,0.39752650176678445,6.457212518670621,1.9042229866133782,-8.633203778139462,5.236615919693582,45.20877234256388,-552,1503.985000000037,0.011816944559594589,0.007629413589945178,-0.002327917752806996,0.23049167772319912,-0.07284074276146657,-5.445769105022972,-0.6560474821535587,0.8296803641584063,-27,-1656.3749999999905,-0.016830633003414364,-0.020837926575655863,0.021472538866278534,-3.9823233094486135,-1.0697927902461533,-4.6433473097006965,-13.039220692319796,-27.709192580007702
avg_veto_gex_skewterm_veto_gex_cp_iv,veto0.275,4000,34961.59000000001,0.453,0.54025,0.38925,10.647597248708035,1.4655242135337065,-18.01844150057618,1.757261763189266,31.663118281225145,566,2758.7150000000015,0.4081272084805654,0.5035335689045937,0.3992932862190813,6.0694367777223635,1.731663415838176,-10.194465667873587,4.1542021167751635,42.34987085687219,-563,2318.5000000000437,0.01206202060048217,0.008363083497698875,-0.0032549309664694492,0.49899839379937205,-0.05323656192336412,-5.139377790882683,-0.6026695055243094,1.2694131209652042,-27,-1832.6199999999903,-0.016830633003414364,-0.022604711027952695,0.023239323318575367,-4.370099050396871,-1.2423523610213554,-6.204609199434821,-14.121634495238215,-30.5680940656994
avg_veto_gex_skewterm_veto_gex_cp_iv,veto0.280,3986,35569.935000000005,0.4535875564475665,0.5411440040140492,0.38861013547415957,10.838307933802163,1.4803517792793177,-18.18745681539566,1.7587571368194168,31.98731947467206,566,2640.535000000001,0.40636042402826855,0.5017667844522968,0.4010600706713781,5.826326792914948,1.7043820684430662,-9.589410736087137,4.217438868015705,40.442753559740986,-577,2926.8450000000375,0.012649577048048644,0.00925708751174803,-0.003894795492309866,0.6897090788935003,-0.03840899617775295,-5.308393105702162,-0.6011741318941586,1.5936143144121182,-27,-1950.7999999999906,-0.018597417455711196,-0.024371495480249528,0.0250061077708722,-4.613209035204287,-1.2696337084164653,-5.599554267648371,-14.058397743997674,-32.4752113628306
avg_veto_gex_skewterm_veto_gex_cp_iv,veto0.285,3969,36039.515,0.45477450239355,0.5414462081128748,0.3885109599395314,11.023489402228256,1.4887226615279614,-17.673266713907225,1.8239502968954049,32.23516006994276,563,3000.9100000000008,0.4103019538188277,0.5062166962699822,0.3978685612788632,6.653465759231767,1.9342808134354943,-8.916858551165848,5.190514201996258,46.28308094701812,-594,3396.425000000032,0.013836522994032152,0.009559291610573672,-0.003993971026938048,0.8748905473195929,-0.030038113929109267,-4.794203004213728,-0.5359809718181705,1.8414549096828168,-30,-1590.424999999991,-0.014655887665152023,-0.019921583662564135,0.02181459837835731,-3.7860700688874678,-1.0397349634240372,-4.927002082727083,-13.08532241001712,-26.634883975553464
avg_veto_gex_skewterm_veto_gex_cp_iv,veto0.290,3958,36766.485,0.45603840323395656,0.5429509853461344,0.3870641738251642,11.244685139665338,1.5034651592848263,-18.057274207016743,1.8061865551620873,32.61480589558878,561,2972.769999999999,0.40819964349376114,0.5044563279857398,0.39750445632798576,6.605612427422632,1.8916644031021626,-9.20642187345167,4.977437259337898,45.824387258101765,-605,4123.395000000033,0.015100423834438714,0.011064068843833264,-0.005440757141305208,1.0960862847566748,-0.015295616172244397,-5.178210497323246,-0.5537447135514881,2.2211007353288394,-32,-1618.5649999999928,-0.016758197990218604,-0.021681951946806555,0.021450493427479844,-3.8339234006966025,-1.082351373757369,-5.216565405012905,-13.298399352675482,-27.09357766446982
avg_veto_gex_skewterm_veto_gex_cp_iv,veto0.295,3948,36024.595,0.45592705167173253,0.5422998986828774,0.38753799392097266,11.032321466933976,1.4852308718245675,-18.080646053013254,1.7824206699252587,32.22731725049337,559,2862.8399999999974,0.407871198568873,0.5044722719141324,0.39892665474060823,6.384107478430964,1.793989576772414,-10.32012898973442,4.267075625150302,44.03677086050275,-615,3381.5050000000338,0.014989072272214687,0.010412982180576291,-0.004966937045496778,0.8837226120253128,-0.03352990363250319,-5.201582343319757,-0.5775105987883167,1.83361209023343,-34,-1728.4949999999944,-0.017086642915106753,-0.021666008018414007,0.02287269184010232,-4.05542834968827,-1.1800262000871173,-6.330272521295654,-14.008760986863077,-28.881194062068836
avg_veto_gex_skewterm_veto_gex_cp_iv,veto0.300,3935,35651.134999999995,0.4546378653113088,0.5410419313850063,0.3878017789072427,10.936718693726773,1.469555895069141,-19.31297271865625,1.658487556694573,32.030324936673146,557,3107.9349999999968,0.4111310592459605,0.5062836624775583,0.39497307001795334,6.93097160962916,1.998036606129392,-9.7353995339199,4.933716968291722,48.031705873599925,-628,3008.0450000000274,0.013699885911790943,0.009155014882705204,-0.004703152059226723,0.7881198388181101,-0.049204880387929695,-6.433909008962754,-0.7014437120190025,1.6366197764132053,-36,-1483.399999999995,-0.013826782238019253,-0.019854617454988066,0.01891910711744743,-3.5085642184900747,-0.9759791707301395,-5.745543065481134,-13.342119643721656,-24.88625904897166
avg_veto_gex_skewterm_veto_gex_cp_iv,tilt0.005,4563,32892.95999999997,0.44115713346482577,0.532325224632917,0.39250493096646943,10.222999529858923,1.5256888864175697,-12.879063709693497,2.3707613160748817,30.533186030205208,593,4591.334999999992,0.42495784148397975,0.5261382799325464,0.3760539629005059,10.439535828119235,2.9740157768595314,-3.9898564684387656,18.27583661201338,72.91796492257158,0,249.87000000000262,0.00021915406530792492,0.00043830813061584983,0.0,0.07440067495025993,0.0069281109604990565,0.0,0.010830047361306328,0.13948086994526676,0,0.0,0.0,0.0,0.0,0.0,0.0,0.0,0.0,0.0
avg_veto_gex_skewterm_veto_gex_cp_iv,tilt0.010,4563,32989.59999999998,0.44115713346482577,0.5325443786982249,0.3922857769011615,10.255408783405588,1.528546501201072,-12.879063709693497,2.374936137299524,30.586953818733953,593,4591.334999999992,0.42495784148397975,0.5261382799325464,0.3760539629005059,10.439535828119235,2.9740157768595314,-3.9898564684387656,18.27583661201338,72.91796492257158,0,346.5100000000093,0.00021915406530792492,0.0006574621959237748,-0.00021915406530792492,0.10680992849692572,0.009785725744001272,0.0,0.015004868585948739,0.19324865847401185,0,0.0,0.0,0.0,0.0,0.0,0.0,0.0,0.0,0.0
avg_veto_gex_skewterm_veto_gex_cp_iv,tilt0.020,4563,32591.614999999976,0.44071882533421,0.532325224632917,0.39294323909708523,10.12491582275061,1.5190517712301252,-12.879063709693497,2.3576937639446127,30.36488819378973,593,4591.334999999992,0.42495784148397975,0.5261382799325464,0.3760539629005059,10.439535828119235,2.9740157768595314,-3.9898564684387656,18.27583661201338,72.91796492257158,0,-51.47499999999127,-0.0002191540653078694,0.00043830813061584983,0.0004383081306157943,-0.023683032158052342,0.0002909957730545809,0.0,-0.0022375047689626726,-0.028816966470209593,0,0.0,0.0,0.0,0.0,0.0,0.0,0.0,0.0,0.0
avg_veto_gex_skewterm_veto_gex_cp_iv,tilt0.030,4563,32095.569999999974,0.4402805172035941,0.5321060705676091,0.39316239316239315,9.970859945379477,1.501299161915565,-12.879063709693497,2.3360177733134853,30.085721729480717,593,4524.584999999992,0.42495784148397975,0.524451939291737,0.3777403035413153,10.287267310227394,2.9532558552928294,-3.9898564684387656,17.988770624956754,71.77261283724496,0,-547.5199999999932,-0.0006574621959237192,0.00021915406530792492,0.0006574621959237192,-0.17773890952918592,-0.01746161354150577,0.0,-0.023913495400090135,-0.30798343077922397,0,-66.75,0.0,-0.001686340640809414,0.001686340640809414,-0.15226851789184082,-0.020759921566702033,0.0,-0.287065987056625,-1.1453520853266212
avg_veto_gex_skewterm_veto_gex_cp_iv,tilt0.040,4563,31846.174999999974,0.4400613631382862,0.5314486083716853,0.3938198553583169,9.879268593178594,1.4900999502088637,-12.900626328287984,2.3211547015255074,29.944349454529394,593,4314.014999999992,0.42327150084317033,0.5227655986509275,0.3794266441821248,9.817308578509163,2.7126489140553502,-4.061903596035857,16.78400028628357,68.17499111872209,0,-796.9149999999936,-0.0008766162612316442,-0.00043830813061584983,0.0013149243918474385,-0.2693302617300688,-0.02866082524820701,-0.02156261859448705,-0.03877656718806799,-0.4493557057305466,0,-277.3199999999997,-0.001686340640809414,-0.003372681281618828,0.0033726812816188834,-0.6222272496100718,-0.2613668628041812,-0.07204712759709153,-1.4918363257298068,-4.742973803849495
avg_veto_gex_skewterm_veto_gex_cp_iv,tilt0.050,4563,31592.63999999997,0.43984220907297833,0.5310103002410694,0.3942581634889327,9.79286914280219,1.4797978459039764,-12.97186104115644,2.29727430046163,29.799922999008132,593,4314.014999999992,0.42327150084317033,0.5227655986509275,0.3794266441821248,9.817308578509163,2.7126489140553502,-4.061903596035857,16.78400028628357,68.17499111872209,0,-1050.449999999997,-0.0010957703265395136,-0.0008766162612316997,0.0017532325224632883,-0.35572971210647353,-0.03896292955309422,-0.09279733146294333,-0.06265696825194533,-0.5937821612518093,0,-277.3199999999997,-0.001686340640809414,-0.003372681281618828,0.0033726812816188834,-0.6222272496100718,-0.2613668628041812,-0.07204712759709153,-1.4918363257298068,-4.742973803849495
avg_veto_gex_skewterm_veto_gex_cp_iv,tilt0.075,4563,32248.04999999997,0.44049967126890205,0.5316677624369932,0.3938198553583169,9.9792755820892,1.5018240057908705,-12.879063709693497,2.342702902790461,30.17181993792224,593,4147.974999999992,0.42158516020236086,0.521079258010118,0.3811129848229342,9.425290150944141,2.5577219229306056,-4.5207030793164265,14.456795175031196,65.35487846481038,0,-395.03999999999724,-0.0004383081306157943,-0.00021915406530792492,0.0013149243918474385,-0.16932327281946336,-0.01693676966620017,0.0,-0.017228365923114275,-0.22188522233770058,0,-443.3599999999997,-0.0033726812816188834,-0.005059021922428353,0.005059021922428297,-1.0142456771750936,-0.4162938539289258,-0.5308466108776608,-3.8190414369821823,-7.563086457761202
avg_veto_gex_skewterm_veto_gex_cp_iv,tilt0.100,4563,32037.12499999997,0.4402805172035941,0.5316677624369932,0.3940390094236248,9.905647659617825,1.4904023148655599,-12.879063709693497,2.3334501432710892,30.05265305858178,593,4147.974999999992,0.42158516020236086,0.521079258010118,0.3811129848229342,9.425290150944141,2.5577219229306056,-4.5207030793164265,14.456795175031196,65.35487846481038,0,-605.9649999999965,-0.0006574621959237192,-0.00021915406530792492,0.0015340784571553634,-0.24295119529083742,-0.028358460591510815,0.0,-0.026481125442486153,-0.34105210167816224,0,-443.3599999999997,-0.0033726812816188834,-0.005059021922428353,0.005059021922428297,-1.0142456771750936,-0.4162938539289258,-0.5308466108776608,-3.8190414369821823,-7.563086457761202
avg_veto_gex_skewterm_veto_gex_cp_iv,tilt0.150,4563,32450.77499999997,0.44049967126890205,0.532325224632917,0.3933815472277011,10.016715013268039,1.5056089279316738,-12.969727929945076,2.3351219843146254,30.285896819794168,593,4147.974999999993,0.42158516020236086,0.521079258010118,0.3811129848229342,9.425290150944143,2.5577219229306056,-4.5207030793164265,14.456795175031196,65.35487846481038,0,-192.3149999999987,-0.0004383081306157943,0.00043830813061584983,0.0008766162612316442,-0.13188384164062406,-0.013151847525396887,-0.09066422025157905,-0.024809284398950027,-0.10780834046577326,0,-443.35999999999876,-0.0033726812816188834,-0.005059021922428353,0.005059021922428297,-1.0142456771750918,-0.4162938539289258,-0.5308466108776608,-3.8190414369821823,-7.563086457761202
avg_veto_gex_skewterm_veto_gex_cp_iv,tilt0.200,4563,32110.58499999997,0.4396230550076704,0.5316677624369932,0.3942581634889327,9.894851476855935,1.4792102399132296,-12.879063709693497,2.3366769482673377,30.094211285707217,593,3966.109999999993,0.418212478920742,0.5193929173693086,0.3827993254637437,8.980330542171837,2.4556236882371265,-4.55561735544336,13.671695250151386,62.2830121599222,0,-532.5049999999974,-0.0013149243918474385,-0.00021915406530792492,0.0017532325224632883,-0.2537473780527275,-0.039550535543841026,0.0,-0.023254320446237653,-0.2994938745527236,0,-625.224999999999,-0.006745362563237767,-0.006745362563237767,0.006745362563237767,-1.459205285947398,-0.5183920886224049,-0.5657608870045943,-4.604141361861993,-10.634952762649384
avg_veto_gex_skewterm_veto_gex_cp_iv,tilt0.250,4563,32185.98999999997,0.44071882533421,0.5327635327635327,0.3940390094236248,9.896008859614826,1.4773067297493254,-12.879063709693497,2.339984409680718,30.136808291967498,593,3958.944999999992,0.418212478920742,0.5177065767284992,0.3827993254637437,8.93423015384058,2.4818612932613298,-4.492449110297658,13.837074920123868,62.162354914032505,0,-457.09999999999854,-0.0002191540653078694,0.0008766162612315886,0.0015340784571553634,-0.2525899952938371,-0.041454045707745246,0.0,-0.01994685903285731,-0.2568968682924435,0,-632.3899999999999,-0.006745362563237767,-0.00843170320404718,0.006745362563237767,-1.5053056742786541,-0.4921544835982017,-0.5025926418588922,-4.4387616918895105,-10.75561000853908
avg_veto_gex_skewterm_veto_gex_cp_iv,tilt0.300,4563,32554.94499999997,0.44049967126890205,0.5329826868288406,0.3938198553583169,9.994149322083617,1.484008599059169,-12.879063709693497,2.3560984519421866,30.344342068873644,593,3989.6449999999927,0.41652613827993257,0.5126475548060708,0.38785834738617203,8.98268461622285,2.6049320415918906,-4.455792819467065,14.066976493569657,62.67953285165966,0,-88.1449999999968,-0.0004383081306157943,0.0010957703265395136,0.0013149243918474385,-0.15444953282504592,-0.034752176397901735,0.0,-0.003832816771388803,-0.04936309138629724,0,-601.6899999999991,-0.00843170320404718,-0.013490725126475533,0.01180438448566612,-1.4568512118963852,-0.3690837352676408,-0.465936351028299,-4.208860118443722,-10.238432070911927
avg_veto_gex_skewterm_veto_gex_cp_iv,tilt0.400,4563,32933.004999999976,0.44071882533421,0.5336401490247644,0.3922857769011615,10.046732721135463,1.4832689685597746,-14.103990152836197,2.1664420927666597,30.55547794307081,593,4110.3649999999925,0.418212478920742,0.5143338954468802,0.38617200674536256,9.258804994895705,2.764774569435794,-4.411215061703209,14.67127455157277,64.7181472762808,0,289.91500000000815,-0.0002191540653078694,0.0017532325224632883,-0.00021915406530792492,-0.10186613377319986,-0.03549180689729603,-1.2249264431426994,-0.19348917594691573,0.1617727828108677,0,-480.96999999999935,-0.006745362563237767,-0.01180438448566612,0.01011804384485665,-1.1807308332235298,-0.2092412074237373,-0.42135859326444347,-3.6045620604406086,-8.199817646290782
avg_veto_gex_skewterm_veto_gex_cp_iv,tilt0.500,4563,33089.664999999964,0.4396230550076704,0.5329826868288406,0.39250493096646943,10.052240891678325,1.4982991376498123,-13.78121066418235,2.2235000948317962,30.64252321870642,593,4294.554999999992,0.41989881956155145,0.5160202360876898,0.3844856661045531,9.659383179415693,2.833158413745957,-4.411215061703209,15.379823182213736,67.84370766771342,0,446.5749999999971,-0.0013149243918474385,0.0010957703265395136,0.0,-0.09635796323033752,-0.020461637807258404,-0.9021469544888525,-0.13643117388177917,0.24881805844647786,0,-296.77999999999975,-0.005059021922428297,-0.010118043844856595,0.00843170320404718,-0.7801526487035417,-0.14085736311357433,-0.42135859326444347,-2.896013429799643,-5.074257254858168
avg_veto_gex_skewterm_veto_gex_cp_iv,tilt0.750,4563,37717.02499999997,0.4433486741179049,0.5367083059390751,0.388560157790927,11.350491522271522,1.6185569568136593,-12.879063709693497,2.5703731236028027,33.103999216564375,593,4012.0599999999918,0.4148397976391231,0.5143338954468802,0.38954468802698144,8.965659490149411,2.8002458407348483,-4.785145714208655,13.17775178466191,63.05746247528039,0,5073.935000000005,0.002410694718387063,0.004821389436774015,-0.0039447731755424265,1.2018926673628592,0.09979618135658863,0.0,0.2104418548892273,2.710294056304434,0,-579.2750000000001,-0.01011804384485665,-0.01180438448566612,0.013490725126475533,-1.4738763379698234,-0.17376993612468317,-0.7952892457698892,-5.098084827351469,-9.860502447291196
avg_veto_gex_skewterm_veto_gex_cp_iv,tilt1.000,4563,37064.894999999975,0.4435678281832128,0.5360508437431515,0.3900942362480824,10.981674728361655,1.5716396977883071,-12.951294128879795,2.530191162801498,32.76924995173458,593,3656.899999999992,0.4131534569983137,0.5109612141652614,0.38954468802698144,8.117857555119455,2.511854914374208,-4.817712541139022,11.85238576896547,57.101387561562625,0,4421.805000000008,0.0026298487836949325,0.004163927240850351,-0.0024106947183870076,0.8330758734529926,0.05287892233123648,-0.07223041918629747,0.17025989408792253,2.3755447914746384,0,-934.435,-0.011804384485666064,-0.015177065767284947,0.013490725126475533,-2.3216782729997796,-0.4621608624853235,-0.8278560727002562,-6.423450843047908,-15.81657736100896
min_veto_gex_skewterm_veto_gex_cp_iv,veto0.030,4407,33394.36499999997,0.4499659632402995,0.5361924211481733,0.3907420013614704,10.233222627340304,1.487289526668898,-16.909341169739122,1.8221340527234906,30.811086354500915,588,3837.0499999999893,0.42517006802721086,0.5238095238095238,0.3758503401360544,8.600225615697054,2.4935848885678875,-4.687400315564787,12.824579208773217,60.11393663018918,-156,751.2750000000015,0.009027983840781684,0.004305504645872205,-0.0017629296049990195,0.08462377243164099,-0.031471248788172757,-4.030277460045625,-0.5377972159900848,0.4173811942409742,-5,-754.2850000000026,0.0002122265432311088,-0.002328756123022524,-0.0002036227644515165,-1.8393102124221805,-0.48043088829164393,-0.6975438471260214,-5.451257403240161,-12.804028292382405
min_veto_gex_skewterm_veto_gex_cp_iv,veto0.035,4386,33455.45499999997,0.4523483812129503,0.5369357045143639,0.3905608755129959,10.257254766722593,1.4845017053349916,-16.850795057224875,1.8304635135721399,30.844765526931894,587,3989.8099999999886,0.42759795570698467,0.5264054514480409,0.3747870528109029,8.955756232908312,2.6138390930758297,-4.687400315564787,13.372511335035986,62.68231385174137,-177,812.3650000000052,0.011410401813432447,0.005048788012062766,-0.0019440554534735366,0.10865591181392986,-0.03425907012207907,-3.971731347531378,-0.5294677551414355,0.45106036667195326,-6,-601.5250000000033,0.002640114223004919,0.0002671715154944909,-0.0012669100896030017,-1.4837795952109225,-0.3601766837837017,-0.6975438471260214,-4.903325276977393,-10.235651070830215
min_veto_gex_skewterm_veto_gex_cp_iv,veto0.040,4368,33690.62999999997,0.4532967032967033,0.5368589743589743,0.39056776556776557,10.331998090410123,1.487621855874182,-15.083185485625371,2.0535488678299476,30.97405847727508,587,4059.319999999989,0.4293015332197615,0.5281090289608177,0.3730834752981261,9.105550560870235,2.681057611765521,-4.687400315564787,13.622728796130728,63.85518325783668,-195,1047.5400000000009,0.012358723897185453,0.0049720578566732065,-0.0019371653987038662,0.18339923550145976,-0.031138919582888613,-2.204121775931874,-0.3063824008836278,0.5803533170151383,-6,-532.015000000003,0.004343691735781752,0.0019707490282713236,-0.0029704876023798343,-1.333985267249,-0.2929581650940105,-0.6975438471260214,-4.653107815882651,-9.062781664734906
min_veto_gex_skewterm_veto_gex_cp_iv,veto0.045,4351,33377.149999999965,0.45322914272581016,0.5368880717076534,0.3909446104343829,10.210802238051429,1.4684796692603224,-16.059635820217768,1.9179506311394463,30.801588657256328,585,4241.989999999989,0.4324786324786325,0.5316239316239316,0.37264957264957266,9.527926301024308,2.8575284568077453,-4.588825338008473,14.589760808608862,66.94986407402732,-212,734.0599999999977,0.01229116332629232,0.00500115520535227,-0.0015603205320865454,0.062203383142765745,-0.050281106196748304,-3.1805721105242704,-0.4419806375741291,0.40788349699638715,-8,-349.345000000003,0.0075207909946527485,0.005485651691385263,-0.0034043902509332535,-0.9116095270949263,-0.11648732005178619,-0.5989688695697071,-3.686075803404517,-5.9681008485442675
min_veto_gex_skewterm_veto_gex_cp_iv,veto0.050,4336,33335.93999999997,0.45364391143911437,0.5378228782287823,0.3892988929889299,10.197364446403943,1.4693885155988355,-16.055655735199753,1.9170092244654506,30.778840149219544,584,4563.0199999999895,0.4349315068493151,0.5342465753424658,0.3715753424657534,10.272463345273898,2.9928137147090115,-4.588825338008473,15.784393396365747,72.43182436233676,-227,692.8500000000058,0.012705932039596524,0.005935961726481143,-0.0032060379775395442,0.0487655914952807,-0.049372259858235124,-3.176592025506256,-0.44292204424812476,0.38513498895960296,-9,-28.31500000000233,0.009973665365335338,0.00810829540991942,-0.0044786204347525005,-0.16707248284533627,0.01879793784948003,-0.5989688695697071,-2.4914432156476316,-0.4861405602348299
min_veto_gex_skewterm_veto_gex_cp_iv,veto0.055,4327,34309.09499999997,0.45435636699792004,0.5396348509359834,0.3880286572683152,10.471437401554894,1.502888797195341,-17.44187898355293,1.7951839047111122,31.311380419193235,583,4682.999999999989,0.43567753001715265,0.5334476843910806,0.3704974271012007,10.59760968797584,3.046683934611219,-4.588825338008473,16.233929964518065,74.49466915663547,-236,1666.0050000000047,0.013418387598402193,0.007747934433682269,-0.004476273698154232,0.32283854664623135,-0.01587197826172959,-4.562815273859432,-0.5647473640024632,0.9176752589332935,-10,91.66499999999724,0.0107196885331729,0.00730940445853423,-0.005556535799305207,0.15807385985660538,0.07266815775168745,-0.5989688695697071,-2.0419066474953134,1.5767042340638824
min_veto_gex_skewterm_veto_gex_cp_iv,veto0.060,4315,34606.07499999997,0.4556199304750869,0.5409038238702202,0.38771726535341833,10.558873049766085,1.5105598690042232,-17.784057549385246,1.7696745104306206,31.47199333717832,581,4328.0999999999885,0.43373493975903615,0.5301204819277109,0.37349397590361444,9.831400376573887,2.843754283397504,-4.6390217009463655,14.747699468786958,68.41489787473789,-248,1962.9850000000006,0.014681951075569077,0.009016907367919047,-0.004787665613051106,0.410274194857422,-0.008200906452847434,-4.904993839691748,-0.5902567582829548,1.0782881769183774,-12,-263.2350000000033,0.008777098275056405,0.003982201995164525,-0.0025599869968914724,-0.6081354515453476,-0.13026149346202764,-0.6491652325075998,-3.52813714322642,-4.503067047833696
min_veto_gex_skewterm_veto_gex_cp_iv,veto0.065,4304,34793.769999999975,0.45608736059479554,0.5413568773234201,0.38731412639405205,10.618423009408655,1.5147427716984307,-17.104342246387887,1.8459086120820503,31.573052656606237,580,4273.1399999999885,0.43275862068965515,0.5293103448275862,0.3741379310344828,9.705177143773385,2.767750768161614,-4.813015737010513,14.020186204123895,67.479376836266,-259,2150.6800000000076,0.0151493811952777,0.00946996082111895,-0.005190804572417385,0.4698241544999924,-0.004018003758639921,-4.22527853669439,-0.5140226566315251,1.1793474963462955,-13,-318.19500000000335,0.007800779205675401,0.00317206489503985,-0.0019160318660231268,-0.7343586843458496,-0.20626500869791764,-0.8231592685717475,-4.255650407889483,-5.438588086305586
min_veto_gex_skewterm_veto_gex_cp_iv,veto0.070,4283,35459.284999999974,0.45809012374503855,0.5433107634835396,0.38547746906374036,10.826126761173995,1.5388299731485642,-16.401849227531034,1.946647310715773,31.928615689538866,580,4128.729999999989,0.43275862068965515,0.5293103448275862,0.3758620689655172,9.348230195693937,2.6801059239618406,-4.813015737010513,13.511065023498201,65.02896858186915,-280,2816.195000000007,0.017152144345520703,0.011423846981238439,-0.007027461902729071,0.6775279062653325,0.020069197691493512,-3.522785517837537,-0.4132839579978025,1.5349105292789247,-13,-462.6050000000032,0.007800779205675401,0.00317206489503985,-0.0001918939349886961,-1.091305632425298,-0.2939098528976909,-0.8231592685717475,-4.764771588515178,-7.888996340702434
min_veto_gex_skewterm_veto_gex_cp_iv,veto0.075,4265,35664.62499999997,0.4593200468933177,0.5449003516998827,0.3842907385697538,10.900380598897314,1.5387742771681017,-17.79618120160917,1.8002437233867679,32.03746350845049,580,4076.3199999999897,0.43448275862068964,0.5293103448275862,0.3758620689655172,9.232001275528669,2.6114113865848667,-4.813015737010513,13.326868585282226,64.14242822603438,-298,3021.5350000000035,0.018382067493799836,0.01301343519758158,-0.008214192396715614,0.7517817439886514,0.020013501711031,-4.917117491915672,-0.5596875453268075,1.643758348190552,-13,-515.0150000000021,0.009524917136709887,0.00317206489503985,-0.0001918939349886961,-1.207534552590566,-0.36260439027466473,-0.8231592685717475,-4.948968026731153,-8.775536696537202
min_veto_gex_skewterm_veto_gex_cp_iv,veto0.080,4253,34913.95999999997,0.45897013872560544,0.5440865271573008,0.3863155419703739,10.672199890037751,1.5161892061160078,-19.32212674136455,1.6373758744235927,31.637584168865263,577,3794.119999999989,0.42980935875216636,0.5251299826689775,0.37954939341421146,8.615101518289798,2.4278275600048693,-6.529060904137833,9.096933479946863,59.39443273146359,-310,2270.8700000000026,0.018032159326087593,0.012199610654999637,-0.006189388996095557,0.5236010351290883,-0.0025715693410628404,-6.443063031671052,-0.7225553942899827,1.2438790086053224,-16,-797.2150000000029,0.0048515172681866114,-0.0010082972635688803,0.003495430513705544,-1.8244343098294369,-0.5461882168546621,-2.5392044356990677,-9.178903132066516,-13.523532191107996
min_veto_gex_skewterm_veto_gex_cp_iv,veto0.085,4236,36434.769999999975,0.46104815864022664,0.545561850802644,0.38503305004721433,11.140447485262387,1.572712838891822,-18.161817166119167,1.786284735581393,32.44217677425878,577,3765.7999999999893,0.42980935875216636,0.5251299826689775,0.37954939341421146,8.54530180858685,2.4171224736849557,-6.529060904137833,9.024321063615556,58.920341842839875,-327,3791.6800000000076,0.020110179240708792,0.013674934300342834,-0.007471880919255103,0.991848630353724,0.05395206343475123,-5.28275345642567,-0.5736465331321825,2.048471613998842,-16,-825.5350000000026,0.0048515172681866114,-0.0010082972635688803,0.003495430513705544,-1.8942340195323855,-0.5568933031745757,-2.5392044356990677,-9.251515548397823,-13.99762307973171
min_veto_gex_skewterm_veto_gex_cp_iv,veto0.090,4216,37637.56499999999,0.4622865275142315,0.5467267552182163,0.38377609108159394,11.53258056008763,1.6091324961488378,-16.080781556228725,2.056082390299813,33.063411780019905,577,3811.9349999999904,0.42980935875216636,0.5233968804159446,0.38128249566724437,8.642881257438209,2.4446792283909713,-6.566653800199028,9.090305469781526,59.69288895811087,-347,4994.47500000002,0.02134854811471365,0.01483983871591521,-0.008728839884875494,1.383981705178968,0.09037172069176713,-3.201717846535228,-0.3038488784137625,2.669706619759964,-16,-779.4000000000015,0.0048515172681866114,-0.0027413995166017946,0.0052285327667384585,-1.7966545706810262,-0.5293365484685602,-2.576797331760262,-9.185531142231852,-13.225075964460714
min_veto_gex_skewterm_veto_gex_cp_iv,veto0.095,4201,38077.00499999998,0.4634610806950726,0.5477267317305403,0.3830040466555582,11.695140286993299,1.6182028759008034,-14.968359136196192,2.2238365982283868,33.28718486249933,575,3763.944999999988,0.43130434782608695,0.5234782608695652,0.3826086956521739,8.503630588214003,2.450903421991241,-6.9353402166793074,8.491191731518327,58.88930350313386,-362,5433.915000000015,0.022523101295554737,0.015839815228239185,-0.009500884310911228,1.546541432084636,0.0994421004437327,-2.0892954265026944,-0.13609467048518864,2.8934797022393894,-18,-827.390000000004,0.0063465063421072054,-0.0026600190629811893,0.006554732751668013,-1.9359052399052317,-0.5231123548682906,-2.945483748240542,-9.784644880495051,-14.028661419437725
min_veto_gex_skewterm_veto_gex_cp_iv,veto0.100,4186,37998.304999999986,0.46368848542761587,0.5482560917343526,0.38294314381270905,11.698768698929898,1.6210201033234952,-15.42621330961958,2.1552426059507925,33.247232173377306,575,3590.8049999999885,0.4295652173913043,0.5234782608695652,0.3826086956521739,8.11561319940222,2.402342856443222,-6.98926054247752,8.012374852834746,56.00057541045702,-377,5355.215000000018,0.022750506028098028,0.016369175232051503,-0.009561787153760382,1.5501698440212355,0.10225932786642455,-2.547149599926083,-0.20468866276278286,2.8535270131173647,-18,-1000.5300000000034,0.0046073759073245735,-0.0026600190629811893,0.006554732751668013,-2.323922628717014,-0.5716729204163093,-2.999404074038754,-10.263461759178632,-16.917389512114568
min_veto_gex_skewterm_veto_gex_cp_iv,veto0.105,4166,38485.639999999985,0.46471435429668745,0.5484877580412866,0.3831012962073932,11.859328790101102,1.6333882077615385,-15.753674828327458,2.126092940015542,33.493776831807565,575,3672.584999999989,0.43130434782608695,0.5234782608695652,0.3826086956521739,8.308122995831871,2.4400214132245694,-6.98926054247752,8.207302188479767,57.36297334613103,-397,5842.5500000000175,0.023776374897169605,0.016600841538985445,-0.00940363475907624,1.7107299351924397,0.11462743230446781,-2.874611118633961,-0.23383832869803323,3.1000716715476244,-18,-918.7500000000027,0.0063465063421072054,-0.0026600190629811893,0.006554732751668013,-2.1314128322873636,-0.533994363634962,-2.999404074038754,-10.068534423533611,-15.554991576440557
min_veto_gex_skewterm_veto_gex_cp_iv,veto0.110,4145,38512.18499999998,0.4646562123039807,0.5486127864897467,0.3823884197828709,11.87820866543112,1.6345450074815797,-15.303298125058385,2.1895376759107807,33.50714781051014,575,3759.404999999989,0.43130434782608695,0.5234782608695652,0.3826086956521739,8.511616912995443,2.4960860651079066,-7.630649008623933,7.707515692758752,58.81334697990297,-418,5869.095000000016,0.023718232904462844,0.01672586998744552,-0.01011651118359852,1.729609810522458,0.11578423202450905,-2.4242344153648876,-0.17039359280279465,3.1134426502501995,-18,-831.930000000003,0.0063465063421072054,-0.0026600190629811893,0.006554732751668013,-1.9279189151237919,-0.4779297117516248,-3.640792540185167,-10.568320919254628,-14.104617942668618
min_veto_gex_skewterm_veto_gex_cp_iv,veto0.115,4128,38222.014999999985,0.4646317829457364,0.5484496124031008,0.38250968992248063,11.826358542425856,1.6205460960239149,-14.99021686667022,2.2254955303916164,33.36066063637559,573,4155.084999999989,0.43455497382198954,0.5270506108202443,0.3787085514834206,9.438044649782993,2.816597222637139,-6.472874070851884,10.115342036962613,65.47533518885338,-435,5578.9250000000175,0.023693803546218584,0.016562695900799618,-0.0099952410439888,1.6777596875171934,0.1017853205668442,-2.111153156976723,-0.134435738321959,2.9669554761156505,-20,-436.25000000000273,0.009597132338009795,0.0009123308876979319,0.0026545885829146743,-1.0014911783362415,-0.15741855422239226,-2.4830176024131188,-8.160494575050766,-7.442629733718206
min_veto_gex_skewterm_veto_gex_cp_iv,veto0.120,4106,39224.545,0.46419873356064295,0.5484656600097418,0.38139308329274235,12.167827258712288,1.649361096113007,-14.701828799470224,2.303370406319416,33.86375737547422,570,4494.714999999988,0.44035087719298244,0.5298245614035088,0.37543859649122807,10.186738495847964,2.990885631741635,-5.826490791998535,12.230491048008872,71.2608434728442,-457,6581.455000000031,0.023260754161125108,0.016578743507440707,-0.011111847673727082,2.0192284038036252,0.1306003206559363,-1.822765089776727,-0.05656086239415936,3.470052215214281,-23,-96.62000000000353,0.01539303570900269,0.0036862814709623937,-0.0006153664092778399,-0.2527973322712711,0.016869854882103574,-1.8366343235597693,-6.045345564004506,-1.6571214497273843
min_veto_gex_skewterm_veto_gex_cp_iv,veto0.125,4090,39021.375,0.46430317848410757,0.5484107579462103,0.38117359413202934,12.122270756195212,1.6437953519058068,-14.1119996770017,2.392466180031061,33.762481959835824,568,4533.664999999991,0.44014084507042256,0.5299295774647887,0.3785211267605634,10.295395683289842,3.06948354758006,-5.92845520427532,12.132718192535673,71.92827631054396,-473,6378.285000000033,0.023365199084589727,0.01652384144390917,-0.011331336834440098,1.973671901286549,0.12503457644873617,-1.2329359673082028,0.03253491131748554,3.3687767995758833,-25,-57.67000000000098,0.015183003586442811,0.003791297532242388,0.002467163860057464,-0.14414014482939308,0.09546777072052848,-1.9385987358365542,-6.143118419477705,-0.9896886120276207
min_veto_gex_skewterm_veto_gex_cp_iv,veto0.130,4072,39191.79499999999,0.4638998035363458,0.5483791748526523,0.38089390962671904,12.199617630008923,1.641262712162929,-14.919459456769873,2.268678399069324,33.847455395364356,566,4407.434999999991,0.43992932862190814,0.5300353356890459,0.37809187279151946,10.036359140041533,2.9006537654343663,-6.984736513334458,9.98866201389167,69.76817228778604,-491,6548.705000000024,0.022961824136827957,0.016492258350351174,-0.011611021339750394,2.0510187751002604,0.1225019367058584,-2.040395747076376,-0.09125286964425161,3.4537502351044154,-27,-183.90000000000055,0.014971487137928396,0.003897055756499568,0.002037909891013545,-0.4031766880777017,-0.07336201142516519,-2.9948800448956927,-8.287174598121709,-3.149792634785541
min_veto_gex_skewterm_veto_gex_cp_iv,veto0.135,4055,40379.84499999999,0.4658446362515413,0.5504315659679409,0.37903822441430335,12.585498657261144,1.6681791083734612,-12.987274669339232,2.6513060715795684,34.43324018409064,566,4350.254999999992,0.43992932862190814,0.5282685512367491,0.37809187279151946,9.92767598512714,2.8505482498837043,-7.46321362061482,9.21754048391743,68.79247368814107,-508,7736.755000000019,0.02490665685202348,0.018544649465639718,-0.013466706552166086,2.4368998023524817,0.1494183329163905,-0.10821095964573502,0.29137480286599304,4.039535023830702,-27,-241.07999999999993,0.014971487137928396,0.0021302713042027355,0.002037909891013545,-0.5118598429920951,-0.12346752697582719,-3.473357152176054,-9.058296128095948,-4.125491234430513
min_veto_gex_skewterm_veto_gex_cp_iv,veto0.140,4039,40897.14499999999,0.46694726417430055,0.5513741025006189,0.37831146323347364,12.774006337036605,1.681182816274028,-12.879063709693497,2.6931135215249697,34.684780621157095,565,3888.8649999999925,0.43716814159292033,0.5256637168141592,0.3823008849557522,8.907941055741027,2.599278371719703,-7.71192922095579,7.90770865317078,60.9836894331927,-524,8254.055000000022,0.026009284774782704,0.01948718599831778,-0.01419346773299579,2.625407482127942,0.16242204081695744,0.0,0.33318225281139435,4.291075460897154,-28,-702.4699999999993,0.012210300108940586,-0.00047456311838711684,0.006246922055246296,-1.5315947723782077,-0.37473740513982845,-3.7220727525170245,-10.3681279588426,-11.934275489378884
min_veto_gex_skewterm_veto_gex_cp_iv,veto0.145,4023,41103.884999999995,0.4665672383793189,0.550584141188168,0.37857320407655976,12.865983863637215,1.6808097563187023,-12.879063709693497,2.7008737686521167,34.78472533831059,562,4021.004999999993,0.4377224199288256,0.5284697508896797,0.3807829181494662,9.192652471302415,2.776747450700276,-6.4928844423443435,9.73501942026597,63.208356139764966,-540,8460.795000000027,0.02562925897980106,0.018697224685866876,-0.013931726889909679,2.7173850087285523,0.16204898086163166,0.0,0.3409424999385413,4.3910201780506455,-31,-570.329999999999,0.012764578444845853,0.0023314709571333747,0.004728955248960276,-1.24688335681682,-0.19726832615925538,-2.503027973905578,-8.540817191747408,-9.709608782806619
min_veto_gex_skewterm_veto_gex_cp_iv,veto0.150,4002,40523.37999999999,0.4657671164417791,0.5494752623688156,0.3800599700149925,12.705042581386612,1.6646272613597737,-12.879063709693497,2.6790181732463605,34.503245732666564,562,4343.014999999993,0.4395017793594306,0.5302491103202847,0.3790035587188612,9.86611615306851,3.0588911296301613,-4.854078293902986,14.146672807058295,68.6690574036893,-561,7880.290000000023,0.02482913704226125,0.017588345866514477,-0.012444960951476958,2.5564437264779496,0.145866485902703,0.0,0.3190869045327851,4.1095405724066225,-31,-248.3199999999988,0.01454393787545083,0.004110830387738296,0.0029495958183552995,-0.5734196750507241,0.08487535277062985,-0.8642218254642202,-4.129163804955084,-4.248907518882291
min_veto_gex_skewterm_veto_gex_cp_iv,veto0.155,3983,40358.189999999995,0.46598041677127794,0.5485814712528245,0.37936228973135827,12.66828687385455,1.6628510396736678,-12.879063709693497,2.6727614011071372,34.422664365668474,560,3827.984999999994,0.43214285714285716,0.525,0.38035714285714284,8.730861252203807,2.688932120399483,-7.004404400894115,8.560602835467531,59.961924175055415,-580,7715.100000000028,0.025042437371760096,0.016694554750523394,-0.013142641235111163,2.519688018945887,0.1440902642165971,0.0,0.31283013239356183,4.028959205408533,-33,-763.3499999999976,0.007185015658877414,-0.0011382799325463377,0.004303179956636927,-1.7086745759154276,-0.2850836564600483,-3.0145479324553497,-9.715233776545848,-12.95604074751617
min_veto_gex_skewterm_veto_gex_cp_iv,veto0.160,3961,40656.92,0.46629638980055543,0.5491037616763443,0.3786922494319616,12.819017421973452,1.6695290011444666,-12.879063709693497,2.6840639578907943,34.568230714567626,558,3557.9049999999947,0.43010752688172044,0.5232974910394266,0.3817204301075269,8.129199227362717,2.5553678153065857,-7.134176649755049,7.7729392099139645,55.45352141133366,-602,8013.830000000031,0.02535841040103759,0.017216845174043205,-0.01381268153450782,2.6704185670647895,0.1507682256873959,0.0,0.32413268917721894,4.174525554307685,-35,-1033.429999999997,0.005149685397740689,-0.0028407888931197833,0.005666467207020964,-2.310336600756518,-0.4186479615529457,-3.1443201813162833,-10.502897402099414,-17.464443511237924
min_veto_gex_skewterm_veto_gex_cp_iv,veto0.165,3945,40551.8,0.4664131812420786,0.5487959442332065,0.3792141951837769,12.814187643266452,1.6687164567378092,-12.879063709693497,2.6800929297053484,34.51708758957428,558,3656.3799999999956,0.43189964157706096,0.5232974910394266,0.3817204301075269,8.366720844859442,2.551884888806819,-7.557555636720183,7.554389321592388,57.092717599379306,-618,7908.7100000000355,0.025475201842560746,0.016909027730905413,-0.01329073578269252,2.6655887883577893,0.14995568128073855,0.0,0.320161660991773,4.12338242931434,-35,-934.9549999999963,0.006941800093081207,-0.0028407888931197833,0.005666467207020964,-2.072814983259793,-0.42213088805271237,-3.5676991682814174,-10.72144729042099,-15.82524732319228
min_veto_gex_skewterm_veto_gex_cp_iv,veto0.170,3923,40920.340000000004,0.4677542696915626,0.5495794035177161,0.3785368340555697,12.978660652044143,1.690019128196804,-12.879063709693497,2.693985456380017,34.69601032570595,554,3863.519999999996,0.4332129963898917,0.5252707581227437,0.37906137184115524,8.933091296021011,2.6750137604494326,-7.509538979666572,8.064153157811237,60.558072476584755,-640,8277.250000000036,0.026816290292044742,0.017692487015414926,-0.01396809691089973,2.83006179713548,0.17125835273973333,0.0,0.33405418766644157,4.302305165446008,-39,-727.814999999996,0.008255154905911943,-0.0008675218098026516,0.0030074089406493254,-1.5064445320982234,-0.2990020164100988,-3.5196825112278063,-10.211683454202142,-12.35989244598683
min_veto_gex_skewterm_veto_gex_cp_iv,veto0.175,3903,40882.57,0.46733282090699463,0.5490648219318472,0.3794517038175762,12.998399084522562,1.6864272884095064,-12.879063709693497,2.692565459298726,34.677722092828425,554,3849.649999999996,0.4332129963898917,0.5252707581227437,0.37906137184115524,8.86742342226132,2.7390839302835537,-7.509538979666572,8.033156573443268,60.325302418036976,-660,8239.480000000032,0.026394841507476785,0.017177905429546114,-0.013053227148893232,2.8498002296138996,0.16766651295243573,0.0,0.3326341905851504,4.284016932568484,-39,-741.6849999999959,0.008255154905911943,-0.0008675218098026516,0.0030074089406493254,-1.572112405857915,-0.23493184657597777,-3.5196825112278063,-10.24268003857011,-12.592662504534609
min_veto_gex_skewterm_veto_gex_cp_iv,veto0.180,3880,40271.16,0.4670103092783505,0.547938144329897,0.3806701030927835,12.853991670266023,1.6669558816373633,-12.879063709693497,2.669458286935723,34.38012334781444,552,3564.1499999999955,0.42934782608695654,0.5217391304347826,0.3822463768115942,8.212043362556583,2.552853788142622,-8.787515880446179,6.322300504060464,55.55731608038421,-683,7628.070000000036,0.02607232987883268,0.016051227827595826,-0.011834827873685949,2.70539281535736,0.14819510618029264,0.0,0.30952701822214745,3.9864181875544986,-41,-1027.1849999999963,0.004389984602976793,-0.004399149497763766,0.006192413911088268,-2.2274924655626513,-0.42116198871690935,-4.797659412007413,-11.953536107952914,-17.360648842187373
min_veto_gex_skewterm_veto_gex_cp_iv,veto0.185,3859,40220.22,0.4667012179321068,0.5480694480435346,0.38118683596786734,12.883557208206726,1.6671045954757644,-12.879063709693497,2.667522755138795,34.355195510489665,552,3931.9499999999944,0.4329710144927536,0.5253623188405797,0.3786231884057971,9.001999375896164,2.9509747002078273,-4.8936840278595755,12.609725898550018,61.70801422542145,-704,7577.130000000034,0.02576323853258894,0.016182531541233502,-0.01131809499860209,2.7349583532980635,0.14834382001869373,0.0,0.3075914864252196,3.961490350229724,-41,-659.3849999999975,0.008013173008773855,-0.0007759610919666482,0.002569225505291206,-1.4375364522230711,-0.023041076651704184,-0.9038275594208098,-5.666110713463361,-11.209950697150134
min_veto_gex_skewterm_veto_gex_cp_iv,veto0.190,3844,39223.255000000005,0.4648803329864724,0.5468262226847035,0.3821540062434964,12.60302608825184,1.6279543019842972,-13.656589408344052,2.4796173046440066,33.86311541934796,550,3996.9599999999946,0.43272727272727274,0.5254545454545455,0.3781818181818182,9.15343714202877,2.9573597232396382,-4.847485845650036,12.95575480006877,62.80283801304587,-719,6580.165000000037,0.023942353586954568,0.014939306182402357,-0.010350924722973054,2.4544272333431767,0.10919352652722658,-0.777525698650555,0.11968603593043126,3.469410259088022,-43,-594.3749999999973,0.00776943124329299,-0.0006837344780008525,0.002127855281312263,-1.2860986860904653,-0.016656053619893196,-0.8576293772112704,-5.320081811944609,-10.115126909525713
min_veto_gex_skewterm_veto_gex_cp_iv,veto0.195,3820,39545.97,0.4667539267015707,0.5471204188481675,0.3819371727748691,12.730854762650631,1.63489257687342,-14.009176095425838,2.4286428063785777,34.023284747446695,547,4267.149999999995,0.4351005484460695,0.526508226691042,0.376599634369287,9.833624698284016,3.1074678944591745,-4.80513849886065,14.021971196531133,67.37751362636688,-743,6902.880000000034,0.025815947302052833,0.015233502345866401,-0.01056775819160033,2.5822559077419687,0.11613180141634927,-1.1301123857323407,0.06871153766500226,3.629579587186754,-46,-324.18499999999676,0.010142706962089743,0.00036994675849566505,0.0005456714687810948,-0.6059111298352189,0.13345211759964304,-0.8152820304218844,-4.253865415482245,-5.540451296204708
min_veto_gex_skewterm_veto_gex_cp_iv,veto0.200,3804,39247.16500000001,0.4666140904311251,0.5475814931650894,0.3824921135646688,12.659061714174317,1.6210951636700022,-14.37338520024882,2.3567873049097776,33.8750117685245,543,3959.4749999999967,0.43462246777163904,0.5211786372007366,0.3812154696132597,9.198273468870974,2.8779751441296595,-5.373103248203832,11.570832755094118,62.171279060819494,-759,6604.075000000041,0.025676111031607274,0.015694576662788284,-0.010012817401800655,2.5104628592656546,0.1023343882129315,-1.494321490555322,-0.003143963803797778,3.4813066082645605,-50,-631.8599999999951,0.009664626287659295,-0.00495964273180971,0.005161506712753783,-1.2412623592482603,-0.09604063272987196,-1.3832467797650665,-6.7050038569192605,-10.746685861752091
min_veto_gex_skewterm_veto_gex_cp_iv,veto0.205,3789,39357.145000000004,0.46766956980733704,0.5481657429400897,0.38189495909210874,12.714310713711265,1.6215925966349733,-13.363559540593393,2.5389695903643306,33.929671292589745,542,3846.1199999999967,0.42988929889298894,0.518450184501845,0.3837638376383764,8.92758575066211,2.7848433600064095,-5.287557577412656,11.397715646097915,60.26607772971981,-774,6714.055000000037,0.026731590407819195,0.01627882643778855,-0.01060997187436069,2.5657118588026027,0.10283182117790268,-0.48449583089989545,0.17903832165075517,3.535966132329804,-51,-745.2149999999951,0.004931457409009188,-0.007688095430701369,0.007709874737870492,-1.511950077457124,-0.18917241685312192,-1.2977011089738903,-6.878120965915464,-12.651887192851774
min_veto_gex_skewterm_veto_gex_cp_iv,veto0.210,3774,38997.52500000001,0.46767355590885,0.548489666136725,0.381293057763646,12.62496718514223,1.6152573124331873,-13.510674716380331,2.49806701226952,33.75057082249355,540,3713.0999999999963,0.42777777777777776,0.5166666666666667,0.3851851851851852,8.6317197976982,2.70483989333714,-5.254085112549678,11.046506284624181,58.03928421573037,-789,6354.435000000041,0.02673557650933217,0.016602749634423875,-0.011211873202823408,2.4763683302335675,0.0964965369761166,-0.6316110066868337,0.1381357435559445,3.3568656622336093,-53,-878.2349999999956,0.002819936293798009,-0.009471613265879641,0.009131222284679275,-1.8078160304210353,-0.2691758835223914,-1.2642286441109123,-7.229330327389198,-14.878680706841216
min_veto_gex_skewterm_veto_gex_cp_iv,veto0.215,3749,38005.90000000001,0.46705788210189386,0.547612696719125,0.381968524939984,12.358704220629242,1.590132798833238,-14.57713999734955,2.2810434814161136,33.251090168644296,539,3537.099999999999,0.4267161410018553,0.5120593692022264,0.3877551020408163,8.237720332992916,2.528472047113804,-6.025172976864295,9.146274859533603,55.10788812263514,-814,5362.810000000041,0.02611990270237602,0.015725780216823915,-0.010536406026485423,2.2101053657205796,0.07137202337616744,-1.6980762876560522,-0.07888778729746182,2.8573850083843553,-54,-1054.2349999999929,0.001758299517875539,-0.014078910730319971,0.011701139140310401,-2.2018154951263185,-0.44554372974572765,-2.035316508425529,-9.129561752479775,-17.810076799936446
min_veto_gex_skewterm_veto_gex_cp_iv,veto0.220,3727,38071.035,0.4676683659779984,0.5476254360075128,0.38261336195331364,12.425558826518651,1.5836390230960045,-15.127152540417748,2.2002922181573106,33.284156017559766,538,3744.5099999999993,0.42936802973977695,0.5148698884758365,0.3847583643122677,8.7423718952347,2.7004686934238658,-5.965156041280193,9.81771888301383,58.564225106600574,-836,5427.945000000036,0.026730386578480536,0.015738519505211657,-0.009891569013155799,2.2769599716099886,0.0648782476389338,-2.2480888307242513,-0.15963905055626482,2.8904508572998253,-55,-846.8249999999925,0.004410188255797198,-0.01126839145670988,0.008704401411761764,-1.6971639328845356,-0.2735470834356657,-1.9752995728414273,-8.458117728999548,-14.35373981597101
min_veto_gex_skewterm_veto_gex_cp_iv,veto0.225,3707,37629.365000000005,0.46641489074723497,0.5462638251955759,0.3827893175074184,12.318575792781497,1.5738364057959842,-16.010245754818396,2.064878993987104,33.05922014769571,538,3901.0599999999995,0.4312267657992565,0.516728624535316,0.3828996282527881,9.11991273446126,2.796931825964671,-5.965156041280193,10.257670262426263,61.188603735372205,-856,4986.275000000038,0.025476911347717124,0.014376908693274792,-0.009715613459051031,2.1699769378728337,0.055075630338913495,-3.1311820451248984,-0.29505227472647144,2.6655149874357704,-55,-690.2749999999924,0.006268924315276758,-0.009409655397230376,0.006845665352282204,-1.3196230936579756,-0.1770839508948603,-1.9752995728414273,-8.018166349587116,-11.72936118719938
min_veto_gex_skewterm_veto_gex_cp_iv,veto0.230,3693,38067.07000000001,0.4662875710804224,0.5467099918765231,0.38207419442187923,12.504701942582676,1.5877099313699845,-14.737557089388162,2.2583216489718536,33.28214422792391,538,4124.729999999999,0.4312267657992565,0.516728624535316,0.3828996282527881,9.625632883034251,2.9568881156895346,-5.816597774089554,11.168256256638989,64.96125448282808,-870,5423.98000000004,0.02534959168090456,0.014823075374222006,-0.010430736544590202,2.356103087674013,0.06894915591291384,-1.8584933796946643,-0.10160961974172178,2.888439067663967,-55,-466.6049999999932,0.006268924315276758,-0.009409655397230376,0.006845665352282204,-0.8139029450849833,-0.017127661169996866,-1.8267413056507884,-7.10758035537439,-7.956710439743503
min_veto_gex_skewterm_veto_gex_cp_iv,veto0.235,3670,36861.805,0.4651226158038147,0.5465940054495912,0.38310626702997275,12.166961017229598,1.551177359932744,-16.79061059620322,1.9453864706291977,32.66422668745699,536,4221.455,0.43470149253731344,0.5167910447761194,0.38619402985074625,9.846760704253244,3.0571036017410322,-5.782332324133187,11.518030158508301,66.60107809588345,-893,4218.715000000033,0.024184636404296855,0.014707088947290115,-0.009398663936496687,2.018362162320935,0.032416584475673416,-3.911546886509722,-0.4145447980843777,2.2705215271970474,-57,-369.8799999999919,0.00974365105333369,-0.009347235156426992,0.010140066950240334,-0.5927751238659908,0.0830878248815008,-1.7924758556944216,-6.7578064535050775,-6.316886826688133
min_veto_gex_skewterm_veto_gex_cp_iv,veto0.240,3648,35570.185,0.4643640350877193,0.5449561403508771,0.38459429824561403,11.791582981781122,1.5233317690384554,-17.438194185891692,1.834332823439861,31.987451976699276,533,4091.4649999999992,0.4333958724202627,0.5159474671669794,0.3883677298311445,9.6284717156076,2.830438693117131,-7.348368005989059,8.763641259886837,64.39846105011809,-915,2927.0950000000303,0.02342605568820144,0.013069223848576006,-0.007910632720855404,1.6429841268724594,0.004570993581384686,-4.559130476198195,-0.5255984452737144,1.5937468164393351,-60,-499.8699999999926,0.008438030936282925,-0.010190812765566992,0.01231376693063857,-0.8110641125116356,-0.14357708374240064,-3.358511537550293,-9.512195352126541,-8.519503872453498
min_veto_gex_skewterm_veto_gex_cp_iv,veto0.245,3621,34580.645,0.4631317315658658,0.544048605357636,0.3855288594310964,11.523261442030295,1.4973494587591014,-18.534170168339667,1.6973122746340665,31.45827452687946,530,4132.175,0.4339622641509434,0.5169811320754717,0.3867924528301887,9.790355013281102,2.865591195817661,-7.281628757728923,8.938562569025978,65.08729425537886,-942,1937.5550000000294,0.022193752166347946,0.012161688855334862,-0.006976071535373052,1.374662587121632,-0.02141131669796925,-5.65510645864617,-0.6626189940795089,1.0645693666195193,-63,-459.15999999999167,0.009004422666963663,-0.009157147857074666,0.010738489929682793,-0.6491808148381324,-0.10842458104187047,-3.291772289290157,-9.337274042987401,-7.83067066719272
min_veto_gex_skewterm_veto_gex_cp_iv,veto0.250,3598,33981.965000000004,0.46192329071706506,0.5428015564202334,0.3860478043357421,11.362404225954727,1.4664287323480176,-18.744455767915362,1.6609412905394307,31.133440553620616,527,4290.610000000002,0.4364326375711575,0.5180265654648957,0.3870967741935484,10.19302706018353,2.8700833090131055,-7.267647813708984,9.325792216245015,67.77657341149734,-965,1338.8750000000364,0.020985311317547217,0.01091463991793229,-0.006457126630727339,1.213805371046064,-0.05233204310905304,-5.865392058221865,-0.6989899781741447,0.7397353933606752,-66,-300.72499999998945,0.011474796087177774,-0.008111714467650688,0.011042811293042465,-0.24650876793570475,-0.10393246784642596,-3.2777913452702183,-8.950044395768364,-5.1413915110742465
min_veto_gex_skewterm_veto_gex_cp_iv,veto0.255,3579,34991.905,0.4632578932662755,0.544565521095278,0.38474434199497065,11.744261894529247,1.4904543440104385,-17.695262469649514,1.790273441256767,31.679358435481152,526,4024.260000000002,0.435361216730038,0.5133079847908745,0.3916349809885932,9.555217229431973,2.608737297100442,-7.392346828903823,8.557942031702375,63.26327563999779,-984,2348.8150000000314,0.022319913866757635,0.012678604592976872,-0.007760588971498783,1.5956630396205842,-0.02830643144663214,-4.816198759956016,-0.5696578274568085,1.285653275221211,-67,-567.0749999999898,0.010403375246058277,-0.012830295141671888,0.015581018088087262,-0.8843185986872619,-0.36527847975908934,-3.402490360465057,-9.717894580311004,-9.654689282573798
min_veto_gex_skewterm_veto_gex_cp_iv,veto0.260,3556,34634.91500000001,0.4628796400449944,0.5438695163104612,0.3855455568053993,11.687800878934235,1.483076976341794,-16.947529843566603,1.8579429752985996,31.487544021517945,522,3867.27,0.43486590038314177,0.5134099616858238,0.39272030651340994,9.295198200794472,2.606417712345498,-7.486612772541991,8.097256503475734,60.62102396147013,-1007,1991.8250000000407,0.021941660645476535,0.011982599808160077,-0.00695937416107012,1.5392020240255722,-0.03568379911527675,-4.068466133873105,-0.5019882934149758,1.0938388612580034,-71,-724.0649999999919,0.00990805889916202,-0.012728318246722603,0.016666343612904033,-1.144337627324763,-0.3675980645140333,-3.4967563041032257,-10.178580108537645,-12.296940961101456
min_veto_gex_skewterm_veto_gex_cp_iv,veto0.265,3534,34512.065,0.4626485568760611,0.5441426146010186,0.38483305036785515,11.685566287394368,1.4764833243547937,-17.086143708499222,1.8389898900309607,31.42124553954617,520,3341.6400000000003,0.4307692307692308,0.5096153846153846,0.39615384615384613,8.074859254684142,2.17213458814075,-9.650023489184651,5.375364447666624,51.87239318291099,-1029,1868.975000000035,0.021710577476543258,0.012255698098717516,-0.007671880598614289,1.5369674324857048,-0.042277451102276986,-4.207079998805725,-0.5209413786826147,1.0275403792862292,-73,-1249.6949999999915,0.005811389285251045,-0.01652289531716178,0.020099883253340223,-2.3646765734350925,-0.8018811887187813,-5.660167020745885,-12.900472164346755,-21.045571739660595
min_veto_gex_skewterm_veto_gex_cp_iv,veto0.270,3506,33765.64,0.4623502567027952,0.5439247005134056,0.3847689674843126,11.518227842772843,1.454771976259268,-17.228659753964333,1.8002083630945862,31.015177373997705,519,3293.9,0.4296724470134875,0.5086705202312138,0.3969171483622351,7.969312136029207,2.1336650267196786,-10.0427988577098,5.086765386356261,51.085361611536406,-1057,1122.550000000032,0.021412277303277383,0.012037784011104447,-0.007735963482156827,1.3696289878641803,-0.06398879919780276,-4.349596044270836,-0.5597229056189892,0.6214722137377642,-74,-1297.4349999999918,0.004714605529507754,-0.01746775970133252,0.02086318546172916,-2.470223692090028,-0.8403507501398528,-6.052942389271034,-13.189071225657116,-21.83260331103518
min_veto_gex_skewterm_veto_gex_cp_iv,veto0.275,3482,33629.75000000001,0.4623779437105112,0.5445146467547387,0.3845491097070649,11.512997082393827,1.4514184266811372,-17.287699806096004,1.7897489701264795,30.940642923816064,517,3398.6499999999996,0.43133462282398455,0.5106382978723404,0.3945841392649903,8.243118203547647,2.183759246128552,-10.0427988577098,5.2588833056010635,52.81390725431949,-1081,986.6600000000399,0.021439964310993376,0.012627730252437575,-0.007955821259404527,1.3643982274851645,-0.06734234877593348,-4.408636096402507,-0.5701822985870959,0.546937763556123,-76,-1192.6849999999922,0.0063767813400048,-0.015499982060205975,0.018530176364484396,-2.1964176245715876,-0.7902565307309795,-6.052942389271034,-13.016953306412315,-20.104057668252096
min_veto_gex_skewterm_veto_gex_cp_iv,veto0.280,3463,33406.94500000001,0.46231591105977476,0.5443257291365867,0.38434883049379154,11.480324803655952,1.441969972677518,-17.13332922230164,1.798717839769762,30.818024926802543,514,3482.4800000000005,0.433852140077821,0.5097276264591439,0.3949416342412451,8.493781150648715,2.1857074072669085,-11.481345067914692,4.720842582728975,54.20162270361697,-1100,763.8550000000396,0.02137793166025692,0.01243881263428559,-0.008156100472677896,1.3317259487472892,-0.07679080277955275,-4.254265512608143,-0.5612134289438133,0.4243197665426024,-79,-1108.8549999999914,0.008894298593841277,-0.016410653473402426,0.01888767134073921,-1.9457546774705197,-0.788308369592623,-7.491488599475926,-13.554994029284405,-18.716342218954615
min_veto_gex_skewterm_veto_gex_cp_iv,veto0.285,3438,31319.62000000001,0.4598603839441536,0.5415939499709134,0.38685282140779526,10.81891622713423,1.3835043486663356,-18.562272821067165,1.5969806402468107,29.643590334223813,514,3360.375000000001,0.43190661478599224,0.5097276264591439,0.3949416342412451,8.200492853189491,2.091329936923959,-11.338105521052201,4.602320957208842,52.18160065458382,-1125,-1323.4699999999575,0.01892240454463573,0.009707033468612236,-0.005652109558674179,0.6703173722255666,-0.13525642679073502,-5.683209111373667,-0.7629506284667646,-0.7501148260361283,-79,-1230.959999999991,0.00694877330201249,-0.016410653473402426,0.01888767134073921,-2.2390429749297436,-0.8826858399355726,-7.348249052613435,-13.673515654804536,-20.736364267987767
min_veto_gex_skewterm_veto_gex_cp_iv,veto0.290,3421,31695.46500000001,0.4606840105232388,0.5419467991815259,0.38672902660040925,10.978402945847291,1.4006200722551092,-16.87126830281277,1.7697889270519862,29.858583827641194,510,3204.3000000000015,0.43333333333333335,0.5078431372549019,0.396078431372549,7.876981137084747,1.9729768047112304,-12.123943275873645,4.092040190683469,49.611663154441544,-1142,-947.6249999999563,0.019746031123720975,0.010059882679224752,-0.0057759043660601805,0.8298040909386284,-0.11814070320196146,-3.992204593119272,-0.5901423416615892,-0.535121332618747,-83,-1387.0349999999903,0.0083754918493536,-0.018295142677644427,0.02002446847204309,-2.562554691034488,-1.001038972148301,-8.13408680743488,-14.183796421329909,-23.30630176813004
min_veto_gex_skewterm_veto_gex_cp_iv,veto0.295,3401,32615.630000000012,0.4622169950014702,0.5430755660099971,0.386062922669803,11.360153877913815,1.4215266683035508,-17.066006489699255,1.7800494765104409,30.378335918112942,508,3265.1200000000013,0.4330708661417323,0.5078740157480315,0.3956692913385827,8.057832628802746,2.0430151254716984,-11.282349195799881,4.485902069921506,50.61151361101592,-1162,-27.45999999995547,0.021279015601952334,0.011188649507695936,-0.006442008296666413,1.2115550230051522,-0.09723410715351988,-4.186942780005758,-0.5798817922031345,-0.015369242146999085,-85,-1326.2149999999906,0.008113024657752543,-0.018264264184514878,0.019615328438076785,-2.3817031993164886,-0.9310006513878331,-7.2924927273611155,-13.789934542091872,-22.306451311555662
min_veto_gex_skewterm_veto_gex_cp_iv,veto0.300,3387,32559.060000000012,0.46235606731620904,0.5435488633008562,0.38588721582521407,11.364962303607543,1.4168097608085035,-17.66053536222406,1.7183311713253573,30.346648415203358,506,2956.370000000001,0.4308300395256917,0.5059288537549407,0.39920948616600793,7.332008644536826,1.914761401405623,-12.88564076984395,3.5355064883789264,45.55726654870331,-1176,-84.02999999995518,0.021418087916691197,0.011661946798555034,-0.006617715141255365,1.2163634486988801,-0.10195101464856715,-4.781471652530563,-0.6416000973882181,-0.04705674505658308,-87,-1634.964999999991,0.005872198041711962,-0.020209426177605683,0.02315552326550202,-3.107527183582409,-1.0592543754539085,-8.895784301405186,-14.740330123634452,-27.360698373868274
min_veto_gex_skewterm_veto_gex_cp_iv,tilt0.005,4563,32892.95999999997,0.44115713346482577,0.532325224632917,0.39250493096646943,10.222999529858923,1.5256888864175697,-12.879063709693497,2.3707613160748817,30.533186030205208,593,4591.334999999992,0.42495784148397975,0.5261382799325464,0.3760539629005059,10.439535828119235,2.9740157768595314,-3.9898564684387656,18.27583661201338,72.91796492257158,0,249.87000000000262,0.00021915406530792492,0.00043830813061584983,0.0,0.07440067495025993,0.0069281109604990565,0.0,0.010830047361306328,0.13948086994526676,0,0.0,0.0,0.0,0.0,0.0,0.0,0.0,0.0,0.0
min_veto_gex_skewterm_veto_gex_cp_iv,tilt0.010,4563,32763.259999999973,0.44093797939951784,0.5321060705676091,0.39272408503177736,10.183331774593174,1.5218777814913518,-12.879063709693497,2.365146217270793,30.46086881497112,593,4591.334999999992,0.42495784148397975,0.5261382799325464,0.3760539629005059,10.439535828119235,2.9740157768595314,-3.9898564684387656,18.27583661201338,72.91796492257158,0,120.17000000000553,0.0,0.00021915406530792492,0.00021915406530792492,0.03473291968451164,0.0031170060342811112,0.0,0.0052149485572177134,0.06716365471118024,0,0.0,0.0,0.0,0.0,0.0,0.0,0.0,0.0,0.0
min_veto_gex_skewterm_veto_gex_cp_iv,tilt0.020,4563,32301.51499999997,0.44049967126890205,0.5318869165023011,0.3933815472277011,10.03579285616173,1.5061891926493625,-12.879063709693497,2.3450422833427393,30.20194896909625,593,4591.334999999992,0.42495784148397975,0.5261382799325464,0.3760539629005059,10.439535828119235,2.9740157768595314,-3.9898564684387656,18.27583661201338,72.91796492257158,0,-341.5749999999971,-0.0004383081306157943,0.0,0.0008766162612316442,-0.11280599874693209,-0.012571582807708204,0.0,-0.01488898537083605,-0.19175619116369091,0,0.0,0.0,0.0,0.0,0.0,0.0,0.0,0.0,0.0
min_veto_gex_skewterm_veto_gex_cp_iv,tilt0.030,4563,31757.48999999997,0.4400613631382862,0.5316677624369932,0.393600701293009,9.866876124442069,1.4864201070430356,-12.92609024334363,2.3126800833365726,29.893911461192,593,4524.584999999992,0.42495784148397975,0.524451939291737,0.3777403035413153,10.287267310227394,2.9532558552928294,-3.9898564684387656,17.988770624956754,71.77261283724496,0,-885.5999999999985,-0.0008766162612316442,-0.00021915406530792492,0.001095770326539569,-0.28172273046659413,-0.032340668414035045,-0.04702653365013276,-0.04725118537700279,-0.4997936990679399,0,-66.75,0.0,-0.001686340640809414,0.001686340640809414,-0.15226851789184082,-0.020759921566702033,0.0,-0.287065987056625,-1.1453520853266212
min_veto_gex_skewterm_veto_gex_cp_iv,tilt0.040,4563,31857.84999999997,0.4402805172035941,0.5316677624369932,0.393600701293009,9.886049231813608,1.4875161347753807,-12.879063709693497,2.3255559230321836,29.950982893186563,593,4524.584999999992,0.42495784148397975,0.524451939291737,0.3777403035413153,10.287267310227394,2.9532558552928294,-3.9898564684387656,17.988770624956754,71.77261283724496,0,-785.239999999998,-0.0006574621959237192,-0.00021915406530792492,0.001095770326539569,-0.2625496230950546,-0.031244640681689972,0.0,-0.03437534568139178,-0.44272226707337836,0,-66.75,0.0,-0.001686340640809414,0.001686340640809414,-0.15226851789184082,-0.020759921566702033,0.0,-0.287065987056625,-1.1453520853266212
min_veto_gex_skewterm_veto_gex_cp_iv,tilt0.050,4563,31713.279999999966,0.43984220907297833,0.5310103002410694,0.3942581634889327,9.826409379975239,1.4789206693846901,-12.889622684004879,2.317269935485476,29.868735125396118,593,4259.004999999992,0.42327150084317033,0.5227655986509275,0.3794266441821248,9.68000561844229,2.73647347112736,-4.478862931231367,15.012523342259492,67.23903430189166,0,-929.8100000000013,-0.0010957703265395136,-0.0008766162612316997,0.0017532325224632883,-0.322189474933424,-0.03984010607238053,-0.01055897431138142,-0.042661333228099174,-0.5249700348638235,0,-332.3299999999999,-0.001686340640809414,-0.003372681281618828,0.0033726812816188834,-0.7595302096769441,-0.2375423057321715,-0.4890064627926014,-3.263313269753887,-5.678930620679921
min_veto_gex_skewterm_veto_gex_cp_iv,tilt0.075,4563,32009.199999999968,0.4400613631382862,0.5314486083716853,0.393600701293009,9.90229185162388,1.4879854483497916,-12.879063709693497,2.332222300740627,30.036839596406484,593,4342.704999999993,0.42327150084317033,0.5227655986509275,0.3794266441821248,9.85539074070458,2.7686506980423236,-4.447830161189905,15.437588923430628,68.66377362968595,0,-633.8899999999994,-0.0008766162612316442,-0.00043830813061584983,0.001095770326539569,-0.24630700328478206,-0.030775327107279038,0.0,-0.02770896797294853,-0.35686556385345725,0,-248.6299999999992,-0.001686340640809414,-0.003372681281618828,0.0033726812816188834,-0.5841450874146545,-0.2053650788172079,-0.4579736927511391,-2.838247688582751,-4.254191292885636
min_veto_gex_skewterm_veto_gex_cp_iv,tilt0.100,4563,32481.534999999967,0.44071882533421,0.5318869165023011,0.3933815472277011,10.042222644475796,1.506514899051359,-12.879063709693497,2.3529014048844052,30.30316709613359,593,4342.704999999993,0.42327150084317033,0.5227655986509275,0.3794266441821248,9.85539074070458,2.7686506980423236,-4.447830161189905,15.437588923430628,68.66377362968595,0,-161.5550000000003,-0.0002191540653078694,0.0,0.0008766162612316442,-0.10637621043286671,-0.01224587640571162,0.0,-0.0070298638291701465,-0.09053806412635268,0,-248.6299999999992,-0.001686340640809414,-0.003372681281618828,0.0033726812816188834,-0.5841450874146545,-0.2053650788172079,-0.4579736927511391,-2.838247688582751,-4.254191292885636
min_veto_gex_skewterm_veto_gex_cp_iv,tilt0.150,4563,32206.354999999963,0.44049967126890205,0.5314486083716853,0.3940390094236248,9.942737735351715,1.5005266559347261,-12.879063709693497,2.3408768436418255,30.148302005809292,593,4358.544999999993,0.42327150084317033,0.5227655986509275,0.3794266441821248,9.894895208500085,2.7842051480361705,-4.4420056216931085,15.518625814936286,68.93382311089877,0,-436.7350000000042,-0.0004383081306157943,-0.00043830813061584983,0.0015340784571553634,-0.20586111955694797,-0.01823411952234455,0.0,-0.019054425071749925,-0.2454031544506492,0,-232.78999999999905,-0.001686340640809414,-0.003372681281618828,0.0033726812816188834,-0.54464061961915,-0.18981062882336097,-0.4521491532543429,-2.757210797077093,-3.9841418116728136
min_veto_gex_skewterm_veto_gex_cp_iv,tilt0.200,4563,32536.184999999965,0.44093797939951784,0.5325443786982249,0.393600701293009,10.056740390228104,1.5053774411407124,-12.879063709693497,2.3552818721938023,30.333825286270155,593,4230.194999999992,0.42327150084317033,0.5227655986509275,0.3811129848229342,9.586025171333786,2.700016361162254,-4.475710355179658,14.913721762255618,66.7494989255957,0,-106.90500000000247,0.0,0.0006574621959237748,0.001095770326539569,-0.09185846468055914,-0.013383334316358297,0.0,-0.004649396519773141,-0.05987987398978589,0,-361.1399999999994,-0.001686340640809414,-0.003372681281618828,0.005059021922428297,-0.8535106567854491,-0.27399941569727737,-0.4858538867408928,-3.362114849757761,-6.168465996975883
min_veto_gex_skewterm_veto_gex_cp_iv,tilt0.250,4563,32249.444999999967,0.44071882533421,0.5327635327635327,0.39316239316239315,9.946098312875211,1.488664855853418,-12.879063709693497,2.3427639722468463,30.172606455341743,593,4148.064999999993,0.41989881956155145,0.5160202360876898,0.3844856661045531,9.34113806066779,2.768570890643274,-4.453917346739987,14.673914663310772,65.3564030635021,0,-393.64500000000044,-0.0002191540653078694,0.0008766162612315886,0.0006574621959237192,-0.20250054203345158,-0.030095919603652765,0.0,-0.0171672964667291,-0.22109870491819805,0,-443.2699999999986,-0.005059021922428297,-0.010118043844856595,0.00843170320404718,-1.098397767451445,-0.20544488621625723,-0.464060878301221,-3.601921948702607,-7.561561859069485
min_veto_gex_skewterm_veto_gex_cp_iv,tilt0.300,4563,31339.484999999964,0.44049967126890205,0.532325224632917,0.3938198553583169,9.63207778027547,1.4585622078071248,-12.879063709693497,2.302573714063853,29.654993559693942,593,4058.214999999993,0.41989881956155145,0.5160202360876898,0.3844856661045531,9.151198060175055,2.6926219841897154,-4.487339023534719,14.225918166684979,63.83651773497698,0,-1303.6050000000032,-0.0004383081306157943,0.00043830813061584983,0.0013149243918474385,-0.516521074633193,-0.06019856764994591,0.0,-0.05735755464972225,-0.738711600565999,0,-533.119999999999,-0.005059021922428297,-0.010118043844856595,0.00843170320404718,-1.2883377679441796,-0.281393792669816,-0.49748255509595296,-4.0499184453284,-9.081447187594605
min_veto_gex_skewterm_veto_gex_cp_iv,tilt0.400,4563,32664.35499999997,0.44071882533421,0.5334209949594565,0.3922857769011615,10.00526109775058,1.499415408149839,-12.879063709693497,2.3608549673224566,30.405601533492277,593,3930.3649999999925,0.418212478920742,0.5143338954468802,0.38617200674536256,8.847367150998135,2.6631416461846316,-4.478014374132937,13.774263532433492,61.68135009133231,0,21.265000000003056,-0.0002191540653078694,0.0015340784571553634,-0.00021915406530792492,-0.14333775715808272,-0.019345367307231687,0.0,0.000923698608881196,0.011896373232335833,0,-660.9699999999993,-0.006745362563237767,-0.01180438448566612,0.01011804384485665,-1.5921686771210997,-0.3108741306748999,-0.4881579056941714,-4.501573079579886,-11.236614831239272
min_veto_gex_skewterm_veto_gex_cp_iv,tilt0.500,4563,33310.22999999997,0.4402805172035941,0.5327635327635327,0.3918474687705457,10.163923331532247,1.5157103905737237,-12.879063709693497,2.3887325663977896,30.764638908056785,593,4415.414999999994,0.42158516020236086,0.5193929173693086,0.3811129848229342,9.90074399956946,2.9093150603465476,-3.3822149110754074,20.668254536638308,69.90447867972003,0,667.1399999999994,-0.0006574621959237192,0.0008766162612315886,-0.0006574621959237192,0.015324476623584715,-0.0030503848833469682,0.0,0.028801297684214244,0.37093374779684396,0,-175.91999999999825,-0.0033726812816188834,-0.006745362563237767,0.005059021922428297,-0.5387918285497744,-0.06470071651298381,0.6076415573633582,2.3924179246249295,-3.013486242851556
min_veto_gex_skewterm_veto_gex_cp_iv,tilt0.750,4563,34834.88999999998,0.44225290379136534,0.5353933815472277,0.3900942362480824,10.48881273581648,1.5588332036321046,-12.879063709693497,2.453217649460059,31.595146401140628,593,4693.404999999992,0.42327150084317033,0.521079258010118,0.3811129848229342,10.443990394939235,3.256553609745222,-4.170119039693544,17.906904384606467,74.67392291621924,0,2191.80000000001,0.001314924391847494,0.0035064650449265766,-0.0024106947183870076,0.3402138809078181,0.04007242817503398,0.0,0.09328638074648365,1.201441240880687,0,102.06999999999971,-0.001686340640809414,-0.005059021922428353,0.005059021922428297,0.004454566819999783,0.2825378328856907,-0.18026257125477851,-0.368932227406912,1.7559579936476553
min_veto_gex_skewterm_veto_gex_cp_iv,tilt1.000,4563,36517.129999999976,0.44532106070567606,0.5358316896778436,0.38877931185623493,10.86280731042286,1.5773697333875665,-12.879063709693497,2.522320922729558,32.48513186012687,593,4432.789999999992,0.42327150084317033,0.5193929173693086,0.3827993254637437,9.854991590735006,3.0517189964812323,-5.096653482395235,13.774014384049252,70.20137837702667,0,3874.040000000008,0.004383081306158221,0.0039447731755424265,-0.0037256191102345015,0.7142084555141981,0.05860895793049581,0.0,0.16238965401598282,2.091426699866929,0,-158.54500000000007,-0.001686340640809414,-0.006745362563237767,0.006745362563237767,-0.5845442373842289,0.0777032196217009,-1.1067970139564691,-4.5018222279641265,-2.7165865455449136
avg_veto_gex_skewterm_veto_top4_bad,veto0.030,4516,33742.899999999965,0.4448627103631532,0.5341009743135519,0.39193976970770594,10.330355289288908,1.537700854570657,-13.291884363213585,2.3324546787450586,31.00271787231581,592,4395.334999999992,0.4239864864864865,0.527027027027027,0.3733108108108108,9.856721771894927,2.8044403346463302,-3.9615553658851743,17.559153026297658,69.56155689172839,-47,1099.8099999999977,0.003924730963635381,0.0022140578112507248,-0.0005651612587634913,0.18175643438024558,0.018940079113586306,-0.4128206535200878,-0.027476589968516762,0.6090127120558684,-1,-196.0,-0.0009713549974932345,0.0008887470944806131,-0.002743152089695111,-0.5828140562243078,-0.1695754422132012,0.028301102553591306,-0.716683585715721,-3.3564080308431983
avg_veto_gex_skewterm_veto_top4_bad,veto0.035,4508,33476.58499999997,0.44498669032830523,0.5341614906832298,0.3921916592724046,10.23881067202107,1.5251582885670496,-13.867022139706995,2.2251645140441036,30.856405580739942,592,4395.334999999992,0.4239864864864865,0.527027027027027,0.3733108108108108,9.856721771894927,2.8044403346463302,-3.9615553658851743,17.559153026297658,69.56155689172839,-55,833.4950000000026,0.004048710928787391,0.00227457418092869,-0.0003132716940648095,0.090211817112408,0.006397513109978936,-0.9879584300134976,-0.13476675466947174,0.46270042048000093,-1,-196.0,-0.0009713549974932345,0.0008887470944806131,-0.002743152089695111,-0.5828140562243078,-0.1695754422132012,0.028301102553591306,-0.716683585715721,-3.3564080308431983
avg_veto_gex_skewterm_veto_top4_bad,veto0.040,4507,32530.45499999997,0.44331040603505656,0.5325049922343021,0.39338806301309076,9.922756099839761,1.492758844016704,-14.760529982864092,2.054845750823889,30.33061231519689,592,4395.334999999992,0.4239864864864865,0.527027027027027,0.3733108108108108,9.856721771894927,2.8044403346463302,-3.9615553658851743,17.559153026297658,69.56155689172839,-56,-112.6349999999984,0.002372426635538716,0.0006180757320010111,0.0008831320466213266,-0.22584275506890172,-0.026001931440366777,-1.8814662731705951,-0.3050855178896863,-0.06309284506304991,-1,-196.0,-0.0009713549974932345,0.0008887470944806131,-0.002743152089695111,-0.5828140562243078,-0.1695754422132012,0.028301102553591306,-0.716683585715721,-3.3564080308431983
avg_veto_gex_skewterm_veto_top4_bad,veto0.045,4502,32673.729999999967,0.4426921368280764,0.5319857840959573,0.3938249666814749,9.958897946817562,1.4933899725447997,-14.957403728807392,2.033163324604103,30.41084469270785,592,4395.334999999992,0.4239864864864865,0.527027027027027,0.3733108108108108,9.856721771894927,2.8044403346463302,-3.9615553658851743,17.559153026297658,69.56155689172839,-61,30.639999999999418,0.001754157428558556,9.886759365618225e-05,0.001320035715005441,-0.18970090809110118,-0.025370802912271007,-2.078340019113895,-0.3267679441094722,0.01713953244791,-1,-196.0,-0.0009713549974932345,0.0008887470944806131,-0.002743152089695111,-0.5828140562243078,-0.1695754422132012,0.028301102553591306,-0.716683585715721,-3.3564080308431983
avg_veto_gex_skewterm_veto_top4_bad,veto0.050,4499,32481.564999999966,0.4436541453656368,0.5325627917314959,0.39364303178484106,9.866167092499234,1.4828723604955438,-15.199947490537383,1.9936374091807478,30.30318393471836,592,4395.334999999992,0.4239864864864865,0.527027027027027,0.3733108108108108,9.856721771894927,2.8044403346463302,-3.9615553658851743,17.559153026297658,69.56155689172839,-64,-161.52500000000146,0.0027161659661189552,0.0006758752291947667,0.0011381008183716235,-0.2824317624094288,-0.03588841496152684,-2.320883780843886,-0.36629385953282756,-0.0905212255415826,-1,-196.0,-0.0009713549974932345,0.0008887470944806131,-0.002743152089695111,-0.5828140562243078,-0.1695754422132012,0.028301102553591306,-0.716683585715721,-3.3564080308431983
avg_veto_gex_skewterm_veto_top4_bad,veto0.055,4493,33150.01999999996,0.4442466058312931,0.5337191186289784,0.39283329623859337,10.052636970355977,1.5029874569533543,-15.485571989930458,1.9809400266070465,30.675989389758172,591,4422.594999999992,0.42470389170896783,0.5279187817258884,0.3739424703891709,9.92674901183551,2.816339125493052,-3.9615553658851743,17.67668069432321,70.02714925563498,-70,506.929999999993,0.0033086264317752634,0.0018322021266772293,0.00032836527212393163,-0.09596188455268617,-0.015773318503716327,-2.6065082802369606,-0.3789912421065289,0.28228422949823084,-2,-168.73999999999978,-0.00025394977501191907,0.001780501793341993,-0.0021114925113350225,-0.5127868162837252,-0.15767665136647935,0.028301102553591306,-0.5991559176901688,-2.8908156669366036
avg_veto_gex_skewterm_veto_top4_bad,veto0.060,4489,33915.844999999965,0.4455335263978614,0.5353085319670305,0.39184673646691914,10.261138019139295,1.51810342137923,-15.337099984287475,2.0275895589596913,31.09734379286213,591,4492.104999999992,0.4263959390862944,0.5296108291032149,0.37225042301184436,10.075872326518803,2.883035698717144,-3.9615553658851743,17.976815084451378,71.21614825933389,-74,1272.7549999999974,0.00459554699834358,0.0034216154647294106,-0.0006581944995502909,0.1125391642306326,-0.0006573540778407327,-2.4580362745939777,-0.3323417097538841,0.7036386326021891,-2,-99.22999999999956,0.0014380976023146697,0.0034725491706685263,-0.0038035398886615557,-0.36366350160043126,-0.09098007814238729,0.028301102553591306,-0.29902152756200095,-1.7018166632376932
avg_veto_gex_skewterm_veto_top4_bad,veto0.065,4482,34123.35499999997,0.44600624721106646,0.535698348951361,0.391789379741187,10.319004612734254,1.5259070804494632,-15.137837039437924,2.061752990882246,31.210480791549177,591,4492.104999999992,0.4263959390862944,0.5296108291032149,0.37225042301184436,10.075872326518803,2.883035698717144,-3.9615553658851743,17.976815084451378,71.21614825933389,-81,1480.2649999999994,0.005068267811548621,0.003811432449059904,-0.0007155512252824403,0.1704057578255913,0.007146304992392549,-2.258773329744427,-0.29817827783132955,0.8167756312892358,-2,-99.22999999999956,0.0014380976023146697,0.0034725491706685263,-0.0038035398886615557,-0.36366350160043126,-0.09098007814238729,0.028301102553591306,-0.29902152756200095,-1.7018166632376932
avg_veto_gex_skewterm_veto_top4_bad,veto0.070,4475,33598.85499999997,0.44536312849162013,0.535195530726257,0.3924022346368715,10.157089273216139,1.5043081644397105,-15.018619169375286,2.059022236749167,30.92367083501102,591,4367.034999999992,0.4263959390862944,0.5296108291032149,0.3739424703891709,9.775369757616629,2.802224579779676,-3.9615553658851743,17.43724731591469,69.07862067062868,-88,955.7649999999994,0.004425149092102287,0.003308614223955897,-0.00010269632959791775,0.008490418307475878,-0.014452611017360173,-2.139555459681789,-0.3009090319644083,0.5299656747510788,-2,-224.30000000000018,0.0014380976023146697,0.0034725491706685263,-0.0021114925113350225,-0.6641660705026062,-0.17179119707985535,0.028301102553591306,-0.8385892960986894,-3.8393442519429044
avg_veto_gex_skewterm_veto_top4_bad,veto0.075,4473,33769.52999999996,0.4462329532752068,0.5354348312094791,0.39257768835233625,10.186287684434841,1.499219218648617,-15.064534588718152,2.0589622624093584,31.017308218931163,591,4367.034999999992,0.4263959390862944,0.5296108291032149,0.3739424703891709,9.775369757616629,2.802224579779676,-3.9615553658851743,17.43724731591469,69.07862067062868,-90,1126.439999999995,0.005294973875688946,0.003547914707177968,7.275738586681735e-05,0.03768882952617858,-0.019541556808453597,-2.1854708790246544,-0.30096900630421697,0.6236030586712218,-2,-224.30000000000018,0.0014380976023146697,0.0034725491706685263,-0.0021114925113350225,-0.6641660705026062,-0.17179119707985535,0.028301102553591306,-0.8385892960986894,-3.8393442519429044
avg_veto_gex_skewterm_veto_top4_bad,veto0.080,4469,33892.70999999997,0.4459610651152383,0.5356903110315507,0.39292906690534796,10.19594105237824,1.492222437880347,-15.385345391690105,2.0204098426395984,31.084703261780476,591,4349.7399999999925,0.4263959390862944,0.5296108291032149,0.3739424703891709,9.73420234744808,2.7406923040474864,-4.372298859936858,15.731699969774196,68.78369384271244,-94,1249.6200000000026,0.005023085715720466,0.003803394529249604,0.00042413593887852263,0.04734219746957713,-0.026538337576723636,-2.506281681996608,-0.33952142607397695,0.6909981015205346,-2,-241.59499999999935,0.0014380976023146697,0.0034725491706685263,-0.0021114925113350225,-0.705333480671154,-0.23332347281204502,-0.3824423914980928,-2.5441366422391827,-4.134271079859147
avg_veto_gex_skewterm_veto_top4_bad,veto0.085,4463,33608.58999999997,0.4454402868025992,0.5352901635671073,0.3934573157069236,10.100044521998562,1.4820268396702136,-15.568137316168842,1.9866872422877402,30.929019792216337,591,4339.319999999992,0.4263959390862944,0.5296108291032149,0.3739424703891709,9.70861969673035,2.7390454942953415,-4.372298859936858,15.69107779779087,68.60608156646157,-100,965.5,0.004502307403081329,0.003403247064806214,0.0009523847404541708,-0.048554332910100584,-0.03673393578685702,-2.689073606475345,-0.3732440264258352,0.5353146319563962,-2,-252.01499999999942,0.0014380976023146697,0.0034725491706685263,-0.0021114925113350225,-0.7309161313888843,-0.23497028256418995,-0.3824423914980928,-2.584758814222509,-4.311883356110016
avg_veto_gex_skewterm_veto_top4_bad,veto0.090,4457,33381.399999999965,0.4451424725151447,0.5353376710792013,0.3930895221000673,10.018261101488912,1.479484035996192,-15.643482506062167,1.9691225212442365,30.80393371337724,590,4257.549999999994,0.423728813559322,0.5288135593220339,0.37457627118644066,9.51698328473003,2.722549075702163,-4.952144419876064,13.57276662102186,67.21430048457351,-106,738.3099999999977,0.004204493115626873,0.003450754576900139,0.0005845911335978782,-0.1303377534197505,-0.03927673946087862,-2.7644187963686697,-0.3908087474693389,0.41022855311729955,-3,-333.78499999999804,-0.001229027924657733,0.002675279389487528,-0.0014776917140652546,-0.9225525433892052,-0.25146670115736836,-0.9622879514372986,-4.703069990991519,-5.703664437998071
avg_veto_gex_skewterm_veto_top4_bad,veto0.095,4452,33650.32999999997,0.4454177897574124,0.5357142857142857,0.39285714285714285,10.08400115337066,1.4886593061796574,-15.487923091017244,1.9984566596806383,30.95194304586495,590,4257.549999999994,0.423728813559322,0.5288135593220339,0.37457627118644066,9.51698328473003,2.722549075702163,-4.952144419876064,13.57276662102186,67.21430048457351,-111,1007.2400000000052,0.004479810357894576,0.003827369211984566,0.0003522118906734151,-0.06459770153800193,-0.030101469277413306,-2.6088593813237466,-0.36147460903293704,0.5582378856050099,-3,-333.78499999999804,-0.001229027924657733,0.002675279389487528,-0.0014776917140652546,-0.9225525433892052,-0.25146670115736836,-0.9622879514372986,-4.703069990991519,-5.703664437998071
avg_veto_gex_skewterm_veto_top4_bad,veto0.100,4446,33899.82999999997,0.44579397210976157,0.5364372469635628,0.3913630229419703,10.143626997994087,1.4904819311854296,-16.40357943162912,1.8952323305926164,31.08859407626756,589,4366.149999999993,0.4244482173174873,0.5297113752122241,0.37521222410865873,9.755879022318416,2.7547921725238305,-5.585747635131192,12.364240142527779,69.06352513631869,-117,1256.7400000000052,0.004855992710243728,0.004550330461261631,-0.0011419080244991497,-0.004971856914576023,-0.028278844271641068,-3.5245157219356216,-0.46469893812095897,0.6948889160076206,-4,-225.18499999999858,-0.0005096241664924728,0.0035730952796777515,-0.0008417387918471797,-0.683656805800819,-0.21922360433570098,-1.595891166692426,-5.9115964694856,-3.8544397862528967
avg_veto_gex_skewterm_veto_top4_bad,veto0.105,4442,33624.10499999997,0.44529491220171097,0.5357946870778928,0.39216569113012156,10.052782023395299,1.4803580810613417,-17.052030540098905,1.814302555823461,30.93754259088115,589,4473.419999999993,0.4244482173174873,0.5297113752122241,0.3735144312393888,9.996967446645929,2.819694155795512,-5.549425808726497,12.77542635308828,70.89628072131273,-121,981.0149999999994,0.004356932802193125,0.0039077705755916625,-0.000339239836347871,-0.09581683151336406,-0.038402694395728965,-4.172966830405407,-0.5456287128901145,0.5438374306212097,-4,-117.91499999999905,-0.0005096241664924728,0.0035730952796777515,-0.0025395316611170893,-0.4425683814733059,-0.15432162106401925,-1.559569340287731,-5.500410258925099,-2.02168420125885
avg_veto_gex_skewterm_veto_top4_bad,veto0.110,4438,33337.93499999997,0.44569625957638576,0.535601622352411,0.3925191527715187,9.963059980917786,1.4721314084753554,-17.599280988072117,1.7489317799717816,30.779941824692504,588,4297.659999999992,0.4217687074829932,0.5289115646258503,0.3741496598639456,9.62925122055596,2.7194039621329202,-5.523642964852296,12.291987998790434,67.89655303356763,-125,694.8450000000012,0.004758280176867913,0.0037147058501099117,1.422180504928594e-05,-0.1855388739908772,-0.04662936698171527,-4.72021727837862,-0.6109994887417938,0.38623666443256255,-5,-293.6750000000002,-0.0031891340009865266,0.0027732846933039568,-0.0019043030365603064,-0.8102846075632755,-0.2546118147266112,-1.53378649641353,-5.9838486132229445,-5.021411889003957
avg_veto_gex_skewterm_veto_top4_bad,veto0.115,4436,33141.31999999997,0.4454463480613165,0.534941388638413,0.3929215509467989,9.8892740830861,1.4709356400750364,-17.874084652523425,1.7159573927016325,30.67116769727236,587,4168.589999999991,0.42078364565587734,0.5281090289608177,0.3747870528109029,9.3651619901028,2.6670665440265218,-5.58351697448955,11.767531176871227,65.70421007389548,-127,498.2300000000032,0.004508368661798656,0.0030544721361118743,0.0004166199803294912,-0.25932477182256264,-0.047825135382034256,-4.995020942829928,-0.6439738760119429,0.2774625370124184,-6,-422.7450000000008,-0.004174195828102412,0.0019707490282713236,-0.0012669100896030017,-1.0743738380164345,-0.3069492328330097,-1.5936605060507842,-6.508305435142152,-7.213754848676103
avg_veto_gex_skewterm_veto_top4_bad,veto0.120,4434,33382.734999999964,0.44587280108254396,0.5356337392873252,0.39219666215606674,9.943474578378934,1.4711396163735555,-17.870910844833933,1.7237325263168009,30.804670298147908,587,4126.149999999991,0.4190800681431005,0.5264054514480409,0.37649063032367974,9.250604933043146,2.666324619512384,-5.603488964031521,11.59729097685851,64.98529200148899,-129,739.6449999999968,0.004934821683026114,0.0037468227850240288,-0.00030826881040268983,-0.20512427652972853,-0.04762115908351516,-4.991847135140436,-0.6361987423967745,0.41096513788796685,-6,-465.1850000000004,-0.005877773340879244,0.0002671715154944909,0.000436667423173831,-1.1889308950760888,-0.30769115734714747,-1.6136324955927552,-6.678545635154869,-7.932672921082599
avg_veto_gex_skewterm_veto_top4_bad,veto0.125,4428,33984.82499999997,0.4469286359530262,0.53613369467028,0.39227642276422764,10.108340493134879,1.4819139430968533,-17.496384821368636,1.7795105231761874,31.13500090716561,586,4249.3599999999915,0.4197952218430034,0.5273037542662116,0.37542662116040953,9.520839214737322,2.6747183192629733,-6.015616793305052,11.150161423301103,67.07509830607228,-135,1341.7350000000006,0.005990656553508333,0.004246778167978915,-0.00022850820224179502,-0.040258361773783946,-0.03684683236021735,-4.617321111675139,-0.580420745537388,0.7412957469056707,-7,-341.97500000000036,-0.0051626196409763625,0.0011654743336652063,-0.0006273417400963766,-0.918696613381913,-0.2992974575965581,-2.0257603248662868,-7.125675188712275,-5.8428666164993075
avg_veto_gex_skewterm_veto_top4_bad,veto0.130,4423,34166.37999999996,0.44743386841510285,0.5365136784987565,0.39181550983495367,10.161896429221395,1.4889236094907397,-17.726853089722287,1.7619531206419952,31.233884120598375,585,4353.299999999991,0.4205128205128205,0.5282051282051282,0.37435897435897436,9.776202594411423,2.7293891716442036,-6.015616793305052,11.444277594290641,68.84438848345953,-140,1523.2899999999936,0.00649588901558501,0.004626761996455397,-0.0006894211315157661,0.013297574312732152,-0.029837165966331014,-4.8477893800287895,-0.5979781480715802,0.8401789603384344,-8,-238.03500000000076,-0.00444502097115923,0.002066848272581856,-0.0016949885415315502,-0.6633332337078119,-0.24462660521532786,-2.0257603248662868,-6.831559017722737,-4.07357643911206
avg_veto_gex_skewterm_veto_top4_bad,veto0.135,4411,34470.97999999997,0.4488778054862843,0.5384266606211744,0.39061437315801406,10.238213617654718,1.498043121171594,-17.61718952696492,1.78229562571888,31.399039831370047,584,4168.17999999999,0.4178082191780822,0.5256849315068494,0.375,9.325217224775885,2.6811009307066556,-6.125893679413172,10.724518515486837,65.69726018877036,-152,1827.8899999999994,0.007939826086766466,0.006539744118873259,-0.0018905578084553731,0.08961476274605573,-0.02071765428547656,-4.738125817271424,-0.5776356429946954,1.0053346711101057,-9,-423.15500000000156,-0.007149622305897552,-0.00045334842569699774,-0.0010539629005059115,-1.1143186033433494,-0.2929148461528759,-2.136037210974407,-7.551318096526542,-7.220704733801227
avg_veto_gex_skewterm_veto_top4_bad,veto0.140,4404,34825.25499999997,0.4489100817438692,0.5392824704813806,0.3898728428701181,10.345949377320997,1.5050097106343336,-19.022585056305154,1.6606560525323284,31.589971008564177,583,3937.959999999991,0.41509433962264153,0.5231560891938251,0.37735849056603776,8.823678350578273,2.578992893944451,-6.194106282789713,9.97870052616462,61.80913162319328,-159,2182.165000000001,0.007972102344351362,0.007395553979079428,-0.002632088096351348,0.19735052241233397,-0.013751064822737025,-6.1435213466116565,-0.699275216181247,1.196265848304236,-10,-653.3750000000009,-0.00986350186133822,-0.002982190738721302,0.0013045276655318516,-1.6158574775409615,-0.3950228829150806,-2.2042498143509475,-8.29713608584876,-11.108833299378304
avg_veto_gex_skewterm_veto_top4_bad,veto0.145,4394,35267.33999999997,0.45038689121529357,0.5405097860719162,0.3884842967683204,10.475780364150372,1.5178576129340384,-18.555828704516443,1.7151755938407174,31.82650451747562,582,4124.779999999992,0.4175257731958763,0.5240549828178694,0.37628865979381443,9.242119244709398,2.658857697979085,-6.687304018738259,9.714243688316868,64.96210085588416,-169,2624.25,0.009448911815775729,0.00862286956961511,-0.00402063419814902,0.32718150924170963,-0.0009031625230322415,-5.676764994822946,-0.644755674872858,1.4327993572156785,-11,-466.5550000000003,-0.007432068288103444,-0.0020832971146769186,0.00023469689330851695,-1.1974165834098365,-0.31515807888044645,-2.6974475502994935,-8.56159292369651,-7.955864066687425
avg_veto_gex_skewterm_veto_top4_bad,veto0.150,4386,34982.07999999997,0.45006839945280436,0.540811673506612,0.38919288645690836,10.387803721261369,1.5050920289745577,-19.460763227069208,1.6275875545262566,31.674096029960076,582,4051.5599999999913,0.4175257731958763,0.5223367697594502,0.37800687285223367,9.078403846864825,2.5882910419158707,-7.311969962799,8.715040757713735,63.724116244971874,-177,2338.9900000000052,0.009130420053286514,0.008924757004310835,-0.003312044509561074,0.239204866352706,-0.013668746482512928,-6.581699517375711,-0.7323437141873188,1.2803908697001347,-11,-539.7750000000005,-0.007432068288103444,-0.0038015101730961565,0.0019529099517277548,-1.3611319812544096,-0.3857247349436608,-3.3221134943602344,-9.560795854299643,-9.19384867759971
avg_veto_gex_skewterm_veto_top4_bad,veto0.155,4378,35578.45999999997,0.45157606212882595,0.5415714938328003,0.38853357697578805,10.56513914412432,1.5204742000176268,-19.418612849593142,1.647483149618485,31.991837458669693,582,4023.7999999999893,0.41580756013745707,0.5223367697594502,0.37800687285223367,9.012275804577069,2.5635383566077694,-7.347959178861879,8.60858266513271,63.255514011253155,-185,2935.3700000000026,0.010638082729308107,0.009684577330499211,-0.003971353990681381,0.4165402892156571,0.0017134245605561205,-6.539549139899645,-0.7124481190950904,1.5981322984097517,-11,-567.5350000000026,-0.009150281346522682,-0.0038015101730961565,0.0019529099517277548,-1.427260023542166,-0.41047742025176204,-3.358102710423114,-9.667253946880669,-9.66245091131843
avg_veto_gex_skewterm_veto_top4_bad,veto0.160,4369,35454.164999999964,0.45136186770428016,0.5410849164568551,0.3897917143511101,10.538535565920638,1.5157467167868295,-20.14492813677332,1.584810643394188,31.925896521569406,580,4034.009999999989,0.41551724137931034,0.5224137931034483,0.3775862068965517,9.087577083142763,2.5436363397642223,-6.389654153348748,9.926642946597573,63.42781533253723,-194,2811.074999999997,0.010423888304762319,0.009197999954553948,-0.0027132166153593373,0.38993671101197513,-0.003014058670241182,-7.265864427079823,-0.7751206253193874,1.532191361309465,-13,-557.325000000003,-0.009440600104669405,-0.003724486829098095,0.00153224399604579,-1.3519587449764714,-0.4303794370953091,-2.3997976849099825,-8.349193665415806,-9.490149590034356
avg_veto_gex_skewterm_veto_top4_bad,veto0.165,4361,35922.659999999974,0.45241916991515707,0.5416188947489108,0.3889016280669571,10.658532521916682,1.5263257931844796,-19.63923347325456,1.63823494870677,32.173678641697464,580,4139.329999999989,0.41551724137931034,0.5224137931034483,0.3775862068965517,9.304989135678335,2.6064568298858313,-6.329573657571053,10.302187183091675,65.2084526094632,-202,3279.570000000007,0.011481190515639228,0.009731978246609652,-0.0036033028995123284,0.5099336670080188,0.007565017727408918,-6.760169763561063,-0.7216963200068054,1.7799734814375228,-13,-452.00500000000284,-0.009440600104669405,-0.003724486829098095,0.00153224399604579,-1.1345466924408996,-0.3675589469737002,-2.339717189132287,-7.9736494289217035,-7.709512313108391
avg_veto_gex_skewterm_veto_top4_bad,veto0.170,4356,35773.06499999997,0.45202020202020204,0.5415518824609734,0.38820018365472914,10.619506501537835,1.5226321316703975,-19.37329647676242,1.6566506782564554,32.09478474829186,580,3855.9699999999884,0.41379310344827586,0.5189655172413793,0.3810344827586207,8.655445925039995,2.4624069291385133,-6.390029315357393,9.457132414300947,60.43135336659968,-207,3129.975000000006,0.011082222620684201,0.009664965958672278,-0.004304747311740298,0.47090764662917195,0.003871356213326793,-6.494232767068922,-0.70328059045712,1.7010795880319165,-13,-735.3650000000034,-0.011164738035703892,-0.007172762691167067,0.0049805198581147625,-1.7840899030792396,-0.5116088477210181,-2.400172846918627,-8.818704197712432,-12.486611555971905
avg_veto_gex_skewterm_veto_top4_bad,veto0.175,4342,36153.51499999997,0.45324735145094425,0.542376784891755,0.3873790879778904,10.727027722205234,1.5361385143265573,-18.261831817010794,1.7684434383027405,32.295016648180955,580,3578.519999999989,0.41206896551724137,0.5155172413793103,0.38448275862068965,7.984677359254228,2.1944191410207043,-7.95313753278729,7.015625366140353,55.79623341542541,-221,3510.425000000003,0.012309372051426404,0.010489868389453871,-0.0051258429885790435,0.5784288672965712,0.01737773886948668,-5.382768107317297,-0.5914878304108349,1.9013114879210136,-13,-1012.8150000000028,-0.012888875966738378,-0.01062103855323604,0.008428795720183735,-2.454858468865007,-0.7795966358388271,-3.963281064348524,-11.260211245873027,-17.121731507146173
avg_veto_gex_skewterm_veto_top4_bad,veto0.180,4325,35864.55999999998,0.4536416184971098,0.5428901734104046,0.387514450867052,10.637151700931522,1.5221321058793322,-18.63534428449196,1.7248440468457489,32.14306265002691,578,3513.1099999999897,0.4117647058823529,0.5155709342560554,0.38581314878892736,7.846430968422039,2.067721570268323,-7.998852329218053,6.839686051740909,54.709638706088,-238,3221.4700000000157,0.012703639097591979,0.011003256908103443,-0.004990480099417438,0.4885528460228592,0.0033713304222615648,-5.756280574798463,-0.6350872218678265,1.7493574897669717,-15,-1078.2250000000022,-0.013193135601626826,-0.01056734567649098,0.009759185888421451,-2.5931048596971955,-0.9062942065912085,-4.0089958607792875,-11.43615056027247,-18.208326216483584
avg_veto_gex_skewterm_veto_top4_bad,veto0.185,4314,35464.05499999998,0.4529439035697728,0.5424200278164116,0.38803894297635605,10.529469315450754,1.5076216141025822,-19.128712167998906,1.6692785416663976,31.93114875175349,577,3463.7599999999893,0.41074523396880414,0.5147313691507799,0.3882149046793761,7.724710080285436,2.086708016034283,-8.00106008651219,6.7355319730089525,53.89139603066864,-249,2820.965000000011,0.012005924170254978,0.0105331113141105,-0.004465987990113385,0.3808704605420914,-0.011139161354488447,-6.249648458305408,-0.6906527270471778,1.537443591493549,-16,-1127.5750000000025,-0.014212607515175613,-0.011406910781766477,0.012160941778870171,-2.7148257478337987,-0.8873077608252484,-4.0112036180734245,-11.540304639004425,-19.026568891902947
avg_veto_gex_skewterm_veto_top4_bad,veto0.190,4299,35181.60499999998,0.45266341009537103,0.5419865084903466,0.3884624331239823,10.456549327917966,1.4923478941677544,-20.390885672949175,1.5585777525488904,31.780780764626492,577,3544.7399999999893,0.4124783362218371,0.5147313691507799,0.389948006932409,7.894408055247514,2.141319348447869,-8.00106008651219,6.903433178216778,55.234783662134255,-264,2538.515000000014,0.01172543069585319,0.010099591988045442,-0.004042497842487114,0.3079504730093028,-0.026412881289316292,-7.511821963255677,-0.801353516164685,1.3870756043665509,-16,-1046.5950000000025,-0.012479505262142643,-0.011406910781766477,0.013894044031903086,-2.5451277728717203,-0.8326964284116625,-4.0112036180734245,-11.3724034337966,-17.68318126043733
avg_veto_gex_skewterm_veto_top4_bad,veto0.195,4289,35015.984999999986,0.45185357892282585,0.541851247377011,0.3882023781767312,10.408882642711083,1.4891342322778025,-20.464444326590133,1.5486495279602337,31.692252046342297,576,3331.5099999999893,0.4097222222222222,0.5104166666666666,0.3940972222222222,7.424146465278964,1.9647745622829913,-8.4467669039724,6.121310884196866,51.70528618556012,-274,2372.8950000000186,0.010915599523308006,0.009964330874709826,-0.004302552789738234,0.26028378780242,-0.02962654317926816,-7.585380616896636,-0.8112817407533417,1.298546886082356,-17,-1259.8250000000025,-0.015235619261757538,-0.01572161326587973,0.0180432593217163,-3.0153893628402706,-1.0092412145765401,-4.456910435533634,-12.154525727816512,-21.212678737011466
avg_veto_gex_skewterm_veto_top4_bad,veto0.200,4280,34981.63499999998,0.4523364485981308,0.541588785046729,0.3885514018691589,10.404331556807843,1.4883583774856883,-20.11998158676965,1.5742488392942005,31.67385765959281,576,3274.3299999999895,0.4097222222222222,0.5086805555555556,0.3940972222222222,7.312237473249017,1.9247283595533473,-8.955832464191573,5.668161116501326,50.76310133943094,-283,2338.545000000013,0.011398469198612982,0.009701868544427894,-0.00395352909731056,0.2557327018991806,-0.030402397971382333,-7.2409178770761535,-0.7856824294193749,1.2801524993328677,-17,-1317.0050000000024,-0.015235619261757538,-0.01745772437699078,0.0180432593217163,-3.1272983548702173,-1.0492874173061841,-4.965975995752808,-12.607675495512051,-22.154863583140646
avg_veto_gex_skewterm_veto_top4_bad,veto0.205,4264,34548.53499999998,0.4526266416510319,0.5419793621013134,0.3888367729831144,10.275132426198441,1.4674932469961122,-20.247897511266753,1.552800377421637,31.44094289748964,575,3272.9449999999892,0.41043478260869565,0.5078260869565218,0.3947826086956522,7.316798090312646,1.9345442109044253,-8.524310818444393,5.952422856678081,50.740302553136644,-299,1905.4450000000143,0.011688662251514048,0.010092445599012234,-0.0036681579833550138,0.12653357128977838,-0.0512675284609585,-7.368833801573256,-0.8071308912919384,1.0472377372297004,-18,-1318.3900000000026,-0.0145230588752841,-0.0183121929760246,0.01872864579514627,-3.122737737806589,-1.0394715659551061,-4.534454350005627,-12.323413755335299,-22.17766236943494
avg_veto_gex_skewterm_veto_top4_bad,veto0.210,4257,34158.58999999998,0.452431289640592,0.5412262156448203,0.3894761569180174,10.167755846150259,1.4469647846028455,-21.23276639414228,1.4708233290663306,31.22964815312006,574,3401.3849999999907,0.41289198606271776,0.5104529616724739,0.39547038327526135,7.584455877444052,2.0272009217436557,-8.37616194300604,6.310661276726491,52.85912082131834,-306,1515.5000000000146,0.01149331024107414,0.009339299142519186,-0.003028774048452032,0.01915699124159609,-0.07179599085422517,-8.353702684448784,-0.8891079396472448,0.8359429928601187,-19,-1189.9500000000012,-0.012065855421261984,-0.015685318260072467,0.01941642037475544,-2.855079950675183,-0.9468148551158757,-4.386305474567274,-11.965175335286887,-20.058844101253243
avg_veto_gex_skewterm_veto_top4_bad,veto0.215,4246,34430.25499999998,0.4531323598681112,0.5412152614225153,0.38883655204898726,10.251496251815134,1.4469966938767285,-21.861692374757336,1.4352508310631933,31.37701214931834,572,3675.2749999999905,0.4160839160839161,0.513986013986014,0.3916083916083916,8.199071956810277,2.1795741148420067,-7.619007007151871,7.534820375295651,57.40784923700826,-317,1787.1650000000154,0.012194380468593335,0.009328344920214171,-0.0036683789174821735,0.10289739690647082,-0.0717640815803422,-8.982628665063839,-0.9246804376503821,0.9833069890583985,-21,-916.0600000000013,-0.008873925400063654,-0.012152265946532403,0.015554428707885704,-2.2404638713089575,-0.7944416620175248,-3.6291505387131053,-10.741016236717726,-15.510115685563328
avg_veto_gex_skewterm_veto_top4_bad,veto0.220,4235,34654.639999999985,0.45336481700118064,0.5409681227863046,0.38913813459268004,10.329716161310616,1.452383362821261,-21.289550801470398,1.4795133732738721,31.498175121768934,572,3949.4249999999915,0.4178321678321678,0.5174825174825175,0.3881118881118881,8.7425381534532,2.358747741518161,-6.7537556873664695,9.180385823508749,62.002082967740726,-328,2011.5500000000175,0.012426837601662799,0.00908120628400344,-0.0033667963737893936,0.18111730640195312,-0.06637741263580965,-8.4104870917769,-0.8804178954397033,1.1044699615089932,-21,-641.9100000000003,-0.007125673651811937,-0.008655762450028859,0.012057925211382214,-1.6969976746660347,-0.6152680353413706,-2.763899218927704,-9.09545078850463,-10.915881954830859
avg_veto_gex_skewterm_veto_top4_bad,veto0.225,4222,33943.209999999985,0.45286594031264804,0.5395547134059687,0.39033633349123636,10.13336473961372,1.4386057747908803,-21.307597249965575,1.4601500173926978,31.112288495133832,572,4120.594999999991,0.4178321678321678,0.5174825174825175,0.3881118881118881,9.095505350121957,2.4572462444962033,-6.654289368295621,9.751794744687032,64.89126409137202,-341,1300.1200000000172,0.011927960913130198,0.00766779690366759,-0.0021685974752330694,-0.015234115294942896,-0.08015500066619041,-8.428533540272078,-0.8997812513208776,0.718583334873891,-21,-470.7400000000007,-0.007125673651811937,-0.008655762450028859,0.012057925211382214,-1.3440304779972774,-0.5167695323633281,-2.6644328998568554,-8.524041867326346,-8.026700831199562
avg_veto_gex_skewterm_veto_top4_bad,veto0.230,4210,34092.82999999999,0.4534441805225653,0.5399049881235154,0.39073634204275537,10.19907028338138,1.4453956632434162,-20.462627905817925,1.5244310573087416,31.19386549378138,572,3940.304999999991,0.4160839160839161,0.5157342657342657,0.38986013986013984,8.68215908141933,2.3448198326901326,-6.6525676458975544,9.296950369068124,61.84859123077793,-353,1449.7400000000198,0.012506201123047456,0.008018071621214262,-0.001768588923714065,0.050471428472716795,-0.0733651122136545,-7.583564196124428,-0.8355002114048338,0.8001603335214398,-21,-651.0300000000007,-0.008873925400063654,-0.010404014198280631,0.013806176959633931,-1.7573767466999044,-0.6291959441693988,-2.662711177458789,-8.978886242945254,-11.069373691793658
avg_veto_gex_skewterm_veto_top4_bad,veto0.235,4194,32999.59499999999,0.4515975202670482,0.5379113018597997,0.39246542680019075,9.885236092889764,1.41464986374298,-20.33016451028466,1.5047841400739752,30.59250912017115,569,3586.354999999992,0.4165202108963093,0.5131810193321616,0.39191564147627417,7.955063442338247,2.057411240342948,-6.856436607950673,8.15679486896406,55.926546943109386,-369,356.5050000000192,0.010659540867530348,0.006024385357498607,-3.950416627868103e-05,-0.2633627620188985,-0.10411091171409059,-7.451100800591163,-0.8551471286396002,0.19880395991120992,-24,-1004.98,-0.008437630587670442,-0.012957260600384712,0.015861678575768257,-2.484472385780988,-0.9166045365165836,-2.8665801395119077,-10.11904174304932,-16.9914179794622
avg_veto_gex_skewterm_veto_top4_bad,veto0.240,4176,33374.28499999998,0.4525862068965517,0.5387931034482759,0.3912835249042146,10.020748723749612,1.4306994729024722,-19.144653344235735,1.6088046700980365,30.80000770761444,569,3681.204999999992,0.4182776801405975,0.5149384885764499,0.39015817223198596,8.164522037215356,2.0593503705774547,-6.800589104149482,8.45614835978278,57.506790398610285,-387,731.1950000000143,0.01164822749703387,0.006906186945974779,-0.0012214060622548484,-0.1278501311590503,-0.08806130255459843,-6.265589634542238,-0.7511265986155389,0.40630254735449967,-24,-910.1299999999997,-0.006680161343382229,-0.0111997913560965,0.014104209331480044,-2.275013790903879,-0.9146654062820767,-2.8107326357107167,-9.819688252230598,-15.4111745239613
avg_veto_gex_skewterm_veto_top4_bad,veto0.245,4166,33624.429999999986,0.45247239558329333,0.5388862217954873,0.3915026404224676,10.090388910437087,1.4314071896792409,-19.18848359650748,1.6123067224082324,30.937721095469108,567,3833.2049999999917,0.41975308641975306,0.5167548500881834,0.3880070546737213,8.529906035859721,2.1781969521646523,-6.707557229989701,8.952507101353941,60.04945373422077,-397,981.3400000000183,0.011534416183775487,0.006999305293186153,-0.0010022905440018604,-0.058209944471576236,-0.08735358577782981,-6.309419886813984,-0.747624546305343,0.5440159352091669,-26,-758.1300000000001,-0.005204755064226685,-0.009383429844362912,0.011953091773215407,-1.9096297922595138,-0.7958188246948792,-2.717700761550935,-9.323329510659438,-12.868511188350816
avg_veto_gex_skewterm_veto_top4_bad,veto0.250,4156,33483.93499999999,0.45187680461982677,0.5382579403272377,0.3917228103946102,10.054928048898441,1.426992715327682,-18.85062887855929,1.6371047167683401,30.860453451138902,567,3833.2049999999917,0.41975308641975306,0.5167548500881834,0.3880070546737213,8.529906035859721,2.1781969521646523,-6.707557229989701,8.952507101353941,60.04945373422077,-407,840.845000000023,0.010938825220308923,0.006371023824936595,-0.0007821205718592239,-0.0936708060102216,-0.09176806012938865,-5.971565168865794,-0.7228265519452353,0.46674829087896086,-26,-758.1300000000001,-0.005204755064226685,-0.009383429844362912,0.011953091773215407,-1.9096297922595138,-0.7958188246948792,-2.717700761550935,-9.323329510659438,-12.868511188350816
avg_veto_gex_skewterm_veto_top4_bad,veto0.255,4133,33237.26499999999,0.45148802322767967,0.5388337769174933,0.3907573191386402,10.01755265457302,1.4274011525577537,-17.580408121311713,1.7476441967787189,30.72429823021188,566,3692.454999999992,0.4169611307420495,0.5141342756183745,0.39045936395759717,8.199903309914358,2.048730267123585,-8.08106244796285,7.139475570219366,57.69454792864788,-430,594.1750000000247,0.010550043828161826,0.006946860415192213,-0.0017476118278292319,-0.13104620033564274,-0.09135962289931698,-4.701344411618216,-0.6122870719348565,0.33059306995193793,-27,-898.8799999999997,-0.007996710741930257,-0.012004004314171812,0.01440540105709126,-2.2396325182048766,-0.9252855097359465,-4.0912059795240845,-11.136361041794013,-15.223416993923706
avg_veto_gex_skewterm_veto_top4_bad,veto0.260,4119,33291.05999999998,0.4518086914299587,0.5387229910172372,0.3913571255159019,10.040680501815356,1.4192672789829779,-17.74560810262676,1.7330510995785018,30.75404563494648,566,3680.634999999992,0.4169611307420495,0.5141342756183745,0.39045936395759717,8.171509485863156,2.152910775503344,-7.425538404698181,7.743179829255204,57.49727919661882,-444,647.9700000000157,0.010870712030440877,0.0068360745149360636,-0.0011478054505675295,-0.10791835309330722,-0.09949349647409278,-4.866544392933264,-0.6268801691350736,0.36034047468653796,-27,-910.6999999999998,-0.007996710741930257,-0.012004004314171812,0.01440540105709126,-2.2680263422560785,-0.8211050013561874,-3.4356819362594155,-10.532656782758174,-15.420685725952765
avg_veto_gex_skewterm_veto_top4_bad,veto0.265,4106,34287.02499999999,0.4520214320506576,0.539941548952752,0.3901607403799318,10.365912169977735,1.453009045752689,-17.402097903472583,1.7985997784657648,31.29940943402534,560,3486.309999999993,0.4125,0.5125,0.39285714285714285,7.784164273684369,2.0401528401601294,-7.301196176112336,7.4323598191229765,54.26511709087165,-457,1643.9350000000195,0.011083452651139747,0.008054632450450905,-0.00234419058653762,0.21731331506907203,-0.0657517297043817,-4.523034193779086,-0.5613314902478106,0.905704273765398,-33,-1105.0249999999987,-0.01245784148397977,-0.013638279932546404,0.016803179956636938,-2.6553715544348657,-0.933862936699402,-3.3113397076735707,-10.843476792890403,-18.652847831699937
avg_veto_gex_skewterm_veto_top4_bad,veto0.270,4096,33920.05499999999,0.45166015625,0.539306640625,0.389892578125,10.264312269649096,1.4350655671046597,-17.586397541513513,1.768391929020192,31.09964347295304,560,3209.059999999993,0.4107142857142857,0.5107142857142857,0.39464285714285713,7.140417500793782,1.9280036296831575,-6.065326022376551,8.192443487685464,49.689840672707966,-467,1276.9650000000256,0.010722176850482157,0.0074197241226988675,-0.002612352841469434,0.1157134147404335,-0.08369520835241095,-4.707333831820016,-0.5915393396933835,0.7059383126930996,-33,-1382.2749999999987,-0.01424355576969405,-0.015423994218260684,0.018588894242351217,-3.299118327325453,-1.046012147176374,-2.0754695539377854,-10.083393124327914,-23.22812424986362
avg_veto_gex_skewterm_veto_top4_bad,veto0.275,4082,34018.74499999998,0.45222929936305734,0.5391964723174915,0.39000489955903966,10.323254507532242,1.4408184808204305,-17.622951641112365,1.7677799516374215,31.15350059983424,558,2966.0049999999933,0.4103942652329749,0.5089605734767025,0.3960573476702509,6.617796353390607,1.787461357899584,-6.327464428771212,7.22472359660366,45.71418156521367,-481,1375.6550000000134,0.011291319963539492,0.007309555815190327,-0.0025000314074297703,0.17465565262357963,-0.07794229463664015,-4.743887931418868,-0.5921513170761539,0.7597954395742974,-35,-1625.3299999999986,-0.01456357625100485,-0.017177706455843822,0.020003384769745003,-3.821739474728628,-1.1865544189599475,-2.3376079603324467,-11.051113015409719,-27.203783357357914
avg_veto_gex_skewterm_veto_top4_bad,veto0.280,4068,32581.00499999999,0.4498525073746313,0.5368731563421829,0.39110127826941987,9.922961151739445,1.4042192454504365,-17.88487501252131,1.6974647515231909,30.35894491915281,557,2973.7249999999963,0.40933572710951527,0.5080789946140036,0.39676840215439857,6.631384468548179,1.7817478142610452,-6.2962536178755135,7.2805114935640205,45.83994683133672,-495,-62.0849999999773,0.00891452797511344,0.004986239839881779,-0.0014036526970495622,-0.22563770316921783,-0.11454153000663414,-5.005811302827812,-0.6624665171903845,-0.03476024110713283,-36,-1617.6099999999956,-0.01562211437446448,-0.018059285318542728,0.020714439253892658,-3.808151359571056,-1.1922679625984862,-2.306397149436748,-10.995325118449358,-27.078018091234867
avg_veto_gex_skewterm_veto_top4_bad,veto0.285,4045,32036.269999999986,0.4496909765142151,0.5364647713226205,0.39134734239802227,9.79672187495126,1.3920448186354077,-15.97828640705157,1.8808130138692523,30.05216901371277,555,2861.984999999994,0.409009009009009,0.5081081081081081,0.3981981981981982,6.404866202046601,1.705984630105805,-6.285153769630168,7.004266846313602,44.02289417260354,-518,-606.8199999999815,0.008752997114697236,0.00457785482031936,-0.0011575885684471654,-0.3518769799574031,-0.12671595682166292,-3.0992226973580728,-0.47911825484432313,-0.34153614654717046,-38,-1729.3499999999976,-0.015948832474970753,-0.018030171824438224,0.022144235297692272,-4.034669626072634,-1.2680311467537264,-2.295297301191402,-11.271569765699777,-28.895070749968042
avg_veto_gex_skewterm_veto_top4_bad,veto0.290,4035,32440.76999999999,0.45006195786864933,0.5372986369268897,0.3905824039653036,9.92440469134197,1.4048464153894118,-16.38916633376678,1.8475788620436664,30.280277284785196,554,3034.5699999999933,0.41155234657039713,0.5090252707581228,0.3971119133574007,6.811530019086196,1.8666296152347632,-6.1899464152405725,7.565871508042741,46.832339219379946,-528,-202.31999999997788,0.009123978469131488,0.005411720424588595,-0.0019225270011658524,-0.2241941635666933,-0.11391436006765887,-3.5101026240732836,-0.512352406669909,-0.11342787547474487,-39,-1556.7649999999985,-0.013405494913582616,-0.0171130091744236,0.02105795045689479,-3.6280058090330387,-1.1073861616247682,-2.200089946801807,-10.709965103970639,-26.08562570319164
avg_veto_gex_skewterm_veto_top4_bad,veto0.295,4022,32364.434999999998,0.4500248632521134,0.5370462456489309,0.3908503232222775,9.919095058708796,1.404494941595718,-16.497406050364457,1.8328557981199174,30.2373663333491,553,3038.9099999999935,0.4104882459312839,0.5081374321880651,0.39783001808318263,6.860236875937539,1.9582178011247324,-5.905545748584223,7.942230413865008,46.90320505487682,-541,-278.65499999996973,0.00908688385259554,0.005159329146629754,-0.0016546077441919604,-0.22950379619986627,-0.1142658338613527,-3.61834234067096,-0.527075470593658,-0.1563388269108401,-40,-1552.4249999999984,-0.014469595552695835,-0.018000847744481296,0.021776055182676723,-3.579298952181696,-1.015797975734799,-1.9156892801454575,-10.33360619814837,-26.014759867694764
avg_veto_gex_skewterm_veto_top4_bad,veto0.300,4007,33471.729999999996,0.45121038183179435,0.5390566508609933,0.38931869228849514,10.259267437278565,1.4391826583275888,-15.325553855536603,2.0132213013346947,30.853731476718348,553,3103.8299999999936,0.4104882459312839,0.5081374321880651,0.39783001808318263,6.993359774668082,1.9777501532058988,-5.9082324797178325,8.118251588531287,47.964517713881435,-556,828.6400000000285,0.010272402432276506,0.00716973435869217,-0.0031862386779742957,0.11066858236990207,-0.07957811712948182,-2.4464901458431054,-0.3467099673788807,0.4600263164584071,-40,-1487.5049999999983,-0.014469595552695835,-0.018000847744481296,0.021776055182676723,-3.446176053451153,-0.9962656236536327,-1.9183760112790669,-10.157585023482092,-24.95344720869015
avg_veto_gex_skewterm_veto_top4_bad,tilt0.005,4563,32892.95999999997,0.44115713346482577,0.532325224632917,0.39250493096646943,10.222999529858923,1.5256888864175697,-12.879063709693497,2.3707613160748817,30.533186030205208,593,4591.334999999992,0.42495784148397975,0.5261382799325464,0.3760539629005059,10.439535828119235,2.9740157768595314,-3.9898564684387656,18.27583661201338,72.91796492257158,0,249.87000000000262,0.00021915406530792492,0.00043830813061584983,0.0,0.07440067495025993,0.0069281109604990565,0.0,0.010830047361306328,0.13948086994526676,0,0.0,0.0,0.0,0.0,0.0,0.0,0.0,0.0,0.0
avg_veto_gex_skewterm_veto_top4_bad,tilt0.010,4563,32844.84999999997,0.44071882533421,0.532325224632917,0.39250493096646943,10.206789981122082,1.523771003231015,-12.879063709693497,2.3686801115898626,30.506382065049742,593,4591.334999999992,0.42495784148397975,0.5261382799325464,0.3760539629005059,10.439535828119235,2.9740157768595314,-3.9898564684387656,18.27583661201338,72.91796492257158,0,201.76000000000204,-0.0002191540653078694,0.00043830813061584983,0.0,0.05819112621341915,0.005010227773944331,0.0,0.008748842876287188,0.11267690478980086,0,0.0,0.0,0.0,0.0,0.0,0.0,0.0,0.0,0.0
avg_veto_gex_skewterm_veto_top4_bad,tilt0.020,4563,32471.149999999972,0.44049967126890205,0.5321060705676091,0.39294323909708523,10.093209838513731,1.5142684854668456,-12.879063709693497,2.352448767894729,30.29733755550619,593,4591.334999999992,0.42495784148397975,0.5261382799325464,0.3760539629005059,10.439535828119235,2.9740157768595314,-3.9898564684387656,18.27583661201338,72.91796492257158,0,-171.93999999999505,-0.0004383081306157943,0.00021915406530792492,0.0004383081306157943,-0.055389016394931545,-0.004492289990225107,0.0,-0.007482500818846383,-0.09636760475375183,0,0.0,0.0,0.0,0.0,0.0,0.0,0.0,0.0,0.0
avg_veto_gex_skewterm_veto_top4_bad,tilt0.030,4563,32510.049999999974,0.44049967126890205,0.5325443786982249,0.39272408503177736,10.096333344078715,1.5109230601877262,-12.879063709693497,2.3541437849964026,30.31916778874766,593,4591.334999999992,0.42495784148397975,0.5261382799325464,0.3760539629005059,10.439535828119235,2.9740157768595314,-3.9898564684387656,18.27583661201338,72.91796492257158,0,-133.0399999999936,-0.0004383081306157943,0.0006574621959237748,0.00021915406530792492,-0.05226551082994746,-0.007837715269344514,0.0,-0.005787483717172748,-0.07453737151228168,0,0.0,0.0,0.0,0.0,0.0,0.0,0.0,0.0,0.0
avg_veto_gex_skewterm_veto_top4_bad,tilt0.040,4563,31550.979999999974,0.4396230550076704,0.5312294543063774,0.3938198553583169,9.782640813639901,1.4790442914263948,-13.416318214258286,2.2193959699480894,29.776122576265983,593,4380.764999999992,0.42327150084317033,0.524451939291737,0.3777403035413153,9.969691059545283,2.7342793387668274,-4.061903596035857,17.064134229576855,69.31286819035678,0,-1092.1099999999933,-0.0013149243918474385,-0.0006574621959237748,0.0013149243918474385,-0.36595804126876175,-0.03971648403067585,-0.537254504564789,-0.14053529876548598,-0.6175825839939577,0,-210.5699999999997,-0.001686340640809414,-0.001686340640809414,0.001686340640809414,-0.4698447685739513,-0.23973643809270406,-0.07204712759709153,-1.211702382436524,-3.605096732214804
avg_veto_gex_skewterm_veto_top4_bad,tilt0.050,4563,31357.22999999997,0.4394039009423625,0.5310103002410694,0.3940390094236248,9.724263019646662,1.4730630295646614,-13.808822786219574,2.148276975015046,29.665176043698626,593,4380.764999999993,0.42327150084317033,0.524451939291737,0.3777403035413153,9.969691059545285,2.7342793387668274,-4.061903596035857,17.064134229576855,69.31286819035678,0,-1285.859999999997,-0.0015340784571553634,-0.0008766162612316997,0.0015340784571553634,-0.424335835262001,-0.04569774589240927,-0.9297590765260768,-0.21165429369852928,-0.7285291165613152,0,-210.5699999999988,-0.001686340640809414,-0.001686340640809414,0.001686340640809414,-0.4698447685739495,-0.23973643809270406,-0.07204712759709153,-1.211702382436524,-3.605096732214804
avg_veto_gex_skewterm_veto_top4_bad,tilt0.075,4563,31121.424999999974,0.4396230550076704,0.5310103002410694,0.3942581634889327,9.63660365652728,1.4626171520906999,-13.368650624832446,2.2088671572581435,29.52957330205095,593,4169.464999999993,0.42158516020236086,0.521079258010118,0.3811129848229342,9.478749644785434,2.5738841281065548,-4.512543966029839,14.563634823904579,65.71904244807266,0,-1521.6649999999936,-0.0013149243918474385,-0.0008766162612316997,0.0017532325224632883,-0.5119951983813831,-0.0561436233663708,-0.4895869151389487,-0.15106411145543186,-0.8641318582089923,0,-421.869999999999,-0.0033726812816188834,-0.005059021922428353,0.005059021922428297,-0.9607861833338003,-0.4001316487529767,-0.5226874975910736,-3.7122017881088,-7.198922474498929
avg_veto_gex_skewterm_veto_top4_bad,tilt0.100,4563,31373.124999999975,0.43984220907297833,0.5312294543063774,0.3942581634889327,9.710893974410109,1.4697886172057957,-13.362522888441042,2.220710428202831,29.674293925460038,593,4147.974999999993,0.42158516020236086,0.521079258010118,0.3811129848229342,9.425290150944145,2.5577219229306056,-4.5207030793164265,14.456795175031196,65.35487846481038,0,-1269.9649999999929,-0.0010957703265395136,-0.0006574621959237748,0.0017532325224632883,-0.43770488049855416,-0.04897215825127499,-0.4834591787475446,-0.13922084051074446,-0.7194112347999031,0,-443.35999999999876,-0.0033726812816188834,-0.005059021922428353,0.005059021922428297,-1.01424567717509,-0.4162938539289258,-0.5308466108776608,-3.8190414369821823,-7.563086457761202
avg_veto_gex_skewterm_veto_top4_bad,tilt0.150,4563,31496.16499999997,0.43918474687705455,0.5316677624369932,0.3942581634889327,9.720726556925325,1.4704011593435318,-13.35843676462852,2.226666000307147,29.744776961051333,593,4147.974999999993,0.42158516020236086,0.521079258010118,0.3811129848229342,9.425290150944143,2.5577219229306056,-4.5207030793164265,14.456795175031196,65.35487846481038,0,-1146.9249999999956,-0.0017532325224632883,-0.00021915406530792492,0.0017532325224632883,-0.42787229798333826,-0.048359616113538895,-0.4793730549350226,-0.13326526840642838,-0.6489281992086084,0,-443.35999999999876,-0.0033726812816188834,-0.005059021922428353,0.005059021922428297,-1.0142456771750918,-0.4162938539289258,-0.5308466108776608,-3.8190414369821823,-7.563086457761202
avg_veto_gex_skewterm_veto_top4_bad,tilt0.200,4563,32681.644999999975,0.44115713346482577,0.5332018408941486,0.3933815472277011,10.072351781308067,1.5085363727156276,-12.879063709693497,2.361605724627131,30.4152705846497,593,4175.4899999999925,0.42158516020236086,0.521079258010118,0.3794266441821248,9.488145640827987,2.600938212340528,-4.55561735544336,14.448356825885535,65.82118511364268,0,38.55500000000757,0.00021915406530792492,0.0013149243918474385,0.0008766162612316442,-0.07624707360059624,-0.010224402741443095,0.0,0.0016744559135557502,0.021565424389759613,0,-415.84499999999935,-0.0033726812816188834,-0.005059021922428353,0.0033726812816188834,-0.9513901872912474,-0.3730775645190034,-0.5657608870045943,-3.827479786127844,-7.0967798089289005
avg_veto_gex_skewterm_veto_top4_bad,tilt0.250,4563,32469.489999999976,0.4413762875301337,0.5329826868288406,0.3940390094236248,10.001773055434713,1.4881203129263076,-13.050739240894204,2.321432147250895,30.29640561920055,593,4047.5649999999914,0.42158516020236086,0.5193929173693086,0.3811129848229342,9.182755798882368,2.5889425663014034,-4.492449110297658,14.16969931062473,63.65665306120141,0,-173.59999999999127,0.00043830813061584983,0.0010957703265395136,0.0015340784571553634,-0.14682579947394991,-0.030640462530763024,-0.171675531200707,-0.0384991214626802,-0.09729954105939242,0,-543.7700000000004,-0.0033726812816188834,-0.006745362563237767,0.005059021922428297,-1.2567800292368663,-0.38507321055812804,-0.5025926418588922,-4.106137301388648,-9.261311861370174
avg_veto_gex_skewterm_veto_top4_bad,tilt0.300,4563,32643.699999999975,0.44071882533421,0.5327635327635327,0.3942581634889327,10.024186443228794,1.4902521003543974,-13.174910910694326,2.306964099325252,30.394046482780368,593,4184.3649999999925,0.42158516020236086,0.5177065767284992,0.3827993254637437,9.430592029050164,2.7010030789051083,-3.8767613818318614,17.01721443949527,65.97167976538678,0,0.610000000007858,-0.0002191540653078694,0.0008766162612315886,0.0017532325224632883,-0.12441241167986838,-0.028508675102673298,-0.2958472010008286,-0.052967169388323576,0.00034132252042695654,0,-406.96999999999935,-0.0033726812816188834,-0.00843170320404718,0.006745362563237767,-1.0089437990690708,-0.2730126979544232,0.11309508660690426,-1.258622172518109,-6.946285157184803
avg_veto_gex_skewterm_veto_top4_bad,tilt0.400,4563,32622.444999999974,0.4402805172035941,0.5325443786982249,0.3933815472277011,9.980411163345417,1.4845672741630271,-13.183066854129654,2.304634523569263,30.38215099854884,593,4303.5749999999925,0.42158516020236086,0.5177065767284992,0.3827993254637437,9.69253783312097,2.8642764018131794,-4.374929623538325,15.54247568582683,67.99723730104795,0,-20.64499999999316,-0.0006574621959237192,0.0006574621959237748,0.0008766162612316442,-0.16818769156324542,-0.03419350129404353,-0.30400314443615706,-0.055296745144312265,-0.011554161711099908,0,-287.7599999999993,-0.0033726812816188834,-0.00843170320404718,0.006745362563237767,-0.7469979949982655,-0.109739375046352,-0.3850731550995592,-2.733360926186549,-4.920727621523639
avg_veto_gex_skewterm_veto_top4_bad,tilt0.500,4563,33000.549999999974,0.4394039009423625,0.532325224632917,0.39294323909708523,10.038573946386322,1.5035220570755823,-13.204985232727505,2.31677955881505,30.593039861637685,593,4636.789999999992,0.42327150084317033,0.521079258010118,0.3811129848229342,10.433586102922959,3.066999916478915,-4.3418023841025,16.974349037311818,73.69926911878844,0,357.4600000000064,-0.0015340784571553634,0.00043830813061584983,0.0004383081306157943,-0.11002490852234104,-0.015238718381488381,-0.32592152303400823,-0.04315170989852524,0.19933470137774378,0,45.45499999999993,-0.001686340640809414,-0.005059021922428353,0.005059021922428297,-0.005949725196275679,0.09298413961938357,-0.3519459156637348,-1.3014875747015608,0.7813041962168512
avg_veto_gex_skewterm_veto_top4_bad,tilt0.750,4563,35545.34999999997,0.443129520052597,0.5362699978084593,0.39097085250931407,10.708696967014756,1.5822018831552362,-12.879063709693497,2.482656118813042,31.974286323453562,593,4008.3149999999905,0.41652613827993257,0.5143338954468802,0.38954468802698144,9.01256128194956,2.7280189572714173,-4.5200947352956895,13.936500100187516,62.99430073130543,0,2902.260000000002,0.002191540653079138,0.004383081306158165,-0.0015340784571553634,0.5600981121060933,0.06344110769816558,0.0,0.12272485009946665,1.5805811631936209,0,-583.0200000000013,-0.00843170320404718,-0.01180438448566612,0.013490725126475533,-1.4269745461696743,-0.24599681958811415,-0.5302382668569239,-4.339336511825863,-9.923664191266155
avg_veto_gex_skewterm_veto_top4_bad,tilt1.000,4563,35512.054999999964,0.44291036598728906,0.5353933815472277,0.39119000657462194,10.564380446097458,1.556388848373889,-14.156933066526975,2.2573128273783984,31.956626607408744,593,3525.769999999987,0.4131534569983137,0.5109612141652614,0.3912310286677909,7.899982298941715,2.5383751129415644,-5.5322666717293485,9.927172087125646,54.919763282127086,0,2868.9649999999965,0.0019723865877712132,0.0035064650449265766,-0.001314924391847494,0.41578159118879476,0.037628072916818356,-1.2778693568334774,-0.10261844133517695,1.5629214471488027,0,-1065.565000000005,-0.011804384485666064,-0.015177065767284947,0.015177065767285003,-2.5395535291775193,-0.4356406639179671,-1.5424102032905829,-8.348664524887733,-17.9982016404445
min_veto_gex_skewterm_veto_top4_bad,veto0.030,4408,33920.99999999996,0.44872958257713247,0.5362976406533575,0.39065335753176045,10.413910658771554,1.5166927053944952,-15.449812278048375,2.012979775253714,31.100159647177893,585,3978.774999999991,0.4188034188034188,0.5230769230769231,0.37606837606837606,9.028915722253103,2.573074340289344,-4.621287302118734,13.523581705431244,62.49635641447462,-155,1277.9099999999962,0.0077916031776146255,0.004410724151056367,-0.0018515734347089863,0.26531180386289144,-0.0020680700625754778,-2.570748568354878,-0.3469514934598612,0.7064544869179521,-8,-612.5600000000009,-0.006154422680560934,-0.003061356855623254,1.441316787015312e-05,-1.4106201058661316,-0.40094143657018755,-0.6314308336799686,-4.7522549065821345,-10.421608508096966
min_veto_gex_skewterm_veto_top4_bad,veto0.035,4389,33903.664999999964,0.4499886078833447,0.5372522214627478,0.39074960127591707,10.405474062663265,1.500712054735309,-14.662844589818322,2.1203723027054737,31.09068954712557,585,3805.5649999999914,0.4170940170940171,0.5213675213675214,0.37606837606837606,8.59369142817913,2.4146259115816213,-5.183574833994003,11.495185046289894,59.58615191805248,-174,1260.574999999997,0.009050628483826872,0.005365304960446626,-0.0017553296905523652,0.25687520775460193,-0.01804872072176167,-1.7837808801248247,-0.23955896600810167,0.6969843868656298,-8,-785.7700000000004,-0.007863824389962637,-0.004770758565024957,1.441316787015312e-05,-1.8458443999401055,-0.5593898652779101,-1.1937183655552372,-6.780651565723485,-13.331813004519105
min_veto_gex_skewterm_veto_top4_bad,veto0.040,4376,33124.82499999997,0.4492687385740402,0.5363345521023766,0.3914533820840951,10.154746586615254,1.4635150287440057,-15.832692126001929,1.9366272933088156,30.662023697770913,584,3138.03999999999,0.4160958904109589,0.5171232876712328,0.3784246575342466,7.072147834402045,2.058138696270645,-4.6695743297616445,10.391682790965923,48.52473520372031,-187,481.7350000000006,0.008330759174522362,0.004447635600075439,-0.0010515488823743535,0.0061477317065907755,-0.055245746713064925,-2.9536284163084314,-0.42330397540475984,0.26831853751097157,-9,-1453.295000000002,-0.008861951073020846,-0.009014992261313526,0.0023706946337406776,-3.3673879937171893,-0.9158770805888863,-0.6797178613228789,-7.884153821047455,-24.393229718851273
min_veto_gex_skewterm_veto_top4_bad,veto0.045,4356,31570.13999999997,0.4478879706152433,0.5346648301193756,0.3925619834710744,9.660868600345552,1.4107540032531942,-16.065392461670474,1.854114127950057,29.78707113424557,582,3250.409999999989,0.4209621993127148,0.520618556701031,0.3797250859106529,7.349856288863091,2.1292097939920818,-4.664429108043533,10.798641828882245,50.3694992739748,-207,-1072.949999999997,0.006949991215725482,0.002777913617074468,5.70525046049708e-05,-0.48773025456311103,-0.10800677220387644,-3.1863287519769763,-0.5058171407635184,-0.6066340260143726,-11,-1340.925000000003,-0.003995642171264968,-0.005519723231515394,0.0036711230101469927,-3.089679539256144,-0.8448059828674497,-0.6745726396047678,-7.477194783131134,-22.548465648596782
min_veto_gex_skewterm_veto_top4_bad,veto0.050,4337,31026.719999999976,0.447313811390362,0.5337791099838598,0.3931288909384367,9.504220267829234,1.3847965763016215,-16.18635737658821,1.820973824351458,29.474933094365262,580,3617.679999999991,0.42586206896551726,0.5241379310344828,0.3775862068965517,8.211972062297544,2.3148462090170097,-4.664429108043533,12.101778724411082,56.447888941245,-226,-1616.3699999999917,0.006375831990844183,0.0018921934815586683,0.0006239599719672917,-0.6443785870794283,-0.13396419915544922,-3.3072936668947115,-0.5389574443621175,-0.9187720658946787,-13,-973.6550000000007,0.0009042274815375118,-0.002000348898063553,0.00153224399604579,-2.2275637658216905,-0.6591695678425218,-0.6745726396047678,-6.174057887602297,-16.470075981326588
min_veto_gex_skewterm_veto_top4_bad,veto0.055,4322,30884.009999999973,0.44724664507172607,0.533317908375752,0.3937991670522906,9.453334567494464,1.3864682487297757,-17.503143465118928,1.6792641515027544,29.39240135958392,578,3721.1949999999897,0.4273356401384083,0.5224913494809689,0.3771626297577855,8.494346910032183,2.379398917584509,-4.63329314399818,12.55576083577288,58.17452059806734,-241,-1759.0799999999945,0.006308665672208225,0.0014309918734508598,0.0012942360858211877,-0.695264287414199,-0.13229252672729497,-4.624079755425431,-0.680667117210821,-1.0013038006760198,-15,-870.1400000000021,0.0023777986544285534,-0.0036469304515774903,0.001108666857279561,-1.9451889180870516,-0.5946168592750225,-0.6434366755594141,-5.720075776240499,-14.743444324504246
min_veto_gex_skewterm_veto_top4_bad,veto0.060,4306,31103.33999999997,0.4489084997677659,0.5346028797027403,0.3927078495123084,9.529727796165377,1.3968490520341887,-17.539218759021157,1.6830365984041633,29.51914707884946,575,3601.6249999999905,0.42782608695652175,0.5217391304347826,0.3791304347826087,8.296211102278587,2.2746131686312903,-4.63329314399818,12.12541844731937,56.18061816007389,-257,-1539.7499999999964,0.00797052036824808,0.0027159632004392087,0.0002029185458389815,-0.6188710587432862,-0.12191172342288192,-4.66015504932766,-0.6768946703094121,-0.8745580814104805,-18,-989.7100000000014,0.002868245472541997,-0.004399149497763766,0.0030764718821028048,-2.143324725840648,-0.6994026082282412,-0.6434366755594141,-6.150418164694008,-16.737346762497694
min_veto_gex_skewterm_veto_top4_bad,veto0.065,4292,31244.489999999976,0.45013979496738116,0.5344827586206896,0.39282385834109973,9.58392803786567,1.3986225189843662,-16.8396747269188,1.7577787542738328,29.60042246385988,572,3531.714999999991,0.42657342657342656,0.5209790209790209,0.3793706293706294,8.177783901062114,2.191045746193469,-5.101611598013729,10.784526610046251,55.01846603289964,-271,-1398.5999999999913,0.009201815567863314,0.0025958421183884806,0.00031892737463029563,-0.5646708170429928,-0.12013825647270449,-3.960611017225304,-0.6021525144397426,-0.7932826964000625,-21,-1059.6200000000008,0.0016155850894468138,-0.005159258953525425,0.003316666470123464,-2.261751927057121,-0.7829700306660623,-1.1117551295749637,-7.491310001967127,-17.899498889671946
min_veto_gex_skewterm_veto_top4_bad,veto0.070,4277,31843.154999999977,0.4521861117605798,0.535889642272621,0.39092822071545474,9.753549707545014,1.422569215194018,-16.807646462418337,1.7814887639378552,29.9426333210381,571,3534.07499999999,0.4273204903677758,0.5201401050788091,0.38178633975481613,8.19856674278132,2.216054772476662,-5.060516864293847,10.8798478824172,55.057653689923946,-286,-799.9349999999904,0.01124813236106198,0.004002725770319904,-0.0015767102510146902,-0.3950491473636486,-0.09619156026305276,-3.9285827527248394,-0.5784425047757202,-0.45107183922183935,-22,-1057.260000000002,0.002362648883796059,-0.005998174853737215,0.005732376854310217,-2.2409690853379143,-0.7579610043828695,-1.0706603958550813,-7.395988729596178,-17.86031123264764
min_veto_gex_skewterm_veto_top4_bad,veto0.075,4259,32195.784999999974,0.45268842451279645,0.5372153087579244,0.3899976520309932,9.873057260005298,1.4220082295011727,-16.871782734749427,1.7865531751460888,30.14233701514155,571,3470.78999999999,0.4273204903677758,0.5183887915936952,0.38353765323992994,8.04918486346284,2.174217303599052,-5.361070698042093,10.07408353297372,54.007874038253775,-304,-447.304999999993,0.011750445113278607,0.005328392255623315,-0.0025072789354762537,-0.2755415949033644,-0.096752545955898,-3.99271902505593,-0.5733780935674866,-0.25136814511839134,-22,-1120.545000000002,0.002362648883796059,-0.00774948833885114,0.007483690339424032,-2.3903509646563954,-0.7997984732604793,-1.3712142296033276,-8.201753079039658,-18.91009088431781
min_veto_gex_skewterm_veto_top4_bad,veto0.080,4241,32087.144999999968,0.4531950011789672,0.5378448479132281,0.3890591841546805,9.86089249847217,1.4189533500097264,-18.83842444543907,1.5967873107324368,30.080957108668848,568,3367.7199999999893,0.4242957746478873,0.5158450704225352,0.3855633802816901,7.817954654878687,2.1264613735215376,-4.7895860986730865,10.920124751286046,52.30287770453555,-322,-555.9449999999997,0.012257021779449373,0.005957931410926931,-0.003445746811788941,-0.2877063564364928,-0.09980742544734422,-5.959360735745573,-0.7631439579811385,-0.3127480515910932,-25,-1223.6150000000025,-0.0006620668360924342,-0.010293209510011114,0.009509417381184215,-2.621581173240548,-0.8475544033379938,-0.7997296302343209,-7.355711860727332,-20.615087218036038
min_veto_gex_skewterm_veto_top4_bad,veto0.085,4220,31280.939999999973,0.4504739336492891,0.5355450236966824,0.3912322274881517,9.632318240260357,1.3976770441175421,-19.98814234353787,1.4819473092776911,29.62137376346543,568,3369.2999999999893,0.4242957746478873,0.5158450704225352,0.3855633802816901,7.794765826199346,2.09809719304064,-4.764643055604034,10.982768110058533,52.32896980689983,-343,-1362.1499999999942,0.009535954249771272,0.0036581071943813104,-0.0012727034783177604,-0.5162806146483057,-0.12108373133952854,-7.109078633844373,-0.8779839594358843,-0.7723313967945096,-25,-1222.0350000000026,-0.0006620668360924342,-0.010293209510011114,0.009509417381184215,-2.6447700019198885,-0.8759185838188914,-0.7747865871652682,-7.293068501954846,-20.588995115671757
min_veto_gex_skewterm_veto_top4_bad,veto0.090,4191,32337.16499999998,0.4526366022429015,0.5373419231686948,0.3884514435695538,9.98934284008384,1.4268448800253724,-20.43822786548198,1.4787006809629597,30.222021462364346,566,3178.389999999988,0.4204946996466431,0.5123674911660777,0.3869257950530035,7.367830546782157,2.029054221344699,-4.837469052045506,10.167784612391603,49.18634339030889,-372,-305.92499999998836,0.011698622843383633,0.005455006666393647,-0.004053487396915634,-0.1592560148248232,-0.09191589543169831,-7.559164155788483,-0.8812305877506157,-0.17168369789559534,-27,-1412.9450000000038,-0.004463141837336648,-0.013770788766468645,0.010871832152497596,-3.0717052813370778,-0.9449615555148325,-0.8476125836067405,-8.108051999621775,-23.731621532262693
min_veto_gex_skewterm_veto_top4_bad,veto0.095,4170,32128.23999999998,0.4529976019184652,0.5378896882494005,0.38872901678657074,9.954816044720976,1.4113542611623362,-21.686862717919187,1.3881302583827917,30.104190348137294,563,3283.459999999988,0.42451154529307283,0.5150976909413855,0.38543516873889877,7.602382780410569,2.103741360336433,-5.90795862992081,8.617768368639462,50.91341900416209,-393,-514.8499999999876,0.012059622518947377,0.0060027717470994,-0.0037759141798986984,-0.1937828101876864,-0.10740651429473447,-8.80779900822569,-0.9718010103307837,-0.28951481212264696,-30,-1307.8750000000036,-0.0004462961909069141,-0.011040588991160893,0.009381205838392859,-2.837153047708666,-0.8702744165230984,-1.918102161482044,-9.658068243373917,-22.004545918409498
min_veto_gex_skewterm_veto_top4_bad,veto0.100,4153,32061.214999999982,0.4531663857452444,0.5388875511678305,0.38767156272574044,9.931689848611589,1.416320136006939,-21.002734112415343,1.4315416159280296,30.066287930193813,561,3140.174999999988,0.42424242424242425,0.5151515151515151,0.3868092691622103,7.28185902457279,2.0397038199361828,-5.551329781958676,8.747403106155003,48.5597193779961,-410,-581.8749999999854,0.012228406345726583,0.007000634665529359,-0.004833368240728997,-0.2169090062970742,-0.1024406394501316,-8.123670402721846,-0.9283896527855457,-0.32741723006612844,-32,-1451.160000000004,-0.0007154172415554938,-0.010986764781031222,0.0107553062617044,-3.157676803546445,-0.9343119569233487,-1.5614733135199108,-9.528433505858375,-24.35824554457548
min_veto_gex_skewterm_veto_top4_bad,veto0.105,4134,32201.614999999983,0.45379777455249154,0.5389453313981616,0.3884857281083696,9.996573396174472,1.4275267137467471,-21.328562198976876,1.4133923769081607,30.14562722244547,561,3087.764999999989,0.42602495543672014,0.5151515151515151,0.3868092691622103,7.162260273337081,1.986965882491415,-6.512391434270653,7.324754191319171,47.701666453685036,-429,-441.474999999984,0.012859795152973696,0.007058414895860454,-0.004019202858099813,-0.15202545873419027,-0.09123406171032356,-8.449498489283378,-0.9465388918054147,-0.24807793781447174,-32,-1503.570000000003,0.001067113952740395,-0.010986764781031222,0.0107553062617044,-3.277275554782154,-0.9870498943681165,-2.5225349658318876,-10.951082420694208,-25.21629846888655
min_veto_gex_skewterm_veto_top4_bad,veto0.110,4110,31979.889999999992,0.4535279805352798,0.5389294403892944,0.3883211678832117,9.947904591738984,1.4180996271874877,-20.852933791413903,1.4396167413037473,30.020232591418083,561,3089.4849999999888,0.42424242424242425,0.5133689839572193,0.38859180035650626,7.1748574310936055,1.9848311476609692,-8.481946891512287,5.62722241952079,47.72980170910262,-453,-663.1999999999753,0.012590001135761975,0.007042523886993224,-0.004183763083257741,-0.20069426316967842,-0.10066114826958295,-7.973870081720406,-0.9203145274098281,-0.37347256884185853,-32,-1501.850000000003,-0.0007154172415554938,-0.012769295975327055,0.012537837456000345,-3.2646783970256292,-0.9891846291985622,-4.492090423073521,-12.648614192492587,-25.188163213468968
min_veto_gex_skewterm_veto_top4_bad,veto0.115,4089,31836.499999999993,0.4541452677916361,0.5387625336268036,0.38860357055514794,9.925781969636922,1.4080886057334216,-21.718380647711133,1.3785029236266924,29.93885121930717,557,3103.7349999999897,0.4236983842010772,0.5134649910233393,0.3877917414721723,7.268558948385756,2.0274315132919845,-8.530021038177983,5.622842277713488,47.96296292325266,-474,-806.5899999999747,0.013207288392118266,0.006875617124502464,-0.0039013604113214972,-0.22281688527174026,-0.11067216972364902,-8.839316938017635,-0.981428345086883,-0.4548539409527699,-36,-1487.6000000000022,-0.001259457282902554,-0.012673288909207048,0.011737778571666413,-3.1709768797334785,-0.946584263567547,-4.5401645697392174,-12.65299433429989,-24.955001999318924
min_veto_gex_skewterm_veto_top4_bad,veto0.120,4066,32943.005,0.4549926217412691,0.5398425971470733,0.38760452533202167,10.303548182021252,1.4506222155811594,-20.361785044842325,1.5009019072043859,30.561042007889583,555,3065.3049999999885,0.42342342342342343,0.5135135135135135,0.38738738738738737,7.188488025616116,1.9870472890865778,-9.344738802690252,5.065355589200877,47.334424923829374,-497,299.91500000003,0.014054642341751244,0.007955680644772145,-0.004900405634447769,0.15494932711258969,-0.06813855987591122,-7.4827213351488275,-0.8590293615091895,0.16733684762964174,-38,-1526.0300000000034,-0.0015344180605563196,-0.012624766419032873,0.01133342448688146,-3.251047802503119,-0.9869684877729537,-5.354882334251486,-13.210481022812502,-25.58353999874221
min_veto_gex_skewterm_veto_top4_bad,veto0.125,4048,32579.96,0.4547924901185771,0.5397727272727273,0.3880928853754941,10.202803995783714,1.440300155695952,-20.1246047971199,1.5085195359021342,30.358359488765174,553,3104.544999999992,0.4231464737793852,0.5135623869801085,0.3924050632911392,7.276865178015142,2.01351849179825,-9.506063357631989,5.046907212453634,47.9762197216741,-515,-63.12999999996828,0.013854510719059243,0.00788581077042616,-0.004412045590975355,0.05420514087505168,-0.07846061976111862,-7.245541087426403,-0.8514117328114412,-0.03534567149476686,-40,-1486.79,-0.0018113677045945575,-0.012575892952437884,0.01635110039063331,-3.1626706501040927,-0.9604972850612814,-5.516206889193223,-13.228929399559744,-24.941745200897486
min_veto_gex_skewterm_veto_top4_bad,veto0.130,4022,32763.024999999994,0.45574341123818995,0.5402784684236698,0.3886126305320736,10.299738412056495,1.4477238932834016,-20.56470284306273,1.4812145769981573,30.460737622779966,550,2841.169999999991,0.42363636363636364,0.5109090909090909,0.39454545454545453,6.714286963412023,1.8718566409877428,-10.16212798818725,4.298823413816706,43.68519372982141,-541,119.93500000002678,0.014805431838672112,0.008391551921368645,-0.0038923004343958123,0.15113955714783245,-0.0710368821736691,-7.685639133369232,-0.8787166917154181,0.06703246252002515,-43,-1750.1650000000009,-0.0013214778476161038,-0.015229189023455492,0.01849149164494862,-3.725248864707212,-1.1021591358717886,-6.172271519748484,-13.977013198196673,-29.232771192750178
min_veto_gex_skewterm_veto_top4_bad,veto0.135,4002,33998.01999999999,0.4572713643178411,0.5424787606196901,0.3873063468265867,10.711250495699856,1.4865173370373188,-20.614268072445647,1.510710864355476,31.142198737779857,550,2712.3099999999913,0.42363636363636364,0.509090909090909,0.39636363636363636,6.408177903952561,1.7655007534785387,-11.255653900661038,3.6959260280657817,41.600064214353274,-561,1354.9300000000221,0.016333384918323257,0.010591844117389004,-0.005198584139882723,0.5626516407911932,-0.03224343841975186,-7.73520436275215,-0.8492204043580993,0.7484935775199162,-43,-1879.0250000000005,-0.0013214778476161038,-0.01704737084163732,0.02030967346313045,-4.031357924166674,-1.2085150233809927,-7.265797432222272,-14.579910583947598,-31.31790070821831
min_veto_gex_skewterm_veto_top4_bad,veto0.140,3989,34771.545,0.4575081474053648,0.5422411631987967,0.3870644271747305,10.978673177843035,1.5092972352985459,-19.92745815736901,1.5837998018928408,31.561104281868914,549,2446.849999999994,0.4225865209471767,0.5081967213114754,0.4007285974499089,5.815820429161113,1.5964978069131515,-11.855035293160363,3.1492519310011016,37.33449278907148,-574,2128.455000000031,0.01657016800584693,0.01035424669649554,-0.005440503791738938,0.8300743229343723,-0.009463540158524797,-7.048394447675513,-0.7761314668207346,1.1673991216089732,-44,-2144.484999999998,-0.0023713205368030565,-0.01794155862107094,0.024674634549402996,-4.6237153989581214,-1.37751796994638,-7.865178824721597,-15.126584681012277,-35.5834721335001
min_veto_gex_skewterm_veto_top4_bad,veto0.145,3964,34569.770000000004,0.45736629667003026,0.5421291624621595,0.3872351160443996,10.945403571144519,1.4987644055208893,-18.817513267627003,1.6714432642509587,31.4524058011282,545,2255.009999999995,0.42201834862385323,0.5064220183486239,0.4036697247706422,5.371854560839129,1.5594262432217225,-11.35986021011413,3.017395664806945,34.27719295081128,-599,1926.6800000000367,0.016428317270512416,0.010242245959858343,-0.005269814922069849,0.7968047162358562,-0.01999636993618137,-5.938449557933506,-0.6884880044626167,1.0587006408682598,-48,-2336.3249999999966,-0.0029394928601265136,-0.01971626158392248,0.027615761870136313,-5.067681267280106,-1.414589533637809,-7.370003741675364,-15.258440947206434,-38.6407719717603
min_veto_gex_skewterm_veto_top4_bad,veto0.150,3938,34633.130000000005,0.45733875063484003,0.5413915693245303,0.38801422041645506,11.00300637999145,1.5020744966678878,-18.8134324506677,1.6736223897878442,31.48658177819865,543,2496.0999999999954,0.42357274401473294,0.5082872928176796,0.4014732965009208,5.936628553420965,1.7494332332501303,-9.290397015191253,4.103464182160886,38.12281138989171,-625,1990.0400000000373,0.016400771235322187,0.00950465282222912,-0.004490710550014376,0.854407525082788,-0.01668627878918283,-5.934368740974204,-0.6863088789257312,1.0928766179387104,-50,-2095.2349999999965,-0.0013850974692468099,-0.017850987114866768,0.025419333600414873,-4.50290727469827,-1.224582543609401,-5.3005405467524875,-14.172372429852492,-34.795153532679876
min_veto_gex_skewterm_veto_top4_bad,veto0.155,3919,34091.96,0.4564940035723399,0.54018882367951,0.3881092115335545,10.859330761581381,1.4932215632837418,-17.994528140137188,1.7334931795228574,31.193391799659942,542,2567.139999999993,0.42066420664206644,0.507380073800738,0.4040590405904059,6.1221238676357705,1.7932542320517861,-9.307901986173512,4.218176339781794,39.262371931085084,-644,1448.8700000000317,0.015556024172822036,0.008301907177208911,-0.004395719432914946,0.7107319066727182,-0.025539212173328885,-5.115464430443691,-0.626438089190718,0.7996866394000008,-51,-2024.1949999999988,-0.0042936348419133075,-0.01875820613180834,0.028005077689900015,-4.317411960483464,-1.1807615448077453,-5.318045517734746,-14.057660272231583,-33.6555929914865
min_veto_gex_skewterm_veto_top4_bad,veto0.160,3891,35271.665,0.4577229503983552,0.5415060395785145,0.38704703161141096,11.298514048063602,1.5337328973432933,-17.9164549818644,1.7765126673450302,31.828809229199084,540,2586.559999999993,0.4222222222222222,0.5092592592592593,0.40185185185185185,6.193074835222283,1.7970679180021212,-10.374605021737723,3.814544757384353,39.57439519560302,-672,2628.5750000000335,0.016784970998837356,0.009619123076213376,-0.005457899355058471,1.1499151931549392,0.014972121886222656,-5.037391272170904,-0.5834186013685452,1.4351040689391432,-53,-2004.7749999999987,-0.002735619261757527,-0.01687902067328706,0.025797888951345938,-4.246460992896952,-1.1769478588574103,-6.384748553298958,-14.461291854629025,-33.34356972696857
min_veto_gex_skewterm_veto_top4_bad,veto0.165,3872,35371.799999999996,0.45867768595041325,0.5420971074380165,0.38636363636363635,11.37112415732347,1.540543055083767,-17.61981196549625,1.809447179849848,31.882119070451797,539,2848.219999999993,0.424860853432282,0.5139146567717996,0.39888682745825604,6.798016411836306,1.9501017421091893,-9.582727549364343,4.570676194012165,43.79954468358414,-691,2728.7100000000282,0.017739706550895407,0.010210190935715402,-0.006141294602833081,1.222525302414807,0.021782279626696432,-4.740748255802753,-0.5504840888637275,1.4884139101918556,-54,-1743.1149999999989,-9.698805169772173e-05,-0.012223623160746766,0.022832864557750132,-3.6415194162829287,-1.0239140347503422,-5.592871080925577,-13.705160418001213,-29.118420238987447
min_veto_gex_skewterm_veto_top4_bad,veto0.170,3843,36586.51,0.46083788706739526,0.5443663804319542,0.38485558157689304,11.821117126846225,1.5847087861593918,-16.48428596404305,1.9728648890155096,32.52126899895171,536,3164.5749999999935,0.43283582089552236,0.5186567164179104,0.39365671641791045,7.5409955212623725,2.1959271997213303,-9.04741376769923,5.411460240637894,48.959719884504274,-720,3943.4200000000346,0.019899907667877414,0.012479463929653045,-0.007649349389576399,1.6725182719375624,0.06594801070232115,-3.6052222543495525,-0.3870663796980658,2.1275638386917706,-57,-1426.7599999999984,0.007877979411542613,-0.007481563514635914,0.017602753517404535,-2.8985403068568623,-0.7780885771382011,-5.057557299260464,-12.864376371375485,-23.95824503806731
min_veto_gex_skewterm_veto_top4_bad,veto0.175,3825,35371.935,0.4593464052287582,0.5427450980392157,0.38666666666666666,11.44870351901012,1.5458821723215372,-16.623137541733133,1.9179406292438808,31.88219087679922,536,3083.7349999999938,0.43097014925373134,0.5167910447761194,0.39552238805970147,7.351715154250268,2.131252878667889,-9.04741376769923,5.265123562035919,47.635751403801386,-738,2728.8450000000303,0.01840842582924035,0.010858181536914535,-0.005838264299802776,1.3001046641014575,0.027121396864466574,-3.7440738320396356,-0.44199063946969464,1.4884857165392802,-57,-1507.599999999998,0.00601230776975159,-0.009347235156426992,0.019468425159195557,-3.0878206738689666,-0.8427628981916424,-5.057557299260464,-13.01071304997746,-25.2822135187702
min_veto_gex_skewterm_veto_top4_bad,veto0.180,3796,35849.325,0.4610115911485774,0.5429399367755532,0.3861959957850369,11.678026543790882,1.5639893753856031,-15.950964837524563,2.014613510780804,32.13502927166652,532,2853.2399999999925,0.4266917293233083,0.5112781954887218,0.40037593984962405,6.839231884391449,2.0374527726885177,-9.25113407247357,4.743308863276128,43.88098624131966,-767,3206.2350000000297,0.020073611749059583,0.011053020273252057,-0.006308935181432551,1.529427688882219,0.045228599928532454,-3.0719011278310653,-0.3453177579327713,1.741324111406577,-61,-1738.0949999999993,0.0017338878393285406,-0.014860084443824584,0.02432197694911814,-3.600303943727786,-0.9365630041710138,-5.261277604034805,-13.532527748737252,-29.036978681251924
min_veto_gex_skewterm_veto_top4_bad,veto0.185,3769,35811.03,0.4600689838153356,0.542849562218095,0.38710533297957017,11.721614395312692,1.5608342619305693,-17.25894102972538,1.8607646159309952,32.11482677655264,531,2586.2199999999925,0.423728813559322,0.5084745762711864,0.4030131826741996,6.181651474387271,1.9373478603085434,-9.25113407247357,4.2771978231489065,39.568930516442634,-794,3167.9400000000314,0.019131004415817776,0.010962645715793862,-0.005399597986899263,1.573015540404029,0.04207348647349862,-4.379877320031884,-0.4991666527825802,1.7211216162926988,-62,-2005.1149999999993,-0.001229027924657733,-0.017663703661359942,0.0269592197736937,-4.2578843537319635,-1.036667916550988,-5.261277604034805,-13.998638788864472,-33.34903440612895
min_veto_gex_skewterm_veto_top4_bad,veto0.190,3746,36019.92,0.45888948211425523,0.5424452749599573,0.38734650293646555,11.82551373057802,1.5633056449885643,-16.350064939619052,1.9709315828587737,32.22485937128712,529,2551.5299999999925,0.4215500945179584,0.5066162570888468,0.4045368620037807,6.100587863571258,1.9161402433947716,-10.133211671158907,3.8498871480636296,39.01172138140305,-817,3376.830000000031,0.01795150271473739,0.01055835845765618,-0.005158428030003881,1.6769148756693575,0.044544869531493614,-3.4710012299255553,-0.3889996858548017,1.831154211027176,-64,-2039.8049999999994,-0.0034077469660213633,-0.019522022843699527,0.028482899103274784,-4.338947964547977,-1.0578755334647598,-6.143355202720142,-14.425949463949749,-33.906243541168536
min_veto_gex_skewterm_veto_top4_bad,veto0.195,3721,35250.585,0.4592851384036549,0.542596076323569,0.38699274388605215,11.598099075141802,1.5334727271020494,-18.688885118132383,1.7024864881434774,31.8175743920861,529,2894.1199999999926,0.42533081285444235,0.5103969754253308,0.4007561436672968,6.918478648031359,2.2006267514692697,-7.252088790961109,6.142331238015995,44.544731521586066,-842,2607.4950000000317,0.01834715900413708,0.010709159821267855,-0.005512187080417286,1.4495002202331388,0.014711951644978738,-5.809821408438886,-0.657444780570098,1.4238692318261599,-64,-1697.2149999999992,0.00037297137046260476,-0.01574130450721556,0.02470218076679087,-3.521057180087876,-0.7733890253902618,-3.262232322522343,-12.133505373997384,-28.37323340098552
min_veto_gex_skewterm_veto_top4_bad,veto0.200,3696,35936.51,0.46130952380952384,0.5446428571428571,0.3866341991341991,11.874533142450014,1.5498095511328542,-18.497700351994773,1.7397282722855059,32.18097227463086,527,2771.429999999993,0.4250474383301708,0.5104364326375711,0.40227703984819735,6.652970699063263,2.1020146989655237,-7.331621019124518,5.804382474501493,42.55553255309312,-867,3293.4200000000346,0.020371544410005993,0.012755940640555963,-0.005870731832270326,1.7259342875413513,0.03104877567578357,-5.618636642301276,-0.6202029964280695,1.7872671143709198,-66,-1819.9049999999988,8.959684619103125e-05,-0.015701847294975257,0.026223076947691437,-3.7865651290559716,-0.8720010778940077,-3.3417645506857525,-12.471454137511886,-30.362432369478462
min_veto_gex_skewterm_veto_top4_bad,veto0.205,3679,36935.04000000001,0.4634411524870889,0.5463441152487089,0.38515901060070673,12.254225654544483,1.5926653254802459,-18.201739157675444,1.7966492636710278,32.70214125516971,525,2727.5399999999922,0.4228571428571429,0.5085714285714286,0.4038095238095238,6.595665858674164,2.0016139333042533,-7.114091406689169,5.882130413299919,41.84601342628196,-884,4291.950000000041,0.02250317308757105,0.014457198746407718,-0.007345920365762704,2.10562679963582,0.0739045500231752,-5.322675447981947,-0.5632820050425476,2.3084360949097658,-68,-1863.7949999999996,-0.002100698626836872,-0.017566851361117797,0.027755560909017873,-3.8438699694450706,-0.9724018435552781,-3.124234938250403,-12.39370619871346,-31.07195149628963
min_veto_gex_skewterm_veto_top4_bad,veto0.210,3655,37036.87000000001,0.4640218878248974,0.5477428180574555,0.3838577291381669,12.326890978905425,1.6062878853056213,-17.63406438627555,1.8574719251362126,32.75477952355117,523,2509.8999999999924,0.42065009560229444,0.5066921606118547,0.4072657743785851,6.071394705726383,1.8591936309359278,-6.913999264553585,5.545842569876558,38.34395144945648,-908,4393.7800000000425,0.02308390842537955,0.015855901555154372,-0.008647201828302531,2.178292123996762,0.08752710984855061,-4.755000676582053,-0.5024593435773628,2.3610743632912303,-70,-2081.4349999999995,-0.00430774588168531,-0.019446119320691624,0.031211811478079166,-4.368141122392852,-1.1148221459236036,-2.924142796114819,-12.72999404213682,-34.5740134731151
min_veto_gex_skewterm_veto_top4_bad,veto0.215,3626,35983.34000000001,0.4630446773303916,0.5468836183121898,0.38472145615002756,12.056941815074808,1.5766047159607417,-19.1428888747191,1.682380366773197,32.20562040614847,520,2110.7999999999947,0.4173076923076923,0.5019230769230769,0.4096153846153846,5.14549027322435,1.5653087195817066,-10.287753972044559,3.1098197549110798,31.993060535929096,-937,3340.2500000000437,0.022106697930873775,0.014996701809888657,-0.007783474816441871,1.908342960166145,0.05784394050367103,-6.2638251650256045,-0.6775509019403785,1.8119152458885281,-73,-2480.534999999997,-0.007650149176287424,-0.024215203009469444,0.03356142171487869,-5.294045554894884,-1.4087070572778249,-6.297897503605793,-15.1660168571023,-40.92490438664249
min_veto_gex_skewterm_veto_top4_bad,veto0.220,3597,36415.18000000001,0.46427578537670283,0.5474006116207951,0.3850430914651098,12.269913307080602,1.5920703971534123,-19.033250740400206,1.7039627562843853,32.431950392664156,517,2065.2799999999957,0.4158607350096712,0.5009671179883946,0.4119922630560928,5.071812282435849,1.5286945108410823,-10.85609712704041,2.880832724197334,31.27459986064267,-966,3772.09000000004,0.02333780597718499,0.015513695118493986,-0.007461839501359646,2.121314452171939,0.07330962169634159,-6.154187030706709,-0.6559685124291901,2.038245232404215,-76,-2526.054999999996,-0.009097106474308558,-0.02517116194415181,0.03593830015558691,-5.367723545683385,-1.4453212660184491,-6.866240658601645,-15.395003887816046,-41.64336506192892
min_veto_gex_skewterm_veto_top4_bad,veto0.225,3573,36308.935,0.4645955779457039,0.5471592499300307,0.3859501819199552,12.282842132094661,1.5877248895726257,-18.78882335654079,1.7231747942178735,32.37642682100314,514,2207.259999999995,0.4182879377431907,0.5038910505836576,0.41050583657587547,5.4445572803804065,1.6613490602794392,-9.899766046857122,3.385892020677839,33.519538864630924,-990,3665.8450000000303,0.023657598546186043,0.0152723334277296,-0.006554749046514208,2.1342432771859983,0.06896411411555503,-5.9097596468472915,-0.6367564744957019,1.982721660743202,-79,-2384.0749999999966,-0.006669903740789074,-0.022247229348888786,0.03445187367536956,-4.994978547738828,-1.3126667165800923,-5.909909578418357,-14.889944591335539,-39.39842605794066
min_veto_gex_skewterm_veto_top4_bad,veto0.230,3556,37322.655000000006,0.46569178852643417,0.5489313835770528,0.3847019122609674,12.660146499224961,1.6144655611860126,-17.207221816805866,1.9121048717587519,32.90201266534798,514,2433.559999999996,0.42217898832684825,0.5038910505836576,0.41050583657587547,6.038095011244687,1.827274737432052,-8.32294915719722,4.460198656553497,37.1220066494941,-1007,4679.565000000039,0.024753809126916326,0.017044467074751712,-0.007803018705502041,2.5115476443162983,0.09570478572894192,-4.328158107112369,-0.4478263969548235,2.508307505088041,-79,-2157.774999999996,-0.0027788531571315,-0.022247229348888786,0.03445187367536956,-4.401440816874548,-1.1467410394274795,-4.333092688758454,-13.81563795545988,-35.79595827307749
min_veto_gex_skewterm_veto_top4_bad,veto0.235,3535,36916.025,0.46534653465346537,0.5482319660537482,0.3855728429985856,12.584284068373973,1.6105816896457354,-16.377941805958677,1.9961178281944578,32.69230162800545,509,2922.494999999996,0.42829076620825146,0.5108055009823183,0.40471512770137524,7.3338972936429645,2.237241265919453,-7.499456890584903,6.001234144633253,45.00599675798325,-1028,4272.935000000034,0.024408555253947528,0.01634504955144711,-0.00693208796788386,2.4356852134653106,0.09182091418866478,-3.49887809626518,-0.36381344051911757,2.2985964677455115,-84,-1668.839999999996,0.003332924724271713,-0.01533277895022811,0.028661164800869332,-3.1056385344762703,-0.7367745109400783,-3.5096004221461374,-12.274602467380126,-27.911968164588338
min_veto_gex_skewterm_veto_top4_bad,veto0.240,3508,36748.465,0.46664766248574685,0.54903078677309,0.38511972633979474,12.605827339397964,1.6047431078859495,-16.920466616071646,1.926983133157543,32.605453774325355,508,2803.994999999996,0.4271653543307087,0.5098425196850394,0.40551181102362205,7.059591721229206,2.103681666471448,-8.103789804939323,5.31636225570078,43.0826822471122,-1055,4105.375000000029,0.025709683086229007,0.017143870270788897,-0.007385204626674691,2.457228484489301,0.08598233242887887,-4.041402906378149,-0.4329481355560323,2.2117486140654137,-85,-1787.339999999996,0.0022075128467289318,-0.016295760247507007,0.029457848123116137,-3.3799441068900284,-0.8703341103880833,-4.1139333365005575,-12.959474356312597,-29.835282675459382
min_veto_gex_skewterm_veto_top4_bad,veto0.245,3473,36832.58500000001,0.46703138496976676,0.5499568096746329,0.38468183126979555,12.73470289374862,1.609189520152164,-16.906831236601533,1.9311179725175096,32.649085659321656,506,3020.5799999999963,0.4268774703557312,0.5118577075098815,0.4051383399209486,7.605496559928986,2.198494194093287,-7.849921164523263,5.936871752797776,46.60397522334758,-1090,4189.495000000039,0.026093405570248918,0.018069893172331764,-0.007823099696673885,2.5861040388399577,0.09042874469509332,-4.027767526908036,-0.4288132961960658,2.2553804990617152,-87,-1570.7549999999956,0.0019196288717514554,-0.014280572422664894,0.029084377020442698,-2.8340392681902484,-0.7755215827662445,-3.860064696084497,-12.338964859215602,-26.313989699224003
min_veto_gex_skewterm_veto_top4_bad,veto0.250,3447,37605.950000000004,0.46852335364084713,0.5512039454598201,0.38265158108500147,13.081361018528938,1.6297643685934893,-16.401089060272884,2.014942277609131,33.04724774637644,502,3108.9099999999953,0.4302788844621514,0.5099601593625498,0.4043824701195219,7.846619760576511,2.252807878622682,-7.101544577538961,6.765804952674916,48.047665474354794,-1116,4962.860000000037,0.027585374241329286,0.019317028957518967,-0.009853349881467965,2.932762163620275,0.11100359313641861,-3.522025350579387,-0.3449889911044446,2.653542586116501,-91,-1482.4249999999965,0.005321042978171653,-0.016178120569996568,0.028328507219015975,-2.592916067542724,-0.7212078982368495,-3.1116881091001956,-11.510031659338463,-24.87029944821679
min_veto_gex_skewterm_veto_top4_bad,veto0.255,3423,37994.05500000001,0.4697633654688869,0.5521472392638037,0.3824130879345603,13.287864123899487,1.6402708773493566,-16.483828288369384,2.0168296176279243,33.245073103876386,498,3477.8449999999957,0.43373493975903615,0.5120481927710844,0.40562248995983935,8.820527738600447,2.46551380557482,-6.869279883695749,7.879252941601401,54.124793730293064,-1140,5350.96500000004,0.028825386069369074,0.02026032276150258,-0.010091843031909131,3.1392652689908243,0.12151010189228595,-3.604764578675887,-0.34310165108565105,2.851367943616445,-95,-1113.4899999999961,0.008777098275056405,-0.014090087161461984,0.029568527059333438,-1.619008089518788,-0.5085019712847116,-2.8794234152569835,-10.396583670411978,-18.79317119227852
min_veto_gex_skewterm_veto_top4_bad,veto0.260,3404,38732.10000000001,0.4706227967097532,0.5537602820211516,0.3816098707403055,13.621630130579797,1.667408523972628,-15.263114290933977,2.2025447256614696,33.617691878664836,492,3577.714999999994,0.4349593495934959,0.5142276422764228,0.40447154471544716,9.217608012795393,2.5639044949294023,-6.784114378133792,8.222568676522709,55.782846383590254,-1159,6089.010000000046,0.029684817310235367,0.02187336551885044,-0.010895060226163933,3.4730312756711346,0.1486477485155573,-2.38405058124048,-0.15738654305210575,3.2239867184048947,-101,-1013.6199999999981,0.010001508109516166,-0.011910637656123546,0.02841758181494125,-1.2219278153238413,-0.41011128193012913,-2.794257909695026,-10.05326793549067,-17.13511853898133
min_veto_gex_skewterm_veto_top4_bad,veto0.265,3377,38552.255000000005,0.47053597867930114,0.5534498075214688,0.38169973349126446,13.634212607856936,1.6669134206388692,-15.277984277760618,2.1944858391227644,33.52732014788591,487,3239.3849999999943,0.43121149897330596,0.5112936344969199,0.406570841889117,8.42301166834594,2.2792961697138296,-7.640405176587809,6.568786588001915,50.1881910508704,-1186,5909.165000000037,0.029597999279783294,0.02156289101916764,-0.010805197475204975,3.4856137529482734,0.1481526451817985,-2.398920568067121,-0.165445429590811,3.1336149876259682,-106,-1351.9499999999975,0.006253657489326214,-0.014844645435626469,0.030516878988611107,-2.0165241597732955,-0.6947196071457018,-3.650548708149043,-11.707050024011464,-22.729773871701184
min_veto_gex_skewterm_veto_top4_bad,veto0.270,3353,38620.05000000001,0.47121980316134804,0.5541306292872055,0.38055472711005073,13.734454516680836,1.67227487341291,-15.14819381568356,2.215539322116892,33.56141905769485,484,2916.249999999994,0.4297520661157025,0.506198347107438,0.41115702479338845,7.654030724781906,2.0485764896676333,-7.734066960388189,5.8060576527372225,44.90443866214395,-1210,5976.960000000043,0.030281823761830196,0.022243712784904335,-0.011950203856418706,3.5858556617721735,0.15351409795583937,-2.2691301059900635,-0.14439194659668342,3.1677138974349077,-109,-1675.0849999999978,0.004794224631722743,-0.01993993282510831,0.03510306189288254,-2.7855051033373286,-0.9254392871918982,-3.7442104919494232,-12.469778959276155,-28.013526260427632
min_veto_gex_skewterm_veto_top4_bad,veto0.275,3331,39152.56500000001,0.4722305613929751,0.5556889822876013,0.37916541579105373,13.977744390472113,1.6825597001246362,-14.783979085205475,2.2881469184717966,33.8279161865644,482,2988.149999999997,0.4315352697095436,0.5062240663900415,0.4107883817427386,7.839999622187651,2.0476302402500144,-7.613562048394075,6.051705102795906,46.07503229871968,-1232,6509.475000000042,0.03129258199345725,0.023802065785300197,-0.013339515175415706,3.82914553556345,0.16379892466756552,-1.9049153755119779,-0.07178435024177876,3.4342110263044603,-111,-1603.184999999995,0.006577428225563842,-0.01991421354250489,0.03473441884223266,-2.5995362059315834,-0.9263855366095171,-3.6237055799553097,-12.224131509217472,-26.842932623851908
min_veto_gex_skewterm_veto_top4_bad,veto0.280,3314,39219.205000000016,0.4716354858177429,0.5552202776101388,0.37929993964996983,14.037651017422832,1.6811103571533321,-14.341833734756642,2.361002122365525,33.861099886373914,481,2622.6199999999953,0.4261954261954262,0.501039501039501,0.41995841995842,6.900543835326997,1.8420698490890042,-9.073211524655125,4.425593844505867,40.15434907341342,-1249,6576.115000000049,0.03069750641822505,0.02333336110783768,-0.013204991316499604,3.8890521625141687,0.16234958169626146,-1.4627700250631452,0.0010708536519494771,3.467394726113973,-112,-1968.7149999999965,0.001237584711446471,-0.025098778893045348,0.04390445705791407,-3.538991992792238,-1.1319459277705273,-5.08335505621636,-13.850242767507511,-32.763615849158164
min_veto_gex_skewterm_veto_top4_bad,veto0.285,3283,37871.63500000001,0.4696923545537618,0.5537618032287542,0.38074931465123363,13.656522175456777,1.650213119872542,-15.703298753025145,2.1131110799693196,33.18281458708583,479,2839.529999999995,0.430062630480167,0.5052192066805845,0.4154488517745303,7.523591954571166,1.9024353590387082,-8.882462285009861,4.915145776462663,43.658596984755114,-1280,5228.545000000042,0.02875437515424395,0.021874886726453102,-0.011755616315235806,3.507923320548114,0.13145234441547138,-2.8242350433316474,-0.24682018874425582,2.7891094268258882,-114,-1751.8049999999967,0.0051047889961872706,-0.02091907325196185,0.03939488887402437,-2.915943873548069,-1.0715804178208232,-4.892605816571096,-13.360690835550717,-29.25936793781647
min_veto_gex_skewterm_veto_top4_bad,veto0.290,3254,36920.94500000001,0.4692685925015366,0.5519360786724032,0.3819913952059004,13.397199788393527,1.6230099176450417,-17.227127262492985,1.8978699917780737,32.69484787602739,473,2455.1599999999944,0.4312896405919662,0.4989429175475687,0.42071881606765327,6.576390715545023,1.6526749245686647,-10.066284428542554,3.722069317086509,37.467408408543946,-1309,4277.85500000004,0.02833061310201873,0.02004916217010211,-0.010513535760569015,3.2486009334848642,0.10424914218797099,-4.348063552799488,-0.4620612769355017,2.3011427157674476,-120,-2136.1749999999975,0.006331799107986424,-0.02719536238497766,0.044664853167147356,-3.8631451125742116,-1.3213408522908667,-6.076427960103788,-14.55376729492687,-35.45055651402764
min_veto_gex_skewterm_veto_top4_bad,veto0.295,3226,36254.44000000002,0.46869187848729077,0.5511469311841289,0.38282703037817734,13.259216138728624,1.6039860304777864,-16.91274614189438,1.9126348319879887,32.34790737555766,472,2387.354999999994,0.4322033898305085,0.4978813559322034,0.4216101694915254,6.413149003087616,1.6444667895363245,-10.11593879059082,3.596705834812344,36.38405607272253,-1337,3611.3500000000495,0.027753899087772926,0.01926001468182781,-0.009677900588292099,3.110617283819961,0.08522525502071576,-4.033682432200884,-0.4472964367255867,1.9542022152977196,-121,-2203.9799999999977,0.007245548346528741,-0.028256924000342964,0.0455562065910195,-4.026386825031619,-1.329548987323207,-6.126082322152054,-14.679130777201035,-36.533908849849055
min_veto_gex_skewterm_veto_top4_bad,veto0.300,3196,35350.60500000001,0.467459324155194,0.5500625782227785,0.38360450563204007,13.035095333405119,1.575069838486444,-16.99793909628033,1.874982792192654,31.870843308264373,470,2411.014999999995,0.4319148936170213,0.4978723404255319,0.42127659574468085,6.52421276973432,1.6846010222254109,-10.290563306148655,3.5723779135124127,36.761781072486734,-1367,2707.515000000043,0.026521344755676135,0.018175661720477354,-0.008900425334429363,2.886496478496456,0.05630906302937344,-4.118875386586833,-0.4849484765209213,1.4771381480044319,-123,-2180.319999999997,0.006957052133041541,-0.028265939507014448,0.04522263284417494,-3.9153230583849146,-1.2894147546341206,-6.30070683770989,-14.703458698500967,-36.15618385008485
min_veto_gex_skewterm_veto_top4_bad,tilt0.005,4563,32891.60999999997,0.44093797939951784,0.532325224632917,0.39250493096646943,10.221922012634899,1.5256437512371213,-12.879063709693497,2.3707029420459174,30.532434227367176,593,4591.334999999992,0.42495784148397975,0.5261382799325464,0.3760539629005059,10.439535828119235,2.9740157768595314,-3.9898564684387656,18.27583661201338,72.91796492257158,0,248.52000000000407,0.0,0.00043830813061584983,0.0,0.07332315772623588,0.006882975780050593,0.0,0.010771673332341969,0.13872906710723498,0,0.0,0.0,0.0,0.0,0.0,0.0,0.0,0.0,0.0
min_veto_gex_skewterm_veto_top4_bad,tilt0.010,4563,32697.63999999997,0.44071882533421,0.5321060705676091,0.39272408503177736,10.163410529748653,1.5191984608208149,-13.227950592661275,2.299994422670443,30.424212586481115,593,4591.334999999992,0.42495784148397975,0.5261382799325464,0.3760539629005059,10.439535828119235,2.9740157768595314,-3.9898564684387656,18.27583661201338,72.91796492257158,0,54.55000000000291,-0.0002191540653078694,0.00021915406530792492,0.00021915406530792492,0.014811674839990019,0.0004376853637442224,-0.34888688296777737,-0.05993684604313243,0.030507426221173972,0,0.0,0.0,0.0,0.0,0.0,0.0,0.0,0.0,0.0
min_veto_gex_skewterm_veto_top4_bad,tilt0.020,4563,32640.14999999997,0.44071882533421,0.532325224632917,0.39272408503177736,10.142422385267393,1.5193090168785386,-13.254595763285653,2.2929450723693563,30.392060041673584,593,4591.334999999992,0.42495784148397975,0.5261382799325464,0.3760539629005059,10.439535828119235,2.9740157768595314,-3.9898564684387656,18.27583661201338,72.91796492257158,0,-2.9399999999986903,-0.0002191540653078694,0.00043830813061584983,0.00021915406530792492,-0.006176469641269833,0.000548241421467921,-0.37553205359215625,-0.0669861963442191,-0.0016451185863566309,0,0.0,0.0,0.0,0.0,0.0,0.0,0.0,0.0,0.0
min_veto_gex_skewterm_veto_top4_bad,tilt0.030,4563,32238.789999999968,0.44049967126890205,0.532325224632917,0.39272408503177736,10.016973877305663,1.5006721799264116,-12.879063709693497,2.342297482407239,30.166598502977514,593,4591.334999999992,0.42495784148397975,0.5261382799325464,0.3760539629005059,10.439535828119235,2.9740157768595314,-3.9898564684387656,18.27583661201338,72.91796492257158,0,-404.2999999999993,-0.0004383081306157943,0.00043830813061584983,0.00021915406530792492,-0.13162497760299985,-0.018088595530659113,0.0,-0.017633786306336496,-0.22710665728242674,0,0.0,0.0,0.0,0.0,0.0,0.0,0.0,0.0,0.0
min_veto_gex_skewterm_veto_top4_bad,tilt0.040,4563,31777.084999999977,0.4402805172035941,0.5321060705676091,0.39294323909708523,9.857125264597197,1.4844973042882186,-12.909555247172252,2.3165060854782036,29.905063290891597,593,4569.844999999992,0.42495784148397975,0.5261382799325464,0.3760539629005059,10.385598300067592,2.9561587799127347,-3.9970920113433484,18.15043632709912,72.548964045444,0,-866.0049999999901,-0.0006574621959237192,0.00021915406530792492,0.0004383081306157943,-0.29147359031146536,-0.03426347116885209,-0.030491537478754438,-0.04342518323537181,-0.48864186936834386,0,-21.48999999999978,0.0,0.0,0.0,-0.05393752805164276,-0.017856996946796766,-0.007235542904582726,-0.12540028491426014,-0.3690008771275899
min_veto_gex_skewterm_veto_top4_bad,tilt0.050,4563,31629.464999999975,0.4400613631382862,0.5314486083716853,0.3938198553583169,9.792977050359907,1.476990924518664,-13.304964112331072,2.241339752236761,29.820944967051123,593,4325.754999999993,0.42327150084317033,0.524451939291737,0.3777403035413153,9.83219095259914,2.759306862655691,-4.4540798013132505,15.351082982429384,68.3749486403223,0,-1013.6249999999927,-0.0008766162612316442,-0.00043830813061584983,0.0013149243918474385,-0.3556218045487558,-0.04176985093840657,-0.4259004026375752,-0.11859151647681454,-0.5727601932088184,0,-265.579999999999,-0.001686340640809414,-0.001686340640809414,0.001686340640809414,-0.607344875520095,-0.21470891420384053,-0.4642233328744849,-2.9247536295839947,-4.543016282249283
min_veto_gex_skewterm_veto_top4_bad,tilt0.075,4563,31698.204999999973,0.4402805172035941,0.5314486083716853,0.3938198553583169,9.803147829851376,1.4782815781598224,-13.206379174489847,2.261039529720836,29.860145358003564,593,4409.454999999993,0.42327150084317033,0.524451939291737,0.3777403035413153,10.007355521089064,2.7913581487061,-4.423388334975727,15.78036279393357,69.80267270437072,0,-944.8849999999948,-0.0006574621959237192,-0.00043830813061584983,0.0013149243918474385,-0.34545102505728664,-0.04047919729724825,-0.32731546479634943,-0.09889173899273951,-0.5335598022563772,0,-181.8799999999992,-0.001686340640809414,-0.001686340640809414,0.001686340640809414,-0.43218030703017085,-0.18265762815343134,-0.43353186653696163,-2.495473818079809,-3.1152922182008638
min_veto_gex_skewterm_veto_top4_bad,tilt0.100,4563,31736.724999999977,0.4400613631382862,0.5316677624369932,0.3940390094236248,9.810886013809606,1.4820525565962113,-13.16728540094982,2.269419108704398,29.882089098679977,593,4425.294999999993,0.42327150084317033,0.524451939291737,0.3777403035413153,10.046916540095292,2.8067517562377846,-4.417627592444144,15.86219854320439,70.07328596128701,0,-906.3649999999907,-0.0008766162612316442,-0.00021915406530792492,0.0015340784571553634,-0.33771284109905686,-0.0367082188608594,-0.28822169125632335,-0.09051216000917739,-0.5116160615799643,0,-166.03999999999905,-0.001686340640809414,-0.001686340640809414,0.001686340640809414,-0.3926192880239423,-0.16726402062174683,-0.4277711240053783,-2.4136380688089893,-2.844678961284572
min_veto_gex_skewterm_veto_top4_bad,tilt0.150,4563,31232.384999999973,0.4400613631382862,0.5314486083716853,0.39447731755424065,9.63967825624715,1.466975178939936,-13.360587491556839,2.2149820309686143,29.59346121698243,593,4425.294999999993,0.42327150084317033,0.524451939291737,0.3777403035413153,10.046916540095292,2.8067517562377846,-4.417627592444144,15.86219854320439,70.07328596128701,0,-1410.7049999999945,-0.0008766162612316442,-0.00043830813061584983,0.0019723865877712132,-0.5089205986615131,-0.05178559651713477,-0.4815237818633413,-0.14494923774496105,-0.8002439432775112,0,-166.03999999999905,-0.001686340640809414,-0.001686340640809414,0.001686340640809414,-0.3926192880239423,-0.16726402062174683,-0.4277711240053783,-2.4136380688089893,-2.844678961284572
min_veto_gex_skewterm_veto_top4_bad,tilt0.200,4563,31486.72499999997,0.4400613631382862,0.5312294543063774,0.3942581634889327,9.699967499110452,1.4687897126005736,-13.450082714672575,2.2110923756160323,29.73937534181752,593,4283.229999999992,0.42158516020236086,0.5227655986509275,0.3777403035413153,9.709384682936344,2.7274894684217195,-4.450962005225463,15.199187532150129,67.65100621589679,0,-1156.364999999998,-0.0008766162612316442,-0.0006574621959237748,0.0017532325224632883,-0.4486313557982111,-0.049971062856497106,-0.5710190049790782,-0.14883889309754306,-0.6543298184424202,0,-308.10499999999956,-0.0033726812816188834,-0.003372681281618828,0.001686340640809414,-0.7301511451828908,-0.24652630843781198,-0.46110553678669763,-3.07664907986325,-5.266958706674799
min_veto_gex_skewterm_veto_top4_bad,tilt0.250,4563,31655.269999999975,0.4400613631382862,0.5312294543063774,0.3942581634889327,9.730714943388802,1.4725974951720258,-13.435513666173188,2.220656964301911,29.835666991760988,593,4632.259999999993,0.4266441821247892,0.524451939291737,0.3760539629005059,10.470563477731735,2.9989053651338744,-4.385540339576257,16.787294252402063,73.6213561362459,0,-987.8199999999924,-0.0008766162612316442,-0.0006574621959237748,0.0017532325224632883,-0.41788391151986026,-0.046163280285044905,-0.5564499564796908,-0.13927430441166422,-0.5580381684989533,0,40.92500000000109,0.0016863406408094694,-0.001686340640809414,0.0,0.031027649612500596,0.024889588274342955,-0.39568387113749104,-1.4885423596113156,0.7033912136743083
min_veto_gex_skewterm_veto_top4_bad,tilt0.300,4563,32091.499999999978,0.44049967126890205,0.5316677624369932,0.3942581634889327,9.850041433310778,1.4836859092455759,-13.573596796852996,2.2163189724241747,30.083420104901304,593,4632.259999999993,0.4266441821247892,0.524451939291737,0.3760539629005059,10.470563477731735,2.9989053651338744,-4.385540339576257,16.787294252402063,73.6213561362459,0,-551.5899999999892,-0.0004383081306157943,-0.00021915406530792492,0.0017532325224632883,-0.29855742159788434,-0.035074866211494804,-0.694533087159499,-0.14361229628940064,-0.31028505535863715,0,40.92500000000109,0.0016863406408094694,-0.001686340640809414,0.0,0.031027649612500596,0.024889588274342955,-0.39568387113749104,-1.4885423596113156,0.7033912136743083
min_veto_gex_skewterm_veto_top4_bad,tilt0.400,4563,33224.86999999997,0.44049967126890205,0.532325224632917,0.3933815472277011,10.172842552868362,1.513331360166813,-12.879063709693497,2.3850677723991094,30.71743979266488,593,4793.279999999992,0.42833052276559863,0.5227655986509275,0.3777403035413153,10.784172558280158,3.166782410066332,-3.553018197337078,21.502122932061663,76.39743405899398,0,581.7800000000061,-0.0004383081306157943,0.00043830813061584983,0.0008766162612316442,0.024243697959699162,-0.005429415290257644,0.0,0.025136503685533995,0.32373463240493905,0,201.9449999999997,0.0033726812816188834,-0.003372681281618828,0.001686340640809414,0.3446367301609232,0.19276663320680054,0.4368382711016876,3.2262863200482848,3.479469136422395
min_veto_gex_skewterm_veto_top4_bad,tilt0.500,4563,33533.914999999964,0.44071882533421,0.5340784571553803,0.3918474687705457,10.226721569587069,1.5335272848697226,-12.879063709693497,2.3983082040146484,30.887964154985248,593,4914.33999999999,0.42833052276559863,0.5227655986509275,0.3777403035413153,11.02802144413549,3.2379226543190924,-3.5769464346318807,21.94428937310563,78.49354763366046,0,890.8249999999971,-0.0002191540653078694,0.002191540653079138,-0.0006574621959237192,0.07812271467840581,0.014766509412651896,0.0,0.038376935301073,0.4942589947253069,0,323.0049999999983,0.0033726812816188834,-0.003372681281618828,0.001686340640809414,0.5884856160162553,0.263906877459561,0.41291003380688496,3.668452761092251,5.57558271108887
min_veto_gex_skewterm_veto_top4_bad,tilt0.750,4563,34992.714999999975,0.44071882533421,0.5338593030900723,0.3920666228358536,10.548483401625864,1.5641994523482006,-13.11397428159895,2.4157278000164992,31.679792240759987,593,4350.729999999989,0.42327150084317033,0.5177065767284992,0.38785834738617203,9.776629147937799,3.0120075288993733,-4.403056960178083,15.625637449527492,68.80057172936134,0,2349.6250000000073,-0.0002191540653078694,0.0019723865877712132,-0.00043830813061584983,0.3998845467172014,0.0454386768911299,-0.23491057190545206,0.055796531302923835,1.286087080500046,0,-240.6050000000032,-0.001686340640809414,-0.00843170320404718,0.01180438448566612,-0.6629066801814361,0.03799175203984184,-0.4132004917393175,-2.6501991624858867,-4.117393193210248
min_veto_gex_skewterm_veto_top4_bad,tilt1.000,4563,36948.83999999997,0.443129520052597,0.5353933815472277,0.39075169844400615,11.020961094368358,1.593900606944816,-12.879063709693497,2.5397250135594,32.7092802547337,593,5116.459999999986,0.4266441821247892,0.5227655986509275,0.3827993254637437,11.360350744828713,3.5708177260734213,-4.053147474944192,20.233717873254903,82.01024250671627,0,4305.75,0.002191540653079138,0.0035064650449265766,-0.0017532325224632883,0.8723622394596955,0.07513983148774539,0.0,0.17979374484582467,2.3155750944737576,0,525.1249999999945,0.0016863406408094694,-0.003372681281618828,0.006745362563237767,0.9208149167094781,0.5968019492138898,-0.06329100650542596,1.9578812612415248,9.092277584144682
avg_veto_gex_skewterm_stack_equal_core,veto0.030,4545,32634.499999999967,0.4407040704070407,0.5317931793179318,0.39295929592959294,10.045754673217527,1.5055153208749055,-12.91661318702801,2.352698637331544,30.388898244059458,592,4726.464999999993,0.42905405405405406,0.5304054054054054,0.3716216216216216,10.682138649378023,3.0699305496257465,-3.9898564684387656,18.858785609276275,75.24384775007084,-18,-8.590000000000146,-0.0002339089924771609,-9.373718436933576e-05,0.00045436496312351027,-0.10284418169113607,-0.013245454582165195,-0.037549477334513526,-0.007232631382031229,-0.0048069162004829025,-1,135.13000000000102,0.004096212570074309,0.0042671254728590124,-0.004432341278884311,0.24260282125878874,0.09591477276621507,0.0,0.5829489972628963,2.3258828274992567
avg_veto_gex_skewterm_stack_equal_core,veto0.035,4541,32720.37999999997,0.44065183880202596,0.5322616163840563,0.3928650077075534,10.047722442383789,1.5107198070550067,-13.267413716806518,2.2941110693399276,30.43692066923822,592,4726.464999999993,0.42905405405405406,0.5304054054054054,0.3716216216216216,10.682138649378023,3.0699305496257465,-3.9898564684387656,18.858785609276275,75.24384775007084,-22,77.29000000000087,-0.0002861405974918796,0.00037469988175520275,0.00036007674108395893,-0.10087641252487423,-0.00804096840206392,-0.38835000711302037,-0.0658201993736478,0.043215508978278194,-1,135.13000000000102,0.004096212570074309,0.0042671254728590124,-0.004432341278884311,0.24260282125878874,0.09591477276621507,0.0,0.5829489972628963,2.3258828274992567
avg_veto_gex_skewterm_stack_equal_core,veto0.040,4539,33277.20999999997,0.44172725269883234,0.5331570830579423,0.39259748843357567,10.193613723077736,1.5280481315419112,-12.922296096227823,2.379328685924523,30.746389789765338,592,4723.024999999992,0.42905405405405406,0.5304054054054054,0.3716216216216216,10.667266391377497,3.067061301613493,-3.9910129324963024,18.83845521686764,75.18451839877119,-24,634.1200000000026,0.0007892732993144969,0.0012701665556411612,9.255746710623569e-05,0.04501486816907274,0.009287356084840548,-0.04323238653432604,0.019397417210947676,0.35268462950539714,-1,131.6900000000005,0.004096212570074309,0.0042671254728590124,-0.004432341278884311,0.22773056325826246,0.09304552475396166,-0.0011564640575367768,0.5626186048542614,2.2665534761996042
avg_veto_gex_skewterm_stack_equal_core,veto0.045,4534,33075.20499999997,0.4415527128363476,0.5330833700926334,0.39236876929863257,10.125305659118405,1.517307787691183,-12.99760969659366,2.3569333392386347,30.63449962431295,592,4525.209999999993,0.42736486486486486,0.5287162162162162,0.3716216216216216,10.19199475671541,2.9699722045315258,-3.9910129324963024,17.986242433108913,71.78332615755143,-29,432.11500000000524,0.000614733436829773,0.0011964535903322693,-0.0001361616678368649,-0.02329319579025757,-0.0014529877658877588,-0.1185459869001626,-0.002997929474940708,0.24079446405301042,-1,-66.12499999999909,0.0024070233808851094,0.0025779362836698683,-0.004432341278884311,-0.24754107140382509,-0.0040435723280056735,-0.0011564640575367768,-0.2895941789044656,-1.1346387650201564
avg_veto_gex_skewterm_stack_equal_core,veto0.050,4529,33283.62499999997,0.44226098476484876,0.5336718922499448,0.39191874586001324,10.183274386102315,1.522405371699034,-12.934539612899677,2.377350641728618,30.749936049191273,592,4597.329999999993,0.42736486486486486,0.5287162162162162,0.3716216216216216,10.336297901434708,2.964726192488632,-4.360109587286662,16.747502810927937,73.02094756903723,-34,640.5350000000035,0.0013230053653309204,0.0017849757476436912,-0.000586185106456194,0.03467553119365263,0.003644596241963338,-0.055475903206179566,0.017419373015042705,0.35623088893133215,-1,5.9950000000008,0.0024070233808851094,0.0025779362836698683,-0.004432341278884311,-0.10323792668452647,-0.00928958437089955,-0.3702531188478968,-1.5283338010854415,0.10298264646564803
avg_veto_gex_skewterm_stack_equal_core,veto0.055,4519,33398.37499999996,0.4427970789997787,0.5339676919672494,0.3912369993361363,10.202954895062991,1.5239462121356804,-12.90368774794074,2.387945126516099,30.81329827178059,591,4701.269999999992,0.428087986463621,0.5296108291032149,0.37055837563451777,10.594437529873296,3.006756107603954,-4.360109587286662,17.157700923941803,74.80945629427589,-44,755.2849999999962,0.0018590996002608717,0.0020807754649482257,-0.001267931630333119,0.054356040154328156,0.005185436678609712,-0.024624038247242908,0.028013857802523745,0.4195931115206477,-2,109.9350000000004,0.0031301449796412584,0.0034725491706685263,-0.005495587265988144,0.1549017017540617,0.03274033074442251,-0.3702531188478968,-1.1181356880715754,1.891491371704305
avg_veto_gex_skewterm_stack_equal_core,veto0.060,4516,33517.62499999996,0.4433126660761736,0.5343224092116917,0.3912754650132861,10.218651341831114,1.5259740601545684,-12.96681361059603,2.3813869269876777,30.87900041695928,590,4470.999999999993,0.42542372881355933,0.5271186440677966,0.3728813559322034,10.091079269253271,2.840380565143652,-5.460279664126677,12.976417105669986,70.85486643531537,-47,874.5349999999962,0.002374686676655746,0.0024354927093905854,-0.0012294659531833507,0.07005248692245125,0.007213284697497713,-0.08774990090253354,0.02145565827410234,0.48529525669933804,-3,-120.33499999999913,0.000465887329579584,0.0009803641352502668,-0.003172606968302516,-0.34845655886596383,-0.13363521171587944,-1.4704231956879115,-5.299419506343392,-2.0630984872562124
avg_veto_gex_skewterm_stack_equal_core,veto0.065,4513,33128.29499999996,0.4431641923332595,0.533791269665411,0.39175714602260137,10.07979881231768,1.503785139102653,-13.538248228805786,2.2649863564728054,30.663947528787226,590,4384.029999999993,0.42542372881355933,0.5288135593220339,0.3711864406779661,9.840439620427377,2.776169185846433,-5.422910786966633,12.791762556198492,69.36858715032469,-50,485.20499999999447,0.0022262129337416448,0.0019043531631098842,-0.0007477849438680684,-0.06880004259098271,-0.014975636354417565,-0.6591845191122889,-0.09494491224076995,0.2702423685272848,-3,-207.30499999999847,0.000465887329579584,0.002675279389487528,-0.004867522222539833,-0.5990962076918578,-0.19784659101309865,-1.4330543185278675,-5.484074055814887,-3.549377772246899
avg_veto_gex_skewterm_stack_equal_core,veto0.070,4509,32623.604999999967,0.4428919937901974,0.5335994677312043,0.39188290086493677,9.912480223186634,1.4867382824638398,-14.302887187498511,2.1242424641972266,30.38280032430678,589,4710.709999999994,0.42784380305602715,0.5314091680814941,0.3684210526315789,10.556028376422763,2.9524883941776117,-5.33750160729011,14.0463046872154,74.97217384449881,-54,-19.485000000000582,0.001954014390679548,0.0017125512289031253,-0.0006220301015326668,-0.23611863172202874,-0.0320224929932309,-1.4238234778050138,-0.23568880451634877,-0.010904835953162717,-4,119.37500000000182,0.002885961572047402,0.005270888148947717,-0.0076329102689269845,0.11649254830352795,-0.021527382681919782,-1.3476451388513446,-4.229531924797978,2.054208921927227
avg_veto_gex_skewterm_stack_equal_core,veto0.075,4501,32726.669999999962,0.4432348367029549,0.5343257053988003,0.3914685625416574,9.935793910484282,1.487036239982043,-14.886509743338777,2.0448335666852193,30.4404348139657,588,4654.269999999992,0.42857142857142855,0.532312925170068,0.3707482993197279,10.42727854408326,2.907601035606876,-5.950512636546353,12.43590587432865,74.00001505209366,-62,83.57999999999447,0.0022968573034370388,0.0024387888964991777,-0.0010363684248120286,-0.2128049444243807,-0.03172453547502774,-2.00744603364528,-0.3150977020283561,0.046729653705760654,-5,62.9350000000004,0.0036135870874487996,0.006174645237521648,-0.005305663580777997,-0.012257284035975147,-0.06641474125265523,-1.9606561681075876,-5.839930737684728,1.0820501295220737
avg_veto_gex_skewterm_stack_equal_core,veto0.080,4496,33386.07999999996,0.4443950177935943,0.535364768683274,0.3905693950177936,10.120701489706322,1.5046247364672571,-15.043350953539408,2.0478493064481773,30.806515816862202,588,4437.399999999991,0.42517006802721086,0.5289115646258503,0.37244897959183676,9.9041612699396,2.717511349515321,-6.032112789198283,11.651005600565348,70.28017989019106,-67,742.9899999999907,0.0034570383940764615,0.0034778521809728513,-0.0019355359486758483,-0.02789736520234065,-0.014136038989813526,-2.1642872438459104,-0.3120819622653981,0.4128106566022609,-5,-153.9350000000004,0.0002122265432311088,0.0027732846933039568,-0.003604983308669152,-0.535374558179635,-0.2565044273442103,-2.0422563207595177,-6.62483101144803,-2.6377850323805205
avg_veto_gex_skewterm_stack_equal_core,veto0.085,4488,33150.49499999996,0.44385026737967914,0.5349821746880571,0.3910427807486631,10.04591505555625,1.5000388944006664,-15.243699268678975,2.0123889929557044,30.676252620216495,588,4346.309999999991,0.42517006802721086,0.5289115646258503,0.37244897959183676,9.681167929776649,2.6533644979332043,-6.805615173859687,10.098311500732033,68.72522197974371,-75,507.40499999999156,0.002912287980161299,0.003095258185755956,-0.001462150217806324,-0.10268379935241256,-0.018721881056404266,-2.364635558985478,-0.347542275757871,0.28254745995655384,-5,-245.02500000000055,0.0002122265432311088,0.0027732846933039568,-0.003604983308669152,-0.7583678983425859,-0.32065127892632717,-2.8157587054209214,-8.177525111281346,-4.192742942827877
avg_veto_gex_skewterm_stack_equal_core,veto0.090,4475,32991.32999999996,0.44446927374301676,0.5349720670391062,0.391731843575419,10.0008169480186,1.493277578126307,-14.946334452737448,2.04651619023328,30.587915442168658,587,4029.2499999999914,0.42248722316865417,0.5264054514480409,0.37649063032367974,8.978061821562214,2.458719852666094,-8.329702285563899,7.605011273982265,63.34747979062929,-88,348.2399999999907,0.003531294343498914,0.003085150536805026,-0.0007730873910504199,-0.14778190689006188,-0.02548319733076365,-2.0672707430439505,-0.3134150784802956,0.1942102819087168,-6,-562.0850000000005,-0.002470618315325579,0.0002671715154944909,0.000436667423173831,-1.4614740065570206,-0.5152959241934374,-4.339845817125133,-10.670825338031115,-9.570485131942291
avg_veto_gex_skewterm_stack_equal_core,veto0.095,4468,33420.70999999996,0.44538943598925695,0.5360340196956133,0.3914503133393017,10.110726439051469,1.5006731850357635,-15.701907415154345,1.9631764724906762,30.825615210657897,587,4143.729999999991,0.424190800681431,0.5281090289608177,0.3747870528109029,9.205351358988535,2.58123693563223,-7.346808062170954,8.885896109621816,65.28297317778306,-95,777.6199999999953,0.004451456589739111,0.004147103193312129,-0.001054617627167742,-0.03787241585719414,-0.018087590421307143,-2.8228437054608477,-0.3967547962228992,0.43191005039795627,-6,-447.6050000000005,-0.0007670408025487463,0.0019707490282713236,-0.0012669100896030017,-1.2341844691306996,-0.39277884122730145,-3.3569515937321883,-9.389940502391562,-7.634991744788522
avg_veto_gex_skewterm_stack_equal_core,veto0.100,4457,33395.58999999996,0.44536683868072696,0.536010769575948,0.39196769127215614,10.099815687290661,1.4996253617336417,-16.217267136957723,1.8999355330584182,30.811762082606542,587,4143.729999999991,0.424190800681431,0.5281090289608177,0.3747870528109029,9.205351358988535,2.58123693563223,-7.346808062170954,8.885896109621816,65.28297317778306,-106,752.4999999999927,0.004428859281209119,0.0041238530736468215,-0.0005372396943132962,-0.0487831676180015,-0.019135413723428973,-3.338203427264226,-0.45999573565515717,0.41805692234660086,-6,-447.6050000000005,-0.0007670408025487463,0.0019707490282713236,-0.0012669100896030017,-1.2341844691306996,-0.39277884122730145,-3.3569515937321883,-9.389940502391562,-7.634991744788522
avg_veto_gex_skewterm_stack_equal_core,veto0.105,4450,33773.719999999965,0.4465168539325843,0.5366292134831461,0.3919101123595506,10.203742085908814,1.5063435751754133,-17.093290910620905,1.8147238811708002,31.019603223303527,587,4019.4199999999914,0.42248722316865417,0.5264054514480409,0.37649063032367974,8.924375431157252,2.4438241105508696,-7.401314861441254,8.53653934760639,63.181615538717196,-113,1130.6299999999974,0.005578874533066436,0.00474229698084494,-0.0005948186069188455,0.055143231000151616,-0.012417200281657381,-4.214227200927407,-0.5452073875427752,0.6258980630435858,-6,-571.9150000000004,-0.002470618315325579,0.0002671715154944909,0.000436667423173831,-1.5151603969619831,-0.5301916663086619,-3.411458393002488,-9.73929726440699,-9.736349383854389
avg_veto_gex_skewterm_stack_equal_core,veto0.110,4445,33888.26499999996,0.4465691788526434,0.5365579302587177,0.3919010123734533,10.22469842157753,1.507698932135161,-16.496132393415376,1.8842158411624121,31.08227397358567,587,4114.68999999999,0.42078364565587734,0.5281090289608177,0.3747870528109029,9.12256080594971,2.4825383611389014,-7.376527602282441,8.783445755237045,64.7913300566566,-118,1245.1749999999956,0.005631199453125568,0.004671013756416542,-0.0006039185930161173,0.07609956666886752,-0.011061843321909626,-3.617068683721879,-0.47571542755116325,0.6885688133257304,-6,-476.64500000000226,-0.004174195828102412,0.0019707490282713236,-0.0012669100896030017,-1.3169750221695242,-0.4914774157206301,-3.3866711338436755,-9.492390856776334,-8.12663486591498
avg_veto_gex_skewterm_stack_equal_core,veto0.115,4436,34758.00499999997,0.44792605951307485,0.5374211000901713,0.3913435527502254,10.48181258915027,1.5296237440355653,-16.291265971162872,1.9368551668903813,31.55382267143225,587,4062.7299999999896,0.42078364565587734,0.5264054514480409,0.37649063032367974,8.979051759728186,2.3574371705233483,-6.4875545239466526,9.851599470218664,63.91278871112753,-127,2114.915000000001,0.006988080113557005,0.005534183587870167,-0.0011613782162440134,0.33321373424160683,0.01086296857849467,-3.4122022614693748,-0.4230761018231941,1.1601175111723094,-6,-528.6050000000023,-0.004174195828102412,0.0002671715154944909,0.000436667423173831,-1.4604840683910485,-0.6165786063361831,-2.497698055507887,-8.424237141794714,-9.005176211444052
avg_veto_gex_skewterm_stack_equal_core,veto0.120,4430,34961.69999999997,0.4489841986455982,0.5383747178329571,0.391196388261851,10.52644890080583,1.5311127336779644,-17.095223914315977,1.8521651067326728,31.66317722587799,585,3801.2499999999895,0.4170940170940171,0.5230769230769231,0.37948717948717947,8.361592086727807,2.1956102613752795,-6.5466253227364195,9.09076944572271,59.51386145652682,-133,2318.6100000000006,0.008046219246080344,0.006487801330655962,-0.0013085427046184428,0.3778500458971674,0.012351958220893744,-4.216160204622479,-0.5077661619809026,1.26947206561805,-8,-790.0850000000023,-0.007863824389962637,-0.003061356855623254,0.0034332165866735598,-2.0779437413914277,-0.778405515484252,-2.556768854297654,-9.185067166290668,-13.404103466044766
avg_veto_gex_skewterm_stack_equal_core,veto0.125,4421,35162.29999999997,0.44899344039809996,0.5383397421397874,0.3910879891427279,10.580547923993654,1.5380041551671604,-16.8307546104365,1.8876441418781198,31.770475343778614,585,3696.6099999999897,0.4170940170940171,0.5230769230769231,0.37948717948717947,8.148508513521712,2.0991298241857206,-6.778891098277866,8.521144497149942,57.76391057886916,-142,2519.209999999999,0.00805546099858212,0.006452825637486281,-0.0014169418237415243,0.4319490690849914,0.019243379710089714,-3.951690900743003,-0.4722871268354556,1.3767701835186728,-8,-894.7250000000022,-0.007863824389962637,-0.003061356855623254,0.0034332165866735598,-2.291027314597523,-0.8748859526738109,-2.7890346298391,-9.754692114863436,-15.154054343702427
avg_veto_gex_skewterm_stack_equal_core,veto0.130,4411,34584.78499999996,0.4493312174110179,0.5381999546588075,0.3917479029698481,10.392709221997869,1.5211416426156996,-16.823254198067964,1.8700608106062384,31.46050838267378,585,3634.959999999988,0.4170940170940171,0.5213675213675214,0.37948717948717947,7.981166435609147,2.106763431390447,-8.543591960830224,6.640732735264167,56.735710811025044,-152,1941.6949999999924,0.008393238011500048,0.006313038156506412,-0.0007570279966213067,0.2441103670892062,0.002380867158628952,-3.944190488374467,-0.489870458107337,1.0668032224138386,-8,-956.3750000000036,-0.007863824389962637,-0.004770758565024957,0.0034332165866735598,-2.458369392510088,-0.8672523454690846,-4.553735492391458,-11.635103876749213,-16.18225411154654
avg_veto_gex_skewterm_stack_equal_core,veto0.135,4403,35516.369999999966,0.44992050874403816,0.5396320690438338,0.39064274358392004,10.661702824550314,1.5507701818928001,-16.398290954482952,1.9489174800928641,31.958915884840522,585,3579.6099999999888,0.4153846153846154,0.517948717948718,0.3811965811965812,7.859125416765624,2.0663016324905663,-8.201392804352107,6.805473394012564,55.81436052386435,-160,2873.279999999999,0.008982529344520318,0.0077451525415326294,-0.0018621873825493962,0.5131039696416515,0.03200940643572947,-3.5192272447894553,-0.41101378862071125,1.5652107245805809,-8,-1011.7250000000031,-0.00957322609936434,-0.008189561983828364,0.005142618296075263,-2.5804104113536104,-0.9077141443689651,-4.211536335913341,-11.470363218000815,-17.103604398707233
avg_veto_gex_skewterm_stack_equal_core,veto0.140,4397,35475.71499999996,0.4496247441437344,0.5394587218558108,0.39003866272458493,10.650389916501112,1.544063141347811,-16.839350060310167,1.8965898121515334,31.937339767637575,584,3275.8999999999883,0.4126712328767123,0.5154109589041096,0.3818493150684932,7.176224853146843,1.9247999598170225,-8.696438999263297,5.840200425490096,50.788946743746166,-166,2832.6249999999927,0.008686764744216535,0.007571805353509653,-0.002466268241884506,0.5017910615924492,0.025302365890740308,-3.96028635061667,-0.46334145656204195,1.5436346073776335,-9,-1315.4350000000036,-0.012286608607267435,-0.010727321028436765,0.005795352167987267,-3.2633109749723914,-1.049215817042509,-4.706582530824531,-12.435636186523283,-22.12901817882542
avg_veto_gex_skewterm_stack_equal_core,veto0.145,4388,35493.79999999997,0.44940747493163175,0.5389699179580675,0.390154968094804,10.653710292426384,1.5403043713807358,-17.552672806564516,1.8200612522440474,31.946939648545847,584,3251.8899999999885,0.410958904109589,0.5136986301369864,0.3835616438356164,7.112097623621685,1.9114672244286492,-8.638050581243661,5.833937049180843,50.39384331861552,-175,2850.709999999999,0.008469495532113902,0.007083001455766347,-0.0023499628716654453,0.505111437517721,0.02154359592366517,-4.673609096871019,-0.539870016469528,1.5532344882859057,-9,-1339.4450000000033,-0.01399893737439073,-0.012439649795560004,0.007507680935110506,-3.3274382044975495,-1.0625485524308822,-4.648194112804895,-12.441899562832536,-22.52412160395607
avg_veto_gex_skewterm_stack_equal_core,veto0.150,4375,35313.25499999996,0.4493714285714286,0.5385142857142857,0.3904,10.607393155158361,1.525465363829791,-18.95887916519267,1.680002404609219,31.85096258621931,584,3364.844999999988,0.4126712328767123,0.5136986301369864,0.3835616438356164,7.3562706515222995,1.9704522906989494,-8.047038732875471,6.493743260922178,52.25540354198983,-188,2670.1649999999936,0.008433449171910745,0.006627369211984591,-0.0021049309664694094,0.45879430024969814,0.006704588372720366,-6.079815455499173,-0.6799288641043564,1.4572574259593694,-9,-1226.4900000000039,-0.012286608607267435,-0.012439649795560004,0.007507680935110506,-3.083265176596935,-1.003563486160582,-4.0571822644367055,-11.7820933510912,-20.662561380581757
avg_veto_gex_skewterm_stack_equal_core,veto0.155,4368,34741.429999999964,0.448489010989011,0.5375457875457875,0.39125457875457875,10.426101489988822,1.5009880551629065,-20.55364843998034,1.534759462528461,31.54490643274317,584,3355.3349999999878,0.4126712328767123,0.5136986301369864,0.3835616438356164,7.3339549633021655,1.9643412011482049,-8.047038732875471,6.474232534338093,52.09839996946115,-195,2098.3399999999965,0.007551031589493162,0.005658871043486391,-0.0012503522118906818,0.27750263508015927,-0.017772720294164213,-7.674584730286842,-0.8251718061851143,1.1512012724832275,-9,-1236.000000000004,-0.012286608607267435,-0.012439649795560004,0.007507680935110506,-3.1055808648170693,-1.0096745757113266,-4.0571822644367055,-11.801604077675286,-20.819564953110437
avg_veto_gex_skewterm_stack_equal_core,veto0.160,4360,34758.84999999997,0.44862385321100917,0.5373853211009174,0.3908256880733945,10.426649766695984,1.4956195922242863,-20.870086050658944,1.5119380473999664,31.554277152502564,582,3182.2249999999885,0.4106529209621993,0.5120274914089347,0.3848797250859107,6.9621658637332,1.8532391724564834,-8.139793145990465,6.050432905368928,49.24927229339717,-203,2115.760000000002,0.007685873811491328,0.00549840459861628,-0.001679242893074917,0.27805091178732155,-0.023141183232784357,-7.991022340965447,-0.847993221313609,1.1605719922426232,-11,-1409.1100000000033,-0.014304920521780451,-0.014110788523611695,0.008825762185404762,-3.4773699643860345,-1.120776604403048,-4.1499366775516995,-12.22540370664445,-23.668692629174416
avg_veto_gex_skewterm_stack_equal_core,veto0.165,4352,35336.68499999997,0.4499080882352941,0.5386029411764706,0.38947610294117646,10.592976024173666,1.5104647528137196,-21.16503776247849,1.505475013494953,31.8634355110885,582,2948.154999999989,0.40893470790378006,0.5103092783505154,0.3865979381443299,6.431196469048634,1.7033104483937516,-8.139793145990465,5.580426696316779,45.42351897438153,-211,2693.595000000001,0.008970108835776258,0.00671602467416943,-0.0030288280252929733,0.44437716926500315,-0.008296022643351053,-8.285974052784994,-0.8544562552186223,1.4697303508285593,-11,-1643.180000000003,-0.01602313358019969,-0.015829001582030933,0.010543975243824,-4.008339359070601,-1.2707053284657799,-4.1499366775516995,-12.695409915696601,-27.494445948190055
avg_veto_gex_skewterm_stack_equal_core,veto0.170,4338,35090.74999999997,0.4497464269248502,0.5373443983402489,0.3905025357307515,10.527430705995988,1.5048937250937031,-20.46285731568033,1.5507242474243348,31.732249011009927,580,3053.749999999988,0.4086206896551724,0.5086206896551724,0.3879310344827586,6.686674320258336,1.6852137548599762,-9.57484665348527,4.9239013726301835,47.14560057981964,-225,2447.6600000000035,0.00880844752533233,0.0054574818379478085,-0.0020023952357179353,0.378831851087325,-0.01386705036336755,-7.583793605986834,-0.8092070212892406,1.3385438507499856,-13,-1537.5850000000037,-0.01633715182880735,-0.017517590277373984,0.011877071582252707,-3.7528615078608984,-1.2888020219995553,-5.584990185046505,-13.351935239383195,-25.772364342751942
avg_veto_gex_skewterm_stack_equal_core,veto0.175,4321,34737.78999999998,0.44966442953020136,0.5371441795880583,0.3911131682480907,10.437445422644123,1.4983493023871242,-19.87022485172894,1.5874479645185284,31.54294799540258,579,2652.0199999999886,0.40932642487046633,0.5043177892918825,0.39378238341968913,5.776742773734813,1.447435138072653,-9.76630515374822,4.159990986415529,40.627741410176135,-242,2094.7000000000116,0.008726450130683516,0.005257263085757136,-0.0013917627183787085,0.2888465677354599,-0.020411473069946506,-6.991161142035441,-0.772483304195047,1.1492428351426405,-14,-1939.3150000000032,-0.015631416613513416,-0.021820490640663825,0.01772842051918322,-4.662793054384422,-1.5265806387868786,-5.776448685309455,-14.11584562559785,-32.29022351239545
avg_veto_gex_skewterm_stack_equal_core,veto0.180,4305,34124.23499999997,0.44901277584204413,0.5365853658536586,0.3909407665505226,10.263362739190955,1.4750659631809595,-19.714035068845785,1.5831847484718398,31.210959651835644,578,2679.049999999989,0.4100346020761246,0.5051903114186851,0.39100346020761245,5.833426236732936,1.4596505540005764,-9.743128247113118,4.214602119740419,41.0634089631857,-258,1481.145000000004,0.008074796442526289,0.004698449351357437,-0.0015641644159468115,0.11476388428229178,-0.04369481227611116,-6.834971359152288,-0.7767465202417356,0.817254491575703,-15,-1912.285000000003,-0.014923239407855171,-0.02094796851386127,0.01494949730710654,-4.606109591386299,-1.514365222858955,-5.753271778674352,-14.061234492272959,-31.854555959385884
avg_veto_gex_skewterm_stack_equal_core,veto0.185,4290,34492.36999999997,0.44965034965034967,0.5365967365967366,0.3906759906759907,10.37668696444638,1.4846235197354838,-18.99438547810978,1.6536782867137323,31.410602834620782,577,2482.9299999999885,0.4090121317157712,0.5025996533795494,0.3934142114384749,5.391288751930298,1.3950104415266735,-8.556026488321898,4.431013535348288,37.911869178552806,-273,1849.280000000006,0.008712370250831825,0.004709820094435435,-0.0018289402904787533,0.2280881095377172,-0.03413725572158688,-6.115321768416283,-0.7062529819998431,1.016897674360841,-16,-2108.4050000000034,-0.015945709768208527,-0.02353862655299699,0.01736024853796897,-5.048247076188937,-1.579005335332858,-4.566170019883132,-13.84482307666509,-35.00609574401878
avg_veto_gex_skewterm_stack_equal_core,veto0.190,4284,34948.269999999975,0.4495798319327731,0.5368814192343604,0.3902894491129785,10.497311548986977,1.4875162430706965,-18.939378583707235,1.6714370858906018,31.655979748530495,576,2312.4699999999884,0.4079861111111111,0.5,0.3958333333333333,5.036181486081531,1.2995459315715818,-9.647693026951433,3.647574251362035,35.190676670153096,-279,2305.1800000000076,0.008641852533255279,0.004994502732059258,-0.002215481853490908,0.34871269407831385,-0.031244532386374146,-6.060314874013738,-0.6884941828229736,1.2622745882705537,-17,-2278.8650000000034,-0.016971730372868643,-0.02613827993254636,0.019779370432827403,-5.403354342037704,-1.6744698452879496,-5.657836558512668,-14.628262360651345,-37.72728825241849
avg_veto_gex_skewterm_stack_equal_core,veto0.195,4271,34269.74999999998,0.4486068836338094,0.5359400608756731,0.39147740575977524,10.321642123498032,1.4692256915836863,-18.84931983981065,1.660008751980791,31.290035902970835,575,2622.3749999999886,0.41043478260869565,0.5008695652173913,0.3947826086956522,5.736871454482703,1.5105719622913136,-8.094522132498655,4.960194753925622,40.15040621715467,-292,1626.6600000000108,0.0076689042342915625,0.0040531443733720085,-0.001027525206694191,0.17304326858936925,-0.049535083873384345,-5.9702561301171535,-0.6999225167327845,0.8963307427108944,-18,-1968.9600000000032,-0.0145230588752841,-0.025268714715155016,0.01872864579514627,-4.702664373636532,-1.4634438145682178,-4.1046656640598895,-13.315641858087757,-32.76755870541692
avg_veto_gex_skewterm_stack_equal_core,veto0.200,4258,34373.58999999998,0.4495068107092532,0.536636918741193,0.39173320807891027,10.364689198842237,1.4681287494059188,-19.649416566993455,1.5952807116584693,31.346335244667035,574,2815.414999999989,0.41289198606271776,0.5034843205574913,0.39372822299651566,6.173458480018131,1.6106721449468533,-7.184156173109117,6.022654100794213,43.26768763672169,-305,1730.5000000000146,0.008568831309735347,0.004750002238891882,-0.0007717228875591675,0.2160903439335744,-0.05063202605115191,-6.770352857299958,-0.7646505570551061,0.9526300844070938,-19,-1775.9200000000028,-0.012065855421261984,-0.0226539593750551,0.017674260096009753,-4.266077348101104,-1.3633436319126782,-3.1942997046703514,-12.253182511219165,-29.650277285849896
avg_veto_gex_skewterm_stack_equal_core,veto0.205,4250,34744.12999999998,0.4505882352941176,0.5371764705882353,0.39129411764705885,10.470073313141405,1.4788414616023897,-18.455366511723252,1.7093325681532003,31.546359035692472,573,2844.5049999999887,0.41361256544502617,0.5043630017452007,0.39267015706806285,6.241048187082334,1.6054733537546784,-6.92875501814102,6.3127190639448285,43.73928389242221,-313,2101.0400000000154,0.00965025589459978,0.005289554085934123,-0.0012108133194105863,0.3214744582327427,-0.03991931385468095,-5.576302802029755,-0.650598700560375,1.1526538754325308,-20,-1746.830000000003,-0.011345276038953578,-0.021775278187345704,0.01661619416755694,-4.198487641036901,-1.368542423104853,-2.9388985497022544,-11.96311754806855,-29.178681030149377
avg_veto_gex_skewterm_stack_equal_core,veto0.210,4243,34540.609999999986,0.44991751119490925,0.5371199622908319,0.3914683007306151,10.41540697951415,1.4739021490337294,-18.49655562410038,1.699595556270031,31.436663745022454,572,2851.894999999989,0.4143356643356643,0.5052447552447552,0.39335664335664333,6.263733994988364,1.6101765197355316,-6.9242624249658675,6.334127976431024,43.85916434212642,-320,1897.5200000000186,0.008979531795391404,0.005233045788530788,-0.001036630235854319,0.26680812460548786,-0.044858626423341263,-5.617491914406884,-0.6603357124435445,1.0429585847625127,-21,-1739.4400000000028,-0.010622177148315426,-0.020893524687791154,0.01730268045613742,-4.175801833130871,-1.363839257124,-2.934405956527102,-11.941708635582355,-29.058800580445165
avg_veto_gex_skewterm_stack_equal_core,veto0.215,4224,34213.92499999998,0.4500473484848485,0.5359848484848485,0.3927556818181818,10.318895092249862,1.4627572052906084,-19.36897280028347,1.613907188508875,31.259724436410362,570,2740.9549999999895,0.41403508771929826,0.5035087719298246,0.39649122807017545,6.0358089438019515,1.5644883968568806,-6.980653670044289,6.025619345940232,42.06276180152755,-339,1570.8350000000137,0.009109369085330665,0.004097931982547376,0.0002507508517123891,0.17029623734119959,-0.05600357016646229,-6.489909090589972,-0.7460240802047005,0.8660192761504213,-23,-1850.3800000000024,-0.010922753764681492,-0.022629508002721788,0.02043726516966954,-4.403726884317283,-1.4095273800026509,-2.990797201605523,-12.250217266073147,-30.855203121044035
avg_veto_gex_skewterm_stack_equal_core,veto0.220,4213,33888.42999999998,0.4490861618798956,0.534773320674104,0.39306907192024687,10.212447123878617,1.4412196782077316,-19.538006720693264,1.5908666936996174,31.082364153230202,569,2748.3949999999904,0.4147627416520211,0.5043936731107206,0.39718804920913886,6.051944557357695,1.558220845175803,-6.978937524457174,6.044331990756132,42.1830153405649,-350,1245.340000000011,0.008148182480377741,0.002886404171802859,0.0005641409537774367,0.06384826896995399,-0.07754109724933911,-6.658943010999767,-0.769064575013958,0.6886589929702609,-24,-1842.9400000000014,-0.010195099831958654,-0.021744606821825774,0.02113408630863295,-4.38759127076154,-1.4157949316837284,-2.9890810560184082,-12.231504621257248,-30.734949582006685
avg_veto_gex_skewterm_stack_equal_core,veto0.225,4202,34170.90999999998,0.4493098524512137,0.5352213231794384,0.3929081389814374,10.312607024023233,1.4391327646654495,-19.295593827083916,1.618833159396863,31.236347117536866,569,2926.9449999999897,0.4165202108963093,0.5061511423550088,0.3954305799648506,6.4541419854125035,1.667527752122181,-7.007236011593529,6.43311819401598,45.0783774759463,-361,1527.8200000000143,0.008371873051695844,0.003334406677137247,0.00040320801496795955,0.16400816911457028,-0.07962801079162118,-6.416530117390419,-0.7410981093167124,0.8426419572769248,-24,-1664.3900000000021,-0.008437630587670442,-0.01998713757753756,0.01937661706434468,-3.9853938427067312,-1.3064880247373505,-3.017379543154763,-11.8427184179974,-27.839587446625288
avg_veto_gex_skewterm_stack_equal_core,veto0.230,4187,34075.31499999998,0.44972534033914496,0.5361834248865536,0.3921662288034392,10.315337013097128,1.4437972287314402,-17.75035243838896,1.7568286395365154,31.18432752562854,568,2944.63499999999,0.4154929577464789,0.5052816901408451,0.3961267605633803,6.509857300388982,1.70411378781193,-6.39079862982658,7.098678038659804,45.36622188304711,-376,1432.225000000013,0.00878736093962712,0.00429650838425244,-0.0003387021630302245,0.1667381581884655,-0.07496354672563044,-4.871288728695461,-0.60310262917706,0.7906223653685984,-25,-1646.7000000000016,-0.009464883737500873,-0.02085658979170124,0.020072797662874398,-3.9296785277302524,-1.2699019890476015,-2.400942161387815,-11.177158573353575,-27.551743039524474
avg_veto_gex_skewterm_stack_equal_core,veto0.235,4175,33329.80499999998,0.44862275449101796,0.5346107784431138,0.3935329341317365,10.109080130200127,1.4220974443541174,-18.545430314214,1.6594628169298968,30.77545203040266,568,2872.9049999999897,0.4137323943661972,0.5035211267605634,0.397887323943662,6.34823040264312,1.6486739481940524,-6.344946047164656,6.966199095560109,44.20015741513612,-388,686.7150000000111,0.007684775091500118,0.002723861940812644,0.0010280031652670774,-0.03951872470853601,-0.09666333110295322,-5.666366604520501,-0.7004684517836786,0.38174687014272024,-25,-1718.430000000002,-0.011225447117782561,-0.022617153171982984,0.021833361043156085,-4.091305425476115,-1.325341828665479,-2.3550895787258908,-11.30963751645327,-28.717807507435467
avg_veto_gex_skewterm_stack_equal_core,veto0.240,4170,32567.34499999998,0.44844124700239807,0.5342925659472422,0.39448441247002397,9.8742891721063,1.3981201347007994,-18.676896089154916,1.625071491342483,30.351291381251567,567,2861.334999999991,0.4144620811287478,0.5044091710758377,0.3985890652557319,6.342021691120061,1.5922431678800786,-7.823933868807989,5.625347256145451,44.01234492116248,-393,-75.74499999998807,0.007503267602880226,0.002405649444941038,0.0019794815035545366,-0.2743096828023628,-0.12064064075627123,-5.797832379461418,-0.7348597773710923,-0.042413779008374064,-26,-1730.000000000001,-0.010495760355231976,-0.021729108856708645,0.02253510235522599,-4.097514136999174,-1.3817726089794529,-3.8340774003692237,-12.650489355867927,-28.905620001409105
avg_veto_gex_skewterm_stack_equal_core,veto0.245,4157,32928.72999999998,0.4493625210488333,0.5352417608852538,0.3930719268703392,10.009171831128386,1.4145506744425311,-17.762313696726263,1.7201080615926407,30.55309898227623,567,2956.3149999999932,0.4144620811287478,0.5044091710758377,0.3968253968253968,6.533134001162386,1.6766632695173815,-8.452647914038467,5.389597607267419,45.55637097257566,-406,285.64000000001397,0.008424541649315442,0.0033548443829526375,0.0005669959038697714,-0.13942702378027683,-0.10421010101453954,-4.883249987032766,-0.6398232071209347,0.1593938220162876,-26,-1635.0199999999986,-0.010495760355231976,-0.021729108856708645,0.020771433924890892,-3.9064018269568486,-1.29735250734215,-4.462791445599701,-12.88623900474596,-27.361593949995928
avg_veto_gex_skewterm_stack_equal_core,veto0.250,4146,32799.529999999984,0.4491075735648818,0.535214664737096,0.39266763145200195,9.983413902870092,1.4193848363722472,-17.72924269840956,1.7192561766291972,30.48111001619873,565,2948.664999999993,0.41415929203539825,0.504424778761062,0.39646017699115044,6.529178157871705,1.6860309003921057,-8.082780824972858,5.620815670501441,45.431821122236,-417,156.44000000001688,0.008169594165363947,0.0033277482347948695,0.0001627004855325187,-0.16518495203857064,-0.09937593908482345,-4.850178988716063,-0.6406750920843782,0.08740485593878944,-28,-1642.6699999999987,-0.010798549448581496,-0.021713501171484406,0.020406214090644526,-3.91035767024753,-1.2879848764674258,-4.092924356534092,-12.655020941511937,-27.486143800335583
avg_veto_gex_skewterm_stack_equal_core,veto0.255,4130,32042.649999999987,0.44769975786924937,0.5343825665859564,0.3937046004842615,9.79166622102583,1.3862582686760814,-17.606089539352073,1.707124156660318,30.055780756952455,565,2478.994999999993,0.4088495575221239,0.49911504424778763,0.40176991150442476,5.486806185429176,1.4280893634602219,-8.082780824972858,4.682653532676499,37.84886218390901,-433,-600.4399999999805,0.0067617784697315275,0.0024956500836552653,0.0011996695177920458,-0.3569326338828329,-0.1325025067809893,-4.727025829658576,-0.6528071120532575,-0.3379244033074862,-28,-2112.339999999999,-0.016108283961855874,-0.02702323568475873,0.025715948603918848,-4.952729642690059,-1.5459264133993096,-4.092924356534092,-13.59318307933688,-35.06910273866257
avg_veto_gex_skewterm_stack_equal_core,veto0.260,4119,31335.47499999999,0.44671036659383345,0.5328963340616655,0.3952415634862831,9.588980040535354,1.3623280253628298,-18.712901458291256,1.5846122046899682,29.652692035969032,565,2302.7849999999935,0.40707964601769914,0.49734513274336284,0.40530973451327434,5.0726348862008885,1.305717091068366,-7.6539678542374565,4.577569866466806,35.036572608462976,-444,-1307.6149999999761,0.005772387194315609,0.001009417559364345,0.002736632519813653,-0.5596188143733087,-0.15643275009424085,-5.833837748597759,-0.7753190640236072,-0.7410131242909088,-28,-2288.5499999999984,-0.01787819546628061,-0.02879314718918352,0.029255771612768433,-5.366900941918346,-1.6682986857911655,-3.664111385798691,-13.698266745546572,-37.88139231410861
avg_veto_gex_skewterm_stack_equal_core,veto0.265,4106,31088.32499999999,0.4471505114466634,0.5331222601071602,0.39503166098392595,9.528402636760475,1.3599249000066216,-17.48238004907618,1.6880131776835632,29.510487900112814,564,1961.7299999999937,0.40425531914893614,0.4929078014184397,0.4078014184397163,4.341498554294445,1.153381796797519,-8.623448544859516,3.437692654111245,29.64476571576986,-457,-1554.7649999999776,0.006212532047145558,0.001235343604859107,0.0025267300174565133,-0.6201962181481875,-0.15883587545044908,-4.603316339382683,-0.6719180910300122,-0.8832172601471271,-29,-2629.604999999998,-0.020702522335043605,-0.033230478514106654,0.03174745553921038,-6.09803727382479,-1.8206339800620124,-4.63359207642075,-14.838143957902133,-43.27319920680172
avg_veto_gex_skewterm_stack_equal_core,veto0.270,4090,32018.90999999999,0.4493887530562347,0.5349633251833741,0.3929095354523227,9.84475685820423,1.4097076306731697,-16.69094863724045,1.7999180174970366,30.042339181286692,564,1956.5599999999938,0.40425531914893614,0.4929078014184397,0.4078014184397163,4.329561467487117,1.1504568537578987,-8.668866094218158,3.410314261777261,29.56355767454952,-473,-624.1799999999785,0.00845077365671687,0.0030764086810729507,0.00040460448585327713,-0.303841996704433,-0.10905314478390093,-3.811884927546952,-0.5600132512165388,-0.3513659789732486,-29,-2634.774999999998,-0.020702522335043605,-0.033230478514106654,0.03174745553921038,-6.109974360632118,-1.8235589231016327,-4.6790096257793925,-14.865522350236118,-43.35440724802206
avg_veto_gex_skewterm_stack_equal_core,veto0.275,4077,31743.134999999987,0.4500858474368408,0.5351974491047339,0.3926907039489821,9.772366372624655,1.4097749989018198,-16.31741944077525,1.831523617725586,29.885739086114494,564,2089.849999999994,0.40425531914893614,0.4929078014184397,0.4078014184397163,4.622802048247365,1.2464872829157907,-7.497936664041484,4.222794692027443,31.662247146072332,-486,-899.9549999999799,0.009147868037322981,0.0033105326024327475,0.00018577298251265528,-0.3762324822840082,-0.10898577655525088,-3.438355731081753,-0.5284076509879894,-0.5079660741454468,-29,-2501.484999999998,-0.020702522335043605,-0.033230478514106654,0.03174745553921038,-5.8167337798718695,-1.7275284939437408,-3.5080801956027186,-14.053041919985937,-41.25571777649925
avg_veto_gex_skewterm_stack_equal_core,veto0.280,4063,32013.954999999987,0.45114447452621215,0.5358109771105095,0.39207482156042334,9.871271823615345,1.4140873194779162,-16.067355196643724,1.8696003488184736,30.03953288023542,562,2251.304999999994,0.40569395017793597,0.49466192170818507,0.40747330960854095,4.998226103235005,1.3553221083726907,-7.951201529183175,4.303545528360184,34.218357786006905,-500,-629.1349999999802,0.010206495126694304,0.0039240606082083795,-0.0004301094060460975,-0.2773270312933178,-0.10467345597915445,-3.1882914869502272,-0.4903309198951018,-0.35417228002452106,-31,-2340.029999999998,-0.01926389130604378,-0.03147635822436129,0.031419346708035034,-5.4413097248842295,-1.6186936684868407,-3.961345060744409,-13.972291083653195,-38.69960713656468
avg_veto_gex_skewterm_stack_equal_core,veto0.285,4045,32088.444999999985,0.4521631644004944,0.5372064276885044,0.39110012360939433,9.91925845483107,1.4163899037831036,-16.567106637413172,1.8157480972140378,30.08169235322502,561,2312.0299999999947,0.40819964349376114,0.49554367201426025,0.40998217468805703,5.133261012722406,1.4879257578597893,-8.208510575227166,4.286243411918568,35.18367437473133,-518,-554.6449999999822,0.011225185000976579,0.0053195111862032185,-0.0014048073570750996,-0.22934040007759293,-0.10237087167396708,-3.6880429277196747,-0.5441831714995375,-0.31201280703492174,-32,-2279.304999999997,-0.016758197990218604,-0.03059460791828611,0.03392821178755112,-5.306274815396828,-1.4860900189997421,-4.2186541067884,-13.98959320009481,-37.73429054784025
avg_veto_gex_skewterm_stack_equal_core,veto0.290,4033,32078.25499999999,0.4520208281676172,0.5368212248946194,0.3910240515745103,9.93463195451227,1.411469994388478,-16.092958789747026,1.8688874471522858,30.075928669697262,559,1863.4199999999955,0.40429338103756707,0.49016100178890876,0.4186046511627907,4.129123123616863,1.185330317257783,-9.880643597165237,2.8442745086909156,28.103262712877196,-530,-564.8349999999773,0.01108284876809934,0.004934308392318232,-0.0014808793919591223,-0.2139669003963931,-0.10729078106859258,-3.213895080053529,-0.49104382156128956,-0.31777649056267876,-34,-2727.9149999999963,-0.02066446044641268,-0.0359772781436376,0.04255068826228481,-6.3104127045023715,-1.7886854596017485,-5.890787128726472,-15.431562103322463,-44.81470220969439
avg_veto_gex_skewterm_stack_equal_core,veto0.295,4019,31862.764999999996,0.45210251306295096,0.5374471261507838,0.3908932570291117,9.908440089117223,1.410448702994742,-16.49634992991906,1.81578198489672,29.9537750192993,557,1190.8399999999963,0.39676840215439857,0.4829443447037702,0.4254937163375224,2.651975140683794,0.7513425407288711,-11.701810369863376,1.5136367742504284,17.712290501130212,-544,-780.3249999999716,0.011164533663433118,0.005560209648482695,-0.0016116739373577271,-0.24015876579144013,-0.10831207246232877,-3.6172862202255622,-0.5441492838168553,-0.43993014096064087,-36,-3400.4949999999953,-0.02818943932958118,-0.04319393522877618,0.04943975343701651,-7.787560687435441,-2.2226732361306603,-7.71195390142461,-16.76219983776295,-55.20567442144137
avg_veto_gex_skewterm_stack_equal_core,veto0.300,4002,31996.709999999995,0.45252373813093455,0.5384807596201899,0.3905547226386807,9.989444442363094,1.41421834074966,-16.835871858075407,1.7836773878351002,30.02976393773842,551,946.1699999999953,0.3956442831215971,0.4827586206896552,0.426497277676951,2.1255865654715693,0.6191523967988519,-11.361743994516866,1.232250293147626,14.00051236791169,-561,-646.3799999999719,0.011585758731416707,0.006593843117888798,-0.0019502083277887494,-0.1591544125455684,-0.10454243470741065,-3.95680814838191,-0.5762538808784752,-0.3639412225215217,-42,-3645.1649999999963,-0.02931355836238264,-0.043379659242891166,0.05044331477644509,-8.313949262647665,-2.3548633800606797,-7.3718875260781,-17.043586318865753,-58.917452554659896
avg_veto_gex_skewterm_stack_equal_core,tilt0.005,4563,32965.58999999997,0.44115713346482577,0.532325224632917,0.39250493096646943,10.247885908145387,1.5276533251144746,-12.879063709693497,2.373899628362818,30.573604554102452,593,4591.334999999992,0.42495784148397975,0.5261382799325464,0.3760539629005059,10.439535828119235,2.9740157768595314,-3.9898564684387656,18.27583661201338,72.91796492257158,0,322.5,0.00021915406530792492,0.00043830813061584983,0.0,0.09928705323672382,0.008892549657403936,0.0,0.01396835964924259,0.1798993938425113,0,0.0,0.0,0.0,0.0,0.0,0.0,0.0,0.0,0.0
avg_veto_gex_skewterm_stack_equal_core,tilt0.010,4563,32858.94999999997,0.44093797939951784,0.532325224632917,0.39250493096646943,10.212233527865079,1.524129328813708,-12.879063709693497,2.3692902652978955,30.514240273528202,593,4591.334999999992,0.42495784148397975,0.5261382799325464,0.3760539629005059,10.439535828119235,2.9740157768595314,-3.9898564684387656,18.27583661201338,72.91796492257158,0,215.86000000000058,0.0,0.00043830813061584983,0.0,0.06363467295641634,0.00536855335663744,0.0,0.009358996584320156,0.12053511326826083,0,0.0,0.0,0.0,0.0,0.0,0.0,0.0,0.0,0.0
avg_veto_gex_skewterm_stack_equal_core,tilt0.020,4563,32494.359999999975,0.44071882533421,0.5321060705676091,0.39272408503177736,10.101604024555813,1.513762885384826,-12.883173743965168,2.3527094571555507,30.310364705604933,593,4551.234999999992,0.42495784148397975,0.5261382799325464,0.3760539629005059,10.374282317263848,2.8288447684481284,-4.061903596035857,17.782207520496147,72.22961267295915,0,-148.7299999999923,-0.0002191540653078694,0.00021915406530792492,0.00021915406530792492,-0.04699483035284935,-0.004997890072244715,-0.004110034271670671,-0.007221811558024704,-0.0833404546550085,0,-40.099999999999454,0.0,0.0,0.0,-0.06525351085538666,-0.14517100841140307,-0.07204712759709153,-0.49362909151723144,-0.6883522496124357
avg_veto_gex_skewterm_stack_equal_core,tilt0.030,4563,32290.524999999972,0.4402805172035941,0.5321060705676091,0.39272408503177736,10.036107643632025,1.5070095426092318,-12.883173743965168,2.3438136391276725,30.19575833635708,593,4551.234999999992,0.42495784148397975,0.5261382799325464,0.3760539629005059,10.374282317263848,2.8288447684481284,-4.061903596035857,17.782207520496147,72.22961267295915,0,-352.56499999999505,-0.0006574621959237192,0.00021915406530792492,0.00021915406530792492,-0.11249121127663742,-0.011751232847838855,-0.004110034271670671,-0.016117629585902904,-0.19794682390286056,0,-40.099999999999454,0.0,0.0,0.0,-0.06525351085538666,-0.14517100841140307,-0.07204712759709153,-0.49362909151723144,-0.6883522496124357
avg_veto_gex_skewterm_stack_equal_core,tilt0.040,4563,31912.274999999972,0.4400613631382862,0.5318869165023011,0.39294323909708523,9.922145470731344,1.4972861956833832,-12.879063709693497,2.3279553963741444,29.981885863227387,593,4551.234999999992,0.42495784148397975,0.5261382799325464,0.3760539629005059,10.374282317263848,2.8288447684481284,-4.061903596035857,17.782207520496147,72.22961267295915,0,-730.814999999995,-0.0008766162612316442,0.0,0.0004383081306157943,-0.22645338417731864,-0.021474579773687497,0.0,-0.031975872339431,-0.4118192970325545,0,-40.099999999999454,0.0,0.0,0.0,-0.06525351085538666,-0.14517100841140307,-0.07204712759709153,-0.49362909151723144,-0.6883522496124357
avg_veto_gex_skewterm_stack_equal_core,tilt0.050,4563,32077.27999999997,0.4400613631382862,0.5316677624369932,0.39316239316239315,9.95938536191463,1.5007183069879717,-12.879063709693497,2.335214562707829,30.07537712891817,593,4285.6549999999925,0.42327150084317033,0.524451939291737,0.3777403035413153,9.765439682959947,2.6273203828617353,-4.533209479069643,14.932524856044134,67.69226322386233,0,-565.8099999999977,-0.0008766162612316442,-0.00021915406530792492,0.0006574621959237192,-0.1892134929940319,-0.01804246846909896,0.0,-0.02471670600574649,-0.3183280313417711,0,-305.6799999999994,-0.001686340640809414,-0.001686340640809414,0.001686340640809414,-0.6740961451592877,-0.34669539399779614,-0.5433530106308773,-3.3433117559692445,-5.225701698709258
avg_veto_gex_skewterm_stack_equal_core,tilt0.075,4563,31811.18499999997,0.4402805172035941,0.5314486083716853,0.3933815472277011,9.873528566164087,1.4824285451990922,-13.137051419250383,2.277867308966772,29.924459964125983,593,4385.194999999992,0.42327150084317033,0.524451939291737,0.3777403035413153,9.980779035150793,2.6732905982892134,-4.495456059062016,15.435245936947076,69.38846987036109,0,-831.9049999999988,-0.0006574621959237192,-0.00043830813061584983,0.0008766162612316442,-0.2750702887445762,-0.03633223025797849,-0.2579877095568861,-0.08206395974680358,-0.4692451961339579,0,-206.13999999999942,-0.001686340640809414,-0.001686340640809414,0.001686340640809414,-0.4587567929684422,-0.300725178570318,-0.50559959062325,-2.840590675066302,-3.5294950522104926
avg_veto_gex_skewterm_stack_equal_core,tilt0.100,4563,31930.36499999997,0.44049967126890205,0.5318869165023011,0.3933815472277011,9.896813033268769,1.4880341549689693,-12.97583983433881,2.311384129245919,29.992150256727722,593,4212.264999999992,0.42158516020236086,0.5227655986509275,0.3794266441821248,9.604034078951939,2.4993266385141726,-6.136594383197003,10.82767664256973,66.44505966786679,0,-712.7249999999985,-0.0004383081306157943,0.0,0.0008766162612316442,-0.2517858216398938,-0.030726620488101375,-0.09677612464531293,-0.04854713946765621,-0.4015549035322188,0,-379.0699999999997,-0.0033726812816188834,-0.003372681281618828,0.0033726812816188834,-0.835501749167296,-0.47468913834535886,-2.146737914758237,-7.448159969443649,-6.4729052547047985
avg_veto_gex_skewterm_stack_equal_core,tilt0.150,4563,32013.894999999968,0.44049967126890205,0.5321060705676091,0.3933815472277011,9.919592598200918,1.4877133025600715,-13.04510816253851,2.302740500335362,30.039498897132844,593,4024.3299999999927,0.42158516020236086,0.521079258010118,0.3794266441821248,9.138355943838217,2.3949131703576905,-6.183623693086629,10.23096810340768,63.264456767445296,0,-629.1949999999997,-0.0004383081306157943,0.00021915406530792492,0.0008766162612316442,-0.22900625670774488,-0.031047472896999162,-0.16604445284501246,-0.05719076837821335,-0.3542062631270966,0,-567.0049999999992,-0.0033726812816188834,-0.005059021922428353,0.0033726812816188834,-1.3011798842810176,-0.579102606501841,-2.1937672246478632,-8.044868508605699,-9.65350815512629
avg_veto_gex_skewterm_stack_equal_core,tilt0.200,4563,33054.914999999964,0.44225290379136534,0.5336401490247644,0.3922857769011615,10.234448583026024,1.5185927949900127,-12.940363329176877,2.3664897636564013,30.62323735649175,593,3953.2749999999924,0.41989881956155145,0.5193929173693086,0.3794266441821248,9.008299226999029,2.4245128456710177,-6.143955688451563,10.102106209370469,62.066892910403546,0,411.8249999999971,0.001314924391847494,0.0017532325224632883,-0.00021915406530792492,0.08584972811736158,-0.0001679804670580154,-0.06129961948338014,0.006558494942825899,0.22953219623180843,0,-638.0599999999995,-0.005059021922428297,-0.006745362563237767,0.0033726812816188834,-1.4312366011202062,-0.5495029311885138,-2.1540992200127977,-8.17373040264291,-10.85107201216804
avg_veto_gex_skewterm_stack_equal_core,tilt0.250,4563,33079.664999999964,0.4415954415954416,0.5332018408941486,0.39272408503177736,10.217585817007103,1.5089750380205764,-13.342710240312828,2.296158282770875,30.636974632906067,593,4322.079999999993,0.42495784148397975,0.5227655986509275,0.3777403035413153,9.822692545187055,2.78182888068798,-4.701539144225935,14.52978385314624,68.31234754270898,0,436.5749999999971,0.0006574621959237748,0.0013149243918474385,0.00021915406530792492,0.06898696209844069,-0.009785737436494246,-0.4636465306193305,-0.06377298594270053,0.24326947264612642,0,-269.2549999999992,0.0,-0.003372681281618828,0.001686340640809414,-0.6168432829321802,-0.1921868961715516,-0.711682675787169,-3.7460527588671386,-4.605617379862608
avg_veto_gex_skewterm_stack_equal_core,tilt0.300,4563,33497.33499999997,0.4418145956607495,0.5336401490247644,0.39316239316239315,10.346397775650189,1.5216461621782573,-12.879063709693497,2.3967450196314135,30.86783180372357,593,4332.019999999993,0.42495784148397975,0.5227655986509275,0.3777403035413153,9.84750754869798,2.787617276934393,-4.701539144225935,14.56580135678533,68.48168524594547,0,854.2450000000026,0.0008766162612316442,0.0017532325224632883,0.0006574621959237192,0.19779892074152627,0.0028853867211866557,0.0,0.03681375091783812,0.4741266434636273,0,-259.3149999999987,0.0,-0.003372681281618828,0.001686340640809414,-0.592028279421255,-0.18639849992513824,-0.711682675787169,-3.710035255228048,-4.436279676626114
avg_veto_gex_skewterm_stack_equal_core,tilt0.400,4563,35561.12999999997,0.4433486741179049,0.5347359193513039,0.3916283147052378,10.93809215037503,1.5874549089880838,-12.879063709693497,2.483305704152242,31.982652374421995,593,3940.5449999999923,0.418212478920742,0.5193929173693086,0.3827993254637437,8.894854338689054,2.621537592356071,-5.339300310126132,11.584407378566524,61.85262990900768,0,2918.040000000001,0.002410694718387063,0.002849002849002802,-0.0008766162612316442,0.789493295466368,0.06869413353101317,0.0,0.12337443543866655,1.5889472141620544,0,-650.7899999999995,-0.006745362563237767,-0.006745362563237767,0.006745362563237767,-1.5446814894301806,-0.3524781845034606,-1.349443841687366,-6.691429233446854,-11.065335013563903
avg_veto_gex_skewterm_stack_equal_core,tilt0.500,4563,34263.78499999997,0.4415954415954416,0.5327635327635327,0.39294323909708523,10.49067449606235,1.534104592190327,-12.879063709693497,2.4292758592573027,31.286798559795216,593,3943.089999999993,0.418212478920742,0.5177065767284992,0.38617200674536256,8.92196075920237,2.607721773809399,-5.336805731569246,11.597847431918723,61.8954586485295,0,1620.6949999999997,0.0006574621959237748,0.0008766162612315886,0.0004383081306157943,0.3420756411536878,0.015343816733256244,0.0,0.06934459054372732,0.8930933995352746,0,-648.244999999999,-0.006745362563237767,-0.00843170320404718,0.01011804384485665,-1.5175750689168641,-0.3662940030501325,-1.3469492631304805,-6.677989180094656,-11.022506274042087
avg_veto_gex_skewterm_stack_equal_core,tilt0.750,4563,36069.41499999997,0.445540214770984,0.5362699978084593,0.3896559281174666,10.973024964934114,1.577813017258523,-13.369103123992959,2.4123436479475386,32.25087099992001,593,3867.1449999999913,0.41652613827993257,0.5177065767284992,0.38617200674536256,8.630858391158492,2.707668041767448,-4.585152656246207,13.22069950556413,60.61892545537029,0,3426.3250000000044,0.004602235371466146,0.004383081306158165,-0.0028490028490028574,0.8244261100254509,0.0590522418014523,-0.49003941429946174,0.05241237923396325,1.8571658396600697,0,-724.1900000000005,-0.00843170320404718,-0.00843170320404718,0.01011804384485665,-1.8086774369607426,-0.2663477350920833,-0.595296187807441,-5.055137106449248,-12.299039467201297
avg_veto_gex_skewterm_stack_equal_core,tilt1.000,4563,35930.15999999997,0.445540214770984,0.5362699978084593,0.3920666228358536,10.816264603246841,1.5498173534925672,-13.663865744984061,2.3549432558861403,32.177628485483865,593,3892.994999999991,0.41652613827993257,0.5160202360876898,0.38785834738617203,8.570369028280032,2.5877144214578984,-6.333673100264719,9.639442451013153,61.053077353531826,0,3287.0699999999997,0.004602235371466146,0.004383081306158165,-0.00043830813061584983,0.6676657483381785,0.03105657803549655,-0.7848020352905642,-0.0049880128274351065,1.783923325223924,0,-698.340000000001,-0.00843170320404718,-0.010118043844856595,0.01180438448566612,-1.8691667998392028,-0.386301355401633,-2.3438166318259537,-8.636394161000226,-11.864887569039759
min_veto_gex_skewterm_stack_equal_core,veto0.030,4415,30859.104999999978,0.44394110985277463,0.5313703284258211,0.3952434881087203,9.360406642902591,1.3961720075755963,-18.575217851022778,1.5815682204117611,29.37797424040287,590,3863.3499999999904,0.4186440677966102,0.5220338983050847,0.376271186440678,8.61952217412711,2.4786042734357356,-5.584032144978311,10.844353557615737,60.555218857236184,-148,-1783.9849999999897,0.003003130453256786,-0.000516588076480029,0.0027385571422508526,-0.7881922120060718,-0.12258876788147433,-5.696154141329281,-0.7783630483018142,-1.01573091985707,-3,-727.9850000000015,-0.006313773687369573,-0.0041043816274616285,0.00021722354017206236,-1.820013653992124,-0.4954115034237958,-1.5941756765395452,-7.431483054397642,-12.3627460653354
min_veto_gex_skewterm_stack_equal_core,veto0.035,4386,32042.259999999977,0.448016415868673,0.5339717282261742,0.39398084815321477,9.768850363932598,1.4539470545382247,-17.667370869644483,1.7011903022254593,30.055559989259773,590,4016.5499999999906,0.42033898305084744,0.523728813559322,0.376271186440678,8.946795020150901,2.5188992202703124,-5.523574323031704,11.429772718589486,63.13319910648916,-177,-600.8299999999908,0.00707843646915518,0.0020848117238730923,0.0014759171867453347,-0.37974849097606445,-0.06481372091884596,-4.788307159950985,-0.6587409664881161,-0.3381451710001677,-3,-574.7850000000012,-0.004618858433132311,-0.002409466373224367,0.00021722354017206236,-1.4927408079683335,-0.455116556589219,-1.533717854592938,-6.846063893423892,-9.784765816082427
min_veto_gex_skewterm_stack_equal_core,veto0.040,4363,32572.269999999975,0.44785697914279166,0.5340362136144855,0.3930781572312629,9.91270488912147,1.4690809603941763,-16.98752425915133,1.786843719499615,30.3540510323119,589,3952.2599999999907,0.42105263157894735,0.5246179966044142,0.3769100169779287,8.828448966790932,2.4587075301518015,-6.068992080031938,10.224070991422558,62.049805872627786,-200,-70.81999999999243,0.006918999743273813,0.0021492971121843674,0.0005732262647934472,-0.23589396578719324,-0.04967981506289432,-4.108460549457831,-0.5730875492139604,-0.03965412794804024,-4,-639.0750000000012,-0.003905209905032403,-0.0015202833281321437,0.0008560540774227854,-1.6110868613283031,-0.5153082467077299,-2.0791356115931725,-8.051765620590821,-10.868159049943799
min_veto_gex_skewterm_stack_equal_core,veto0.045,4346,31443.80999999997,0.4470777726645191,0.534054302807179,0.393235158766682,9.55070530580665,1.417199774434685,-19.282677053352856,1.5410104311293635,29.71480647931557,585,3872.2049999999895,0.4239316239316239,0.5247863247863248,0.37948717948717947,8.734147920933959,2.385334754969312,-5.955499279698834,10.192911949748064,60.70387977475824,-217,-1199.2799999999988,0.006139793265001248,0.002167386304877894,0.0007302278002125906,-0.5978935491020128,-0.10156100102238574,-6.403613343659359,-0.8189208375842119,-0.6788986809443713,-8,-719.1300000000024,-0.0010262175523558237,-0.0013519551462215507,0.0034332165866735598,-1.7053879071852762,-0.5886810218902196,-1.9656428112600688,-8.082924662265315,-12.214085147813343
min_veto_gex_skewterm_stack_equal_core,veto0.050,4324,32466.899999999976,0.4486586493987049,0.5353839037927844,0.39246068455134137,9.876101345957935,1.453601752416772,-18.665137973552824,1.6230767518292006,30.294951514557987,581,4126.819999999991,0.43029259896729777,0.5283993115318416,0.3769363166953528,9.32069349707028,2.5034187336802187,-5.357072875205112,12.132863513117272,64.99663402468634,-239,-176.18999999999141,0.00772066999918708,0.003496987290483311,-4.4246415128068595e-05,-0.2724975089507282,-0.06515902304029875,-5.7860742638593265,-0.7368545168843748,-0.09875364570195444,-12,-464.51500000000124,0.00533475748331802,0.002261031599295249,0.0008823537948469129,-1.1188423310489544,-0.4705970431793127,-1.3672164067663468,-6.142973098896107,-7.921330897885241
min_veto_gex_skewterm_stack_equal_core,veto0.055,4309,33311.28499999998,0.44906010675330704,0.5367834764446507,0.3919702947319564,10.150716015344017,1.4718839703769302,-17.435608758130925,1.7645051694393763,30.765221786044485,580,3824.029999999992,0.43275862068965515,0.5275862068965518,0.3758620689655172,8.612313574940147,2.3061225060213815,-6.50801135684632,9.203366878663369,59.89561616756447,-254,668.1950000000143,0.0081221273537892,0.00489655994234961,-0.0005346362345130529,0.0021171604353540374,-0.04687680508014047,-4.556545048437428,-0.5954260992741991,0.3715166257845439,-13,-767.3049999999998,0.007800779205675401,0.0014479269640054193,-0.0001918939349886961,-1.8272222531790874,-0.66789327083815,-2.5181548884075546,-9.07246973335001,-13.022348755007116
min_veto_gex_skewterm_stack_equal_core,veto0.060,4293,33723.709999999985,0.449103191241556,0.5378523177265315,0.39156766829722806,10.29252804077248,1.4907376768835368,-17.291869820799402,1.792298904565141,30.992199337701788,577,4299.939999999991,0.43674176776429807,0.5285961871750433,0.37435008665511266,9.707653327186552,2.6980365641920976,-5.399190585135161,12.58250835439264,67.93536064442125,-270,1080.6200000000172,0.008165211842038167,0.005965401224230393,-0.0009372626692413788,0.14392918586381676,-0.02802309857353391,-4.412806111105905,-0.5676323641484344,0.5984941774418466,-16,-291.39500000000044,0.011783926280318324,0.0024579072424969484,-0.0017038762453932543,-0.7318825009326826,-0.27597921266743386,-1.409334116696395,-5.693328257620738,-4.982604278150333
min_veto_gex_skewterm_stack_equal_core,veto0.065,4276,33883.89499999998,0.4501870907390084,0.5374181478016838,0.39172123479887744,10.357564823933073,1.4973889079647973,-15.680250153740033,1.9821039316217832,31.079885478541193,574,4074.3799999999933,0.4337979094076655,0.524390243902439,0.3780487804878049,9.18700968852762,2.5446532981264833,-6.69330002574344,9.578181222276445,64.10964062163826,-287,1240.8050000000148,0.009249111339490579,0.005531231299382711,-0.0007836961675919962,0.20896596902441011,-0.021371867492273378,-2.801186444046536,-0.37782733709179217,0.6861803182812523,-19,-516.9549999999986,0.008840067923685746,-0.001748036030107314,0.0019948175872989693,-1.2525261395916143,-0.4293624787330481,-2.7034435573046744,-8.697655389736934,-8.808324300933322
min_veto_gex_skewterm_stack_equal_core,veto0.070,4252,33845.30999999999,0.4520225776105362,0.5395108184383819,0.3896989651928504,10.364486990153901,1.5083621565195091,-16.35089519402491,1.8995160454215712,31.058787778056775,572,4230.964999999992,0.4370629370629371,0.5244755244755245,0.3758741258741259,9.56904561154644,2.6883850229881285,-5.5503668229355485,12.028498114893942,66.76257686665012,-311,1202.220000000023,0.01108459821101837,0.007623901936080757,-0.0028059657736190236,0.21588813524523864,-0.010398618937561555,-3.471831484331414,-0.46041522329200424,0.6650826177968341,-21,-360.3699999999999,0.012105095578957337,-0.0016627554570218805,-0.0001798370263800253,-0.8704902165727955,-0.2856307538714029,-1.5605103544967829,-6.247338497119436,-6.155388055921463
min_veto_gex_skewterm_stack_equal_core,veto0.075,4233,34274.57999999999,0.4528703047484054,0.5407512402551382,0.3888495157098984,10.524429457623365,1.519487998612574,-16.743647843527338,1.8689270872618522,31.29265699434174,571,3515.4099999999926,0.4308231173380035,0.5166374781085814,0.38704028021015763,7.948222971054189,2.351817496372971,-7.206085633269285,7.597440442670993,54.747806423550486,-330,1631.4900000000198,0.011932325348887551,0.008864323752837078,-0.0036554152565710374,0.3758306027147018,0.0007272231555033315,-3.8645841338338407,-0.4910041814517232,0.8989518340817995,-22,-1075.9249999999993,0.005865275854023744,-0.009500801823964955,0.010986317309651716,-2.4913128570650453,-0.6221982804865602,-3.2162291648305192,-10.678396169342385,-18.1701584990211
min_veto_gex_skewterm_stack_equal_core,veto0.080,4219,33895.534999999996,0.4524768902583551,0.5408864659872008,0.3891917515999052,10.44220330924666,1.507398810864281,-17.224813385928538,1.80473636399641,31.086247080637364,570,3453.939999999993,0.4298245614035088,0.5157894736842106,0.387719298245614,7.815820409511734,2.337614173206451,-7.246829569413693,7.4141024800734465,53.728737083259645,-344,1252.4450000000288,0.011538910858837237,0.008999549484899672,-0.003313179366564223,0.29360445433799676,-0.011361964592789597,-4.345749676235041,-0.5551949047171654,0.6925419203774226,-23,-1137.394999999999,0.004866719919529028,-0.010348806248335785,0.011665335345108108,-2.6237154186075005,-0.6364016036530806,-3.2569731009749274,-10.861734131939933,-19.18922783931194
min_veto_gex_skewterm_stack_equal_core,veto0.085,4198,32236.32999999999,0.4509290138161029,0.5390662220104812,0.39137684611719864,9.95396446635334,1.4519356761429913,-18.38988173823246,1.6403156722412187,30.16521122588529,570,2833.294999999993,0.4245614035087719,0.5087719298245614,0.39473684210526316,6.403938158818743,1.8479388754673234,-7.502048970926485,5.8060797531427575,43.557494637181726,-365,-406.75999999997657,0.009991034416585054,0.007179305508180023,-0.001128084849270794,-0.1946343885553219,-0.06682509931407932,-5.510818028538964,-0.7196155964723567,-0.22849393437465082,-23,-1758.039999999999,-0.00039643797520783064,-0.01736635010798493,0.018682879204757252,-4.035597669300492,-1.126076901392208,-3.5121925024877196,-12.469756858870621,-29.36047028538986
min_veto_gex_skewterm_stack_equal_core,veto0.090,4177,33154.134999999995,0.45199904237491023,0.5393823318170936,0.39047163035671534,10.266544152370079,1.4794798561454319,-17.655249352035792,1.737628798466414,30.678269718202888,569,3115.3049999999917,0.4253075571177504,0.5114235500878734,0.3936731107205624,6.998922293956943,2.0033891535564634,-7.041246445531744,6.838612691986153,48.15235730981578,-386,511.04500000002736,0.011061062975392388,0.007495415314792475,-0.002033300609754096,0.11794529746141613,-0.039280919311638796,-4.776185642342295,-0.6223024702471613,0.28456455794294655,-24,-1476.0300000000002,0.00034971563377067527,-0.014714729844672925,0.01761914782005647,-3.440613534162292,-0.970626623303068,-3.0513899770929784,-11.437223920027225,-24.765607612755808
min_veto_gex_skewterm_stack_equal_core,veto0.095,4156,32726.634999999987,0.4516361886429259,0.5392204042348412,0.39051973051010586,10.171583634430316,1.453731629893844,-17.874979572554164,1.7029622404609586,30.440415261070708,563,2931.964999999991,0.4280639431616341,0.5115452930728241,0.3978685612788632,6.65971234787189,1.8621318193547676,-8.102677349372705,5.573471696644563,45.16004287377176,-407,83.54500000002008,0.01069820924340803,0.007333487732540056,-0.0019852004563635783,0.022984779521653564,-0.06502914556322659,-4.995915862860667,-0.6569690282526168,0.046710100810766875,-30,-1659.3700000000008,0.0031061016776543493,-0.014592986859722212,0.02181459837835731,-3.7798234802473445,-1.1118839575047639,-4.112820880933939,-12.702364915368815,-27.757922048799827
min_veto_gex_skewterm_stack_equal_core,veto0.100,4139,33455.52499999998,0.4527663686880889,0.539743899492631,0.3889828460980913,10.393584952002763,1.4824771349397192,-17.43456540892235,1.7691753922495663,30.84480409603092,562,2639.439999999991,0.4306049822064057,0.5071174377224199,0.40213523131672596,5.957885964441008,1.5857029643215332,-8.288832603491848,4.87705837128541,40.42512043704336,-424,812.4350000000122,0.01182838928857105,0.007856982990329886,-0.003522084868378128,0.24498609709410069,-0.036283640517351445,-4.555501699228852,-0.5907558764640091,0.4510989357709789,-31,-1951.895000000001,0.005647140722425947,-0.019020842210126454,0.02608126841622005,-4.481649863678227,-1.3883128125379982,-4.298976135053082,-13.398778240727967,-32.492844485528224
min_veto_gex_skewterm_stack_equal_core,veto0.105,4120,34333.374999999985,0.4538834951456311,0.5398058252427185,0.38932038834951455,10.668980299565334,1.5008657917651536,-17.142842284009628,1.827266679864016,31.324544503734742,561,2590.65999999999,0.4295900178253119,0.5062388591800356,0.40106951871657753,5.796866014629419,1.5086976659642577,-7.115942645510007,5.570632029390976,39.6402980203872,-443,1690.285000000018,0.012945515746113245,0.00791890874041734,-0.0031845426169548885,0.520381444656671,-0.01789498369191711,-4.263778574316131,-0.5326645888495594,0.9308393434748012,-32,-2000.675000000002,0.004632176341332173,-0.01989942075251072,0.025015555816071622,-4.642669813489816,-1.4653181108952738,-3.126086177071241,-12.705204582622404,-33.277666902184386
min_veto_gex_skewterm_stack_equal_core,veto0.110,4096,33416.50499999998,0.45361328125,0.538818359375,0.38916015625,10.418258251674574,1.4671012431471475,-17.16207862517864,1.7960118570201329,30.823296701932623,561,2228.90999999999,0.42245989304812837,0.49910873440285203,0.40819964349376114,4.969427534058875,1.280346938313433,-7.895237674396409,4.28902818153102,33.862896885371626,-467,773.4150000000154,0.012675301850482157,0.0069314428726988675,-0.003344774716469434,0.26965939676591155,-0.05165953230992315,-4.283014915485143,-0.5639194116934425,0.4295915416726821,-32,-2362.425000000002,-0.0024979484358513826,-0.027029545529694332,0.03214568059325523,-5.47010829406036,-1.6936688385460985,-3.905381205957643,-13.986808430482359,-39.05506803719996
min_veto_gex_skewterm_stack_equal_core,veto0.115,4077,33185.924999999996,0.4527839097375521,0.5386313465783664,0.38950208486632326,10.390395590800335,1.4665813042570754,-16.430468054033216,1.8682291989501967,30.695880170963274,556,2301.5299999999893,0.4226618705035971,0.5,0.40827338129496404,5.181836991867423,1.4003357046334828,-7.237401888104966,4.83828424243246,35.01660751136919,-486,542.8350000000282,0.011845930338034272,0.006744430076065289,-0.0030028461001461726,0.24179673589167194,-0.05217947119999522,-3.551404344339719,-0.4917020697633787,0.3021750107033334,-37,-2289.8050000000026,-0.0022959709803826445,-0.02613827993254636,0.03221941839445813,-5.257698836251811,-1.5736800722260487,-3.2475454196662,-13.437552369580919,-37.9013574112024
min_veto_gex_skewterm_stack_equal_core,veto0.120,4056,33517.104999999996,0.4531558185404339,0.5384615384615384,0.3905325443786982,10.523286084449063,1.483754068296779,-17.09808127686161,1.8059754037030162,30.878714236527127,553,2453.789999999989,0.42495479204339964,0.5045207956600362,0.4050632911392405,5.556572057968994,1.494607398584672,-6.827876325039985,5.484207855890493,37.445492980832995,-507,874.0150000000285,0.012217839140916065,0.006574621959237303,-0.0019723865877712132,0.3746872295404007,-0.03500670716029175,-4.2190175671681125,-0.5539558650105592,0.48500907626718615,-40,-2137.545000000003,-3.049440580105145e-06,-0.0216174842725102,0.02900932823873459,-4.882963770150241,-1.4794083782748595,-2.8380198566012194,-12.791628756122886,-35.47247194173859
min_veto_gex_skewterm_stack_equal_core,veto0.125,4030,32354.74499999998,0.4521091811414392,0.537468982630273,0.3913151364764268,10.183994487159357,1.4426314000834783,-18.266394632300752,1.6550564732967703,30.23191467998274,551,2822.709999999991,0.4283121597096189,0.5081669691470054,0.40653357531760437,6.372407148123662,1.8058893409361816,-4.595238006503751,9.441492748167144,43.3859063145072,-533,-288.3449999999866,0.011171201741921377,0.005582066127971852,-0.0011897944900426394,0.035395632250693865,-0.07612937537359232,-5.387330922607255,-0.7048747954168051,-0.161790480277201,-42,-1768.625000000001,0.0033543182256391413,-0.017971310785540928,0.030479612417098456,-4.067128679995573,-1.1681264359233499,-0.605381538064985,-8.834343863846234,-29.532058608064382
min_veto_gex_skewterm_stack_equal_core,veto0.130,4006,32988.52499999999,0.4535696455317024,0.5384423364952571,0.3904143784323515,10.41929147797767,1.4578964144925213,-18.33671886800389,1.6680386759707584,30.586356262233227,548,2879.3199999999906,0.4324817518248175,0.5109489051094891,0.4051094890510949,6.546628917650311,1.8252192135252943,-4.462570279687234,9.927983246184477,44.30432297165563,-557,345.4350000000195,0.012631666132184582,0.0065554199929559465,-0.00209055253411794,0.27069262306900654,-0.06086436096454939,-5.457655158310391,-0.691892592742817,0.1926511019732864,-45,-1712.0150000000012,0.0075239103408377694,-0.015189374823057267,0.029055526150588984,-3.8929069104689233,-1.1487965633342372,-0.4727138112484681,-8.347853365828902,-28.613641950915955
min_veto_gex_skewterm_stack_equal_core,veto0.135,3982,32420.559999999987,0.4522852837769965,0.5371672526368659,0.39050728277247615,10.292984652066137,1.445923977220469,-17.814368867000454,1.6991296634819137,30.268922578129164,546,3182.41999999999,0.4340659340659341,0.510989010989011,0.40476190476190477,7.239722861219477,1.9687407024097268,-4.4392791278664205,11.094700483867832,49.25247228796395,-581,-222.52999999998065,0.011347304377478662,0.0052803361345648,-0.0019976481939932844,0.14438579715747402,-0.07283679823660161,-4.935305157306956,-0.6608016052316616,-0.12478258213077709,-47,-1408.9150000000018,0.00910809258195433,-0.01514926894353541,0.028707941861398856,-3.199812966899758,-1.0052750744498047,-0.4494226594276549,-7.181136128145546,-23.665492634607638
min_veto_gex_skewterm_stack_equal_core,veto0.140,3963,31992.04999999999,0.45243502397173857,0.5367146101438305,0.3906131718395155,10.18878945096326,1.432017314060258,-17.82015205687367,1.685009391840649,30.027123579860593,544,3075.8549999999914,0.4375,0.5110294117647058,0.40808823529411764,7.027041907680492,2.0090914439404877,-5.510702471150764,8.620841355848137,47.50689176307104,-600,-651.039999999979,0.011497044572220727,0.004827693641529351,-0.0018917591269539402,0.04019059605459674,-0.08674346139681277,-4.941088347180173,-0.6749218768729264,-0.3665815803993482,-49,-1515.4800000000005,0.012542158516020252,-0.015108868167840517,0.03203427239361173,-3.4124939204387426,-0.9649243329190438,-1.5208460027119983,-9.654995256165241,-25.411073159500546
min_veto_gex_skewterm_stack_equal_core,veto0.145,3943,30909.03999999999,0.4514329190971342,0.53613999492772,0.3913264012173472,9.881417074385016,1.4037323683019234,-17.592437377387803,1.671564492520808,29.40689365693734,542,3234.404999999992,0.43726937269372695,0.5129151291512916,0.4059040590405904,7.382199167974652,2.001623165516746,-5.725590042567731,8.751293032022081,50.106316243738,-620,-1734.0499999999774,0.010494939697616334,0.004253078425418888,-0.001178529749122248,-0.2671817805236465,-0.11502840715514728,-4.713373667694306,-0.6883667761927674,-0.9868115033226026,-51,-1356.9299999999998,0.012311531209747206,-0.0132231507812548,0.029850096140084492,-3.057336660144583,-0.9723926113427854,-1.7357335741289655,-9.524543579991297,-22.811648678833585
min_veto_gex_skewterm_stack_equal_core,veto0.150,3923,29975.35499999999,0.449910782564364,0.5350497068569972,0.3925567167983686,9.608201880691487,1.369127898203543,-19.96365369840023,1.4456931835159699,28.861318069850594,541,3305.7599999999916,0.43622920517560076,0.5157116451016636,0.4066543438077634,7.500406698580858,2.0671529024276647,-5.731286009770832,8.947514501668234,51.28076468563278,-640,-2667.7349999999788,0.008972803164846166,0.003162790354696021,5.178583189918706e-05,-0.5403969742171757,-0.14963287725352759,-7.084589988706732,-0.9142380851976055,-1.5323870904093475,-52,-1285.5750000000003,0.011271363691621017,-0.010426634830882797,0.030600380907257474,-2.939129129538377,-0.9068628744318668,-1.7414295413320664,-9.328322110345145,-21.637200236938803
min_veto_gex_skewterm_stack_equal_core,veto0.155,3896,30369.73999999999,0.45123203285420943,0.5359342915811088,0.3906570841889117,9.757016718889265,1.381048141387137,-18.92826912224904,1.537014488260291,29.093023878586678,540,3755.304999999992,0.4388888888888889,0.5185185185185185,0.40370370370370373,8.57485986780031,2.505848200168981,-3.859146386102875,15.22221643917245,58.74476155970814,-667,-2273.3499999999767,0.010294053454691587,0.004047375078807702,-0.0018478467775577267,-0.39158213601939806,-0.13771263406993373,-6.049205412555544,-0.8229167804532844,-1.3006812816732634,-53,-836.0299999999997,0.013931047404909136,-0.00761976141402787,0.02764974080319782,-1.864675960318925,-0.46816757669055065,0.13071008233589065,-3.053620172840928,-14.173203362863447
min_veto_gex_skewterm_stack_equal_core,veto0.160,3847,29032.10999999998,0.4523004938913439,0.5360020795425007,0.3906940473095919,9.486794838120895,1.3515321823722908,-19.439778779841888,1.455751159231677,28.299480493962182,536,3871.8049999999926,0.43843283582089554,0.5186567164179104,0.40298507462686567,8.873558260639966,2.5766363702370105,-3.859146386102875,15.728131933491378,60.69716351128247,-716,-3610.9799999999886,0.01136251449182607,0.004115163040199543,-0.0018108836568775377,-0.6618040167877677,-0.1672285930847799,-6.56071507014839,-0.9041801094818984,-2.094224666297759,-57,-719.5299999999993,0.013474994336915791,-0.007481563514635914,0.026931111726359758,-1.565977567479269,-0.3973794066225209,0.13071008233589065,-2.5477046785220008,-12.220801411289116
min_veto_gex_skewterm_stack_equal_core,veto0.165,3831,29002.82499999999,0.4528843643957191,0.5366744975202297,0.3902375358914122,9.520316658219025,1.3521535992575495,-18.768687668604912,1.50686402743212,28.28186028992956,535,3519.404999999994,0.4373831775700935,0.514018691588785,0.4074766355140187,8.105892367795173,2.3457873675739225,-3.9072273327521714,14.028901919359853,54.81410902782222,-732,-3640.2649999999776,0.011946384996201265,0.004787581017928533,-0.0022673950750572436,-0.6282821966896375,-0.16660717619952115,-5.8896239589114145,-0.8530672412814555,-2.11184487033038,-58,-1071.929999999998,0.012425336086113736,-0.012119588343761367,0.03142267261351278,-2.333643460324062,-0.628228409285609,0.08262913568659425,-4.246934692653525,-18.103855894749366
min_veto_gex_skewterm_stack_equal_core,veto0.170,3807,29694.46999999999,0.45416338324139743,0.5379563961124245,0.3890202258996585,9.813036426099393,1.3817677562944812,-17.801230629512748,1.6119758257065924,28.695153442602294,531,3783.014999999994,0.4425612052730697,0.519774011299435,0.4011299435028249,8.775372917075012,2.4971511880236097,-3.8760748492112342,15.27536996225938,59.208477323110344,-756,-2948.619999999977,0.01322540384187959,0.006069479610123385,-0.0034847050668109225,-0.33556242880927023,-0.13699301916258944,-4.922166919819251,-0.747955443006983,-1.6985517176576472,-62,-808.3199999999979,0.017603363789089943,-0.006364268633111347,0.02507598060231897,-1.6641629110442224,-0.47686458883592175,0.11378161922753138,-3.0004666497539993,-13.70948759946124
min_veto_gex_skewterm_stack_equal_core,veto0.175,3789,29496.079999999987,0.45447347585114806,0.5386645552916337,0.388756927949327,9.78867653376921,1.3755364371258536,-18.165790021683907,1.573133398811735,28.577210998911905,530,3801.339999999995,0.44150943396226416,0.5188679245283019,0.4018867924528302,8.813409837677112,2.587778104470285,-3.924334575365713,15.165722495435134,59.51536914923767,-774,-3147.00999999998,0.013535496451630213,0.006777638789332574,-0.003748003017142454,-0.359922321139452,-0.14322433833121706,-5.28672631199041,-0.7867978699018403,-1.8164941613480359,-63,-789.9949999999967,0.016551592478284416,-0.007270355404244477,0.0258328295523243,-1.626125990442123,-0.38623767238924644,0.06552189307305278,-3.110114116578245,-13.402595773333914
min_veto_gex_skewterm_stack_equal_core,veto0.180,3765,28389.67499999999,0.4539176626826029,0.5370517928286852,0.3896414342629482,9.46158183862069,1.3423431866925395,-17.153593009999447,1.6270896830524815,27.910434213851264,529,3322.7299999999946,0.43856332703213613,0.5160680529300568,0.4045368620037807,7.7342524876499,2.344210852337198,-3.924334575365713,13.138659379912582,51.56049527854398,-798,-4253.414999999979,0.012979683283085075,0.005164876326384071,-0.0028634967035212067,-0.6870170162879727,-0.17641758876453117,-4.27452930030595,-0.7328415856610939,-2.483270946408677,-64,-1268.6049999999973,0.013605485548156382,-0.010070227002489607,0.028482899103274784,-2.705283340469335,-0.6298049245223334,0.06552189307305278,-5.137177232100797,-21.357469644027603
min_veto_gex_skewterm_stack_equal_core,veto0.185,3740,27828.69999999999,0.4537433155080214,0.5366310160427807,0.39037433155080214,9.315479448248801,1.327062606881794,-18.25431608921298,1.5101274519392232,27.566343842696362,529,3316.5099999999948,0.43856332703213613,0.5141776937618148,0.4064272211720227,7.724573268981092,2.3299663361559384,-3.924334575365713,13.112528064971356,51.45794725582036,-823,-4814.389999999978,0.01280533610850354,0.004744099540479607,-0.002130599415667289,-0.8331194066598613,-0.19169816857527677,-5.375252379519484,-0.8498038167743522,-2.827361317563579,-64,-1274.824999999997,0.013605485548156382,-0.01196058617073159,0.030373258271516768,-2.7149625591381428,-0.644049440703593,0.06552189307305278,-5.163308547042023,-21.460017666751227
min_veto_gex_skewterm_stack_equal_core,veto0.190,3722,27536.629999999983,0.45298226759806554,0.5360021493820527,0.3911875335840946,9.26249196034024,1.3220119947844122,-19.858963477310514,1.3790015267770077,27.38554095542003,527,3273.7899999999954,0.4364326375711575,0.5142314990512334,0.4079696394686907,7.657791261511388,2.3454233819019867,-4.918610106099259,10.31881183098209,50.75421215480511,-841,-5106.459999999985,0.012044288198547692,0.004115232879751574,-0.001317397382374852,-0.8861068945684227,-0.19674878067265844,-6.979899767617017,-0.9809297419365677,-3.008164204839911,-66,-1317.5449999999964,0.011474796087177774,-0.011906780881312917,0.03191567656818478,-2.7817445666078466,-0.6285923949575447,-0.9287536376604937,-7.957024781031288,-22.163752767766475
min_veto_gex_skewterm_stack_equal_core,veto0.195,3697,28224.619999999984,0.4549634839058696,0.5382742764403571,0.3895050040573438,9.524385437715429,1.3475792968735694,-20.281396784387155,1.3711886857716706,27.80962180239761,526,3168.7099999999955,0.435361216730038,0.5133079847908745,0.40874524714828897,7.436980548955242,2.2736252515593818,-4.918610106099259,9.967763013768192,49.027539894722636,-866,-4418.469999999983,0.01402550450635176,0.006387359938055948,-0.0029999269091256497,-0.6242134171932339,-0.1711814785835013,-7.402333074693658,-0.9887425829419048,-2.5840833578623297,-67,-1422.6249999999964,0.010403375246058277,-0.012830295141671888,0.03269128424778306,-3.0025552791639925,-0.7003905253001497,-0.9287536376604937,-8.308073598245187,-23.89042502784895
min_veto_gex_skewterm_stack_equal_core,veto0.200,3667,29207.919999999984,0.4565039541859831,0.5399509135533134,0.38887373875102266,9.906793196380557,1.3904874367493192,-17.94563015387957,1.582838561108442,28.405035410951008,525,3349.029999999995,0.4380952380952381,0.5142857142857142,0.4076190476190476,7.859021355273617,2.3612697475357503,-5.030600200930961,10.335612921304087,51.99433643865699,-896,-3435.1699999999837,0.015565974786465264,0.00806399705101224,-0.003631192215446777,-0.2418056585281061,-0.12827333870775148,-5.066566444186073,-0.7770927076051335,-1.988669749308933,-68,-1242.3049999999967,0.013137396611258345,-0.011852565646832125,0.03156508471854169,-2.5805144728456177,-0.6127460293237812,-1.0407437324921958,-7.940223690709292,-20.923628483914598
min_veto_gex_skewterm_stack_equal_core,veto0.205,3643,29189.07499999999,0.45621740323908866,0.5399396102113643,0.38869063958276145,9.95396579723971,1.3925429525937805,-17.07593271526041,1.6627928923503785,28.39373954918831,521,3339.1299999999956,0.43761996161228406,0.5143953934740882,0.4069097888675624,7.925978656471919,2.509515794382631,-4.01919339555156,12.895866703207775,51.83098228344596,-920,-3454.0149999999776,0.015279423839570816,0.008052693709063141,-0.0038142913837079795,-0.1946330576689519,-0.1262178228632902,-4.196869005566914,-0.6971383763631969,-1.9999656110716302,-72,-1252.2049999999963,0.01266212012830431,-0.011742886458458113,0.030855825967056494,-2.5135571716473155,-0.4644999824769003,-0.029336927112794342,-5.379969908805604,-21.086982639125623
min_veto_gex_skewterm_stack_equal_core,veto0.210,3625,29855.599999999988,0.45682758620689656,0.5406896551724137,0.38813793103448274,10.185767887066921,1.4124853362400582,-16.37553627481949,1.758146451614702,28.79059099486172,520,2344.0499999999956,0.4288461538461538,0.5057692307692307,0.4173076923076923,5.558399774633503,1.734142899656465,-5.351440530850131,6.669894555766705,35.69354406222658,-938,-2787.48999999998,0.01588960680737872,0.008802738670112609,-0.0043669999319866926,0.03716903215825873,-0.10627543921701244,-3.496472565125991,-0.6017848170988733,-1.603114165398221,-73,-2247.284999999996,0.0038883123621740734,-0.02036904916331561,0.04125372940718641,-4.881136053485732,-1.2398728772030665,-1.3615840624113655,-11.605942056246674,-37.224420860345006
min_veto_gex_skewterm_stack_equal_core,veto0.215,3599,28819.60499999998,0.4556821339260906,0.5395943317588219,0.39038621839399834,9.894954451684967,1.389505527518629,-16.936456251209002,1.6633570803178839,28.171374420942573,520,2163.9199999999955,0.4288461538461538,0.5038461538461538,0.41923076923076924,5.118108746329195,1.5399444320857567,-6.400418117766531,5.129822778765943,32.83301065414499,-964,-3823.484999999986,0.01474415452657274,0.007707415256520744,-0.002118712572471093,-0.25364440322369575,-0.12925524793844168,-4.0573925415155045,-0.6965741883956915,-2.2223307393173677,-73,-2427.4149999999963,0.0038883123621740734,-0.022292126086392527,0.04317680633026333,-5.3214270817900395,-1.4340713447737747,-2.4105616493277653,-13.146013833247435,-40.08495426842659
min_veto_gex_skewterm_stack_equal_core,veto0.220,3571,29238.334999999985,0.45645477457294875,0.5404648557826939,0.3895267432091851,10.098294396274106,1.4200208553472944,-14.574708979978613,1.950176646412242,28.42325708100908,520,2267.109999999995,0.4288461538461538,0.5038461538461538,0.4173076923076923,5.374656039888574,1.6267771593356348,-6.345573685001635,5.432037759478581,34.46939586248252,-992,-3404.754999999983,0.015516795173430908,0.008577939280392743,-0.002978187757284312,-0.05030445863455668,-0.09873992010977628,-1.695645270285116,-0.4097546223013333,-1.9704480792508612,-73,-2324.2249999999967,0.0038883123621740734,-0.022292126086392527,0.04125372940718641,-5.064879788230661,-1.3472386175238966,-2.3557172165628693,-12.843798852534798,-38.44856906008906
min_veto_gex_skewterm_stack_equal_core,veto0.225,3541,29437.39999999999,0.45665066365433493,0.5405252753459475,0.38887319966111267,10.231500853575088,1.4332454128874796,-14.571847589916487,1.9587243785120378,28.542233114331307,519,2234.999999999995,0.4296724470134875,0.5048169556840078,0.4161849710982659,5.313218383973324,1.6370969860058469,-6.361525273997019,5.338268574873759,33.95953045844347,-1022,-3205.689999999977,0.01571268425481709,0.008638358843646388,-0.003631731305356767,0.08290199866642567,-0.08551536256959102,-1.69278388022299,-0.40120689020153755,-1.8514720459286345,-74,-2356.334999999997,0.004714605529507754,-0.02132132424853861,0.04013100819776,-5.1263174441459105,-1.3369187908536846,-2.3716688055582535,-12.93756803713962,-38.95843446412812
min_veto_gex_skewterm_stack_equal_core,veto0.230,3525,30393.474999999988,0.4584397163120567,0.5418439716312057,0.3872340425531915,10.606174230271366,1.467977242939803,-14.153315116116616,2.056543582748104,29.10690937666136,519,2560.2099999999955,0.43352601156069365,0.5105973025048169,0.41040462427745666,6.0734571837411595,1.8370717300484487,-6.294184758169058,6.220198611697613,39.151079294531456,-1038,-2249.61499999998,0.017501736912538868,0.009957055128904546,-0.005270888413277941,0.457575375362703,-0.05078353251726764,-1.2742514064231187,-0.3033876859654714,-1.2867957835985813,-74,-2031.1249999999964,0.008568170076713899,-0.015540977427729419,0.03435066137695075,-4.366078644378075,-1.1369440468110827,-2.304328289730292,-12.055638000315765,-33.76688562804013
min_veto_gex_skewterm_stack_equal_core,veto0.235,3496,30119.599999999984,0.4579519450800915,0.5426201372997712,0.38729977116704806,10.595992754805783,1.4645158774902653,-15.261122035795166,1.8967333701089024,28.946279430597,515,2816.6499999999955,0.4349514563106796,0.512621359223301,0.4097087378640777,6.7419713417448,2.0676329401750846,-6.8776908804698484,6.293929166086592,43.28769922791695,-1067,-2523.4899999999834,0.017013965680573673,0.010733220797470078,-0.005205159799421377,0.4473938998971203,-0.05424489796680532,-2.382058326101669,-0.463197898604673,-1.4474257296629425,-78,-1774.6849999999963,0.00999361482669986,-0.013516920709245372,0.033654774963571776,-3.697564486374435,-0.9063828366844469,-2.887834412031083,-11.981907445926787,-29.630265694654632
min_veto_gex_skewterm_stack_equal_core,veto0.240,3474,29740.19999999999,0.4579735175590098,0.542314335060449,0.3865860679332182,10.51402711681578,1.4595961760087175,-15.620058243717938,1.8388069407100833,28.7222715128443,512,2615.9599999999955,0.43359375,0.51171875,0.41015625,6.306187945113137,1.8705296166151344,-6.918373438253594,5.788525345564506,40.047179997411185,-1089,-2902.8899999999776,0.017035538159491936,0.010427418558147883,-0.0059188630332512315,0.36542826190711786,-0.05916459944835317,-2.7409945340244413,-0.5211243280034921,-1.6714336474156397,-81,-1975.3749999999964,0.008635908516020252,-0.01441952993254636,0.03410228709949409,-4.133347883006098,-1.103486160244397,-2.9285169698148286,-12.487311266448874,-32.8707849251604
min_veto_gex_skewterm_stack_equal_core,veto0.245,3450,29777.83499999999,0.45768115942028986,0.5431884057971015,0.38521739130434784,10.59257794745948,1.4752953717206283,-14.923949033042119,1.9260699721115613,28.744570097865797,510,2878.689999999996,0.43529411764705883,0.5117647058823529,0.40980392156862744,6.965921385261765,2.0914662710439997,-6.823128208907225,6.491757264694947,44.2940921181185,-1113,-2865.254999999979,0.01674318002077202,0.011301489294800349,-0.007287539662121589,0.44397909255081736,-0.043465403736442365,-2.0448853233486215,-0.4338612966020141,-1.6491350623941443,-83,-1712.644999999996,0.010336276163079083,-0.01437357405019346,0.03374995866812153,-3.4736144428574693,-0.8825495058155317,-2.8332717404684598,-11.784079347318432,-28.623872804453086
min_veto_gex_skewterm_stack_equal_core,veto0.250,3430,29908.014999999992,0.458600583090379,0.5434402332361516,0.38425655976676387,10.683475998698034,1.467501735180845,-15.32665195204595,1.8804869204873802,28.821568530684782,505,2761.644999999996,0.43564356435643564,0.5108910891089109,0.4099009900990099,6.749180010963318,2.067549518318739,-5.828880428844545,7.273653177640573,42.397254653352064,-1133,-2735.0749999999753,0.017662603690861145,0.011553316733850516,-0.008248371199705562,0.5348771437893713,-0.05125904027622563,-2.4475882423524524,-0.4794443482261952,-1.5721366295751587,-88,-1829.689999999996,0.010685722872455894,-0.01524719082363546,0.033847027198503965,-3.6903558171559165,-0.9064662585407923,-1.839023960405779,-11.002183434372807,-30.52071026921952
min_veto_gex_skewterm_stack_equal_core,veto0.255,3404,30539.05999999999,0.4609283196239718,0.5455346650998825,0.3827849588719154,10.972841704233216,1.4897622792632765,-15.306733295853123,1.9071302612068735,29.191934268744312,502,2964.9949999999953,0.4362549800796813,0.5119521912350598,0.40836653386454186,7.284196411747194,2.1643893590976844,-5.662369508694952,8.070425329508211,45.6977303080067,-1159,-2104.029999999977,0.01999034022445395,0.013647748597581333,-0.009719972094554052,0.8242428493245537,-0.028998496193794132,-2.4276695861596256,-0.45280100750670194,-1.201770891515629,-91,-1626.3399999999965,0.011297138595701528,-0.01418608869748661,0.03231257096403595,-3.1553394163720405,-0.8096264177618471,-1.6725130402561863,-10.205411282505167,-27.220234614564887
min_veto_gex_skewterm_stack_equal_core,veto0.260,3375,31031.149999999994,0.4631111111111111,0.5466666666666666,0.38192592592592595,11.2424855573108,1.5097213822229927,-14.267399394180538,2.066073183491557,29.477491286480095,497,2953.2849999999953,0.4346076458752515,0.5110663983903421,0.4084507042253521,7.360633755953601,2.0949727085949954,-7.285831083661264,6.245963567761776,45.50703550941455,-1188,-1611.9399999999732,0.02217313171159324,0.014779750164365502,-0.010579005040543488,1.0938867024021377,-0.009039393234077986,-1.388335684487041,-0.2938580852220185,-0.9162138737798458,-96,-1638.0499999999965,0.009649804391271777,-0.01507188154220429,0.03239674132484621,-3.0789020721656337,-0.879043068264536,-3.295974615222498,-12.029873044251602,-27.410929413157035
min_veto_gex_skewterm_stack_equal_core,veto0.265,3347,31764.739999999998,0.4657902599342695,0.5482521661189125,0.38093815357036154,11.583670045948509,1.5405522593373884,-14.526917211263523,2.058113061168624,29.89803805101674,495,2934.2649999999953,0.43434343434343436,0.5111111111111111,0.4080808080808081,7.35509466009195,2.137688227930915,-5.794839579366219,7.799605740880991,45.197464050709144,-1216,-878.3499999999694,0.024852280534751636,0.016365249616611344,-0.011566777396107897,1.435071191039846,0.021791483880317708,-1.647853501570026,-0.30181820754495137,-0.49566710924320034,-98,-1657.0699999999965,0.009385592859454617,-0.015027168821435288,0.03202684518030219,-3.0844411680272845,-0.8363275489286166,-1.804983110927453,-10.476230871132387,-27.72050087186244
min_veto_gex_skewterm_stack_equal_core,veto0.270,3317,31522.359999999997,0.4663852879107627,0.548688574012662,0.3804642749472415,11.585756702034882,1.5396099814290398,-15.554884939051645,1.9132099493126098,29.759760625806475,495,2817.2549999999956,0.43434343434343436,0.5111111111111111,0.4080808080808081,7.067639238329467,2.0616135682739416,-5.801739768500443,7.462848131930033,43.29750279329772,-1246,-1120.7299999999705,0.02544730851124488,0.01680165751036089,-0.012040656019227935,1.437157847126219,0.020849205971969154,-2.6758212293581476,-0.4467213194009656,-0.633944534453466,-98,-1774.0799999999963,0.009385592859454617,-0.015027168821435288,0.03202684518030219,-3.3718965897897677,-0.9124022085855898,-1.8118833000616776,-10.812988480083344,-29.620462129273868
min_veto_gex_skewterm_stack_equal_core,veto0.275,3300,32452.835,0.4690909090909091,0.5506060606060607,0.3790909090909091,11.97737400432705,1.5709691300216027,-15.352420266966915,1.9727869094564305,30.28705373114593,494,2605.964999999996,0.4331983805668016,0.5101214574898786,0.41295546558704455,6.560190937853052,1.8320056322769298,-9.413377482904973,4.237203246688827,39.886393632872455,-1263,-190.25499999996828,0.02815292969139127,0.018719144103759522,-0.013414021875560345,1.8287751494183873,0.05220835456453199,-2.4733565572734175,-0.38714435925714485,-0.10665142911400949,-99,-1985.3699999999958,0.008240539082821852,-0.016016822442667777,0.036901502686538634,-3.879344890266183,-1.1420101445826016,-5.423521014466208,-14.038633365324552,-33.03157128969913
min_veto_gex_skewterm_stack_equal_core,veto0.280,3271,32831.42999999999,0.46958116783858145,0.5509018648731275,0.37847752980739835,12.230789983721051,1.5833350971486584,-14.69086963110519,2.076044620715171,30.498900871283794,492,2851.954999999998,0.4369918699186992,0.5121951219512195,0.41260162601626016,7.223601082746739,1.9705356815207835,-9.228684414965025,4.752588323071929,43.86013778787867,-1292,188.3400000000256,0.028643188439063605,0.0190149483708264,-0.014027401159071085,2.082191128812388,0.06457432169158772,-1.8118059214116933,-0.2838866479984046,0.10519571102385328,-101,-1739.3799999999937,0.012034028434719457,-0.013943157981326837,0.03654766311575425,-3.215934745372496,-1.003480095338748,-5.23882794652626,-13.52324828894145,-29.057827134692914
min_veto_gex_skewterm_stack_equal_core,veto0.285,3244,31765.009999999995,0.467940813810111,0.5487053020961775,0.3803945745992602,11.90665411017645,1.5464148769432673,-15.003163542906488,1.9927924956697207,29.898191719609592,489,2776.405,0.4376278118609407,0.5132924335378323,0.40899795501022496,7.0845598517154595,1.7971447248778785,-10.424899895284852,4.089826024083377,42.63602689020005,-1319,-878.0799999999726,0.027002834410593146,0.016818385593876384,-0.012110356367209252,1.758055255267788,0.027654101486196625,-2.1240998332129912,-0.36713877304385467,-0.49551344065034897,-104,-1814.9299999999917,0.012669970376960937,-0.012845846394714089,0.032943992109719045,-3.354975976403775,-1.176871051981653,-6.435043426846087,-14.186010587930003,-30.281938032371535
min_veto_gex_skewterm_stack_equal_core,veto0.290,3219,30915.859999999993,0.46722584653619137,0.5470643056849953,0.3821062441752097,11.681160752028944,1.5147695562040469,-15.566660333984048,1.8893481665448684,29.41084116123949,487,2602.805,0.4353182751540041,0.5112936344969199,0.4106776180698152,6.696916974650153,1.654184220149094,-10.210551658216547,3.9014122816126773,39.835571641406716,-1344,-1727.229999999974,0.026287867136673526,0.015177389182694179,-0.010398686791259715,1.5325618971202815,-0.003991219253023814,-2.687596624290551,-0.470583102168707,-0.9828639990204522,-106,-1988.529999999992,0.010360433670024372,-0.014844645435626469,0.034623655169309264,-3.7426188534690814,-1.3198315567104375,-6.220695189777781,-14.374424330400702,-33.08239328116487
min_veto_gex_skewterm_stack_equal_core,veto0.295,3204,30901.55999999999,0.46722846441947563,0.5468164794007491,0.38202247191011235,11.729609037704762,1.5170436800258926,-15.13083621232113,1.94322132003942,29.402563517806925,485,2735.665,0.43711340206185567,0.51340206185567,0.40824742268041236,7.0715586682955305,1.7586381009982974,-9.629543489422092,4.359217878640734,41.97727814223726,-1359,-1741.529999999977,0.026290485019957788,0.014929562898447934,-0.010482459056357085,1.5810101827960992,-0.0017170954311780395,-2.2517725026276327,-0.41670994867415545,-0.991141642453016,-108,-1855.669999999992,0.012155560577875923,-0.012736218076876304,0.03219345977990645,-3.3679771598237043,-1.215377675861234,-5.6396870209833265,-13.916618733372644,-30.940686780334325
min_veto_gex_skewterm_stack_equal_core,veto0.300,3178,30901.079999999984,0.4653870358716174,0.5459408432976715,0.3832599118942731,11.796941644783589,1.5298268029091624,-14.774757401283479,1.9900350866858811,29.402285625826032,478,2650.3250000000007,0.4351464435146444,0.5125523012552301,0.4100418410041841,6.991853510931016,1.7631536319005863,-10.081112217234299,4.027376600483227,40.600435450535,-1385,-1742.0099999999838,0.02444905647209955,0.01405392679537032,-0.009245019072196325,1.6483427898749259,0.011066027452091731,-1.8956936915899814,-0.36989618202769425,-0.9914195344339092,-115,-1941.0099999999911,0.010188602030664629,-0.013585978677316257,0.033987878103678204,-3.447682317188219,-1.2108621449589452,-6.091255748795533,-14.248460011530153,-32.31752947203658
min_veto_gex_skewterm_stack_equal_core,tilt0.005,4563,32978.33999999997,0.44115713346482577,0.532325224632917,0.39250493096646943,10.252255804108753,1.52796516479339,-12.879063709693497,2.37445010330416,30.580694155942577,593,4591.334999999992,0.42495784148397975,0.5261382799325464,0.3760539629005059,10.439535828119235,2.9740157768595314,-3.9898564684387656,18.27583661201338,72.91796492257158,0,335.25,0.00021915406530792492,0.00043830813061584983,0.0,0.10365694920009005,0.009204389336319396,0.0,0.01451883459058445,0.18698899568263627,0,0.0,0.0,0.0,0.0,0.0,0.0,0.0,0.0,0.0
min_veto_gex_skewterm_stack_equal_core,tilt0.010,4563,32858.94999999997,0.44093797939951784,0.532325224632917,0.39250493096646943,10.212233527865079,1.524129328813708,-12.879063709693497,2.3692902652978955,30.514240273528202,593,4761.804999999992,0.4266441821247892,0.5278246205733558,0.37436762225969644,10.844517817097264,3.0730060787840174,-3.9898564684387656,19.011639763537683,75.85371388617847,0,215.86000000000058,0.0,0.00043830813061584983,0.0,0.06363467295641634,0.00536855335663744,0.0,0.009358996584320156,0.12053511326826083,0,170.47000000000025,0.0016863406408094694,0.001686340640809414,-0.0016863406408094694,0.4049819889780295,0.09899030192448599,0.0,0.7358031515243049,2.9357489636068834
min_veto_gex_skewterm_stack_equal_core,tilt0.020,4563,32546.85999999997,0.44071882533421,0.5321060705676091,0.39294323909708523,10.119733752257135,1.5172680364308198,-12.879063709693497,2.355746566516322,30.33981011405542,593,4761.804999999992,0.4266441821247892,0.5278246205733558,0.37436762225969644,10.844517817097264,3.0730060787840174,-3.9898564684387656,19.011639763537683,75.85371388617847,0,-96.22999999999593,-0.0002191540653078694,0.00021915406530792492,0.0004383081306157943,-0.028865102651527863,-0.001492739026250911,0.0,-0.004184702197253198,-0.053895046204520014,0,170.47000000000025,0.0016863406408094694,0.001686340640809414,-0.0016863406408094694,0.4049819889780295,0.09899030192448599,0.0,0.7358031515243049,2.9357489636068834
min_veto_gex_skewterm_stack_equal_core,tilt0.030,4563,31790.319999999974,0.4400613631382862,0.5314486083716853,0.3933815472277011,9.887131398218191,1.492401432893042,-12.916064982501938,2.3159215415113614,29.9125931245368,593,4761.804999999992,0.4266441821247892,0.5278246205733558,0.37436762225969644,10.844517817097264,3.0730060787840174,-3.9898564684387656,19.011639763537683,75.85371388617847,0,-852.7699999999932,-0.0008766162612316442,-0.00043830813061584983,0.0008766162612316442,-0.2614674566904718,-0.02635934256402872,-0.03700127280844079,-0.044009727202213966,-0.48111203572313954,0,170.47000000000025,0.0016863406408094694,0.001686340640809414,-0.0016863406408094694,0.4049819889780295,0.09899030192448599,0.0,0.7358031515243049,2.9357489636068834
min_veto_gex_skewterm_stack_equal_core,tilt0.040,4563,31934.77999999997,0.4400613631382862,0.5316677624369932,0.39316239316239315,9.9268892856218,1.4982531100320782,-12.879063709693497,2.328946846268373,29.994654809580123,593,4529.744999999992,0.42495784148397975,0.5261382799325464,0.3760539629005059,10.320241684959717,2.8120691806742335,-4.069403056562777,17.658872128373957,71.86106821465621,0,-708.3099999999977,-0.0008766162612316442,-0.00021915406530792492,0.0006574621959237192,-0.22170956928686358,-0.020507665424992494,0.0,-0.030984422445202497,-0.3990503506798184,0,-61.590000000000146,0.0,0.0,0.0,-0.11929414315951803,-0.16194659618529794,-0.07954658812401139,-0.6169644836394212,-1.0568967079153708
min_veto_gex_skewterm_stack_equal_core,tilt0.050,4563,32032.484999999975,0.4402805172035941,0.5316677624369932,0.3933815472277011,9.939511763010024,1.498032464564164,-12.879063709693497,2.333246171921249,30.050026098572236,593,4529.744999999992,0.42495784148397975,0.5261382799325464,0.3760539629005059,10.320241684959717,2.8120691806742335,-4.069403056562777,17.658872128373957,71.86106821465621,0,-610.6049999999923,-0.0006574621959237192,-0.00021915406530792492,0.0008766162612316442,-0.20908709189863828,-0.02072831089290661,0.0,-0.026685096792326224,-0.34367906168770546,0,-61.590000000000146,0.0,0.0,0.0,-0.11929414315951803,-0.16194659618529794,-0.07954658812401139,-0.6169644836394212,-1.0568967079153708
min_veto_gex_skewterm_stack_equal_core,tilt0.075,4563,32016.72999999997,0.4402805172035941,0.5316677624369932,0.3933815472277011,9.923753488623797,1.4885831792537452,-12.879063709693497,2.3325534551704927,30.041104555406474,593,4125.1149999999925,0.42158516020236086,0.5227655986509275,0.3794266441821248,9.38667897861215,2.4634522755472243,-6.306396732296779,10.301884633641002,64.96777159009201,0,-626.359999999997,-0.0006574621959237192,-0.00021915406530792492,0.0008766162612316442,-0.22484536628486573,-0.030177596203325496,0.0,-0.027377813543082663,-0.35260060485346756,0,-466.21999999999935,-0.0033726812816188834,-0.003372681281618828,0.0033726812816188834,-1.0528568495070854,-0.5105635013123071,-2.3165402638580135,-7.9739519783723765,-7.9501933324795715
min_veto_gex_skewterm_stack_equal_core,tilt0.100,4563,31798.51999999998,0.4400613631382862,0.5314486083716853,0.3938198553583169,9.85180613853715,1.4796437020603856,-13.010238576083314,2.299516432851678,29.9172574010244,593,4044.134999999993,0.42158516020236086,0.5227655986509275,0.3794266441821248,9.216884933631055,2.4554278844544624,-6.173350210531003,10.302143194286998,63.59873785737218,0,-844.5699999999888,-0.0008766162612316442,-0.00043830813061584983,0.0013149243918474385,-0.29679271637151317,-0.03911707339668502,-0.13117486638981646,-0.06041483586189722,-0.4764477592355405,0,-547.1999999999989,-0.0033726812816188834,-0.003372681281618828,0.0033726812816188834,-1.2226508944881793,-0.5185878924050691,-2.183493742092238,-7.9736934177263805,-9.319227065199406
min_veto_gex_skewterm_stack_equal_core,tilt0.150,4563,31809.664999999968,0.43984220907297833,0.5314486083716853,0.3940390094236248,9.842232091992319,1.483563897534814,-12.879063709693497,2.3234294286801105,29.92359563694791,593,3963.0349999999926,0.42158516020236086,0.521079258010118,0.3811129848229342,9.028662960915081,2.448471986698582,-6.215690967321254,10.01195629896597,62.23122633269791,0,-833.4249999999993,-0.0010957703265395136,-0.00043830813061584983,0.0015340784571553634,-0.306366762916344,-0.035196877922256675,0.0,-0.036501840033464905,-0.4701095233120327,0,-628.2999999999993,-0.0033726812816188834,-0.005059021922428353,0.005059021922428297,-1.4108728672041533,-0.5255437901609494,-2.225834498882488,-8.263880313047409,-10.686738589873677
min_veto_gex_skewterm_stack_equal_core,tilt0.200,4563,32829.26999999997,0.44115713346482577,0.5321060705676091,0.3933815472277011,10.1422608056174,1.514572462231395,-12.879063709693497,2.3680057225620788,30.497696565795795,593,3890.809999999992,0.42158516020236086,0.5177065767284992,0.3827993254637437,8.839212306165628,2.419410119284886,-6.215690967321254,9.816505750566654,61.016366124454294,0,186.1800000000003,0.00021915406530792492,0.00021915406530792492,0.0008766162612316442,-0.006338049291262138,-0.004188313225675699,0.0,0.00807445384850336,0.1039914055358544,0,-700.5249999999996,-0.0033726812816188834,-0.00843170320404718,0.006745362563237767,-1.600323521953607,-0.5546056575746454,-2.225834498882488,-8.459330861446725,-11.901598798117291
min_veto_gex_skewterm_stack_equal_core,tilt0.250,4563,32919.20999999998,0.44049967126890205,0.5316677624369932,0.393600701293009,10.162597434543205,1.5181151031991427,-12.879063709693497,2.371896068390549,30.547800577573405,593,4092.4099999999935,0.42327150084317033,0.5193929173693086,0.3827993254637437,9.298393779334308,2.769665685315815,-4.487339023534719,14.354707867999247,64.41444078751388,0,276.1200000000099,-0.0004383081306157943,-0.00021915406530792492,0.001095770326539569,0.013998579634542097,-0.0006456722579279983,0.0,0.011964799676973392,0.15409541731346366,0,-498.92499999999836,-0.001686340640809414,-0.006745362563237767,0.006745362563237767,-1.1411420487849266,-0.20435009154371642,-0.49748255509595296,-3.9211287440141316,-8.503524135057702
min_veto_gex_skewterm_stack_equal_core,tilt0.300,4563,33205.47499999997,0.44115713346482577,0.5316677624369932,0.3938198553583169,10.24226172800846,1.5321827735773492,-12.879063709693497,2.3842342550644586,30.706704869808775,593,3939.019999999994,0.42327150084317033,0.5193929173693086,0.3827993254637437,8.949185966729813,2.7231957977219365,-4.520246697339771,13.677786224002912,61.82696800596859,0,562.385000000002,0.00021915406530792492,-0.00021915406530792492,0.0013149243918474385,0.09366287309979704,0.013421998120278555,0.0,0.024302986350883238,0.3129997095488335,0,-652.3149999999978,-0.001686340640809414,-0.006745362563237767,0.006745362563237767,-1.4903498613894222,-0.2508199791375949,-0.5303902289010054,-4.598050388010467,-11.090996916602997
min_veto_gex_skewterm_stack_equal_core,tilt0.400,4563,33747.10999999997,0.44291036598728906,0.5327635327635327,0.3938198553583169,10.378755528313892,1.5341925677715955,-13.32108808787594,2.3275144472601874,31.005024977756833,593,4183.474999999993,0.42495784148397975,0.5227655986509275,0.3811129848229342,9.509140399029402,2.891378561476079,-4.513154214379957,14.614299194042227,65.95658599780127,0,1104.020000000004,0.0019723865877712132,0.0008766162612315886,0.0013149243918474385,0.23015667340522938,0.01543179231452485,-0.44202437818244356,-0.03241682145338798,0.6113198174968915,0,-407.85999999999876,0.0,-0.003372681281618828,0.005059021922428297,-0.9303954290898329,-0.08263721538345248,-0.5232977459411909,-3.661537417971152,-6.961378924770315
min_veto_gex_skewterm_stack_equal_core,tilt0.500,4563,34135.65499999998,0.44247205785667326,0.5332018408941486,0.39250493096646943,10.47732692868433,1.5347861537186236,-14.168372830063229,2.203299815670692,31.217173244831955,593,4235.594999999992,0.42495784148397975,0.524451939291737,0.3794266441821248,9.572268953142002,2.874011514811191,-4.4305592776598175,15.086407126548579,66.84122106108299,0,1492.5650000000096,0.001534078457155419,0.0013149243918474385,0.0,0.3287280737756664,0.016025378261552925,-1.2893091203697313,-0.15663145304288317,0.8234680845720135,0,-355.7399999999998,0.0,-0.001686340640809414,0.0033726812816188834,-0.8672668749772328,-0.10000426204834056,-0.44070280922105187,-3.1894294854647995,-6.076743861488595
min_veto_gex_skewterm_stack_equal_core,tilt0.750,4563,34526.989999999976,0.4444444444444444,0.5364891518737672,0.3905325443786982,10.505265154496684,1.532588795552168,-13.627087413829733,2.306384859393384,31.42930808888704,593,4759.589999999991,0.4266441821247892,0.524451939291737,0.3794266441821248,10.597432751159063,3.311247755595055,-4.152135962419825,18.25939005582341,75.81547010263532,0,1883.9000000000087,0.0035064650449265766,0.00460223537146609,-0.0019723865877712132,0.35666629958802076,0.013828020095097315,-0.7480237041362354,-0.05354640932019139,1.0356029286270996,0,168.2549999999992,0.0016863406408094694,-0.001686340640809414,0.0033726812816188834,0.1578969230398286,0.33723197873552335,-0.16227949398105945,-0.01644655618996893,2.8975051800637317
min_veto_gex_skewterm_stack_equal_core,tilt1.000,4563,34284.13499999997,0.4435678281832128,0.5353933815472277,0.3916283147052378,10.336413291373997,1.5089282179307721,-13.627087413829733,2.2967374141111705,31.29784150870618,593,5078.404999999991,0.4300168634064081,0.5227655986509275,0.3827993254637437,11.225346216179632,3.380302703135679,-4.806565667965057,16.924037471143045,81.34649747215033,0,1641.0450000000055,0.0026298487836949325,0.0035064650449265766,-0.0008766162612316442,0.18781443646533447,-0.009832557526298524,-0.7480237041362354,-0.0631938546024049,0.9041363484462401,0,487.0699999999988,0.005059021922428353,-0.003372681281618828,0.006745362563237767,0.7858103880603977,0.4062869262761475,-0.816709199526291,-1.3517991408703338,8.428532549578748
avg_veto_gex_cp_iv_stack_equal_core,veto0.030,4520,33643.99999999996,0.44601769911504424,0.5356194690265487,0.38738938053097344,10.36594873957623,1.536847624967652,-14.358618661376354,2.1553931158571946,30.948467815949243,592,4282.539999999992,0.4239864864864865,0.527027027027027,0.3716216216216216,9.654795531038085,2.772544024499153,-4.006203076756519,16.883634301054002,67.63926768371445,-43,1000.9099999999962,0.0050797197155263984,0.0037325525242475344,-0.005115550435495997,0.2173498846675681,0.01808684951058126,-1.4795549516828572,-0.20453815285638077,0.5547626556893022,-1,-308.7950000000001,-0.0009713549974932345,0.0008887470944806131,-0.004432341278884311,-0.7847402970811501,-0.20147175236037862,-0.01634660831775303,-1.3922023109593766,-5.278697238857134
avg_veto_gex_cp_iv_stack_equal_core,veto0.035,4508,33423.744999999966,0.4454303460514641,0.5352706299911268,0.3877551020408163,10.30637461718898,1.5287807178519885,-14.381526919093815,2.143533762201966,30.827288503094017,592,4344.439999999991,0.4239864864864865,0.527027027027027,0.3716216216216216,9.7749315947837,2.7894469254329874,-4.006203076756519,17.146745949649688,68.69334637984896,-55,780.6549999999988,0.004492366651946245,0.0033837134888257125,-0.004749828925653121,0.15777576228031798,0.01001994239491788,-1.502463209400318,-0.21639750651160927,0.4335833428340763,-1,-246.89500000000044,-0.0009713549974932345,0.0008887470944806131,-0.004432341278884311,-0.6646042333355346,-0.184568851426544,-0.01634660831775303,-1.1290906623636907,-4.224618542722624
avg_veto_gex_cp_iv_stack_equal_core,veto0.040,4500,34366.13999999997,0.446,0.5366666666666666,0.38666666666666666,10.562385576031078,1.5491623668983319,-13.910073015632971,2.2532088508726162,31.34229963510855,592,4564.399999999992,0.42567567567567566,0.5287162162162162,0.36993243243243246,10.26290198370984,2.9170996429055283,-4.006203076756519,18.08582999191649,72.45550775931117,-63,1723.050000000003,0.005062020600482164,0.004779750164365493,-0.005838264299802776,0.4137867211224151,0.0304015914412612,-1.0310093059394738,-0.10672241784095915,0.9485944748486084,-1,-26.93499999999949,0.0007178341916959097,0.0025779362836698683,-0.006121530468073455,-0.17663384440939467,-0.05691613395400319,-0.01634660831775303,-0.19000662009688796,-0.4624571632604102
avg_veto_gex_cp_iv_stack_equal_core,veto0.045,4491,34608.96499999997,0.4468937875751503,0.5366288131819194,0.38766421732353595,10.625653569386875,1.5539899189039406,-14.328890976066155,2.196509978594081,31.47355201111599,592,4319.889999999992,0.4239864864864865,0.527027027027027,0.3716216216216216,9.714328504679393,2.7813857696549524,-4.006203076756519,17.042332733306637,68.27504583128139,-72,1965.875,0.00595580817563246,0.004741896679618218,-0.004840713642933481,0.47705471447821246,0.03522914344686989,-1.4498272663726581,-0.16342129011949424,1.0798468508560504,-1,-271.4449999999997,-0.0009713549974932345,0.0008887470944806131,-0.004432341278884311,-0.7252073234398413,-0.192630007204579,-0.01634660831775303,-1.2335038787067418,-4.642919091290196
avg_veto_gex_cp_iv_stack_equal_core,veto0.050,4478,33630.73999999997,0.4468512728896829,0.5357302367128183,0.3892362661902635,10.328911624484286,1.5143823675385715,-14.390285062513636,2.1501441063172204,30.94118661538843,591,4288.744999999992,0.4263959390862944,0.5262267343485617,0.37225042301184436,9.654888683027732,2.850673840606281,-3.9702487000465463,17.063122158809247,67.74483856974783,-85,987.6500000000015,0.005913293490165061,0.0038433202105171427,-0.0032686647762059096,0.18031276957562348,-0.004378407918499194,-1.5112213528201384,-0.20978716239635498,0.5474814551284872,-2,-302.59000000000015,0.0014380976023146697,8.845441601534887e-05,-0.0038035398886615557,-0.7846471450915029,-0.1233419362532504,0.019607768392219338,-1.212714453204132,-5.173126352823758
avg_veto_gex_cp_iv_stack_equal_core,veto0.055,4467,33801.674999999974,0.44728005372733376,0.5359301544660846,0.3892993060219387,10.389102715533838,1.5214174404858802,-14.278898704374477,2.1734806843953356,31.03491052839551,591,4193.304999999991,0.4263959390862944,0.5262267343485617,0.37225042301184436,9.419793696138596,2.785692209042513,-3.9702487000465463,16.654704633476385,66.1233194207188,-96,1158.5850000000064,0.006342074327815916,0.004043237963783475,-0.0032056249445307494,0.24050386062517504,0.0026566650288095683,-1.3998349946809796,-0.1864505843182398,0.6412053681355694,-2,-398.03000000000065,0.0014380976023146697,8.845441601534887e-05,-0.0038035398886615557,-1.0197421319806388,-0.1883235678170183,0.019607768392219338,-1.6211319785369938,-6.794645501852784
avg_veto_gex_cp_iv_stack_equal_core,veto0.060,4461,33744.09999999997,0.4483299708585519,0.5364268101322573,0.38915041470522305,10.37994407815547,1.5164204625387563,-15.248125353142294,2.033258173055533,31.003375498051856,591,4244.964999999991,0.428087986463621,0.5279187817258884,0.37225042301184436,9.500768013056314,2.724824336649628,-4.760174464291773,14.075201142438758,67.00041305800737,-102,1101.010000000002,0.007391991459034075,0.004539893629956215,-0.0033545162612463875,0.23134522324680695,-0.00234031291831438,-2.3690616434487968,-0.32667309565804237,0.6096703377919148,-2,-346.3700000000008,0.0031301449796412584,0.001780501793341993,-0.0038035398886615557,-0.9387678150629206,-0.24919144020990336,-0.7703179958530075,-4.200635469574621,-5.917551864564217
avg_veto_gex_cp_iv_stack_equal_core,veto0.065,4454,33592.69999999997,0.44925909295015715,0.5368208352043108,0.38796587337224964,10.326437043076892,1.5051597078934573,-15.249683137149725,2.0276020262054675,30.92028842787613,590,4267.32499999999,0.4288135593220339,0.5288135593220339,0.3711864406779661,9.53673800461579,2.7363777093334245,-4.760174464291773,14.155046171007644,67.38048932410163,-109,949.6100000000006,0.008321113550639303,0.004933918702009654,-0.0045390575942197975,0.17783818816822894,-0.013601067563613345,-2.3706194274562282,-0.3323292425081079,0.5265832676161892,-3,-324.01000000000204,0.0038557178380541623,0.002675279389487528,-0.004867522222539833,-0.9027978235034446,-0.23763806752610694,-0.7703179958530075,-4.1207904410057346,-5.537475598469953
avg_veto_gex_cp_iv_stack_equal_core,veto0.070,4450,33881.45999999996,0.4501123595505618,0.5366292134831461,0.38786516853932584,10.421770053368348,1.5093124320489868,-15.298105206219986,2.0315296624108794,31.078554505118205,590,4105.784999999991,0.4271186440677966,0.5271186440677966,0.37457627118644066,9.172321105239892,2.7001294614963722,-4.77999522758004,13.523164267857934,64.64066066214184,-113,1238.3699999999953,0.009174380151043937,0.00474229698084494,-0.00463976242714359,0.2731711984596856,-0.00944834340808387,-2.4190414965264893,-0.328401606302696,0.6848493448582644,-3,-485.5500000000011,0.0021608025838168454,0.0009803641352502668,-0.0014776917140652546,-1.2672147228793431,-0.2738863153631592,-0.7901387591412741,-4.752672344155444,-8.277304260429744
avg_veto_gex_cp_iv_stack_equal_core,veto0.075,4440,33475.47499999998,0.45022522522522523,0.5362612612612613,0.3885135135135135,10.301183562270742,1.4904529102413164,-16.03084229302753,1.9247768555822162,30.855794221107935,589,4359.664999999992,0.4312393887945671,0.533106960950764,0.37181663837011886,9.732557347808259,2.804076086540462,-4.866242594918077,14.169643465945544,68.95292258878682,-123,832.3850000000093,0.009287245825707391,0.004374344758960147,-0.003991417452955948,0.15258470736207919,-0.028307865215754235,-3.151778583334032,-0.43515441313135916,0.46208906084799395,-4,-231.67000000000007,0.006281547310587332,0.006968681018217682,-0.004237324530387054,-0.7069784803109762,-0.1699396903190693,-0.8763861264793116,-4.1061931460678345,-3.9650423337847656
avg_veto_gex_cp_iv_stack_equal_core,veto0.080,4429,33490.86999999997,0.4508918491758862,0.5369157823436441,0.3883495145631068,10.32096886263997,1.497129124406924,-15.490633004601662,1.9924474517360113,30.864272255796333,589,4106.434999999992,0.42784380305602715,0.5297113752122241,0.37521222410865873,9.171335042781985,2.69010737397787,-4.866242594918077,13.285744744796485,64.65165698233766,-134,847.7800000000061,0.009953869776368363,0.005028865841342989,-0.004155416403362644,0.17237000773130795,-0.02163165105014664,-2.611569294908165,-0.36748381697756405,0.4705670955363921,-4,-484.89999999999964,0.002885961572047402,0.0035730952796777515,-0.0008417387918471797,-1.2682007853372497,-0.28390840288166164,-0.8763861264793116,-4.9900918672168935,-8.26630794023393
avg_veto_gex_cp_iv_stack_equal_core,veto0.085,4412,34459.34499999997,0.4524025385312783,0.5383046237533998,0.3871260199456029,10.625143069068313,1.5276337804311582,-15.683334483576914,2.0016628676368917,31.39274827650511,589,3835.514999999992,0.42784380305602715,0.5297113752122241,0.37521222410865873,8.571827972320829,2.5631146894531556,-4.904079435896997,12.252695659436336,60.08819281774613,-151,1816.2550000000047,0.011464559131760477,0.006417707251098692,-0.005378911020866517,0.47654421415965054,0.008873004974087495,-2.8042707738834167,-0.3582684010766837,0.9990431162451685,-4,-755.8199999999997,0.002885961572047402,0.0035730952796777515,-0.0008417387918471797,-1.8677078557984057,-0.4109010874063759,-0.9142229674582314,-6.023140952577043,-12.829772104825452
avg_veto_gex_cp_iv_stack_equal_core,veto0.090,4403,33846.799999999974,0.45264592323415853,0.5382693617987736,0.3872359754712696,10.448432634777989,1.5111957745473632,-15.7621519405513,1.9705179144585807,31.05960276927442,589,4241.264999999992,0.432937181663837,0.533106960950764,0.37181663837011886,9.441446764007722,2.8393123245908063,-4.835522828665888,13.842876666058583,66.93754613313261,-160,1203.7100000000064,0.011707943834640688,0.006382445296472472,-0.005268955495199845,0.299833779869326,-0.007565000909707464,-2.883088230857803,-0.3894133542549947,0.665897609014479,-4,-350.0699999999997,0.007979340179857242,0.006968681018217682,-0.004237324530387054,-0.9980890641115128,-0.13470345226872515,-0.8456663602271224,-4.432959945954796,-5.980418789438971
avg_veto_gex_cp_iv_stack_equal_core,veto0.095,4395,34680.77999999997,0.45324232081911264,0.5387940841865757,0.3863481228668942,10.70254782801799,1.5332328181923092,-16.455651108817055,1.914980912607869,31.512257777919174,589,3934.9949999999917,0.4312393887945671,0.5314091680814941,0.3769100169779287,8.714409288531229,2.6136359618922707,-5.276586541511266,11.70439316845079,61.75924346920385,-168,2037.6900000000023,0.0123043414195948,0.006907167684274573,-0.0061568080995752505,0.5539489731093266,0.0144720427352385,-3.5765873991235573,-0.44495035610570643,1.1185526176592333,-4,-656.3400000000001,0.006281547310587332,0.005270888148947717,0.0008560540774227854,-1.7251265395880058,-0.3603798149672608,-1.2867300730725004,-6.571443443562588,-11.158721453367733
avg_veto_gex_cp_iv_stack_equal_core,veto0.100,4383,35341.64999999997,0.4544832306639288,0.5400410677618069,0.38535249828884327,10.912340206057594,1.5454876360503744,-18.14925894540697,1.7557784613064362,31.866077945018723,588,4022.074999999991,0.4302721088435374,0.5306122448979592,0.3792517006802721,8.911159479307289,2.6959541078697016,-5.454318633058351,11.591990343077269,63.22640892247882,-180,2698.560000000005,0.013545251264410973,0.008154151259505804,-0.007152432677626164,0.7637413511489317,0.02672686059330376,-5.270195235713473,-0.6041528074071392,1.4723727847587824,-5,-569.2600000000007,0.005314267359557645,0.004473964965412858,0.0031977377797661743,-1.5283763488119462,-0.27806166898982987,-1.4644621646195857,-6.68384626893611,-9.691556000092767
avg_veto_gex_cp_iv_stack_equal_core,veto0.105,4373,35533.88999999998,0.45506517265035445,0.5401326320603704,0.38531900297278754,10.984394470010747,1.5456941066177685,-17.667897426876248,1.8093952178512598,31.96820911367646,588,3883.6199999999917,0.4302721088435374,0.5289115646258503,0.38095238095238093,8.590810030729953,2.622947644177763,-5.406955231012856,11.262453491416746,60.89558181945478,-190,2890.80000000001,0.014127193250836612,0.0082457155580693,-0.007185927993681895,0.835795615102084,0.02693333116069785,-4.788833717182751,-0.5505360508623156,1.5745039534165173,-5,-707.7150000000001,0.005314267359557645,0.0027732846933039568,0.00489841805187502,-1.8487257973892817,-0.3510681326817684,-1.4170987625740903,-7.013383120596632,-12.022383103116802
avg_veto_gex_cp_iv_stack_equal_core,veto0.110,4361,35370.45999999998,0.45540013758312314,0.5397844531070856,0.3861499656042192,10.939768650253612,1.536526400602859,-19.0306336790532,1.6752677212000713,31.881406316500783,588,3505.7399999999916,0.42857142857142855,0.5255102040816326,0.3843537414965986,7.714740295892998,2.3105526751766146,-6.262913217604014,8.715968724700737,54.58735573015146,-202,2727.37000000001,0.0144621581836053,0.007897536604784428,-0.00635496536225022,0.791169795344949,0.017765625145788277,-6.151569969359702,-0.6846635475135041,1.487701156240842,-5,-1085.5950000000003,0.0036135870874487996,-0.0006280758509137341,0.00829977859609271,-2.7247955322262367,-0.6634631016829169,-2.2730567491652485,-9.559867887312642,-18.330609192420127
avg_veto_gex_cp_iv_stack_equal_core,veto0.115,4349,35334.49499999998,0.45619682685674867,0.5398942285582893,0.386985513911244,10.930913535501144,1.5540531035764613,-17.57033393435428,1.8134128816283532,31.86226989106984,588,3147.2249999999913,0.42517006802721086,0.5221088435374149,0.3877551020408163,6.94212683000856,2.1841167207778214,-7.932194184763796,6.13641798227819,48.67525903430705,-214,2691.4050000000134,0.015258847457230829,0.008007312055988147,-0.005519417055225462,0.7823146805924814,0.03529232811939065,-4.691270224660784,-0.5465183870852222,1.4685647308098986,-5,-1444.1100000000006,0.0002122265432311088,-0.004029436395131425,0.011701139140310401,-3.497408998110675,-0.7898990560817101,-3.9423377163250306,-12.13941862973519,-24.24270588826454
avg_veto_gex_cp_iv_stack_equal_core,veto0.120,4334,35779.81499999997,0.4566220581449008,0.5410706045223812,0.38509460083064145,11.081789917166743,1.5528985911379551,-16.74665089641204,1.9167025883837954,32.09834911991276,588,2898.634999999991,0.42346938775510207,0.5204081632653061,0.38945578231292516,6.3939876154106585,2.0048878171938984,-8.702683264441005,5.1269356488896545,44.61809706945799,-229,3136.725000000006,0.015684078745382968,0.009183688020080072,-0.0074103301358279805,0.9331910622580804,0.034137815680884476,-3.8675871867185414,-0.44322868032978,1.7046439596528202,-5,-1692.7000000000007,-0.0014884537288776811,-0.005730116667240215,0.013401819412419247,-4.045548212708576,-0.969127959665633,-4.712826796002239,-13.148900963123724,-28.299867853113597
avg_veto_gex_cp_iv_stack_equal_core,veto0.125,4325,36082.08999999998,0.45710982658959537,0.5417341040462428,0.38497109826589593,11.173928819692987,1.564408027253906,-16.554795527973766,1.9485307746235618,32.2575285538574,586,2718.124999999991,0.42150170648464164,0.5170648464163823,0.3924914675767918,6.007781022694777,1.919923064429755,-8.826463097115944,4.723744329925379,41.693955008297046,-238,3439.0000000000146,0.016171847190077526,0.009847187543941649,-0.007533832700573506,1.0253299647843246,0.045647251796835375,-3.675731818280269,-0.41140049409001356,1.8638233935974569,-7,-1873.210000000001,-0.003456134999338112,-0.009073433516164076,0.016437504676285908,-4.4317548054244575,-1.0540927124297765,-4.8366066286771785,-13.552092282088,-31.22400991427454
avg_veto_gex_cp_iv_stack_equal_core,veto0.130,4311,36798.62999999999,0.45836232892600326,0.5430294595221526,0.38413361169102295,11.414269826324485,1.5892206038287064,-15.978012902826435,2.0422740662272365,32.6314813812866,585,3101.5049999999906,0.4256410256410256,0.5196581196581197,0.38803418803418804,6.866564588996402,2.2981377614640985,-6.218003370367102,7.707694071468281,47.9264677141483,-252,4155.540000000023,0.017424349526485416,0.011142543019851514,-0.008371319275446487,1.2656709714158225,0.07045982837163578,-3.0989491931329383,-0.3176572024863389,2.2377762210266567,-8,-1489.8300000000013,0.0006831841570458796,-0.006480160274426661,0.011980225133682132,-3.5729712391228325,-0.6758780153954329,-2.228146901928336,-10.568142540545097,-24.991497208423283
avg_veto_gex_cp_iv_stack_equal_core,veto0.135,4297,37102.514999999985,0.4598557132883407,0.5436350942518036,0.3837561089131952,11.53771413758665,1.5974547057645676,-16.28818275326714,2.01303387217491,32.78866359850194,585,3261.3149999999905,0.42735042735042733,0.5213675213675214,0.38632478632478634,7.205986688440867,2.4265635097327314,-5.3964785881186375,9.36701590761877,50.54890078003136,-266,4459.4250000000175,0.01891773388882284,0.011748177749502431,-0.008748822053274208,1.389115282677988,0.07869393030749694,-3.409119043573643,-0.34689739653866525,2.394958438242,-8,-1330.0200000000013,0.002392585866447583,-0.004770758565024957,0.010270823424280429,-3.2335491396783675,-0.5474522671268001,-1.4066221196798718,-8.908820704394609,-22.369064142540225
avg_veto_gex_cp_iv_stack_equal_core,veto0.140,4285,36975.35999999998,0.4599766627771295,0.5430571761960327,0.38459743290548426,11.502882816801623,1.5873302601470713,-16.957133881828373,1.9297479730869103,32.72299473782168,583,3281.714999999992,0.4288164665523156,0.5231560891938251,0.38593481989708406,7.232173139421371,2.3710454235291736,-5.4481393979925645,9.339828106405232,50.884685476984636,-278,4332.270000000011,0.019038683377611665,0.011170259693731532,-0.007907498060985174,1.3542839618929605,0.06856948469000068,-4.0780701721348755,-0.43018329562666513,2.329289577561738,-10,-1309.62,0.0038586250683358414,-0.002982190738721302,0.009880856996578147,-3.207362688697864,-0.6029703533303579,-1.458282929553799,-8.936008505608147,-22.03327944558695
avg_veto_gex_cp_iv_stack_equal_core,veto0.145,4276,37902.20499999998,0.46047708138447146,0.5439663236669785,0.3833021515434986,11.788023424270099,1.61336276769128,-16.77195074298933,1.9793984671067182,33.198373591062456,581,3782.9599999999923,0.43373493975903615,0.5266781411359724,0.38209982788296043,8.358518155830215,2.8966228324546286,-4.855216704284152,12.194626957137068,59.207556504805716,-287,5259.1150000000125,0.019539101984953622,0.01207940716467737,-0.00920277942297082,1.6394245693614362,0.0946019922342094,-3.892887033295832,-0.3805328016068572,2.804668430802515,-12,-808.3749999999995,0.008777098275056405,0.0005398612034260841,0.0060458649824545185,-2.08101767228902,-0.07739294440490285,-0.8653602358453867,-6.081209654876311,-13.71040841776587
avg_veto_gex_cp_iv_stack_equal_core,veto0.150,4262,38485.679999999986,0.4619896762083529,0.5455185358986392,0.3829188174565932,11.985214023147103,1.6314861030036183,-15.661292731210958,2.138635523870434,33.49379698470156,581,3432.919999999991,0.42857142857142855,0.5232358003442341,0.3855421686746988,7.5426478233032395,2.6010260904416516,-3.723095733181589,14.33772966480064,53.380740138530356,-301,5842.590000000018,0.021051696808835063,0.013631619396338057,-0.00958611350987626,1.8366151682384402,0.11272532754654763,-2.7822290215174608,-0.2212957448431414,3.10009182444162,-12,-1158.4150000000009,0.0036135870874487996,-0.0029024795883122456,0.009488205774192904,-2.8968880048159953,-0.3729896864178799,0.2667607352571766,-3.938106947212738,-19.53722478404123
avg_veto_gex_cp_iv_stack_equal_core,veto0.155,4250,38199.44999999999,0.4623529411764706,0.5451764705882353,0.3835294117647059,11.8859340888706,1.6283096698126962,-15.143480945104148,2.2022175129552357,33.349238944412264,579,3248.514999999991,0.4317789291882556,0.5215889464594128,0.38687392055267705,7.12156567177854,2.4290005792849283,-5.150445143302302,9.773588381393251,50.33833081158268,-313,5556.360000000022,0.021414961776952735,0.01328955408593413,-0.008975519201763538,1.7373352339619377,0.10954889435562554,-2.264417235410651,-0.15771375575833968,2.9555337841523226,-14,-1342.820000000001,0.006821087704275863,-0.004549333473133577,0.010819957652171142,-3.317970156340695,-0.5450151975746031,-1.1605886748635363,-8.502248230620127,-22.579634110988906
avg_veto_gex_cp_iv_stack_equal_core,veto0.160,4244,38525.67499999999,0.4625353440150801,0.5447690857681433,0.38336475023562677,11.99877270511881,1.6336580245846728,-14.397075835196146,2.327829689152209,33.51394056614543,579,3189.064999999989,0.43005181347150256,0.5198618307426598,0.38860103626943004,6.984277264680729,2.3648932744213695,-5.176992798714494,9.53478841649231,49.36153096944707,-319,5882.585000000021,0.021597364615562276,0.01288216926584218,-0.009140180730842662,1.8501738502101475,0.11489724912760213,-1.5180121255026489,-0.03210157956136639,3.120235405885488,-14,-1402.2700000000027,0.005093971987522816,-0.006276449189886568,0.012547073368924133,-3.4552585634385053,-0.6091225024381619,-1.1871363302757283,-8.741048195521069,-23.556433953124518
avg_veto_gex_cp_iv_stack_equal_core,veto0.165,4229,38255.94999999998,0.46252069047056044,0.5450461101915346,0.38283282099787186,11.939325203787403,1.6338539379301762,-14.659795819013349,2.276827703300743,33.377829245461996,578,2576.3449999999903,0.4273356401384083,0.5155709342560554,0.39273356401384085,5.649103873020919,1.9238359070863706,-5.4583829486398905,7.220131502623373,39.41024268085713,-334,5612.860000000015,0.021582711071042593,0.013159193689233462,-0.009672109968597575,1.7907263488787404,0.11509316247310553,-1.7807321093198514,-0.08310356541283248,2.9841240852020547,-15,-2014.9900000000016,0.0023777986544285534,-0.01056734567649098,0.01667960111333494,-4.790431955098316,-1.0501798697731608,-1.4685264802011249,-11.055705109390004,-33.507722241714454
avg_veto_gex_cp_iv_stack_equal_core,veto0.170,4217,37877.32999999999,0.46265117382025134,0.5442257529049087,0.38344794877875266,11.841954167719086,1.6228783638064557,-15.162196883805118,2.1887140763158985,33.185713747457314,577,2470.7349999999888,0.4246100519930676,0.512998266897747,0.3934142114384749,5.4236105364111,1.845204190985832,-5.510329135596647,6.844715016312604,37.716632579243225,-346,5234.24000000002,0.021713194420733495,0.012338836402607578,-0.009056982187716778,1.6933553128104233,0.104117588349385,-2.2831331741116205,-0.17121719239767685,2.7920085871973725,-16,-2120.600000000003,-0.0003477894909121315,-0.013140013034799392,0.01736024853796897,-5.015925291708135,-1.1288115858736993,-1.5204726671578817,-11.431121595700775,-35.20133234332836
avg_veto_gex_cp_iv_stack_equal_core,veto0.175,4202,37110.37999999999,0.4614469300333175,0.544026653974298,0.3841028081865778,11.625020948944092,1.5864780725965577,-15.376663909048471,2.1326290860177144,32.792720698355616,575,2469.8899999999885,0.4260869565217391,0.5130434782608696,0.39304347826086955,5.426134172964276,1.8918603802300642,-5.4847765933114685,6.874137357444525,37.70310767731968,-361,4467.290000000023,0.02050895063379965,0.012139737471996814,-0.008402122779891608,1.4764220940354296,0.06771729713948704,-2.4976001993549737,-0.227302182695861,2.399015538095675,-18,-2121.4450000000033,0.001129115037759365,-0.013094801671676759,0.01698951536036364,-5.013401655154959,-1.0821553966294672,-1.4949201248727029,-11.401699254568854,-35.214857245251906
avg_veto_gex_cp_iv_stack_equal_core,veto0.180,4190,37324.50999999999,0.46157517899761336,0.5439140811455847,0.38400954653937946,11.706702127122366,1.5836970266736783,-17.035603899444006,1.931423515038762,32.90296596427218,575,2350.529999999989,0.4226086956521739,0.5113043478260869,0.39304347826086955,5.16732192587288,1.8136967639636057,-5.581900801098306,6.413012671369412,35.796800567770504,-373,4681.42000000002,0.020637199598095513,0.012027164643283572,-0.00849538442708997,1.5581032722137031,0.06493625121660762,-4.156540189750508,-0.4285077536748134,2.5092608040122357,-18,-2240.805000000003,-0.0023491458318058434,-0.014833932106459446,0.01698951536036364,-5.272213902246355,-1.1603190128959258,-1.5920443326595404,-11.862823940643967,-37.12116435480108
avg_veto_gex_cp_iv_stack_equal_core,veto0.185,4176,36653.56499999999,0.460727969348659,0.5431034482758621,0.38481800766283525,11.520591187406914,1.5604522211527536,-16.99976021512454,1.91509485842217,32.55615338239477,575,2365.7299999999905,0.4226086956521739,0.5095652173913043,0.3947826086956522,5.191592960748286,1.8082700063060713,-5.543156751601989,6.501548546369002,36.039102720673434,-387,4010.4750000000204,0.019789989949141162,0.011216531773560967,-0.0076869233036341855,1.3719923324982517,0.04169144569568295,-4.120696505431042,-0.4448364102914053,2.1624482221348273,-18,-2225.6050000000014,-0.0023491458318058434,-0.016573062541242023,0.01872864579514627,-5.2479428673709485,-1.1657457705534602,-1.5533002831632237,-11.774288065644377,-36.87886220189815
avg_veto_gex_cp_iv_stack_equal_core,veto0.190,4159,36397.19999999999,0.46068766530415967,0.5419572012503006,0.3859100745371484,11.474089780121556,1.5625979920729598,-16.70608028209385,1.9407641297420906,32.42256136007937,573,2300.5699999999897,0.4223385689354276,0.5078534031413613,0.3961605584642234,5.067236582198385,1.743901941787096,-5.554142661341661,6.301843174956965,35.00133602311326,-404,3754.1100000000224,0.019749685904641823,0.010070284747999425,-0.006594856429321061,1.3254909252128932,0.04383721661588913,-3.8270165724003533,-0.41916713897148483,2.0288561998194297,-20,-2290.765000000002,-0.002619272548552154,-0.018284876791185067,0.020106595563717466,-5.37229924592085,-1.2301138350724354,-1.5642861929028955,-11.973993437056414,-37.916628899458324
avg_veto_gex_cp_iv_stack_equal_core,veto0.195,4145,36698.58999999999,0.46103739445114594,0.5425814234016888,0.3848009650180941,11.601256145029488,1.5704441937944962,-14.810183476804967,2.1998075885242856,32.57955399971255,573,2269.064999999989,0.4205933682373473,0.5078534031413613,0.3961605584642234,4.989755790446791,1.7123631095691692,-5.5700818120995095,6.193887144997246,34.50045813254612,-418,4055.500000000022,0.0200994150516281,0.010694506899387668,-0.0077039659483753575,1.4526572901208255,0.05168341833742551,-1.9311197671114702,-0.1601236801892898,2.1858488394526105,-20,-2322.2700000000027,-0.004364473246632472,-0.018284876791185067,0.020106595563717466,-5.4497800376724435,-1.2616526672903623,-1.5802253436607439,-12.081949467016132,-38.41750679002546
avg_veto_gex_cp_iv_stack_equal_core,veto0.200,4136,37196.899999999994,0.46204061895551257,0.5432785299806576,0.3839458413926499,11.76586544883606,1.5794810072260743,-14.892011806731803,2.2050287976043608,32.83731488810777,572,2218.354999999989,0.4195804195804196,0.506993006993007,0.3968531468531469,4.883396204152269,1.6804088845186003,-5.5700818120995095,6.049366403927122,33.69546578124027,-427,4553.810000000027,0.02110263955599473,0.011391613478356488,-0.008559089573819512,1.617266593927397,0.06072023176900365,-2.012948097038306,-0.15490247110921462,2.4436097278478286,-21,-2372.9800000000027,-0.0053774219035601645,-0.01914527293953938,0.020799183952640965,-5.556139623966966,-1.2936068923409312,-1.5802253436607439,-12.226470208086257,-39.22249914133131
avg_veto_gex_cp_iv_stack_equal_core,veto0.205,4118,37234.61999999999,0.4618746964545896,0.5432248664400194,0.38465274405051,11.822215183467026,1.5837845015086873,-14.71634151461059,2.2326700978282306,32.85673564909928,572,2137.984999999989,0.4178321678321678,0.5052447552447552,0.3986013986013986,4.703328541242935,1.6146577411531347,-5.5700818120995095,5.820868165691773,32.42271190034878,-445,4591.530000000021,0.020936717055071774,0.011337949937718306,-0.007852186915959458,1.6736163285583636,0.06502372605161666,-1.8372778049170932,-0.12726117088534483,2.463030488839337,-21,-2453.3500000000026,-0.007125673651811937,-0.020893524687791154,0.022547435700892682,-5.7362072868763,-1.3593580357063968,-1.5802253436607439,-12.454968446321605,-40.495253022222805
avg_veto_gex_cp_iv_stack_equal_core,veto0.210,4108,36623.10999999999,0.4608081791626095,0.5418695228821812,0.38558909444985395,11.643499701911026,1.562614942802191,-14.684925223081141,2.215899243647707,32.54031469484864,568,1880.2849999999892,0.4154929577464789,0.5017605633802817,0.40316901408450706,4.132796063361083,1.368874766114072,-7.104722016187797,3.992738880894079,28.36729983197719,-455,3980.020000000026,0.019870199763091678,0.009982606379880021,-0.006915836516615481,1.4949008470023628,0.043854167345120265,-1.8058615133876437,-0.1440320250658682,2.1466095345886984,-25,-2711.050000000003,-0.009464883737500873,-0.024377716552264617,0.02711505118400115,-6.306739764758151,-1.6051410107454593,-3.114865547749031,-14.2830977311193,-44.55066509059439
avg_veto_gex_cp_iv_stack_equal_core,veto0.215,4099,36822.30499999999,0.46108807026103926,0.5420834349841425,0.38545986826055134,11.715829130651443,1.5694803907140866,-14.395503717339247,2.2676356202537398,32.643757000933604,568,2080.424999999989,0.41725352112676056,0.5035211267605634,0.4014084507042254,4.582783181273263,1.4145818969907382,-6.981847593757327,4.513633983951497,31.513504569953056,-464,4179.215000000026,0.02015009086152142,0.010196518481841332,-0.007045062705918093,1.56723027574278,0.05071961525701596,-1.51644000764575,-0.09229564845983562,2.250051840673663,-25,-2510.910000000003,-0.007704320357219185,-0.022617153171982984,0.02535448780371946,-5.856752646845972,-1.5594338798687932,-2.9919911253185614,-13.762202628061882,-41.40446035261853
avg_veto_gex_cp_iv_stack_equal_core,veto0.220,4079,36941.51499999999,0.4616327531257661,0.5422897769061045,0.3856337337582741,11.781947046689357,1.5696349174892843,-14.068373173610176,2.324752883960338,32.705491107980514,567,2056.4949999999885,0.41622574955908287,0.5026455026455027,0.4021164021164021,4.532543032815314,1.389984969971344,-7.546153087984077,4.126086802931006,31.13608266922816,-484,4298.425000000025,0.020694773726248283,0.010402860403803338,-0.006871197208195345,1.6333481917806942,0.05087414203221363,-1.189309463916679,-0.035178384753237424,2.3117859477205727,-26,-2534.8400000000033,-0.008732091924896879,-0.023492777287043687,0.026062439215896183,-5.906992795303921,-1.5840308068881874,-3.5562966195453116,-14.149749809082373,-41.781882253343426
avg_veto_gex_cp_iv_stack_equal_core,veto0.225,4067,36917.889999999985,0.461027784607819,0.5416769117285468,0.3865256946151955,11.790522560787256,1.5715279686641523,-13.438738250986404,2.432763123791701,32.693266847288704,566,1857.5649999999887,0.41519434628975266,0.5,0.4028268551236749,4.0933425737904985,1.2838940911320904,-7.677624546608612,3.6484770190158256,28.011636718933318,-496,4274.8000000000175,0.02008980520830117,0.009789995226245685,-0.005979236351273953,1.6419237058785932,0.052767193207081675,-0.5596745412929067,0.07283185507812551,2.2995616870287634,-27,-2733.770000000003,-0.00976349519422709,-0.02613827993254636,0.026772892223168976,-6.346193254328736,-1.690121685727441,-3.6877680781698468,-14.627359592997554,-44.90632820363827
avg_veto_gex_cp_iv_stack_equal_core,veto0.230,4051,37809.11499999999,0.46235497408047393,0.5438163416440385,0.3845963959516169,12.107635072140583,1.5981457224393256,-13.487655058722348,2.4578749064772025,33.150968916053955,564,1950.8299999999886,0.4166666666666667,0.5,0.4024822695035461,4.313799545850638,1.3436317102932338,-7.457170611492694,3.952379981017242,29.47357183989383,-512,5166.025000000023,0.021416994680956092,0.011929425141737338,-0.007908535014852558,1.9590362172319207,0.07938494698225496,-0.6085913490288508,0.09794363776362713,2.757263755794014,-29,-2640.5050000000033,-0.008291174817313063,-0.02613827993254636,0.026428306603040186,-6.125736282268597,-1.6303840665662976,-3.4673141430539287,-14.323456630996137,-43.444393082677756
avg_veto_gex_cp_iv_stack_equal_core,veto0.235,4033,37521.03499999999,0.46268286635259115,0.543020084304488,0.3853211009174312,12.063409537341135,1.590815796561383,-13.078411242592889,2.5235319920507964,33.00378917587996,564,2187.199999999989,0.41843971631205673,0.5035460992907801,0.39893617021276595,4.831503737059434,1.5125296802983657,-7.288934522693964,4.555074749231038,33.201641593121664,-530,4877.9450000000215,0.021744886953073306,0.011133167802186872,-0.00718383004903822,1.9148106824324724,0.07205502110431228,-0.19934753289939167,0.16360072333722098,2.610084015620018,-29,-2404.135000000003,-0.006518125171923017,-0.02259218064176627,0.02288220731226004,-5.608032091059801,-1.4614860965611658,-3.2990780542551983,-13.72076186278234,-39.71632332944992
avg_veto_gex_cp_iv_stack_equal_core,veto0.240,4015,36918.28999999999,0.46251556662515564,0.5427148194271482,0.386052303860523,11.90279006648751,1.564862477715637,-13.446987321299245,2.4312861371529837,32.69347386074679,563,1939.7599999999886,0.41740674955595025,0.5044404973357016,0.40142095914742454,4.291589876789557,1.3771782988052022,-7.980006077097864,3.671648804623359,29.29977977386351,-548,4275.200000000026,0.021577587225637795,0.010827902924847033,-0.006452627105946407,1.7541912115788474,0.04610170225856636,-0.5679236116057478,0.0713548684394083,2.299768700486851,-30,-2651.5750000000035,-0.007551091928029496,-0.02169778259684474,0.025366996246918627,-6.147945951329678,-1.5968374780543293,-3.990149608659098,-14.60418780739002,-43.61818514870808
avg_veto_gex_cp_iv_stack_equal_core,veto0.245,3999,36443.08499999999,0.46186546636659165,0.5421355338834709,0.38609652413103274,11.776083416212403,1.5463349521095575,-13.71439948104181,2.3658721881346203,32.446516309164686,562,1801.409999999989,0.41637010676156583,0.50355871886121,0.40391459074733094,3.980422809857069,1.2887792594741658,-8.347720085395084,3.250455172140847,27.133889927156485,-564,3799.9950000000244,0.020927486967073805,0.010248617381169778,-0.006408406835436697,1.6274845613037403,0.027574176652486848,-0.835335771348312,0.00594091942104491,2.0528111489047447,-31,-2789.925000000003,-0.00858773472241392,-0.022579561071336407,0.027860627846825026,-6.459113018262165,-1.6852365173853656,-4.357863616956318,-15.025381439872532,-45.7840749954151
avg_veto_gex_cp_iv_stack_equal_core,veto0.250,3987,36445.19499999999,0.4620015048908954,0.5422623526460998,0.3852520692249812,11.777402689589556,1.542403346164652,-13.34490110442022,2.431461810556501,32.44761740105104,562,1826.9499999999894,0.41637010676156583,0.50355871886121,0.40391459074733094,4.034675751818446,1.28515011736186,-8.80031583232622,3.1286227180778345,27.53286803927586,-576,3802.105000000025,0.021063525491377577,0.010375436143798655,-0.007252861741488259,1.6288038346808928,0.023642570707581356,-0.4658373947267229,0.07153054184292573,2.0539122407910995,-31,-2764.3850000000025,-0.00858773472241392,-0.022579561071336407,0.027860627846825026,-6.404860076300789,-1.6888656594976714,-4.810459363887454,-15.147213893935543,-45.385096883295724
avg_veto_gex_cp_iv_stack_equal_core,veto0.255,3970,35530.63,0.46045340050377837,0.5410579345088161,0.3858942065491184,11.51689949428969,1.5059976677148421,-13.813295034632015,2.314182100307058,31.966480115405773,562,1849.7999999999893,0.4181494661921708,0.50355871886121,0.40569395017793597,4.082834437951399,1.3019361717188294,-9.79572559604917,2.8471757261706987,27.890152137300195,-593,2887.54000000003,0.019515421104260522,0.009171018006514986,-0.006610724417351055,1.3683006393810278,-0.012763107742228552,-0.9342313249385175,-0.04574916840651744,1.5727749551458317,-31,-2741.5350000000026,-0.0068083752918089435,-0.022579561071336407,0.029639987277430058,-6.356701390167836,-1.672079605140702,-5.805869127610404,-15.42866088584268,-45.027812785271394
avg_veto_gex_cp_iv_stack_equal_core,veto0.260,3951,36262.51999999999,0.46114907618324474,0.5418881295874463,0.3852189319159706,11.785418115366348,1.5348174948535052,-12.953001523646387,2.4976556700987578,32.35213770033325,561,1650.1749999999881,0.41711229946524064,0.5008912655971479,0.40641711229946526,3.6544509481851333,1.169167552218797,-10.317478046051885,2.401682501717845,24.779306485060836,-612,3619.430000000022,0.0202110967837269,0.010001213085145122,-0.007285999050498815,1.6368192604576848,0.016056719396434493,-0.0739378139528899,0.13772440138518238,1.9584325400733107,-32,-2941.1600000000035,-0.007845542018739105,-0.025247014335398443,0.030363149398959344,-6.785084879934102,-1.8048482246407345,-6.32762157761312,-15.874154110295533,-48.13865843751075
avg_veto_gex_cp_iv_stack_equal_core,veto0.265,3929,35733.17999999999,0.4611860524306439,0.5421226775260881,0.38584881649274627,11.675409756362773,1.5245021489052761,-13.100309254840372,2.4483173548349204,32.073714502330205,561,1630.4949999999897,0.41711229946524064,0.49910873440285203,0.40819964349376114,3.6115941720807285,1.157308037074699,-10.317478046051885,2.3720828628717916,24.473912861095613,-634,3090.0900000000256,0.02024807303112608,0.010235761023786982,-0.0066561144737231626,1.5268109014541107,0.005741373448205467,-0.2212455451468749,0.08838608612134502,1.6800093420702638,-32,-2960.840000000002,-0.007845542018739105,-0.027029545529694332,0.03214568059325523,-6.827941656038506,-1.8167077397848324,-6.32762157761312,-15.903753749141586,-48.44405206147597
avg_veto_gex_cp_iv_stack_equal_core,veto0.270,3905,35555.5,0.46274007682458385,0.543661971830986,0.3851472471190781,11.721848582220236,1.5496415633841942,-13.304912111969818,2.403598575560199,31.979667800284297,560,2104.7349999999897,0.4232142857142857,0.5053571428571428,0.4017857142857143,4.679977115254642,1.5077094319080384,-7.806687400752536,4.085889743819757,31.897263983941706,-658,2912.4100000000326,0.021802097425066003,0.011775055328684836,-0.0073576838473913275,1.5732497273115733,0.030880787927123565,-0.4258484022763209,0.04366730684662379,1.5859626400243556,-33,-2486.600000000002,-0.0017435557696940385,-0.020781137075403522,0.02573175138520839,-5.759558712864592,-1.466306344951493,-3.8168309323137706,-14.189946868193623,-41.02070093862988
avg_veto_gex_cp_iv_stack_equal_core,veto0.275,3887,35449.195,0.46256753280164653,0.5438641625932595,0.38435811679958837,11.760885386192452,1.5522416818790155,-13.248319343764209,2.4096080377461244,31.923256777361697,559,2063.2349999999897,0.4221824686940966,0.5044722719141324,0.40250447227191416,4.593542299746682,1.4805642600586792,-8.18336822547478,3.817786329838274,31.242351343250508,-676,2806.1050000000323,0.021629553402128687,0.011977246090958404,-0.008146814166881067,1.6122865312837895,0.03348090642194479,-0.3692556340707114,0.04967676903254903,1.529551617101756,-34,-2528.100000000002,-0.002775372789883157,-0.021666008018414007,0.02645050937140825,-5.845993528372553,-1.4934515168008522,-4.193511757036014,-14.458050282175105,-41.67561357932108
avg_veto_gex_cp_iv_stack_equal_core,veto0.280,3871,35317.735,0.4626711444071299,0.5440454662877809,0.3841384655127874,11.75467283203073,1.5456405862437308,-12.994069430610505,2.451375843793354,31.853347914772257,556,1871.6749999999906,0.420863309352518,0.5017985611510791,0.4064748201438849,4.1991981549037085,1.3317037491371555,-8.213501760293116,3.4373257727071223,28.232481284830847,-692,2674.645000000033,0.021733165007612076,0.01215854978547981,-0.008366465453682026,1.6060739771220671,0.02687981078666013,-0.11500572091700789,0.09144457507977855,1.4596427545123163,-37,-2719.660000000001,-0.00409453213146177,-0.024339718781467234,0.030420857243379007,-6.240337673215526,-1.642312027722376,-4.223645291854351,-14.838510839306256,-44.68548363774074
avg_veto_gex_cp_iv_stack_equal_core,veto0.285,3859,36400.345,0.4638507385332988,0.5454781031355274,0.3822233739310702,12.143381619498085,1.5885236122355497,-12.994069430610505,2.495307882193753,32.42420387197529,552,1965.514999999991,0.4221014492753623,0.5036231884057971,0.4057971014492754,4.428874463829725,1.4201754791331884,-6.866139146965461,4.326190915271409,29.70422880059136,-704,3757.2550000000338,0.022912759133780936,0.013591186633226227,-0.010281557035399236,1.9947827645894218,0.06976283677847905,-0.11500572091700789,0.1353766134801777,2.030498711715346,-41,-2625.8200000000006,-0.002856392208617442,-0.022515091526749242,0.029743138548769477,-6.0106613642895095,-1.553840297726343,-2.876282678526695,-13.94964569674197,-43.213736121980226
avg_veto_gex_cp_iv_stack_equal_core,veto0.290,3834,35440.475,0.4624413145539906,0.5440792905581638,0.3826291079812207,11.89405366032414,1.5683830064037974,-12.994069430610505,2.4563994270573737,31.91862470449538,551,1839.034999999993,0.4192377495462795,0.5009074410163339,0.41197822141560797,4.144646071090016,1.3430123011226325,-7.561578419179514,3.666138171797842,27.721791281596797,-729,2797.385000000031,0.02150333515447278,0.01219237405586271,-0.00987582298524875,1.745454805415477,0.049622230946726686,-0.11500572091700789,0.0964681583437983,1.5249195442354377,-42,-2752.299999999999,-0.0057200919377002335,-0.025230838916212472,0.03592425851510206,-6.294889757029218,-1.631003475736899,-3.5717219507407485,-14.609698440215537,-45.19617364097479
avg_veto_gex_cp_iv_stack_equal_core,veto0.295,3823,34168.435,0.4611561600837039,0.5425058854302903,0.3847763536489668,11.495572891477595,1.5328622806556294,-12.994069430610505,2.4037890233521986,31.235001465977884,550,1868.224999999993,0.42,0.5018181818181818,0.4109090909090909,4.194163227141123,1.3460803814642954,-6.767268998275679,4.163935592222601,28.17847224406469,-740,1525.3450000000303,0.02021818068418607,0.010618968927989192,-0.0077285773175026495,1.3469740365689322,0.014101505198558684,-0.11500572091700789,0.04385775463862318,0.8412963057179432,-43,-2723.1099999999988,-0.0049578414839797635,-0.02432009811436453,0.03485512800858498,-6.245372600978111,-1.627935395395236,-2.777412529836913,-14.111901019790778,-44.73949267850689
avg_veto_gex_cp_iv_stack_equal_core,veto0.300,3805,34630.270000000004,0.4617608409986859,0.5432325886990802,0.3842312746386334,11.694702891348381,1.5470305248408331,-13.0439941648228,2.4137575936642675,31.48503996705343,547,1579.5649999999955,0.41681901279707495,0.49725776965265084,0.4149908592321755,3.5681361722736744,1.2054889352062146,-6.6803112575745365,3.5454427327699167,23.684661000808703,-758,1987.1800000000367,0.020822861599168074,0.011345672196779066,-0.008273656327836054,1.5461040364397185,0.028269749383762477,-0.16493045512930316,0.05382632495069206,1.0913348067934905,-46,-3011.7699999999963,-0.008138828686904798,-0.02888051027989552,0.03893689633166958,-6.87139965584556,-1.7685268416533169,-2.690454789135771,-14.730393879243461,-49.23330392176288
avg_veto_gex_cp_iv_stack_equal_core,tilt0.005,4563,32690.28999999997,0.44071882533421,0.5318869165023011,0.39272408503177736,10.164601655002603,1.5195251235262357,-12.879063709693497,2.361981010105855,30.420103910239504,593,4591.334999999992,0.42495784148397975,0.5261382799325464,0.3760539629005059,10.439535828119235,2.9740157768595314,-3.9898564684387656,18.27583661201338,72.91796492257158,0,47.200000000004366,-0.0002191540653078694,0.0,0.00021915406530792492,0.01600280009393984,0.0007643480691650328,0.0,0.002049741392279536,0.026398749979563263,0,0.0,0.0,0.0,0.0,0.0,0.0,0.0,0.0,0.0
avg_veto_gex_cp_iv_stack_equal_core,tilt0.010,4563,32678.049999999974,0.44071882533421,0.5321060705676091,0.39250493096646943,10.158129991784719,1.5195485216728417,-12.879063709693497,2.361449644887519,30.41326042373944,593,4591.334999999992,0.42495784148397975,0.5261382799325464,0.3760539629005059,10.439535828119235,2.9740157768595314,-3.9898564684387656,18.27583661201338,72.91796492257158,0,34.9600000000064,-0.0002191540653078694,0.00021915406530792492,0.0,0.009531136876056223,0.0007877462157710458,0.0,0.0015183761739434587,0.019555263479499985,0,0.0,0.0,0.0,0.0,0.0,0.0,0.0,0.0,0.0
avg_veto_gex_cp_iv_stack_equal_core,tilt0.020,4563,32131.20999999997,0.4402805172035941,0.5316677624369932,0.39294323909708523,9.988240245901018,1.5022047120128417,-12.887333707537834,2.336082033443663,30.10586873317205,593,4761.804999999992,0.4266441821247892,0.5278246205733558,0.37436762225969644,10.844517817097264,3.0730060787840174,-3.9898564684387656,19.011639763537683,75.85371388617847,0,-511.8799999999974,-0.0006574621959237192,-0.00021915406530792492,0.0004383081306157943,-0.16035860900764476,-0.016556063444228997,-0.00826999784433724,-0.023849235269912228,-0.2878364270878926,0,170.47000000000025,0.0016863406408094694,0.001686340640809414,-0.0016863406408094694,0.4049819889780295,0.09899030192448599,0.0,0.7358031515243049,2.9357489636068834
avg_veto_gex_cp_iv_stack_equal_core,tilt0.030,4563,31429.59999999997,0.4394039009423625,0.5310103002410694,0.3933815472277011,9.771003377925169,1.4788586535053663,-12.946184878590023,2.294627100098964,29.706666665304084,593,4761.804999999992,0.4266441821247892,0.5278246205733558,0.37436762225969644,10.844517817097264,3.0730060787840174,-3.9898564684387656,19.011639763537683,75.85371388617847,0,-1213.489999999998,-0.0015340784571553634,-0.0008766162612316997,0.0008766162612316442,-0.37759547698349394,-0.039902121951704395,-0.06712116889652542,-0.06530416861461141,-0.687038494955857,0,170.47000000000025,0.0016863406408094694,0.001686340640809414,-0.0016863406408094694,0.4049819889780295,0.09899030192448599,0.0,0.7358031515243049,2.9357489636068834
avg_veto_gex_cp_iv_stack_equal_core,tilt0.040,4563,31019.884999999973,0.43918474687705455,0.5305719921104537,0.3938198553583169,9.635215357956557,1.4631978567918815,-12.94651314564864,2.2763647101414577,29.470985644137038,593,4761.804999999993,0.4266441821247892,0.5278246205733558,0.37436762225969644,10.844517817097266,3.0730060787840174,-3.9898564684387656,19.011639763537683,75.85371388617847,0,-1623.2049999999945,-0.0017532325224632883,-0.0013149243918474385,0.0013149243918474385,-0.5133834969521054,-0.05556291866518914,-0.06744943595514208,-0.0835665585721177,-0.9227195161229034,0,170.47000000000116,0.0016863406408094694,0.001686340640809414,-0.0016863406408094694,0.4049819889780313,0.09899030192448599,0.0,0.7358031515243049,2.9357489636068834
avg_veto_gex_cp_iv_stack_equal_core,tilt0.050,4563,31042.599999999977,0.43918474687705455,0.5303528380451458,0.3940390094236248,9.633928051322929,1.461462137799618,-13.008078440457055,2.2665993603718166,29.48410227280638,593,4761.804999999993,0.4266441821247892,0.5278246205733558,0.37436762225969644,10.844517817097266,3.0730060787840174,-3.9898564684387656,19.011639763537683,75.85371388617847,0,-1600.4899999999907,-0.0017532325224632883,-0.0015340784571553634,0.0015340784571553634,-0.5146708035857337,-0.05729863765745269,-0.12901473076355785,-0.09333190834175875,-0.9096028874535627,0,170.47000000000116,0.0016863406408094694,0.001686340640809414,-0.0016863406408094694,0.4049819889780313,0.09899030192448599,0.0,0.7358031515243049,2.9357489636068834
avg_veto_gex_cp_iv_stack_equal_core,tilt0.075,4563,31654.184999999976,0.4396230550076704,0.5310103002410694,0.393600701293009,9.80769300482948,1.483667739967117,-12.884144959943294,2.315640520240543,29.835048137897658,593,4601.414999999992,0.42495784148397975,0.5261382799325464,0.3760539629005059,10.46485368038064,2.904851141664878,-4.41557641103184,16.553021429225524,73.09113095419278,0,-988.9049999999916,-0.0013149243918474385,-0.0008766162612316997,0.001095770326539569,-0.3409058500791833,-0.03509303548995368,-0.005081250249796554,-0.044290748473032604,-0.5586570223622829,0,10.079999999999927,0.0,0.0,0.0,0.025317852261405704,-0.06916463519465355,-0.42571994259307466,-1.7228151827878548,0.17316603162119293
avg_veto_gex_cp_iv_stack_equal_core,tilt0.100,4563,31765.10499999997,0.4402805172035941,0.5316677624369932,0.39316239316239315,9.840682159470685,1.4891261204229163,-12.879063709693497,2.3214611296233,29.898245787995513,593,4369.354999999992,0.42327150084317033,0.524451939291737,0.3777403035413153,9.941142931509276,2.6589398073977373,-4.501421708832007,15.354747810622815,69.11819512837826,0,-877.984999999997,-0.0006574621959237192,-0.00021915406530792492,0.0006574621959237192,-0.30791669543797795,-0.02963465503415441,0.0,-0.038470139090275524,-0.4954593722644276,0,-221.97999999999956,-0.001686340640809414,-0.001686340640809414,0.001686340640809414,-0.49839289660995867,-0.31507596946179417,-0.5115652403932414,-2.921088801390564,-3.799769794193324
avg_veto_gex_cp_iv_stack_equal_core,tilt0.150,4563,32202.68999999997,0.44115713346482577,0.532325224632917,0.39272408503177736,9.958627523829582,1.5025414558561796,-12.879063709693497,2.3407162621678124,30.146233866774885,593,4111.434999999992,0.42327150084317033,0.5227655986509275,0.3794266441821248,9.313115447761447,2.5354649204242032,-6.078011240154942,10.65089370771505,64.73625167318761,0,-440.3999999999978,0.00021915406530792492,0.00043830813061584983,0.00021915406530792492,-0.18997133107908049,-0.01621931960089107,0.0,-0.019215006545763025,-0.2474712934850558,0,-479.89999999999964,-0.001686340640809414,-0.003372681281618828,0.0033726812816188834,-1.1264203803577875,-0.4385508564353282,-2.0881547717161766,-7.624942904298329,-8.181713249383975
avg_veto_gex_cp_iv_stack_equal_core,tilt0.200,4563,33280.829999999965,0.44291036598728906,0.5340784571553803,0.3916283147052378,10.27824821758063,1.523151690461147,-12.879063709693497,2.387470991557938,30.748391005319785,593,4153.234999999993,0.42327150084317033,0.521079258010118,0.3794266441821248,9.425492779228309,2.641748619915287,-6.039682474463999,10.835667335330319,65.44399010431654,0,637.739999999998,0.0019723865877712132,0.002191540653079138,-0.0008766162612316442,0.1296493626719677,0.004390915004076401,0.0,0.02753972284436257,0.35468584505984424,0,-438.09999999999854,-0.001686340640809414,-0.005059021922428353,0.0033726812816188834,-1.014043048890926,-0.3322671569442446,-2.049826006025233,-7.44016927668306,-7.473974818255044
avg_veto_gex_cp_iv_stack_equal_core,tilt0.250,4563,32855.549999999974,0.44225290379136534,0.5336401490247644,0.39294323909708523,10.134818123854618,1.506467289813743,-12.879063709693497,2.3691431510417345,30.5123455796505,593,4150.944999999992,0.42495784148397975,0.5227655986509275,0.3794266441821248,9.408703540085762,2.6405210910589876,-6.003443146987029,10.894613461223061,65.40519252285222,0,212.4600000000064,0.001314924391847494,0.0017532325224632883,0.0004383081306157943,-0.013780731054044537,-0.012293485643327662,0.0,0.00921188232815906,0.1186404193905588,0,-440.3899999999994,0.0,-0.003372681281618828,0.0033726812816188834,-1.0308322880334728,-0.33349468580054387,-2.013586678548263,-7.381223150790317,-7.512772399719367
avg_veto_gex_cp_iv_stack_equal_core,tilt0.300,4563,32869.17999999998,0.4415954415954416,0.5329826868288406,0.39316239316239315,10.145710169740076,1.5068485593346166,-13.237683738765021,2.305534784999,30.519940332538376,593,4222.204999999993,0.4266441821247892,0.524451939291737,0.3777403035413153,9.596600940793968,2.7804431470258733,-4.735460311390633,14.06701956078205,66.6138128296391,0,226.09000000001106,0.0006574621959237748,0.0010957703265395136,0.0006574621959237192,-0.0028886851685872017,-0.011912216122454078,-0.358620029071524,-0.05439648371457517,0.1262351722784345,0,-369.1299999999992,0.0016863406408094694,-0.001686340640809414,0.001686340640809414,-0.8429348873252671,-0.1935726298336582,-0.7456038429518674,-4.208817051231328,-6.304152092932483
avg_veto_gex_cp_iv_stack_equal_core,tilt0.400,4563,32748.49999999997,0.44071882533421,0.5325443786982249,0.39294323909708523,10.062496032429568,1.4984001116842265,-13.672549548902646,2.22728230578761,30.452627685275235,593,4096.169999999992,0.42495784148397975,0.524451939291737,0.3794266441821248,9.247222449229284,2.7758955944682686,-4.510608183491816,14.294752212652243,64.47802631137695,0,105.41000000000349,-0.0002191540653078694,0.0006574621959237748,0.0004383081306157943,-0.08610282247909495,-0.02036066377284418,-0.7934858392091488,-0.13264896292596529,0.05892252501529427,0,-495.16499999999996,0.0,-0.001686340640809414,0.0033726812816188834,-1.192313378889951,-0.19812018239126283,-0.5207517150530503,-3.9810843993611353,-8.439938611194634
avg_veto_gex_cp_iv_stack_equal_core,tilt0.500,4563,32310.25499999997,0.44093797939951784,0.5327635327635327,0.3933815472277011,9.889738095723452,1.4869973567536674,-13.172855906357459,2.2931148310299587,30.206871245888877,593,4795.899999999993,0.4317032040472175,0.5311973018549747,0.37436762225969644,10.791249545198735,3.4200841519457854,-3.5591386838058554,21.47786977104724,76.44271714787865,0,-332.8349999999991,0.0,0.0008766162612315886,0.0008766162612316442,-0.258860759185211,-0.03176341870340327,-0.2937921966639614,-0.06681643768361667,-0.18683391437106422,0,204.56500000000142,0.006745362563237767,0.005059021922428353,-0.0016863406408094694,0.35171371707949994,0.44606837508625397,0.4307177846329102,3.20203315903386,3.5247522253070684
avg_veto_gex_cp_iv_stack_equal_core,tilt0.750,4563,33418.67999999998,0.44225290379136534,0.5332018408941486,0.3922857769011615,10.165693972296257,1.520274544523435,-12.858352494537378,2.397235257517103,30.824495953487997,593,4284.214999999989,0.4266441821247892,0.5193929173693086,0.38954468802698144,9.4979697002481,3.139195271264715,-4.350301048008308,15.554731291170523,67.66776383746675,0,775.5900000000111,0.001314924391847494,0.0013149243918474385,-0.00021915406530792492,0.017095117387594172,0.0015137690663642456,0.020711215156119067,0.03730398880352759,0.4307907932280557,0,-307.1200000000026,0.0016863406408094694,-0.006745362563237767,0.013490725126475533,-0.941566127871134,0.16517949440518365,-0.3604445795695428,-2.721105320842856,-5.250201085104834
avg_veto_gex_cp_iv_stack_equal_core,tilt1.000,4563,33956.864999999976,0.44422529037913655,0.534516765285996,0.39272408503177736,10.246235918309674,1.5239121270529803,-12.69436851323821,2.4514605001320415,31.119742984323384,593,3743.4049999999916,0.41989881956155145,0.5109612141652614,0.3962900505902192,8.24804154994404,2.8282019604004534,-5.239180140453997,11.174601182220748,58.54574859138471,0,1313.7750000000087,0.0032873109796187072,0.002629848783694877,0.00021915406530792492,0.0976370634010113,0.005151351595909626,0.1846951964552872,0.09152923141846614,0.7260378240634431,0,-847.9300000000003,-0.005059021922428297,-0.015177065767284947,0.0202360876897133,-2.1914942781751954,-0.1458138164590781,-1.2493236720152314,-7.101235429792631,-14.372216331186877
min_veto_gex_cp_iv_stack_equal_core,veto0.030,4364,30967.879999999976,0.4484417965169569,0.5341429880843263,0.39161319890009166,9.522888462429167,1.4070854737825835,-16.656293404994702,1.7675561194578884,29.440933335484452,589,3135.1699999999896,0.4159592529711375,0.5195246179966044,0.38200339558573854,6.9837231272106735,2.050190114892824,-6.383188754093844,7.59459154200595,48.4777113228686,-199,-1675.2099999999919,0.007503817117439082,0.002256071582025121,-0.0008917320663777706,-0.6257103924794958,-0.11167530167448714,-3.7772296953012052,-0.592375149255687,-0.952771824775489,-4,-1456.1650000000022,-0.008998588512842243,-0.006613661935941928,0.005949432685232625,-3.4558127009085613,-0.9238256619667076,-2.3933322856550783,-10.681245070007428,-24.440253599702984
min_veto_gex_cp_iv_stack_equal_core,veto0.035,4333,31415.644999999968,0.45141933994922684,0.5349642280175398,0.3914147242095546,9.715542247561583,1.437661832353742,-16.275298560419536,1.8247696403616405,29.698670700875084,588,3484.889999999989,0.4200680272108844,0.5238095238095238,0.38095238095238093,7.7431486524829385,2.2836492434704914,-5.844750233489759,9.280392314234392,54.24157514549803,-230,-1227.4449999999997,0.010481360549708996,0.003077311515238712,-0.0010902067569148466,-0.43305660734707985,-0.08109894310332866,-3.3962348507260387,-0.5351616283519349,-0.695034459384857,-5,-1106.445000000003,-0.004889814273095372,-0.002328756123022524,0.00489841805187502,-2.6963871756362963,-0.6903665333890401,-1.8548937650509938,-8.995444297778986,-18.676389777073553
min_veto_gex_cp_iv_stack_equal_core,veto0.040,4305,31938.96499999997,0.4518002322880372,0.5340301974448316,0.3916376306620209,9.89271354496682,1.456162945549548,-15.753747932261636,1.9041201381108828,29.99702868854206,587,3481.3399999999892,0.42078364565587734,0.524701873935264,0.38160136286201024,7.741651130023885,2.2625070253481505,-6.860901215121008,7.897318946500204,54.1827251562414,-258,-704.1249999999964,0.01086225288851933,0.0021432809425304677,-0.0008673003044485372,-0.2558853099418421,-0.06259782990752272,-2.8746842225681384,-0.4558111306026926,-0.3966764717178819,-6,-1109.9950000000026,-0.004174195828102412,-0.0014364059972823418,0.005547399961504329,-2.6978846980953497,-0.7115087515113809,-2.8710447466822426,-10.378517665513176,-18.73523976633018
min_veto_gex_cp_iv_stack_equal_core,veto0.045,4288,31718.589999999975,0.45242537313432835,0.5342817164179104,0.39155783582089554,9.834002898927528,1.4297249464022208,-17.44897467730172,1.7119493106748063,29.871760170788832,584,3733.4649999999897,0.4263698630136986,0.5273972602739726,0.3818493150684932,8.358581703187506,2.5155123337229126,-6.7202031186222255,8.687173965585085,58.37957357553869,-275,-924.4999999999927,0.011487393734810503,0.0023947999156093136,-0.0009470951455738952,-0.3145959559811349,-0.08903582905484986,-4.569910967608223,-0.6479819580387691,-0.521944989471109,-9,-857.8700000000022,0.0014120215297188654,0.0012589803414262413,0.005795352167987267,-2.080954124931729,-0.45850344313661884,-2.73034665018346,-9.588662646428293,-14.538391347032892
min_veto_gex_cp_iv_stack_equal_core,veto0.050,4260,32634.709999999977,0.4544600938967136,0.535680751173709,0.39154929577464787,10.164676384476415,1.4633332892361075,-17.910248506337304,1.6967389233920136,30.38901576832618,583,3917.7799999999907,0.4322469982847341,0.5300171526586621,0.379073756432247,8.743785771914514,2.693219468461844,-5.124790317741925,11.994575342636882,61.46968358137153,-303,-8.379999999990105,0.013522114497195759,0.003793834671407814,-0.0009556351918215689,0.016077529567752435,-0.05542748622096316,-5.031184796643807,-0.6631923453215618,-0.004689391933762721,-10,-673.5550000000012,0.0072891568007543706,0.0038788727261157563,0.0030197935317410884,-1.6957500562047212,-0.28079630839768743,-1.1349338493031595,-6.281261269376497,-11.448281341200058
min_veto_gex_cp_iv_stack_equal_core,veto0.055,4244,33535.68999999998,0.4547596606974552,0.5372290292177191,0.3901979264844486,10.497957643780238,1.489125964234739,-17.539074261922977,1.7611500036952188,30.888940701196365,582,3868.8999999999915,0.4381443298969072,0.5326460481099656,0.37628865979381443,8.603844009543845,2.8084700557166884,-5.006272914995759,12.114479232147595,60.648389259179126,-319,892.6000000000131,0.013821681297937372,0.005342112715417957,-0.0023070044820208135,0.3493587888715748,-0.029634811222331692,-4.66001055222948,-0.5987812650183566,0.49523554093642375,-11,-722.4350000000004,0.013186488412927466,0.006507768177419271,0.00023469689330851695,-1.8356918185753894,-0.16554572114284305,-1.0164164465569936,-6.161357379865784,-12.269575663392459
min_veto_gex_cp_iv_stack_equal_core,veto0.060,4214,34019.749999999985,0.45562411010915993,0.5391551969625059,0.38917892738490745,10.688828753399426,1.5003992893529614,-17.191206191156912,1.8122084160112886,31.154048540999923,580,4010.999999999992,0.4379310344827586,0.5310344827586206,0.3758620689655172,8.933276376550833,2.8912173198062123,-5.229620043737141,12.054333512153198,63.039584149048686,-349,1376.660000000018,0.014686130709642087,0.007268280460204779,-0.003326003581561987,0.5402298984907627,-0.01836148610410926,-4.312142481463415,-0.5477228527022868,0.7603433807399824,-13,-580.335,0.01297319299877886,0.004896202826074281,-0.0001918939349886961,-1.5062594515684022,-0.08279845705331912,-1.239763575298375,-6.221503099860181,-9.878380773522899
min_veto_gex_cp_iv_stack_equal_core,veto0.065,4195,33710.36999999999,0.45578069129916565,0.5392133492252682,0.38951132300357566,10.611369666629423,1.4900678751992742,-16.80416340983473,1.8438814453884118,30.984885116669126,576,3667.0999999999913,0.4357638888888889,0.5277777777777778,0.3802083333333333,8.195514112013312,2.5696800404063245,-7.113103574687915,8.051546219658228,57.2714821968159,-368,1067.2800000000207,0.014842711899647809,0.007326432722967069,-0.002993607962893774,0.46277081172076073,-0.028692900257796472,-3.9250997001412316,-0.5160498233251636,0.5911799564091851,-17,-924.2350000000006,0.010806047404909147,0.0016394978452314302,0.004154370432827403,-2.244021716105923,-0.404335736453207,-3.123247106249149,-10.224290392355151,-15.646482725755682
min_veto_gex_cp_iv_stack_equal_core,veto0.070,4171,34909.02499999998,0.4588827619275953,0.5423159913689762,0.38743706545193,11.026786774713448,1.5306366942365845,-16.022698334533594,1.9743826304692704,31.634937284952038,573,3711.2399999999916,0.4363001745200698,0.5287958115183246,0.38045375218150085,8.349815521732959,2.603871472000912,-6.205910181658108,9.347253525086147,58.008215821871765,-392,2265.935000000012,0.017944782528077463,0.010429074866675103,-0.005067865514539416,0.8781879198047857,0.011875918779513883,-3.1436346248400966,-0.38554863824430496,1.2412321246920968,-20,-880.0950000000003,0.011342333036090058,0.0026575315857781945,0.004399789280994937,-2.089720306386276,-0.3701443048586195,-2.2160537132193427,-8.928583086927231,-14.90974910069982
min_veto_gex_cp_iv_stack_equal_core,veto0.075,4146,34187.67999999999,0.45875542691751087,0.5419681620839363,0.3888084901109503,10.818835747821044,1.5151390089107932,-16.713888003037326,1.869431175926551,31.24546330382274,571,3256.5849999999937,0.43257443082311736,0.521891418563923,0.3922942206654991,7.358672657996609,2.3003074167912385,-8.500914981384113,5.937134774550391,50.47107795147201,-417,1544.5900000000256,0.017817447517993024,0.010081245581635145,-0.003696440855519123,0.6702368929123814,-0.0036217665462774384,-3.8348242933438286,-0.49050009278702444,0.8517581435627974,-22,-1334.7499999999982,0.007616589339137614,-0.0042468613686234,0.016240257764993216,-3.080863170122626,-0.6737083600682929,-4.511058512945348,-12.338701837462988,-22.446886971099573
min_veto_gex_cp_iv_stack_equal_core,veto0.080,4129,34318.99999999999,0.45894889803826594,0.5425042383143618,0.3884717849358198,10.893499292631976,1.5214869998720355,-15.501697650565863,2.0202143088365245,31.316751404930688,569,3019.634999999994,0.4305799648506151,0.5202108963093146,0.3936731107205624,6.863647615014643,2.107151172692824,-9.523770151876398,4.891818352028062,46.58855360944605,-434,1675.9100000000253,0.018010918638748097,0.010617321812060654,-0.004033146030649637,0.744900437723313,0.0027262244149648396,-2.6226339408723653,-0.33971695987705086,0.923046244670747,-24,-1571.699999999998,0.005622123366635368,-0.005927383623231752,0.01761914782005647,-3.5758882131045917,-0.8668646041667074,-5.533913683437633,-13.384018259985318,-26.329411313125533
min_veto_gex_cp_iv_stack_equal_core,veto0.085,4106,34344.17,0.4590842669264491,0.5431076473453482,0.38699464198733563,10.945053388739895,1.530813026601983,-15.963865153559539,1.9625820641524703,31.330395424924575,569,2533.2599999999934,0.4270650263620387,0.5149384885764499,0.3989455184534271,5.7363280851959795,1.7302042682266094,-8.447480338226445,4.583442093946156,38.718536970009595,-457,1701.0800000000309,0.01814628752693126,0.011220730843047089,-0.005510288979133804,0.7964545338312323,0.012052251144912374,-3.0848014438660414,-0.3973492045611051,0.9366902646646338,-24,-2058.0749999999985,0.002107184878058943,-0.0111997913560965,0.02289155555292116,-4.703207742923255,-1.243811508632922,-4.457623869787679,-13.692394518067221,-34.19942795256199
min_veto_gex_cp_iv_stack_equal_core,veto0.090,4089,35429.7,0.4602592320860846,0.5438982636341404,0.3861579848373686,11.312351484218304,1.5653846596925363,-14.964983558946344,2.1325048493778076,31.91290001031224,567,2399.114999999996,0.42504409171075835,0.5132275132275133,0.400352733686067,5.419157010232423,1.6347402555189956,-9.055452359391337,4.038645349033341,36.57176055464881,-474,2786.6100000000297,0.01932125268656676,0.012011347131839267,-0.006346946129100861,1.1637526293096414,0.046623884235465596,-2.0859198492528463,-0.2274264193357678,1.5191948500522976,-26,-2192.2199999999957,8.625022677860583e-05,-0.012910766705033105,0.024298770785561086,-5.020378817886812,-1.3392755213405358,-5.065595890952571,-14.237191262980037,-36.34620436792277
min_veto_gex_cp_iv_stack_equal_core,veto0.095,4070,35032.72499999999,0.4606879606879607,0.5447174447174448,0.3857493857493858,11.251213634677967,1.5490636573464236,-14.467833365406449,2.191151317637425,31.701212141969037,564,2087.0349999999944,0.4237588652482269,0.5106382978723404,0.4024822695035461,4.722682275620336,1.3917130801615538,-11.35262490288342,2.7850665775735433,31.617816184749703,-493,2389.635000000024,0.019749981288442853,0.012830528215143633,-0.006755545217083658,1.1026147797693042,0.03030288188935293,-1.5887696557129516,-0.16877995107615051,1.3075069817090963,-29,-2504.2999999999975,-0.0011989762357528244,-0.015499982060205975,0.026428306603040186,-5.716853552498899,-1.5823026966979776,-7.3627684344446545,-15.490770034439835,-41.300148737821885
min_veto_gex_cp_iv_stack_equal_core,veto0.100,4051,35888.219999999994,0.46210812145149344,0.545544310046902,0.3848432485805974,11.552218440141395,1.5834310774196838,-13.98577183004254,2.299160502558171,32.155534189424515,563,1846.3899999999921,0.4227353463587922,0.5062166962699822,0.4049733570159858,4.150212243237363,1.2101618727246313,-10.64998725841983,2.6137884306041035,27.836813482138865,-512,3245.1300000000265,0.021170142051975593,0.013657393544600827,-0.0076616823858720595,1.4036195852327324,0.06467030196261314,-1.106708120349042,-0.06077076615540422,1.7618290291645735,-30,-2744.9449999999997,-0.0022224951251875735,-0.019921583662564135,0.02891939411547989,-6.289323584881871,-1.7638539041349002,-6.660130789981065,-15.662048181409276,-45.08115144043272
min_veto_gex_cp_iv_stack_equal_core,veto0.105,4039,37143.625,0.4629858875959396,0.5456796236692251,0.3847487001733102,11.960844069805226,1.6158936325556974,-13.769455423379407,2.3828003909131277,32.80986376548933,561,2086.799999999993,0.42424242424242425,0.5062388591800356,0.40641711229946526,4.675241228153683,1.393773996350154,-9.209762385529748,3.4326734952559095,31.614107238412803,-524,4500.535000000033,0.022047908196421773,0.013792707166923934,-0.007756230793159236,1.8122452148965635,0.09713285709862673,-0.8903917136859096,0.022869122199552283,2.4161586052293913,-32,-2504.534999999999,-0.0007154172415554938,-0.01989942075251072,0.030363149398959344,-5.7642945999655515,-1.5802417805093774,-5.2199059170909825,-14.84316311675747,-41.303857684158785
min_veto_gex_cp_iv_stack_equal_core,veto0.110,4020,36240.125,0.4629353233830846,0.5440298507462686,0.386318407960199,11.703913770097946,1.594370384178997,-13.341737441315441,2.4240029714833375,32.34041120249913,561,1923.6299999999917,0.4206773618538324,0.5026737967914439,0.40819964349376114,4.294746853671423,1.2490548398895278,-10.062366816037061,2.8866646405448084,29.04667848804563,-543,3597.0350000000326,0.02199734398356673,0.012142934243967507,-0.006186523006270428,1.5553149151892836,0.07560960872192624,-0.46267373162194403,0.06407170276976215,1.9467060422391924,-32,-2667.705,-0.004280479630147327,-0.0234644831411025,0.03214568059325523,-6.1447889744478115,-1.7249609369700036,-6.072510347598295,-15.38917197146857,-43.871286434525956
min_veto_gex_cp_iv_stack_equal_core,veto0.115,4008,37358.33,0.46407185628742514,0.5461576846307385,0.3837325349301397,12.059542715657328,1.6204565687613237,-12.994069430610505,2.5334896932103503,32.920340975311404,558,1480.989999999991,0.4157706093189964,0.4982078853046595,0.4121863799283154,3.337755156314352,1.0039100640599137,-8.219435667165573,2.696230731727618,22.16149504326992,-555,4715.240000000034,0.0231338768879073,0.014270768128437417,-0.008772396036329733,1.9109438607486648,0.10169579330425305,-0.11500572091700789,0.17355842449677494,2.5266358150514634,-35,-3110.345000000001,-0.00918723216498335,-0.02793039462788688,0.036132417027809505,-7.101780671804883,-1.9701057127996178,-4.229579198726808,-15.579605880285762,-50.75646987930166
min_veto_gex_cp_iv_stack_equal_core,veto0.120,3987,36860.955,0.4635063957863055,0.545522949586155,0.38449962377727614,11.966628385918636,1.6115448234978198,-14.438690572059611,2.2622402070292322,32.663786348967164,557,1450.1399999999903,0.41831238779174146,0.4991023339317774,0.4129263913824057,3.2720850623881037,0.9711536528660422,-7.434409903313336,2.9169778995870685,21.686009384436232,-576,4217.865000000034,0.022568416386787638,0.01363603308385386,-0.00800530718919329,1.818029531009973,0.09278404804074913,-1.5596268623661143,-0.09769106168434316,2.2700811887072234,-36,-3141.1950000000015,-0.00664545369223829,-0.027035946000768973,0.03687242848189981,-7.167450765731131,-2.002862123993489,-3.44455343487457,-15.35885871242631,-51.23195553813535
min_veto_gex_cp_iv_stack_equal_core,veto0.125,3967,35827.34,0.46206201159566423,0.5447441391479707,0.3854297958154777,11.657657477670252,1.5708067945735473,-15.902845922673153,2.0199801309619976,32.12343278954979,556,1227.2499999999905,0.4154676258992806,0.49640287769784175,0.4154676258992806,2.7707713592662415,0.8803887121886596,-6.4201529008669596,2.8453829897867062,18.267793855956626,-596,3184.250000000029,0.02112403219614639,0.012857222645669575,-0.007075135150991729,1.5090586227615894,0.05204601911647666,-3.023782212979656,-0.3399511377515778,1.7297276292898474,-37,-3364.0850000000014,-0.009490215584699147,-0.02973540223470461,0.03941366299877469,-7.668764468852993,-2.093627064670872,-2.430296432428194,-15.430453622226672,-54.65017106661496
min_veto_gex_cp_iv_stack_equal_core,veto0.130,3947,36123.95999999999,0.4631365594122118,0.545984291867241,0.38358246769698506,11.797886345770157,1.578731200191528,-16.069565702437618,2.008735691691094,32.279510176461514,555,1818.08999999999,0.42342342342342343,0.5027027027027027,0.41081081081081083,4.12810196860752,1.2804301045107525,-5.905685779594815,4.638651111689977,27.39441590680918,-616,3480.8700000000244,0.02219858001269398,0.014097375364939824,-0.00892246326948437,1.6492874908614947,0.05997042473445724,-3.190501992744121,-0.3511955770224815,1.885805016201573,-38,-2773.2450000000017,-0.0015344180605563196,-0.023435577229843685,0.03475684791030492,-6.311433859511714,-1.693585672348779,-1.9158293111560498,-13.637185500323401,-45.523549015762406
min_veto_gex_cp_iv_stack_equal_core,veto0.135,3921,35540.954999999994,0.46314715633766895,0.5450140270339199,0.3838306554450395,11.673277295225212,1.5689225040009285,-15.420503416694324,2.0733406004675325,31.971955813480648,552,1907.4299999999898,0.42391304347826086,0.5018115942028986,0.411231884057971,4.340725923447926,1.3002844800631448,-5.858999472566615,4.914257762095761,28.79263363617546,-642,2897.865000000027,0.02220917693815111,0.013127110531618746,-0.008674275521429908,1.5246784403165492,0.05016172854385781,-2.5414397070008263,-0.28659066824604285,1.5782506532207066,-41,-2683.905000000002,-0.0010447980057188833,-0.0243266857296478,0.0351779211574651,-6.098809904671309,-1.6737312967963867,-1.8691430041278494,-13.361578849917617,-44.125331286396126
min_veto_gex_cp_iv_stack_equal_core,veto0.140,3903,35001.58499999999,0.46323341019728415,0.54470919805278,0.38483218037407124,11.531858264592564,1.5520780788167088,-15.497857582644755,2.044446601081676,31.68454225888595,551,1987.8799999999906,0.426497277676951,0.5027223230490018,0.41197822141560797,4.5153620162444525,1.3967895088836422,-5.820077858667839,5.164150811889282,30.055759799098357,-660,2358.4950000000244,0.022295430797766302,0.01282228155047882,-0.007672750592398192,1.3832594096839017,0.03331730335963812,-2.618793872951258,-0.3154846676318992,1.2908370986260103,-42,-2603.4550000000013,0.0015394361929712552,-0.023415956883544586,0.03592425851510206,-5.924173811874782,-1.5772262679758893,-1.8302213902290738,-13.111685800124096,-42.86220512347323
min_veto_gex_cp_iv_stack_equal_core,veto0.145,3884,34401.53999999999,0.46318228630278063,0.5453141091658085,0.3846549948506694,11.366128675270595,1.5378928587041014,-16.162488944634156,1.9403862070187228,31.36147061926071,551,1715.939999999991,0.42105263157894735,0.49909255898366606,0.41379310344827586,3.884274453958513,1.1908129340827345,-5.9917966360338255,4.3061419722315835,25.801526983501265,-679,1758.4500000000262,0.02224430690326279,0.013427192663507337,-0.007849936115800038,1.217529820361932,0.01913208324703075,-3.2834252349406583,-0.4195450616948526,0.9677654590007698,-42,-2875.395000000001,-0.003905209905032403,-0.027045720948880303,0.037739140547769945,-6.555261374160722,-1.783202842776797,-2.00194016759506,-13.969694639781796,-47.11643793907032
min_veto_gex_cp_iv_stack_equal_core,veto0.150,3868,34155.729999999996,0.4622543950361944,0.5444674250258531,0.3857290589451913,11.329881754453819,1.53288217391426,-16.646307018102018,1.8759772232990248,31.228092818002096,550,1936.0249999999905,0.42,0.5018181818181818,0.41454545454545455,4.360952946015412,1.3381356712333787,-5.832351393306724,5.0136140595852865,29.24115894592443,-695,1512.6400000000285,0.021316415636676578,0.01258050852355197,-0.0067758720212781065,1.181282899545156,0.014121398457189294,-3.7672433084085206,-0.48395404541455056,0.8343876577421554,-43,-2655.3100000000013,-0.0049578414839797635,-0.02432009811436453,0.03849149164494864,-6.078582882103823,-1.6358801056261527,-1.8424949248679585,-13.262222552428092,-43.67680597664716
min_veto_gex_cp_iv_stack_equal_core,veto0.155,3843,34473.244999999995,0.4637002341920375,0.5451470205568566,0.38485558157689304,11.487833673159473,1.5415965999775871,-15.57406102155095,2.016189895261391,31.400264459835327,547,2338.90999999999,0.42230347349177333,0.506398537477148,0.40950639853747717,5.294902797781239,1.7333769284616112,-4.4599629848008675,7.984742793992477,35.61165730436191,-720,1830.155000000028,0.022762254792519643,0.013260104054555466,-0.007649349389576399,1.3392348182508105,0.022835824520516468,-2.6949973118574526,-0.34374137345218436,1.006559299575386,-46,-2252.425000000002,-0.002654367992206419,-0.019739742455398335,0.033452435636971256,-5.144633030337996,-1.2406388483979203,-0.4701065163621019,-10.2910938180209,-37.30630761820967
min_veto_gex_cp_iv_stack_equal_core,veto0.160,3801,32575.349999999988,0.4635622204682978,0.5435411733754275,0.38621415416995525,11.05157104664021,1.509866792113362,-15.94729804387475,1.9035059512134793,30.355776732290664,544,2401.4299999999907,0.4209558823529412,0.5055147058823529,0.4099264705882353,5.4684539684621445,1.9015359732078243,-5.554396927264106,6.590944218065189,36.608720312590414,-762,-67.73999999997977,0.02262424106877997,0.011654256873126378,-0.006290776796514186,0.9029721917315481,-0.008893983343708722,-3.068234334181252,-0.4564253175000961,-0.03792842796927687,-49,-2189.905000000001,-0.004001959131038568,-0.02062357405019344,0.03387250768772937,-4.97108185965709,-1.0724798036517071,-1.5645404588253404,-11.68489239394819,-36.30924460998117
min_veto_gex_cp_iv_stack_equal_core,veto0.165,3787,32616.60999999999,0.4642196989701611,0.5442302614206496,0.3860575653551624,11.110569112725438,1.5103510880697282,-16.049637412656104,1.8928081537273558,30.378884559043094,544,2526.099999999992,0.42463235294117646,0.5055147058823529,0.40808823529411764,5.763973488596962,2.023010111648742,-3.2689971006261684,11.8090317545856,38.60369056694268,-776,-26.479999999977736,0.023281719570643233,0.012343344918348431,-0.006447365611307043,0.961970257816775,-0.00840968738734249,-3.1705737029626064,-0.4671231149862196,-0.014820601216847251,-49,-2065.2349999999997,-0.0003254885428032872,-0.02062357405019344,0.03203427239361173,-4.675562339522273,-0.9510056652107894,0.7208593678125972,-6.466804857427778,-34.3142743556289
min_veto_gex_cp_iv_stack_equal_core,veto0.170,3765,33012.429999999986,0.4642762284196547,0.5442231075697211,0.3851261620185923,11.315482420013291,1.514488168194125,-15.752556871462719,1.9425190220936046,30.599641369427655,540,2403.679999999991,0.42407407407407405,0.5055555555555555,0.4074074074074074,5.531640987368255,1.9101373903768546,-3.301983605273689,11.09776718345526,36.64464529491362,-798,369.34000000001834,0.02333824902013687,0.01233619106742001,-0.007378768947877146,1.1668835651046283,-0.00427260726294576,-2.873493161769222,-0.4174122466199708,0.2059362091677137,-53,-2187.6550000000007,-0.0008837674099057002,-0.020582724376990824,0.03135344450690147,-4.90789484075098,-1.0638783864826769,0.6878728631650768,-7.1780694285581195,-36.27331962765796
min_veto_gex_cp_iv_stack_equal_core,veto0.175,3742,33072.50499999999,0.4647247461250668,0.5440940673436665,0.3850881881346873,11.377878119369221,1.5166686211710887,-16.321503295221827,1.8768492488037025,30.633001198984246,540,2359.3499999999917,0.42407407407407405,0.5037037037037037,0.40925925925925927,5.429819579063825,1.8552782166986073,-3.355196263842671,10.710963068720215,35.9373832703269,-821,429.4150000000227,0.02378676672554897,0.012207150841365366,-0.007416742831782119,1.2292792644605584,-0.002092154285981973,-3.44243958552833,-0.4830820199098729,0.23929603872430505,-53,-2231.985,-0.0008837674099057002,-0.022434576228842706,0.033205296358753356,-5.00971624905541,-1.1187375601609242,0.6346602045960945,-7.564873543293164,-36.98058165224469
min_veto_gex_cp_iv_stack_equal_core,veto0.180,3720,32967.30999999998,0.46559139784946235,0.5446236559139785,0.38467741935483873,11.37060729619351,1.5133134982601444,-15.107579782501446,2.0237894815551343,30.574561055581427,539,2108.874999999993,0.42115027829313545,0.5027829313543599,0.41187384044526903,4.865853458756259,1.7374828965917135,-3.8246150755720034,8.357090120793163,31.962652863899386,-843,324.2200000000157,0.02465341844994451,0.012736739411677411,-0.0078275116116307,1.2220084412848475,-0.005447277196926281,-2.228516072807949,-0.3361417871584411,0.1808558953214856,-54,-2482.4599999999987,-0.0038075631908442986,-0.02335534857818644,0.03581987754476312,-5.573682369362976,-1.236532880267818,0.1652413928667622,-9.918746491220215,-40.9553120586722
min_veto_gex_cp_iv_stack_equal_core,veto0.185,3698,31102.699999999983,0.46349378042184963,0.5421849648458626,0.3864250946457545,10.779181572096908,1.4526645806222767,-16.540067338087372,1.7846830631944561,29.518778042380344,538,1988.1799999999937,0.42193308550185876,0.5,0.4144981412639405,4.59360765408736,1.6109968777903487,-4.081960225156571,7.364225890989701,30.060477176088174,-865,-1540.3899999999849,0.02255580102233179,0.010298048343561517,-0.00607983632071496,0.6305827171882452,-0.06609619483479401,-3.6610036283938747,-0.5752482055191193,-0.8749271178795972,-55,-2603.154999999998,-0.0030247559821209857,-0.02613827993254636,0.03844417836343461,-5.845928174031875,-1.3630188990691827,-0.09210375671780557,-10.911610721023678,-42.857487746483415
min_veto_gex_cp_iv_stack_equal_core,veto0.190,3676,29878.144999999982,0.46082698585418935,0.5405331882480957,0.38792165397170836,10.410348598646278,1.4128571707763629,-19.358945078801437,1.4878868226514996,28.803919283182754,536,1702.0499999999938,0.417910447761194,0.4962686567164179,0.417910447761194,3.9610027232839005,1.3417335795450318,-5.228023180766814,4.893897955513933,25.58541195573416,-887,-2764.944999999985,0.01988900645467151,0.008646271745794576,-0.004583276994761076,0.2617497437376155,-0.10590360468070781,-6.4798813691079395,-0.8720444460620758,-1.5897858770771869,-57,-2889.284999999998,-0.007047393722785733,-0.02986962321612846,0.041856484860688103,-6.478533104835334,-1.6322821973144996,-1.2381667123280486,-13.381938656499447,-47.332552966837426
min_veto_gex_cp_iv_stack_equal_core,veto0.195,3656,30438.799999999985,0.4614332603938731,0.5404814004376368,0.38676148796498905,10.64508171191692,1.4281194167897004,-20.102982219732475,1.449208215643412,29.13340699176974,534,2060.639999999995,0.4232209737827715,0.5,0.41385767790262173,4.830637924389758,1.6288133416438106,-3.9631696551420683,7.872848220546427,31.201433167208826,-907,-2204.2899999999827,0.02049528099435527,0.008594483935335684,-0.005743443001480386,0.4964828570082567,-0.09064135866737022,-7.223918510038978,-0.9107230530701633,-1.260298168490202,-59,-2530.694999999997,-0.0017368677012082334,-0.02613827993254636,0.03780371500211582,-5.608897903729477,-1.3452024352157208,0.02668681329669731,-10.402988391466952,-41.71653175536276
min_veto_gex_cp_iv_stack_equal_core,veto0.200,3638,30464.42499999998,0.4606926882902694,0.5398570643210555,0.3875755909840572,10.690737123480847,1.4371179892740922,-18.396193474473797,1.5844787141712215,29.14837698207926,530,1973.8449999999975,0.42452830188679247,0.4981132075471698,0.4169811320754717,4.668743876818736,1.5296766280184952,-4.446813963085114,6.709325989067079,29.83512449107333,-925,-2178.6649999999863,0.019754708890751538,0.00797014781875438,-0.00492933998241224,0.5421382685721845,-0.08164278618297849,-5.5171297647803,-0.7754525545423538,-1.2453281781806815,-63,-2617.4899999999943,-0.0004295395971872784,-0.028025072385376548,0.040927169174965805,-5.770791951300499,-1.4443391488410362,-0.45695749464634794,-11.5665106229463,-43.082840431498255
min_veto_gex_cp_iv_stack_equal_core,veto0.205,3614,30637.124999999985,0.4609850581073603,0.539568345323741,0.3882125069175429,10.80249476422982,1.4461915501255185,-17.401882010586174,1.6807990016372902,29.249065910003157,526,2055.6749999999984,0.42585551330798477,0.5,0.41634980988593157,4.869049009183725,1.6638576027175611,-4.4303392818053515,7.025005012265539,31.123155660719505,-949,-2005.964999999982,0.020047078707842447,0.007681428821439851,-0.004292424048926546,0.6538959093211574,-0.07256922533155219,-4.522818300892677,-0.6791322670762852,-1.144639250256784,-67,-2535.6599999999935,0.0008976718240050197,-0.02613827993254636,0.040295846985425654,-5.5704868189355095,-1.3101581741419703,-0.4404828133665859,-11.25083159974784,-41.79480926185208
min_veto_gex_cp_iv_stack_equal_core,veto0.210,3599,30688.22499999998,0.4617949430397333,0.540150041678244,0.3884412336760211,10.862803563276438,1.457736787919143,-16.007671309149156,1.829047526134416,29.278791607172128,523,1583.1249999999982,0.42065009560229444,0.49521988527724664,0.4225621414913958,3.743348573525569,1.1867531474344455,-8.041008554128165,2.95233848083451,23.739778979072046,-964,-1954.864999999987,0.020856963640215442,0.008263125175942854,-0.004063697290448309,0.7142047083677756,-0.061023987537927704,-3.128607599455659,-0.5308837425791595,-1.1149135530878134,-70,-3008.2099999999937,-0.00430774588168531,-0.03091839465529972,0.046508178590889904,-6.696187254593665,-1.787262629425086,-4.0511520856894,-15.32349813117887,-49.17818594349954
min_veto_gex_cp_iv_stack_equal_core,veto0.215,3576,29624.574999999983,0.46001118568232663,0.5391498881431768,0.39038031319910516,10.554969179760413,1.4281690984735413,-17.115745077188414,1.6741109394614746,28.653656070755005,522,1614.434999999999,0.421455938697318,0.49616858237547895,0.421455938697318,3.797817196371166,1.1589908793830148,-8.426463966147663,2.8748555018470827,24.224866294195802,-987,-3018.514999999985,0.019073206282808786,0.007262971640875637,-0.0021246177673642785,0.40637032485174984,-0.09059167698352932,-4.236681367494917,-0.6858203292521008,-1.7400490895049359,-71,-2976.899999999993,-0.003501902786661737,-0.02996969755706741,0.0454019757968121,-6.641718631748068,-1.8150248974765166,-4.436607497708898,-15.400981110166295,-48.69309862837578
min_veto_gex_cp_iv_stack_equal_core,veto0.220,3558,29350.76999999998,0.4598088813940416,0.5382237211916807,0.3912310286677909,10.509831626888197,1.4384698266512013,-15.893556258075106,1.7925828913964408,28.49051703167227,522,1703.3349999999991,0.42337164750957856,0.49808429118773945,0.41954022988505746,4.00590066238404,1.1944754862291456,-8.36239466825181,3.0619698660095187,25.605400481865704,-1005,-3292.319999999989,0.018870901994523737,0.006336804689379583,-0.0012739022986785198,0.36123277197953385,-0.0802909488058694,-3.014492548381609,-0.5673483773171346,-1.9031881285876722,-71,-2887.9999999999927,-0.0015861939744011844,-0.028053988744806913,0.04348626698455155,-6.433635165735195,-1.7795402906303859,-4.372538199813044,-15.213866746003859,-47.312564440705884
min_veto_gex_cp_iv_stack_equal_core,veto0.225,3534,29947.789999999983,0.46066779852857953,0.5396151669496322,0.389926428975665,10.785309116084628,1.4619782939999,-15.634319105469654,1.844983039629586,28.845053585748314,521,1993.4049999999988,0.42610364683301344,0.5009596928982726,0.4165067178502879,4.692365309633186,1.398255335645943,-8.158959587019577,3.6944228421609884,30.142646666553507,-1029,-2695.2999999999847,0.019729819129061688,0.007728250447331053,-0.0025785019908044493,0.6367102611759652,-0.056782481457170686,-2.7552553957761567,-0.5149482290839893,-1.5486515745116272,-72,-2597.929999999993,0.0011458053490336906,-0.02517858703427378,0.04045275494978201,-5.747170518486048,-1.5757604412135884,-4.169103118580812,-14.58141376985239,-42.77531825601808
min_veto_gex_cp_iv_stack_equal_core,veto0.230,3513,29932.034999999985,0.46114432109308284,0.5397096498719044,0.38998007401081697,10.832438562842666,1.4594524196628518,-16.002467244180565,1.8019567188640953,28.835753369053773,519,2248.019999999999,0.4277456647398844,0.5028901734104047,0.4142581888246628,5.284610659538459,1.5705594705643178,-8.11758220471616,4.2089131985686725,34.16619888189602,-1050,-2711.054999999982,0.020206341693565,0.007822733369603263,-0.002524856955652466,0.6838397079340037,-0.05930835579421889,-3.1234035344870676,-0.5579745498494801,-1.5579517912061682,-74,-2343.314999999993,0.0027878232559046534,-0.02324810652214171,0.0382042259241569,-5.1549251685807755,-1.4034563062952137,-4.127725736277394,-14.066923413444705,-38.75176604067556
min_veto_gex_cp_iv_stack_equal_core,veto0.235,3488,29154.309999999983,0.4601490825688073,0.5389908256880734,0.39134174311926606,10.610081959955421,1.426025979898735,-17.303892422295093,1.639682491902647,28.372889446604145,518,2001.3049999999996,0.4247104247104247,0.5019305019305019,0.41505791505791506,4.709809572423406,1.42382500948588,-9.000214429879378,3.362910359388861,30.26691434296247,-1075,-3488.7799999999843,0.01921110316928948,0.007103909185772306,-0.001163187847203373,0.46148310504675827,-0.09273479555833575,-4.424828712601595,-0.7202487768109285,-2.0208157136557965,-75,-2590.0299999999925,-0.00024741677355505365,-0.024207778002044433,0.03900395215740915,-5.729726255695828,-1.5501907673736515,-5.010357961440612,-14.912926252624517,-42.65105057960912
min_veto_gex_cp_iv_stack_equal_core,veto0.240,3462,29042.219999999983,0.45984979780473717,0.5389948006932409,0.39081455805892545,10.623612524720683,1.4334806750618772,-16.667942269500855,1.6982036843476678,28.305560972560585,515,1868.9049999999993,0.42330097087378643,0.5009708737864078,0.4174757281553398,4.421709639556744,1.3319263297931159,-9.004519372196295,3.130552090664524,28.189116946058324,-1101,-3600.8699999999844,0.018911818405219327,0.007107884190939773,-0.00169037290754398,0.47501366981201976,-0.08528010039519351,-3.788878559807358,-0.6617275843659076,-2.0881441876993563,-78,-2722.4299999999926,-0.0016568706101933173,-0.02516740614613855,0.041421765254833876,-6.01782618856249,-1.6420894470664156,-5.01466290375753,-15.145284521348854,-44.728847976513265
min_veto_gex_cp_iv_stack_equal_core,veto0.245,3438,28597.004999999986,0.4584060500290867,0.5381035485747527,0.3912158231529959,10.523617304861483,1.4326487245758863,-16.1626962793306,1.734646640418399,28.036566801043783,514,2057.3649999999993,0.4260700389105058,0.5019455252918288,0.4163424124513619,4.865766970874906,1.4719467130255752,-8.166340276838714,3.814413468700215,31.14979834196263,-1125,-4046.084999999981,0.017468070629568844,0.0062166320724516,-0.0012891078134735223,0.37501844995282063,-0.08611205088118434,-3.2836325696371027,-0.6252846282951763,-2.357138359216158,-79,-2533.9699999999925,0.0011121974265260737,-0.024192754640717573,0.040288449550855976,-5.573768857244329,-1.5020690638339562,-4.176483808399948,-14.461423143313164,-41.768166580608955
min_veto_gex_cp_iv_stack_equal_core,veto0.250,3424,27913.28499999999,0.45735981308411217,0.5370911214953271,0.3919392523364486,10.298172073751319,1.3984508924314247,-17.758312995910362,1.5552430176300116,27.618492291777883,508,1842.8800000000026,0.4251968503937008,0.5,0.41929133858267714,4.405422823823254,1.3392298648334722,-7.588099270098472,3.6612486026682842,27.781917849556258,-1139,-4729.8049999999785,0.016421833684594322,0.005204204993025985,-0.0005656786300208272,0.14957321884265617,-0.12030988302564594,-4.879249286216865,-0.8046882510835638,-2.7752128684820576,-85,-2748.454999999989,0.00023900890972106126,-0.02613827993254636,0.04323737568217123,-6.034113004295981,-1.6347859120260593,-3.5982428016597066,-14.614588009345095,-45.13604707301533
min_veto_gex_cp_iv_stack_equal_core,veto0.255,3401,28125.089999999993,0.45868862099382535,0.5377830049985298,0.390473390179359,10.444735992456192,1.4077968197214732,-17.33842493614428,1.6004140446138997,27.74865877928916,507,1983.2600000000014,0.4260355029585799,0.5009861932938856,0.4181459566074951,4.747058968551211,1.4289482618335942,-7.444743471918552,4.027421362012094,29.983118893504866,-1162,-4517.9999999999745,0.017750641594307504,0.005896088496228691,-0.0020315407871104307,0.2961371375475288,-0.11096395573559747,-4.459361226450781,-0.7595172240996757,-2.6450463809707827,-86,-2608.0749999999907,0.0010776614746001445,-0.025152086638660753,0.042091993706989184,-5.692476859568024,-1.5450675150259372,-3.4548870034797865,-14.248415250001283,-42.93484602906672
min_veto_gex_cp_iv_stack_equal_core,veto0.260,3370,27935.69999999999,0.45875370919881303,0.5370919881305638,0.3913946587537092,10.455806731080205,1.4047238473500132,-16.410274831953718,1.6838411278796859,27.63229568185257,506,2129.080000000001,0.4268774703557312,0.5019762845849802,0.41699604743083,5.113777883033154,1.5143527274432536,-7.537900159477092,4.2826148518080975,32.28192317442322,-1193,-4707.389999999978,0.017815729799295188,0.00520507162826267,-0.0011102722127602216,0.30720787617154244,-0.11403692810705746,-3.5312111222602205,-0.6760901408338895,-2.761409478407373,-87,-2462.254999999991,0.0019196288717514554,-0.024161995347566134,0.04094208453032411,-5.325757945086081,-1.459663049416278,-3.548043691038326,-13.99322176020528,-40.636041748148365
min_veto_gex_cp_iv_stack_equal_core,veto0.265,3343,27365.429999999986,0.45857014657493267,0.5369428656895004,0.3915644630571343,10.306154449486565,1.3814143707231328,-17.017815282499445,1.602968768414773,27.27902640449824,505,1926.7500000000011,0.42574257425742573,0.500990099009901,0.4178217821782178,4.666630497807831,1.4054822482600422,-7.648718366687023,3.8039867691093807,29.09562346752135,-1220,-5277.659999999982,0.017632167175414826,0.005055949187199316,-0.0009404679093351076,0.15755559457790191,-0.1373464047339379,-4.138751572805948,-0.7569625002988023,-3.1146787557617017,-88,-2664.584999999991,0.0007847327734459841,-0.02514818092264537,0.04176781927771189,-5.772905330311404,-1.5685335285994892,-3.658861898248257,-14.471849842903998,-43.822341455050235
min_veto_gex_cp_iv_stack_equal_core,veto0.270,3314,26925.174999999996,0.4583584791792396,0.5368135184067592,0.391973445986723,10.221760070484699,1.3725209016332904,-17.06097696359836,1.5827506771079467,27.003272841258386,504,1796.980000000001,0.4246031746031746,0.5,0.41865079365079366,4.364897863410942,1.317654253557784,-7.667111648828503,3.529976673419703,27.064725272869094,-1249,-5717.914999999972,0.017420499779721765,0.004926601904458039,-0.0005314849797464216,0.07316121557603594,-0.14623987382378023,-4.181913253904863,-0.7771805916056287,-3.3904323190015546,-89,-2794.354999999991,-0.0003546668808051545,-0.02613827993254636,0.04259683075028775,-6.074637964708293,-1.6563615233017475,-3.6772551803897375,-14.745859938593675,-45.85323964970249
min_veto_gex_cp_iv_stack_equal_core,veto0.275,3298,27094.124999999996,0.45967252880533654,0.5375985445724681,0.39266221952698604,10.305156981953163,1.3826458528009051,-17.074335207918566,1.5877286164709636,27.10941061683001,502,1718.8900000000021,0.4243027888446215,0.5,0.42231075697211157,4.202708194069479,1.1792499254646434,-9.52072341569607,2.7148610295469093,25.847440974368,-1265,-5548.964999999971,0.0187345494058187,0.0057116280701670075,0.00015728856051661078,0.15655812704449978,-0.13611492265616554,-4.195271498225068,-0.7722026522426118,-3.2842945434299295,-91,-2872.4449999999897,-0.0006550526393582223,-0.02613827993254636,0.046256794071605656,-6.236827634049756,-1.794765851394888,-5.530866947257304,-15.560975582466469,-47.070523948203586
min_veto_gex_cp_iv_stack_equal_core,veto0.280,3276,28121.784999999996,0.4621489621489622,0.5393772893772893,0.3901098901098901,10.758725080183183,1.424233104730941,-15.214372397814682,1.8237119141001867,27.74663220745166,500,1964.8800000000035,0.428,0.502,0.422,4.832853011051316,1.3366420015510252,-9.318332950935094,3.1866485554294544,29.694252237108,-1287,-4521.304999999971,0.02121098274944433,0.007490372874988216,-0.0023950408565793224,0.6101262252745201,-0.09452767072612978,-2.3353086881211844,-0.5362193546133887,-2.64707295280828,-93,-2626.454999999988,0.0030421585160202436,-0.024138279932546358,0.045946037099494075,-5.606682817067918,-1.6373737753085063,-5.328476482496328,-15.089188056583925,-43.22371268546358
min_veto_gex_cp_iv_stack_equal_core,veto0.285,3249,27319.994999999995,0.4616805170821791,0.5383194829178208,0.3915050784856879,10.52488359156864,1.4007476110854784,-14.903368144035678,1.8284921341996259,27.250691424450512,498,1785.3000000000059,0.42771084337349397,0.5020080321285141,0.41967871485943775,4.411643694967212,1.1428755281597136,-10.70828979095771,2.5104311130426127,26.882423858696814,-1314,-5323.094999999972,0.020742537682661266,0.006432566415519703,-0.000999852480781549,0.3762847366599775,-0.11801316437159226,-2.0243044343421808,-0.5314391345139495,-3.143013735809429,-95,-2806.034999999986,0.002753001889514217,-0.02413024780403228,0.04362475195893184,-6.027892133152022,-1.8311402486998178,-6.718433322518945,-15.765405498970766,-46.035541063874774
min_veto_gex_cp_iv_stack_equal_core,veto0.290,3222,26989.95,0.4605834885164494,0.537243947858473,0.3929236499068901,10.476024202106053,1.3957558776017107,-14.064429912030374,1.922865894302892,27.04401260065663,493,1970.0500000000056,0.43204868154158216,0.5050709939148073,0.4158215010141988,4.92204503032229,1.207153671839511,-9.792075469623992,3.0407737109125006,29.77548566330381,-1341,-5653.139999999967,0.01964550911693158,0.005357031356171826,0.00041871894042067037,0.3274253471973907,-0.12300489785535995,-1.1853662023368763,-0.4370653744106834,-3.3496925596033122,-100,-2621.284999999986,0.00709084005760241,-0.021067286017739106,0.03976753811369288,-5.5174907977969445,-1.7668621050200204,-5.802219001185226,-15.235062901100878,-43.14247925926777
min_veto_gex_cp_iv_stack_equal_core,veto0.295,3208,26638.045,0.4600997506234414,0.5364713216957606,0.3933915211970075,10.361612992113548,1.3919089094934158,-14.068032785475618,1.9065905525480693,26.821978401724312,490,2233.0900000000056,0.4346938775510204,0.5081632653061224,0.4122448979591837,5.615591654053274,1.3869947909592186,-9.586692976715474,3.5391997149058887,33.92922105008169,-1355,-6005.044999999969,0.01916177122392354,0.004584405193459484,0.0008865902305380535,0.21301413720488505,-0.12685186596365483,-1.1889690757821203,-0.4533407161655061,-3.571726758535629,-103,-2358.2449999999862,0.009736036067040654,-0.017975014626423924,0.036190935058677765,-4.823944174065961,-1.5870209859003128,-5.596836508276708,-14.73663689710749,-38.98874387248989
min_veto_gex_cp_iv_stack_equal_core,veto0.300,3188,26626.894999999997,0.46016311166875784,0.5370138017565872,0.3933500627352572,10.42613280730107,1.3956154957369613,-13.785643651245524,1.9451333261260053,26.814914888135057,485,1914.5150000000056,0.4288659793814433,0.5051546391752577,0.41649484536082476,4.868228301717446,1.216464178801317,-9.835735684621923,2.938643420581227,28.90371995619021,-1375,-6016.194999999971,0.019225132269239997,0.005126885254286062,0.0008451317687877546,0.27753395239240675,-0.12314527972010936,-0.9065799415520264,-0.4147979425875701,-3.578790272124884,-108,-2676.819999999986,0.003908137897463526,-0.020983640757288646,0.04044088246031885,-5.571307526401789,-1.7575515980582144,-5.845879216183158,-15.337193191432151,-44.014244966381376
min_veto_gex_cp_iv_stack_equal_core,tilt0.005,4563,32886.399999999965,0.44093797939951784,0.5321060705676091,0.39272408503177736,10.223929816805596,1.524579978454596,-12.879063709693497,2.3704776474580673,30.52953264401681,593,4591.334999999992,0.42495784148397975,0.5261382799325464,0.3760539629005059,10.439535828119235,2.9740157768595314,-3.9898564684387656,18.27583661201338,72.91796492257158,0,243.30999999999767,0.0,0.00021915406530792492,0.00021915406530792492,0.07533096189693289,0.005819202997525252,0.0,0.010546378744491935,0.13582748375687004,0,0.0,0.0,0.0,0.0,0.0,0.0,0.0,0.0,0.0
min_veto_gex_cp_iv_stack_equal_core,tilt0.010,4563,32807.769999999975,0.44093797939951784,0.5321060705676091,0.39272408503177736,10.196992177029571,1.5223303357637439,-12.879063709693497,2.3670747538039363,30.485706559847948,593,4761.804999999992,0.4266441821247892,0.5278246205733558,0.37436762225969644,10.844517817097264,3.0730060787840174,-3.9898564684387656,19.011639763537683,75.85371388617847,0,164.68000000000757,0.0,0.00021915406530792492,0.00021915406530792492,0.04839332212090852,0.003569560306673214,0.0,0.00714348509036089,0.0920013995880069,0,170.47000000000025,0.0016863406408094694,0.001686340640809414,-0.0016863406408094694,0.4049819889780295,0.09899030192448599,0.0,0.7358031515243049,2.9357489636068834
min_veto_gex_cp_iv_stack_equal_core,tilt0.020,4563,32081.009999999973,0.4400613631382862,0.5314486083716853,0.3933815472277011,9.976016024310852,1.5036981701662273,-12.879063709693497,2.3353783898809093,30.07748706951765,593,4761.804999999992,0.4266441821247892,0.5278246205733558,0.37436762225969644,10.844517817097264,3.0730060787840174,-3.9898564684387656,19.011639763537683,75.85371388617847,0,-562.0799999999945,-0.0008766162612316442,-0.00043830813061584983,0.0008766162612316442,-0.1725828305978112,-0.015062605290843356,0.0,-0.024552878832666103,-0.31621809074228935,0,170.47000000000025,0.0016863406408094694,0.001686340640809414,-0.0016863406408094694,0.4049819889780295,0.09899030192448599,0.0,0.7358031515243049,2.9357489636068834
min_veto_gex_cp_iv_stack_equal_core,tilt0.030,4563,31768.849999999977,0.43984220907297833,0.5312294543063774,0.393600701293009,9.878572187737346,1.491205845927168,-12.916064982501938,2.314975743861655,29.900377140632894,593,4761.804999999992,0.4266441821247892,0.5278246205733558,0.37436762225969644,10.844517817097264,3.0730060787840174,-3.9898564684387656,19.011639763537683,75.85371388617847,0,-874.2399999999907,-0.0010957703265395136,-0.0006574621959237748,0.001095770326539569,-0.27002666717131696,-0.027554929529902683,-0.03700127280844079,-0.04495552485192045,-0.49332801962704664,0,170.47000000000025,0.0016863406408094694,0.001686340640809414,-0.0016863406408094694,0.4049819889780295,0.09899030192448599,0.0,0.7358031515243049,2.9357489636068834
min_veto_gex_cp_iv_stack_equal_core,tilt0.040,4563,31484.319999999978,0.4394039009423625,0.5307911461757615,0.3940390094236248,9.775308357328653,1.4742294335414505,-12.964077399761878,2.293877004144327,29.737999027260955,593,4761.804999999992,0.4266441821247892,0.5278246205733558,0.37436762225969644,10.844517817097264,3.0730060787840174,-3.9898564684387656,19.011639763537683,75.85371388617847,0,-1158.7699999999895,-0.0015340784571553634,-0.0010957703265396246,0.0015340784571553634,-0.37329049758001,-0.04453134191562014,-0.08501369006838111,-0.06605426456924857,-0.6557061329989864,0,170.47000000000025,0.0016863406408094694,0.001686340640809414,-0.0016863406408094694,0.4049819889780295,0.09899030192448599,0.0,0.7358031515243049,2.9357489636068834
min_veto_gex_cp_iv_stack_equal_core,tilt0.050,4563,31169.264999999974,0.43918474687705455,0.5305719921104537,0.3942581634889327,9.666673334564559,1.4638456276648344,-13.02581025476018,2.269120693178603,29.557135594494376,593,4551.2349999999915,0.42495784148397975,0.5261382799325464,0.3760539629005059,10.374282317263846,2.8288447684481284,-4.061903596035857,17.782207520496147,72.22961267295915,0,-1473.8249999999935,-0.0017532325224632883,-0.0013149243918474385,0.0017532325224632883,-0.4819255203441042,-0.054915147792236274,-0.1467465450666836,-0.0908105755349724,-0.836569565765565,0,-40.100000000000364,0.0,0.0,0.0,-0.06525351085538844,-0.14517100841140307,-0.07204712759709153,-0.49362909151723144,-0.6883522496124357
min_veto_gex_cp_iv_stack_equal_core,tilt0.075,4563,31416.834999999974,0.43984220907297833,0.5312294543063774,0.3940390094236248,9.733659684411753,1.47685240592777,-12.879063709693497,2.306017992053064,29.699352635350884,593,4390.844999999992,0.42327150084317033,0.524451939291737,0.3777403035413153,9.99492382898082,2.675132858115599,-4.493331984147612,15.464004730906423,69.4849070603918,0,-1226.2549999999937,-0.0010957703265395136,-0.0006574621959237748,0.0015340784571553634,-0.4149391704969094,-0.04190836952930077,0.0,-0.05391327666051149,-0.694352524909057,0,-200.48999999999978,-0.001686340640809414,-0.001686340640809414,0.001686340640809414,-0.44461199913841476,-0.29888291874393236,-0.5034755157088462,-2.811831881106956,-3.43305786217978
min_veto_gex_cp_iv_stack_equal_core,tilt0.100,4563,32004.219999999976,0.44049967126890205,0.5318869165023011,0.393600701293009,9.90288898493424,1.4946098483143297,-12.879063709693497,2.33200326359774,30.03401860308845,593,4065.6249999999927,0.42158516020236086,0.5227655986509275,0.3794266441821248,9.270402638454907,2.4712118759367274,-6.162227196887747,10.379639877637095,63.961699147875905,0,-638.8699999999917,-0.0004383081306157943,0.0,0.001095770326539569,-0.2457098699744229,-0.02415092714274092,0.0,-0.027928005115835486,-0.35968655717148934,0,-525.7099999999991,-0.0033726812816188834,-0.003372681281618828,0.0033726812816188834,-1.1691331896643273,-0.502803900922804,-2.172370728448981,-7.896196734376284,-8.95626577469568
min_veto_gex_cp_iv_stack_equal_core,tilt0.150,4563,31839.39499999997,0.44049967126890205,0.5316677624369932,0.3940390094236248,9.844886597366905,1.4814429111933656,-12.879063709693497,2.324741705722575,29.94049653658257,593,4160.959999999992,0.42327150084317033,0.5227655986509275,0.3777403035413153,9.456477965580888,2.6537043028215956,-6.064510432963001,10.812890824854339,65.57488921781905,0,-803.6949999999961,-0.0004383081306157943,-0.00021915406530792492,0.0015340784571553634,-0.3037122575417577,-0.03731786426370509,0.0,-0.0351895629910004,-0.45320862367736936,0,-430.375,-0.001686340640809414,-0.003372681281618828,0.001686340640809414,-0.983057862538347,-0.3203114740379358,-2.0746539645242352,-7.46294578715904,-7.343075704752536
min_veto_gex_cp_iv_stack_equal_core,tilt0.200,4563,33018.21499999997,0.44225290379136534,0.5334209949594565,0.39250493096646943,10.203868365207095,1.5199144816323407,-12.879063709693497,2.376170826005018,30.602855453233644,593,4367.509999999993,0.42327150084317033,0.521079258010118,0.3794266441821248,9.924909454582293,2.8252880881979814,-5.288807585257568,13.062816495438653,69.08672296590363,0,375.125,0.001314924391847494,0.0015340784571553634,0.0,0.05526951029843197,0.0011537061752699973,0.0,0.01623955729144244,0.20915029297370324,0,-223.8249999999989,-0.001686340640809414,-0.005059021922428353,0.0033726812816188834,-0.5146263735369416,-0.14872768866155006,-1.2989511168188024,-5.213020116574725,-3.8312419566679523
min_veto_gex_cp_iv_stack_equal_core,tilt0.250,4563,32377.189999999973,0.44093797939951784,0.5318869165023011,0.3938198553583169,10.005312113720635,1.497115244296273,-12.879063709693497,2.3483493445910035,30.244540821604502,593,4420.549999999993,0.4266441821247892,0.5227655986509275,0.3794266441821248,10.073291165979647,2.9600479065313183,-4.405865576840749,15.886142310857672,69.99220755620117,0,-265.8999999999942,0.0,0.0,0.0013149243918474385,-0.1432867411880281,-0.021645531160797704,0.0,-0.011581924122571863,-0.14916433865543866,0,-170.78499999999894,0.0016863406408094694,-0.003372681281618828,0.0033726812816188834,-0.3662446621395876,-0.013967870328213117,-0.41600910840198324,-2.389694301155707,-2.9257573663704193
min_veto_gex_cp_iv_stack_equal_core,tilt0.300,4563,32191.754999999976,0.4402805172035941,0.5314486083716853,0.39447731755424065,9.926960793972945,1.49532680008981,-12.879063709693497,2.340237078918569,30.14006243517926,593,4257.219999999994,0.4266441821247892,0.5227655986509275,0.3794266441821248,9.698158424683111,2.9121784869482417,-4.437584912516881,15.145330677739942,67.20869091061783,0,-451.33499999999185,-0.0006574621959237192,-0.00043830813061584983,0.0019723865877712132,-0.22163806093571736,-0.023433975367260773,0.0,-0.019694189795006256,-0.253642725080681,0,-334.11499999999796,0.0016863406408094694,-0.003372681281618828,0.0033726812816188834,-0.7413774034361236,-0.06183728991128978,-0.4477284440781153,-3.1305059342734367,-5.709274011953752
min_veto_gex_cp_iv_stack_equal_core,tilt0.400,4563,32135.30499999998,0.44093797939951784,0.5316677624369932,0.3946964716195485,9.879030900706667,1.4826049330317383,-13.32108808787594,2.2601894464612067,30.108182711597298,593,4544.424999999992,0.42833052276559863,0.5261382799325464,0.3777403035413153,10.332160160788282,3.1424600367893043,-4.415184543628817,16.332906774893218,72.11279754503892,0,-507.78499999998894,0.0,-0.00021915406530792492,0.0021915406530790826,-0.269567954201996,-0.03615584242533232,-0.44202437818244356,-0.09974182225236872,-0.2855224486626433,0,-46.909999999999854,0.0033726812816188834,0.0,0.001686340640809414,-0.1073756673309525,0.16844425992977285,-0.425328075190051,-1.942929837120161,-0.8051673775326691
min_veto_gex_cp_iv_stack_equal_core,tilt0.500,4563,33431.88499999997,0.44291036598728906,0.5338593030900723,0.39119000657462194,10.249133716522422,1.5134989134005046,-14.168372830063229,2.1760985713130725,30.831775873331544,593,4382.124999999992,0.42495784148397975,0.5227655986509275,0.3811129848229342,9.936241622912455,3.2422832831230077,-4.412457912457899,15.713708322636181,69.33607662227158,0,788.7950000000055,0.0019723865877712132,0.0019723865877712132,-0.001314924391847494,0.10053486161375957,-0.005261862056566091,-1.2893091203697313,-0.1838326974005029,0.4380707130716033,0,-209.21000000000004,0.0,-0.003372681281618828,0.005059021922428297,-0.5032942052067799,0.2682675062634763,-0.4226014440191337,-2.5621282893771973,-3.581888300300008
min_veto_gex_cp_iv_stack_equal_core,tilt0.750,4563,33682.96499999997,0.4435678281832128,0.5351742274819198,0.39140916063992987,10.25241425689429,1.5400657899623247,-13.627087413829733,2.2726685826923787,30.969853439013573,593,4472.54499999999,0.42495784148397975,0.521079258010118,0.3844856661045531,9.978399130610722,3.3203143891036633,-4.288974514470864,16.52639948064518,70.88130618845167,0,1039.875,0.0026298487836949325,0.0032873109796186517,-0.001095770326539569,0.10381540198562789,0.021305014505254016,-0.7480237041362354,-0.08726268602119669,0.5761482787536316,0,-118.79000000000178,0.0,-0.005059021922428353,0.00843170320404718,-0.46113669750851294,0.34629861224413183,-0.29911804603209813,-1.7494371313682002,-2.0366587341199107
min_veto_gex_cp_iv_stack_equal_core,tilt1.000,4563,34784.45999999998,0.44532106070567606,0.5364891518737672,0.39119000657462194,10.505734616402894,1.5168067263081402,-13.627087413829733,2.316566052717667,31.568048100294142,593,4815.094999999991,0.42833052276559863,0.5227655986509275,0.3844856661045531,10.649957511599691,3.8827975177316594,-3.8423536484803797,19.981134789765658,76.77458616023432,0,2141.37000000001,0.004383081306158221,0.00460223537146609,-0.001314924391847494,0.35713576149423076,-0.0019540491489304923,-0.7480237041362354,-0.04336521599590837,1.174342940034201,0,223.7599999999993,0.0033726812816188834,-0.003372681281618828,0.00843170320404718,0.21042168348045642,0.9087817408721279,0.14750281995838588,1.7052981777522795,3.8566212376627362
