ground,bull_cut,bear_cut,is_n,is_pnl,is_full_win,is_profitable,is_yield_pct,is_weekly_sharpe,is_max_dd,is_calmar,oot_n,oot_pnl,oot_full_win,oot_profitable,oot_yield_pct,oot_weekly_sharpe,oot_max_dd,oot_calmar
0.005,0.0,0.0,5496.0,37492.96999999997,43.922852983988356,53.220524017467255,9.779783962930845,2.597907167535889,-14.394288943486966,3.204863567254516,549.0,3487.4100000000017,41.712204007285976,51.183970856102,8.307956190033774,3.119094977139531,-7.568032045390938,19.20575687794079
0.005,0.0,0.05,5469.0,37802.674999999974,43.95684768696288,53.300420552203335,9.880773122581417,2.620823455216121,-14.596804665100072,3.1762555003933066,546.0,3298.020000000002,41.39194139194139,50.91575091575091,7.8956591853874265,2.9592632087814006,-7.946665779161788,17.00822039553252
0.005,0.0,0.1,5433.0,37381.39999999997,43.9904288606663,53.28547763666482,9.81176191436106,2.588363392046275,-14.567147918090996,3.1647638223173753,539.0,3168.530000000003,41.37291280148423,51.02040816326531,7.672661706746074,2.8827628141420476,-7.737459233085653,16.58887174793047
0.005,0.0,0.15000000000000002,5372.0,37562.369999999966,44.08041697691735,53.3879374534624,9.93700873639699,2.59807265294792,-14.584562236490939,3.170296395363967,533.0,2929.7700000000027,41.275797373358344,50.84427767354597,7.212728683605689,2.6627975088934033,-7.9385402363024715,14.63222918691171
0.005,0.0,0.2,5294.0,36724.914999999964,44.16320362674726,53.437854174537215,9.844650651074016,2.545879999657656,-14.701114388198544,3.105791837530913,518.0,3047.790000000002,41.312741312741316,51.15830115830116,7.7422044245377775,2.8576252780593205,-7.362884680847248,16.587502909066135
0.005,0.0,0.25,5250.0,36421.07999999997,44.19047619047619,53.46666666666666,9.826159033529592,2.5247253883090877,-15.44802982514012,2.9406319749633663,501.0,3342.8049999999985,41.91616766467065,51.896207584830336,8.775486952428727,3.165878392199889,-7.006716016090397,19.630102206452598
0.005,0.0,0.30000000000000004,5156.0,35554.71999999997,44.200930954228085,53.47168347556245,9.783995041232474,2.4868176416802954,-15.943814112527221,2.8106221512981993,495.0,3371.5249999999983,41.81818181818181,51.91919191919192,8.997545074791283,3.223233507675054,-6.944342890614729,20.02777917233213
0.005,0.0,0.35000000000000003,5075.0,35617.15499999998,44.29556650246305,53.556650246305416,9.961748807501314,2.506682086383359,-17.993155375826642,2.496091195823662,476.0,3359.439999999998,42.016806722689076,52.3109243697479,9.391615411861626,3.4248651965662575,-6.211538998163213,22.28628374466073
0.005,0.0,0.4,4957.0,34221.424999999974,44.13960056485778,53.35888642323986,9.804458195453726,2.439293042115708,-19.32682506715905,2.2723689127606543,465.0,3322.624999999998,42.1505376344086,52.25806451612903,9.545745889019539,3.437059296046279,-6.15408133561226,22.17494001696831
0.005,0.0,0.45,4829.0,34314.87999999997,44.23276040588113,53.468627044936845,10.043051079929553,2.447284934466115,-19.9361936166467,2.2169285873913718,444.0,2997.3599999999997,42.11711711711711,52.02702702702703,8.978693665613935,3.166276359336567,-8.139833567057986,14.689020137154381
0.005,0.0,0.5,4609.0,34996.54499999997,44.521588197005855,53.74267737036234,10.585109140527072,2.488446701617945,-19.622879472834175,2.285290336541389,438.0,3025.1049999999996,42.465753424657535,52.054794520547944,9.152742626246733,3.198157490841783,-8.14827619745534,14.846733243780754
0.005,0.05,0.0,5466.0,37628.72499999997,44.163922429564586,53.42114892060007,9.761081966087033,2.5907386885572192,-14.564470836662924,3.17439097899548,548.0,3569.960000000002,41.78832116788321,51.277372262773724,8.485459277658276,3.146390755487973,-7.52333693904067,19.922332441330983
0.005,0.05,0.05,5439.0,37938.42999999997,44.199301342158485,53.50248207391064,9.861475112105483,2.6135418988514636,-14.763663998148747,3.147204928772889,545.0,3380.5700000000015,41.467889908256886,51.00917431192661,8.074971831938011,2.9886968738045154,-7.899485546318474,17.66763934919927
0.005,0.05,0.1,5403.0,37517.15499999997,44.23468443457338,53.488802517120114,9.792766016504194,2.5813931893491433,-14.735294041110869,3.135566326269164,538.0,3251.0800000000027,41.44981412639405,51.11524163568774,7.854536880020862,2.913044501999215,-7.69077273923342,17.251478347517875
0.005,0.05,0.15000000000000002,5342.0,37698.12499999997,44.327967053538,53.59415949082741,9.9171636258964,2.5894970671050888,-14.751110736039486,3.141390639791897,532.0,3012.3200000000024,41.35338345864661,50.93984962406015,7.398698095185001,2.710163803899089,-7.889403340394052,15.251497603410158
0.005,0.05,0.2,5264.0,36860.66999999998,44.41489361702128,53.64741641337386,9.825066353976146,2.537154367583351,-14.869597383405086,3.0775363759998173,517.0,3130.340000000001,41.3926499032882,51.25725338491296,7.932810061258467,2.9035947873324366,-7.400235964772661,17.077119600068674
0.005,0.05,0.25,5220.0,36556.83499999997,44.44444444444444,53.67816091954023,9.80655459687171,2.516150236282847,-15.605534977265624,2.917593370729911,500.0,3425.3549999999977,42.0,52.0,8.969884736488165,3.2089019352671726,-7.042211400711906,20.16111148229371
0.005,0.05,0.30000000000000004,5126.0,35690.47499999997,44.4596176355833,53.6870854467421,9.764246513603029,2.478064041014967,-16.285466402736915,2.7581215704325976,494.0,3454.074999999998,41.902834008097166,52.0242914979757,9.194595909744777,3.265725672242099,-6.9792075626284085,20.566100309912166
0.005,0.05,0.35000000000000003,5045.0,35752.909999999974,44.5589692765114,53.77601585728444,9.940628278315708,2.4981831556714607,-18.29976878798344,2.460022714633018,475.0,3441.989999999997,42.10526315789473,52.421052631578945,9.596970671996216,3.465089619662937,-6.213293183307078,22.99576221688324
0.005,0.05,0.4,4927.0,34357.17999999997,44.40836208646235,53.58230160340979,9.783778405542645,2.431578669460933,-19.610434634922214,2.2450165380271225,464.0,3405.174999999998,42.241379310344826,52.370689655172406,9.756350183685006,3.4734717502326173,-6.155803213406708,22.887228471684896
0.005,0.05,0.45,4799.0,34450.63499999997,44.50927276515941,53.69868722650553,10.020453564779721,2.440695543561343,-20.212204745186725,2.192021865359576,443.0,3079.9099999999985,42.21218961625282,52.144469525959366,9.199863312322377,3.2050741704686967,-8.179622175516709,15.132287194079986
0.005,0.05,0.5,4579.0,35132.299999999974,44.81327800829876,53.985586372570424,10.558298473143985,2.4814952630927505,-20.289535486737307,2.2155017651695137,437.0,3107.6549999999984,42.5629290617849,52.17391304347826,9.375627901925107,3.236505449219311,-8.18814758830545,15.29081289189815
0.005,0.1,0.0,5412.0,38559.299999999974,44.43828529194383,53.62158167036216,9.950103556756945,2.6328547432263605,-15.148398154100096,3.097613906111233,542.0,3157.8099999999995,41.88191881918819,51.291512915129154,7.442969353061452,2.748188907649377,-8.58496718780517,14.88631031418366
0.005,0.1,0.05,5385.0,38869.004999999976,44.475394614670385,53.70473537604457,10.050353118512799,2.655710284096666,-15.345042401832742,3.0727510119735286,539.0,2968.4199999999996,41.55844155844156,51.02040816326531,7.030831804043765,2.5917834608374175,-8.97829559836042,13.154253946379919
0.005,0.1,0.1,5349.0,38447.729999999974,44.51299308281922,53.692278930641244,9.982791973984522,2.622955293247316,-15.319809272010298,3.061147444571099,532.0,2838.9300000000003,41.54135338345865,51.127819548872175,6.800425234679143,2.5068458227565396,-8.781278700159223,12.712785548010007
0.005,0.1,0.15000000000000002,5288.0,38628.69999999997,44.61043872919818,53.80105900151286,10.108011254470478,2.6310870054563393,-15.330876597488663,3.0676481310061585,526.0,2600.17,41.44486692015209,50.950570342205324,6.331155233672531,2.3060315031944283,-9.015234488605106,11.09740373316925
0.005,0.1,0.2,5210.0,37791.24499999997,44.702495201535505,53.85796545105567,10.018919200224426,2.578817093954334,-15.461270175975084,3.005097211487442,511.0,2718.189999999999,41.48727984344423,51.2720156555773,6.826892358634433,2.4801201219657605,-7.796223467208463,13.560375894106949
0.005,0.1,0.25,5166.0,37487.409999999974,44.73480449090205,53.89082462253194,10.00174382272942,2.5582552090418447,-16.192760178987832,2.85528343969279,494.0,3013.204999999996,42.10526315789473,52.0242914979757,7.817870285111009,2.7818738680002277,-7.639303867693359,15.756694047765459
0.005,0.1,0.30000000000000004,5072.0,36621.049999999974,44.75552050473186,53.90378548895899,9.963523449250058,2.5216842994693573,-16.8634453055058,2.706003052160101,488.0,3041.9249999999956,42.00819672131148,52.04918032786885,8.021613533813557,2.821001502965486,-7.782208115892986,15.655255951368018
0.005,0.1,0.35000000000000003,4991.0,36683.48499999998,44.86074934882789,53.99719495091164,10.142142951204304,2.541309071300377,-18.864884213433108,2.424255914139469,469.0,3029.839999999995,42.217484008528785,52.45202558635395,8.364956655916794,2.9563011798449508,-6.3179418119258095,19.186052503373887
0.005,0.1,0.4,4873.0,35287.754999999976,44.71578083316232,53.806689924071414,9.991043729296775,2.4749411492450997,-20.166681168357105,2.2194989477301945,458.0,2993.024999999996,42.35807860262008,52.40174672489083,8.489071369151251,2.950235337667524,-6.483796955910814,18.40689306205122
0.005,0.1,0.45,4745.0,35381.20999999998,44.82613277133825,53.9304531085353,10.230742190094505,2.4855744495329013,-20.770182440194173,2.1686153397849752,437.0,2667.759999999996,42.33409610983982,52.17391304347826,7.885075619889783,2.684139690383699,-9.445132737659845,10.934971780562083
0.005,0.1,0.5,4525.0,36062.87499999998,45.14917127071823,54.232044198895025,10.772272743552312,2.5251318806914806,-20.849390066180817,2.191050952261859,431.0,2695.504999999996,42.69141531322506,52.204176334106734,8.045959341936955,2.7155501546713405,-9.289078237869585,11.262783532228843
0.005,0.15000000000000002,0.0,5338.0,38339.66999999997,44.473585612588984,53.727988010490826,9.91489461183163,2.5976150453363114,-15.682710846470583,2.988696594658545,535.0,2290.330000000001,41.495327102803735,50.8411214953271,5.411649010850567,1.987308406335438,-9.777431259095803,8.759780600629718
0.005,0.15000000000000002,0.05,5311.0,38649.37499999997,44.511391451704014,53.81284127282998,10.015290603085198,2.620627684273878,-15.878126895504497,2.9663361785812774,532.0,2100.9400000000014,41.16541353383459,50.56390977443609,4.988518481671008,1.8297951412680433,-10.20187608052392,7.566979859216899
0.005,0.15000000000000002,0.1,5275.0,38228.09999999997,44.54976303317535,53.800947867298575,9.947435740807881,2.587562263890532,-15.855612775300532,2.954329246166585,525.0,1971.4500000000016,41.14285714285714,50.66666666666667,4.734302022749724,1.7373979522332372,-10.014354484515508,7.146698486911512
0.005,0.15000000000000002,0.15000000000000002,5214.0,38409.06999999997,44.64902186421173,53.912543153049484,10.072654153562517,2.5946388133967853,-16.23933277822348,2.8927948914049204,519.0,1732.6900000000016,41.040462427745666,50.481695568400774,4.229693169104977,1.5346192888791177,-10.29834305087427,5.97256610429781
0.005,0.15000000000000002,0.2,5136.0,37571.614999999976,44.742990654205606,53.97196261682243,9.982897483583656,2.542914071005957,-16.004398153985868,2.8995875367062207,504.0,1850.7100000000003,41.07142857142857,50.79365079365079,4.660400958012299,1.6898905659134107,-9.002006100926408,7.379530022510741
0.005,0.15000000000000002,0.25,5092.0,37267.77999999997,44.776119402985074,54.0062843676355,9.96545335459494,2.5219758104156784,-16.735975773718625,2.759148632350636,487.0,2145.724999999997,41.68377823408625,51.54004106776181,5.582301368437476,1.9813151545840197,-8.833185603833337,8.963026681589474
0.005,0.15000000000000002,0.30000000000000004,4998.0,36401.41999999997,44.79791916766707,54.021608643457384,9.926427318207566,2.484881897101631,-17.401952405200195,2.6187061277717136,481.0,2174.4449999999974,41.58004158004158,51.559251559251564,5.749901896180237,2.012527293657147,-9.163111653489631,8.779343710479068
0.005,0.15000000000000002,0.35000000000000003,4917.0,36463.854999999974,44.905430140329464,54.11836485661989,10.10485995427022,2.5015792018511536,-19.402861163863594,2.353863704731543,462.0,2162.359999999997,41.77489177489178,51.94805194805194,5.9872466849964345,2.1014735794209116,-7.425371539773917,10.761653923440996
0.005,0.15000000000000002,0.4,4799.0,35068.12499999997,44.759324859345696,53.92790164617629,9.95250158022502,2.4364191152147416,-20.70380856731987,2.1586145551616487,451.0,2125.5449999999973,41.90687361419069,51.88470066518847,6.046577718000747,2.0892582607650056,-7.784803828210906,10.055549911733912
0.005,0.15000000000000002,0.45,4671.0,35161.57999999997,44.87261828302291,54.05694712053094,10.191960545087696,2.4475305252537565,-21.31255215884076,2.1102428574422643,430.0,1800.279999999998,41.86046511627907,51.627906976744185,5.337563188401494,1.8103128660728112,-11.651526472289719,5.519868713382341
0.005,0.15000000000000002,0.5,4451.0,35843.244999999966,45.20332509548416,54.369804538306,10.733567531909324,2.4851738808188344,-21.39404858474514,2.132256975045577,424.0,1828.0249999999976,42.21698113207547,51.65094339622641,5.473649886426307,1.8447249006817208,-11.060558665676101,5.91983142971696
0.005,0.2,0.0,5245.0,40073.67499999998,44.84270734032412,53.93708293612964,10.442868623040026,2.7163760913384367,-16.292881690378845,2.9580678763581387,530.0,2290.9149999999995,41.69811320754717,50.56603773584906,5.405391057155342,1.9809030388099498,-11.25516302466718,7.612032220644678
0.005,0.2,0.05,5218.0,40383.37999999998,44.88309697201993,54.024530471445,10.545117627495936,2.7400101073646,-16.48267115941876,2.9375545951811333,527.0,2101.524999999999,41.36622390891841,50.284629981024665,4.982830009865955,1.823891372480346,-11.681027714152926,6.610984316372148
0.005,0.2,0.1,5182.0,39962.10499999998,44.92473948282517,54.01389424932459,10.478965227847139,2.7065772972692743,-16.463666956235066,2.9259092763223387,520.0,1972.0350000000003,41.34615384615385,50.38461538461539,4.728913604137967,1.7361580184688095,-11.52260702147122,6.213413772423392
0.005,0.2,0.15000000000000002,5121.0,40143.07499999997,45.03026752587385,54.13005272407732,10.609345789946543,2.7122158266436243,-17.993094894863248,2.6844852538386346,514.0,1733.2749999999999,41.245136186770424,50.19455252918288,4.224951632832196,1.5324294435354793,-11.84372019116493,5.19530126329207
0.005,0.2,0.2,5043.0,39305.61999999998,45.131865952805875,54.19393218322427,10.526010498475388,2.6608414313714546,-17.635666142371186,2.707517342624307,499.0,1851.2949999999992,41.28256513026052,50.50100200400801,4.654862147769704,1.7048240703555302,-10.575301603436671,6.284002584067663
0.005,0.2,0.25,4999.0,39001.784999999974,45.169033806761355,54.23084616923385,10.511926528554172,2.6376993396068285,-18.227290762409922,2.607386721910279,482.0,2146.3099999999968,41.90871369294606,51.244813278008294,5.575146852471119,1.994660904514132,-10.069789832812347,7.8649078414818545
0.005,0.2,0.30000000000000004,4905.0,38135.42499999998,45.198776758409785,54.25076452599389,10.483487214054282,2.603071560507919,-18.17841465171601,2.5820754905351175,476.0,2175.029999999996,41.806722689075634,51.26050420168067,5.742365399491502,2.03082189578004,-10.033676884717313,8.020202458281501
0.005,0.2,0.35000000000000003,4824.0,38197.85999999998,45.3150912106136,54.353233830845774,10.672505245257426,2.6231790056981628,-19.756836348338258,2.380936441418109,457.0,2162.9449999999956,42.01312910284464,51.64113785557986,5.978963354629255,2.146233273229863,-8.72155936188772,9.165246394888701
0.005,0.2,0.4,4706.0,36802.12999999998,45.17637059073523,54.16489587760306,10.532671026940092,2.55948822362737,-21.031724102378067,2.191549771640382,446.0,2126.129999999996,42.152466367713004,51.569506726457405,6.037967005067481,2.154133794137565,-8.714082342930196,8.986177221262249
0.005,0.2,0.45,4578.0,36895.58499999998,45.30362603757099,54.30318916557448,10.786678606132373,2.572556774435478,-21.631563169443435,2.146659508008874,425.0,1800.8649999999966,42.11764705882353,51.294117647058826,5.329844751085572,1.8544208618382894,-10.197726499125427,6.309184251440642
0.005,0.2,0.5,4358.0,37577.24999999997,45.663148233134464,54.63515374024782,11.352973118041273,2.610633183499113,-21.520575964321655,2.187171787078202,419.0,1828.6099999999965,42.482100238663485,51.3126491646778,5.465611609534001,1.8899884577583175,-9.59574771641024,6.826064919718226
0.005,0.25,0.0,5127.0,38407.959999999985,44.763019309537746,53.77413692217671,10.132602206544739,2.602113254361584,-16.45445764561235,2.8582616344108374,520.0,1575.0300000000007,41.15384615384615,49.23076923076923,3.765308376468205,1.3481650884979024,-10.848715942339538,5.0774469125211
0.005,0.25,0.05,5100.0,38717.66499999999,44.80392156862745,53.86274509803921,10.235475606758813,2.625554721039605,-16.642938205611614,2.839673733434248,517.0,1385.6400000000006,40.81237911025145,48.93617021276596,3.3289984246815445,1.1934095163418676,-11.297468237716291,4.212911801054644
0.005,0.25,0.1,5064.0,38296.389999999985,44.84597156398104,53.85071090047393,10.167182286090059,2.5926057931550965,-16.668307244909798,2.8199125390680195,510.0,1256.1500000000012,40.78431372549019,49.01960784313725,3.0526383577989153,1.1030349331974298,-11.122307269428166,3.8316193712646354
0.005,0.25,0.15000000000000002,5003.0,38477.359999999986,44.95302818309014,53.96761942834299,10.296711757120079,2.5975610834567853,-18.671680691786285,2.5245582108013362,504.0,1017.390000000001,40.67460317460318,48.80952380952381,2.513766676969903,0.8993753174209883,-11.451611308881482,2.9456339877396176
0.005,0.25,0.2,4925.0,37639.904999999984,45.05583756345178,54.03045685279187,10.208110928708013,2.5446570341463954,-18.330412506140405,2.5403766670942454,489.0,1135.4099999999999,40.695296523517385,49.079754601226995,2.895035366597134,1.0536105172730468,-10.102260251369133,3.769071346737433
0.005,0.25,0.25,4881.0,37336.06999999998,45.09321860274534,54.06678959229666,10.191772626717821,2.518610333916841,-18.91898258755206,2.4492161592057196,472.0,1430.4249999999968,41.313559322033896,49.78813559322034,3.7696510445682736,1.345217712357304,-9.582314186162987,5.149463645783376
0.005,0.25,0.30000000000000004,4787.0,36469.70999999999,45.122205974514316,54.083977438897016,10.156491134164915,2.4827106157571035,-18.865862278261424,2.4239288894691366,466.0,1459.144999999997,41.201716738197426,49.78540772532189,3.9093071917138347,1.3745473077261776,-9.538020705708128,5.291698468173345
0.005,0.25,0.35000000000000003,4706.0,36532.14499999998,45.24011899702508,54.186145346366345,10.342595561047624,2.50121303223669,-19.902385135189093,2.302788902935703,447.0,1447.0599999999968,41.387024608501115,50.11185682326622,4.0620459511474225,1.4601470380681356,-8.133651641718853,6.146902029438155
0.005,0.25,0.4,4588.0,35136.414999999986,45.09590235396687,53.988666085440286,10.1927248139239,2.4346886727116432,-21.170645854010406,2.118489500279628,436.0,1410.2449999999972,41.51376146788991,50.0,4.068717059215219,1.4543071274670332,-8.385405934970047,5.7903208869506395
0.005,0.25,0.45,4460.0,35229.86999999998,45.224215246636774,54.12556053811659,10.44284464493515,2.45146024687554,-21.768768983131693,2.0782263296333334,415.0,1084.979999999997,41.445783132530124,49.63855421686747,3.2644408285875124,1.1417579768296438,-11.61536839886158,3.117306779010893
0.005,0.25,0.5,4240.0,35911.53499999999,45.589622641509436,54.45754716981131,11.005625040683212,2.4948715526308107,-21.659238596304952,2.1210831945436324,409.0,1112.7249999999972,41.80929095354523,49.63325183374083,3.3816659291820157,1.1752992309680543,-11.628821156550329,3.201871719594567
0.005,0.30000000000000004,0.0,4950.0,36709.204999999994,44.86868686868687,53.73737373737374,9.982944866626491,2.5133490879986673,-17.014932434934927,2.717453919031425,506.0,-28.139999999999645,39.130434782608695,47.233201581027664,-0.06940689905563119,-0.02423272333191381,-13.101083005957115,-0.06425626408977968
0.005,0.30000000000000004,0.05,4923.0,37018.90999999999,44.911639244363194,53.82896607759496,10.088676133223062,2.537995287272606,-16.951172067326393,2.741744666537892,503.0,-217.52999999999963,38.767395626242546,46.91848906560636,-0.539284093114948,-0.18836924984749487,-13.622921628934204,-0.4686932515629532
0.005,0.30000000000000004,0.1,4887.0,36597.63499999999,44.95600572948639,53.81624718641294,10.017620106914618,2.50506473728268,-18.31142058497638,2.523311437916221,496.0,-347.0199999999986,38.70967741935484,46.975806451612904,-0.8705287316876487,-0.3061118333755668,-13.473707673301949,-0.7461576662759659
0.005,0.30000000000000004,0.15000000000000002,4826.0,36778.60499999999,45.06837961044343,53.937007874015755,10.149970817037131,2.5086302534143856,-20.30873610914181,2.282040513782288,490.0,-585.7799999999987,38.57142857142858,46.73469387755102,-1.4948626060034862,-0.5208586115749806,-16.422654329706244,-1.0086119693093432
0.005,0.30000000000000004,0.2,4748.0,35941.14999999999,45.176916596461666,54.001684919966294,10.056523464190796,2.456923812653752,-20.29412278520194,2.254252162177825,475.0,-467.7599999999997,38.526315789473685,46.94736842105263,-1.2331316339547753,-0.4384536861538356,-14.704621673455732,-0.9103693115017545
0.005,0.30000000000000004,0.25,4704.0,35637.31499999999,45.21683673469388,54.03911564625851,10.038642954905063,2.431452841638733,-20.88230531826678,2.18189031142342,458.0,-172.74500000000262,39.082969432314414,47.59825327510917,-0.47121739913201455,-0.1647683024222594,-12.643908037568263,-0.4028298027236603
0.005,0.30000000000000004,0.30000000000000004,4610.0,34770.95499999999,45.24945770065076,54.05639913232104,9.999015654571876,2.393687525107391,-20.81646254680518,2.158260944822016,452.0,-144.02500000000248,38.93805309734513,47.56637168141593,-0.39964338019634205,-0.139549323086687,-12.044087976045503,-0.35776960465255137
0.005,0.30000000000000004,0.35000000000000003,4529.0,34833.38999999999,45.374254802384634,54.16206668138662,10.188591695464988,2.4138314646042027,-21.133696530653257,2.1307355104411005,433.0,-156.11000000000342,39.03002309468822,47.80600461893764,-0.45463547036177293,-0.1618624603650846,-12.496449369685392,-0.3732902208798457
0.005,0.30000000000000004,0.4,4411.0,33437.65999999999,45.227839492178646,53.95601904330084,10.029699466499025,2.3466969948799616,-21.786106613544153,2.0197018683471653,422.0,-192.92500000000297,39.09952606635071,47.6303317535545,-0.5780669835585464,-0.20513475117809699,-12.897778072121612,-0.44528604991712784
0.005,0.30000000000000004,0.45,4283.0,33531.11499999999,45.365398085454125,54.09759514359094,10.284833485249145,2.3623369820308424,-21.393366175884452,2.07501308399004,401.0,-518.1900000000024,38.90274314214464,47.13216957605985,-1.6218880869363892,-0.5653843879787456,-17.546552855839114,-0.8501865601125037
0.005,0.30000000000000004,0.5,4063.0,34212.779999999984,45.75436869308393,54.44253015013537,10.8623183015318,2.4083494032567834,-20.39834813002177,2.2116249598003863,395.0,-490.4450000000021,39.24050632911392,47.08860759493671,-1.5511516813776471,-0.5370385468183193,-16.563911555993037,-0.8548528278168512
0.005,0.35000000000000003,0.0,4758.0,34762.395,45.08196721311475,53.635981504833964,9.821511969015885,2.4694378082889865,-19.363712607459206,2.319828807082765,492.0,-658.23,38.41463414634146,46.54471544715447,-1.6881246026407097,-0.604902468445379,-15.34807838466634,-1.2037740656783409
0.005,0.35000000000000003,0.05,4731.0,35072.09999999999,45.127879940815895,53.73071232297612,9.93100980684422,2.4951252694058823,-19.29414473301707,2.3410244099196396,489.0,-847.6200000000001,38.036809815950924,46.216768916155424,-2.185428004789471,-0.7820022545410902,-16.49091547870054,-1.4149680843984622
0.005,0.35000000000000003,0.1,4695.0,34650.825,45.17571884984026,53.71671991480298,9.856450264469427,2.459340709649099,-20.67315706705092,2.1711128011743672,482.0,-977.109999999999,37.96680497925311,46.2655601659751,-2.5504419050204343,-0.917891030129795,-17.72805597992273,-1.4971950201456494
0.005,0.35000000000000003,0.15000000000000002,4634.0,34831.79499999999,45.29564091497627,53.84117393180837,9.992654070795465,2.461653038752327,-22.662197967756704,1.9869669844574893,476.0,-1215.8700000000001,37.81512605042017,46.008403361344534,-3.2307341565500574,-1.1393288776857338,-20.75784333275472,-1.5522242277760232
0.005,0.35000000000000003,0.2,4556.0,33994.34,45.4126426690079,53.906935908691835,9.893188738349629,2.4114391419845935,-22.688918445856,1.9571292906645976,461.0,-1097.8500000000008,37.744034707158356,46.20390455531454,-3.017649891591648,-1.0879822940641437,-19.055292781023603,-1.5456071730506928
0.005,0.35000000000000003,0.25,4512.0,33690.50499999999,45.45656028368794,53.945035460992905,9.87344218671926,2.387611682964549,-23.27985929650225,1.89902757332675,444.0,-802.8350000000039,38.288288288288285,46.846846846846844,-2.2867860122475117,-0.805174624865301,-16.955188455421922,-1.3095203393293753
0.005,0.35000000000000003,0.30000000000000004,4418.0,32824.14499999999,45.495699411498414,53.9610683567225,9.828590015581225,2.3489957761436706,-24.27964197353981,1.7955832081949745,438.0,-774.1150000000036,38.12785388127854,46.80365296803653,-2.2446801878408125,-0.789690291353356,-16.4700223062377,-1.3175717753615683
0.005,0.35000000000000003,0.35000000000000003,4337.0,32886.579999999994,45.630620244408576,54.06963338713396,10.02308413996972,2.371223032535813,-25.664471912996667,1.7027270430871364,419.0,-786.2000000000044,38.18615751789976,47.01670644391408,-2.3979988818285682,-0.852338932028784,-17.28582194075208,-1.2733801613058424
0.005,0.35000000000000003,0.4,4219.0,31490.84999999999,45.484712017065654,53.85162360748993,9.852940771563619,2.30449892468581,-26.933125841430783,1.5843225797035079,408.0,-823.0150000000035,38.23529411764706,46.81372549019608,-2.586273267000677,-0.9162060802621476,-17.74951786275857,-1.2932004630168814
0.005,0.35000000000000003,0.45,4091.0,31584.304999999993,45.63676362747495,53.996577853825464,10.115165219335136,2.3206228461928524,-26.586373209868018,1.6194469129328513,387.0,-1148.2800000000027,37.98449612403101,46.253229974160206,-3.7774766621696796,-1.3114793147629604,-22.625406635401045,-1.3678984844759745
0.005,0.35000000000000003,0.5,3871.0,32265.96999999999,46.06044949625419,54.352880392663394,10.7128380032853,2.3687927172748258,-25.347757627651635,1.7278433993959783,381.0,-1120.5350000000035,38.320209973753286,46.194225721784775,-3.7268691053365686,-1.2854575090933404,-22.076254885453217,-1.372064039729293
0.005,0.4,0.0,4577.0,32617.365000000005,44.789163207341055,53.244483285995194,9.595681171005381,2.367778507435538,-16.675527532232927,2.5979050479853476,468.0,-223.469999999996,38.675213675213676,46.58119658119658,-0.596668460917364,-0.19221167279959028,-12.631195123080285,-0.5189848938838061
0.005,0.4,0.05,4550.0,32927.07000000001,44.83516483516484,53.340659340659336,9.709185063567947,2.3933587681826527,-16.610429208599797,2.6236119865108813,465.0,-412.8599999999962,38.27956989247312,46.236559139784944,-1.108460583280186,-0.3562145589721045,-12.936963381384537,-0.9184131429580126
0.005,0.4,0.1,4514.0,32505.795000000006,44.882587505538325,53.32299512627382,9.630474359700221,2.3579927812628623,-18.015076740609693,2.4023736825122413,458.0,-542.3499999999952,38.209606986899566,46.288209606986904,-1.4748765180132781,-0.47740447976450456,-13.01761263714506,-1.1833216071039088
0.005,0.4,0.15000000000000002,4453.0,32686.765000000007,45.003368515607455,53.44711430496295,9.770374375089244,2.360617499069438,-20.082007421067395,2.1626476321873063,452.0,-781.1099999999956,38.05309734513274,46.017699115044245,-2.1640003712358573,-0.6969036036142069,-15.520791261310961,-1.3949391641724402
0.005,0.4,0.2,4375.0,31849.310000000005,45.12,53.50857142857143,9.663331344393605,2.3123232892506107,-19.841192531435215,2.1584468572657367,437.0,-663.0899999999972,37.986270022883296,46.224256292906176,-1.9031270476288251,-0.61829275176892,-14.449738440262138,-1.2874136322454144
0.005,0.4,0.25,4331.0,31545.475000000002,45.16277995843916,53.54421611637036,9.641059396038976,2.2880983470078657,-20.767078739371325,2.0521547574430326,420.0,-368.0749999999998,38.57142857142858,46.904761904761905,-1.0964814288531526,-0.3471886756683827,-12.462051722521794,-0.8538561122127024
0.005,0.4,0.30000000000000004,4237.0,30679.115,45.197073400991265,53.55204153882463,9.588969828630038,2.2477099451271747,-22.177723591452438,1.8923703289375615,414.0,-339.3549999999998,38.405797101449274,46.85990338164252,-1.0299770971190196,-0.3251712316108323,-12.94788551092263,-0.7685820557113228
0.005,0.4,0.35000000000000003,4156.0,30741.550000000003,45.33205004812319,53.657362848893165,9.787679512003391,2.2713906898011116,-23.414347565825476,1.7968594641751452,395.0,-351.44000000000085,38.48101265822785,47.08860759493671,-1.1247217318615286,-0.3512316569224557,-15.147986768175038,-0.6795020162846651
0.005,0.4,0.4,4038.0,29345.82,45.17087667161962,53.417533432392275,9.603180005262049,2.2040561792442457,-24.514311403561862,1.6757637474515494,384.0,-388.25500000000045,38.54166666666667,46.875,-1.2820635591541312,-0.3996711356036001,-15.085815365492184,-0.7509228527438983
0.005,0.4,0.45,3910.0,29439.275000000005,45.31969309462915,53.55498721227622,9.87157052138299,2.224407512427768,-24.132877620174277,1.7219722969206768,363.0,-713.5199999999996,38.29201101928375,46.28099173553719,-2.472414380974689,-0.7469174750546398,-19.592525772128035,-1.0273604190632053
0.005,0.4,0.5,3690.0,30120.940000000002,45.74525745257453,53.90243902439025,10.489052114928425,2.275310216365185,-22.738550722730878,1.863526987580047,357.0,-685.7749999999997,38.655462184873954,46.21848739495798,-2.4039034533622914,-0.7203273427056556,-19.572235227274813,-0.9912952801817692
0.005,0.45,0.0,4321.0,29426.8,44.75815783383476,53.11270539227031,9.202288132113571,2.235894142226259,-16.12296972856133,2.5434570335953923,439.0,-564.094999999998,38.26879271070615,45.78587699316628,-1.619717137052077,-0.49933994884772287,-14.075647577042371,-1.1357339040416026
0.005,0.45,0.05,4294.0,29736.504999999997,44.8067070330694,53.21378667908709,9.321991497933888,2.262335980865457,-16.053459068084884,2.5717030429227927,436.0,-753.4849999999981,37.84403669724771,45.412844036697244,-2.1764411085483646,-0.6697671689778157,-15.21804864778269,-1.376267738376219
0.005,0.45,0.1,4258.0,29315.230000000003,44.85674025364021,53.19398778769375,9.236331077667689,2.224937613633508,-17.762425567554587,2.3057723896405715,429.0,-882.9749999999966,37.76223776223776,45.45454545454545,-2.5858531961083906,-0.8013838001484989,-16.447896316767483,-1.4724774325476044
0.005,0.45,0.15000000000000002,4197.0,29496.2,44.984512747200384,53.32380271622588,9.381455949089599,2.228925568077609,-19.77391229954697,2.079432803124285,423.0,-1121.7349999999967,37.5886524822695,45.15366430260047,-3.351519071870009,-1.029144403483035,-19.472403125083627,-1.5415831473730282
0.005,0.45,0.2,4119.0,28658.745,45.108035931051226,53.386744355426075,9.261211832546728,2.1760764360683353,-19.413866637850894,2.0839297274103727,408.0,-1003.7149999999983,37.5,45.34313725490196,-3.1155859849459513,-0.97021842559766,-18.3911774555784,-1.4784391759306466
0.005,0.45,0.25,4075.0,28354.909999999996,45.15337423312884,53.42331288343558,9.234349047647536,2.152820940665703,-20.080236913648818,2.0056331458173293,391.0,-708.7000000000016,38.107416879795394,46.03580562659847,-2.290374351943963,-0.6933420756051815,-16.684330181985484,-1.1861325911733593
0.005,0.45,0.30000000000000004,3981.0,27488.549999999996,45.18965084149711,53.428786737000756,9.168914625763964,2.1134949940327696,-21.495350820764703,1.8404916216876437,385.0,-679.9800000000016,37.922077922077925,45.97402597402597,-2.2425582801974353,-0.6741655752284309,-16.595284284168677,-1.159939095850688
0.005,0.45,0.35000000000000003,3900.0,27550.984999999997,45.33333333333333,53.53846153846153,9.372868641646026,2.1385800712550975,-22.462728786683538,1.768000651107607,366.0,-692.0650000000015,37.97814207650273,46.17486338797814,-2.4180626289279403,-0.7115356180384628,-17.295194305672233,-1.1313550015855613
0.005,0.45,0.4,3782.0,26155.254999999997,45.16129032258064,53.278688524590166,9.162999429836121,2.072237836506602,-23.494955759283197,1.6452616408117358,355.0,-728.8800000000012,38.028169014084504,45.91549295774648,-2.635388720559421,-0.7666301727794779,-17.25107937036805,-1.190013167842935
0.005,0.45,0.45,3654.0,26248.71,45.320197044334975,53.420908593322395,9.439175387634743,2.094944277090482,-23.064994324250243,1.6979603976868924,334.0,-1054.1450000000013,37.72455089820359,45.209580838323355,-4.018386736725905,-1.1392046301532508,-22.054871928798057,-1.3010956159831701
0.005,0.45,0.5,3434.0,26930.374999999993,45.77751892836343,53.78567268491555,10.085324854538158,2.1502837042086678,-21.82978575795158,1.8355882026222365,328.0,-1026.400000000001,38.109756097560975,45.1219512195122,-3.9627262815543314,-1.114285658385177,-21.51301434733727,-1.3025577001530266
0.005,0.5,0.0,4084.0,27509.635000000002,44.58863858961802,53.08521057786484,9.138608452172253,2.159715269123855,-15.250998890425416,2.5984172365758207,408.0,395.3500000000024,39.705882352941174,46.568627450980394,1.235582269120983,0.3525314770286432,-14.143200286644376,0.8721918662068523
0.005,0.5,0.05,4057.0,27819.340000000004,44.638895735765345,53.19201380330293,9.265621152069771,2.186588318700345,-15.183745563775354,2.6290396507272313,405.0,205.96000000000208,39.25925925925926,46.17283950617284,0.6478695579004387,0.18395476879999292,-14.143200286644376,0.44593388408864554
0.005,0.5,0.1,4021.0,27398.064999999995,44.6903755284755,53.17085302163641,9.174279931402344,2.1482604505407905,-16.803023290402063,2.3549387070291377,398.0,76.4700000000031,39.19597989949749,46.231155778894475,0.2441830501135756,0.06942312076611531,-14.505616070975991,0.1593650134163162
0.005,0.5,0.15000000000000002,3960.0,27579.034999999996,44.823232323232325,53.3080808080808,9.327982915461941,2.1536817787744087,-18.82432498545873,2.1111243417510903,392.0,-162.28999999999672,39.03061224489796,45.91836734693878,-0.5296714235592547,-0.14959361214531658,-16.532368994980263,-0.2897414949588917
0.005,0.5,0.2,3882.0,26741.579999999998,44.951056156620304,53.374549201442555,9.199070432783468,2.1017781984175623,-18.440964949410365,2.121957629789205,377.0,-44.26999999999816,38.9920424403183,46.15384615384615,-0.15064879026672753,-0.04279757295302184,-14.930518550162496,-0.08855882486853177
0.005,0.5,0.25,3838.0,26437.744999999995,44.997394476289735,53.413236060448156,9.169945444576339,2.0827679713187184,-19.108423333058045,2.0397383087543264,360.0,250.7449999999984,39.72222222222222,46.94444444444444,0.8919234058174073,0.2448976252786713,-13.586262799841597,0.5676723458921403
0.005,0.5,0.30000000000000004,3744.0,25571.384999999995,45.032051282051285,53.41880341880342,9.098482446786367,2.0477237612499586,-19.165843907708634,2.0011734693068908,354.0,279.46499999999855,39.548022598870055,46.89265536723164,1.016535040113599,0.27917034305537575,-12.82314739773306,0.6806989164822317
0.005,0.5,0.35000000000000003,3663.0,25633.82,45.18154518154518,53.535353535353536,9.314833818949158,2.0795679151153603,-20.0990655811194,1.9159024498927784,335.0,267.3799999999983,39.701492537313435,47.16417910447761,1.0367206468628063,0.27784295716028734,-15.235925632666437,0.5474605101661956
0.005,0.5,0.4,3545.0,24238.089999999997,44.99294781382229,53.258110014104375,9.088359691028412,2.010327809113461,-21.324511853807305,1.7562752580696288,324.0,230.5649999999989,39.81481481481482,46.913580246913575,0.9286603269734968,0.24595111725927812,-15.217686437285815,0.4708938237617218
0.005,0.5,0.45,3417.0,24331.545,45.15657009072286,53.40942347088089,9.382385194834471,2.0349188027728142,-20.86775941444442,1.818966064964457,303.0,-94.7000000000005,39.603960396039604,46.2046204620462,-0.4046430979509784,-0.1042621316582648,-19.787197918712153,-0.1439111838419982
0.005,0.5,0.5,3197.0,25013.209999999995,45.63653425086018,53.800437910541135,10.074804584547392,2.1000500887873184,-19.797266398143964,1.9747223243473224,297.0,-66.95500000000084,40.06734006734007,46.12794612794613,-0.29020451931070773,-0.07406922592393582,-19.620848961708013,-0.10290205670193053
0.0075,0.0,0.0,4409.0,30139.879999999965,43.70605579496484,53.11862100249489,9.766301265995043,2.312410889744375,-15.26463629223983,2.744196461015256,447.0,3517.2850000000008,41.83445190156599,52.57270693512305,10.360588181579857,3.8627668769013455,-5.742945133497523,25.59379630105788
0.0075,0.0,0.05,4391.0,30197.889999999967,43.72580277841038,53.176952858118874,9.801665029749959,2.317892005716994,-15.496533901151743,2.7064604369449388,446.0,3403.6150000000007,41.70403587443946,52.46636771300448,10.06579587486363,3.784284656866631,-5.742945133497523,24.517940200699186
0.0075,0.0,0.1,4360.0,30202.75999999997,43.80733944954128,53.23394495412844,9.854468349932288,2.3196714519551396,-15.57166175849739,2.7000751853784593,441.0,3327.9500000000007,41.950113378684804,52.60770975056689,9.95548681805536,3.747003777761823,-5.723893185475459,23.891089054289687
0.0075,0.0,0.15000000000000002,4317.0,30807.499999999964,43.94255269863331,53.39356034283067,10.119382268825438,2.3699410111256327,-15.680527288658986,2.718742875998517,437.0,2878.5200000000004,41.64759725400457,52.17391304347826,8.733519521715323,3.2596618227438827,-5.787448538076811,19.628397177511754
0.0075,0.0,0.2,4261.0,30644.94999999996,44.07416099507158,53.48509739497771,10.179044182039794,2.3611070704764425,-15.75135824454279,2.7038299523795235,429.0,2821.3400000000006,41.49184149184149,52.21445221445221,8.7545765154282,3.223613382851078,-5.8847240462845285,18.82260790815724
0.0075,0.0,0.25,4226.0,30486.44999999996,44.08424041646947,53.52579271178419,10.181646835525337,2.3467272820725236,-16.512025661017628,2.573806843600434,420.0,2973.6749999999984,41.904761904761905,52.61904761904762,9.443859740497302,3.362091029172702,-5.8412871039093535,20.264031076024484
0.0075,0.0,0.30000000000000004,4170.0,30591.279999999962,44.172661870503596,53.621103117505996,10.34097105531531,2.375712364765835,-16.608809907311027,2.573646784152454,418.0,2966.3549999999987,41.866028708133975,52.63157894736842,9.492992155617793,3.3790545798097926,-5.8962502521736955,20.01248325466333
0.0075,0.0,0.35000000000000003,4113.0,30137.699999999964,44.12837345003647,53.610503282275715,10.326891269136091,2.3558798958443337,-18.752090228060613,2.2632069507001122,405.0,2855.0149999999985,41.9753086419753,53.086419753086425,9.500540413189803,3.3701823034071796,-8.209872090738779,13.694602671679734
0.0075,0.0,0.4,4042.0,29760.854999999963,44.062345373577436,53.61207323107373,10.378483636206507,2.352086303778419,-19.403966768045944,2.1800147280480586,401.0,2974.119999999998,42.394014962593516,53.11720698254364,10.0162935012572,3.492480321518282,-8.131273402844085,14.559895913151086
0.0075,0.0,0.45,3953.0,30173.31999999996,44.27017455097395,53.78193776878321,10.710947247271719,2.392137538022172,-19.368059834373984,2.2141333825970873,388.0,2608.424999999999,42.2680412371134,52.57731958762887,9.02616365076514,3.0232983994951974,-10.973007598080276,9.306963919600332
0.0075,0.0,0.5,3801.0,30016.12999999996,44.43567482241516,53.93317548013681,10.954804364924632,2.383559262511454,-20.577298858743866,2.0896803645842312,386.0,2594.404999999999,42.2279792746114,52.59067357512953,9.003626916572586,3.0232104842857,-11.021990844770102,9.203761175419626
0.0075,0.05,0.0,4371.0,30494.829999999965,44.06314344543583,53.4202699611073,9.839319579267759,2.322526429419865,-15.344562739419898,2.7569546471484445,446.0,3599.835,41.92825112107623,52.690582959641254,10.574236747450685,3.867540866461326,-5.771312481875257,26.256842800831894
0.0075,0.05,0.05,4353.0,30552.839999999967,44.08453939811624,53.480358373535495,9.874655885686732,2.328009656556682,-15.571617632519963,2.720055160408726,445.0,3486.165,41.79775280898876,52.58426966292134,10.281118966911464,3.789662922311789,-5.771312481875257,25.17310347788398
0.0075,0.05,0.1,4322.0,30557.709999999966,44.16936603424341,53.54002776492365,9.927612986147949,2.3291139186235017,-15.645081363139745,2.714007571271379,440.0,3410.5000000000005,42.04545454545455,52.72727272727272,10.173596972829147,3.752128252858275,-5.7520721696272865,24.54358240952152
0.0075,0.05,0.15000000000000002,4279.0,31162.44999999996,44.3094180883384,53.7041364804861,10.191875424519058,2.378405915762212,-15.751567949845946,2.732817620839848,436.0,2961.0699999999997,41.74311926605505,52.293577981651374,8.958226186082253,3.3009154428870717,-5.816258342927528,20.24190584110728
0.0075,0.05,0.2,4223.0,30999.899999999965,44.447075538716554,53.80061567605967,10.252088084240675,2.370021490853273,-15.821790755789456,2.718131776906391,428.0,2903.8900000000003,41.58878504672897,52.336448598130836,8.984313363929836,3.2652662878317784,-5.91388155648832,19.42263434598096
0.0075,0.05,0.25,4188.0,30841.399999999965,44.4603629417383,53.8443170964661,10.255076123692005,2.3553845561734565,-16.56672473555332,2.5905353448356556,419.0,3056.2249999999985,42.004773269689736,52.74463007159904,9.676905087505265,3.401902844656188,-5.870014711128546,20.879496931960098
0.0075,0.05,0.30000000000000004,4132.0,30946.229999999963,44.55469506292352,53.94482090997096,10.414583566315802,2.3853947242708355,-16.66145944333155,2.59069781713047,417.0,3048.9049999999984,41.96642685851319,52.757793764988016,9.727674069054274,3.418491067751154,-5.925522377933168,20.620768099338644
0.0075,0.05,0.35000000000000003,4075.0,30492.649999999965,44.515337423312886,53.93865030674847,10.401568675394662,2.366214601332077,-18.76082050019011,2.2846739925819555,404.0,2937.5649999999987,42.07920792079208,53.21782178217822,9.744515244728703,3.409020984263268,-8.250530338315187,14.126331167434737
0.0075,0.05,0.4,4004.0,30115.804999999964,44.455544455544455,53.94605394605395,10.454242484801647,2.3629894130241,-19.39943023787891,2.202512668831841,400.0,3056.6699999999973,42.5,53.25,10.261562121381493,3.5249396310564256,-8.171154987988094,15.00225025549303
0.0075,0.05,0.45,3915.0,30528.269999999964,44.67432950191571,54.12515964240102,10.78651049401801,2.4041832033891333,-19.364248443378273,2.2366666793235117,387.0,2690.9749999999976,42.377260981912144,52.71317829457365,9.281387661399684,3.0635378749182967,-11.02675860451685,9.628408091377395
0.0075,0.05,0.5,3763.0,30371.079999999958,44.85782620249801,54.29178846664895,11.031315800303293,2.3963348646319087,-20.73928699524351,2.0941868619632102,385.0,2676.954999999998,42.33766233766234,52.72727272727272,9.259660890782586,3.0633563562221378,-11.07622399465219,9.523046380316472
0.0075,0.1,0.0,4296.0,32219.689999999966,44.45996275605214,53.81750465549349,10.400630189995054,2.4491308298098073,-14.851434818985199,2.953375481814574,439.0,3006.2049999999986,41.68564920273349,52.61958997722096,8.765677859104397,3.1479815324862463,-6.73711978035334,17.813954270454353
0.0075,0.1,0.05,4278.0,32277.699999999968,44.48340345956054,53.880317905563345,10.436929470657015,2.454855116270228,-15.074780377109864,2.9129279887599107,438.0,2892.5349999999985,41.55251141552511,52.51141552511416,8.46757113185978,3.063843974257607,-6.73711978035334,16.965178614932782
0.0075,0.1,0.1,4247.0,32282.569999999967,44.572639510242524,53.94396044266541,10.49283776195186,2.456115516148489,-15.147699110229384,2.9061299782651204,433.0,2816.869999999999,41.801385681293304,52.65588914549654,8.340157952176147,3.0156750659100133,-6.714189094716428,16.46445847931242
0.0075,0.1,0.15000000000000002,4204.0,32887.30999999997,44.719314938154135,54.1151284490961,10.761009930584,2.5055393259857914,-15.253248354326054,2.9235155982011443,429.0,2367.4399999999982,41.49184149184149,52.21445221445221,7.108163621313076,2.569866073443714,-6.801534020186595,13.109456245443532
0.0075,0.1,0.2,4148.0,32724.759999999966,44.864995178399234,54.21890067502411,10.827618255580969,2.4971593857165657,-15.316272769463623,2.9093998292812917,421.0,2310.2599999999984,41.33016627078385,52.25653206650831,7.092450276313477,2.519618541089838,-6.8117789881009365,12.706336966692836
0.0075,0.1,0.25,4113.0,32566.259999999966,44.88208120593241,54.26695842450766,10.833735556035547,2.4834357930045807,-16.047630982901662,2.7749925511609166,412.0,2462.5949999999966,41.74757281553398,52.66990291262136,7.735641318824909,2.6686719404856403,-6.782342997936031,13.795289057572862
0.0075,0.1,0.30000000000000004,4057.0,32671.089999999964,44.98397830909539,54.375154054720234,11.000332557881201,2.514597969083479,-16.141148012415773,2.774561003210954,410.0,2455.2749999999965,41.70731707317073,52.6829268292683,7.771254453332107,2.683813545219218,-7.241410599243137,12.87366689431764
0.0075,0.1,0.35000000000000003,4000.0,32217.50999999997,44.95,54.37499999999999,10.995285381447113,2.496180381630678,-18.20161193612223,2.4447353641717595,397.0,2343.9349999999968,41.81360201511335,53.14861460957179,7.71093140370476,2.6219633042070267,-9.753692889182041,9.031236689048647
0.0075,0.1,0.4,3929.0,31840.664999999964,44.896920335963344,54.39043013489437,11.058463912113151,2.4967238962793785,-18.8316533242013,2.359666130916656,393.0,2463.0399999999963,42.23918575063613,53.18066157760815,8.199392129643487,2.7381294033771697,-9.65789758185106,9.690009322833728
0.0075,0.1,0.45,3840.0,32253.12999999997,45.130208333333336,54.58333333333333,11.401685454526225,2.5395210341573797,-18.796810453924383,2.3951122891975567,380.0,2097.3449999999957,42.10526315789473,52.63157894736842,7.17164353391368,2.316357179346988,-12.571095360892492,6.225558615638179
0.0075,0.1,0.5,3688.0,32095.939999999966,45.33622559652928,54.77223427331887,11.663844155981955,2.5322852675627714,-20.13344392105226,2.2429194115046194,378.0,2083.3249999999957,42.06349206349206,52.64550264550265,7.144072048197631,2.3167464793382506,-12.628669458575736,6.147566290435133
0.0075,0.15000000000000002,0.0,4207.0,32603.259999999966,44.61611599714761,54.02899928690278,10.589077406503156,2.459516931343395,-14.205928849670945,3.125686455215318,428.0,2544.304999999999,41.58878504672897,52.570093457943926,7.505928943540287,2.6223963058274675,-7.362170942721569,13.229340547560549
0.0075,0.15000000000000002,0.05,4189.0,32661.269999999968,44.640725710193365,54.094055860587254,10.625919768380863,2.4654535863421017,-14.42838635227719,3.080947612070173,427.0,2430.634999999999,41.451990632318505,52.459016393442624,7.1992705460301165,2.5337622252717797,-7.425618902664411,12.400181936897193
0.0075,0.15000000000000002,0.1,4158.0,32666.139999999963,44.733044733044736,54.16065416065416,10.68316356858648,2.4657799888328302,-14.501853988134528,3.0730171711349406,422.0,2354.9699999999993,41.70616113744076,52.60663507109005,7.05569455733866,2.483277493786851,-7.495452211292919,11.819539045707433
0.0075,0.15000000000000002,0.15000000000000002,4115.0,33270.87999999996,44.88456865127582,54.337788578371814,10.95428817760661,2.513872586448886,-14.608002972894596,3.089862806303635,418.0,1905.539999999999,41.38755980861244,52.15311004784689,5.790503348423877,2.0384675212763295,-7.762440003297066,8.856927123019723
0.0075,0.15000000000000002,0.2,4059.0,33108.32999999996,45.03572308450357,54.44690810544469,11.02349177641325,2.505107366839031,-14.663036101611537,3.076230250872125,410.0,1848.3599999999988,41.21951219512195,52.19512195121951,5.744601499272737,1.986592673391827,-7.590566498529183,8.73868692197609
0.0075,0.15000000000000002,0.25,4024.0,32949.82999999996,45.05467196819086,54.49801192842942,11.030719053936362,2.4915689623072956,-15.389723637758246,2.9292193931650066,401.0,2000.694999999997,41.64588528678304,52.618453865336654,6.36424422701134,2.142132710491968,-7.215134868643824,10.0940629752376
0.0075,0.15000000000000002,0.30000000000000004,3968.0,33054.65999999996,45.16129032258064,54.61189516129033,11.20078609284165,2.521862184520792,-15.483277231498905,2.9280150399792646,399.0,1993.3749999999968,41.60401002506266,52.63157894736842,6.389757667629054,2.1523914647401163,-8.205948160870658,8.836755552874289
0.0075,0.15000000000000002,0.35000000000000003,3911.0,32601.079999999965,45.12912298644848,54.615187931475326,11.198452713643844,2.5029653239578513,-17.5490121164685,2.5702996504459734,386.0,1882.0349999999967,41.70984455958549,53.10880829015544,6.273523191103886,2.0789783072761,-10.775658929082365,6.287675302018697
0.0075,0.15000000000000002,0.4,3840.0,32224.234999999964,45.078125,54.63541666666667,11.265658325814545,2.50443491545531,-18.159021394181053,2.480865526923556,382.0,2001.1399999999962,42.14659685863874,53.141361256544506,6.7511678770799755,2.1965648978213057,-10.66726550159267,6.829234040141899
0.0075,0.15000000000000002,0.45,3751.0,32636.699999999968,45.32124766728872,54.83870967741935,11.614913034865832,2.5477700428226453,-18.124057071425558,2.518136231905173,369.0,1635.4449999999968,42.00542005420054,52.574525745257446,5.669364573027535,1.7878867953226516,-13.649520554668104,4.277777416503068
0.0075,0.15000000000000002,0.5,3599.0,32479.50999999996,45.54042789663795,55.04306751875521,11.884897857861194,2.5393226837826655,-19.436475079553006,2.355460366018183,367.0,1621.4249999999963,41.96185286103542,52.58855585831063,5.637056871721547,1.7840268754656765,-13.713551481783082,4.215601902204432
0.0075,0.2,0.0,4089.0,34043.739999999976,45.0476889214967,54.267547077525066,11.25060497579683,2.5835824860481216,-14.985414694873821,3.0557424792589463,417.0,2477.9799999999996,41.96642685851319,52.27817745803357,7.402010686701841,2.6002857183854355,-8.937022030254283,10.549613664889977
0.0075,0.2,0.05,4071.0,34101.74999999998,45.074920167035124,54.3355440923606,11.289236110168542,2.590194485899766,-15.20438529270195,3.0149442035695815,416.0,2364.3099999999995,41.82692307692308,52.16346153846154,7.0910671766526905,2.510390547565105,-9.01313487541312,9.876788355162034
0.0075,0.2,0.1,4040.0,34106.61999999998,45.17326732673268,54.40594059405941,11.351024981652179,2.5905964363060696,-15.368087282923726,2.990340249304003,411.0,2288.6449999999995,42.092457420924575,52.311435523114355,6.944395558781333,2.4592836032642156,-9.09688994084632,9.406710073329105
0.0075,0.2,0.15000000000000002,3997.0,34711.35999999998,45.33400050037528,54.59094320740555,11.631547259879357,2.639607650401743,-15.37900821284095,3.024883795101293,407.0,1839.2149999999997,41.76904176904177,51.842751842751845,5.66123602439926,1.9970826713909036,-9.41693259160078,7.0029957460673
0.0075,0.2,0.2,3941.0,34548.809999999976,45.49606698807409,54.70692717584369,11.709755758957943,2.6315513622788096,-15.45086002867726,3.013013718677281,399.0,1782.0349999999994,41.60401002506266,51.8796992481203,5.611745385437774,1.9540125590183812,-9.175316728527495,6.9266173391631085
0.0075,0.2,0.25,3906.0,34390.309999999976,45.51971326164875,54.761904761904766,11.720934661643959,2.6172862844194613,-16.15961300662946,2.8796305140300857,390.0,1934.3699999999972,42.05128205128205,52.307692307692314,6.2366159256701375,2.1146307109182763,-8.722251170039497,8.02318812377578
0.0075,0.2,0.30000000000000004,3850.0,34495.13999999998,45.63636363636363,54.88311688311688,11.902684844201572,2.6489039134871213,-16.25123528422816,2.8794252729541383,388.0,1927.0499999999972,42.01030927835052,52.31958762886598,6.261482064422373,2.1208338412795924,-8.80336548521976,7.913755191028617
0.0075,0.2,0.35000000000000003,3793.0,34041.559999999976,45.61033482731347,54.89058792512523,11.910103829024363,2.6333267817658172,-18.291900151786646,2.54645208371469,375.0,1815.7099999999973,42.13333333333333,52.800000000000004,6.138406666779349,2.0537460563255485,-9.56130885000287,6.794081564912897
0.0075,0.2,0.4,3722.0,33664.71499999998,45.566899516389036,54.916711445459434,11.991460184310634,2.6411563060403167,-18.890462806059848,2.4698560314698916,371.0,1934.8149999999964,42.58760107816711,52.83018867924528,6.621262478936543,2.180167783570521,-9.464947907469522,7.395632568702517
0.0075,0.2,0.45,3633.0,34077.17999999998,45.8298926507019,55.13349848609964,12.36072449415678,2.688116956008085,-18.85630450894994,2.512073534427343,358.0,1569.1199999999972,42.45810055865922,52.23463687150838,5.519840179604456,1.75612470857938,-12.45446552201318,4.469422672704136
0.0075,0.2,0.5,3481.0,33919.989999999976,46.07871301350187,55.35765584602126,12.65749480639549,2.6816141008244303,-20.168681014504266,2.3594994899459025,356.0,1555.0999999999972,42.41573033707865,52.24719101123596,5.486613699846128,1.7522479558599995,-12.51300176386253,4.402799255011296
0.0075,0.25,0.0,3965.0,32681.319999999985,44.96847414880202,54.09836065573771,11.02293531272251,2.4912367258613957,-15.330225755079974,2.9254469404761885,403.0,1347.4749999999995,40.69478908188586,50.12406947890818,4.121356393374631,1.4342782947524588,-8.939541705780506,5.1586510451451435
0.0075,0.25,0.05,3947.0,32739.32999999998,44.99619964530023,54.16772232074993,11.06196272022,2.49764037771821,-15.531677045598148,2.890737481107494,402.0,1233.8049999999994,40.547263681592035,50.0,3.7893378697914075,1.331936264784099,-9.022791389091333,4.629254025292445
0.0075,0.25,0.1,3916.0,32744.199999999983,45.097037793667006,54.23901940755873,11.123797695148513,2.498102776643174,-16.240558084093948,2.771541423802965,397.0,1158.14,40.80604534005038,50.12594458438288,3.5995541816604066,1.2689903445780328,-9.114551867625153,4.270468290992236
0.0075,0.25,0.15000000000000002,3873.0,33348.93999999998,45.26207074619158,54.42809191840951,11.408591951983176,2.5466034572608893,-16.070965047908224,2.8367322202407257,393.0,708.7099999999997,40.458015267175576,49.61832061068702,2.2352770117918888,0.7869940127748851,-9.466658873303135,2.4088441619193857
0.0075,0.25,0.2,3817.0,33186.389999999985,45.428346869269056,54.54545454545454,11.485845123785467,2.5374690112740375,-16.53809392384392,2.7616005445089686,385.0,651.5299999999997,40.25974025974026,49.61038961038961,2.1035234574844686,0.7316865859736784,-9.20156992048986,2.2655950111960643
0.0075,0.25,0.25,3782.0,33027.88999999998,45.45214172395558,54.600740349021684,11.495988538223166,2.523394075913259,-17.389097066191393,2.628182890241125,376.0,803.8649999999972,40.691489361702125,50.0,2.6587972015759567,0.9035958432781107,-8.703870978549267,2.9994117042821626
0.0075,0.25,0.30000000000000004,3726.0,33132.71999999997,45.571658615136876,54.723564143854,11.678798978018017,2.555327943772913,-16.202673769459576,2.8367296729084037,374.0,796.5449999999977,40.64171122994652,50.0,2.65567405301312,0.9017932594512877,-9.060281792381364,2.8531498141231975
0.0075,0.25,0.35000000000000003,3669.0,32679.139999999985,45.5437448896157,54.72880893976561,11.683187240193734,2.538216321583936,-18.68137872111266,2.448045696064643,361.0,685.2049999999977,40.7202216066482,50.41551246537396,2.3794054446733157,0.8077904627650758,-11.799831129429272,1.8641655302751232
0.0075,0.25,0.4,3598.0,32302.294999999984,45.49749861033908,54.7526403557532,11.762154740652713,2.5463009107290366,-19.065397745507028,2.404913524751139,357.0,804.309999999997,41.17647058823529,50.42016806722689,2.8281877108455657,0.9425516070213914,-11.673202706911677,2.237781384461299
0.0075,0.25,0.45,3509.0,32714.759999999977,45.76802507836991,54.97292675976062,12.13549296614767,2.595201994305693,-18.832111343653146,2.4729131695703055,344.0,438.61499999999717,40.98837209302326,49.7093023255814,1.5866134340975555,0.5095224015279278,-14.85305942125027,0.9372248631139407
0.0075,0.25,0.5,3357.0,32557.569999999978,46.02323503127793,55.19809353589514,12.432559974968049,2.5926762992431827,-20.156287385733552,2.3238406888471204,342.0,424.5949999999972,40.93567251461988,49.707602339181285,1.5405450023311529,0.49615045422136084,-14.927409593886221,0.9014788519738535
0.0075,0.30000000000000004,0.0,3768.0,29444.864999999983,44.85138004246284,53.82165605095541,10.397054913438685,2.301050353897189,-16.092123359177002,2.6488748805418254,383.0,-80.81999999999971,38.38120104438642,47.78067885117493,-0.2587765332397519,-0.0858496670848647,-11.29764929890168,-0.21288120296197566
0.0075,0.30000000000000004,0.05,3750.0,29502.87499999999,44.879999999999995,53.89333333333334,10.436761001193245,2.308715024878794,-16.228788115055316,2.6331227622283335,382.0,-194.48999999999978,38.21989528795812,47.64397905759162,-0.6254391564337516,-0.2096740229755507,-11.29764929890168,-0.5064732010342932
0.0075,0.30000000000000004,0.1,3719.0,29507.744999999988,44.98521107824684,53.966119924710945,10.497955623945517,2.3102810032823387,-17.478057323348217,2.4511649662747055,377.0,-270.1549999999992,38.46153846153847,47.745358090185675,-0.8796633668911424,-0.2961428360810917,-11.376690935758106,-0.6933185197929216
0.0075,0.30000000000000004,0.15000000000000002,3676.0,30112.484999999982,45.15778019586507,54.162132752992385,10.791712691619514,2.360670410694571,-17.29789611631959,2.5123960252204776,373.0,-719.5849999999998,38.069705093833775,47.18498659517426,-2.379396693310336,-0.8019871016908193,-14.906059937396797,-1.3465263566640209
0.0075,0.30000000000000004,0.2,3620.0,29949.934999999983,45.331491712707184,54.28176795580111,10.86512089459427,2.354310207482725,-17.918501888336113,2.428863217318686,365.0,-776.7649999999996,37.80821917808219,47.12328767123288,-2.632217448308042,-0.8820703021911995,-15.44411044997036,-1.3946886528283973
0.0075,0.30000000000000004,0.25,3585.0,29791.434999999987,45.35564853556485,54.33751743375175,10.872055211760749,2.3411217442676246,-18.246164375994777,2.3859170591221495,356.0,-624.4300000000017,38.20224719101123,47.47191011235955,-2.170360226340601,-0.7075132187852496,-14.29965422780828,-1.2299254633460426
0.0075,0.30000000000000004,0.30000000000000004,3529.0,29896.264999999985,45.48030603570417,54.46302068574666,11.055538686664969,2.3720989855206107,-16.71839508993036,2.6195880029338845,354.0,-631.7500000000016,38.13559322033898,47.45762711864407,-2.2142799060100886,-0.7208374949285453,-15.404118318423654,-1.166837085155021
0.0075,0.30000000000000004,0.35000000000000003,3472.0,29442.684999999987,45.44930875576037,54.46428571428571,11.050814472844644,2.3533297277775183,-19.13623609074544,2.2745507372851406,341.0,-743.0900000000017,38.12316715542522,47.80058651026393,-2.7185596232671805,-0.8833776426746318,-16.83794284771114,-1.2411407494737663
0.0075,0.30000000000000004,0.4,3401.0,29065.839999999986,45.39841223169656,54.483975301381946,11.121498699264192,2.3607769717880958,-19.45976773786412,2.2404005056919813,337.0,-623.9850000000024,38.57566765578635,47.774480712166174,-2.3131373791968417,-0.7387411267489213,-16.777716143646025,-1.058993959668067
0.0075,0.30000000000000004,0.45,3312.0,29478.304999999986,45.68236714975845,54.710144927536234,11.501559530255225,2.4118889036129403,-18.341735129035065,2.420132400981486,324.0,-989.6800000000014,38.2716049382716,46.913580246913575,-3.7800924856109566,-1.1647472353173798,-20.37903989981178,-1.344745630166991
0.0075,0.30000000000000004,0.5,3160.0,29321.114999999983,45.949367088607595,54.936708860759495,11.794846741007037,2.4124078233952866,-19.108297005111485,2.344707415665239,322.0,-1003.7000000000019,38.19875776397515,46.8944099378882,-3.845890047471096,-1.1884607107704632,-20.09251479633283,-1.3811712751642433
0.0075,0.35000000000000003,0.0,3572.0,27753.124999999993,45.12877939529675,53.695408734602466,10.312055981285072,2.2536279962288326,-17.033001805699733,2.416920122322114,357.0,-726.9450000000004,37.53501400560224,46.778711484593835,-2.5309173023741955,-0.850727541063339,-13.87252040139295,-1.4605434090492864
0.0075,0.35000000000000003,0.05,3554.0,27811.134999999987,45.16038266741699,53.77039954980304,10.353677000574692,2.262790138821397,-17.167550773010266,2.40711772749286,356.0,-840.6150000000004,37.359550561797754,46.62921348314607,-2.9404922980485226,-1.0020622584541208,-14.211567436877449,-1.6295141297200366
0.0075,0.35000000000000003,0.1,3523.0,27816.004999999994,45.27391427760431,53.84615384615385,10.417598202492737,2.2640636597090307,-18.408360936480694,2.250618600208859,351.0,-916.2799999999999,37.60683760683761,46.72364672364672,-3.248967544719044,-1.1153769429847147,-15.377151293514956,-1.6288206078334855
0.0075,0.35000000000000003,0.15000000000000002,3480.0,28420.744999999988,45.45977011494253,54.05172413793103,10.726334597311793,2.315417808543414,-18.227009042807328,2.3079882934125164,347.0,-1365.7100000000003,37.17579250720461,46.10951008645533,-4.9244339123956955,-1.6652932961377278,-19.640066642732457,-1.814175915068716
0.0075,0.35000000000000003,0.2,3424.0,28258.194999999985,45.648364485981304,54.17640186915887,10.80284650632704,2.3096243824190252,-18.85165441385972,2.2341471202268943,339.0,-1422.8900000000003,36.87315634218289,46.017699115044245,-5.269783399973039,-1.7717759519551992,-20.182428077590497,-1.82836934094571
0.0075,0.35000000000000003,0.25,3389.0,28099.694999999985,45.67719091177339,54.23428740041311,10.809764808894165,2.296239867378909,-19.82517799923652,2.124500210656855,330.0,-1270.5550000000023,37.27272727272727,46.36363636363636,-4.838032869783166,-1.575728401195356,-19.474910544179036,-1.7190747482614925
0.0075,0.35000000000000003,0.30000000000000004,3333.0,28204.524999999987,45.81458145814582,54.36543654365437,11.002445154686134,2.3336101161859153,-18.00130446254371,2.3688980667404733,328.0,-1277.8750000000023,37.19512195121951,46.34146341463415,-4.910799550990662,-1.5964082052366027,-20.581841149771684,-1.6506358965671366
0.0075,0.35000000000000003,0.35000000000000003,3276.0,27750.944999999992,45.78754578754579,54.36507936507936,10.99661830829029,2.3151099493873417,-21.314833467253713,1.9894175566382153,315.0,-1389.215000000002,37.142857142857146,46.666666666666664,-5.596038988163941,-1.8102599945722493,-22.378328312407636,-1.6309987882198633
0.0075,0.35000000000000003,0.4,3205.0,27374.09999999999,45.74102964118565,54.38377535101404,11.070210981500793,2.324792946409052,-21.621607866397362,1.96329409406249,311.0,-1270.1100000000026,37.62057877813505,46.62379421221865,-5.191176091922464,-1.6460463161822108,-22.504891917401437,-1.5016510775892309
0.0075,0.35000000000000003,0.45,3116.0,27786.564999999988,46.05263157894737,54.62130937098845,11.471280499719203,2.380764337015205,-20.510898831320112,2.1114844635113044,298.0,-1635.805000000002,37.24832214765101,45.63758389261745,-6.910183935878023,-2.1063623238326445,-26.070633527047814,-1.6203720248209033
0.0075,0.35000000000000003,0.5,2964.0,27629.374999999985,46.35627530364373,54.8582995951417,11.781169819448097,2.3806473485890134,-21.008731034785143,2.083042610893725,296.0,-1649.8250000000019,37.16216216216216,45.608108108108105,-6.9940438339904265,-2.144289289205237,-25.815346581724853,-1.6479004845336396
0.0075,0.4,0.0,3397.0,24516.565000000002,44.62761259935237,53.10568148366206,9.633900567438442,2.059729737989518,-16.336590780305706,2.346700351072042,325.0,-209.33499999999668,37.230769230769226,46.46153846153846,-0.7898426540312846,-0.23566179646323168,-11.5999789678927,-0.530130608014608
0.0075,0.4,0.05,3379.0,24574.575,44.65818289434744,53.181414619709976,9.676529770639243,2.067977961152195,-16.55503550941918,2.3250736411815596,324.0,-323.00499999999676,37.03703703703704,46.2962962962963,-1.2249723626999671,-0.37150905555097463,-11.5999789678927,-0.8086672673359937
0.0075,0.4,0.1,3348.0,24579.445,44.77299880525687,53.25567502986858,9.739864843445375,2.0702491376739,-16.164488714487657,2.3873934505286916,319.0,-398.66999999999643,37.30407523510972,46.39498432601881,-1.5343505633302894,-0.4702046272076931,-11.631349738957608,-0.9878151137395285
0.0075,0.4,0.15000000000000002,3305.0,25184.184999999998,44.96217851739788,53.46444780635401,10.061127773666238,2.122302980605611,-16.098327827801395,2.4395475902982717,315.0,-848.0999999999968,36.82539682539683,45.714285714285715,-3.324040443471899,-1.014118165875776,-13.237926678022028,-1.763582873111392
0.0075,0.4,0.2,3249.0,25021.635,45.15235457063712,53.58571868267159,10.133070268695914,2.117500281508289,-16.88859895280609,2.326761801639904,307.0,-905.2799999999964,36.48208469055375,45.60260586319218,-3.653016680446977,-1.108905954935185,-13.40893314635978,-1.8475739028808005
0.0075,0.4,0.25,3214.0,24863.134999999995,45.17734909769757,53.64032358431861,10.135941053603805,2.10349798591621,-18.32178585257026,2.143564574064113,298.0,-752.9449999999988,36.91275167785235,45.97315436241611,-3.131712044454422,-0.9239505278195878,-13.358228306182507,-1.5835678860135158
0.0075,0.4,0.30000000000000004,3158.0,24967.964999999997,45.31348955034832,53.76820772640912,10.330265693581413,2.1420904414458706,-16.438027402141675,2.4229359245969917,296.0,-760.264999999999,36.82432432432432,45.94594594594595,-3.1940525625017817,-0.9397307104673938,-14.476839886666593,-1.4901704639844495
0.0075,0.4,0.35000000000000003,3101.0,24514.385000000002,45.27571751048049,53.75685262818446,10.312800144614199,2.126832208874916,-19.35848935375919,2.0449628429375375,283.0,-871.6049999999982,36.74911660777385,46.28975265017668,-3.855676606316259,-1.123379153235301,-16.930607421413356,-1.443607750731293
0.0075,0.4,0.4,3030.0,24137.539999999997,45.21452145214521,53.76237623762377,10.376089471468775,2.1354841687714172,-19.620976343383735,2.019410033344309,279.0,-752.4999999999989,37.27598566308244,46.236559139784944,-3.3824025171367516,-0.9576465060165701,-17.1249877891642,-1.2478976299759168
0.0075,0.4,0.45,2941.0,24550.004999999997,45.528731723903434,53.99523971438286,10.787575931556423,2.1966266755146053,-18.377408839233546,2.2089726574080175,266.0,-1118.194999999999,36.84210526315789,45.11278195488722,-5.2122600063300615,-1.411776079570778,-20.55645967908046,-1.5008266531826604
0.0075,0.4,0.5,2789.0,24392.814999999995,45.82287558264611,54.212979562567234,11.094152423612908,2.1959912130178387,-18.48125081813817,2.21841318447435,264.0,-1132.214999999999,36.74242424242424,45.07575757575758,-5.298203679118975,-1.4351542591005695,-20.664539458895792,-1.5093827075830468
0.0075,0.45,0.0,3157.0,21142.904999999995,44.472600570161546,52.834969908140636,8.994514440380687,1.8754087564561477,-16.80719608168717,2.1051976476517598,297.0,-542.3999999999982,36.36363636363637,45.45454545454545,-2.242734680848593,-0.6314544081072299,-14.171549427718332,-1.0870627862589792
0.0075,0.45,0.05,3139.0,21200.914999999994,44.50461930551131,52.91494106403313,9.039250954719016,1.8834395361438963,-17.041882521101627,2.0852664966739476,296.0,-656.0699999999983,36.14864864864865,45.27027027027027,-2.727972413827508,-0.7817009651665154,-14.171549427718332,-1.2997206578480547
0.0075,0.45,0.1,3108.0,21205.784999999996,44.62676962676962,52.99227799227799,9.103484434133028,1.886153283016331,-16.2518771369935,2.192371860261967,291.0,-731.7349999999979,36.42611683848797,45.36082474226804,-3.0921394028826383,-0.8916095337054487,-14.399484432809274,-1.415670227545741
0.0075,0.45,0.15000000000000002,3065.0,21810.524999999994,44.82871125611745,53.2137030995106,9.446121934068781,1.9417065185920406,-16.34271196634013,2.225704994466555,287.0,-1181.1649999999981,35.88850174216028,44.599303135888505,-5.092213967272106,-1.4668656155562778,-16.12691597164786,-1.9479414481956134
0.0075,0.45,0.2,3009.0,21647.97499999999,45.031571950814225,53.33998005982053,9.51506432719235,1.934294153958008,-17.07886735200447,2.1293425511432167,279.0,-1238.344999999998,35.483870967741936,44.44444444444444,-5.512798996041942,-1.5967345257069883,-16.838963518713168,-1.944285641251327
0.0075,0.45,0.25,2974.0,21489.47499999999,45.057162071284466,53.396099529253526,9.513712144162861,1.9213954505337478,-18.377658717389657,1.9786617170410443,270.0,-1086.0100000000002,35.92592592592593,44.81481481481481,-4.999129993675193,-1.4043299680054173,-16.75230117545282,-1.7587936587657527
0.0075,0.45,0.30000000000000004,2918.0,21594.304999999993,45.2021932830706,53.529814941740916,9.71493628537737,1.9612914910434782,-16.344012948092367,2.25772912253873,268.0,-1093.3300000000004,35.82089552238806,44.776119402985074,-5.089066696456418,-1.424357109424829,-17.869462748395826,-1.6755148616043933
0.0075,0.45,0.35000000000000003,2861.0,21140.725,45.159035302341834,53.51275777700105,9.6846730050693,1.9463477264177025,-19.255674069129004,1.9002953135717469,255.0,-1204.67,35.68627450980392,45.09803921568628,-5.938096745031582,-1.6464085556313948,-19.695094921096977,-1.6550972944985065
0.0075,0.45,0.4,2790.0,20763.879999999994,45.08960573476703,53.51254480286738,9.738755117812458,1.9566950843803972,-19.13501891807632,1.912671423885977,251.0,-1085.565000000001,36.254980079681275,45.0199203187251,-5.447195226224459,-1.4619407354921115,-19.865475039524494,-1.4977076598396883
0.0075,0.45,0.45,2701.0,21176.34499999999,45.42761940022214,53.7578674564976,10.173164852403355,2.019977655163472,-17.87804252806835,2.105178015274863,238.0,-1451.2600000000004,35.714285714285715,43.69747899159664,-7.584500288744708,-1.959328820173478,-23.47053615155338,-1.6447867108635756
0.0075,0.45,0.5,2549.0,21019.15499999999,45.74342879560612,53.9819537073362,10.485820301234503,2.0204392389145056,-18.256836556875367,2.08609230813857,236.0,-1465.2800000000002,35.59322033898305,43.64406779661017,-7.69128615197912,-1.9818113665944048,-23.19927899898232,-1.67749788218902
0.0075,0.5,0.0,2949.0,21024.939999999995,44.557477110885046,52.96710749406579,9.60165551737361,1.9333640647581176,-14.664738754609152,2.4362721860455885,272.0,-98.56499999999738,38.23529411764706,46.32352941176471,-0.44287192547403165,-0.1165156796916887,-14.523223827392794,-0.20160128450845338
0.0075,0.5,0.05,2931.0,21082.949999999993,44.592289321050835,53.05356533606278,9.651137315277305,1.9419386458806556,-14.581936136989981,2.460915652761649,271.0,-212.23499999999774,38.00738007380074,46.125461254612546,-0.9594346326812081,-0.25506059343613896,-14.523223827392794,-0.4291660703758125
0.0075,0.5,0.1,2900.0,21087.819999999992,44.72413793103448,53.137931034482754,9.724656327675014,1.9462145505533242,-15.55484434086033,2.3160191922040956,266.0,-287.89999999999725,38.34586466165413,46.2406015037594,-1.3245630299229656,-0.3499708373299047,-14.740980136628856,-0.5692109338709609
0.0075,0.5,0.15000000000000002,2857.0,21692.55999999999,44.942247112355616,53.37766888344417,10.098884295760431,2.0057171907713287,-14.333740095261337,2.5694893488284656,262.0,-737.3299999999978,37.786259541984734,45.41984732824427,-3.467076573522251,-0.92012657058549,-16.375765299724378,-1.2536219462523603
0.0075,0.5,0.2,2801.0,21530.009999999995,45.16244198500535,53.5166012138522,10.183514123340318,1.9993561714360182,-14.5042382445289,2.545285144975346,254.0,-794.5099999999971,37.40157480314961,45.2755905511811,-3.8692035725764677,-1.0125968644742698,-16.35146492365198,-1.3449385005845274
0.0075,0.5,0.25,2766.0,21371.50999999999,45.191612436731745,53.579175704989154,10.187263664555056,1.9912563128540646,-15.779536439615727,2.3424280391358643,245.0,-642.1749999999997,37.95918367346939,45.714285714285715,-3.2441125551841377,-0.8233414619310198,-15.79870452310378,-1.155216077501987
0.0075,0.5,0.30000000000000004,2710.0,21476.33999999999,45.35055350553506,53.7269372693727,10.415951498789783,2.0358316128689253,-13.783067602093535,2.7255424402837187,243.0,-649.4949999999997,37.86008230452675,45.67901234567901,-3.3213739087834764,-0.8388823487168682,-16.88467729033335,-1.1044006192180338
0.0075,0.5,0.35000000000000003,2653.0,21022.759999999995,45.30719939690916,53.712777987184325,10.397109013817287,2.027443057746498,-15.94757273855012,2.33891361139344,230.0,-760.8349999999997,37.826086956521735,46.08695652173913,-4.144376506475289,-1.0278168338049465,-19.20708101074682,-1.1239514620698439
0.0075,0.5,0.4,2582.0,20645.914999999994,45.23625096824168,53.71804802478699,10.473973342446051,2.0444470555718497,-16.141739001427226,2.3146751842284825,226.0,-641.7300000000004,38.49557522123894,46.017699115044245,-3.5651686473159176,-0.8548508765083199,-19.36069118374707,-0.952427341546576
0.0075,0.5,0.45,2493.0,21058.37999999999,45.607701564380264,53.991175290814276,10.964111068637383,2.111229357080421,-14.89656837425024,2.5804937331949533,213.0,-1007.425,38.028169014084504,44.60093896713615,-5.855195325259247,-1.3200662843712396,-22.86869586419218,-1.2302063805198042
0.0075,0.5,0.5,2341.0,20901.189999999988,45.963263562580096,54.250320375907734,11.337116713364967,2.1198266700069235,-15.7023761956683,2.4883125482131745,211.0,-1021.4449999999999,37.91469194312796,44.54976303317535,-5.96558986303226,-1.3406443433040485,-22.985485831234122,-1.2390961250377817
0.01,0.0,0.0,3517.0,27640.549999999967,44.12851862382713,53.909582030139326,11.1651566469795,2.434823606940561,-12.490221015870784,3.344191372611912,366.0,3267.6249999999973,42.07650273224044,53.551912568306015,11.991614448104066,4.017244766593035,-6.251750006846734,21.361992148834865
0.01,0.0,0.05,3503.0,27610.609999999964,44.10505281187553,53.92520696545818,11.169705256963674,2.433557394351458,-12.744712850906359,3.275082554450847,365.0,3153.954999999997,41.917808219178085,53.42465753424658,11.632106695305994,3.911896761184242,-6.251750006846734,20.410016654613983
0.01,0.0,0.1,3482.0,27759.949999999968,44.17001723147616,54.02067777139575,11.279916008358843,2.445600685387382,-12.83118061786067,3.272650556202445,362.0,3033.079999999997,41.988950276243095,53.31491712707182,11.308829155055495,3.766987290437309,-6.251750006846734,19.41559198687181
0.01,0.0,0.15000000000000002,3456.0,27667.714999999967,44.21296296296296,54.05092592592593,11.286886373767276,2.4451365426570018,-12.896745932415543,3.252946827331141,359.0,2626.869999999997,41.5041782729805,52.92479108635098,9.919990392956032,3.3106797633285465,-6.3233994804644755,16.02304199842285
0.01,0.0,0.2,3412.0,27362.444999999967,44.25556858147714,54.1031652989449,11.284331707437763,2.4239429213876558,-13.352837638966585,3.1306675166435953,354.0,2721.359999999997,41.52542372881356,53.10734463276836,10.489935850636279,3.464231986623521,-6.2956991216959635,16.81681153418976
0.01,0.0,0.25,3384.0,27060.304999999968,44.26713947990544,54.107565011820334,11.219778978650057,2.3957878243939117,-13.925677708319139,2.9837136813736755,347.0,2746.824999999997,41.78674351585015,53.31412103746398,10.82461043500602,3.471528261094134,-6.096877630464881,17.56840005099014
0.01,0.0,0.30000000000000004,3343.0,27969.134999999966,44.45109183368232,54.32246485192941,11.73171657980648,2.496138474161405,-13.735178252603674,3.0992867504795947,346.0,2857.274999999997,41.90751445086705,53.46820809248555,11.308510566720704,3.6323232236253276,-6.096877630464881,18.459120101194536
0.01,0.0,0.35000000000000003,3300.0,27643.414999999968,44.45454545454545,54.36363636363636,11.742101481360896,2.4800930255327067,-16.167138414761205,2.629353488769423,338.0,2847.8949999999973,42.01183431952663,53.84615384615385,11.626258350047364,3.6694425432881137,-6.1790453304492505,18.138425715962455
0.01,0.0,0.4,3244.0,27044.374999999964,44.38964241676942,54.34648581997534,11.676243969671011,2.4547801243510996,-16.520774329051456,2.5522088236338685,335.0,2969.1749999999965,42.38805970149254,54.02985074626866,12.277861950216582,3.804525084633169,-6.118065693133678,19.310167821194742
0.01,0.0,0.45,3183.0,26639.524999999965,44.39208294062206,54.319824065347156,11.671997952631946,2.4304766313025006,-16.594954437432797,2.5347512950466853,326.0,2894.079999999997,42.63803680981595,53.987730061349694,12.207362514900236,3.677484957577425,-6.787331786053197,17.142537502545196
0.01,0.0,0.5,3089.0,26154.639999999963,44.38329556490774,54.32178698607964,11.703019760723517,2.394937246512972,-18.16468803040886,2.3199955671998627,325.0,2837.7099999999973,42.46153846153846,53.84615384615385,11.991001181897724,3.607710543667423,-6.8185339772729,16.644800470059174
0.01,0.05,0.0,3473.0,27945.949999999968,44.57241577886553,54.3046357615894,11.255576143871204,2.450029271029974,-12.699162283398223,3.325310073272113,365.0,3350.1749999999965,42.19178082191781,53.6986301369863,12.251956553540069,4.020393039703438,-6.2835114929707725,21.95211936163558
0.01,0.05,0.05,3459.0,27916.009999999966,44.550448106389126,54.32205839838103,11.260245989254756,2.4488272015779553,-12.949898969120166,3.258635493402044,364.0,3236.5049999999965,42.032967032967036,53.57142857142857,11.894992717475143,3.9165766360238123,-6.2835114929707725,20.99308189819898
0.01,0.05,0.1,3438.0,28065.349999999966,44.618964514252475,54.42117510180338,11.370533495213017,2.459928280735571,-13.034818661020765,3.2568434524903775,361.0,3115.6299999999965,42.10526315789473,53.46260387811634,11.575722426092891,3.7748632450530737,-6.2835114929707725,19.99116893462761
0.01,0.05,0.15000000000000002,3412.0,27973.114999999965,44.66588511137163,54.45486518171161,11.377840533547865,2.4593222376751354,-13.098948472226324,3.237954181974364,358.0,2709.4199999999964,41.62011173184357,53.072625698324025,10.195248824849509,3.360696791232348,-6.355895048607152,16.566422652360817
0.01,0.05,0.2,3368.0,27667.84499999997,44.71496437054632,54.513064133016634,11.37628443403242,2.4384686669826867,-13.550214325840171,3.1193343628367187,353.0,2803.9099999999967,41.64305949008499,53.25779036827195,10.768807708009986,3.511908158907571,-6.327909887359196,17.36868017855873
0.01,0.05,0.25,3340.0,27365.70499999997,44.73053892215569,54.52095808383234,11.312418375656275,2.4109386107008706,-14.114368492103447,2.9768207561366746,346.0,2829.374999999997,41.90751445086705,53.46820809248555,11.108443536029332,3.5191941617021683,-6.128054226791846,18.139910634070326
0.01,0.05,0.30000000000000004,3299.0,28274.534999999967,44.922703849651406,54.743861776295844,11.823880868520659,2.5124171165231317,-13.92660438367388,3.090136413394344,345.0,2939.8249999999966,42.028985507246375,53.62318840579711,11.591757375596071,3.6775739166713883,-6.128054226791846,19.037564520861142
0.01,0.05,0.35000000000000003,3256.0,27948.81499999997,44.932432432432435,54.791154791154796,11.835398828563422,2.496609394833752,-16.32241606408091,2.6331709256265303,337.0,2930.4449999999965,42.13649851632047,54.00593471810089,11.917164292000187,3.71387598915133,-6.210603701424466,18.708711944645202
0.01,0.05,0.4,3200.0,27349.774999999965,44.875,54.78125,11.771273620965642,2.47152161704166,-16.669776018199244,2.5579423833193635,334.0,3051.7249999999963,42.51497005988024,54.191616766467064,12.569965866089778,3.8652782693679777,-6.149002693125194,20.244509740316285
0.01,0.05,0.45,3139.0,26944.924999999963,44.88690665817139,54.762663268556864,11.768445697807644,2.4482076650504174,-16.743519304538,2.5410339730401805,325.0,2976.629999999997,42.769230769230774,54.15384615384615,12.505582417914813,3.740796609588629,-6.821571468666566,17.990492447490887
0.01,0.05,0.5,3045.0,26460.039999999964,44.893267651888344,54.778325123152705,11.801409780187239,2.414941161909657,-18.492464770640016,2.3084893452410546,324.0,2920.2599999999966,42.592592592592595,54.01234567901234,12.290615183113848,3.671625475255264,-6.853089992860751,17.47583906027785
0.01,0.1,0.0,3404.0,28838.179999999968,44.85898942420681,54.64159811985899,11.650230415621524,2.5224771079326196,-12.919721605478852,3.344676556170003,355.0,3100.0749999999957,42.25352112676056,54.08450704225351,11.37429325153823,3.668313495911036,-6.919088264281948,18.03893178981712
0.01,0.1,0.05,3390.0,28808.239999999965,44.83775811209439,54.660766961651916,11.655503443114965,2.5215788138785884,-13.168916811005516,3.279165514639491,354.0,2986.4049999999957,42.090395480225986,53.954802259887,11.011789423847343,3.56320971580896,-6.919088264281948,17.20045322687898
0.01,0.1,0.1,3369.0,28957.579999999965,44.909468685069754,54.76402493321461,11.767880932253348,2.5326434240993545,-13.253024552027881,3.2775433608876474,351.0,2865.5299999999957,42.16524216524217,53.84615384615385,10.681789631149407,3.4196756583923644,-6.919088264281948,16.324787896913076
0.01,0.1,0.15000000000000002,3343.0,28865.344999999965,44.959617110379895,54.80107687705653,11.776781556062854,2.5323035150654842,-13.246737604163727,3.276399523273936,348.0,2459.3199999999956,41.66666666666667,53.44827586206896,9.285211062876733,3.0043167894356633,-6.999882471733187,13.344770341392687
0.01,0.1,0.2,3299.0,28560.07499999997,45.01364049712034,54.865110639587755,11.779580620809478,2.511779744429593,-13.696624824615212,3.1587617041001392,343.0,2553.809999999996,41.690962099125365,53.64431486880466,9.841867118742814,3.163297282048554,-6.968642576196071,14.040857519422008
0.01,0.1,0.25,3271.0,28257.93499999997,45.03210027514521,54.87618465301131,11.717685726450899,2.485556078940781,-14.257152435607923,3.0211348761214034,336.0,2579.274999999995,41.964285714285715,53.86904761904761,10.161991427644978,3.17831125074735,-6.947119938705337,14.258013866265522
0.01,0.1,0.30000000000000004,3230.0,29166.76499999997,45.23219814241486,55.10835913312694,12.235484743800288,2.5876759518489707,-13.902403641218374,3.1709426501700064,335.0,2689.7249999999954,42.08955223880597,54.02985074626866,10.642917739640476,3.3372505534059593,-6.947119938705337,15.019393162959707
0.01,0.1,0.35000000000000003,3187.0,28841.04499999997,45.246313147160336,55.16159397552557,12.25225866282741,2.5722769240131558,-16.521453307307322,2.6656814449122517,327.0,2680.3449999999957,42.201834862385326,54.43425076452599,10.939638924102537,3.3534278093278296,-6.995580196534313,14.850623066638928
0.01,0.1,0.4,3131.0,28242.004999999965,45.193229000319384,55.158096454806774,12.194769721966452,2.5500382690354892,-16.842165129165576,2.599068500907891,324.0,2801.624999999995,42.592592592592595,54.629629629629626,11.582222670543338,3.502803517554929,-6.925260562358848,16.12594318586851
0.01,0.1,0.45,3070.0,27837.154999999966,45.21172638436482,55.14657980456026,12.198212910630224,2.528071887465794,-16.702055166137008,2.6161862967865903,315.0,2726.529999999995,42.857142857142854,54.6031746031746,11.497791765116153,3.378400053987392,-7.406745943157067,14.82342638064742
0.01,0.1,0.5,2976.0,27352.269999999968,45.22849462365591,55.174731182795696,12.24042002592067,2.494887967526776,-18.439069819946997,2.3791292430215902,314.0,2670.1599999999953,42.675159235668794,54.45859872611465,11.280215012517312,3.310304801017277,-7.441429272778455,14.372335588429534
0.01,0.15000000000000002,0.0,3315.0,29103.61499999997,45.00754147812972,54.90196078431373,11.874052514246774,2.543333444962906,-12.720824300439403,3.46058870611249,344.0,2801.6949999999965,42.44186046511628,54.360465116279066,10.4565555969003,3.2278675405614514,-6.993772230384954,15.699470908685738
0.01,0.15000000000000002,0.05,3301.0,29073.67499999997,44.986367767343225,54.92275068161163,11.87971525139337,2.5427578468687355,-12.970019770214225,3.391824692017932,343.0,2688.024999999997,42.27405247813411,54.22740524781341,10.08312877176029,3.121890866727412,-6.993772230384954,14.907464587808036
0.01,0.15000000000000002,0.1,3280.0,29223.01499999997,45.0609756097561,55.03048780487805,11.99421800431221,2.5526064146306013,-13.054391479883897,3.389757398038131,340.0,2567.149999999997,42.35294117647059,54.11764705882353,9.737006199155836,2.9826566010640843,-6.993772230384954,14.08068385617299
0.01,0.15000000000000002,0.15000000000000002,3254.0,29130.77999999997,45.113706207744315,55.07068223724647,12.004111699945613,2.552477544874143,-13.048561702163642,3.388600826571965,337.0,2160.939999999997,41.839762611275965,53.70919881305638,8.303326917704856,2.568637274616615,-7.076330426347088,11.283570171535017
0.01,0.15000000000000002,0.2,3210.0,28825.509999999973,45.17133956386293,55.140186915887845,12.009448737934454,2.531948889156723,-13.496555978994573,3.266135609977618,332.0,2255.4299999999967,41.86746987951807,53.915662650602414,8.849334955075122,2.715903381369648,-7.044405998915593,11.934451634170351
0.01,0.15000000000000002,0.25,3182.0,28523.36999999997,45.191703331238216,55.15399120050283,11.948173339301675,2.5058349769364097,-14.057277089760877,3.122274844095006,325.0,2280.894999999997,42.15384615384615,54.15384615384615,9.152810415342424,2.7423504745896343,-7.022607348680577,12.135226033598348
0.01,0.15000000000000002,0.30000000000000004,3141.0,29432.199999999975,45.39955428207577,55.396370582617,12.474019699255757,2.6079098397959766,-13.65077004879166,3.2902071702380566,324.0,2391.3449999999966,42.28395061728395,54.32098765432099,9.638241248542469,2.8934355437099146,-7.022607348680577,12.853266069859073
0.01,0.15000000000000002,0.35000000000000003,3098.0,29106.479999999974,45.41639767591995,55.45513234344739,12.494024807351536,2.5913143595733605,-16.32180452920553,2.7495164394219676,316.0,2381.964999999997,42.405063291139236,54.74683544303798,9.908426820700168,2.905045158749666,-7.660078843982687,11.727254083776801
0.01,0.15000000000000002,0.4,3042.0,28507.439999999966,45.36489151873767,55.456936226166995,12.439937872399796,2.5699364435636545,-16.64388936999355,2.6805799388737817,313.0,2503.2449999999963,42.81150159744409,54.9520766773163,10.54993808892435,3.0510739873041604,-7.5822525219862325,12.799544510245653
0.01,0.15000000000000002,0.45,2981.0,28102.58999999997,45.38745387453875,55.45119087554512,12.447093103160977,2.5493585266996828,-16.26851288724599,2.738060411555404,304.0,2428.149999999997,43.09210526315789,54.93421052631579,10.44272168339347,2.94054906849107,-8.267655010174535,11.495593330467365
0.01,0.15000000000000002,0.5,2887.0,27617.704999999973,45.410460685833044,55.490128160720474,12.495110915540181,2.515277311853982,-17.995860121157147,2.485868560178388,303.0,2371.779999999997,42.9042904290429,54.78547854785478,10.218895076422612,2.874021476958854,-8.306786523344678,11.115694041257667
0.01,0.2,0.0,3196.0,29452.459999999974,45.431789737171464,55.162703379224034,12.31535102174587,2.599421890670084,-12.62222784612328,3.546245303787353,333.0,2899.9199999999964,42.94294294294294,54.35435435435435,11.03789528174052,3.4442448159662082,-6.999147877850587,16.3826951774565
0.01,0.2,0.05,3182.0,29422.51999999997,45.41169076052797,55.185417976115644,12.321836561947553,2.5994719893450897,-12.87169409450759,3.475214603069814,332.0,2786.2499999999964,42.77108433734939,54.21686746987952,10.660024325324226,3.337417272507765,-6.999147877850587,15.579051570707025
0.01,0.2,0.1,3161.0,29571.85999999998,45.49193293261626,55.29895602657386,12.441235477916798,2.609102160209436,-12.956287953319556,3.472803925274485,329.0,2665.3749999999964,42.857142857142854,54.1033434650456,10.31347787712319,3.193723303197316,-6.999147877850587,14.740003432932848
0.01,0.2,0.15000000000000002,3135.0,29479.62499999997,45.55023923444976,55.34290271132376,12.453207996480602,2.609621222079106,-12.950677904862317,3.4717075129824733,326.0,2259.1649999999963,42.331288343558285,53.68098159509203,8.8581783363368,2.779657196722366,-7.080614001164786,11.897198194489556
0.01,0.2,0.2,3091.0,29174.354999999974,45.61630540278227,55.41895826593336,12.463764568187964,2.5893455881707874,-13.398225620650505,3.345935772354661,321.0,2353.6549999999966,42.36760124610592,53.89408099688473,9.42754327632317,2.936300242452355,-7.049115020017139,12.559389039605264
0.01,0.2,0.25,3063.0,28872.214999999975,45.641527913809995,55.435847208619,12.40345582657148,2.565691806457138,-13.959653932728111,3.206103634547967,314.0,2379.1199999999953,42.675159235668794,54.14012738853503,9.750935390913256,2.9632248093236107,-7.045248116367819,12.732109188043546
0.01,0.2,0.30000000000000004,3022.0,29781.044999999973,45.86366644606221,55.6915949702184,12.948404852064002,2.669279486201374,-13.552748590890006,3.37858868955484,313.0,2489.5699999999956,42.81150159744409,54.31309904153354,10.24947158759211,3.122188335055706,-7.045248116367819,13.459284898655739
0.01,0.2,0.35000000000000003,2979.0,29455.324999999975,45.88788183954347,55.75696542463914,12.975171597008602,2.653941888361428,-16.226760990218292,2.8200014420093336,305.0,2480.1899999999964,42.950819672131146,54.75409836065573,10.545689099484136,3.149712683438689,-7.09343296935141,13.306022276628214
0.01,0.2,0.4,2923.0,28856.28499999997,45.843311666096476,55.76462538487855,12.927839569496788,2.6371349200128464,-16.54984890167459,2.760451586185065,302.0,2601.469999999996,43.377483443708606,54.966887417218544,11.210183781911024,3.3122586119835744,-7.022355406178016,14.494717750835171
0.01,0.2,0.45,2862.0,28451.434999999976,45.87700908455625,55.76519916142557,12.942699893897949,2.619367033389708,-16.17365010542018,2.8283675169785227,293.0,2526.374999999997,43.68600682593857,54.94880546075085,11.114320167209161,3.182302151986763,-7.385625116936156,13.515146420692298
0.01,0.2,0.5,2768.0,27966.549999999974,45.917630057803464,55.816473988439306,13.002987568968027,2.5887163013588195,-17.90080057861948,2.574548413820974,292.0,2470.004999999997,43.49315068493151,54.794520547945204,10.886604126852028,3.11322346435919,-7.420099831736826,13.081667158516233
0.01,0.25,0.0,3079.0,28751.779999999977,45.46930821695356,55.115297174407274,12.318639085020417,2.5531629237641305,-13.01422401836765,3.4251867717559032,314.0,2148.414999999997,42.35668789808918,52.547770700636946,8.537805675272354,2.591129795629777,-7.6097167814142885,10.419724470110348
0.01,0.25,0.05,3065.0,28721.839999999975,45.44861337683523,55.13866231647635,12.325289908980636,2.5532004240134034,-13.26095369524416,3.359165738134483,313.0,2034.7449999999972,42.17252396166134,52.39616613418531,8.129705631815213,2.48122364826853,-7.6097167814142885,9.764533464640802
0.01,0.25,0.1,3044.0,28871.17999999998,45.532194480946124,55.25624178712221,12.447665998492448,2.563764126057588,-13.344109470341314,3.358261084191554,310.0,1913.8699999999972,42.25806451612903,52.25806451612903,7.737572549723534,2.3358163814644324,-7.894732251190428,8.753409750145645
0.01,0.25,0.15000000000000002,3018.0,28778.944999999978,45.593108018555334,55.30152418820411,12.459963647437807,2.563757208827483,-13.337676926627395,3.3571944226600157,307.0,1507.6599999999971,41.69381107491857,51.79153094462541,6.180233795056079,1.8950325693944579,-7.991345339665834,6.556044163892449
0.01,0.25,0.2,2974.0,28473.674999999974,45.66240753194351,55.379959650302624,12.470864558663255,2.543537771639789,-13.783947213183135,3.2426572033490237,302.0,1602.1499999999965,41.72185430463576,51.98675496688742,6.715672795436773,2.0470041072923837,-7.666821924790623,7.3272090885073995
0.01,0.25,0.25,2946.0,28171.534999999974,45.68906992532247,55.397148676171085,12.4090684424807,2.5196180116657225,-14.762498493941333,3.0222632305474235,295.0,1627.6149999999964,42.03389830508474,52.20338983050847,6.988459444466375,2.089186637013804,-7.4054507215998715,7.724988036994354
0.01,0.25,0.30000000000000004,2905.0,29080.364999999976,45.92082616179002,55.662650602409634,12.968064668625725,2.62426995093824,-13.936222244578644,3.277510669433143,294.0,1738.0649999999964,42.17687074829932,52.38095238095239,7.49783550157046,2.2460680695848594,-7.4054507215998715,8.33569879610242
0.01,0.25,0.35000000000000003,2862.0,28754.644999999982,45.946890286512925,55.73025856044724,12.99579243879145,2.61056800236429,-16.58054163815098,2.756237866574206,286.0,1728.6849999999972,42.30769230769231,52.7972027972028,7.714013637862569,2.2640526587911687,-8.824425940829862,6.951409394467264
0.01,0.25,0.4,2806.0,28155.60499999998,45.90163934426229,55.73770491803278,12.947569059345627,2.5944548730497194,-16.89768784832425,2.702951399609957,283.0,1849.9649999999965,42.75618374558304,53.003533568904594,8.371844546839304,2.4267855565428835,-8.731536077691581,7.721804452242817
0.01,0.25,0.45,2745.0,27750.754999999976,45.93806921675775,55.73770491803278,12.963140557914642,2.5772076639721684,-16.249207625715535,2.8140641754145252,274.0,1774.869999999997,43.06569343065693,52.919708029197075,8.20864528470128,2.312287146328959,-9.43869942518063,7.018599235935136
0.01,0.25,0.5,2651.0,27265.869999999974,45.98264805733685,55.79026782346285,13.025548464863991,2.547074347281783,-17.958637062811167,2.5649014874435556,273.0,1718.4999999999968,42.857142857142854,52.74725274725275,7.963528568376738,2.240936088845004,-9.484988753037927,6.724613801514071
0.01,0.30000000000000004,0.0,2899.0,25725.45499999998,45.25698516729907,54.777509486029665,11.662170595974194,2.3554475574547364,-13.045619037102352,3.2364243194301907,291.0,1262.859999999998,40.20618556701031,50.85910652920962,5.393260538309627,1.5506819108360037,-10.329453406847733,4.2100104024571054
0.01,0.30000000000000004,0.05,2885.0,25695.51499999998,45.233968804159446,54.80069324090121,11.668108784826805,2.3567340561474714,-13.32869796748357,3.169340821549404,290.0,1149.1899999999982,40.0,50.689655172413794,4.936279262163289,1.4279912279620757,-10.329453406847733,3.7887162061908937
0.01,0.30000000000000004,0.1,2864.0,25844.854999999978,45.32122905027933,54.9231843575419,11.794367057182798,2.3700464817549074,-14.010158790491833,3.0388202202981427,287.0,1028.3149999999973,40.069686411149824,50.522648083623686,4.4735158067284795,1.2786419661761395,-10.630454019467706,3.2553509523016113
0.01,0.30000000000000004,0.15000000000000002,2838.0,25752.61999999998,45.384073291050036,54.96828752642706,11.804484633568538,2.3687812842286484,-14.232467680488536,2.988097701257681,284.0,622.1049999999975,39.436619718309856,50.0,2.7469836851410507,0.799139512665387,-10.76587941707684,1.8679377751879729
0.01,0.30000000000000004,0.2,2794.0,25447.349999999984,45.45454545454545,55.04652827487473,11.807974270505563,2.349654239318247,-14.955786312912789,2.839467579809204,279.0,716.5949999999975,39.42652329749104,50.179211469534046,3.241213360260699,0.9443612872237698,-10.037263808372199,2.32966197558892
0.01,0.30000000000000004,0.25,2766.0,25145.209999999985,45.480838756326825,55.06146059291396,11.738466078893964,2.3270959207193975,-16.086036907636004,2.6361293234457395,272.0,742.0599999999974,39.705882352941174,50.36764705882353,3.4447110552822013,0.9837120779768219,-9.848780900275834,2.4648475124239813
0.01,0.30000000000000004,0.30000000000000004,2725.0,26054.03999999998,45.72477064220183,55.3394495412844,12.322524048607436,2.4346116220398097,-13.086821832984475,3.331977068816956,271.0,852.5099999999977,39.85239852398524,50.55350553505535,3.977583952864889,1.1278532758162323,-9.848780900275834,2.862902397596307
0.01,0.30000000000000004,0.35000000000000003,2682.0,25728.319999999978,45.74944071588367,55.40641312453393,12.342712488416847,2.419719652739884,-15.898320988343839,2.7415648047424326,263.0,843.1299999999981,39.92395437262358,50.950570342205324,4.080653810636513,1.1274735403645046,-11.426096172815104,2.4382766595117973
0.01,0.30000000000000004,0.4,2626.0,25129.27999999998,45.6968773800457,55.407463823305406,12.27933517295716,2.4045175893438757,-16.346647004968485,2.667179337201335,260.0,964.4099999999974,40.38461538461539,51.153846153846146,4.739248224643134,1.2952194752268704,-11.300976080806002,2.893842770404303
0.01,0.30000000000000004,0.45,2565.0,24724.429999999982,45.73099415204678,55.39961013645224,12.284661318860957,2.38549628892018,-15.662376306122727,2.7834282250513165,251.0,889.3149999999982,40.63745019920319,50.99601593625498,4.47478178699431,1.1858371150843912,-12.02980401268129,2.558906368684964
0.01,0.30000000000000004,0.5,2471.0,24239.54499999998,45.770942938081745,55.44314042897612,12.334744273408598,2.352539796771034,-17.447906064907436,2.5132831605271506,250.0,832.9449999999981,40.400000000000006,50.8,4.20008975574335,1.1121312371535752,-12.091182480364381,2.370519539008238
0.01,0.35000000000000003,0.0,2716.0,23716.54999999998,45.544918998527244,54.565537555228275,11.459148835362232,2.301452207965429,-13.665598397731538,2.958724426124691,265.0,318.0549999999986,38.86792452830189,49.43396226415094,1.5156150450722132,0.4784991525064298,-13.520121768409377,0.7470564509676069
0.01,0.35000000000000003,0.05,2702.0,23686.60999999998,45.52183567727609,54.58919319022946,11.465116106843832,2.302058230254143,-13.953208111889026,2.8990302220174033,264.0,204.3849999999985,38.63636363636363,49.24242424242424,0.980255326332907,0.3133059980351015,-13.520121768409377,0.4744887929178365
0.01,0.35000000000000003,0.1,2681.0,23835.949999999983,45.61730697500933,54.718388660947404,11.598666043554152,2.3154491975689404,-14.644682325248725,2.784962947727838,261.0,83.50999999999846,38.69731800766284,49.042145593869726,0.40624778049873694,0.12849053026516263,-13.826064897027257,0.18723240642000286
0.01,0.35000000000000003,0.15000000000000002,2655.0,23743.714999999982,45.687382297551785,54.76459510357815,11.608530181782937,2.313060205707971,-14.868987759947194,2.7393009560878943,258.0,-322.7000000000015,37.98449612403101,48.44961240310077,-1.5962185399769473,-0.5077468390744271,-14.441744964561565,-0.6639928466164712
0.01,0.35000000000000003,0.2,2611.0,23438.444999999985,45.76790501723478,54.84488701646879,11.609683395708972,2.292651874652207,-15.608733897221171,2.6035986146607506,253.0,-228.21000000000166,37.94466403162055,48.616600790513836,-1.1596896924263775,-0.36832760048420915,-13.9864675132917,-0.48966839690191843
0.01,0.35000000000000003,0.25,2583.0,23136.304999999982,45.799457994579946,54.85869144405729,11.534171676822902,2.2688293903533214,-16.75645674769194,2.4197594006355105,246.0,-202.74500000000168,38.21138211382114,48.78048780487805,-1.0608423112543715,-0.3292075223237844,-13.928963868632637,-0.4379868784516709
0.01,0.35000000000000003,0.30000000000000004,2542.0,24045.134999999984,46.06608969315499,55.15342250196695,12.155583620441764,2.3839339383974854,-13.536793596873641,3.0960723650588395,245.0,-92.29500000000172,38.36734693877551,48.97959183673469,-0.48569797211427806,-0.1492549741606098,-13.928963868632637,-0.2016902612928597
0.01,0.35000000000000003,0.35000000000000003,2499.0,23719.414999999983,46.0984393757503,55.22208883553421,12.17462611889215,2.369608335150082,-16.56493671712639,2.5269444628348303,237.0,-101.67500000000155,38.39662447257383,49.36708860759494,-0.5576938160847374,-0.1666954780374924,-15.068064756055865,-0.20519117720612037
0.01,0.35000000000000003,0.4,2443.0,23120.374999999978,46.049938600081866,55.218993041342614,12.103383097219098,2.3521833946091357,-16.90881576506196,2.4724349864229973,234.0,19.604999999997943,38.88888888888889,49.572649572649574,0.10940827451346911,0.0322159205424336,-14.900368573647981,0.041018881718912534
0.01,0.35000000000000003,0.45,2382.0,22715.52499999998,46.095717884130984,55.20570948782536,12.10592242785204,2.3350216494236107,-16.216219857866175,2.5784857305814373,225.0,-55.49000000000129,39.111111111111114,49.333333333333336,-0.31811057567180034,-0.08927580308279422,-15.81451410303989,-0.11124779865168714
0.01,0.35000000000000003,0.5,2288.0,22230.639999999985,46.15384615384615,55.24475524475524,12.155095427327874,2.3015739732733653,-17.902016776110308,2.3529395350994577,224.0,-111.86000000000138,38.839285714285715,49.107142857142854,-0.6428259054357545,-0.18051184242191065,-15.896524204992101,-0.2217266533430506
0.01,0.4,0.0,2555.0,21368.719999999987,44.9706457925636,54.0508806262231,11.03631583747826,2.179982188986506,-11.033439409316559,3.5104767825547083,240.0,584.9050000000011,38.333333333333336,48.75,3.045006783398744,0.8940006505363272,-10.903450645828826,1.7506197271037836
0.01,0.4,0.05,2541.0,21338.77999999999,44.942935852026764,54.07319952774499,11.041888094880798,2.180164178668887,-11.172322369143405,3.4680635441608465,239.0,471.2350000000013,38.07531380753138,48.53556485355649,2.470609946821876,0.7404312174255114,-10.903450645828826,1.3941636012842045
0.01,0.4,0.1,2520.0,21488.119999999988,45.03968253968254,54.2063492063492,11.182308654037541,2.195677573911551,-11.87389516240831,3.2922731753031034,236.0,350.360000000001,38.13559322033898,48.30508474576271,1.8656146182055624,0.558269417917826,-11.213151525112263,0.9955367768213406
0.01,0.4,0.15000000000000002,2494.0,21395.884999999987,45.10825982357659,54.25020048115478,11.190750708003408,2.1921920273889306,-11.972868799481517,3.2596249892686897,233.0,-55.84999999999909,37.33905579399141,47.63948497854077,-0.30287451504827606,-0.09194525519794262,-12.370200149099542,-0.13794838209555202
0.01,0.4,0.2,2450.0,21090.614999999987,45.183673469387756,54.326530612244895,11.186114114554977,2.172827519927656,-12.506566480284098,3.1143199838626234,228.0,38.64000000000115,37.280701754385966,47.80701754385965,0.21584192595348983,0.06654959278431927,-11.147022637911085,0.10828393296869405
0.01,0.4,0.25,2422.0,20788.474999999984,45.210569777043766,54.33526011560693,11.102285182392837,2.1472637368590877,-13.480059492736519,2.879679113357425,221.0,64.10500000000098,37.55656108597285,47.963800904977376,0.3697977808095169,0.11163760222385713,-11.417375242182526,0.17808447995285448
0.01,0.4,0.30000000000000004,2381.0,21697.30499999999,45.48509029819404,54.640907181856356,11.76214604621102,2.266917395753259,-11.033439409316559,3.6503205630150224,220.0,174.55500000000097,37.72727272727273,48.18181818181818,1.0133228840125448,0.30270435465796813,-11.417375242182526,0.4906863781671988
0.01,0.4,0.35000000000000003,2338.0,21371.584999999985,45.50898203592814,54.70487596236099,11.776117941554997,2.2549209487165953,-13.30329565326549,3.024595775668502,212.0,165.1750000000012,37.735849056603776,48.58490566037736,1.0038116583752636,0.2908814128370111,-12.574022239434901,0.421184569230831
0.01,0.4,0.4,2282.0,20772.544999999987,45.44259421560035,54.688869412795796,11.690995816858472,2.2370785263805213,-13.606770535783653,2.9514596836511795,209.0,286.4550000000006,38.27751196172249,48.803827751196174,1.7745315646765083,0.4986374799001908,-12.432373186226664,0.7582954410837506
0.01,0.4,0.45,2221.0,20367.694999999985,45.4750112561909,54.66006303466907,11.685722229527812,2.2187816890705534,-12.882945806917323,3.1133700989173185,200.0,211.36000000000124,38.5,48.5,1.3490716515596166,0.361307866150075,-13.364316770287033,0.5301331750425451
0.01,0.4,0.5,2127.0,19882.80999999999,45.51010813352139,54.677950164551014,11.726997513142638,2.1826416206670802,-13.911993404546841,2.8996701279465276,199.0,154.99000000000115,38.19095477386934,48.24120603015075,0.9919525060897088,0.26504817334919334,-13.43446961883924,0.3842597315433949
0.01,0.45,0.0,2356.0,18041.429999999986,44.77928692699491,53.73514431239389,10.176902743822977,1.9650455300710838,-11.846939779898625,2.989601150258085,220.0,368.0499999999996,38.18181818181819,48.18181818181818,2.077801984144232,0.5774573902363953,-12.333201333975385,0.9908516516075385
0.01,0.45,0.05,2342.0,18011.489999999983,44.74807856532878,53.75747224594364,10.181197894921763,1.9645120496705337,-12.160153061199509,2.9130391298827227,219.0,254.37999999999965,37.89954337899543,47.94520547945205,1.4471169162153532,0.4105686178850421,-12.333201333975385,0.676441841300618
0.01,0.45,0.1,2321.0,18160.829999999987,44.85135717363205,53.89918138733305,10.329329592876357,1.981297215200392,-12.915835244727724,2.7702914292581915,216.0,133.5049999999996,37.96296296296296,47.68518518518518,0.7723909783484042,0.21862589812769806,-12.638271627082942,0.34191565769455395
0.01,0.45,0.15000000000000002,2295.0,18068.594999999987,44.92374727668845,53.94335511982571,10.333832774031425,1.9782264192961596,-13.021592221817857,2.7451581314421714,213.0,-272.7050000000004,37.08920187793427,46.948356807511736,-1.6093775358149305,-0.4649359898645327,-13.91765232586688,-0.6065681210631385
0.01,0.45,0.2,2251.0,17763.324999999986,45.002221235006665,54.020435362061306,10.315570064337125,1.9559776179035429,-13.61262105777643,2.6222939431366337,208.0,-178.21500000000034,37.019230769230774,47.11538461538461,-1.0862290909356895,-0.32067962648346743,-12.911191720653182,-0.43714790767886635
0.01,0.45,0.25,2223.0,17461.184999999983,45.02923976608187,54.02609086819613,10.217113557031578,1.929366114197756,-14.662955834568725,2.4242216581329274,201.0,-152.7500000000007,37.3134328358209,47.2636815920398,-0.964335678463027,-0.2780361147432346,-12.970607202819762,-0.3787701357628252
0.01,0.45,0.30000000000000004,2182.0,18370.014999999985,45.32538955087076,54.353803849679196,10.926495910121337,2.056037026086226,-11.287541299198722,3.2903548130405516,200.0,-42.30000000000075,37.5,47.5,-0.26889974235209557,-0.07662999846462441,-12.970607202819762,-0.10621871194399678
0.01,0.45,0.35000000000000003,2139.0,18044.294999999984,45.34829359513792,54.4179523141655,10.926746638599758,2.046933746444204,-14.14264178168565,2.6215917503093134,192.0,-51.680000000000405,37.5,47.91666666666667,-0.34546493711375276,-0.09546373941869968,-14.107743484637492,-0.12074000727178975
0.01,0.45,0.4,2083.0,17445.254999999983,45.27124339894383,54.39270283245319,10.812982455270411,2.023197713291475,-13.258867949116004,2.7792490473634337,189.0,69.5999999999992,38.095238095238095,48.148148148148145,0.47517160112347495,0.1269779416656381,-13.951180544689413,0.1690055372094239
0.01,0.45,0.45,2022.0,17040.404999999984,45.30168150346192,54.352126607319484,10.788350757414113,2.001154142744859,-12.475024944046453,2.949844868376566,180.0,-5.495000000000147,38.333333333333336,47.77777777777778,-0.03877407591392611,-0.009908323742074681,-14.865261974381161,-0.012752055796469932
0.01,0.45,0.5,1928.0,16555.519999999982,45.33195020746888,54.356846473029044,10.80621703162965,1.9607879066652842,-14.344074853918498,2.578661619415666,179.0,-61.86500000000024,37.988826815642454,47.486033519553075,-0.4378425012615458,-0.11161427855737069,-14.942130171109746,-0.14184483081228114
0.01,0.5,0.0,2180.0,17439.92999999999,44.908256880733944,53.85321100917431,10.665215522916567,1.9934779396323286,-11.348437291790193,3.146914999865428,198.0,368.7049999999996,39.8989898989899,48.484848484848484,2.280345751885416,0.567043431071705,-14.293678961054946,0.8681678299204293
0.01,0.5,0.05,2166.0,17409.989999999983,44.87534626038781,53.8781163434903,10.670976820308177,1.992969499199005,-11.407116868244005,3.131159588190006,197.0,255.03499999999948,39.59390862944163,48.223350253807105,1.5906095813902983,0.4028825011305701,-14.293678961054946,0.5930197171073025
0.01,0.5,0.1,2145.0,17559.329999999987,44.988344988344984,54.03263403263403,10.834980650553105,2.012770950066464,-11.756918935890315,3.078497187214067,194.0,134.15999999999943,39.69072164948454,47.93814432989691,0.8523490743029044,0.2148603529631969,-14.593604217130874,0.3014757123127768
0.01,0.5,0.15000000000000002,2119.0,17467.094999999987,45.06842850401133,54.08211420481359,10.8429105026801,2.0085067603778404,-11.323661823439535,3.192975533086804,191.0,-272.05000000000086,38.7434554973822,47.12041884816754,-1.7665423820822468,-0.45255288732764437,-16.08325003171034,-0.5300904091646346
0.01,0.5,0.2,2075.0,17161.824999999986,45.1566265060241,54.168674698795186,10.831575861408433,1.9881355038461117,-11.723244417605116,3.0879911005633294,186.0,-177.56000000000063,38.70967741935484,47.31182795698925,-1.1947127434456026,-0.3066738632882577,-14.880975979198663,-0.38268225718080073
0.01,0.5,0.25,2047.0,16859.684999999983,45.18808011724475,54.176844162188566,10.72876190447099,1.963931834708362,-12.799024978726425,2.823863013825888,179.0,-152.09500000000077,39.10614525139665,47.486033519553075,-1.0639503445535687,-0.26682154584682566,-15.140500941348577,-0.32726307148903927
0.01,0.5,0.30000000000000004,2006.0,17768.51499999999,45.51345962113659,54.536390827517444,11.510568712372123,2.100005062847738,-11.033439409316559,3.429441820443304,178.0,-41.64500000000078,39.325842696629216,47.752808988764045,-0.2935607662679737,-0.07274066798653471,-15.140500941348577,-0.0907641106220643
0.01,0.5,0.35000000000000003,1963.0,17442.794999999987,45.54253693326541,54.61029037187978,11.522358380934707,2.0985687116386167,-12.209872897787166,3.106958941311721,170.0,-51.02500000000046,39.411764705882355,48.23529411764706,-0.38035950962136594,-0.0904178426339889,-16.25544405674556,-0.10483511265596308
0.01,0.5,0.4,1907.0,16843.754999999986,45.464079706345046,54.588358678552694,11.413336356334902,2.0744871622087078,-11.139383302190842,3.3835798329291933,167.0,70.25499999999894,40.119760479041915,48.50299401197605,0.5361859704046328,0.1231775779132286,-16.078073436426,0.1500645909239684
0.01,0.5,0.45,1846.0,16438.904999999984,45.50379198266522,54.55037919826652,11.400445187911467,2.0511272811512398,-11.033439409316559,3.4110055013671228,158.0,-4.840000000000316,40.50632911392405,48.10126582278481,-0.03832986331919444,-0.008271036572397692,-16.971298585343753,-0.009975520550123147
0.01,0.5,0.5,1752.0,15954.019999999982,45.54794520547945,54.5662100456621,11.440916103997886,2.013243774499087,-13.068322807068633,2.8996715283402223,157.0,-61.21000000000032,40.12738853503185,47.77070063694268,-0.48637653060413916,-0.10465296398156185,-17.05758102686947,-0.12463716100587491
0.0125,0.0,0.0,2827.0,25473.914999999986,43.827378846834094,54.05022992571631,12.811029591997967,2.609920785092904,-11.420450368018543,3.7064170246537738,300.0,2891.434999999993,42.0,54.0,13.173496779790101,3.9210156310527973,-6.321711489682724,18.383846065937554
0.0125,0.0,0.05,2817.0,25431.514999999985,43.8054668086617,54.064607738729144,12.806554692111593,2.6093713243700574,-11.420450368018543,3.707129044040858,299.0,2777.764999999993,41.80602006688963,53.84615384615385,12.733951136548537,3.7404674303125853,-6.321711489682724,17.476404347689805
0.0125,0.0,0.1,2798.0,25713.714999999986,43.888491779842745,54.181558255897066,13.020109491858182,2.637217399042842,-11.420450368018543,3.7446057564373745,297.0,2791.8199999999933,42.08754208754209,53.87205387205387,12.904863024906298,3.7596822877366605,-6.321711489682724,17.587721589901
0.0125,0.0,0.15000000000000002,2779.0,25626.974999999984,43.8287153652393,54.192155451601295,13.031454872053681,2.6388911526005345,-11.420450368018543,3.7459861933555194,294.0,2385.6099999999933,41.49659863945578,53.40136054421769,11.203218563752992,3.2409970604775626,-6.321711489682724,14.469875128788155
0.0125,0.0,0.2,2746.0,25180.434999999983,43.809176984705026,54.15149308084487,12.930817827746395,2.6017411965828896,-11.420450368018543,3.7314117116438013,292.0,2562.179999999993,41.78082191780822,53.76712328767124,12.131534090909058,3.4561515645219805,-6.321711489682724,15.799981782869981
0.0125,0.0,0.25,2724.0,24806.10499999998,43.79588839941263,54.14831130690162,12.804251968195036,2.562349388969425,-11.420450368018543,3.6986851907661342,286.0,2481.644999999993,41.95804195804196,53.84615384615385,12.013078799062406,3.3385407977067474,-6.327759579100634,15.174036114518305
0.0125,0.0,0.30000000000000004,2696.0,25082.819999999985,43.87982195845697,54.26557863501483,13.077335557829285,2.6056691016249287,-11.420450368018543,3.736530273754283,285.0,2592.094999999993,42.10526315789473,54.03508771929825,12.61439282563233,3.506008592355991,-6.327759579100634,16.013821691015142
0.0125,0.0,0.35000000000000003,2669.0,24748.10499999999,43.87411015361559,54.28999625327838,13.00869741376754,2.5805437461540013,-11.60307208250072,3.6737780061485084,280.0,2711.934999999993,42.5,54.64285714285714,13.462495972820161,3.684835837026216,-6.327759579100634,16.942124403565266
0.0125,0.0,0.4,2636.0,24470.83499999998,43.892261001517454,54.28679817905918,13.006818061500635,2.57034049454335,-11.420450368018543,3.724031829632731,279.0,2843.9049999999934,42.65232974910394,54.83870967741935,14.209791292964287,3.9143100727079556,-5.092962959844105,22.345751848492082
0.0125,0.0,0.45,2596.0,23929.099999999984,43.79815100154083,54.12172573189522,12.85761071031433,2.5229508462439347,-11.49092823342609,3.674744035650902,271.0,2722.879999999994,42.80442804428044,54.61254612546126,13.904425458424518,3.6922035345009383,-5.534456318589154,19.80474530731268
0.0125,0.0,0.5,2530.0,23354.059999999983,43.794466403162055,54.11067193675889,12.774108784761676,2.473252074884316,-12.785336778965428,3.283588947148221,270.0,2666.5099999999943,42.592592592592595,54.44444444444444,13.646068421995313,3.6255192905359306,-5.561283498793978,19.198366182055604
0.0125,0.05,0.0,2778.0,25747.444999999985,44.34845212383009,54.535637149028084,12.95413008082468,2.626284967755623,-11.420450368018543,3.757822052781378,298.0,2981.3749999999936,42.281879194630875,54.36241610738255,13.55383619423779,3.9481939710165954,-6.284788061861235,19.56689773503834
0.0125,0.05,0.05,2768.0,25705.044999999984,44.328034682080926,54.552023121387286,12.949841856536045,2.62575209561601,-11.420450368018543,3.75863051281564,297.0,2867.7049999999936,42.08754208754209,54.20875420875421,13.11759800672503,3.7721943962632447,-6.284788061861235,18.620818436436416
0.0125,0.05,0.1,2749.0,25987.244999999988,44.41615132775555,54.674427064387054,13.16427961341038,2.65391419835274,-11.420450368018543,3.796374229592129,295.0,2881.759999999993,42.3728813559322,54.23728813559322,13.291319058811345,3.79100268746251,-6.284788061861235,18.73686519222057
0.0125,0.05,0.15000000000000002,2730.0,25900.504999999983,44.35897435897436,54.68864468864469,13.176244193472117,2.655599995916641,-11.420450368018543,3.7979496873248584,292.0,2475.549999999993,41.78082191780822,53.76712328767124,11.59962945660661,3.3191904305842552,-6.284788061861235,15.487666303435327
0.0125,0.05,0.2,2697.0,25453.964999999986,44.34556915090842,54.653318502039305,13.076993460775022,2.619317391051605,-11.420450368018543,3.783927832023304,290.0,2652.1199999999935,42.06896551724138,54.137931034482754,12.5291128069895,3.5321454366595377,-6.284788061861235,16.873522648044275
0.0125,0.05,0.25,2675.0,25079.634999999987,44.33644859813084,54.654205607476634,12.951125829661292,2.5805049539885188,-11.420450368018543,3.7512326692532705,284.0,2571.5849999999928,42.25352112676056,54.22535211267606,12.419803994297137,3.4158054691736974,-6.29080082600475,16.220894186301045
0.0125,0.05,0.30000000000000004,2647.0,25356.349999999984,44.42765394786551,54.778995088779745,13.225808790388786,2.6237647046919763,-11.420450368018543,3.7893521192511797,283.0,2682.0349999999926,42.40282685512368,54.416961130742045,13.021882011247575,3.581430688207646,-6.29080082600475,17.095975832629325
0.0125,0.05,0.35000000000000003,2620.0,25021.634999999984,44.42748091603053,54.80916030534351,13.15835875608941,2.598987636559757,-11.91872439096835,3.6276609278377197,278.0,2801.874999999993,42.805755395683455,55.03597122302158,13.876143210959931,3.758289304530402,-6.29080082600475,18.063492485620323
0.0125,0.05,0.4,2587.0,24744.364999999983,44.453034402783146,54.812524159257826,13.158153201950839,2.58895387403034,-11.733425679009946,3.6770601166122656,277.0,2933.844999999993,42.96028880866426,55.23465703971119,14.624357471278083,3.9849438062051146,-5.05600420674821,23.827984571259403
0.0125,0.05,0.45,2547.0,24202.629999999986,44.36592069100903,54.65253239104829,13.010529158668785,2.5428890286415173,-11.805224242989098,3.629494409613717,269.0,2812.8199999999943,43.12267657992565,55.01858736059479,14.32883234193336,3.766848879569368,-5.560360688775234,20.901417648141567
0.0125,0.05,0.5,2481.0,23627.589999999986,44.37726723095526,54.65538089480049,12.929737357826777,2.495666187839254,-13.454319326261421,3.1715073911550773,268.0,2756.4499999999944,42.91044776119403,54.850746268656714,14.072021057618448,3.7007672805125646,-5.587440203685445,20.272910460412305
0.0125,0.1,0.0,2708.0,26373.434999999983,44.68242245199409,54.91137370753324,13.358534300243003,2.700624495571034,-11.420450368018543,3.870169435814458,287.0,2808.5049999999924,42.1602787456446,54.70383275261324,12.903346594253037,3.7096817685898307,-6.284788061861235,18.134904278601468
0.0125,0.1,0.05,2698.0,26331.03499999998,44.66271312083025,54.929577464788736,13.354753692079067,2.700556652856708,-11.420450368018543,3.8711946672736137,286.0,2694.8349999999923,41.95804195804196,54.54545454545454,12.458392431490791,3.536269175134511,-6.284788061861235,17.214870737751127
0.0125,0.1,0.1,2679.0,26613.234999999986,44.755505785740944,55.057857409481144,13.572897387394592,2.7288976956952915,-11.420450368018543,3.909477592278675,284.0,2708.889999999992,42.25352112676056,54.5774647887324,12.628451578946839,3.5501504074118553,-6.284788061861235,17.32771041082502
0.0125,0.1,0.15000000000000002,2660.0,26526.494999999984,44.69924812030075,55.07518796992481,13.586696472226766,2.730949370331386,-11.420450368018543,3.9114914742331615,281.0,2302.6799999999926,41.637010676156585,54.092526690391466,10.907592322413135,3.0768645919990045,-6.284788061861235,14.169676907193654
0.0125,0.1,0.2,2627.0,26079.954999999987,44.68976018271793,55.04377617053673,13.490844909589708,2.695029635197038,-11.420450368018543,3.898744203132254,279.0,2479.2499999999923,41.935483870967744,54.48028673835126,11.841572960185434,3.3071441432754813,-6.284788061861235,15.516293541233013
0.0125,0.1,0.25,2605.0,25705.624999999985,44.68330134357006,55.047984644913626,13.366255136757557,2.6576364794006566,-11.420450368018543,3.8714471901059313,273.0,2398.7149999999924,42.124542124542124,54.57875457875458,11.715513153068457,3.181419035426636,-6.29080082600475,14.88291661058401
0.0125,0.1,0.30000000000000004,2577.0,25982.339999999982,44.780752813348855,55.18044237485448,13.647065719672904,2.7018072037288876,-11.420450368018543,3.910194247919316,272.0,2509.1649999999922,42.279411764705884,54.779411764705884,12.320640650824835,3.350431885949934,-6.29080082600475,15.733343227144168
0.0125,0.1,0.35000000000000003,2550.0,25647.624999999985,44.78431372549019,55.2156862745098,13.582622695142497,2.677250204267152,-12.090321309405006,3.6916183072062,267.0,2629.004999999993,42.69662921348314,55.430711610486895,13.17057591727949,3.527862667017705,-6.29080082600475,16.67384509338265
0.0125,0.1,0.4,2517.0,25370.35499999998,44.81525625744934,55.22447357965833,13.587196851627573,2.667678649371445,-11.839772196073461,3.7627900735388846,266.0,2760.974999999993,42.857142857142854,55.639097744360896,13.922850271777875,3.751089077746215,-5.05600420674821,22.061542226808832
0.0125,0.1,0.45,2477.0,24828.61999999998,44.731530076705695,55.066612838110615,13.443224855332454,2.6223359503928765,-11.912271412418551,3.7161701110709893,258.0,2639.9499999999935,43.02325581395349,55.42635658914728,13.608228185442393,3.532350952349281,-5.263604764851671,20.379992211109034
0.0125,0.1,0.5,2411.0,24253.579999999984,44.75321443384488,55.0808793031937,13.369675843966434,2.575354440245048,-13.629833991111761,3.2367016019212307,257.0,2583.5799999999936,42.80155642023346,55.252918287937746,13.346778713799857,3.4659650717797676,-5.289704894037007,19.73832894709169
0.0125,0.15000000000000002,0.0,2615.0,25415.794999999987,44.66539196940727,54.99043977055449,13.078442471318628,2.60025279420832,-11.420450368018543,3.831439634296815,280.0,2598.174999999993,42.5,55.00000000000001,12.055360910317926,3.3654982712975374,-6.360529496212319,16.249995656016814
0.0125,0.15000000000000002,0.05,2605.0,25373.39499999999,44.644913627639156,55.00959692898273,13.074224037586065,2.599855343018358,-11.420450368018543,3.8323162932041073,279.0,2484.5049999999933,42.29390681003584,54.83870967741935,11.600621002007719,3.19852728057419,-6.360529496212319,15.37172905673405
0.0125,0.15000000000000002,0.1,2586.0,25655.59499999999,44.740912606341844,55.1430781129157,13.294281197658702,2.6280739378503135,-11.420450368018543,3.871631640900613,277.0,2498.559999999993,42.59927797833935,54.87364620938629,11.765121361246205,3.212584689913301,-6.360529496212319,15.479431413302242
0.0125,0.15000000000000002,0.15000000000000002,2567.0,25568.85499999999,44.68250876509544,55.161667315932995,13.3070879992847,2.6299769322575055,-11.420450368018543,3.873345689831184,274.0,2092.349999999993,41.97080291970803,54.379562043795616,10.01262374910989,2.7425411090064893,-6.360529496212319,12.466814871326367
0.0125,0.15000000000000002,0.2,2534.0,25122.314999999988,44.672454617206,55.13022888713497,13.206851011429595,2.5937188206901136,-11.420450368018543,3.858990257457961,272.0,2268.9199999999933,42.279411764705884,54.779411764705884,10.948721598791657,2.9683358845734538,-6.360529496212319,13.750998664900836
0.0125,0.15000000000000002,0.25,2512.0,24747.984999999986,44.6656050955414,55.13535031847133,13.078725221989133,2.5560334764569497,-11.420450368018543,3.830293409905878,266.0,2188.384999999993,42.4812030075188,54.88721804511278,10.800966980421967,2.8587625915906942,-6.366688130906617,13.147753711312635
0.0125,0.15000000000000002,0.30000000000000004,2484.0,25024.69999999999,44.76650563607085,55.27375201288245,13.361212551649508,2.6008792759363786,-11.420450368018543,3.8754554873663993,265.0,2298.8349999999928,42.64150943396226,55.094339622641506,11.407557416536203,3.022270505950507,-6.366688130906617,13.958889352377618
0.0125,0.15000000000000002,0.35000000000000003,2457.0,24689.98499999999,44.77004477004477,55.311355311355314,13.293293521267984,2.5774250437503574,-12.249304752294965,3.6152223428063426,260.0,2418.6749999999934,43.07692307692308,55.769230769230774,12.247993672116769,3.194544655932367,-6.366688130906617,14.856231364346069
0.0125,0.15000000000000002,0.4,2424.0,24412.714999999986,44.801980198019805,55.32178217821782,13.294629262140273,2.56850636170806,-11.836460541436555,3.7333586958938976,259.0,2550.644999999993,43.24324324324324,55.98455598455598,13.002316885738502,3.4087860257106017,-5.116995890229347,19.740092492843168
0.0125,0.15000000000000002,0.45,2384.0,23870.979999999985,44.71476510067114,55.15939597315436,13.144933656603554,2.525729689035994,-11.9115338495142,3.689237831553628,251.0,2429.6199999999935,43.42629482071713,55.77689243027888,12.663517839589082,3.2004521262871535,-5.293509214389147,18.27317507444347
0.0125,0.15000000000000002,0.5,2318.0,23295.939999999988,44.73684210526316,55.17687661777394,13.064613022653157,2.4774864210403087,-13.627081173811927,3.2116837280478894,250.0,2373.2499999999936,43.2,55.60000000000001,12.397061166496428,3.1343800097242633,-5.319907498332411,17.663234335368035
0.0125,0.2,0.0,2501.0,25082.19999999999,45.141943222710914,55.177928828468616,13.348395616213637,2.61296556318885,-11.420450368018543,3.84421684170552,269.0,2573.689999999993,42.75092936802974,55.01858736059479,12.287303547753634,3.4575624422564353,-6.206013526116516,16.45926135258424
0.0125,0.2,0.05,2491.0,25039.79999999999,45.1224407868326,55.198715375351256,13.344408997038673,2.612731571061453,-11.420450368018543,3.8450765200312325,268.0,2460.019999999993,42.53731343283582,54.850746268656714,11.82082466399816,3.283141612481096,-6.206013526116516,15.562767346950958
0.0125,0.2,0.1,2472.0,25321.999999999993,45.226537216828476,55.33980582524271,13.573628330234655,2.641102286334767,-11.46656880281689,3.869522082239581,266.0,2474.0749999999925,42.857142857142854,54.88721804511278,11.992078875822697,3.29743856430713,-6.206013526116516,15.672703160276487
0.0125,0.2,0.15000000000000002,2453.0,25235.259999999987,45.16918059518956,55.3607827150428,13.588138320922937,2.64374842031098,-11.604380614524256,3.8252217483753137,263.0,2067.8649999999925,42.20532319391635,54.372623574144484,10.191035246133476,2.8221162437710743,-6.206013526116516,12.59781149153143
0.0125,0.2,0.2,2420.0,24788.719999999994,45.16528925619835,55.33057851239669,13.487335206205557,2.6072232880363786,-12.140127730815632,3.6424217313705314,261.0,2244.4349999999927,42.5287356321839,54.78927203065134,11.156879363524933,3.056691233639245,-6.206013526116516,13.9084896777822
0.0125,0.2,0.25,2398.0,24414.38999999999,45.16263552960801,55.33778148457048,13.356235258333216,2.57330780269691,-12.801579209417092,3.442399897697114,255.0,2163.899999999993,42.745098039215684,54.90196078431373,11.009462775459122,2.942355612929757,-6.212073750499004,13.292801679054596
0.0125,0.2,0.30000000000000004,2370.0,24691.10499999999,45.27426160337553,55.48523206751055,13.651724972238858,2.619239457360571,-12.556855494915842,3.5515926159603826,254.0,2274.349999999993,42.91338582677165,55.118110236220474,11.63602745557089,3.1139414908042538,-6.212073750499004,14.120683027865205
0.0125,0.2,0.35000000000000003,2343.0,24356.389999999992,45.2838241570636,55.52710200597525,13.583899733730599,2.596086709976065,-13.986535452616767,3.190250337375145,249.0,2394.1899999999932,43.373493975903614,55.82329317269076,12.507901712621077,3.294416202753253,-6.212073750499004,15.036585911051485
0.0125,0.2,0.4,2310.0,24079.119999999988,45.324675324675326,55.541125541125545,13.588734888258191,2.587955864324462,-13.485360618284158,3.3062896123663252,248.0,2526.1599999999935,43.54838709677419,56.048387096774185,13.288060702497237,3.5360669234261,-4.951733266609248,20.15602615080039
0.0125,0.2,0.45,2270.0,23537.384999999987,45.242290748898675,55.37444933920705,13.436953420883794,2.547334596075979,-13.572299180296232,3.271150295688918,240.0,2405.134999999994,43.75,55.833333333333336,12.944836026928023,3.3012189778416645,-5.400542382871098,17.688234628342368
0.0125,0.2,0.5,2204.0,22962.344999999994,45.28130671506352,55.39927404718693,13.359209504130137,2.5019649858507353,-15.428991855311192,2.87388562342908,239.0,2348.7649999999935,43.51464435146444,55.64853556485355,12.670309722697947,3.2330452548502056,-5.427375702611769,17.093917864362158
0.0125,0.25,0.0,2389.0,23643.34999999999,45.03976559229803,55.08580996232734,12.983495998503262,2.4958521910509313,-11.863543813332067,3.6285029648879457,242.0,2018.7999999999934,42.97520661157025,53.30578512396694,10.55517678404862,2.8476910669142033,-6.164987708951408,12.728148186021972
0.0125,0.25,0.05,2379.0,23600.949999999993,45.018915510718784,55.10718789407314,12.97885724772083,2.495477358861297,-12.153675436790113,3.5424384790750825,241.0,1905.1299999999935,42.738589211618255,53.11203319502075,10.03168321211004,2.6755034533793696,-6.164987708951408,11.874451348434636
0.0125,0.25,0.1,2360.0,23883.149999999994,45.1271186440678,55.254237288135585,13.213229411823281,2.5251802929238707,-12.259402873155,3.5506706422262604,239.0,1919.184999999993,43.09623430962343,53.13807531380753,10.20238539503716,2.683923920839117,-6.164987708951408,11.979065074027373
0.0125,0.25,0.15000000000000002,2341.0,23796.409999999996,45.06621102093122,55.275523280649296,13.226529484269834,2.5277591122546577,-12.256470819801235,3.5525793458543373,236.0,1512.9749999999929,42.3728813559322,52.54237288135594,8.190972457196956,2.174152046877712,-6.164987708951408,9.061203160937094
0.0125,0.25,0.2,2308.0,23349.869999999995,45.06065857885615,55.24263431542461,13.118534626241875,2.4911464997443336,-12.796848834490572,3.3868326552855503,234.0,1689.544999999993,42.73504273504273,52.991452991452995,9.233858803057029,2.4206249604899717,-6.164987708951408,10.302831778394893
0.0125,0.25,0.25,2286.0,22975.539999999997,45.05686789151356,55.249343832021005,12.981056916260389,2.4564290826904824,-13.452711810979734,3.2084442879735295,228.0,1609.0099999999927,42.98245614035088,53.07017543859649,9.021572020180345,2.31241403160234,-6.171007871278533,9.721980632913757
0.0125,0.25,0.30000000000000004,2258.0,23252.254999999997,45.172719220549155,55.40301151461471,13.282203048452658,2.50280148471178,-13.208097280211117,3.309252030108096,227.0,1719.4599999999928,43.17180616740088,53.30396475770925,9.70021984667707,2.48865117705384,-6.171007871278533,10.50697247977032
0.0125,0.25,0.35000000000000003,2231.0,22917.539999999994,45.181532944867776,55.44598834603317,13.208785476845398,2.4790906231554923,-15.004427102203577,2.9129396698419145,222.0,1839.2999999999931,43.69369369369369,54.054054054054056,10.618503433564314,2.6752727347667187,-6.171007871278533,11.376882060589594
0.0125,0.25,0.4,2198.0,22640.269999999993,45.22292993630573,55.45950864422202,13.209179033058781,2.47053721360883,-14.43098034415068,3.0292249016584107,221.0,1971.269999999993,43.89140271493213,54.29864253393665,11.466885541138396,2.919690241538013,-5.647288222718306,13.502960170259998
0.0125,0.25,0.45,2158.0,22098.534999999996,45.13438368860056,55.282669138090824,13.047649395747504,2.430490887226967,-14.523337601602337,2.9983609642128437,213.0,1850.2449999999938,44.13145539906103,53.990610328638496,11.039575515912448,2.6912281445536363,-5.766608854789002,12.669441955126029
0.0125,0.25,0.5,2092.0,21523.494999999995,45.172084130019115,55.30592734225621,12.959489686144067,2.3859380400427805,-16.39222258907965,2.654137549286291,212.0,1793.8749999999936,43.86792452830189,53.77358490566038,10.730342186582153,2.6178832981884974,-5.796537683364433,12.147624183571406
0.0125,0.30000000000000004,0.0,2227.0,21248.17,44.94836102379883,54.64750785810507,12.483623013581708,2.344900540114135,-11.420450368018543,3.613839971541024,221.0,1168.9249999999952,40.27149321266968,51.58371040723983,6.604976708758881,1.715551075780406,-8.028201432333937,5.347000927394207
0.0125,0.30000000000000004,0.05,2217.0,21205.769999999997,44.9255751014885,54.66847090663058,12.477890134533894,2.3457029131514413,-11.420450368018543,3.619046692105604,220.0,1055.254999999995,40.0,51.36363636363637,6.008531761509223,1.542725204054597,-8.028201432333937,4.768240955736709
0.0125,0.30000000000000004,0.1,2198.0,21487.969999999994,45.040946314831665,54.82256596906279,12.725539146870087,2.37897569333165,-11.420450368018543,3.6686837578996547,218.0,1069.309999999995,40.36697247706422,51.37614678899083,6.151604303608978,1.5544733354541223,-8.325063579627356,4.666532402622334
0.0125,0.30000000000000004,0.15000000000000002,2179.0,21401.229999999996,44.97475906379073,54.84167049105094,12.73734969675244,2.379613980573306,-11.420450368018543,3.6687551393560125,215.0,663.0999999999948,39.53488372093023,50.697674418604656,3.890808573509026,0.9949537526530621,-8.435350611912519,2.732664768704333
0.0125,0.30000000000000004,0.2,2146.0,20954.689999999995,44.967381174277726,54.79962721342032,12.615958053350846,2.343917130356276,-12.09725027393418,3.4518669031567186,213.0,839.669999999995,39.906103286384976,51.173708920187785,4.977662851329884,1.2542734398986912,-8.093393650700076,3.676629174947362
0.0125,0.30000000000000004,0.25,2124.0,20580.359999999993,44.962335216572505,54.80225988700565,12.465535637967438,2.3115521382538415,-12.890516435021537,3.2309737367209994,207.0,759.1349999999948,40.09661835748793,51.20772946859904,4.627004221466669,1.1473453236337068,-7.840086809853042,3.4511107019623384
0.0125,0.30000000000000004,0.30000000000000004,2096.0,20857.074999999997,45.08587786259542,54.961832061068705,12.782538466832658,2.3579863136883086,-12.539216879788528,3.3680440112779655,206.0,869.5849999999948,40.29126213592233,51.45631067961165,5.335705480666599,1.3231258327540905,-7.840086809853042,4.001962436595228
0.0125,0.30000000000000004,0.35000000000000003,2069.0,20522.359999999997,45.094248429192845,55.00241662638956,12.698890831180481,2.3321182616376146,-14.458083242810972,2.9175633802539553,201.0,989.424999999995,40.79601990049751,52.23880597014925,6.225488623071698,1.5120667027175867,-8.201124270367522,4.4110767865651965
0.0125,0.30000000000000004,0.4,2036.0,20245.089999999993,45.13752455795677,55.0098231827112,12.692586972830519,2.323878968734614,-13.851586305319374,3.0520063390185603,200.0,1121.394999999995,41.0,52.5,7.11434002052976,1.7453930792165413,-8.098660053480478,5.136790497376936
0.0125,0.30000000000000004,0.45,1996.0,19703.354999999992,45.04008016032064,54.809619238476955,12.512196520563274,2.2828215656189226,-13.946235778102112,3.017864964260541,192.0,1000.3699999999956,41.14583333333333,52.083333333333336,6.524894025994666,1.5278229667026428,-9.305207345448597,4.05812596237144
0.0125,0.30000000000000004,0.5,1930.0,19128.314999999995,45.07772020725388,54.818652849740936,12.405827711521777,2.237771009152371,-15.928397035393683,2.6422162912906915,191.0,943.9999999999953,40.83769633507853,51.832460732984295,6.174268735046663,1.4474017084526911,-9.354994710737385,3.784507385244143
0.0125,0.35000000000000003,0.0,2072.0,20211.454999999998,45.27027027027027,54.536679536679536,12.721426419273188,2.378266526320778,-11.420450368018543,3.573957847632527,198.0,169.29999999999563,38.38383838383838,49.494949494949495,1.0874696899137388,0.28893980259651764,-12.274962964683722,0.4663553546319261
0.0125,0.35000000000000003,0.05,2062.0,20169.054999999997,45.24733268671193,54.55868089233754,12.715676200214014,2.3781924802547203,-11.420450368018543,3.5789798521814538,197.0,55.62999999999579,38.07106598984771,49.23857868020304,0.36045621069352857,0.09457942394081145,-12.274962964683722,0.15124153701835677
0.0125,0.35000000000000003,0.1,2043.0,20451.255,45.37444933920705,54.723445912873224,12.98278391701279,2.4144941240868905,-11.420450368018543,3.6358557213331,195.0,69.68499999999563,38.46153846153847,49.23076923076923,0.4568540564850568,0.11779683858393818,-12.595976036057221,0.1849248291859855
0.0125,0.35000000000000003,0.15000000000000002,2024.0,20364.515,45.30632411067194,54.74308300395256,12.996823632125928,2.4140053089623024,-11.420450368018543,3.6354827759997286,192.0,-336.5250000000043,37.5,48.4375,-2.256536765070764,-0.5858979088053311,-13.937523200006186,-0.7698684831355918
0.0125,0.35000000000000003,0.2,1991.0,19917.975,45.30386740331492,54.69613259668509,12.869768031799827,2.3752746446192106,-11.782169000112951,3.5095009072788246,190.0,-159.95500000000402,37.89473684210527,48.94736842105264,-1.0852227741077403,-0.27696379325133563,-12.90697106042722,-0.40336556156535996
0.0125,0.35000000000000003,0.25,1969.0,19543.644999999997,45.30218384966989,54.69781615033011,12.709909324491557,2.3405510898935424,-12.487234421184256,3.3006105404779347,184.0,-240.49000000000456,38.04347826086957,48.91304347826087,-1.684430383204617,-0.4241670922198076,-13.39044271315254,-0.5941137084769667
0.0125,0.35000000000000003,0.30000000000000004,1941.0,19820.359999999997,45.440494590417316,54.86862442040186,13.053674522877763,2.3898608329326296,-12.227449028425175,3.425599402502042,183.0,-130.0400000000044,38.25136612021858,49.18032786885246,-0.9178378439421884,-0.2310735347021249,-13.39044271315254,-0.3255718191017024
0.0125,0.35000000000000003,0.35000000000000003,1914.0,19485.645000000004,45.45454545454545,54.91118077324973,12.966536131652333,2.3630440400796253,-14.155513737618397,2.9539308405076623,178.0,-10.200000000004252,38.764044943820224,50.0,-0.07410776431409088,-0.01822552918616455,-13.68401521926378,-0.025352605486655445
0.0125,0.35000000000000003,0.4,1881.0,19208.374999999996,45.5077086656034,54.91759702286018,12.963551117595157,2.3551102931108336,-13.54927942710491,3.0917111493653207,177.0,121.76999999999566,38.983050847457626,50.282485875706215,0.8931957365435348,0.2225297137943949,-12.405376155517855,0.33919484563519403
0.0125,0.35000000000000003,0.45,1841.0,18666.64,45.410103204780015,54.69853340575774,12.77293811981626,2.316204441625973,-13.64229321592415,3.063529149198454,169.0,0.7449999999967076,39.053254437869825,49.70414201183432,0.005642998894098769,0.0013167115838225792,-13.38419339742838,0.0019483750384057471
0.0125,0.35000000000000003,0.5,1775.0,18091.6,45.46478873239437,54.70422535211268,12.66412823168335,2.2686035098410895,-15.351733652786015,2.7240323199167333,168.0,-55.6250000000033,38.69047619047619,49.404761904761905,-0.42268654629569513,-0.0983631012172326,-13.457694091240313,-0.1436632267661619
0.0125,0.4,0.0,1942.0,18478.850000000002,44.90216271884655,54.273944387229655,12.4776099730398,2.2950136852903276,-11.420450368018543,3.4600176647309535,176.0,287.1199999999984,37.5,48.86363636363637,2.0587126019425437,0.5327814965178673,-11.043081957787725,0.9035835346183275
0.0125,0.4,0.05,1932.0,18436.450000000004,44.87577639751553,54.29606625258799,12.471008960224232,2.2947292564242985,-11.420450368018543,3.4645112844299604,175.0,173.4499999999981,37.142857142857146,48.57142857142857,1.255832980367867,0.3260698776469689,-11.043081957787725,0.5461244533090156
0.0125,0.4,0.1,1913.0,18718.65,45.00784108729744,54.469419759539996,12.755923959397256,2.3376229407995415,-11.420450368018543,3.5293723301822295,173.0,187.50499999999795,37.57225433526011,48.554913294797686,1.3755212169406728,0.35010109905289466,-11.364095029161236,0.5746669179170166
0.0125,0.4,0.15000000000000002,1894.0,18631.910000000003,44.931362196409715,54.48785638859557,12.769698822265113,2.337911786001831,-11.420450368018543,3.5280394866087534,170.0,-218.7050000000021,36.470588235294116,47.647058823529406,-1.6454290544378702,-0.41902214175858055,-12.70564219311019,-0.5709188039715983
0.0125,0.4,0.2,1861.0,18185.370000000003,44.92208490059108,54.433100483610964,12.630096550036217,2.300069162028922,-11.420450368018543,3.5135395496468336,168.0,-42.135000000001924,36.904761904761905,48.214285714285715,-0.32120722382736244,-0.08023091343837448,-11.229553141867632,-0.12712977789587018
0.0125,0.4,0.25,1839.0,17811.040000000005,44.915715062533984,54.431756389342034,12.456510538564709,2.2626207937275624,-11.420450368018543,3.497431102929277,162.0,-122.67000000000223,37.03703703703704,48.148148148148145,-0.9692972890966677,-0.23820819594998766,-12.157341298869406,-0.3477749274494855
0.0125,0.4,0.30000000000000004,1811.0,18087.755000000005,45.05797901711762,54.61071231363888,12.82308399063636,2.3144477430116255,-11.420450368018543,3.5592434394259485,161.0,-12.220000000002187,37.267080745341616,48.4472049689441,-0.09739837929736225,-0.02394379808897676,-12.157341298869406,-0.03512668410504089
0.0125,0.4,0.35000000000000003,1784.0,17753.040000000005,45.06726457399103,54.652466367713004,12.726630541650858,2.2899067478648862,-11.420450368018543,3.554475920505611,156.0,107.61999999999819,37.82051282051282,49.358974358974365,0.886339808615814,0.21230515077503004,-12.450913804980669,0.30661561243336766
0.0125,0.4,0.4,1751.0,17475.77,45.11707595659623,54.65448315248429,12.719736966701669,2.2803975548701705,-11.420450368018543,3.5576955225250457,155.0,239.5899999999982,38.064516129032256,49.67741935483871,1.994688379372914,0.4808379552494522,-11.172274741234723,0.7846817693218522
0.0125,0.4,0.45,1711.0,16934.035000000003,45.002922267679715,54.41262419637639,12.510285466482568,2.2380030239580906,-11.420450368018543,3.542179889610211,147.0,118.56499999999892,38.095238095238095,48.97959183673469,1.0238305155290726,0.23019150802749525,-12.151091983145246,0.362002696864815
0.0125,0.4,0.5,1645.0,16358.995,45.045592705167174,54.40729483282675,12.386060737068892,2.190299100561224,-11.50845080476045,3.5150404400152295,146.0,62.19499999999891,37.67123287671233,48.63013698630137,0.5390355514724906,0.12081155754559278,-12.217820971946747,0.18745306317992658
0.0125,0.45,0.0,1775.0,16379.860000000004,44.84507042253521,54.08450704225351,12.236847629624664,2.201222716208172,-11.420450368018543,3.3322223404669487,158.0,184.954999999998,37.34177215189873,48.734177215189874,1.4737614602871905,0.34991098098434686,-9.781269604644615,0.6676870682099076
0.0125,0.45,0.05,1765.0,16337.460000000003,44.815864022662886,54.107648725212464,12.229071600294805,2.2004966596740254,-11.420450368018543,3.336054293370406,157.0,71.28499999999815,36.94267515923567,48.40764331210191,0.5741923167695259,0.13668489316599047,-9.781269604644615,0.2573578071722571
0.0125,0.45,0.1,1746.0,16619.660000000003,44.95990836197022,54.29553264604811,12.542614252761492,2.2471364365007718,-11.420450368018543,3.4054859388672947,155.0,85.33999999999821,37.41935483870968,48.38709677419355,0.6975162732001253,0.16250756898281216,-10.102102561101201,0.2988386665824672
0.0125,0.45,0.15000000000000002,1727.0,16532.920000000006,44.87550665894615,54.313839027214826,12.556521900273564,2.2482941707091917,-11.420450368018543,3.4081381004271902,152.0,-320.8700000000021,36.18421052631579,47.368421052631575,-2.6975313053018475,-0.6322122899609754,-11.393181242925055,-0.9468126595030891
0.0125,0.45,0.2,1694.0,16086.380000000005,44.8642266824085,54.25029515938606,12.398439402767892,2.2066704912328405,-11.420450368018543,3.4026485601282905,150.0,-144.30000000000172,36.666666666666664,48.0,-1.2311257249820553,-0.2824342847864523,-9.917092191682498,-0.5001524235142667
0.0125,0.45,0.25,1672.0,15712.050000000003,44.85645933014354,54.24641148325359,12.203858152969968,2.167173753473933,-11.420450368018543,3.3856922912315746,144.0,-224.83500000000242,36.80555555555556,47.91666666666667,-1.9969641632708381,-0.4490904794954126,-10.8435801118676,-0.7248814087797365
0.0125,0.45,0.30000000000000004,1644.0,15988.765000000003,45.01216545012166,54.44038929440389,12.607746801118685,2.2238308335558647,-11.420450368018543,3.453047169693399,143.0,-114.38500000000238,37.06293706293706,48.25174825174825,-1.0259029623245342,-0.23055544761730426,-10.8435801118676,-0.3741384381517181
0.0125,0.45,0.35000000000000003,1617.0,15654.050000000003,45.02164502164502,54.483611626468765,12.497644823401675,2.199158079882356,-11.420450368018543,3.442697596466051,138.0,5.454999999998108,37.68115942028986,49.275362318840585,0.050766145355880525,0.011109455121208396,-11.13715261797884,0.017901366116446375
0.0125,0.45,0.4,1584.0,15376.78,45.07575757575758,54.48232323232324,12.48604161239758,2.187803961006498,-11.420450368018543,3.441219536758666,137.0,137.42499999999814,37.95620437956204,49.63503649635037,1.2946692693514843,0.2848131531746184,-9.858513554232918,0.5262700175232242
0.0125,0.45,0.45,1544.0,14835.045000000002,44.94818652849741,54.2098445595855,12.248049874469224,2.1464031847673497,-11.420450368018543,3.44469719331627,129.0,16.399999999998727,37.98449612403101,48.837209302325576,0.16103992513606133,0.033242651583787815,-10.897848015228295,0.05759213243960165
0.0125,0.45,0.5,1478.0,14260.005000000001,44.99323410013532,54.19485791610285,12.101503403355697,2.092116549785979,-11.50845080476045,3.4076788747485147,128.0,-39.97000000000139,37.5,48.4375,-0.39412393457366574,-0.0810691434581559,-10.957653841548233,-0.138492485922519
0.0125,0.5,0.0,1627.0,15061.185000000003,44.99078057775046,54.14874001229256,12.301971002958123,2.1620263217886917,-11.420450368018543,3.2889550869445503,139.0,248.80499999999887,39.568345323741006,48.92086330935252,2.249448724358553,0.4969647186958249,-8.433959906477284,1.0806899651544242
0.0125,0.5,0.05,1617.0,15018.785000000003,44.959802102659246,54.17439703153989,12.293607036375652,2.1611372474945907,-11.420450368018543,3.292467499805407,138.0,135.13499999999908,39.130434782608695,48.55072463768116,1.2368566533158494,0.27374067008511493,-8.433959906477284,0.5870244733402712
0.0125,0.5,0.1,1598.0,15300.985000000004,45.118898623279094,54.38047559449311,12.637323973615961,2.2121953135658394,-11.420450368018543,3.372300451972481,136.0,149.18999999999863,39.705882352941174,48.529411764705884,1.3883705932331811,0.2999587762783922,-8.749107367266761,0.6258737354508962
0.0125,0.5,0.15000000000000002,1579.0,15214.245000000003,45.02849905003167,54.40151994933502,12.653213148318072,2.212501215891667,-11.420450368018543,3.3741998404414586,133.0,-257.02000000000135,38.34586466165413,47.368421052631575,-2.469968671317932,-0.5360561623204787,-10.237365365292117,-0.8740319138879453
0.0125,0.5,0.2,1546.0,14767.705000000004,45.019404915912034,54.33376455368693,12.481433412403153,2.170194699969984,-11.420450368018543,3.37524609506254,131.0,-80.4500000000013,38.93129770992366,48.091603053435115,-0.7862718594816497,-0.16661172545355657,-9.0033726901671,-0.3183295857998167
0.0125,0.5,0.25,1524.0,14393.375000000004,45.01312335958006,54.330708661417326,12.268604782389453,2.1341491873706677,-11.420450368018543,3.3708287653992435,125.0,-160.9850000000012,39.2,48.0,-1.6478004931579326,-0.34255645069536633,-9.375006045177315,-0.6226301312174348
0.0125,0.5,0.30000000000000004,1496.0,14670.090000000006,45.18716577540107,54.54545454545454,12.713576152770667,2.1955926954199594,-11.420450368018543,3.4443301033850227,124.0,-50.535000000001205,39.516129032258064,48.38709677419355,-0.523107403933954,-0.10862688407015517,-9.375006045177315,-0.19839988598100874
0.0125,0.5,0.35000000000000003,1469.0,14335.375000000004,45.200816882232814,54.59496255956433,12.593871745994711,2.1727453842905056,-11.420450368018543,3.4420691359431075,119.0,69.30499999999901,40.33613445378151,49.57983193277311,0.7487413841533136,0.14983872650454652,-9.318995550309928,0.28240582111491414
0.0125,0.5,0.4,1436.0,14058.105,45.26462395543175,54.59610027855153,12.582894051176497,2.1595174026702444,-11.420450368018543,3.4377704651132177,118.0,201.2749999999989,40.67796610169492,50.0,2.2056253171048574,0.44344650562673416,-9.201707119355307,0.8591530141817394
0.0125,0.5,0.45,1396.0,13516.37,45.12893982808023,54.297994269340975,12.32190094122853,2.116585032855285,-11.420450368018543,3.4481661922154414,110.0,80.24999999999969,40.909090909090914,49.09090909090909,0.9229803120536018,0.17179885403990758,-10.604272332930408,0.3015087911617391
0.0125,0.5,0.5,1330.0,12941.330000000002,45.18796992481203,54.285714285714285,12.161895978171735,2.062310484985286,-11.50845080476045,3.4104189327402814,109.0,23.879999999999566,40.36697247706422,48.62385321100918,0.2759950209943398,0.05115317369510321,-10.661429339106142,0.08850389155563657
0.015,0.0,0.0,2240.0,18887.644999999993,42.5,53.43750000000001,12.080610166707618,2.3009346200641057,-11.515170803994002,3.245103977570092,240.0,3042.944999999999,42.916666666666664,55.833333333333336,17.56900708777618,4.611461389245266,-4.629628081416448,27.762862921174168
0.015,0.0,0.05,2232.0,18850.45499999999,42.473118279569896,53.44982078853047,12.073148448042229,2.2993059308810255,-11.515170803994002,3.24500267857793,239.0,2929.2749999999987,42.67782426778243,55.64853556485355,17.04560332803217,4.411783123657783,-4.629628081416448,26.43673484027702
0.015,0.0,0.1,2219.0,18925.584999999992,42.496620099143755,53.53762956286615,12.176499548277086,2.3109385386498236,-11.515170803994002,3.2724745812456275,237.0,2943.3299999999986,43.037974683544306,55.69620253164557,17.30867618468515,4.45474708828224,-4.629628081416448,26.599381067847343
0.015,0.0,0.15000000000000002,2208.0,19112.75499999999,42.52717391304348,53.62318840579711,12.337076116145957,2.3366963166486094,-11.515170803994002,3.304951155255263,234.0,2537.1199999999985,42.30769230769231,55.12820512820513,15.224196747084456,3.9877706284428904,-4.68390255290283,22.172915057808147
0.015,0.0,0.2,2192.0,19008.569999999992,42.518248175182485,53.64963503649635,12.327400971129851,2.32893949084254,-11.515170803994002,3.3105292843574485,232.0,2713.6899999999982,42.672413793103445,55.603448275862064,16.455502004720117,4.228064937150293,-4.662916191962996,24.241755408636358
0.015,0.0,0.25,2179.0,18902.834999999992,42.542450665442864,53.69435520881139,12.304904565691265,2.3233415913218756,-11.515170803994002,3.3112344904739164,227.0,2584.784999999998,42.731277533039645,55.50660792951542,16.078523215648644,4.013084819266575,-4.686120237538627,22.68553529546041
0.015,0.0,0.30000000000000004,2163.0,19200.444999999992,42.57975034674064,53.81414701803051,12.571534959318928,2.3702080399831944,-11.515170803994002,3.3534387022539884,227.0,2584.784999999998,42.731277533039645,55.50660792951542,16.078523215648644,4.013084819266575,-4.686120237538627,22.68553529546041
0.015,0.0,0.35000000000000003,2141.0,18688.39999999999,42.5035030359645,53.759925268566086,12.344592777193846,2.3136874743843125,-11.515170803994002,3.3121323615758715,225.0,2641.0449999999973,43.111111111111114,56.00000000000001,16.602671092293797,4.1305150864301865,-4.680294141138209,23.757205932697232
0.015,0.0,0.4,2124.0,18506.12999999999,42.51412429378531,53.76647834274952,12.306308830855002,2.301639353654731,-11.515170803994002,3.307531359122694,224.0,2773.0149999999976,43.30357142857143,56.25,17.57667012324518,4.408686965183114,-4.628666454079234,25.55907576256416
0.015,0.0,0.45,2095.0,18109.31499999999,42.38663484486874,53.556085918854414,12.147367563866306,2.259954605313745,-11.515170803994002,3.2745520842864067,219.0,2640.409999999999,43.37899543378995,55.70776255707762,17.08617276744605,4.097418813139949,-4.658648187766001,24.296747525551922
0.015,0.0,0.5,2046.0,17768.43499999999,42.42424242424242,53.567937438905176,12.109060794542927,2.2252165310671836,-11.625292900695161,3.235967066346997,218.0,2584.0399999999986,43.11926605504588,55.5045871559633,16.767329649422877,4.008671429276306,-4.680846028093866,23.528585193372873
0.015,0.05,0.0,2190.0,19100.06499999999,43.10502283105023,54.01826484018265,12.243541153382516,2.3203292842761245,-11.515170803994002,3.3080081798859875,237.0,3013.2249999999985,43.037974683544306,56.118143459915615,17.479542978597998,4.567849787000075,-4.650795597130375,27.79130868255592
0.015,0.05,0.05,2182.0,19062.874999999993,43.07974335472044,54.032997250229144,12.236283981217245,2.3187268585295544,-11.515170803994002,3.3080152194770043,236.0,2899.5549999999985,42.79661016949153,55.932203389830505,16.952942517781388,4.368666265582809,-4.650795597130375,26.447698671160406
0.015,0.05,0.1,2169.0,19138.00499999999,43.10742277547257,54.1263254956201,12.340610431249985,2.331060730377828,-11.515170803994002,3.3361352413376375,234.0,2913.6099999999988,43.162393162393165,55.98290598290598,17.216294916672375,4.411181096293591,-4.650795597130375,26.612461187838843
0.015,0.05,0.15000000000000002,2158.0,19325.17499999999,43.14179796107507,54.21686746987952,12.502083122541165,2.3568249034251942,-11.515170803994002,3.3690836389275476,231.0,2507.3999999999987,42.42424242424242,55.41125541125541,15.119693047437625,3.951140684266837,-4.70557044504758,22.133459025377302
0.015,0.05,0.2,2142.0,19220.98999999999,43.13725490196079,54.248366013071895,12.493162263389607,2.349613908855529,-11.515170803994002,3.3751548778015583,229.0,2683.9699999999984,42.79475982532751,55.895196506550214,16.355996758015063,4.192746432340998,-4.684389906770692,24.226592385367997
0.015,0.05,0.25,2129.0,19115.25499999999,43.16580554250822,54.297792390793795,12.471239545730633,2.3441051540732993,-11.515170803994002,3.376206452406697,224.0,2555.0649999999987,42.857142857142854,55.80357142857143,15.974517697502218,3.977447155311847,-4.707808700213434,22.652293320822537
0.015,0.05,0.30000000000000004,2113.0,19412.864999999994,43.20870799810695,54.42498816848084,12.739447063597073,2.3908837112621257,-11.515170803994002,3.41885737926599,224.0,2555.0649999999987,42.857142857142854,55.80357142857143,15.974517697502218,3.977447155311847,-4.707808700213434,22.652293320822537
0.015,0.05,0.35000000000000003,2091.0,18900.819999999992,43.13725490196079,54.375896700143464,12.513475402123607,2.3347557609662677,-11.515170803994002,3.37780193952331,222.0,2611.3249999999975,43.24324324324324,56.30630630630631,16.500252433184176,4.095147865677423,-4.70192858377072,23.736906612929086
0.015,0.05,0.4,2074.0,18718.54999999999,43.1533269045323,54.387656702025076,12.47624031900058,2.3228350656915944,-11.515170803994002,3.3736314195923613,221.0,2743.2949999999973,43.43891402714932,56.56108597285068,17.478448962428224,4.372813133391651,-4.649825157136068,25.55949886388572
0.015,0.05,0.45,2045.0,18321.734999999993,43.03178484107579,54.18092909535452,12.318413888153607,2.2834738558818484,-11.515170803994002,3.345725363572497,216.0,2610.6899999999987,43.51851851851852,56.018518518518526,16.983289867168523,4.063055761450874,-4.680082520091244,24.282486314415348
0.015,0.05,0.5,1996.0,17980.854999999992,43.08617234468938,54.208416833667336,12.282754834892236,2.249072479763367,-11.625292900695161,3.3073911811518117,215.0,2554.3199999999983,43.25581395348837,55.81395348837209,16.662470041970586,3.974065999161076,-4.7024855849658875,23.50553838722789
0.015,0.1,0.0,2122.0,19145.844999999994,43.35532516493873,54.28840716305372,12.412518942924054,2.3429429963741994,-11.515170803994002,3.3800991386362846,226.0,2934.8449999999984,42.92035398230089,56.63716814159292,17.317519174190977,4.382855858195955,-4.659965706248648,26.80926437377
0.015,0.1,0.05,2114.0,19108.65499999999,43.33017975402081,54.3046357615894,12.405411009613145,2.341774662655952,-11.515170803994002,3.3802020903711267,225.0,2821.1749999999984,42.66666666666667,56.44444444444444,16.780492534303885,4.188434583533491,-4.659965706248648,25.485678849824378
0.015,0.1,0.1,2101.0,19183.784999999993,43.36030461684912,54.40266539742979,12.511712741839132,2.3543192404560744,-11.515170803994002,3.409318954968899,223.0,2835.2299999999987,43.04932735426009,56.502242152466366,17.046591439276966,4.221924597417775,-4.92789628098399,24.253492629751587
0.015,0.1,0.15000000000000002,2090.0,19370.95499999999,43.397129186602875,54.49760765550239,12.675606072840631,2.3803469262004384,-11.515170803994002,3.4431830287688254,220.0,2429.0199999999986,42.27272727272727,55.90909090909091,14.908960340282395,3.761450188519607,-4.986740737039264,20.072734762870567
0.015,0.1,0.2,2074.0,19266.76999999999,43.39440694310511,54.53230472516876,12.667407771794316,2.3749275399907552,-11.515170803994002,3.4548104324378075,218.0,2605.5899999999983,42.6605504587156,56.42201834862385,16.165334233341056,4.027426541283281,-4.694091605711403,23.286087072937658
0.015,0.1,0.25,2061.0,19161.03499999999,43.42552159146046,54.58515283842795,12.64589512393759,2.369262856319308,-11.515170803994002,3.45620812836063,213.0,2476.684999999998,42.72300469483568,56.33802816901409,15.77173856976649,3.801049256048044,-4.717884976664422,21.737628142037153
0.015,0.1,0.30000000000000004,2045.0,19458.64499999999,43.4718826405868,54.71882640586797,12.918260289735722,2.416484512258387,-11.515170803994002,3.4999839526505525,213.0,2476.684999999998,42.72300469483568,56.33802816901409,15.77173856976649,3.801049256048044,-4.717884976664422,21.737628142037153
0.015,0.1,0.35000000000000003,2023.0,18946.59999999999,43.40088976767177,54.67128027681662,12.691237515894517,2.360018533375042,-11.515170803994002,3.4584918095620103,211.0,2532.9449999999974,43.127962085308056,56.872037914691944,16.305130788270073,3.9188368813315466,-4.71191050004326,22.79110250368385
0.015,0.1,0.4,2006.0,18764.32999999999,43.419740777667,54.68594217347956,12.65477275627217,2.3481310805786273,-11.515170803994002,3.454660016468029,210.0,2664.9149999999977,43.333333333333336,57.14285714285714,17.300171773788318,4.1884934656825115,-4.658980010750713,24.582236790746247
0.015,0.1,0.45,1977.0,18367.514999999992,43.29792615073343,54.47647951441578,12.496639840500341,2.310765403723884,-11.515170803994002,3.431739417036804,205.0,2532.3099999999977,43.41463414634146,56.58536585365853,16.791626963839413,3.883127353593272,-4.689715681595608,23.312475080534202
0.015,0.1,0.5,1928.0,18026.63499999999,43.36099585062241,54.51244813278008,12.463435837898347,2.2762863151538704,-11.625292900695161,3.3933574370565944,204.0,2475.939999999998,43.13725490196079,56.372549019607845,16.4640528351972,3.795677652962372,-4.712476430730028,22.54932126071053
0.015,0.15000000000000002,0.0,2031.0,18644.114999999994,43.52535696701133,54.505169867060566,12.363801897358394,2.292180600078675,-11.515170803994002,3.3884251012869346,219.0,3024.334999999999,44.29223744292237,57.99086757990868,18.18190835986571,4.541329800417019,-4.4934404511548065,29.443691423913563
0.015,0.15000000000000002,0.05,2023.0,18606.924999999992,43.49975284231339,54.522985664854176,12.356462707730456,2.2907444514567654,-11.515170803994002,3.388455723267063,218.0,2910.664999999999,44.03669724770643,57.798165137614674,17.64175181968551,4.344534752964724,-4.4934404511548065,28.01813353308686
0.015,0.15000000000000002,0.1,2010.0,18682.054999999993,43.53233830845771,54.62686567164179,12.46498029408646,2.303562128181331,-11.515170803994002,3.4183530027509237,216.0,2924.719999999999,44.44444444444444,57.870370370370374,17.92246215087684,4.378652438857921,-4.758483787045642,26.622598739273
0.015,0.15000000000000002,0.15000000000000002,1999.0,18869.22499999999,43.57178589294647,54.72736368184093,12.632501098276052,2.329771343544811,-11.515170803994002,3.4533302564565767,213.0,2518.5099999999993,43.66197183098591,57.27699530516433,15.761522262240396,3.919397380490672,-4.814685728845425,22.144521503120796
0.015,0.15000000000000002,0.2,1983.0,18765.039999999994,43.57034795763994,54.76550680786687,12.623902684818852,2.324413428558652,-11.515170803994002,3.4650128200263475,211.0,2695.079999999999,44.07582938388626,57.81990521327014,17.05220159849362,4.187328378035438,-4.525989681154119,25.670259031007095
0.015,0.15000000000000002,0.25,1970.0,18659.304999999993,43.60406091370558,54.82233502538071,12.601719111401179,2.3182792861861916,-11.515170803994002,3.4662318828981973,206.0,2566.1749999999984,44.1747572815534,57.76699029126213,16.674507352592386,3.958261878024943,-4.5486807223086405,24.000676621195858
0.015,0.15000000000000002,0.30000000000000004,1954.0,18956.914999999994,43.65404298874104,54.96417604912999,12.880201898766465,2.3679080318474606,-11.515170803994002,3.5221092292903164,206.0,2566.1749999999984,44.1747572815534,57.76699029126213,16.674507352592386,3.958261878024943,-4.5486807223086405,24.000676621195858
0.015,0.15000000000000002,0.35000000000000003,1932.0,18444.869999999995,43.581780538302276,54.917184265010356,12.647458439486677,2.3125863073826665,-11.515170803994002,3.483826626148183,204.0,2622.4349999999977,44.6078431372549,58.333333333333336,17.228888750192972,4.078494040239016,-4.542983273650614,25.158782874147033
0.015,0.15000000000000002,0.4,1915.0,18262.59999999999,43.60313315926893,54.93472584856397,12.60981962101355,2.3003427754465844,-11.515170803994002,3.479587450005108,203.0,2754.404999999998,44.827586206896555,58.620689655172406,18.252600314900505,4.352317363486295,-4.492500219981199,27.093153281871594
0.015,0.15000000000000002,0.45,1886.0,17865.784999999993,43.47826086956522,54.718981972428416,12.4474785122346,2.264839168708576,-11.515170803994002,3.460574400621525,198.0,2621.7999999999984,44.94949494949495,58.080808080808076,17.754103833540196,4.041990338736577,-4.521816218635111,25.746240073429576
0.015,0.15000000000000002,0.5,1837.0,17524.90499999999,43.54926510615134,54.76320087098531,12.41264707207264,2.2311481554818258,-11.625292900695161,3.421187708344999,197.0,2565.4299999999985,44.67005076142132,57.868020304568525,17.42232236963631,3.953775833596563,-4.543522969687408,24.921506065842276
0.015,0.2,0.0,1928.0,18791.655,44.13900414937759,54.927385892116185,12.982087678506982,2.3697543833503083,-11.515170803994002,3.5050097027288727,208.0,3083.3999999999987,45.19230769230769,58.65384615384615,19.278346841430995,4.728865991871801,-4.435808890989568,30.58758690390087
0.015,0.2,0.05,1920.0,18754.464999999997,44.114583333333336,54.947916666666664,12.975345862849828,2.368389607866754,-11.515170803994002,3.505216668404677,207.0,2969.7299999999987,44.927536231884055,58.454106280193244,18.725739450207698,4.525881729045129,-4.435808890989568,29.129064710106366
0.015,0.2,0.1,1907.0,18829.595,44.15312008390141,55.06030414263241,13.091471935813559,2.381300022533215,-11.515170803994002,3.536687830470125,205.0,2983.784999999999,45.36585365853659,58.536585365853654,19.030345511123407,4.56160733883249,-4.697452858150641,27.675475102674532
0.015,0.2,0.15000000000000002,1896.0,19016.765,44.19831223628692,55.16877637130801,13.26826984214143,2.4088764542084373,-11.515170803994002,3.573044435729023,202.0,2577.574999999999,44.554455445544555,57.920792079207914,16.80384244289141,4.116793614064432,-4.7522140901886,23.101885458701897
0.015,0.2,0.2,1880.0,18912.579999999998,44.20212765957447,55.212765957446805,13.262532803811345,2.405589041203951,-11.515170803994002,3.5914716464843655,200.0,2754.1449999999986,45.0,58.5,18.160918100154095,4.391701737161246,-4.467525594718991,26.737344427231147
0.015,0.2,0.25,1867.0,18806.844999999998,44.24209962506695,55.27584359935725,13.242001239366335,2.3994345272938267,-11.515170803994002,3.5988358859173717,195.0,2625.2399999999984,45.12820512820513,58.46153846153847,17.79804422460501,4.154015603690811,-4.489632771214113,25.027548376538668
0.015,0.2,0.30000000000000004,1851.0,19104.454999999998,44.30037817396002,55.42949756888168,13.536453955825332,2.4508898019983723,-11.515170803994002,3.6571862195125746,195.0,2625.2399999999984,45.12820512820513,58.46153846153847,17.79804422460501,4.154015603690811,-4.489632771214113,25.027548376538668
0.015,0.2,0.35000000000000003,1829.0,18592.409999999996,44.231820667031165,55.38545653362493,13.299936863890817,2.3952865283358156,-11.515170803994002,3.618853296238463,193.0,2681.4999999999973,45.59585492227979,59.067357512953365,18.38974042451049,4.278778830134666,-4.484082193185424,26.22503341499596
0.015,0.2,0.4,1812.0,18410.14,44.260485651214125,55.40838852097131,13.265407661035315,2.3845410148783914,-11.515170803994002,3.6209739654402218,192.0,2813.4699999999975,45.83333333333333,59.375,19.46926231918857,4.590900760491322,-4.434892620953135,28.20677219402571
0.015,0.2,0.45,1783.0,18013.324999999997,44.139091418956816,55.18788558609086,13.102122704878717,2.348882867458596,-11.515170803994002,3.6028095007095438,187.0,2680.8649999999984,45.98930481283423,58.82352941176471,18.976028551123886,4.267347551048277,-4.4634592080754265,26.839293696581098
0.015,0.2,0.5,1734.0,17672.444999999996,44.232987312572085,55.2479815455594,13.077085301191978,2.3185752408971614,-11.96633042973163,3.473146350736611,186.0,2624.494999999998,45.69892473118279,58.602150537634415,18.632852241093723,4.176002631138809,-4.4846079845069164,25.994028084134385
0.015,0.25,0.0,1828.0,17761.065000000002,44.14660831509847,54.97811816192561,12.754281314568718,2.2802066352978163,-11.515170803994002,3.4774928333083373,187.0,2648.7749999999983,45.45454545454545,57.21925133689839,18.251050782057455,4.4073717734421995,-4.662904507162646,25.785051080677516
0.015,0.25,0.05,1820.0,17723.875,44.12087912087912,55.00000000000001,12.746926698901,2.2802779843158096,-11.515170803994002,3.482852734049132,186.0,2535.104999999998,45.16129032258064,56.98924731182796,17.63187014578552,4.190060952696975,-4.662904507162646,24.37396992385249
0.015,0.25,0.1,1807.0,17799.005,44.16159380188157,55.11898173768678,12.866496062812828,2.294579687866704,-11.515170803994002,3.515495259293671,184.0,2549.159999999998,45.65217391304348,57.065217391304344,17.954385060409987,4.2130204069806,-4.9379435955745565,23.179584063458016
0.015,0.25,0.15000000000000002,1796.0,17986.175,44.20935412026726,55.233853006681514,13.049516724201226,2.3226243769239057,-11.515170803994002,3.553813847887638,181.0,2142.949999999998,44.751381215469614,56.353591160220994,15.463530688572508,3.72213365269934,-4.998491605630518,18.748197280275775
0.015,0.25,0.2,1780.0,17881.99,44.21348314606742,55.28089887640449,13.042395320897661,2.3216629198022174,-11.515170803994002,3.5777153974276845,179.0,2319.519999999998,45.2513966480447,56.98324022346368,16.95045059528854,4.018964865185516,-4.6979647113313705,22.025247504243914
0.015,0.25,0.25,1767.0,17776.255,44.25580079230334,55.34804753820034,13.02010645923079,2.315412069270497,-11.515170803994002,3.5846714817382765,174.0,2190.614999999998,45.40229885057471,56.896551724137936,16.50920751674007,3.787349861167624,-4.72241756481232,20.39514114880018
0.015,0.25,0.30000000000000004,1751.0,18073.865,44.31753283837807,55.511136493432325,13.325030623691145,2.3691972602341225,-11.515170803994002,3.65221036436913,174.0,2190.614999999998,45.40229885057471,56.896551724137936,16.50920751674007,3.787349861167624,-4.72241756481232,20.39514114880018
0.015,0.25,0.35000000000000003,1729.0,17561.82,44.24522845575477,55.465587044534416,13.076726442309875,2.3121542200969105,-11.61464663992633,3.5788622738690385,172.0,2246.8749999999973,45.93023255813954,57.55813953488372,17.15120694880074,3.918482066266409,-4.71627687010635,21.481198327125664
0.015,0.25,0.4,1712.0,17379.550000000003,44.27570093457944,55.490654205607484,13.039082096876736,2.3013372986646865,-11.515170803994002,3.616755606157811,171.0,2378.8449999999975,46.198830409356724,57.89473684210527,18.34152934681703,4.253353777140932,-4.66189202756434,23.3594523719243
0.015,0.25,0.45,1683.0,16982.735,44.14735591206179,55.258467023172905,12.866771791517012,2.2646514604808163,-11.515170803994002,3.5956170468225386,166.0,2246.239999999998,46.3855421686747,57.22891566265061,17.761710129181665,3.892765895389318,-4.693468220804919,21.996576384862138
0.015,0.25,0.5,1634.0,16641.855,44.247246022031824,55.32435740514076,12.836419001274397,2.2359094785231464,-12.958196555407975,3.204530646912402,165.0,2189.869999999998,46.06060606060606,56.96969696969697,17.374129258501117,3.794187981185256,-4.716858527839385,21.19730622781802
0.015,0.30000000000000004,0.0,1682.0,15867.090000000004,44.17360285374554,54.577883472057074,12.3629579301844,2.1421881806741605,-11.515170803994002,3.355878987956666,168.0,1687.7899999999993,42.26190476190476,54.761904761904766,12.855042880862792,2.984740750133361,-6.950394585925734,10.837095525351115
0.015,0.30000000000000004,0.05,1674.0,15829.900000000005,44.1457586618877,54.59976105137395,12.354331328714002,2.1421017935224156,-11.515170803994002,3.3606712978865536,167.0,1574.1199999999994,41.91616766467065,54.49101796407185,12.113861618531713,2.7671941785161174,-6.950394585925734,9.965036129041577
0.015,0.30000000000000004,0.1,1661.0,15905.030000000006,44.19024683925346,54.7260686333534,12.481957895582758,2.1583000028951256,-11.515170803994002,3.400015346090953,165.0,1588.1749999999995,42.42424242424242,54.54545454545454,12.393693647293114,2.787297072254436,-7.237889384389318,9.671611136174029
0.015,0.30000000000000004,0.15000000000000002,1650.0,16092.200000000004,44.24242424242424,54.848484848484844,12.679181227544118,2.189493334375063,-11.515170803994002,3.4413960722443253,162.0,1181.9649999999995,41.358024691358025,53.70370370370371,9.47505669570459,2.195577022198332,-7.330709583042072,6.8727688578488415
0.015,0.30000000000000004,0.2,1634.0,15988.015000000005,44.247246022031824,54.89596083231334,12.669320660220917,2.1922715287955934,-11.515170803994002,3.4752946611941895,160.0,1358.5349999999994,41.875,54.37499999999999,11.044533076650414,2.512015750178733,-7.005039639919186,8.456484336929588
0.015,0.30000000000000004,0.25,1621.0,15882.280000000004,44.293645897594075,54.96607032695867,12.643380870556499,2.191240068664184,-11.515170803994002,3.4981384255163435,155.0,1229.6299999999994,41.935483870967744,54.19354838709678,10.34567475358526,2.2841122834693253,-6.692214625153092,7.880304512002917
0.015,0.30000000000000004,0.30000000000000004,1605.0,16179.890000000005,44.361370716510905,55.140186915887845,12.972291222060681,2.2473416551493015,-11.515170803994002,3.5716443951791383,155.0,1229.6299999999994,41.935483870967744,54.19354838709678,10.34567475358526,2.2841122834693253,-6.692214625153092,7.880304512002917
0.015,0.30000000000000004,0.35000000000000003,1583.0,15667.845000000005,44.283006948831336,55.08528111181301,12.698196510830453,2.186185171480879,-12.546448438186697,3.231258557767114,153.0,1285.8899999999985,42.48366013071895,54.90196078431373,10.97476356578891,2.4087649613162356,-6.683079424322369,8.463743200811079
0.015,0.30000000000000004,0.4,1566.0,15485.575,44.31673052362707,55.10855683269477,12.654070974404098,2.1738172885231224,-12.09037345057078,3.357283404662559,152.0,1417.8599999999983,42.76315789473684,55.26315789473685,12.237573924661563,2.7240094750736046,-6.6022254939889,9.611379070528235
0.015,0.30000000000000004,0.45,1537.0,15088.760000000002,44.17696811971373,54.847104749512035,12.462100620447226,2.1359076253931875,-12.178119910844687,3.3123674689912344,147.0,1285.2549999999992,42.857142857142854,54.421768707483,11.411373417041561,2.3906447709805136,-7.308074520495711,7.879173829778892
0.015,0.30000000000000004,0.5,1488.0,14747.880000000005,44.28763440860215,54.905913978494624,12.420971264184372,2.1097453124452095,-13.979284770470157,2.905037494909348,146.0,1228.884999999999,42.465753424657535,54.109589041095894,10.95204356273282,2.286669049344996,-7.3460366373411805,7.438218633222995
0.015,0.35000000000000003,0.0,1556.0,15383.625000000005,44.601542416452446,54.498714652956295,12.907287106376463,2.202284430523626,-11.515170803994002,3.3915601039515577,151.0,644.4350000000004,40.397350993377486,52.317880794701985,5.538314910527216,1.322566636832584,-9.189548114364543,2.930337571081076
0.015,0.35000000000000003,0.05,1548.0,15346.435000000009,44.57364341085272,54.52196382428941,12.898963699431572,2.2014198469566213,-11.515170803994002,3.396491923928707,150.0,530.7650000000003,40.0,52.0,4.614982640504102,1.083039549289112,-9.189548114364543,2.375580391525909
0.015,0.35000000000000003,0.1,1535.0,15421.565000000006,44.62540716612378,54.65798045602605,13.039734855191618,2.2185880003808336,-11.515170803994002,3.437625356918461,148.0,544.8200000000004,40.54054054054054,52.02702702702703,4.81250640407317,1.1201646122888376,-9.505955353807972,2.4021474658402324
0.015,0.35000000000000003,0.15000000000000002,1524.0,15608.735000000002,44.68503937007874,54.79002624671916,13.254692358793605,2.253480339832892,-11.515170803994002,3.48692226097865,145.0,138.61000000000013,39.310344827586206,51.03448275862069,1.2622677471967578,0.3013696247277814,-9.979210980377795,0.558148112040647
0.015,0.35000000000000003,0.2,1508.0,15504.550000000007,44.69496021220159,54.84084880636605,13.24761820050855,2.258753342012941,-11.515170803994002,3.528295026704536,143.0,315.1800000000003,39.86013986013986,51.74825174825175,2.9164268542971006,0.6813418307554072,-9.0717371617264,1.4326348966047464
0.015,0.35000000000000003,0.25,1495.0,15398.815000000004,44.74916387959866,54.91638795986622,13.222505612054636,2.257974997579814,-11.515170803994002,3.5522047052031263,138.0,186.27499999999992,39.85507246376812,51.449275362318836,1.7924863284125552,0.4077157843008045,-9.430946353201586,0.8124092092719337
0.015,0.35000000000000003,0.30000000000000004,1479.0,15696.425000000003,44.827586206896555,55.10480054090602,13.58194442906153,2.317046108430904,-11.515170803994002,3.6298443973235246,138.0,186.27499999999992,39.85507246376812,51.449275362318836,1.7924863284125552,0.4077157843008045,-9.430946353201586,0.8124092092719337
0.015,0.35000000000000003,0.35000000000000003,1457.0,15184.380000000005,44.749485243651336,55.044612216884005,13.293026868330895,2.253454247448991,-12.06662175252844,3.412248282563851,136.0,242.5349999999994,40.44117647058824,52.20588235294118,2.3723679075213204,0.5352175782085142,-9.289131235382253,1.101327170076354
0.015,0.35000000000000003,0.4,1440.0,15002.110000000004,44.79166666666667,55.06944444444445,13.25063918717526,2.2403264290975344,-11.610573185543405,3.550612379396015,135.0,374.5049999999993,40.74074074074074,52.59259259259259,3.710666959949105,0.8513790885963188,-8.641656133900188,1.8651562034083629
0.015,0.35000000000000003,0.45,1411.0,14605.295000000006,44.6491849751949,54.783841247342316,13.049884487847283,2.2044857724617457,-11.695797915897055,3.5141205065593093,130.0,241.9000000000001,40.76923076923077,51.53846153846153,2.4760810975416274,0.5240841828621756,-9.378901911218362,1.1065528224164756
0.015,0.35000000000000003,0.5,1362.0,14264.415000000005,44.7870778267254,54.845814977973575,13.017888398217524,2.1794015802528386,-13.44839727031416,3.0887337064034064,129.0,185.53000000000003,40.310077519379846,51.162790697674424,1.9073437824478732,0.40348140461788595,-9.429799860020417,0.8367189081915022
0.015,0.4,0.0,1438.0,13531.155000000008,44.08901251738526,54.1029207232267,12.345830572181777,2.062322640926371,-11.515170803994002,3.2296598283133817,138.0,676.065,39.130434782608695,51.449275362318836,6.285386765140655,1.4596140658527768,-8.666250891371806,3.331185069752567
0.015,0.4,0.05,1430.0,13493.96500000001,44.05594405594406,54.12587412587413,12.33569278980818,2.061065680999496,-11.515170803994002,3.2337568676990753,137.0,562.3950000000002,38.68613138686132,51.09489051094891,5.295068029612726,1.2316740555264123,-8.666250891371806,2.7740685760023265
0.015,0.4,0.1,1417.0,13569.095000000008,44.10726887791108,54.26958362738179,12.485207906378076,2.0841258695456197,-11.515170803994002,3.2816629294997472,135.0,576.4500000000003,39.25925925925926,51.11111111111111,5.520959437301748,1.2723768563742501,-8.981792942951738,2.7978258306647827
0.015,0.4,0.15000000000000002,1406.0,13756.265000000007,44.1678520625889,54.40967283072546,12.716617903314528,2.1206447052864026,-11.515170803994002,3.3344747282256986,132.0,170.24000000000018,37.878787878787875,50.0,1.6853393101632197,0.39539031908441635,-9.198117864158172,0.7721200167792172
0.015,0.4,0.2,1390.0,13652.080000000009,44.172661870503596,54.460431654676256,12.70528945312668,2.126695449421955,-11.515170803994002,3.3794817569868463,130.0,346.81000000000023,38.46153846153847,50.76923076923077,3.4935118048686165,0.8004941476015162,-8.544478491562913,1.739516806795353
0.015,0.4,0.25,1377.0,13546.345000000008,44.226579520697165,54.538852578068266,12.674994872493519,2.1247701525425224,-11.515170803994002,3.4011490391188883,125.0,217.90499999999992,38.4,50.4,2.290797387352439,0.5095718568725502,-8.649083263116687,1.0768608658621217
0.015,0.4,0.30000000000000004,1361.0,13843.955000000009,44.305657604702425,54.7391623806025,13.062337386627675,2.186979698111241,-11.515170803994002,3.4849951239480483,125.0,217.90499999999992,38.4,50.4,2.290797387352439,0.5095718568725502,-8.649083263116687,1.0768608658621217
0.015,0.4,0.35000000000000003,1339.0,13331.910000000007,44.21209858103062,54.66766243465273,12.740302583273383,2.1267818297849224,-11.515170803994002,3.438802298152248,123.0,274.1649999999994,39.02439024390244,51.21951219512195,2.9342764458400565,0.6466226522317526,-8.507268145297353,1.4141187943667777
0.015,0.4,0.4,1322.0,13149.640000000007,44.251134644478064,54.68986384266263,12.688607075090827,2.1113767441323237,-11.515170803994002,3.439284764233316,122.0,406.13499999999937,39.34426229508197,51.63934426229508,4.4083487646615644,0.9783934178197446,-8.117956445264396,2.2832062128931723
0.015,0.4,0.45,1293.0,12752.825000000008,44.08352668213457,54.36968290796597,12.461915295532622,2.0714266829377928,-11.515170803994002,3.419470810168562,117.0,273.53000000000003,39.31623931623932,50.427350427350426,3.076942113711757,0.6310264451786901,-8.853178945679762,1.4051218977981843
0.015,0.4,0.5,1244.0,12411.945000000007,44.21221864951769,54.42122186495176,12.413072106947318,2.045782487760961,-11.625292900695161,3.4234781033186534,116.0,217.1600000000002,38.793103448275865,50.0,2.4545230543869705,0.5030078008488775,-8.901091304986464,1.0991636821014068
0.015,0.45,0.0,1302.0,11083.525000000007,43.77880184331797,53.45622119815668,11.266110343899449,1.8496362776199335,-11.515170803994002,2.948681298878138,126.0,511.1349999999998,38.88888888888889,51.587301587301596,5.168038211137972,1.1268595909922636,-8.404174075512206,2.6257252335379464
0.015,0.45,0.05,1294.0,11046.335000000006,43.7403400309119,53.47758887171561,11.252488465428586,1.8474850448028342,-11.515170803994002,2.951217878773464,125.0,397.46499999999986,38.4,51.2,4.074357681173682,0.8894221506744081,-8.404174075512206,2.04256799704212
0.015,0.45,0.1,1281.0,11121.465000000007,43.79391100702576,53.62997658079626,11.41134745951404,1.8711679509328578,-11.515170803994002,2.9999366484901686,123.0,411.51999999999975,39.02439024390244,51.21951219512195,4.297728841632994,0.9282808218011619,-8.720969385050292,2.0786878338061583
0.015,0.45,0.15000000000000002,1270.0,11308.635000000006,43.85826771653543,53.77952755905512,11.663938392119224,1.9130878190730316,-11.515170803994002,3.068888773429387,120.0,5.309999999999832,37.5,50.0,0.057496156095023856,0.012746572539430857,-9.299631075563298,0.024001979193880422
0.015,0.45,0.2,1254.0,11204.450000000008,43.859649122807014,53.827751196172244,11.64337375339382,1.9143136007107733,-11.515170803994002,3.108707443150586,118.0,181.87999999999977,38.13559322033898,50.847457627118644,2.0071887108326147,0.43352926050791607,-8.279758829259665,0.94981523074042
0.015,0.45,0.25,1241.0,11098.715000000006,43.91619661563255,53.90813859790492,11.603115180314997,1.9117083861173143,-11.515170803994002,3.1316634873118763,113.0,52.974999999999525,38.05309734513274,50.442477876106196,0.6126855694188019,0.12804466949806279,-8.750696542641911,0.26081863490871593
0.015,0.45,0.30000000000000004,1225.0,11396.325000000008,44.0,54.122448979591844,12.026250373567157,1.978177390209985,-11.515170803994002,3.224715812528663,113.0,52.974999999999525,38.05309734513274,50.442477876106196,0.6126855694188019,0.12804466949806279,-8.750696542641911,0.26081863490871593
0.015,0.45,0.35000000000000003,1203.0,10884.280000000008,43.89027431421446,54.03158769742311,11.650670420817734,1.9117387846371123,-11.515170803994002,3.159930968850884,111.0,109.23499999999899,38.73873873873874,51.35135135135135,1.288498059615214,0.26630647304754157,-8.60888142482258,0.5614573280659619
0.015,0.45,0.4,1186.0,10702.010000000006,43.92917369308601,54.04721753794266,11.580786733118526,1.893142771776828,-11.515170803994002,3.1529895951371607,110.0,241.20499999999902,39.09090909090909,51.81818181818182,2.8897104718684257,0.6007551538382849,-8.129472060316301,1.3669292325297582
0.015,0.45,0.45,1157.0,10305.195000000007,43.73379429559205,53.67329299913569,11.310380153287056,1.8510306025746224,-11.515170803994002,3.141918588267459,105.0,108.59999999999965,39.04761904761905,50.476190476190474,1.353466669325406,0.26229126449836376,-8.865408547740527,0.5618152142433063
0.015,0.45,0.5,1108.0,9964.315000000006,43.86281588447653,53.70036101083032,11.224962472928414,1.8208199934689098,-11.625292900695161,3.1392147312473697,104.0,52.22999999999965,38.46153846153847,50.0,0.6543874530007436,0.12671296340257981,-8.913433937386895,0.2661069224624802
0.015,0.5,0.0,1192.0,10285.54500000001,43.79194630872483,53.355704697986575,11.411384174707756,1.842233121032973,-11.515170803994002,2.925109355793923,111.0,587.2850000000002,41.44144144144144,52.25225225225225,6.722553926035141,1.3215890043849654,-6.85720464245092,3.949904783827828
0.015,0.5,0.05,1184.0,10248.35500000001,43.75,53.37837837837838,11.396854808343091,1.8398634900902244,-11.515170803994002,2.927351426393968,110.0,473.6150000000002,40.909090909090914,51.81818181818182,5.506504468661241,1.0819370972827564,-6.85720464245092,3.186872171188854
0.015,0.5,0.1,1171.0,10323.485000000011,43.80871050384287,53.543979504696836,11.571541733775593,1.8666093629878895,-11.515170803994002,2.984431287706384,108.0,487.67000000000013,41.66666666666667,51.85185185185185,5.791103690526803,1.12350705213425,-7.170387354085328,3.205331958469498
0.015,0.5,0.15000000000000002,1160.0,10510.65500000001,43.87931034482759,53.706896551724135,11.84852397558929,1.9115175617619395,-11.515170803994002,3.0583161704790376,105.0,81.46000000000011,40.0,50.476190476190474,1.0080273427107362,0.19954479508817172,-7.875226113319556,0.46372025891796226
0.015,0.5,0.2,1144.0,10406.470000000008,43.88111888111888,53.75874125874126,11.82755015059386,1.9138959461193592,-11.515170803994002,3.105083974954905,103.0,258.03000000000003,40.77669902912621,51.45631067961165,3.2632449577345093,0.6278832773302087,-6.721644282922911,1.7736313096675533
0.015,0.5,0.25,1131.0,10300.735000000008,43.94341290893015,53.84615384615385,11.784710532102359,1.9126543235466067,-11.515170803994002,3.134482876837585,98.0,129.1249999999999,40.816326530612244,51.02040816326531,1.723484368180306,0.3207872998956341,-7.28781191729605,0.8155186698410458
0.015,0.5,0.30000000000000004,1115.0,10598.345000000008,44.035874439461885,54.08071748878924,12.250041350345684,1.9864283735402597,-11.515170803994002,3.2422120137885293,98.0,129.1249999999999,40.816326530612244,51.02040816326531,1.723484368180306,0.3207872998956341,-7.28781191729605,0.8155186698410458
0.015,0.5,0.35000000000000003,1093.0,10086.300000000008,43.91582799634035,53.97987191216834,11.84162560983557,1.9160776879235712,-11.515170803994002,3.175345243215618,96.0,185.38499999999942,41.66666666666667,52.083333333333336,2.5313958077021206,0.4647889307235323,-7.277554140907505,1.2065239518464785
0.015,0.5,0.4,1076.0,9904.03000000001,43.95910780669145,53.99628252788104,11.767187657797352,1.8988741685425994,-11.515170803994002,3.1728803753300876,95.0,317.3549999999992,42.10526315789473,52.63157894736842,4.412144990240176,0.8135277012693723,-7.186802533133518,2.1840304669508863
0.015,0.5,0.45,1047.0,9507.215000000007,43.744030563514805,53.581661891117484,11.472797823512135,1.8553786602641846,-11.515170803994002,3.1708639270539876,90.0,184.75,42.22222222222222,51.11111111111111,2.689396861812311,0.4593510967423948,-8.439809731511282,1.07753946951859
0.015,0.5,0.5,998.0,9166.33500000001,43.8877755511022,53.607214428857716,11.383360584014863,1.8219721407395242,-11.625292900695161,3.166901102044828,89.0,128.38000000000005,41.57303370786517,50.56179775280899,1.8804084813189526,0.3205995439428707,-8.485005087127151,0.7369433417575993
0.02,0.0,0.0,1466.0,13770.149999999994,42.087312414733965,53.206002728512956,13.61900222757767,2.3144603475800087,-11.147377944184523,3.270173301481326,160.0,1859.3849999999993,41.25,54.37499999999999,17.00153704497845,3.318295990207187,-7.327694781480531,10.556829568408768
0.02,0.0,0.05,1459.0,13757.909999999996,42.08361891706648,53.25565455791638,13.632197960071604,2.3176700487980195,-11.147377944184523,3.2787770634381035,159.0,1745.7149999999997,40.88050314465409,54.088050314465406,16.16172323576082,3.1482619857940968,-7.327694781480531,9.957953728864767
0.02,0.0,0.1,1456.0,13740.519999999993,42.10164835164835,53.2967032967033,13.639118608791074,2.318626705213913,-11.147377944184523,3.2864751617502668,159.0,1745.7149999999997,40.88050314465409,54.088050314465406,16.16172323576082,3.1482619857940968,-7.327694781480531,9.957953728864767
0.02,0.0,0.15000000000000002,1447.0,13923.859999999993,42.156185210780926,53.420870767104354,13.87684248230146,2.3555218000152465,-11.147377944184523,3.342896288417284,159.0,1745.7149999999997,40.88050314465409,54.088050314465406,16.16172323576082,3.1482619857940968,-7.327694781480531,9.957953728864767
0.02,0.0,0.2,1439.0,13797.739999999994,42.04308547602501,53.37039610840861,13.803352443103362,2.3351920868152156,-11.147377944184523,3.3248699800696095,158.0,1798.9249999999993,41.139240506329116,54.43037974683544,16.734762033669988,3.234662459286011,-7.292660660919714,10.37369157217997
0.02,0.0,0.25,1434.0,13607.999999999995,41.98047419804742,53.34728033472803,13.652016832671896,2.3073916940735217,-11.147377944184523,3.289130765953903,154.0,1629.3899999999992,40.909090909090914,53.896103896103895,15.706644277122653,2.940165299744426,-7.358404265494578,9.13302528639878
0.02,0.0,0.30000000000000004,1430.0,13588.939999999995,41.95804195804196,53.35664335664335,13.656973579584053,2.3066877765254783,-11.147377944184523,3.2910589844252405,154.0,1629.3899999999992,40.909090909090914,53.896103896103895,15.706644277122653,2.940165299744426,-7.358404265494578,9.13302528639878
0.02,0.0,0.35000000000000003,1420.0,13269.904999999992,41.901408450704224,53.309859154929576,13.421716695369646,2.261444489953749,-11.147377944184523,3.2522425971657896,152.0,1685.6499999999985,41.44736842105263,54.60526315789473,16.51751111929862,3.066858411431546,-7.348603821862509,9.690936096173422
0.02,0.0,0.4,1413.0,13003.824999999993,41.825902335456476,53.29087048832272,13.209887353820982,2.2275897426451436,-11.147377944184523,3.2171400996630384,151.0,1817.6199999999988,41.72185430463576,54.966887417218544,18.041681224787972,3.3712830415564614,-7.261833556493347,10.738696217645986
0.02,0.0,0.45,1396.0,12688.074999999993,41.54727793696275,53.080229226361034,12.981522311859578,2.1878379920891926,-11.147377944184523,3.1931191418819567,149.0,1779.5149999999994,42.281879194630875,54.36241610738255,17.789866409676318,3.323689435933996,-7.602769540069721,10.18008787991989
0.02,0.0,0.5,1366.0,12647.234999999993,41.58125915080527,53.221083455344065,13.129907467380612,2.196323194886063,-11.147377944184523,3.240390997306496,148.0,1723.1449999999995,41.891891891891895,54.054054054054056,17.29954099334982,3.218718148870751,-7.641309093394321,9.742227835135049
0.02,0.05,0.0,1424.0,13941.324999999995,42.907303370786515,54.00280898876404,13.840083405877659,2.347711457471166,-11.147377944184523,3.3802576951721117,157.0,1829.665,41.40127388535032,54.77707006369427,16.85520935147151,3.295355047123043,-7.363888841003508,10.675016500259325
0.02,0.05,0.05,1417.0,13929.084999999995,42.9075511644319,54.05786873676782,13.853741427247908,2.3510320316308047,-11.147377944184523,3.3894554067834606,156.0,1715.995,41.02564102564102,54.48717948717948,16.007177131684603,3.123582893900413,-7.363888841003508,10.058717777987061
0.02,0.05,0.1,1414.0,13911.694999999996,42.92786421499293,54.1018387553041,13.861082642837937,2.352100825600475,-11.147377944184523,3.3977312664210575,156.0,1715.995,41.02564102564102,54.48717948717948,16.007177131684603,3.123582893900413,-7.363888841003508,10.058717777987061
0.02,0.05,0.15000000000000002,1405.0,14095.034999999993,42.98932384341637,54.23487544483986,14.100604738871848,2.3893272925292384,-11.147377944184523,3.456247280041835,156.0,1715.995,41.02564102564102,54.48717948717948,16.007177131684603,3.123582893900413,-7.363888841003508,10.058717777987061
0.02,0.05,0.2,1397.0,13968.914999999994,42.87759484609878,54.18754473872585,14.0276882080541,2.3690764699949636,-11.147377944184523,3.438021054339299,155.0,1769.205,41.29032258064516,54.83870967741935,16.583835211960725,3.211070518711136,-7.328508609558549,10.486993793548995
0.02,0.05,0.25,1392.0,13779.174999999994,42.81609195402299,54.166666666666664,13.87641257346731,2.341179197724635,-11.147377944184523,3.4014739226186217,151.0,1599.6699999999996,41.05960264900662,54.3046357615894,15.542078657198289,2.9134246639423464,-7.394903086110716,9.20862721750043
0.02,0.05,0.30000000000000004,1388.0,13760.114999999994,42.79538904899135,54.17867435158501,13.881786078621902,2.3405264079641737,-11.147377944184523,3.403653228344428,151.0,1599.6699999999996,41.05960264900662,54.3046357615894,15.542078657198289,2.9134246639423464,-7.394903086110716,9.20862721750043
0.02,0.05,0.35000000000000003,1378.0,13441.079999999993,42.743105950653124,54.13642960812772,13.647070242954168,2.2953756349791505,-11.147377944184523,3.3647926844339384,149.0,1655.929999999999,41.61073825503356,55.033557046979865,16.356721998054088,3.041422721211262,-7.38500524331962,9.78524480267038
0.02,0.05,0.4,1371.0,13174.999999999993,42.669584245076585,54.12107950401167,13.435409130387912,2.2615704239002916,-11.147377944184523,3.3295231101301295,148.0,1787.899999999999,41.891891891891895,55.4054054054054,17.891201799627332,3.3472388462171607,-7.297378338441007,10.865149875851287
0.02,0.05,0.45,1354.0,12859.249999999995,42.39290989660266,53.91432791728212,13.20777952773374,2.223647437538203,-11.147377944184523,3.312248546565362,146.0,1749.7949999999996,42.465753424657535,54.794520547945204,17.636235724314346,3.299419988091164,-7.639983114767879,10.300234550223427
0.02,0.05,0.5,1324.0,12818.409999999993,42.44712990936556,54.0785498489426,13.360088091631132,2.2327150437601286,-11.147377944184523,3.3629870018337003,145.0,1693.4249999999995,42.06896551724138,54.48275862068965,17.141213005832416,3.193388341662771,-7.678901839229512,9.848619179931681
0.02,0.1,0.0,1367.0,13802.209999999995,43.087051938551575,54.20629114850036,13.922677358108766,2.368096442412613,-11.147377944184523,3.483918611903012,148.0,1593.6349999999995,40.54054054054054,54.729729729729726,15.101365309317226,2.9614351255482965,-7.142097622768173,9.663628186815785
0.02,0.1,0.05,1360.0,13789.969999999994,43.08823529411765,54.264705882352935,13.936712432544743,2.374004432380757,-11.147377944184523,3.4999858757163116,147.0,1479.9649999999995,40.136054421768705,54.421768707483,14.20599564787111,2.7811024127417987,-7.142097622768173,9.010822902319982
0.02,0.1,0.1,1357.0,13772.579999999994,43.109801031687546,54.31098010316876,13.944322458698059,2.3751792183058087,-11.147377944184523,3.5089423112724742,147.0,1479.9649999999995,40.136054421768705,54.421768707483,14.20599564787111,2.7811024127417987,-7.142097622768173,9.010822902319982
0.02,0.1,0.15000000000000002,1348.0,13955.919999999995,43.17507418397626,54.45103857566765,14.18807521837571,2.4133553787040776,-11.147377944184523,3.5709541108353964,147.0,1479.9649999999995,40.136054421768705,54.421768707483,14.20599564787111,2.7811024127417987,-7.142097622768173,9.010822902319982
0.02,0.1,0.2,1340.0,13829.799999999996,43.059701492537314,54.40298507462686,14.114309187445937,2.3927335909289495,-11.147377944184523,3.5519436135262343,146.0,1533.1749999999995,40.41095890410959,54.794520547945204,14.790449142290448,2.872000728009933,-7.107130731456879,9.44336201486454
0.02,0.1,0.25,1335.0,13640.059999999994,42.99625468164794,54.382022471910105,13.960811029483478,2.3642363301525844,-11.147377944184523,3.513546376294563,142.0,1363.6399999999994,40.140845070422536,54.22535211267606,13.649722128797704,2.551965693730068,-7.172754814221549,8.147397890798258
0.02,0.1,0.30000000000000004,1331.0,13620.999999999993,42.97520661157025,54.395191585274226,13.966424596328693,2.3636095956252503,-11.147377944184523,3.5159718785280467,142.0,1363.6399999999994,40.140845070422536,54.22535211267606,13.649722128797704,2.551965693730068,-7.172754814221549,8.147397890798258
0.02,0.1,0.35000000000000003,1321.0,13301.964999999993,42.9220287660863,54.35276305828918,13.728393616847795,2.3176840351682952,-11.147377944184523,3.475680255586658,140.0,1419.8999999999987,40.714285714285715,55.00000000000001,14.456940736622816,2.67982014583172,-7.162970385080669,8.711820927555507
0.02,0.1,0.4,1314.0,13035.884999999993,42.84627092846271,54.337899543378995,13.513590421396355,2.28328656055336,-11.147377944184523,3.439015738603396,139.0,1551.8699999999985,41.007194244604314,55.39568345323741,16.013666415228275,2.985911553268349,-7.076369456248455,9.801979368647297
0.02,0.1,0.45,1297.0,12720.134999999993,42.5597532767926,54.12490362374711,13.282737292486836,2.2448938743497013,-11.147377944184523,3.421927273446747,137.0,1513.7649999999994,41.605839416058394,54.74452554744526,15.736715277171355,2.9342265319786365,-7.425458439813648,9.238840671395442
0.02,0.1,0.5,1267.0,12679.294999999993,42.62036306235201,54.30149960536701,13.438748227587038,2.254597579724535,-11.147377944184523,3.476693411102737,136.0,1457.394999999999,41.17647058823529,54.41176470588235,15.217672776101876,2.8256475273673134,-7.464003974515587,8.783996296851347
0.02,0.15000000000000002,0.0,1290.0,13504.444999999998,43.48837209302325,54.65116279069767,14.088249374661535,2.35361634139233,-11.147377944184523,3.543001645000709,140.0,1638.8050000000003,42.142857142857146,56.42857142857143,16.09031481466936,3.161637584244499,-6.932390878228645,10.88924955293023
0.02,0.15000000000000002,0.05,1283.0,13492.204999999998,43.49181605611847,54.71551052221356,14.10309022527076,2.3593032484767624,-11.147377944184523,3.5598660220499077,139.0,1525.1350000000002,41.726618705035975,56.11510791366906,15.175457536858175,2.9762648935312432,-6.932390878228645,10.177482905975088
0.02,0.15000000000000002,0.1,1280.0,13474.814999999999,43.515625,54.76562499999999,14.111272920268275,2.3605119991555794,-11.147377944184523,3.569273390510923,139.0,1525.1350000000002,41.726618705035975,56.11510791366906,15.175457536858175,2.9762648935312432,-6.932390878228645,10.177482905975088
0.02,0.15000000000000002,0.15000000000000002,1271.0,13658.154999999995,43.58772619984264,54.91738788355626,14.364141040844679,2.3995219332304276,-11.147377944184523,3.6343097941079088,139.0,1525.1350000000002,41.726618705035975,56.11510791366906,15.175457536858175,2.9762648935312432,-6.932390878228645,10.177482905975088
0.02,0.15000000000000002,0.2,1263.0,13532.034999999996,43.46793349168646,54.86935866983374,14.28852676082512,2.3807460438386134,-11.147377944184523,3.6211026786119906,138.0,1578.3450000000007,42.028985507246375,56.52173913043478,15.78644942539083,3.070337832786009,-6.898845607506566,10.659012488513842
0.02,0.15000000000000002,0.25,1258.0,13342.294999999996,43.40222575516693,54.8489666136725,14.130218597337278,2.35146639692744,-11.147377944184523,3.580776058021342,134.0,1408.81,41.7910447761194,55.970149253731336,14.641002830906347,2.7370650789384405,-6.961798505527983,9.217351005840111
0.02,0.15000000000000002,0.30000000000000004,1254.0,13323.234999999995,43.38118022328549,54.864433811802236,14.136343332120218,2.3508280509377255,-11.147377944184523,3.5833463321311294,134.0,1408.81,41.7910447761194,55.970149253731336,14.641002830906347,2.7370650789384405,-6.961798505527983,9.217351005840111
0.02,0.15000000000000002,0.35000000000000003,1244.0,13004.199999999993,43.32797427652733,54.82315112540193,13.891124696990875,2.3059853664056624,-11.147377944184523,3.5477181391209487,132.0,1465.0699999999993,42.42424242424242,56.81818181818182,15.497318510212923,2.871930231671943,-6.952413203091967,9.858898859576318
0.02,0.15000000000000002,0.4,1237.0,12738.119999999995,43.24979789814066,54.81002425222312,13.669512755891818,2.270883192515333,-11.147377944184523,3.5092028114016967,131.0,1597.0399999999993,42.74809160305343,57.25190839694656,17.130053212314017,3.1943659681421437,-6.8693317927596365,11.074080002181024
0.02,0.15000000000000002,0.45,1220.0,12422.369999999995,42.950819672131146,54.59016393442623,13.431656938322174,2.231871296869894,-11.147377944184523,3.491420054628891,129.0,1558.935,43.41085271317829,56.58914728682171,16.850728102868313,3.1422631464851754,-7.214376232907938,10.445642602262359
0.02,0.15000000000000002,0.5,1190.0,12381.529999999995,43.02521008403362,54.78991596638656,13.595599347447944,2.2428700715207066,-11.147377944184523,3.5494223910775657,128.0,1502.565,42.96875,56.25,16.316071802812647,3.0290927497140254,-7.25138992103036,9.938303529852607
0.02,0.2,0.0,1206.0,13268.484999999997,44.19568822553897,54.975124378109456,14.650398487756078,2.438619727853571,-11.147377944184523,3.6878084144712164,128.0,1769.06,43.75,57.8125,18.6698327265052,3.4821750632506245,-6.972789268672797,12.123238950450386
0.02,0.2,0.05,1199.0,13256.244999999999,44.20350291909925,55.04587155963303,14.667274988841525,2.444897677235991,-11.147377944184523,3.706356966569665,127.0,1655.3899999999999,43.30708661417323,57.48031496062992,17.722769839205093,3.2959951590987977,-6.972789268672797,11.398321968511873
0.02,0.2,0.1,1196.0,13238.855,44.230769230769226,55.10033444816054,14.677055239834845,2.446314359854774,-11.147377944184523,3.7167666552667944,127.0,1655.3899999999999,43.30708661417323,57.48031496062992,17.722769839205093,3.2959951590987977,-6.972789268672797,11.398321968511873
0.02,0.2,0.15000000000000002,1187.0,13422.194999999998,44.3133951137321,55.2653748946925,14.947365924175791,2.48821741491378,-11.147377944184523,3.7871050372593147,127.0,1655.3899999999999,43.30708661417323,57.48031496062992,17.722769839205093,3.2959951590987977,-6.972789268672797,11.398321968511873
0.02,0.2,0.2,1179.0,13296.074999999997,44.18999151823579,55.216284987277355,14.869754501693246,2.471015588877091,-11.147377944184523,3.7807054547046173,126.0,1708.6,43.65079365079365,57.936507936507944,18.39467043330721,3.3913181359270137,-6.939563923186864,11.906622240858484
0.02,0.2,0.25,1174.0,13106.334999999997,44.122657580919935,55.195911413969334,14.703890664906043,2.4393001895177258,-11.147377944184523,3.744732015833014,122.0,1539.0649999999996,43.44262295081967,57.377049180327866,17.267991499884435,3.049591060150475,-7.0019123724125105,10.387784657652803
0.02,0.2,0.30000000000000004,1170.0,13087.274999999998,44.1025641025641,55.21367521367522,14.711512812416355,2.438728950934623,-11.147377944184523,3.747698514102124,122.0,1539.0649999999996,43.44262295081967,57.377049180327866,17.267991499884435,3.049591060150475,-7.0019123724125105,10.387784657652803
0.02,0.2,0.35000000000000003,1160.0,12768.239999999996,44.05172413793104,55.172413793103445,14.45573286742548,2.391758519341923,-11.147377944184523,3.710359204680791,120.0,1595.324999999999,44.166666666666664,58.333333333333336,18.244462589888553,3.1905454241923024,-6.99261828631087,11.084378637439473
0.02,0.2,0.4,1153.0,12502.159999999996,43.97224631396357,55.160450997398094,14.223541332044556,2.354600311490264,-11.147377944184523,3.6694905400674305,119.0,1727.2949999999994,44.537815126050425,58.82352941176471,20.05336977229903,3.554247402986096,-6.910327503313917,12.368510272532061
0.02,0.2,0.45,1136.0,12186.409999999996,43.66197183098591,54.929577464788736,13.975710422380011,2.313988186695215,-11.147377944184523,3.651923256111717,117.0,1689.19,45.2991452991453,58.119658119658126,19.775342722345147,3.5030294682514524,-7.2501233939282645,11.708045336570677
0.02,0.2,0.5,1106.0,12145.569999999996,43.76130198915009,55.15370705244123,14.15873876680083,2.3316553586934052,-11.147377944184523,3.7318119503391878,116.0,1632.8199999999997,44.827586206896555,57.758620689655174,19.210618890132082,3.3861471115755024,-7.286751812535098,11.17081127949734
0.02,0.25,0.0,1124.0,12181.905000000002,44.21708185053381,55.16014234875445,14.240966466716424,2.3390422374276554,-11.147377944184523,3.6217401157356344,116.0,1249.939999999999,43.103448275862064,55.172413793103445,14.434304019511485,2.5828764573440446,-8.13187908413785,7.400164990121389
0.02,0.25,0.05,1117.0,12169.665,44.225604297224706,55.23724261414503,14.257936570235685,2.345620156054243,-11.147377944184523,3.6405317393569567,115.0,1136.2699999999988,42.608695652173914,54.78260869565217,13.329493411914848,2.3781071046586573,-8.13187908413785,6.747832675988673
0.02,0.25,0.1,1114.0,12152.275000000001,44.254937163375224,55.296229802513466,14.267435093268665,2.346896702782704,-11.147377944184523,3.6509236355563406,115.0,1136.2699999999988,42.608695652173914,54.78260869565217,13.329493411914848,2.3781071046586573,-8.13187908413785,6.747832675988673
0.02,0.25,0.15000000000000002,1105.0,12335.615,44.34389140271493,55.47511312217195,14.551817518099213,2.390467529577866,-11.147377944184523,3.7256799471740205,115.0,1136.2699999999988,42.608695652173914,54.78260869565217,13.329493411914848,2.3781071046586573,-8.13187908413785,6.747832675988673
0.02,0.25,0.2,1097.0,12209.494999999999,44.21148587055606,55.42388331814039,14.46780507683362,2.3738053834554615,-11.147377944184523,3.717256823497319,114.0,1189.4799999999989,42.98245614035088,55.26315789473685,14.039187637281236,2.4804300951815064,-8.091774062816148,7.155707481843714
0.02,0.25,0.25,1092.0,12019.755000000001,44.13919413919414,55.40293040293041,14.290683176348605,2.3405060923391177,-11.147377944184523,3.677536193701601,110.0,1019.9449999999986,42.72727272727273,54.54545454545454,12.59684345601919,2.1257735668855253,-8.167043510229977,5.926468872271972
0.02,0.25,0.30000000000000004,1088.0,12000.695,44.11764705882353,55.42279411764706,14.297896579533578,2.3419224327980657,-11.147377944184523,3.6878186600943534,110.0,1019.9449999999986,42.72727272727273,54.54545454545454,12.59684345601919,2.1257735668855253,-8.167043510229977,5.926468872271972
0.02,0.25,0.35000000000000003,1078.0,11681.66,44.063079777365495,55.38033395176253,14.02354083463745,2.2922229192528563,-11.147377944184523,3.6445349075805518,108.0,1076.204999999998,43.51851851851852,55.55555555555556,13.57444403941891,2.263893757932492,-8.155820327753693,6.442109901796446
0.02,0.25,0.4,1071.0,11415.579999999998,43.977591036414566,55.368814192343606,13.775030607612694,2.2524612858058193,-11.147377944184523,3.6057728129059976,107.0,1208.1749999999981,43.925233644859816,56.074766355140184,15.494389227316423,2.6152012774012645,-8.056495037535704,7.471017879294741
0.02,0.25,0.45,1054.0,11099.829999999998,43.643263757115754,55.123339658444024,13.508216711623751,2.212371655221922,-11.147377944184523,3.589980819781023,105.0,1170.0699999999986,44.761904761904766,55.23809523809524,15.14475317470691,2.5745749939618174,-8.408135580707532,7.1857732967585575
0.02,0.25,0.5,1024.0,11058.989999999998,43.75,55.37109375,13.694441431227066,2.231575469090788,-11.441599308630124,3.577368207640511,104.0,1113.6999999999985,44.230769230769226,54.807692307692314,14.494545511337142,2.451605586418945,-8.452102879597179,6.742655254835847
0.02,0.30000000000000004,0.0,1021.0,10301.860000000004,44.07443682664055,54.35847208619001,13.24273339799249,2.1358380622391815,-11.147377944184523,3.394847041646569,106.0,760.4649999999998,40.56603773584906,52.83018867924528,9.744928687673793,1.7344798539075772,-10.655833669474768,3.5191301193713955
0.02,0.30000000000000004,0.05,1014.0,10289.620000000003,44.08284023668639,54.437869822485204,13.25898406659684,2.1423290886754733,-11.147377944184523,3.412992170361155,105.0,646.7949999999997,40.0,52.38095238095239,8.4342526148602,1.4972893118134245,-10.655833669474768,2.99626950537272
0.02,0.30000000000000004,0.1,1011.0,10272.230000000003,44.11473788328388,54.50049455984174,13.26712747548698,2.1436248222087313,-11.147377944184523,3.4226321424537742,105.0,646.7949999999997,40.0,52.38095238095239,8.4342526148602,1.4972893118134245,-10.655833669474768,2.99626950537272
0.02,0.30000000000000004,0.15000000000000002,1002.0,10455.570000000002,44.21157684630739,54.690618762475054,13.574864901428873,2.1911935836425678,-11.147377944184523,3.503590314677771,105.0,646.7949999999997,40.0,52.38095238095239,8.4342526148602,1.4972893118134245,-10.655833669474768,2.99626950537272
0.02,0.30000000000000004,0.2,994.0,10329.45,44.06438631790744,54.627766599597585,13.477521350548251,2.17856429460807,-11.147377944184523,3.5056617980875733,104.0,700.0049999999999,40.38461538461539,52.88461538461539,9.190325020087279,1.6131141261390747,-10.602352703703943,3.2886808147783815
0.02,0.30000000000000004,0.25,989.0,10139.710000000003,43.98382204246714,54.60060667340748,13.278771822530821,2.147148503437555,-11.147377944184523,3.4739115404931087,100.0,530.4699999999996,40.0,52.0,7.325901599498408,1.2321778342303034,-10.702733943923349,2.398752494256846
0.02,0.30000000000000004,0.30000000000000004,985.0,10120.650000000001,43.95939086294416,54.61928934010152,13.284384657468655,2.148183142490284,-11.147377944184523,3.483556826293474,100.0,530.4699999999996,40.0,52.0,7.325901599498408,1.2321778342303034,-10.702733943923349,2.398752494256846
0.02,0.30000000000000004,0.35000000000000003,975.0,9801.615000000002,43.8974358974359,54.56410256410257,12.973399779726792,2.092652135391257,-11.922376109472943,3.2049762202485725,98.0,586.729999999999,40.816326530612244,53.06122448979592,8.296099180471568,1.375885522418228,-10.687764330919514,2.736710799708539
0.02,0.30000000000000004,0.4,968.0,9535.535000000002,43.80165289256198,54.54545454545454,12.693261873457612,2.0481984114494316,-11.868058053827834,3.173095864002738,97.0,718.6999999999989,41.23711340206185,53.608247422680414,10.353386567248018,1.739390290584083,-10.555315055089231,3.4730752701460714
0.02,0.30000000000000004,0.45,951.0,9219.785000000003,43.4279705573081,54.25867507886435,12.388484245699743,2.0021146270281105,-11.986063270688142,3.1146728468407643,95.0,680.5949999999998,42.10526315789473,52.63157894736842,9.906624357724048,1.6769276262799675,-10.913139056952282,3.296093553775442
0.02,0.30000000000000004,0.5,921.0,9178.945000000002,43.53963083604778,54.50597176981542,12.572762267077536,2.021190606065871,-13.68096878415842,2.8067312414430776,94.0,624.2249999999998,41.48936170212766,52.12765957446809,9.142443286753945,1.5396427478337051,-10.971214192388734,2.976339622036582
0.02,0.35000000000000003,0.0,929.0,10430.080000000005,44.77933261571582,54.35952637244349,14.69839974690199,2.3676501304827218,-11.147377944184523,3.669566737467901,92.0,-98.56499999999986,36.95652173913043,48.91304347826087,-1.4993998749549313,-0.2506844812583731,-13.133681053002134,-0.3439483179307727
0.02,0.35000000000000003,0.05,922.0,10417.840000000004,44.7939262472885,54.4468546637744,14.720078945371677,2.374993285600074,-11.310829682584178,3.637503378208873,91.0,-212.2349999999999,36.26373626373626,48.35164835164835,-3.296291119187399,-0.5500622146674775,-13.133681053002134,-0.7383202493976819
0.02,0.35000000000000003,0.1,919.0,10400.450000000004,44.83133841131664,54.515778019586506,14.7327092223336,2.376894804167815,-11.147377944184523,3.7023980021378913,91.0,-212.2349999999999,36.26373626373626,48.35164835164835,-3.296291119187399,-0.5500622146674775,-13.133681053002134,-0.7383202493976819
0.02,0.35000000000000003,0.15000000000000002,910.0,10583.790000000003,44.94505494505495,54.72527472527473,15.078849243278638,2.430781708082659,-11.147377944184523,3.7920317272790376,91.0,-212.2349999999999,36.26373626373626,48.35164835164835,-3.296291119187399,-0.5500622146674775,-13.133681053002134,-0.7383202493976819
0.02,0.35000000000000003,0.2,902.0,10457.670000000004,44.789356984478935,54.656319290465625,14.980154751113595,2.4183579978999563,-11.192429378865443,3.7820934471995686,90.0,-159.02499999999978,36.666666666666664,48.888888888888886,-2.489943930267475,-0.40949929425242215,-12.621203066392429,-0.5814600247654159
0.02,0.35000000000000003,0.25,897.0,10267.930000000004,44.70457079152732,54.626532887402455,14.767965320645958,2.3847813645904115,-11.183881097349479,3.752728277937025,86.0,-328.56000000000006,36.04651162790697,47.674418604651166,-5.466024505277869,-0.8633104089338784,-13.493693999417689,-1.1077286621906763
0.02,0.35000000000000003,0.30000000000000004,893.0,10248.870000000003,44.680851063829785,54.64725643896976,14.777904697527106,2.3864265097545436,-11.223460573884115,3.751094051342079,86.0,-328.56000000000006,36.04651162790697,47.674418604651166,-5.466024505277869,-0.8633104089338784,-13.493693999417689,-1.1077286621906763
0.02,0.35000000000000003,0.35000000000000003,883.0,9929.835000000001,44.620611551528874,54.586636466591166,14.44975846092527,2.3302989076926526,-12.058766204865712,3.4385655808471074,84.0,-272.30000000000064,36.904761904761905,48.80952380952381,-4.660843607558007,-0.7220586176490025,-13.351878881598356,-0.9550618431555802
0.02,0.35000000000000003,0.4,876.0,9663.755000000001,44.52054794520548,54.5662100456621,14.15086575944002,2.282805829966264,-12.003483614724608,3.407082214953809,83.0,-140.3300000000006,37.34939759036144,49.39759036144578,-2.45692115371822,-0.384900415300122,-12.079591927239496,-0.5583654352951437
0.02,0.35000000000000003,0.45,859.0,9348.005000000001,44.121071012805594,54.249126891734576,13.830390209722339,2.234433152413817,-12.123588294962062,3.3496908142694597,81.0,-178.43499999999995,38.2716049382716,48.148148148148145,-3.1637243064309923,-0.4994870313810734,-12.4469518908361,-0.7105156296417282
0.02,0.35000000000000003,0.5,829.0,9307.165,44.27020506634499,54.523522316043426,14.064538874303757,2.2570090940932905,-13.954472840263211,3.00823612785031,80.0,-234.8049999999999,37.5,47.5,-4.194669239151793,-0.6610974731300053,-12.514964197400403,-0.9191087685823572
0.02,0.4,0.0,844.0,9304.135000000007,44.07582938388626,53.90995260663507,14.551892211206466,2.3253921066332413,-11.147377944184523,3.619508346289674,81.0,34.87500000000007,35.80246913580247,48.148148148148145,0.5871785460533196,0.09990156010106033,-10.899234653952162,0.1624083205033936
0.02,0.4,0.05,837.0,9291.895000000008,44.086021505376344,54.00238948626045,14.575528427699668,2.3331792663392985,-11.147377944184523,3.6417300266283013,80.0,-78.7949999999999,35.0,47.5,-1.357506990398645,-0.23046395272260792,-10.899234653952162,-0.36577951919936386
0.02,0.4,0.1,834.0,9274.505000000008,44.12470023980815,54.07673860911271,14.58914767459385,2.3350685254060197,-11.147377944184523,3.6535709066090982,80.0,-78.7949999999999,35.0,47.5,-1.357506990398645,-0.23046395272260792,-10.899234653952162,-0.36577951919936386
0.02,0.4,0.15000000000000002,825.0,9457.845000000007,44.24242424242424,54.30303030303031,14.972852750392544,2.3936813052940495,-11.147377944184523,3.7526463324767265,80.0,-78.7949999999999,35.0,47.5,-1.357506990398645,-0.23046395272260792,-10.899234653952162,-0.36577951919936386
0.02,0.4,0.2,817.0,9331.725000000006,44.063647490820074,54.22276621787026,14.86247820811715,2.3795241108232075,-11.147377944184523,3.7555573744047464,79.0,-25.584999999999866,35.44303797468354,48.10126582278481,-0.4447646927933668,-0.07428095210057285,-10.386756667342457,-0.12601096726640187
0.02,0.4,0.25,812.0,9141.985000000006,43.96551724137931,54.187192118226605,14.625917001064556,2.342233308112016,-11.147377944184523,3.716885297952799,75.0,-195.12000000000006,34.66666666666667,46.666666666666664,-3.628964763034851,-0.5791954148299099,-11.257044962430074,-0.8730480708272101
0.02,0.4,0.30000000000000004,808.0,9122.925000000007,43.93564356435643,54.207920792079214,14.636575792833083,2.3438367479080875,-11.147377944184523,3.728830049727649,75.0,-195.12000000000006,34.66666666666667,46.666666666666664,-3.628964763034851,-0.5791954148299099,-11.257044962430074,-0.8730480708272101
0.02,0.4,0.35000000000000003,798.0,8803.890000000005,43.859649122807014,54.13533834586466,14.269626370676823,2.2814172634622887,-11.147377944184523,3.6606906556582035,73.0,-138.86000000000058,35.61643835616438,47.94520547945205,-2.666241685995618,-0.4163642083435761,-11.115229844610731,-0.6498536079586362
0.02,0.4,0.4,791.0,8537.810000000005,43.742098609355246,54.10872313527181,13.935211413352091,2.2307360380026684,-11.147377944184523,3.6091656236362843,72.0,-6.890000000000583,36.11111111111111,48.61111111111111,-0.13569910643419741,-0.021188683676251874,-9.965937634485211,-0.03781584174740005
0.02,0.4,0.45,774.0,8222.060000000005,43.281653746770026,53.746770025839794,13.575080943017113,2.1766528707783177,-11.147377944184523,3.573345068857838,70.0,-44.99499999999993,37.142857142857146,47.14285714285714,-0.8988537342533279,-0.14150792035148801,-10.332796435486092,-0.24676111672032772
0.02,0.4,0.5,744.0,8181.220000000005,43.413978494623656,54.03225806451613,13.830919735655824,2.2063297214710045,-11.147377944184523,3.7125020482987887,69.0,-101.36499999999994,36.231884057971016,46.3768115942029,-2.0422122337307007,-0.3208123689727454,-10.389179184663588,-0.5455769671284387
0.02,0.45,0.0,757.0,7869.265000000006,43.85733157199472,53.5006605019815,13.808802345645033,2.178198696099429,-11.147377944184523,3.4460043498504267,72.0,-20.325000000000273,36.11111111111111,48.61111111111111,-0.382771244981135,-0.06930685954979679,-9.682520802262573,-0.11700384465830094
0.02,0.45,0.05,750.0,7857.025000000005,43.86666666666667,53.6,13.832875730748347,2.185979003238835,-11.147377944184523,3.4683178746241037,71.0,-133.9950000000003,35.2112676056338,47.88732394366197,-2.5893103868071705,-0.46863268610982306,-9.682520802262573,-0.7679005454879815
0.02,0.45,0.1,747.0,7839.635000000005,43.90896921017403,53.6813922356091,13.845822764510805,2.1875605992708524,-11.147377944184523,3.479734005551781,71.0,-133.9950000000003,35.2112676056338,47.88732394366197,-2.5893103868071705,-0.46863268610982306,-9.682520802262573,-0.7679005454879815
0.02,0.45,0.15000000000000002,738.0,8022.975000000004,44.03794037940379,53.929539295392956,14.271616950955512,2.2514370145983684,-11.147377944184523,3.589980310757602,71.0,-133.9950000000003,35.2112676056338,47.88732394366197,-2.5893103868071705,-0.46863268610982306,-9.682520802262573,-0.7679005454879815
0.02,0.45,0.2,730.0,7896.855000000004,43.83561643835616,53.83561643835616,14.142737713215054,2.234420638568629,-11.147377944184523,3.587485901277965,70.0,-80.7850000000003,35.714285714285715,48.57142857142857,-1.5769019055166735,-0.27982155016965937,-9.170042815652868,-0.4950154096669035
0.02,0.45,0.25,725.0,7707.115000000003,43.724137931034484,53.79310344827586,13.872930746542266,2.1922472185787574,-11.147377944184523,3.5389507488025003,66.0,-250.3200000000005,34.84848484848485,46.96969696969697,-5.272914174011234,-0.8910901371893108,-10.03913171741868,-1.3751915813604054
0.02,0.45,0.30000000000000004,721.0,7688.055000000004,43.689320388349515,53.81414701803051,13.882537741525182,2.1934920928372463,-11.147377944184523,3.550382214298829,66.0,-250.3200000000005,34.84848484848485,46.96969696969697,-5.272914174011234,-0.8910901371893108,-10.03913171741868,-1.3751915813604054
0.02,0.45,0.35000000000000003,711.0,7369.020000000003,43.60056258790436,53.727144866385366,13.46028477859454,2.1226857020943295,-11.147377944184523,3.4648647807387176,64.0,-194.06000000000103,35.9375,48.4375,-4.238394974905125,-0.6984470375635329,-9.897316599599327,-1.1208205646703706
0.02,0.45,0.4,704.0,7102.940000000003,43.465909090909086,53.69318181818182,13.076689549992762,2.064818901528973,-11.147377944184523,3.3983654513292194,63.0,-62.09000000000103,36.507936507936506,49.2063492063492,-1.3959239649726514,-0.23038352705536697,-8.995184760222196,-0.41753587673771536
0.02,0.45,0.45,687.0,6787.190000000004,42.94032023289665,53.275109170305676,12.65865776103019,2.001293199182047,-11.147377944184523,3.3443022408394816,61.0,-100.19500000000038,37.704918032786885,47.540983606557376,-2.2894597336599456,-0.38133318273303973,-9.361056568265514,-0.6729600037932691
0.02,0.45,0.5,657.0,6746.350000000003,43.07458143074581,53.57686453576864,12.923707911768572,2.0341529095105813,-11.147377944184523,3.4940046541850633,60.0,-156.5650000000004,36.666666666666664,46.666666666666664,-3.6124576894945437,-0.600937476958728,-9.41199867161976,-1.0299533013674693
0.02,0.5,0.0,692.0,6874.605000000006,43.93063583815029,53.46820809248555,13.112946244894491,2.0241391270332243,-11.147377944184523,3.2631387400953744,60.0,49.22500000000028,38.333333333333336,50.0,1.08497760615038,0.1916586665639859,-8.069722432637928,0.37970588282189166
0.02,0.5,0.05,685.0,6862.365000000004,43.941605839416056,53.57664233576642,13.136621831858278,2.0315453052052432,-11.147377944184523,3.284838848947792,59.0,-64.44499999999972,37.28813559322034,49.152542372881356,-1.464016919851059,-0.25822310694275674,-8.069722432637928,-0.49460624434945616
0.02,0.5,0.1,682.0,6844.975000000004,43.988269794721404,53.665689149560116,13.148313129613458,2.0327229427784252,-11.147377944184523,3.295465171401493,59.0,-64.44499999999972,37.28813559322034,49.152542372881356,-1.464016919851059,-0.25822310694275674,-8.069722432637928,-0.49460624434945616
0.02,0.5,0.15000000000000002,673.0,7028.315000000003,44.13075780089153,53.937592867756315,13.606241631994381,2.0996556204988948,-11.147377944184523,3.413366645249561,59.0,-64.44499999999972,37.28813559322034,49.152542372881356,-1.464016919851059,-0.25822310694275674,-8.069722432637928,-0.49460624434945616
0.02,0.5,0.2,665.0,6902.195000000004,43.909774436090224,53.83458646616541,13.460973640483981,2.0823483053130833,-11.147377944184523,3.415218275266642,58.0,-11.234999999999701,37.93103448275862,50.0,-0.25827467459919035,-0.04451034720840029,-7.557244446028244,-0.09338073755637423
0.02,0.5,0.25,660.0,6712.4550000000045,43.78787878787879,53.78787878787878,13.163266386685146,2.036553509501074,-11.147377944184523,3.3582253067721552,54.0,-180.76999999999992,37.03703703703704,48.148148148148145,-4.548496834646777,-0.7435783477435373,-8.424743508415379,-1.3198247713915852
0.02,0.5,0.30000000000000004,656.0,6693.395000000005,43.75,53.8109756097561,13.171281492224237,2.040452852231011,-11.147377944184523,3.3785784357689663,54.0,-180.76999999999992,37.03703703703704,48.148148148148145,-4.548496834646777,-0.7435783477435373,-8.424743508415379,-1.3198247713915852
0.02,0.5,0.35000000000000003,646.0,6374.360000000004,43.653250773993804,53.71517027863777,12.701680596080486,1.963258083848744,-11.147377944184523,3.2779512640009765,52.0,-124.51000000000049,38.46153846153847,50.0,-3.2717402157861395,-0.5184534489379672,-8.282928390596044,-0.9625818359603857
0.02,0.5,0.4,639.0,6108.280000000004,43.50547730829421,53.677621283255085,12.27638281344995,1.8998443093800008,-11.147377944184523,3.1982741466381523,51.0,7.459999999999567,39.21568627450981,50.98039215686274,0.20299595912868387,0.03221278554961464,-7.3083047519837185,0.06967266216128437
0.02,0.5,0.45,622.0,5792.530000000004,42.92604501607717,53.21543408360129,11.808052713891305,1.8331252754325607,-11.147377944184523,3.1464518087979014,49.0,-30.644999999999797,40.816326530612244,48.97959183673469,-0.8504562408418752,-0.13609282972617737,-7.674488779037414,-0.28478638469560436
0.02,0.5,0.5,592.0,5751.690000000004,43.07432432432432,53.547297297297305,12.073203830468145,1.864394239910277,-11.147377944184523,3.2949674337941235,48.0,-87.01499999999982,39.58333333333333,47.91666666666667,-2.443534595327751,-0.3903644432368372,-7.7162885522145785,-0.790355025427812
0.03,0.0,0.0,712.0,5868.884999999994,39.60674157303371,51.54494382022472,13.231968919031331,1.9826525574705898,-6.671914518588784,4.241267346759411,70.0,1415.2100000000007,44.285714285714285,58.57142857142858,31.441565135478605,5.183767931945138,-1.8133989751665691,53.78259072677619
0.03,0.0,0.05,707.0,5802.584999999994,39.46251768033947,51.48514851485149,13.122786092334652,1.9673655227443876,-6.671914518588784,4.228527217155188,70.0,1415.2100000000007,44.285714285714285,58.57142857142858,31.441565135478605,5.183767931945138,-1.8133989751665691,53.78259072677619
0.03,0.0,0.1,707.0,5802.584999999994,39.46251768033947,51.48514851485149,13.122786092334652,1.9673655227443876,-6.671914518588784,4.228527217155188,70.0,1415.2100000000007,44.285714285714285,58.57142857142858,31.441565135478605,5.183767931945138,-1.8133989751665691,53.78259072677619
0.03,0.0,0.15000000000000002,702.0,5970.854999999994,39.6011396011396,51.70940170940172,13.578500465969222,2.0311375621281913,-6.671914518588784,4.3713982489546135,70.0,1415.2100000000007,44.285714285714285,58.57142857142858,31.441565135478605,5.183767931945138,-1.8133989751665691,53.78259072677619
0.03,0.0,0.2,698.0,5957.984999999994,39.541547277936964,51.719197707736384,13.594967521910464,2.030639472523527,-6.671914518588784,4.38442273461045,69.0,1468.4200000000008,44.927536231884055,59.42028985507246,33.00435811623293,5.316208331081907,-1.8044834199023807,56.697953486438486
0.03,0.0,0.25,697.0,5987.8749999999945,39.59827833572454,51.79340028694405,13.672089950895428,2.04344775356658,-6.671914518588784,4.41524729717403,67.0,1258.8900000000008,43.28358208955223,58.2089552238806,29.542393166404633,4.751081766731273,-1.8280340361881198,47.2417910903914
0.03,0.0,0.30000000000000004,695.0,5971.054999999994,39.568345323741006,51.798561151079134,13.65881549354282,2.040024814768712,-6.671914518588784,4.4149472055537355,67.0,1258.8900000000008,43.28358208955223,58.2089552238806,29.542393166404633,4.751081766731273,-1.8280340361881198,47.2417910903914
0.03,0.0,0.35000000000000003,690.0,5759.679999999993,39.42028985507247,51.59420289855072,13.289932524463703,1.974986043015165,-6.671914518588784,4.294167463400091,66.0,1300.4400000000007,43.93939393939394,59.09090909090909,30.808448134942743,4.99125254653826,-1.8280340361881198,50.6616227855428
0.03,0.0,0.4,687.0,5773.819999999993,39.44687045123727,51.67394468704513,13.357770131381708,1.9870609609340704,-6.671914518588784,4.325259478704453,66.0,1300.4400000000007,43.93939393939394,59.09090909090909,30.808448134942743,4.99125254653826,-1.8280340361881198,50.6616227855428
0.03,0.0,0.45,681.0,5618.579999999994,38.91336270190896,51.248164464023496,13.045086343380959,1.9424857816933254,-6.671914518588784,4.261779389290769,66.0,1300.4400000000007,43.93939393939394,59.09090909090909,30.808448134942743,4.99125254653826,-1.8280340361881198,50.6616227855428
0.03,0.0,0.5,669.0,5697.9949999999935,38.86397608370702,51.270553064275035,13.392759348027287,1.9948755364292126,-6.594765715986616,4.422895913745505,65.0,1244.0700000000006,43.07692307692308,58.46153846153847,29.771556840372185,4.8010699693272185,-1.8377307161546175,47.621429395975085
0.03,0.05,0.0,671.0,5852.304999999995,40.83457526080477,52.90611028315947,13.471970921211941,2.041254615700577,-6.671914518588784,4.468099989158609,68.0,1443.880000000001,45.588235294117645,60.29411764705882,32.37391844412907,5.3151758569104475,-1.8127341102083139,56.82379565930331
0.03,0.05,0.05,666.0,5786.004999999994,40.69069069069069,52.85285285285285,13.36124042822437,2.025778489374643,-6.671914518588784,4.456067166120741,68.0,1443.880000000001,45.588235294117645,60.29411764705882,32.37391844412907,5.3151758569104475,-1.8127341102083139,56.82379565930331
0.03,0.05,0.1,666.0,5786.004999999994,40.69069069069069,52.85285285285285,13.36124042822437,2.025778489374643,-6.671914518588784,4.456067166120741,68.0,1443.880000000001,45.588235294117645,60.29411764705882,32.37391844412907,5.3151758569104475,-1.8127341102083139,56.82379565930331
0.03,0.05,0.15000000000000002,661.0,5954.274999999992,40.847201210287444,53.10136157337367,13.82797529844077,2.0920087028528105,-6.671914518588784,4.609603588042111,68.0,1443.880000000001,45.588235294117645,60.29411764705882,32.37391844412907,5.3151758569104475,-1.8127341102083139,56.82379565930331
0.03,0.05,0.2,657.0,5941.404999999993,40.791476407914764,53.12024353120244,13.8456528172969,2.09170568847567,-6.671914518588784,4.62454051842181,67.0,1497.090000000001,46.26865671641791,61.19402985074627,33.96225131008826,5.448595605564141,-1.8038250752883012,59.87895529083141
0.03,0.05,0.25,656.0,5971.294999999993,40.853658536585364,53.20121951219512,13.924584760760105,2.105062333739105,-6.671914518588784,4.657900244641617,65.0,1287.560000000001,44.61538461538462,60.0,30.509237648185078,4.881513593520276,-1.8273583983209996,50.037812256578746
0.03,0.05,0.30000000000000004,654.0,5954.474999999993,40.825688073394495,53.21100917431193,13.911502427543402,2.101635827449651,-6.671914518588784,4.658129885606131,65.0,1287.560000000001,44.61538461538462,60.0,30.509237648185078,4.881513593520276,-1.8273583983209996,50.037812256578746
0.03,0.05,0.35000000000000003,649.0,5743.099999999993,40.67796610169492,53.004622496147924,13.536925014802422,2.034647372788366,-6.671914518588784,4.530607787501611,64.0,1329.110000000001,45.3125,60.9375,31.797042091110516,5.126529449791789,-1.8273583983209996,53.68759979462823
0.03,0.05,0.4,646.0,5757.2399999999925,40.71207430340557,53.09597523219814,13.606893682996448,2.0473882955849954,-6.671914518588784,4.5648055030725185,64.0,1329.110000000001,45.3125,60.9375,31.797042091110516,5.126529449791789,-1.8273583983209996,53.68759979462823
0.03,0.05,0.45,640.0,5601.999999999993,40.15625,52.65625000000001,13.288346201032118,2.001730856196561,-6.671914518588784,4.499362486451497,64.0,1329.110000000001,45.3125,60.9375,31.797042091110516,5.126529449791789,-1.8273583983209996,53.68759979462823
0.03,0.05,0.5,628.0,5681.414999999994,40.12738853503185,52.70700636942676,13.646714038755166,2.0566692065050787,-6.594765715986616,4.673467557772576,63.0,1272.740000000001,44.44444444444444,60.317460317460316,30.759972448128785,4.934765170421096,-1.8370478928671718,50.497488151836855
0.03,0.1,0.0,630.0,5962.064999999995,41.58730158730159,53.333333333333336,14.173201672809418,2.156317440260395,-6.671914518588784,4.789207685137439,62.0,1414.4400000000012,46.774193548387096,62.903225806451616,32.53643107711774,5.5229132427029395,-1.5123211990897945,70.36851274420509
0.03,0.1,0.05,625.0,5895.764999999995,41.44,53.28000000000001,14.061118218268915,2.140773642851806,-6.671914518588784,4.7790378003492515,62.0,1414.4400000000012,46.774193548387096,62.903225806451616,32.53643107711774,5.5229132427029395,-1.5123211990897945,70.36851274420509
0.03,0.1,0.1,625.0,5895.764999999995,41.44,53.28000000000001,14.061118218268915,2.140773642851806,-6.671914518588784,4.7790378003492515,62.0,1414.4400000000012,46.774193548387096,62.903225806451616,32.53643107711774,5.5229132427029395,-1.5123211990897945,70.36851274420509
0.03,0.1,0.15000000000000002,620.0,6064.0349999999935,41.612903225806456,53.5483870967742,14.547356481824648,2.2100546605447846,-6.671914518588784,4.944083528171934,62.0,1414.4400000000012,46.774193548387096,62.903225806451616,32.53643107711774,5.5229132427029395,-1.5123211990897945,70.36851274420509
0.03,0.1,0.2,616.0,6051.164999999994,41.55844155844156,53.57142857142857,14.56818112876128,2.210052749514244,-6.671914518588784,4.961690002086718,61.0,1467.6500000000012,47.540983606557376,63.934426229508205,34.16842438549686,5.661262969974411,-1.5048886019443652,74.25572705868618
0.03,0.1,0.25,615.0,6081.054999999994,41.6260162601626,53.65853658536586,14.65022512381266,2.224117120584786,-6.671914518588784,4.997919965637025,59.0,1258.1200000000013,45.76271186440678,62.71186440677966,30.630047206674703,5.055258261627374,-1.5245218968147678,63.713674680320814
0.03,0.1,0.30000000000000004,613.0,6064.234999999993,41.598694942903755,53.67047308319739,14.638120059312968,2.220733755349205,-6.671914518588784,4.999078573758723,59.0,1258.1200000000013,45.76271186440678,62.71186440677966,30.630047206674703,5.055258261627374,-1.5245218968147678,63.713674680320814
0.03,0.1,0.35000000000000003,608.0,5852.859999999993,41.44736842105263,53.45394736842105,14.257672238651793,2.1516241814705195,-6.671914518588784,4.86584758730015,58.0,1299.6700000000012,46.55172413793103,63.793103448275865,31.954750419205286,5.319926657224853,-1.5245218968147678,68.63776078817605
0.03,0.1,0.4,605.0,5866.9999999999945,41.48760330578513,53.553719008264466,14.332002161403686,2.1653984888017956,-6.671914518588784,4.903899493826258,58.0,1299.6700000000012,46.55172413793103,63.793103448275865,31.954750419205286,5.319926657224853,-1.5245218968147678,68.63776078817605
0.03,0.1,0.45,599.0,5711.759999999994,40.90150250417362,53.08848080133556,14.00545333281022,2.118651725157885,-6.671914518588784,4.838250372480308,58.0,1299.6700000000012,46.55172413793103,63.793103448275865,31.954750419205286,5.319926657224853,-1.5245218968147678,68.63776078817605
0.03,0.1,0.5,587.0,5791.174999999994,40.88586030664395,53.15161839863713,14.38541411278011,2.177338272858123,-6.609677997408092,5.017137216712012,57.0,1243.300000000001,45.614035087719294,63.1578947368421,30.89028520034091,5.116150054555963,-1.532605612969351,64.41907721694243
0.03,0.15000000000000002,0.0,581.0,5828.514999999996,42.168674698795186,54.044750430292595,14.546184422233319,2.206425697415751,-6.671914518588784,5.057821573441228,57.0,1452.1300000000008,49.122807017543856,66.66666666666666,35.713442497159434,6.127098470310255,-1.496597452211168,81.09121634948708
0.03,0.15000000000000002,0.05,576.0,5762.214999999996,42.01388888888889,53.99305555555556,14.42976868907111,2.192505863820262,-6.671914518588784,5.063180527470523,57.0,1452.1300000000008,49.122807017543856,66.66666666666666,35.713442497159434,6.127098470310255,-1.496597452211168,81.09121634948708
0.03,0.15000000000000002,0.1,576.0,5762.214999999996,42.01388888888889,53.99305555555556,14.42976868907111,2.192505863820262,-6.671914518588784,5.063180527470523,57.0,1452.1300000000008,49.122807017543856,66.66666666666666,35.713442497159434,6.127098470310255,-1.496597452211168,81.09121634948708
0.03,0.15000000000000002,0.15000000000000002,571.0,5930.484999999995,42.20665499124343,54.290718038528894,14.942743485068295,2.265987217692492,-6.671914518588784,5.246014035328495,57.0,1452.1300000000008,49.122807017543856,66.66666666666666,35.713442497159434,6.127098470310255,-1.496597452211168,81.09121634948708
0.03,0.15000000000000002,0.2,567.0,5917.614999999996,42.151675485008816,54.32098765432099,14.966098998662867,2.2698981770449893,-6.671914518588784,5.282377818396699,56.0,1505.340000000001,50.0,67.85714285714286,37.5008407757558,6.270735927126959,-1.489318234481929,85.58071216379217
0.03,0.15000000000000002,0.25,566.0,5947.504999999996,42.226148409893995,54.416961130742045,15.052577044579879,2.2848316278441048,-6.671914518588784,5.3229945802083005,54.0,1295.8100000000013,48.148148148148145,66.66666666666666,33.86605266734273,5.6335091610056995,-1.5085447630775572,73.89224771740514
0.03,0.15000000000000002,0.30000000000000004,564.0,5930.684999999996,42.198581560283685,54.43262411347518,15.040681231194968,2.2814208993473577,-6.671914518588784,5.324993260495477,54.0,1295.8100000000013,48.148148148148145,66.66666666666666,33.86605266734273,5.6335091610056995,-1.5085447630775572,73.89224771740514
0.03,0.15000000000000002,0.35000000000000003,559.0,5719.309999999994,42.039355992844364,54.203935599284435,14.644669017436668,2.2119353281498433,-6.671914518588784,5.195256378576819,53.0,1337.3600000000013,49.056603773584904,67.9245283018868,35.32354471570487,5.936076654723366,-1.5085447630775572,79.88389645341171
0.03,0.15000000000000002,0.4,556.0,5733.449999999994,42.086330935251794,54.31654676258992,14.723945759114798,2.226751912109945,-6.671914518588784,5.2388371129551246,53.0,1337.3600000000013,49.056603773584904,67.9245283018868,35.32354471570487,5.936076654723366,-1.5085447630775572,79.88389645341171
0.03,0.15000000000000002,0.45,550.0,5578.209999999995,41.45454545454545,53.81818181818182,14.382141651800767,2.178109471054649,-6.671914518588784,5.169220953677045,53.0,1337.3600000000013,49.056603773584904,67.9245283018868,35.32354471570487,5.936076654723366,-1.5085447630775572,79.88389645341171
0.03,0.15000000000000002,0.5,538.0,5657.6249999999945,41.44981412639405,53.90334572490706,14.787101802535965,2.2407853761496748,-6.594765715986616,5.381722451823563,52.0,1280.9900000000011,48.07692307692308,67.3076923076923,34.21721826001018,5.71560109421667,-1.5164594910418328,74.97173524405375
0.03,0.2,0.0,531.0,6227.494999999997,44.06779661016949,54.80225988700565,16.903386651538877,2.5327694062047463,-6.671914518588784,5.8172885079096694,53.0,1468.2300000000007,50.943396226415096,67.9245283018868,38.27123486203141,6.275706998180003,-1.5020902314351159,87.94768085610644
0.03,0.2,0.05,526.0,6161.194999999996,43.91634980988593,54.752851711026615,16.785481739793756,2.5195454648549527,-6.671914518588784,5.8331315492748805,53.0,1468.2300000000007,50.943396226415096,67.9245283018868,38.27123486203141,6.275706998180003,-1.5020902314351159,87.94768085610644
0.03,0.2,0.1,526.0,6161.194999999996,43.91634980988593,54.752851711026615,16.785481739793756,2.5195454648549527,-6.671914518588784,5.8331315492748805,53.0,1468.2300000000007,50.943396226415096,67.9245283018868,38.27123486203141,6.275706998180003,-1.5020902314351159,87.94768085610644
0.03,0.2,0.15000000000000002,521.0,6329.464999999995,44.145873320537426,55.08637236084453,17.35967711014013,2.6048441094234396,-6.671914518588784,6.039301160996021,53.0,1468.2300000000007,50.943396226415096,67.9245283018868,38.27123486203141,6.275706998180003,-1.5020902314351159,87.94768085610644
0.03,0.2,0.2,517.0,6316.594999999996,44.10058027079304,55.12572533849129,17.394954396245936,2.6104754516553696,-6.671914518588784,6.086812589714868,52.0,1521.4400000000007,51.92307692307693,69.23076923076923,40.20219475910764,6.4240976614328495,-1.4947576144978547,92.86052860145554
0.03,0.2,0.25,516.0,6346.484999999995,44.18604651162791,55.23255813953488,17.491038112721746,2.6271746523186175,-6.671914518588784,6.133687111870506,50.0,1311.9100000000008,50.0,68.0,36.476394372462906,5.780294039134793,-1.5141257533804908,80.42998051535368
0.03,0.2,0.30000000000000004,514.0,6329.664999999995,44.16342412451362,55.252918287937746,17.483509250315496,2.6239740617516443,-6.671914518588784,6.13859343220315,50.0,1311.9100000000008,50.0,68.0,36.476394372462906,5.780294039134793,-1.5141257533804908,80.42998051535368
0.03,0.2,0.35000000000000003,509.0,6118.289999999995,44.00785854616896,55.0098231827112,17.0775352573818,2.5507859245729163,-6.671914518588784,6.005659775984826,49.0,1353.4600000000007,51.02040816326531,69.38775510204081,38.05755901415779,6.09398581332638,-1.5141257533804908,87.21404178008936
0.03,0.2,0.4,506.0,6132.429999999995,44.07114624505929,55.13833992094862,17.171758749786473,2.5666504876582876,-6.671914518588784,6.058649234219902,49.0,1353.4600000000007,51.02040816326531,69.38775510204081,38.05755901415779,6.09398581332638,-1.5141257533804908,87.21404178008936
0.03,0.2,0.45,500.0,5977.189999999996,43.4,54.6,16.80953047864438,2.515995415166549,-6.671914518588784,5.994063862083728,49.0,1353.4600000000007,51.02040816326531,69.38775510204081,38.05755901415779,6.09398581332638,-1.5141257533804908,87.21404178008936
0.03,0.2,0.5,488.0,6056.604999999995,43.44262295081967,54.713114754098356,17.288181699593032,2.592231144436407,-6.594765715986616,6.266216787162122,48.0,1297.0900000000006,50.0,68.75,36.91185593707494,5.867814796606389,-1.5220993068670086,81.80707407707422
0.03,0.25,0.0,489.0,5497.234999999996,43.967280163599185,54.805725971370144,15.954362084977932,2.367524011417662,-6.671914518588784,5.539593237702962,44.0,972.1700000000002,52.27272727272727,63.63636363636363,30.243931272418443,5.127740471387195,-1.556286804563889,63.54986107627622
0.03,0.25,0.05,484.0,5430.934999999996,43.80165289256198,54.75206611570248,15.8244948979889,2.3572123163150316,-6.671914518588784,5.568813774207307,44.0,972.1700000000002,52.27272727272727,63.63636363636363,30.243931272418443,5.127740471387195,-1.556286804563889,63.54986107627622
0.03,0.25,0.1,484.0,5430.934999999996,43.80165289256198,54.75206611570248,15.8244948979889,2.3572123163150316,-6.671914518588784,5.568813774207307,44.0,972.1700000000002,52.27272727272727,63.63636363636363,30.243931272418443,5.127740471387195,-1.556286804563889,63.54986107627622
0.03,0.25,0.15000000000000002,479.0,5599.2049999999945,44.05010438413361,55.11482254697286,16.431988467801773,2.4470474404490017,-6.671914518588784,5.790610951346053,44.0,972.1700000000002,52.27272727272727,63.63636363636363,30.243931272418443,5.127740471387195,-1.556286804563889,63.54986107627622
0.03,0.25,0.2,475.0,5586.3349999999955,44.0,55.1578947368421,16.465701459894877,2.4523212423291336,-6.671914518588784,5.837845608412281,43.0,1025.3800000000003,53.48837209302325,65.11627906976744,32.42287795808407,5.3178497893743915,-1.548416895069149,68.56241242909414
0.03,0.25,0.25,474.0,5616.224999999995,44.09282700421941,55.27426160337553,16.567763597869035,2.4697585056805504,-6.671914518588784,5.887773616093837,41.0,815.8500000000003,51.21951219512195,63.41463414634146,27.426756088951656,4.478035788384159,-1.5692102325644108,54.45436859234365
0.03,0.25,0.30000000000000004,472.0,5599.404999999995,44.06779661016949,55.29661016949152,16.55750366743321,2.4661258565751702,-6.671914518588784,5.891465159690337,41.0,815.8500000000003,51.21951219512195,63.41463414634146,27.426756088951656,4.478035788384159,-1.5692102325644108,54.45436859234365
0.03,0.25,0.35000000000000003,467.0,5388.029999999994,43.897216274089935,55.0321199143469,16.112125173889158,2.3875075811611577,-6.671914518588784,5.739724940791562,40.0,857.4000000000002,52.5,65.0,29.218920392584522,4.823304409161751,-1.5692102325644108,60.649324446342845
0.03,0.25,0.4,464.0,5402.169999999995,43.96551724137931,55.172413793103445,16.209784376444023,2.4036760055104307,-6.671914518588784,5.79456718253642,40.0,857.4000000000002,52.5,65.0,29.218920392584522,4.823304409161751,-1.5692102325644108,60.649324446342845
0.03,0.25,0.45,458.0,5246.929999999994,43.23144104803494,54.58515283842795,15.81704079024158,2.348976149482463,-6.671914518588784,5.716046083692893,40.0,857.4000000000002,52.5,65.0,29.218920392584522,4.823304409161751,-1.5692102325644108,60.649324446342845
0.03,0.25,0.5,446.0,5326.344999999995,43.27354260089686,54.7085201793722,16.314705164344833,2.4247638772623143,-6.594765715986616,5.994584179635352,39.0,801.0300000000002,51.28205128205128,64.1025641025641,27.697462371242747,4.542051795279227,-1.5777761422971492,55.194911269767395
0.03,0.30000000000000004,0.0,442.0,4287.779999999996,43.89140271493213,53.16742081447964,13.748079803233322,1.9523778060206303,-7.776036301558731,4.07025615133628,41.0,794.2949999999997,51.21951219512195,60.97560975609756,27.137571235291695,4.4784673068593746,-1.556286804563889,55.34905784695525
0.03,0.30000000000000004,0.05,437.0,4221.479999999996,43.7070938215103,53.08924485125858,13.59486873796574,1.9382446081625566,-7.836017963247521,4.049685422651585,41.0,794.2949999999997,51.21951219512195,60.97560975609756,27.137571235291695,4.4784673068593746,-1.556286804563889,55.34905784695525
0.03,0.30000000000000004,0.1,437.0,4221.479999999996,43.7070938215103,53.08924485125858,13.59486873796574,1.9382446081625566,-7.836017963247521,4.049685422651585,41.0,794.2949999999997,51.21951219512195,60.97560975609756,27.137571235291695,4.4784673068593746,-1.556286804563889,55.34905784695525
0.03,0.30000000000000004,0.15000000000000002,432.0,4389.7499999999945,43.98148148148148,53.47222222222222,14.249085604552677,2.0338546245464393,-7.231119483603732,4.606240576271307,41.0,794.2949999999997,51.21951219512195,60.97560975609756,27.137571235291695,4.4784673068593746,-1.556286804563889,55.34905784695525
0.03,0.30000000000000004,0.2,428.0,4376.879999999996,43.925233644859816,53.50467289719626,14.275859437149744,2.042476417966843,-7.237772648780161,4.6561417959556755,40.0,847.5049999999998,52.5,62.5,29.47833224927912,4.692159114104386,-1.548416895069149,60.5329907014951
0.03,0.30000000000000004,0.25,427.0,4406.769999999995,44.02810304449648,53.62997658079626,14.386765965671048,2.0602271980130267,-7.222339730751326,4.714131455083522,38.0,637.9749999999998,50.0,60.526315789473685,23.741784946076486,3.760894646252121,-1.5692102325644108,45.34586146149245
0.03,0.30000000000000004,0.30000000000000004,425.0,4389.949999999995,44.0,53.64705882352941,14.369655916470418,2.0557490070792332,-6.986475836716089,4.873197310263326,38.0,637.9749999999998,50.0,60.526315789473685,23.741784946076486,3.760894646252121,-1.5692102325644108,45.34586146149245
0.03,0.30000000000000004,0.35000000000000003,420.0,4178.574999999995,43.80952380952381,53.333333333333336,13.848699418852236,1.9697859960466964,-7.082380834501512,4.633997830879668,37.0,679.5249999999997,51.35135135135135,62.16216216216216,25.672581784660473,4.109895810935206,-1.5692102325644108,51.42960371944947
0.03,0.30000000000000004,0.4,417.0,4192.714999999995,43.884892086330936,53.47721822541966,13.94837320572569,1.985151467866132,-6.928045138122219,4.788264935150943,37.0,679.5249999999997,51.35135135135135,62.16216216216216,25.672581784660473,4.109895810935206,-1.5692102325644108,51.42960371944947
0.03,0.30000000000000004,0.45,411.0,4037.474999999995,43.06569343065693,52.798053527980535,13.5010708965268,1.9275687877988017,-6.980379529137992,4.668232364076629,37.0,679.5249999999997,51.35135135135135,62.16216216216216,25.672581784660473,4.109895810935206,-1.5692102325644108,51.42960371944947
0.03,0.30000000000000004,0.5,399.0,4116.889999999995,43.10776942355889,52.88220551378446,14.012693109396531,2.000710020695968,-6.953335697719243,4.887365629929106,36.0,623.1549999999997,50.0,61.111111111111114,23.92553828669716,3.8036066943084834,-1.5777761422971492,45.82308253826211
0.03,0.35000000000000003,0.0,396.0,4412.394999999998,44.696969696969695,53.28282828282829,15.86850531126566,2.259891547941077,-7.594080107195699,4.806689553259476,35.0,209.92499999999978,42.857142857142854,54.285714285714285,8.677849935306243,1.3312612446980125,-3.8104029397643013,5.615602188811616
0.03,0.35000000000000003,0.05,391.0,4346.0949999999975,44.50127877237852,53.196930946291566,15.707003920159847,2.2465562632896052,-7.652661300819775,4.794057299662858,35.0,209.92499999999978,42.857142857142854,54.285714285714285,8.677849935306243,1.3312612446980125,-3.8104029397643013,5.615602188811616
0.03,0.35000000000000003,0.1,391.0,4346.0949999999975,44.50127877237852,53.196930946291566,15.707003920159847,2.2465562632896052,-7.652661300819775,4.794057299662858,35.0,209.92499999999978,42.857142857142854,54.285714285714285,8.677849935306243,1.3312612446980125,-3.8104029397643013,5.615602188811616
0.03,0.35000000000000003,0.15000000000000002,386.0,4514.364999999996,44.81865284974093,53.626943005181346,16.460753720507753,2.3577671646382576,-7.047965234633391,5.468158999768662,35.0,209.92499999999978,42.857142857142854,54.285714285714285,8.677849935306243,1.3312612446980125,-3.8104029397643013,5.615602188811616
0.03,0.35000000000000003,0.2,382.0,4501.494999999997,44.76439790575916,53.66492146596858,16.502841762079445,2.3699370631887446,-7.054450225097552,5.5379833381758194,34.0,263.1349999999998,44.11764705882353,55.88235294117647,11.115969212311688,1.6288285063107257,-3.7911661218252957,7.235914595248943
0.03,0.35000000000000003,0.25,381.0,4531.384999999997,44.881889763779526,53.805774278215225,16.62985118446886,2.3906566803879934,-7.039407412057819,5.609150126630593,32.0,53.604999999999905,40.625,53.125,2.4597234904625735,0.36160482177316944,-3.8680630208315803,1.4314143866290907
0.03,0.35000000000000003,0.30000000000000004,379.0,4514.564999999997,44.854881266490764,53.825857519788926,16.61726403787996,2.3861443134213727,-6.802828511128656,5.8071932116364655,32.0,53.604999999999905,40.625,53.125,2.4597234904625735,0.36160482177316944,-3.8680630208315803,1.4314143866290907
0.03,0.35000000000000003,0.35000000000000003,374.0,4303.189999999995,44.6524064171123,53.475935828877006,16.06217500540295,2.2911547262202525,-6.896217521807624,5.533868973615456,31.0,95.15499999999987,41.935483870967744,54.83870967741935,4.448449318859679,0.6576395096555833,-3.8680630208315803,2.7029709576744883
0.03,0.35000000000000003,0.4,371.0,4317.329999999996,44.74393530997305,53.63881401617251,16.18396504200873,2.3100916075878755,-6.74177013732693,5.7270062740637115,31.0,95.15499999999987,41.935483870967744,54.83870967741935,4.448449318859679,0.6576395096555833,-3.8680630208315803,2.7029709576744883
0.03,0.35000000000000003,0.45,365.0,4162.0899999999965,43.83561643835616,52.87671232876713,15.692599112531438,2.247564266074624,-6.792700148167796,5.600601770643106,31.0,95.15499999999987,41.935483870967744,54.83870967741935,4.448449318859679,0.6576395096555833,-3.8680630208315803,2.7029709576744883
0.03,0.35000000000000003,0.5,353.0,4241.504999999996,43.90934844192634,52.97450424929179,16.315049523992673,2.3371613558545734,-6.766382026010631,5.880442703016863,30.0,38.78499999999987,40.0,53.333333333333336,1.849785141625286,0.2723598773097549,-3.8892860671227436,1.0665919646023487
0.03,0.4,0.0,367.0,3848.9649999999992,43.869209809264305,52.31607629427793,15.0699217053872,2.1135654533655788,-9.0820558751717,3.81227312382831,31.0,362.5049999999997,41.935483870967744,54.83870967741935,16.69214582057456,2.6689970117857293,-3.744016745849965,12.745724419779732
0.03,0.4,0.05,362.0,3782.664999999998,43.646408839779006,52.20994475138122,14.889738081938987,2.0978056199272417,-9.152878498193108,3.7978293317894587,31.0,362.5049999999997,41.935483870967744,54.83870967741935,16.69214582057456,2.6689970117857293,-3.744016745849965,12.745724419779732
0.03,0.4,0.1,362.0,3782.664999999998,43.646408839779006,52.20994475138122,14.889738081938987,2.0978056199272417,-9.152878498193108,3.7978293317894587,31.0,362.5049999999997,41.935483870967744,54.83870967741935,16.69214582057456,2.6689970117857293,-3.744016745849965,12.745724419779732
0.03,0.4,0.15000000000000002,357.0,3950.934999999997,43.977591036414566,52.66106442577031,15.703401545484956,2.2146121140323856,-8.53966772049648,4.305029751102823,31.0,362.5049999999997,41.935483870967744,54.83870967741935,16.69214582057456,2.6689970117857293,-3.744016745849965,12.745724419779732
0.03,0.4,0.2,353.0,3938.064999999998,43.90934844192634,52.69121813031161,15.74482214601821,2.2264298678274868,-8.547610813772044,4.362952560691336,30.0,415.71499999999975,43.333333333333336,56.666666666666664,19.611048212095472,2.983034812079815,-3.72544275644352,15.09799295888587
0.03,0.4,0.25,352.0,3967.954999999997,44.034090909090914,52.84090909090909,15.882480320791302,2.2483347436044774,-8.529185977288467,4.4249017679534095,28.0,206.18499999999977,39.285714285714285,53.57142857142857,10.67248813362802,1.6220095653287852,-3.799670507575237,7.303290044019469
0.03,0.4,0.30000000000000004,350.0,3951.1349999999984,44.0,52.85714285714286,15.866329834909063,2.243215623238088,-8.295810973457751,4.550431510102502,28.0,206.18499999999977,39.285714285714285,53.57142857142857,10.67248813362802,1.6220095653287852,-3.799670507575237,7.303290044019469
0.03,0.4,0.35000000000000003,345.0,3739.7599999999975,43.768115942028984,52.46376811594203,15.248424602098616,2.1401250685261353,-8.410954962572815,4.306628193788921,27.0,247.7349999999998,40.74074074074074,55.55555555555556,13.09603104119089,2.009635906478485,-3.799670507575237,9.505215275195132
0.03,0.4,0.4,342.0,3753.8999999999974,43.859649122807014,52.63157894736842,15.377708119719907,2.163212698227583,-8.255649733073955,4.464302944407709,27.0,247.7349999999998,40.74074074074074,55.55555555555556,13.09603104119089,2.009635906478485,-3.799670507575237,9.505215275195132
0.03,0.4,0.45,336.0,3598.6599999999976,42.857142857142854,51.78571428571429,14.835338567485723,2.0945159996020113,-8.318711513656229,4.346014092697509,27.0,247.7349999999998,40.74074074074074,55.55555555555556,13.09603104119089,2.009635906478485,-3.799670507575237,9.505215275195132
0.03,0.4,0.5,324.0,3678.0749999999975,42.901234567901234,51.85185185185185,15.498234046372389,2.187772497983517,-8.286122973849096,4.587220241561726,26.0,191.3649999999998,38.46153846153847,53.84615384615385,10.347689728823633,1.5772133100245738,-3.8201476987381633,7.061969603671325
0.03,0.45,0.0,326.0,3356.324999999999,43.558282208588956,52.14723926380368,14.979848787803045,2.088215021899712,-8.060417445330758,4.281336878655805,28.0,204.39499999999936,42.857142857142854,53.57142857142857,10.284749617583094,1.635083930950265,-3.7901017052042962,7.2508585474969
0.03,0.45,0.05,321.0,3290.024999999999,43.30218068535825,52.024922118380054,14.773747833349795,2.0698577573999315,-8.126266533816729,4.262331080846258,28.0,204.39499999999936,42.857142857142854,53.57142857142857,10.284749617583094,1.635083930950265,-3.7901017052042962,7.2508585474969
0.03,0.45,0.1,321.0,3290.024999999999,43.30218068535825,52.024922118380054,14.773747833349795,2.0698577573999315,-8.126266533816729,4.262331080846258,28.0,204.39499999999936,42.857142857142854,53.57142857142857,10.284749617583094,1.635083930950265,-3.7901017052042962,7.2508585474969
0.03,0.45,0.15000000000000002,316.0,3458.294999999998,43.67088607594937,52.53164556962025,15.701943687589747,2.2021610220254138,-7.48528165394614,4.937013588944455,28.0,204.39499999999936,42.857142857142854,53.57142857142857,10.284749617583094,1.635083930950265,-3.7901017052042962,7.2508585474969
0.03,0.45,0.2,312.0,3445.4249999999984,43.58974358974359,52.56410256410257,15.74929034086493,2.215328731753319,-7.492575452145045,5.0118091610324536,27.0,257.6049999999994,44.44444444444444,55.55555555555556,13.309824588596937,2.000932605247035,-3.7710688108222645,9.464476230479107
0.03,0.45,0.25,311.0,3475.3149999999982,43.729903536977496,52.73311897106109,15.90670771979818,2.240180106572741,-7.4756577111015465,5.092650189590918,25.0,48.07499999999946,40.0,52.0,2.750947023884427,0.41563121236702516,-3.8471444161863544,1.707150513705127
0.03,0.45,0.30000000000000004,309.0,3458.494999999998,43.689320388349515,52.75080906148867,15.8883208154531,2.234299007971615,-7.226867746727428,5.268614869128528,25.0,48.07499999999946,40.0,52.0,2.750947023884427,0.41563121236702516,-3.8471444161863544,1.707150513705127
0.03,0.45,0.35000000000000003,304.0,3247.119999999998,43.42105263157895,52.30263157894737,15.180239396665044,2.1167449889470276,-7.332028219997799,4.946219866859399,24.0,89.62499999999946,41.66666666666667,54.166666666666664,5.249424540071308,0.7997476187317567,-3.8471444161863544,3.4584959012832845
0.03,0.45,0.4,301.0,3261.259999999998,43.521594684385384,52.49169435215947,15.328207104652135,2.1427888972904148,-7.16856889644496,5.159964097950129,24.0,89.62499999999946,41.66666666666667,54.166666666666664,5.249424540071308,0.7997476187317567,-3.8471444161863544,3.4584959012832845
0.03,0.45,0.45,295.0,3106.0199999999977,42.3728813559322,51.52542372881356,14.704974472404432,2.063988150688362,-7.225999036026398,4.999774670746009,24.0,89.62499999999946,41.66666666666667,54.166666666666664,5.249424540071308,0.7997476187317567,-3.8471444161863544,3.4584959012832845
0.03,0.45,0.5,283.0,3185.4349999999977,42.40282685512368,51.590106007067135,15.465446366019298,2.174521178710102,-7.196315464221148,5.348624998443986,23.0,33.25499999999947,39.130434782608695,52.17391304347826,1.9972972972972656,0.30276535147765526,-3.8681379104717473,1.2299684105149609
0.03,0.5,0.0,293.0,3055.5700000000015,44.027303754266214,51.877133105802045,14.894030825623686,2.0514164202447773,-7.28816858535869,4.875163792413044,26.0,200.63999999999936,46.15384615384615,53.84615384615385,10.86843473738946,1.617561884870267,-3.7914521058509454,7.100103815711543
0.03,0.5,0.05,288.0,2989.270000000001,43.75,51.736111111111114,14.668240166444223,2.0317993612341043,-7.348913836376902,4.855126499692548,26.0,200.63999999999936,46.15384615384615,53.84615384615385,10.86843473738946,1.617561884870267,-3.7914521058509454,7.100103815711543
0.03,0.5,0.1,288.0,2989.270000000001,43.75,51.736111111111114,14.668240166444223,2.0317993612341043,-7.348913836376902,4.855126499692548,26.0,200.63999999999936,46.15384615384615,53.84615384615385,10.86843473738946,1.617561884870267,-3.7914521058509454,7.100103815711543
0.03,0.5,0.15000000000000002,283.0,3157.5399999999995,44.16961130742049,52.29681978798587,15.68229147783175,2.1744648008250413,-6.696046868392569,5.728033136329535,26.0,200.63999999999936,46.15384615384615,53.84615384615385,10.86843473738946,1.617561884870267,-3.7914521058509454,7.100103815711543
0.03,0.5,0.2,279.0,3144.67,44.086021505376344,52.32974910394266,15.733970430040277,2.189007851565783,-6.702703621281381,5.826506361526861,25.0,253.8499999999994,48.0,56.00000000000001,14.148603532552624,1.9861516195412847,-3.772405680417079,9.303432157220238
0.03,0.5,0.25,278.0,3174.5599999999995,44.24460431654676,52.51798561151079,15.906274755222366,2.2160023801574327,-6.687263888482176,5.9303341281411095,23.0,44.31999999999945,43.47826086956522,52.17391304347826,2.7591359023843283,0.3864073857119496,-3.848535778438067,1.5696000475504248
0.03,0.5,0.30000000000000004,276.0,3157.74,44.20289855072464,52.53623188405797,15.886137625123695,2.2167588784867727,-6.671914518588784,5.979176491190158,23.0,44.31999999999945,43.47826086956522,52.17391304347826,2.7591359023843283,0.3864073857119496,-3.848535778438067,1.5696000475504248
0.03,0.5,0.35000000000000003,271.0,2946.3649999999993,43.91143911439114,52.02952029520295,15.109378140986982,2.089025354167295,-6.671914518588784,5.66405646013171,22.0,85.86999999999945,45.45454545454545,54.54545454545454,5.4832221193448145,0.7727574529795319,-3.848535778438067,3.3042187558695146
0.03,0.5,0.4,268.0,2960.504999999999,44.02985074626866,52.23880597014925,15.271355617455892,2.1176032748325695,-6.671914518588784,5.792162385068116,22.0,85.86999999999945,45.45454545454545,54.54545454545454,5.4832221193448145,0.7727574529795319,-3.848535778438067,3.3042187558695146
0.03,0.5,0.45,262.0,2805.2649999999994,42.74809160305343,51.14503816793893,14.586414129754303,2.0323268276007473,-6.671914518588784,5.643193772412814,22.0,85.86999999999945,45.45454545454545,54.54545454545454,5.4832221193448145,0.7727574529795319,-3.848535778438067,3.3042187558695146
0.03,0.5,0.5,250.0,2884.68,42.8,51.2,15.420398130958024,2.152774705672642,-6.594765715986616,6.134817989792019,21.0,29.499999999999442,42.857142857142854,52.38095238095239,1.9360512430104904,0.2709779244826134,-3.8695445019890973,1.0880182016606461
